[   0.000] === session start, version=0.6.0 side=B ===
[   0.000] taps installed; out=C:\Users\tbend\mame\PuyoPuyo2\run_purist_exercise_20260911_01\B_to_A.bin in=C:\Users\tbend\mame\PuyoPuyo2\run_purist_exercise_20260911_01\A_to_B.bin
[   0.000] SERVICE port fields: Coin 1 | Service 1 | Coin 2 | 1 Player Start | Service Mode | 2 Players Start
[   0.017] [peer-reset] old=0 new=1 local=0 queued_rx=0
[   0.017] [link-state] data=0000 mask=ffff pc=0181ec watchdog=239 expect=4f rxhead=00ed rxtail=00ed rxpend=0000
[   0.017] [protection-state] address=ffa020 data=ff00 mask=ffff pc=000932
[   0.017]   [menu-state] write $ffa172 = 0000 mask=ffff (pc=019320)
[   0.017]   [menu-state] write $ffa170 = 0000 mask=ffff (pc=019320)
[   0.017]   [menu-state] write $ffa17c = 0000 mask=ff00 (pc=019326)
[   0.017]   [menu-state] write $ffa17f = 0000 mask=00ff (pc=01932c)
[   0.017]   [menu-state] write $ffa176 = 0000 mask=ff00 (pc=01afde)
[   0.017]   [header-byte] write $ffa513 = 00 mask=00ff (pc=01afe6)
[   0.017] [protection-checksum] data=0000 mask=ff00 pc=00040e
[   0.017] [protection-checksum] data=0000 mask=00ff pc=000414
[   0.018] [protection-state] address=ffa020 data=0000 mask=ff00 pc=000948
[   0.027]   [menu-state] write $ffa170 = 0000 mask=ff00 (pc=018062)
[   0.027]   [menu-state] write $ffa176 = 0000 mask=ff00 (pc=01afde)
[   0.027]   [header-byte] write $ffa513 = 00 mask=00ff (pc=01afe6)
[   0.162] CONTROL reset pulse start (pc=01823e, prev_bank=cmd)
[   0.162] [reset] discarded tx=0 rx=0
[   0.162] [epoch-reset] local=1 peer=1 queued_rx=0
[   0.401] [link-state] data=7f7f mask=ff00 pc=018334 watchdog=239 expect=4f rxhead=0000 rxtail=0000 rxpend=0000
[   0.418] [epoch-ready] local=1 peer=1
[   0.418] CMD $FE -> cabinet role=2 (ROM linkflag=82)
[   0.418] [link-state] data=8282 mask=ff00 pc=018358 watchdog=239 expect=4f rxhead=0000 rxtail=0000 rxpend=0000
[   0.418]   [header-byte] write $ffa513 = 00 mask=00ff (pc=01afe6)
[   0.435]   [menu-state] write $ffa173 = 8080 mask=00ff (pc=01939c)
[   0.435]   [menu-state] write $ffa171 = 8080 mask=00ff (pc=019466)
[   0.435]   [header-byte] write $ffa513 = 00 mask=00ff (pc=019e4a)
[   0.435]   [header-byte] write $ffa513 = 10 mask=00ff (pc=019e5a)
[   0.435]   [header-byte] write $ffa513 = 00 mask=00ff (pc=01afe6)
[   0.435]   [header-byte] write $ffa513 = 10 mask=00ff (pc=01affe)
[   0.451]   [menu-state] write $ffa171 = 0000 mask=00ff (pc=019466)
[   0.451]   [header-byte] write $ffa513 = 00 mask=00ff (pc=019e4a)
[   0.451]   [header-byte] write $ffa513 = 00 mask=00ff (pc=01afe6)
[   0.468]   [header-byte] write $ffa517 = 13 mask=00ff (pc=018446)
[   0.468] [packet-accepted] total=1 seq=00 flags=00 status=13 pc=01845e
[   0.485]   [menu-state] write $ffa171 = 8080 mask=00ff (pc=019466)
[   0.485]   [header-byte] write $ffa513 = 00 mask=00ff (pc=019e4a)
[   0.485]   [header-byte] write $ffa513 = 10 mask=00ff (pc=019e5a)
[   0.485]   [header-byte] write $ffa513 = 00 mask=00ff (pc=01afe6)
[   0.485]   [header-byte] write $ffa513 = 10 mask=00ff (pc=01affe)
[   0.969]   [header-byte] write $ffa517 = 13 mask=00ff (pc=018446)
[   0.969] [packet-accepted] total=2 seq=01 flags=00 status=13 pc=01845e
[   1.001] heartbeat frame=60 tx=12 rx=6 fc=1 fd=10 fe=1 linkflag=82 pc=000288 a502=00 a524=0003 a525=03 a170=00 a17f=00 txtail=000c rxpend=0000
[   1.001] [transport] captured=12 flushed=12 received=6 accepted=2 payload2=0 payload3=0 payload4=0 payload5=0 pump_reads=36 bursts=4 txcredit=0 outq=0 inq=0 watchdog=1 txseq=05 rxseq=02 rxcredit=0 protection=00 checks=0000
[   1.001] [epochs] local=1 peer=1 ready=true discarded_rx=0
[   1.001] [game-state] a142=02 a13e=01 a13f=01 a530=f801 a506=00 a507=00 a508=00 a7b0=0000 a7a6=0000 script=019f80
[   1.001] [tcb-continuations] ffa580=ff80->018392 sleep=0 local26=7710 ffa5c0=ff80->01853c sleep=0 local26=0000 ffd100=ff80->01b388 sleep=129 local26=0000
[   1.469]   [header-byte] write $ffa517 = 13 mask=00ff (pc=018446)
[   1.469] [packet-accepted] total=3 seq=02 flags=00 status=13 pc=01845e
[   1.970]   [header-byte] write $ffa517 = 13 mask=00ff (pc=018446)
[   1.970] [packet-accepted] total=4 seq=03 flags=00 status=13 pc=01845e
[   2.003] heartbeat frame=120 tx=18 rx=12 fc=1 fd=10 fe=1 linkflag=82 pc=00028a a502=00 a524=0003 a525=03 a170=00 a17f=00 txtail=0012 rxpend=0000
[   2.003] [transport] captured=18 flushed=18 received=12 accepted=4 payload2=0 payload3=0 payload4=0 payload5=0 pump_reads=98 bursts=6 txcredit=0 outq=0 inq=0 watchdog=1 txseq=07 rxseq=04 rxcredit=0 protection=00 checks=0000
[   2.003] [epochs] local=1 peer=1 ready=true discarded_rx=0
[   2.003] [tcb-continuations] ffa580=ff80->018392 sleep=0 local26=7710 ffa5c0=ff80->01853c sleep=0 local26=0000 ffd100=ff80->01b388 sleep=69 local26=0000
[   2.471]   [header-byte] write $ffa517 = 13 mask=00ff (pc=018446)
[   2.971]   [header-byte] write $ffa517 = 13 mask=00ff (pc=018446)
[   3.004] heartbeat frame=180 tx=24 rx=18 fc=1 fd=10 fe=1 linkflag=82 pc=00028a a502=00 a524=0003 a525=03 a170=00 a17f=00 txtail=0018 rxpend=0000
[   3.004] [transport] captured=24 flushed=24 received=18 accepted=6 payload2=0 payload3=0 payload4=0 payload5=0 pump_reads=160 bursts=8 txcredit=0 outq=0 inq=0 watchdog=1 txseq=09 rxseq=06 rxcredit=0 protection=00 checks=0000
[   3.004] [epochs] local=1 peer=1 ready=true discarded_rx=0
[   3.004] [tcb-continuations] ffa580=ff80->018392 sleep=0 local26=7710 ffa5c0=ff80->01853c sleep=0 local26=0000 ffd100=ff80->01b388 sleep=9 local26=0000
[   3.262]   [menu-state] write $ffa170 = 0909 mask=ff00 (pc=018062)
[   3.262]   [menu-state] write $ffa176 = 0000 mask=ff00 (pc=01afde)
[   3.262]   [header-byte] write $ffa513 = 00 mask=00ff (pc=01afe6)
[   3.262]   [header-byte] write $ffa513 = 10 mask=00ff (pc=01affe)
[   3.262]   [header-byte] write $ffa513 = 11 mask=00ff (pc=01b034)
[   3.294] [protection-checksum] data=0101 mask=00ff pc=01b0bc
[   3.294] [protection-checksum] data=0000 mask=00ff pc=01b11a
[   3.479]   [menu-state] write $ffa170 = 0808 mask=ff00 (pc=018062)
[   3.479]   [menu-state] write $ffa176 = 0000 mask=ff00 (pc=01afde)
[   3.479]   [header-byte] write $ffa513 = 00 mask=00ff (pc=01afe6)
[   3.479]   [header-byte] write $ffa513 = 10 mask=00ff (pc=01affe)
[   3.479]   [header-byte] write $ffa513 = 11 mask=00ff (pc=01b034)
[   3.479] [game-command] data=0303 mask=ff00 pc=0188d8 requests=80
[   3.479]   [header-byte] write $ffa517 = 13 mask=00ff (pc=018446)
[   3.506]   [header-byte] write $ffa513 = 13 mask=00ff (pc=0189b4)
[   3.506]   [menu-state] write $ffa17f = 0000 mask=00ff (pc=0189c2)
[   3.589]   [header-byte] write $ffa517 = 13 mask=00ff (pc=018446)
[   3.589] [packet-accepted] total=8 seq=07 flags=04 status=13 pc=01845e command=13 arg=01
[   3.635]   [header-byte] write $ffa517 = 13 mask=00ff (pc=018446)
[   3.635] [packet-accepted] total=9 seq=08 flags=04 status=13 pc=01845e command=13 arg=01
[   3.635]   [header-byte] write $ffa517 = 13 mask=00ff (pc=018446)
[   3.635] [packet-accepted] total=10 seq=09 flags=04 status=13 pc=01845e command=13 arg=01
[   3.639]   [header-byte] write $ffa517 = 13 mask=00ff (pc=018446)
[   3.639] [packet-accepted] total=11 seq=0a flags=04 status=13 pc=01845e command=13 arg=01
[   3.656]   [header-byte] write $ffa517 = 13 mask=00ff (pc=018446)
[   3.656] [packet-accepted] total=12 seq=0b flags=04 status=13 pc=01845e command=13 arg=01
[   3.672]   [header-byte] write $ffa517 = 13 mask=00ff (pc=018446)
[   3.672] [packet-accepted] total=13 seq=0c flags=04 status=13 pc=01845e command=13 arg=01
[   3.701]   [header-byte] write $ffa517 = 13 mask=00ff (pc=018446)
[   3.701] [packet-accepted] total=14 seq=0d flags=04 status=13 pc=01845e command=13 arg=01
[   3.706]   [header-byte] write $ffa517 = 13 mask=00ff (pc=018446)
[   3.706] [packet-accepted] total=15 seq=0e flags=04 status=13 pc=01845e command=13 arg=01
[   3.722]   [header-byte] write $ffa517 = 13 mask=00ff (pc=018446)
[   3.722] [packet-accepted] total=16 seq=0f flags=04 status=13 pc=01845e command=13 arg=01
[   3.739]   [header-byte] write $ffa517 = 13 mask=00ff (pc=018446)
[   3.739] [packet-accepted] total=17 seq=10 flags=04 status=13 pc=01845e command=13 arg=01
[   3.784]   [header-byte] write $ffa517 = 13 mask=00ff (pc=018446)
[   3.784] [packet-accepted] total=18 seq=11 flags=04 status=13 pc=01845e command=13 arg=01
[   3.784]   [header-byte] write $ffa517 = 13 mask=00ff (pc=018446)
[   3.784] [packet-accepted] total=19 seq=12 flags=04 status=13 pc=01845e command=13 arg=01
[   3.789]   [header-byte] write $ffa517 = 13 mask=00ff (pc=018446)
[   3.789] [packet-accepted] total=20 seq=13 flags=04 status=13 pc=01845e command=13 arg=01
[   3.806]   [header-byte] write $ffa517 = 13 mask=00ff (pc=018446)
[   3.806] [packet-accepted] total=21 seq=14 flags=04 status=13 pc=01845e command=13 arg=01
[   3.822]   [header-byte] write $ffa517 = 13 mask=00ff (pc=018446)
[   3.822] [packet-accepted] total=22 seq=15 flags=04 status=13 pc=01845e command=13 arg=01
[   3.864]   [header-byte] write $ffa517 = 13 mask=00ff (pc=018446)
[   3.864] [packet-accepted] total=23 seq=16 flags=04 status=13 pc=01845e command=13 arg=01
[   3.864]   [header-byte] write $ffa517 = 13 mask=00ff (pc=018446)
[   3.864] [packet-accepted] total=24 seq=17 flags=04 status=13 pc=01845e command=13 arg=01
[   3.873]   [header-byte] write $ffa517 = 13 mask=00ff (pc=018446)
[   3.873] [packet-accepted] total=25 seq=18 flags=04 status=13 pc=01845e command=13 arg=01
[   3.889]   [header-byte] write $ffa517 = 13 mask=00ff (pc=018446)
[   3.889] [packet-accepted] total=26 seq=19 flags=04 status=13 pc=01845e command=13 arg=01
[   3.906]   [header-byte] write $ffa517 = 13 mask=00ff (pc=018446)
[   3.906] [packet-accepted] total=27 seq=1a flags=04 status=13 pc=01845e command=13 arg=01
[   4.005] heartbeat frame=240 tx=33 rx=146 fc=1 fd=10 fe=1 linkflag=82 pc=001edc a502=00 a524=0000 a525=00 a170=08 a17f=00 txtail=0021 rxpend=0019
[   4.005] [transport] captured=33 flushed=33 received=146 accepted=27 payload2=20 payload3=0 payload4=0 payload5=0 pump_reads=246 bursts=11 txcredit=0 outq=0 inq=0 watchdog=0 txseq=0b rxseq=1b rxcredit=5 protection=00 checks=0000
[   4.005] [epochs] local=1 peer=1 ready=true discarded_rx=0
[   4.005] [game-state] a142=04 a13e=00 a13f=00 a530=0301 a506=03 a507=00 a508=01 a7b0=0000 a7a6=1301 script=01a39e
[   4.005] [tcb-continuations] ffa580=ff80->018392 sleep=0 local26=7710 ffa5c0=ff80->01853c sleep=0 local26=1300 ffd040=ff80->0189c6 sleep=0 local26=0300
[   4.084]   [header-byte] write $ffa517 = 13 mask=00ff (pc=018446)
[   4.084] [packet-accepted] total=28 seq=1b flags=04 status=13 pc=01845e command=13 arg=01
[   4.084]   [header-byte] write $ffa517 = 13 mask=00ff (pc=018446)
[   4.084] [packet-accepted] total=29 seq=1c flags=04 status=13 pc=01845e command=13 arg=01
[   4.084]   [header-byte] write $ffa517 = 13 mask=00ff (pc=018446)
[   4.084] [packet-accepted] total=30 seq=1d flags=04 status=13 pc=01845e command=13 arg=01
[   4.084]   [header-byte] write $ffa517 = 13 mask=00ff (pc=018446)
[   4.084] [packet-accepted] total=31 seq=1e flags=04 status=13 pc=01845e command=13 arg=01
[   4.084]   [header-byte] write $ffa517 = 13 mask=00ff (pc=018446)
[   4.084] [packet-accepted] total=32 seq=1f flags=04 status=13 pc=01845e command=13 arg=01
[   4.084]   [header-byte] write $ffa517 = 13 mask=00ff (pc=018446)
[   4.084] [packet-accepted] total=33 seq=20 flags=04 status=13 pc=01845e command=13 arg=01
[   4.084]   [header-byte] write $ffa517 = 13 mask=00ff (pc=018446)
[   4.084] [packet-accepted] total=34 seq=21 flags=04 status=13 pc=01845e command=13 arg=01
[   4.084]   [header-byte] write $ffa517 = 13 mask=00ff (pc=018446)
[   4.084] [packet-accepted] total=35 seq=22 flags=04 status=13 pc=01845e command=13 arg=01
[   4.084]   [header-byte] write $ffa517 = 13 mask=00ff (pc=018446)
[   4.084] [packet-accepted] total=36 seq=23 flags=04 status=13 pc=01845e command=13 arg=01
[   4.084]   [header-byte] write $ffa517 = 13 mask=00ff (pc=018446)
[   4.084] [packet-accepted] total=37 seq=24 flags=04 status=13 pc=01845e command=13 arg=01
[   4.089]   [header-byte] write $ffa517 = 13 mask=00ff (pc=018446)
[   4.089] [packet-accepted] total=38 seq=25 flags=04 status=13 pc=01845e command=13 arg=01
[   4.106]   [header-byte] write $ffa517 = 13 mask=00ff (pc=018446)
[   4.106] [packet-accepted] total=39 seq=26 flags=04 status=13 pc=01845e command=13 arg=01
[   4.123]   [header-byte] write $ffa517 = 13 mask=00ff (pc=018446)
[   4.123] [packet-accepted] total=40 seq=27 flags=04 status=13 pc=01845e command=13 arg=01
[   4.139]   [header-byte] write $ffa517 = 13 mask=00ff (pc=018446)
[   4.140] [packet-accepted] total=41 seq=28 flags=04 status=13 pc=01845e command=13 arg=01
[   4.164]   [header-byte] write $ffa517 = 13 mask=00ff (pc=018446)
[   4.164] [packet-accepted] total=42 seq=29 flags=04 status=13 pc=01845e command=13 arg=01
[   4.180]   [header-byte] write $ffa517 = 13 mask=00ff (pc=018446)
[   4.181] [packet-accepted] total=43 seq=2a flags=04 status=13 pc=01845e command=13 arg=01
[   4.191]   [header-byte] write $ffa517 = 13 mask=00ff (pc=018446)
[   4.191] [packet-accepted] total=44 seq=2b flags=04 status=13 pc=01845e command=13 arg=01
[   4.208]   [header-byte] write $ffa517 = 13 mask=00ff (pc=018446)
[   4.208] [packet-accepted] total=45 seq=2c flags=04 status=13 pc=01845e command=13 arg=01
[   4.225]   [header-byte] write $ffa517 = 13 mask=00ff (pc=018446)
[   4.225] [packet-accepted] total=46 seq=2d flags=04 status=13 pc=01845e command=13 arg=01
[   4.241]   [header-byte] write $ffa517 = 13 mask=00ff (pc=018446)
[   4.241] [packet-accepted] total=47 seq=2e flags=04 status=13 pc=01845e command=13 arg=01
[   4.258]   [header-byte] write $ffa517 = 13 mask=00ff (pc=018446)
[   4.258] [packet-accepted] total=48 seq=2f flags=04 status=13 pc=01845e command=13 arg=01
[   4.275]   [header-byte] write $ffa517 = 13 mask=00ff (pc=018446)
[   4.275] [packet-accepted] total=49 seq=30 flags=04 status=13 pc=01845e command=13 arg=01
[   4.291]   [header-byte] write $ffa517 = 13 mask=00ff (pc=018446)
[   4.291] [packet-accepted] total=50 seq=31 flags=04 status=13 pc=01845e command=13 arg=01
[   4.308]   [header-byte] write $ffa517 = 13 mask=00ff (pc=018446)
[   4.308] [packet-accepted] total=51 seq=32 flags=04 status=13 pc=01845e command=13 arg=01
[   4.326]   [header-byte] write $ffa517 = 13 mask=00ff (pc=018446)
[   4.326] [packet-accepted] total=52 seq=33 flags=04 status=13 pc=01845e command=13 arg=01
[   4.341]   [header-byte] write $ffa517 = 13 mask=00ff (pc=018446)
[   4.342] [packet-accepted] total=53 seq=34 flags=04 status=13 pc=01845e command=13 arg=01
[   4.358]   [header-byte] write $ffa517 = 13 mask=00ff (pc=018446)
[   4.358] [packet-accepted] total=54 seq=35 flags=04 status=13 pc=01845e command=13 arg=01
[   4.375]   [header-byte] write $ffa517 = 13 mask=00ff (pc=018446)
[   4.375] [packet-accepted] total=55 seq=36 flags=04 status=13 pc=01845e command=13 arg=01
[   4.391]   [header-byte] write $ffa517 = 13 mask=00ff (pc=018446)
[   4.391] [packet-accepted] total=56 seq=37 flags=04 status=13 pc=01845e command=13 arg=01
[   4.408]   [header-byte] write $ffa517 = 13 mask=00ff (pc=018446)
[   4.408] [packet-accepted] total=57 seq=38 flags=04 status=13 pc=01845e command=13 arg=01
[   4.425]   [header-byte] write $ffa517 = 13 mask=00ff (pc=018446)
[   4.425] [packet-accepted] total=58 seq=39 flags=04 status=13 pc=01845e command=13 arg=01
[   4.442]   [header-byte] write $ffa517 = 13 mask=00ff (pc=018446)
[   4.442] [packet-accepted] total=59 seq=3a flags=04 status=13 pc=01845e command=13 arg=01
[   4.458]   [header-byte] write $ffa517 = 13 mask=00ff (pc=018446)
[   4.458] [packet-accepted] total=60 seq=3b flags=04 status=13 pc=01845e command=13 arg=01
[   4.477]   [header-byte] write $ffa517 = 13 mask=00ff (pc=018446)
[   4.477] [packet-accepted] total=61 seq=3c flags=04 status=13 pc=01845e command=13 arg=01
[   4.492]   [header-byte] write $ffa517 = 13 mask=00ff (pc=018446)
[   4.492] [packet-accepted] total=62 seq=3d flags=04 status=13 pc=01845e command=13 arg=01
[   4.508]   [header-byte] write $ffa517 = 13 mask=00ff (pc=018446)
[   4.508] [packet-accepted] total=63 seq=3e flags=04 status=13 pc=01845e command=13 arg=01
[   4.525]   [header-byte] write $ffa517 = 13 mask=00ff (pc=018446)
[   4.525] [packet-accepted] total=64 seq=3f flags=04 status=13 pc=01845e command=13 arg=01
[   4.542]   [header-byte] write $ffa517 = 13 mask=00ff (pc=018446)
[   4.542] [packet-accepted] total=65 seq=40 flags=04 status=13 pc=01845e command=13 arg=01
[   4.558]   [header-byte] write $ffa517 = 13 mask=00ff (pc=018446)
[   4.558] [packet-accepted] total=66 seq=41 flags=04 status=13 pc=01845e command=13 arg=01
[   4.575]   [header-byte] write $ffa517 = 13 mask=00ff (pc=018446)
[   4.575] [packet-accepted] total=67 seq=42 flags=04 status=13 pc=01845e command=13 arg=01
[   4.592]   [header-byte] write $ffa517 = 13 mask=00ff (pc=018446)
[   4.592] [packet-accepted] total=68 seq=43 flags=04 status=13 pc=01845e command=13 arg=01
[   4.608]   [header-byte] write $ffa517 = 13 mask=00ff (pc=018446)
[   4.608] [packet-accepted] total=69 seq=44 flags=04 status=13 pc=01845e command=13 arg=01
[   4.625]   [header-byte] write $ffa517 = 13 mask=00ff (pc=018446)
[   4.625] [packet-accepted] total=70 seq=45 flags=04 status=13 pc=01845e command=13 arg=01
[   4.644]   [header-byte] write $ffa517 = 13 mask=00ff (pc=018446)
[   4.644] [packet-accepted] total=71 seq=46 flags=04 status=13 pc=01845e command=13 arg=01
[   4.659]   [header-byte] write $ffa517 = 13 mask=00ff (pc=018446)
[   4.659] [packet-accepted] total=72 seq=47 flags=04 status=13 pc=01845e command=13 arg=01
[   4.675]   [header-byte] write $ffa517 = 13 mask=00ff (pc=018446)
[   4.675] [packet-accepted] total=73 seq=48 flags=04 status=13 pc=01845e command=13 arg=01
[   4.692]   [header-byte] write $ffa517 = 13 mask=00ff (pc=018446)
[   4.692] [packet-accepted] total=74 seq=49 flags=04 status=13 pc=01845e command=13 arg=01
[   4.709]   [header-byte] write $ffa517 = 13 mask=00ff (pc=018446)
[   4.709] [packet-accepted] total=75 seq=4a flags=04 status=13 pc=01845e command=13 arg=01
[   4.725]   [header-byte] write $ffa517 = 13 mask=00ff (pc=018446)
[   4.725] [packet-accepted] total=76 seq=4b flags=04 status=13 pc=01845e command=13 arg=01
[   4.742]   [header-byte] write $ffa517 = 13 mask=00ff (pc=018446)
[   4.742] [packet-accepted] total=77 seq=4c flags=04 status=13 pc=01845e command=13 arg=01
[   4.759]   [header-byte] write $ffa517 = 13 mask=00ff (pc=018446)
[   4.759] [packet-accepted] total=78 seq=4d flags=04 status=13 pc=01845e command=13 arg=01
[   4.775]   [header-byte] write $ffa517 = 13 mask=00ff (pc=018446)
[   4.775] [packet-accepted] total=79 seq=4e flags=04 status=13 pc=01845e command=13 arg=01
[   4.792]   [header-byte] write $ffa517 = 13 mask=00ff (pc=018446)
[   4.792] [packet-accepted] total=80 seq=4f flags=04 status=13 pc=01845e command=13 arg=01
[   4.809]   [header-byte] write $ffa517 = 13 mask=00ff (pc=018446)
[   4.809] [packet-accepted] total=81 seq=50 flags=04 status=13 pc=01845e command=13 arg=01
[   4.825]   [header-byte] write $ffa517 = 13 mask=00ff (pc=018446)
[   4.825] [packet-accepted] total=82 seq=51 flags=04 status=13 pc=01845e command=13 arg=01
[   4.842]   [header-byte] write $ffa517 = 13 mask=00ff (pc=018446)
[   4.842] [packet-accepted] total=83 seq=52 flags=04 status=13 pc=01845e command=13 arg=01
[   4.859]   [header-byte] write $ffa517 = 13 mask=00ff (pc=018446)
[   4.859] [packet-accepted] total=84 seq=53 flags=04 status=13 pc=01845e command=13 arg=01
[   4.876]   [header-byte] write $ffa517 = 13 mask=00ff (pc=018446)
[   4.876] [packet-accepted] total=85 seq=54 flags=04 status=13 pc=01845e command=13 arg=01
[   4.892]   [header-byte] write $ffa517 = 13 mask=00ff (pc=018446)
[   4.892] [packet-accepted] total=86 seq=55 flags=04 status=13 pc=01845e command=13 arg=01
[   4.909]   [header-byte] write $ffa517 = 13 mask=00ff (pc=018446)
[   4.909] [packet-accepted] total=87 seq=56 flags=04 status=13 pc=01845e command=13 arg=01
[   4.926]   [header-byte] write $ffa517 = 13 mask=00ff (pc=018446)
[   4.926] [packet-accepted] total=88 seq=57 flags=04 status=13 pc=01845e command=13 arg=01
[   4.942]   [header-byte] write $ffa517 = 13 mask=00ff (pc=018446)
[   4.942] [packet-accepted] total=89 seq=58 flags=04 status=13 pc=01845e command=13 arg=01
[   4.961]   [header-byte] write $ffa517 = 13 mask=00ff (pc=018446)
[   4.961] [packet-accepted] total=90 seq=59 flags=04 status=13 pc=01845e command=13 arg=01
[   4.976]   [header-byte] write $ffa517 = 13 mask=00ff (pc=018446)
[   4.976] [packet-accepted] total=91 seq=5a flags=04 status=13 pc=01845e command=13 arg=01
[   4.992]   [header-byte] write $ffa517 = 13 mask=00ff (pc=018446)
[   4.992] [packet-accepted] total=92 seq=5b flags=04 status=13 pc=01845e command=13 arg=01
[   5.006] heartbeat frame=300 tx=278 rx=446 fc=1 fd=10 fe=1 linkflag=82 pc=000288 a502=00 a524=0005 a525=05 a170=08 a17f=00 txtail=0016 rxpend=0000
[   5.006] [transport] captured=278 flushed=278 received=446 accepted=92 payload2=85 payload3=0 payload4=0 payload5=0 pump_reads=366 bursts=60 txcredit=0 outq=0 inq=0 watchdog=0 txseq=3d rxseq=5c rxcredit=5 protection=00 checks=0000
[   5.006] [epochs] local=1 peer=1 ready=true discarded_rx=0
[   5.006] [tcb-continuations] ffa580=ff80->018392 sleep=0 local26=7710 ffa5c0=ff80->01853c sleep=0 local26=0000 ffd040=ff80->018a40 sleep=0 local26=0300 ffd080=ff80->018ee4 sleep=0 local26=0000 ffd0c0=ff80->018ee4 sleep=0 local26=0000 ffd100=ff80->01fbb4 sleep=0 local26=0000 ffd140=ff80->01fbb6 sleep=0 local26=0002 ffd180=ff80->01fbb6 sleep=0 local26=00a2 ffd1c0=ff80->01fbb6 sleep=0 local26=01c2 ffd200=ff80->01fbb6 sleep=0 local26=02e2 ffd240=ff80->01902e sleep=0 local26=0000 ffd280=ff80->01ffe2 sleep=0 local26=0000 ffd2c0=ff80->020004 sleep=0 local26=0002 ffd300=ff80->020004 sleep=0 local26=0000 ffd340=ff80->01febe sleep=0 local26=0000 ffd380=ff80->01fedc sleep=0 local26=0000 ffd3c0=ff80->01febe sleep=0 local26=0000 ffd400=ff80->01fedc sleep=0 local26=0000
[   5.009]   [header-byte] write $ffa517 = 13 mask=00ff (pc=018446)
[   5.009] [packet-accepted] total=93 seq=5c flags=04 status=13 pc=01845e command=13 arg=01
[   5.026]   [header-byte] write $ffa517 = 13 mask=00ff (pc=018446)
[   5.026] [packet-accepted] total=94 seq=5d flags=04 status=13 pc=01845e command=13 arg=01
[   5.042]   [header-byte] write $ffa517 = 13 mask=00ff (pc=018446)
[   5.042] [packet-accepted] total=95 seq=5e flags=04 status=13 pc=01845e command=13 arg=01
[   5.059]   [header-byte] write $ffa517 = 13 mask=00ff (pc=018446)
[   5.059] [packet-accepted] total=96 seq=5f flags=04 status=13 pc=01845e command=13 arg=01
[   5.076]   [header-byte] write $ffa517 = 13 mask=00ff (pc=018446)
[   5.076] [packet-accepted] total=97 seq=60 flags=04 status=13 pc=01845e command=13 arg=01
[   5.092]   [header-byte] write $ffa517 = 13 mask=00ff (pc=018446)
[   5.092] [packet-accepted] total=98 seq=61 flags=04 status=13 pc=01845e command=13 arg=01
[   5.110]   [header-byte] write $ffa517 = 13 mask=00ff (pc=018446)
[   5.110] [packet-accepted] total=99 seq=62 flags=04 status=13 pc=01845e command=13 arg=01
[   5.125]   [header-byte] write $ffa517 = 13 mask=00ff (pc=018446)
[   5.125] [packet-accepted] total=100 seq=63 flags=04 status=13 pc=01845e command=13 arg=01
[   5.142]   [header-byte] write $ffa517 = 13 mask=00ff (pc=018446)
[   5.142] [packet-accepted] total=101 seq=64 flags=04 status=13 pc=01845e command=13 arg=01
[   5.159]   [header-byte] write $ffa517 = 13 mask=00ff (pc=018446)
[   5.159] [packet-accepted] total=102 seq=65 flags=04 status=13 pc=01845e command=13 arg=01
[   5.176]   [header-byte] write $ffa517 = 13 mask=00ff (pc=018446)
[   5.176] [packet-accepted] total=103 seq=66 flags=04 status=13 pc=01845e command=13 arg=01
[   5.192]   [header-byte] write $ffa517 = 13 mask=00ff (pc=018446)
[   5.192] [packet-accepted] total=104 seq=67 flags=04 status=13 pc=01845e command=13 arg=01
[   5.209]   [header-byte] write $ffa517 = 13 mask=00ff (pc=018446)
[   5.209] [packet-accepted] total=105 seq=68 flags=04 status=13 pc=01845e command=13 arg=01
[   5.226]   [header-byte] write $ffa517 = 13 mask=00ff (pc=018446)
[   5.226] [packet-accepted] total=106 seq=69 flags=04 status=13 pc=01845e command=13 arg=01
[   5.242]   [header-byte] write $ffa517 = 13 mask=00ff (pc=018446)
[   5.242] [packet-accepted] total=107 seq=6a flags=04 status=13 pc=01845e command=13 arg=01
[   5.259]   [header-byte] write $ffa517 = 13 mask=00ff (pc=018446)
[   5.259] [packet-accepted] total=108 seq=6b flags=04 status=13 pc=01845e command=13 arg=01
[   5.276]   [header-byte] write $ffa517 = 13 mask=00ff (pc=018446)
[   5.276] [packet-accepted] total=109 seq=6c flags=04 status=13 pc=01845e command=13 arg=01
[   5.292]   [header-byte] write $ffa517 = 13 mask=00ff (pc=018446)
[   5.292] [packet-accepted] total=110 seq=6d flags=04 status=13 pc=01845e command=13 arg=01
[   5.309]   [header-byte] write $ffa517 = 13 mask=00ff (pc=018446)
[   5.309] [packet-accepted] total=111 seq=6e flags=04 status=13 pc=01845e command=13 arg=01
[   5.326]   [header-byte] write $ffa517 = 13 mask=00ff (pc=018446)
[   5.326] [packet-accepted] total=112 seq=6f flags=04 status=13 pc=01845e command=13 arg=01
[   5.342]   [header-byte] write $ffa517 = 13 mask=00ff (pc=018446)
[   5.342] [packet-accepted] total=113 seq=70 flags=04 status=13 pc=01845e command=13 arg=01
[   5.359]   [header-byte] write $ffa517 = 13 mask=00ff (pc=018446)
[   5.359] [packet-accepted] total=114 seq=71 flags=04 status=13 pc=01845e command=13 arg=01
[   5.376]   [header-byte] write $ffa517 = 13 mask=00ff (pc=018446)
[   5.376] [packet-accepted] total=115 seq=72 flags=04 status=13 pc=01845e command=13 arg=01
[   5.392]   [header-byte] write $ffa517 = 13 mask=00ff (pc=018446)
[   5.392] [packet-accepted] total=116 seq=73 flags=04 status=13 pc=01845e command=13 arg=01
[   5.409]   [header-byte] write $ffa517 = 13 mask=00ff (pc=018446)
[   5.409] [packet-accepted] total=117 seq=74 flags=04 status=13 pc=01845e command=13 arg=01
[   5.428]   [header-byte] write $ffa517 = 13 mask=00ff (pc=018446)
[   5.428] [packet-accepted] total=118 seq=75 flags=04 status=13 pc=01845e command=13 arg=01
[   5.443]   [header-byte] write $ffa517 = 13 mask=00ff (pc=018446)
[   5.443] [packet-accepted] total=119 seq=76 flags=04 status=13 pc=01845e command=13 arg=01
[   5.459]   [header-byte] write $ffa517 = 13 mask=00ff (pc=018446)
[   5.459] [packet-accepted] total=120 seq=77 flags=04 status=13 pc=01845e command=13 arg=01
[   5.476]   [header-byte] write $ffa517 = 13 mask=00ff (pc=018446)
[   5.476] [packet-accepted] total=121 seq=78 flags=04 status=13 pc=01845e command=13 arg=01
[   5.493]   [header-byte] write $ffa517 = 13 mask=00ff (pc=018446)
[   5.493] [packet-accepted] total=122 seq=79 flags=04 status=13 pc=01845e command=13 arg=01
[   5.509]   [header-byte] write $ffa517 = 13 mask=00ff (pc=018446)
[   5.509] [packet-accepted] total=123 seq=7a flags=04 status=13 pc=01845e command=13 arg=01
[   5.526]   [header-byte] write $ffa517 = 13 mask=00ff (pc=018446)
[   5.526] [packet-accepted] total=124 seq=7b flags=04 status=13 pc=01845e command=13 arg=01
[   5.543]   [header-byte] write $ffa517 = 13 mask=00ff (pc=018446)
[   5.543] [packet-accepted] total=125 seq=7c flags=04 status=13 pc=01845e command=13 arg=01
[   5.559]   [header-byte] write $ffa517 = 13 mask=00ff (pc=018446)
[   5.559] [packet-accepted] total=126 seq=7d flags=04 status=13 pc=01845e command=13 arg=01
[   5.576]   [header-byte] write $ffa517 = 13 mask=00ff (pc=018446)
[   5.576] [packet-accepted] total=127 seq=7e flags=04 status=13 pc=01845e command=13 arg=01
[   5.595]   [header-byte] write $ffa517 = 13 mask=00ff (pc=018446)
[   5.595] [packet-accepted] total=128 seq=7f flags=04 status=13 pc=01845e command=13 arg=01
[   5.610]   [header-byte] write $ffa517 = 13 mask=00ff (pc=018446)
[   5.610] [packet-accepted] total=129 seq=80 flags=04 status=13 pc=01845e command=13 arg=01
[   5.626]   [header-byte] write $ffa517 = 13 mask=00ff (pc=018446)
[   5.626] [packet-accepted] total=130 seq=81 flags=04 status=13 pc=01845e command=13 arg=01
[   5.643]   [header-byte] write $ffa517 = 13 mask=00ff (pc=018446)
[   5.643] [packet-accepted] total=131 seq=82 flags=04 status=13 pc=01845e command=13 arg=01
[   5.660]   [header-byte] write $ffa517 = 13 mask=00ff (pc=018446)
[   5.660] [packet-accepted] total=132 seq=83 flags=04 status=13 pc=01845e command=13 arg=01
[   5.676]   [header-byte] write $ffa517 = 13 mask=00ff (pc=018446)
[   5.676] [packet-accepted] total=133 seq=84 flags=04 status=13 pc=01845e command=13 arg=01
[   5.693]   [header-byte] write $ffa517 = 13 mask=00ff (pc=018446)
[   5.693] [packet-accepted] total=134 seq=85 flags=04 status=13 pc=01845e command=13 arg=01
[   5.710]   [header-byte] write $ffa517 = 13 mask=00ff (pc=018446)
[   5.710] [packet-accepted] total=135 seq=86 flags=04 status=13 pc=01845e command=13 arg=01
[   5.726]   [header-byte] write $ffa517 = 13 mask=00ff (pc=018446)
[   5.726] [packet-accepted] total=136 seq=87 flags=04 status=13 pc=01845e command=13 arg=01
[   5.743]   [header-byte] write $ffa517 = 13 mask=00ff (pc=018446)
[   5.743] [packet-accepted] total=137 seq=88 flags=04 status=13 pc=01845e command=13 arg=01
[   5.760]   [header-byte] write $ffa517 = 13 mask=00ff (pc=018446)
[   5.760] [packet-accepted] total=138 seq=89 flags=04 status=13 pc=01845e command=13 arg=01
[   5.776]   [header-byte] write $ffa517 = 13 mask=00ff (pc=018446)
[   5.776] [packet-accepted] total=139 seq=8a flags=04 status=13 pc=01845e command=13 arg=01
[   5.793]   [header-byte] write $ffa517 = 13 mask=00ff (pc=018446)
[   5.793] [packet-accepted] total=140 seq=8b flags=04 status=13 pc=01845e command=13 arg=01
[   5.810]   [header-byte] write $ffa517 = 13 mask=00ff (pc=018446)
[   5.810] [packet-accepted] total=141 seq=8c flags=04 status=13 pc=01845e command=13 arg=01
[   5.826]   [header-byte] write $ffa517 = 13 mask=00ff (pc=018446)
[   5.826] [packet-accepted] total=142 seq=8d flags=04 status=13 pc=01845e command=13 arg=01
[   5.843]   [header-byte] write $ffa517 = 13 mask=00ff (pc=018446)
[   5.843] [packet-accepted] total=143 seq=8e flags=04 status=13 pc=01845e command=13 arg=01
[   5.860]   [header-byte] write $ffa517 = 13 mask=00ff (pc=018446)
[   5.860] [packet-accepted] total=144 seq=8f flags=04 status=13 pc=01845e command=13 arg=01
[   5.876]   [header-byte] write $ffa517 = 13 mask=00ff (pc=018446)
[   5.876] [packet-accepted] total=145 seq=90 flags=04 status=13 pc=01845e command=13 arg=01
[   5.893]   [header-byte] write $ffa517 = 13 mask=00ff (pc=018446)
[   5.893] [packet-accepted] total=146 seq=91 flags=04 status=13 pc=01845e command=13 arg=01
[   5.912]   [header-byte] write $ffa517 = 13 mask=00ff (pc=018446)
[   5.912] [packet-accepted] total=147 seq=92 flags=04 status=13 pc=01845e command=13 arg=01
[   5.927]   [header-byte] write $ffa517 = 13 mask=00ff (pc=018446)
[   5.927] [packet-accepted] total=148 seq=93 flags=04 status=13 pc=01845e command=13 arg=01
[   5.943]   [header-byte] write $ffa517 = 13 mask=00ff (pc=018446)
[   5.943] [packet-accepted] total=149 seq=94 flags=04 status=13 pc=01845e command=13 arg=01
[   5.960]   [header-byte] write $ffa517 = 13 mask=00ff (pc=018446)
[   5.960] [packet-accepted] total=150 seq=95 flags=04 status=13 pc=01845e command=13 arg=01
[   5.977]   [header-byte] write $ffa517 = 13 mask=00ff (pc=018446)
[   5.977] [packet-accepted] total=151 seq=96 flags=04 status=13 pc=01845e command=13 arg=01
[   5.993]   [header-byte] write $ffa517 = 13 mask=00ff (pc=018446)
[   5.993] [packet-accepted] total=152 seq=97 flags=04 status=13 pc=01845e command=13 arg=01
[   6.008] heartbeat frame=360 tx=578 rx=746 fc=1 fd=10 fe=1 linkflag=82 pc=00028a a502=00 a524=0005 a525=05 a170=08 a17f=00 txtail=0042 rxpend=0000
[   6.008] [transport] captured=578 flushed=578 received=746 accepted=152 payload2=145 payload3=0 payload4=0 payload5=0 pump_reads=486 bursts=120 txcredit=0 outq=0 inq=0 watchdog=0 txseq=79 rxseq=98 rxcredit=5 protection=00 checks=0000
[   6.008] [epochs] local=1 peer=1 ready=true discarded_rx=0
[   6.008] [tcb-continuations] ffa580=ff80->018392 sleep=0 local26=7710 ffa5c0=ff80->01853c sleep=0 local26=0000 ffd040=ff80->018a40 sleep=0 local26=0300 ffd080=ff80->018ee4 sleep=0 local26=0000 ffd0c0=ff80->018ee4 sleep=0 local26=0000 ffd100=ff80->01fbb4 sleep=0 local26=0000 ffd140=ff80->01fbb6 sleep=0 local26=0002 ffd180=ff80->01fbb6 sleep=0 local26=00a2 ffd1c0=ff80->01fbb6 sleep=0 local26=01c2 ffd200=ff80->01fbb6 sleep=0 local26=02e2 ffd240=ff80->01902e sleep=0 local26=0000 ffd280=ff80->01ffe2 sleep=0 local26=0009 ffd2c0=ff80->020004 sleep=0 local26=0002 ffd300=ff80->020004 sleep=0 local26=0000 ffd340=ff80->01febe sleep=0 local26=0000 ffd380=ff80->01fedc sleep=0 local26=0000 ffd3c0=ff80->01febe sleep=0 local26=0000 ffd400=ff80->01fedc sleep=0 local26=0000
[   6.010]   [header-byte] write $ffa517 = 13 mask=00ff (pc=018446)
[   6.010] [packet-accepted] total=153 seq=98 flags=04 status=13 pc=01845e command=13 arg=01
[   6.027]   [header-byte] write $ffa517 = 13 mask=00ff (pc=018446)
[   6.027] [packet-accepted] total=154 seq=99 flags=04 status=13 pc=01845e command=13 arg=01
[   6.043]   [header-byte] write $ffa517 = 13 mask=00ff (pc=018446)
[   6.043] [packet-accepted] total=155 seq=9a flags=04 status=13 pc=01845e command=13 arg=01
[   6.062]   [header-byte] write $ffa517 = 13 mask=00ff (pc=018446)
[   6.062] [packet-accepted] total=156 seq=9b flags=04 status=13 pc=01845e command=13 arg=01
[   6.077]   [header-byte] write $ffa517 = 13 mask=00ff (pc=018446)
[   6.077] [packet-accepted] total=157 seq=9c flags=04 status=13 pc=01845e command=13 arg=01
[   6.094]   [header-byte] write $ffa517 = 13 mask=00ff (pc=018446)
[   6.094] [packet-accepted] total=158 seq=9d flags=04 status=13 pc=01845e command=13 arg=01
[   6.110]   [header-byte] write $ffa517 = 13 mask=00ff (pc=018446)
[   6.110] [packet-accepted] total=159 seq=9e flags=04 status=13 pc=01845e command=13 arg=01
[   6.127]   [header-byte] write $ffa517 = 13 mask=00ff (pc=018446)
[   6.127] [packet-accepted] total=160 seq=9f flags=04 status=13 pc=01845e command=13 arg=01
[   6.144]   [header-byte] write $ffa517 = 13 mask=00ff (pc=018446)
[   6.144] [packet-accepted] total=161 seq=a0 flags=04 status=13 pc=01845e command=13 arg=01
[   6.160]   [header-byte] write $ffa517 = 13 mask=00ff (pc=018446)
[   6.160] [packet-accepted] total=162 seq=a1 flags=04 status=13 pc=01845e command=13 arg=01
[   6.177]   [header-byte] write $ffa517 = 13 mask=00ff (pc=018446)
[   6.177] [packet-accepted] total=163 seq=a2 flags=04 status=13 pc=01845e command=13 arg=01
[   6.194]   [header-byte] write $ffa517 = 13 mask=00ff (pc=018446)
[   6.194] [packet-accepted] total=164 seq=a3 flags=04 status=13 pc=01845e command=13 arg=01
[   6.210]   [header-byte] write $ffa517 = 13 mask=00ff (pc=018446)
[   6.210] [packet-accepted] total=165 seq=a4 flags=04 status=13 pc=01845e command=13 arg=01
[   6.227]   [header-byte] write $ffa517 = 13 mask=00ff (pc=018446)
[   6.227] [packet-accepted] total=166 seq=a5 flags=04 status=13 pc=01845e command=13 arg=01
[   6.244]   [header-byte] write $ffa517 = 13 mask=00ff (pc=018446)
[   6.244] [packet-accepted] total=167 seq=a6 flags=04 status=13 pc=01845e command=13 arg=01
[   6.261]   [header-byte] write $ffa517 = 13 mask=00ff (pc=018446)
[   6.261] [packet-accepted] total=168 seq=a7 flags=04 status=13 pc=01845e command=13 arg=01
[   6.277]   [header-byte] write $ffa517 = 13 mask=00ff (pc=018446)
[   6.277] [packet-accepted] total=169 seq=a8 flags=04 status=13 pc=01845e command=13 arg=01
[   6.294]   [header-byte] write $ffa517 = 13 mask=00ff (pc=018446)
[   6.294] [packet-accepted] total=170 seq=a9 flags=04 status=13 pc=01845e command=13 arg=01
[   6.311]   [header-byte] write $ffa517 = 13 mask=00ff (pc=018446)
[   6.311] [packet-accepted] total=171 seq=aa flags=04 status=13 pc=01845e command=13 arg=01
[   6.327]   [header-byte] write $ffa517 = 13 mask=00ff (pc=018446)
[   6.327] [packet-accepted] total=172 seq=ab flags=04 status=13 pc=01845e command=13 arg=01
[   6.344]   [header-byte] write $ffa517 = 13 mask=00ff (pc=018446)
[   6.344] [packet-accepted] total=173 seq=ac flags=04 status=13 pc=01845e command=13 arg=01
[   6.361]   [header-byte] write $ffa517 = 13 mask=00ff (pc=018446)
[   6.361] [packet-accepted] total=174 seq=ad flags=04 status=13 pc=01845e command=13 arg=01
[   6.379]   [header-byte] write $ffa517 = 13 mask=00ff (pc=018446)
[   6.379] [packet-accepted] total=175 seq=ae flags=04 status=13 pc=01845e command=13 arg=01
[   6.394]   [header-byte] write $ffa517 = 13 mask=00ff (pc=018446)
[   6.394] [packet-accepted] total=176 seq=af flags=04 status=13 pc=01845e command=13 arg=01
[   6.411]   [header-byte] write $ffa517 = 13 mask=00ff (pc=018446)
[   6.411] [packet-accepted] total=177 seq=b0 flags=04 status=13 pc=01845e command=13 arg=01
[   6.428]   [header-byte] write $ffa517 = 13 mask=00ff (pc=018446)
[   6.428] [packet-accepted] total=178 seq=b1 flags=04 status=13 pc=01845e command=13 arg=01
[   6.444]   [header-byte] write $ffa517 = 13 mask=00ff (pc=018446)
[   6.444] [packet-accepted] total=179 seq=b2 flags=04 status=13 pc=01845e command=13 arg=01
[   6.461]   [header-byte] write $ffa517 = 13 mask=00ff (pc=018446)
[   6.461] [packet-accepted] total=180 seq=b3 flags=04 status=13 pc=01845e command=13 arg=01
[   6.478]   [header-byte] write $ffa517 = 13 mask=00ff (pc=018446)
[   6.478] [packet-accepted] total=181 seq=b4 flags=04 status=13 pc=01845e command=13 arg=01
[   6.494]   [header-byte] write $ffa517 = 13 mask=00ff (pc=018446)
[   6.494] [packet-accepted] total=182 seq=b5 flags=04 status=13 pc=01845e command=13 arg=01
[   6.511]   [header-byte] write $ffa517 = 13 mask=00ff (pc=018446)
[   6.511] [packet-accepted] total=183 seq=b6 flags=04 status=13 pc=01845e command=13 arg=01
[   6.528]   [header-byte] write $ffa517 = 13 mask=00ff (pc=018446)
[   6.528] [packet-accepted] total=184 seq=b7 flags=04 status=13 pc=01845e command=13 arg=01
[   6.546]   [header-byte] write $ffa517 = 13 mask=00ff (pc=018446)
[   6.546] [packet-accepted] total=185 seq=b8 flags=04 status=13 pc=01845e command=13 arg=01
[   6.561]   [header-byte] write $ffa517 = 13 mask=00ff (pc=018446)
[   6.561] [packet-accepted] total=186 seq=b9 flags=04 status=13 pc=01845e command=13 arg=01
[   6.578]   [header-byte] write $ffa517 = 13 mask=00ff (pc=018446)
[   6.578] [packet-accepted] total=187 seq=ba flags=04 status=13 pc=01845e command=13 arg=01
[   6.594]   [header-byte] write $ffa517 = 13 mask=00ff (pc=018446)
[   6.594] [packet-accepted] total=188 seq=bb flags=04 status=13 pc=01845e command=13 arg=01
[   6.611]   [header-byte] write $ffa517 = 13 mask=00ff (pc=018446)
[   6.611] [packet-accepted] total=189 seq=bc flags=04 status=13 pc=01845e command=13 arg=01
[   6.628]   [header-byte] write $ffa517 = 13 mask=00ff (pc=018446)
[   6.628] [packet-accepted] total=190 seq=bd flags=04 status=13 pc=01845e command=13 arg=01
[   6.644]   [header-byte] write $ffa517 = 13 mask=00ff (pc=018446)
[   6.644] [packet-accepted] total=191 seq=be flags=04 status=13 pc=01845e command=13 arg=01
[   6.661]   [header-byte] write $ffa517 = 13 mask=00ff (pc=018446)
[   6.661] [packet-accepted] total=192 seq=bf flags=04 status=13 pc=01845e command=13 arg=01
[   6.678]   [header-byte] write $ffa517 = 13 mask=00ff (pc=018446)
[   6.678] [packet-accepted] total=193 seq=c0 flags=04 status=13 pc=01845e command=13 arg=01
[   6.695]   [header-byte] write $ffa517 = 13 mask=00ff (pc=018446)
[   6.695] [packet-accepted] total=194 seq=c1 flags=04 status=13 pc=01845e command=13 arg=01
[   6.711]   [header-byte] write $ffa517 = 13 mask=00ff (pc=018446)
[   6.711] [packet-accepted] total=195 seq=c2 flags=04 status=13 pc=01845e command=13 arg=01
[   6.728]   [header-byte] write $ffa517 = 13 mask=00ff (pc=018446)
[   6.728] [packet-accepted] total=196 seq=c3 flags=04 status=13 pc=01845e command=13 arg=01
[   6.745]   [header-byte] write $ffa517 = 13 mask=00ff (pc=018446)
[   6.745] [packet-accepted] total=197 seq=c4 flags=04 status=13 pc=01845e command=13 arg=01
[   6.761]   [header-byte] write $ffa517 = 13 mask=00ff (pc=018446)
[   6.761] [packet-accepted] total=198 seq=c5 flags=04 status=13 pc=01845e command=13 arg=01
[   6.778]   [header-byte] write $ffa517 = 13 mask=00ff (pc=018446)
[   6.778] [packet-accepted] total=199 seq=c6 flags=04 status=13 pc=01845e command=13 arg=01
[   6.795]   [header-byte] write $ffa517 = 13 mask=00ff (pc=018446)
[   6.795] [packet-accepted] total=200 seq=c7 flags=04 status=13 pc=01845e command=13 arg=01
[   6.811]   [header-byte] write $ffa517 = 13 mask=00ff (pc=018446)
[   6.811] [packet-accepted] total=201 seq=c8 flags=04 status=13 pc=01845e command=13 arg=01
[   6.828]   [header-byte] write $ffa517 = 13 mask=00ff (pc=018446)
[   6.828] [packet-accepted] total=202 seq=c9 flags=04 status=13 pc=01845e command=13 arg=01
[   6.845]   [header-byte] write $ffa517 = 13 mask=00ff (pc=018446)
[   6.845] [packet-accepted] total=203 seq=ca flags=04 status=13 pc=01845e command=13 arg=01
[   6.863]   [header-byte] write $ffa517 = 13 mask=00ff (pc=018446)
[   6.863] [packet-accepted] total=204 seq=cb flags=04 status=13 pc=01845e command=13 arg=01
[   6.878]   [header-byte] write $ffa517 = 13 mask=00ff (pc=018446)
[   6.878] [packet-accepted] total=205 seq=cc flags=04 status=13 pc=01845e command=13 arg=01
[   6.895]   [header-byte] write $ffa517 = 13 mask=00ff (pc=018446)
[   6.895] [packet-accepted] total=206 seq=cd flags=04 status=13 pc=01845e command=13 arg=01
[   6.911]   [header-byte] write $ffa517 = 13 mask=00ff (pc=018446)
[   6.911] [packet-accepted] total=207 seq=ce flags=04 status=13 pc=01845e command=13 arg=01
[   6.928]   [header-byte] write $ffa517 = 13 mask=00ff (pc=018446)
[   6.928] [packet-accepted] total=208 seq=cf flags=04 status=13 pc=01845e command=13 arg=01
[   6.945]   [header-byte] write $ffa517 = 13 mask=00ff (pc=018446)
[   6.945] [packet-accepted] total=209 seq=d0 flags=04 status=13 pc=01845e command=13 arg=01
[   6.961]   [header-byte] write $ffa517 = 13 mask=00ff (pc=018446)
[   6.961] [packet-accepted] total=210 seq=d1 flags=04 status=13 pc=01845e command=13 arg=01
[   6.978]   [header-byte] write $ffa517 = 13 mask=00ff (pc=018446)
[   6.978] [packet-accepted] total=211 seq=d2 flags=04 status=13 pc=01845e command=13 arg=01
[   6.995]   [header-byte] write $ffa517 = 13 mask=00ff (pc=018446)
[   6.995] [packet-accepted] total=212 seq=d3 flags=04 status=13 pc=01845e command=13 arg=01
[   7.009] heartbeat frame=420 tx=878 rx=1046 fc=1 fd=10 fe=1 linkflag=82 pc=00028a a502=00 a524=0005 a525=05 a170=08 a17f=00 txtail=006e rxpend=0000
[   7.009] [transport] captured=878 flushed=878 received=1046 accepted=212 payload2=205 payload3=0 payload4=0 payload5=0 pump_reads=606 bursts=180 txcredit=0 outq=0 inq=0 watchdog=0 txseq=b5 rxseq=d4 rxcredit=5 protection=00 checks=0000
[   7.009] [epochs] local=1 peer=1 ready=true discarded_rx=0
[   7.009] [tcb-continuations] ffa580=ff80->018392 sleep=0 local26=7710 ffa5c0=ff80->01853c sleep=0 local26=0000 ffd040=ff80->018a40 sleep=0 local26=0300 ffd080=ff80->018ee4 sleep=0 local26=0000 ffd0c0=ff80->018ee4 sleep=0 local26=0000 ffd100=ff80->01fbb4 sleep=0 local26=0000 ffd140=ff80->01fbb6 sleep=0 local26=0002 ffd180=ff80->01fbb6 sleep=0 local26=00a2 ffd1c0=ff80->01fbb6 sleep=0 local26=01c2 ffd200=ff80->01fbb6 sleep=0 local26=02e2 ffd240=ff80->01902e sleep=0 local26=0000 ffd280=ff80->01ffe2 sleep=0 local26=0008 ffd2c0=ff80->020004 sleep=0 local26=0002 ffd300=ff80->020004 sleep=0 local26=0000 ffd340=ff80->01febe sleep=0 local26=0000 ffd380=ff80->01fedc sleep=0 local26=0000 ffd3c0=ff80->01febe sleep=0 local26=0000 ffd400=ff80->01fedc sleep=0 local26=0000
[   7.013]   [header-byte] write $ffa517 = 13 mask=00ff (pc=018446)
[   7.013] [packet-accepted] total=213 seq=d4 flags=04 status=13 pc=01845e command=13 arg=01
[   7.026] [protection-state] address=ffa020 data=0101 mask=ff00 pc=000948
[   7.026] [protection-state] address=ffa020 data=0101 mask=00ff pc=000952
[   7.033]   [header-byte] write $ffa517 = 13 mask=00ff (pc=018446)
[   7.033] [packet-accepted] total=214 seq=d5 flags=04 status=13 pc=01845e command=13 arg=01
[   7.043] [protection-state] address=ffa020 data=0000 mask=00ff pc=000952
[   7.045]   [header-byte] write $ffa517 = 13 mask=00ff (pc=018446)
[   7.045] [packet-accepted] total=215 seq=d6 flags=04 status=13 pc=01845e command=13 arg=01
[   7.063]   [header-byte] write $ffa517 = 13 mask=00ff (pc=018446)
[   7.063] [packet-accepted] total=216 seq=d7 flags=04 status=13 pc=01845e command=13 arg=01
[   7.076] [protection-state] address=ffa020 data=0000 mask=ff00 pc=000948
[   7.078]   [header-byte] write $ffa517 = 13 mask=00ff (pc=018446)
[   7.078] [packet-accepted] total=217 seq=d8 flags=04 status=13 pc=01845e command=13 arg=01
[   7.096]   [header-byte] write $ffa517 = 13 mask=00ff (pc=018446)
[   7.096] [packet-accepted] total=218 seq=d9 flags=04 status=13 pc=01845e command=13 arg=01
[   7.112]   [header-byte] write $ffa517 = 13 mask=00ff (pc=018446)
[   7.112] [packet-accepted] total=219 seq=da flags=04 status=13 pc=01845e command=13 arg=01
[   7.129]   [header-byte] write $ffa517 = 13 mask=00ff (pc=018446)
[   7.129] [packet-accepted] total=220 seq=db flags=04 status=13 pc=01845e command=13 arg=01
[   7.145]   [header-byte] write $ffa517 = 13 mask=00ff (pc=018446)
[   7.145] [packet-accepted] total=221 seq=dc flags=04 status=13 pc=01845e command=13 arg=01
[   7.162]   [header-byte] write $ffa517 = 13 mask=00ff (pc=018446)
[   7.162] [packet-accepted] total=222 seq=dd flags=04 status=13 pc=01845e command=13 arg=01
[   7.179]   [header-byte] write $ffa517 = 13 mask=00ff (pc=018446)
[   7.179] [packet-accepted] total=223 seq=de flags=04 status=13 pc=01845e command=13 arg=01
[   7.195]   [header-byte] write $ffa517 = 13 mask=00ff (pc=018446)
[   7.195] [packet-accepted] total=224 seq=df flags=04 status=13 pc=01845e command=13 arg=01
[   7.212]   [header-byte] write $ffa517 = 13 mask=00ff (pc=018446)
[   7.212] [packet-accepted] total=225 seq=e0 flags=04 status=13 pc=01845e command=13 arg=01
[   7.229]   [header-byte] write $ffa517 = 13 mask=00ff (pc=018446)
[   7.229] [packet-accepted] total=226 seq=e1 flags=04 status=13 pc=01845e command=13 arg=01
[   7.246]   [header-byte] write $ffa517 = 13 mask=00ff (pc=018446)
[   7.246] [packet-accepted] total=227 seq=e2 flags=04 status=13 pc=01845e command=13 arg=01
[   7.262]   [header-byte] write $ffa517 = 13 mask=00ff (pc=018446)
[   7.262] [packet-accepted] total=228 seq=e3 flags=04 status=13 pc=01845e command=13 arg=01
[   7.276] [protection-state] address=ffa020 data=0101 mask=ff00 pc=000948
[   7.276] [protection-state] address=ffa020 data=0101 mask=00ff pc=000952
[   7.281]   [header-byte] write $ffa517 = 13 mask=00ff (pc=018446)
[   7.281] [packet-accepted] total=229 seq=e4 flags=04 status=13 pc=01845e command=13 arg=01
[   7.293] [protection-state] address=ffa020 data=0000 mask=00ff pc=000952
[   7.295]   [header-byte] write $ffa517 = 13 mask=00ff (pc=018446)
[   7.295] [packet-accepted] total=230 seq=e5 flags=04 status=13 pc=01845e command=13 arg=01
[   7.313]   [header-byte] write $ffa517 = 13 mask=00ff (pc=018446)
[   7.313] [packet-accepted] total=231 seq=e6 flags=04 status=13 pc=01845e command=13 arg=01
[   7.326] [protection-state] address=ffa020 data=0000 mask=ff00 pc=000948
[   7.330]   [header-byte] write $ffa517 = 13 mask=00ff (pc=018446)
[   7.330] [packet-accepted] total=232 seq=e7 flags=04 status=13 pc=01845e command=13 arg=01
[   7.346]   [header-byte] write $ffa517 = 13 mask=00ff (pc=018446)
[   7.346] [packet-accepted] total=233 seq=e8 flags=04 status=13 pc=01845e command=13 arg=01
[   7.362]   [header-byte] write $ffa517 = 13 mask=00ff (pc=018446)
[   7.362] [packet-accepted] total=234 seq=e9 flags=04 status=13 pc=01845e command=13 arg=01
[   7.379]   [header-byte] write $ffa517 = 13 mask=00ff (pc=018446)
[   7.379] [packet-accepted] total=235 seq=ea flags=04 status=13 pc=01845e command=13 arg=01
[   7.396]   [header-byte] write $ffa517 = 13 mask=00ff (pc=018446)
[   7.396] [packet-accepted] total=236 seq=eb flags=04 status=13 pc=01845e command=13 arg=01
[   7.413]   [header-byte] write $ffa517 = 13 mask=00ff (pc=018446)
[   7.413] [packet-accepted] total=237 seq=ec flags=04 status=13 pc=01845e command=13 arg=01
[   7.429]   [header-byte] write $ffa517 = 13 mask=00ff (pc=018446)
[   7.429] [packet-accepted] total=238 seq=ed flags=04 status=13 pc=01845e command=13 arg=01
[   7.446]   [header-byte] write $ffa517 = 13 mask=00ff (pc=018446)
[   7.446] [packet-accepted] total=239 seq=ee flags=04 status=13 pc=01845e command=13 arg=01
[   7.463]   [header-byte] write $ffa517 = 13 mask=00ff (pc=018446)
[   7.463] [packet-accepted] total=240 seq=ef flags=04 status=13 pc=01845e command=13 arg=01
[   7.479]   [header-byte] write $ffa517 = 13 mask=00ff (pc=018446)
[   7.479] [packet-accepted] total=241 seq=f0 flags=04 status=13 pc=01845e command=13 arg=01
[   7.496]   [header-byte] write $ffa517 = 13 mask=00ff (pc=018446)
[   7.496] [packet-accepted] total=242 seq=f1 flags=04 status=13 pc=01845e command=13 arg=01
[   7.512]   [header-byte] write $ffa517 = 13 mask=00ff (pc=018446)
[   7.512] [packet-accepted] total=243 seq=f2 flags=04 status=13 pc=01845e command=13 arg=01
[   7.526] [protection-state] address=ffa020 data=0101 mask=ff00 pc=000948
[   7.526] [protection-state] address=ffa020 data=0101 mask=00ff pc=000952
[   7.531]   [header-byte] write $ffa517 = 13 mask=00ff (pc=018446)
[   7.531] [packet-accepted] total=244 seq=f3 flags=04 status=13 pc=01845e command=13 arg=01
[   7.543] [protection-state] address=ffa020 data=0000 mask=00ff pc=000952
[   7.546]   [header-byte] write $ffa517 = 13 mask=00ff (pc=018446)
[   7.546] [packet-accepted] total=245 seq=f4 flags=04 status=13 pc=01845e command=13 arg=01
[   7.563]   [header-byte] write $ffa517 = 13 mask=00ff (pc=018446)
[   7.563] [packet-accepted] total=246 seq=f5 flags=04 status=13 pc=01845e command=13 arg=01
[   7.577] [protection-state] address=ffa020 data=0000 mask=ff00 pc=000948
[   7.579]   [header-byte] write $ffa517 = 13 mask=00ff (pc=018446)
[   7.579] [packet-accepted] total=247 seq=f6 flags=04 status=13 pc=01845e command=13 arg=01
[   7.596]   [header-byte] write $ffa517 = 13 mask=00ff (pc=018446)
[   7.596] [packet-accepted] total=248 seq=f7 flags=04 status=13 pc=01845e command=13 arg=01
[   7.613]   [header-byte] write $ffa517 = 13 mask=00ff (pc=018446)
[   7.613] [packet-accepted] total=249 seq=f8 flags=04 status=13 pc=01845e command=13 arg=01
[   7.629]   [header-byte] write $ffa517 = 13 mask=00ff (pc=018446)
[   7.629] [packet-accepted] total=250 seq=f9 flags=04 status=13 pc=01845e command=13 arg=01
[   7.646]   [header-byte] write $ffa517 = 13 mask=00ff (pc=018446)
[   7.646] [packet-accepted] total=251 seq=fa flags=04 status=13 pc=01845e command=13 arg=01
[   7.663]   [header-byte] write $ffa517 = 13 mask=00ff (pc=018446)
[   7.663] [packet-accepted] total=252 seq=fb flags=04 status=13 pc=01845e command=13 arg=01
[   7.679]   [header-byte] write $ffa517 = 13 mask=00ff (pc=018446)
[   7.679] [packet-accepted] total=253 seq=fc flags=04 status=13 pc=01845e command=13 arg=01
[   7.696]   [header-byte] write $ffa517 = 13 mask=00ff (pc=018446)
[   7.696] [packet-accepted] total=254 seq=fd flags=04 status=13 pc=01845e command=13 arg=01
[   7.713]   [header-byte] write $ffa517 = 13 mask=00ff (pc=018446)
[   7.713] [packet-accepted] total=255 seq=fe flags=04 status=13 pc=01845e command=13 arg=01
[   7.730]   [header-byte] write $ffa517 = 13 mask=00ff (pc=018446)
[   7.730] [packet-accepted] total=256 seq=ff flags=04 status=13 pc=01845e command=13 arg=01
[   7.746]   [header-byte] write $ffa517 = 13 mask=00ff (pc=018446)
[   7.746] [packet-accepted] total=257 seq=00 flags=04 status=13 pc=01845e command=13 arg=01
[   7.763]   [header-byte] write $ffa517 = 13 mask=00ff (pc=018446)
[   7.763] [packet-accepted] total=258 seq=01 flags=04 status=13 pc=01845e command=13 arg=01
[   7.777] [protection-state] address=ffa020 data=0101 mask=ff00 pc=000948
[   7.777] [protection-state] address=ffa020 data=0101 mask=00ff pc=000952
[   7.782]   [header-byte] write $ffa517 = 13 mask=00ff (pc=018446)
[   7.782] [packet-accepted] total=259 seq=02 flags=04 status=13 pc=01845e command=13 arg=01
[   7.794] [protection-state] address=ffa020 data=0000 mask=00ff pc=000952
[   7.796]   [header-byte] write $ffa517 = 13 mask=00ff (pc=018446)
[   7.796] [packet-accepted] total=260 seq=03 flags=04 status=13 pc=01845e command=13 arg=01
[   7.814]   [header-byte] write $ffa517 = 13 mask=00ff (pc=018446)
[   7.814] [packet-accepted] total=261 seq=04 flags=04 status=13 pc=01845e command=13 arg=01
[   7.827] [protection-state] address=ffa020 data=0000 mask=ff00 pc=000948
[   7.830]   [header-byte] write $ffa517 = 13 mask=00ff (pc=018446)
[   7.830] [packet-accepted] total=262 seq=05 flags=04 status=13 pc=01845e command=13 arg=01
[   7.847]   [header-byte] write $ffa517 = 13 mask=00ff (pc=018446)
[   7.847] [packet-accepted] total=263 seq=06 flags=04 status=13 pc=01845e command=13 arg=01
[   7.863]   [header-byte] write $ffa517 = 13 mask=00ff (pc=018446)
[   7.863] [packet-accepted] total=264 seq=07 flags=04 status=13 pc=01845e command=13 arg=01
[   7.880]   [header-byte] write $ffa517 = 13 mask=00ff (pc=018446)
[   7.880] [packet-accepted] total=265 seq=08 flags=04 status=13 pc=01845e command=13 arg=01
[   7.896]   [header-byte] write $ffa517 = 13 mask=00ff (pc=018446)
[   7.896] [packet-accepted] total=266 seq=09 flags=04 status=13 pc=01845e command=13 arg=01
[   7.913]   [header-byte] write $ffa517 = 13 mask=00ff (pc=018446)
[   7.913] [packet-accepted] total=267 seq=0a flags=04 status=13 pc=01845e command=13 arg=01
[   7.930]   [header-byte] write $ffa517 = 13 mask=00ff (pc=018446)
[   7.930] [packet-accepted] total=268 seq=0b flags=04 status=13 pc=01845e command=13 arg=01
[   7.946]   [header-byte] write $ffa517 = 13 mask=00ff (pc=018446)
[   7.946] [packet-accepted] total=269 seq=0c flags=04 status=13 pc=01845e command=13 arg=01
[   7.964]   [header-byte] write $ffa517 = 13 mask=00ff (pc=018446)
[   7.964] [packet-accepted] total=270 seq=0d flags=04 status=13 pc=01845e command=13 arg=01
[   7.980]   [header-byte] write $ffa517 = 13 mask=00ff (pc=018446)
[   7.980] [packet-accepted] total=271 seq=0e flags=04 status=13 pc=01845e command=13 arg=01
[   7.997]   [header-byte] write $ffa517 = 13 mask=00ff (pc=018446)
[   7.997] [packet-accepted] total=272 seq=0f flags=04 status=13 pc=01845e command=13 arg=01
[   8.010] heartbeat frame=480 tx=1178 rx=1346 fc=1 fd=10 fe=1 linkflag=82 pc=000288 a502=00 a524=0005 a525=05 a170=08 a17f=00 txtail=009a rxpend=0000
[   8.010] [transport] captured=1178 flushed=1178 received=1346 accepted=272 payload2=265 payload3=0 payload4=0 payload5=0 pump_reads=726 bursts=240 txcredit=0 outq=0 inq=0 watchdog=0 txseq=f1 rxseq=10 rxcredit=5 protection=00 checks=0000
[   8.010] [epochs] local=1 peer=1 ready=true discarded_rx=0
[   8.010] [tcb-continuations] ffa580=ff80->018392 sleep=0 local26=7710 ffa5c0=ff80->01853c sleep=0 local26=0000 ffd040=ff80->018a40 sleep=0 local26=0300 ffd080=ff80->018ee4 sleep=0 local26=0000 ffd0c0=ff80->018ee4 sleep=0 local26=0000 ffd100=ff80->01fbb4 sleep=0 local26=0000 ffd140=ff80->01fbb6 sleep=0 local26=0002 ffd180=ff80->01fbb6 sleep=0 local26=00a2 ffd1c0=ff80->01fbb6 sleep=0 local26=01c2 ffd200=ff80->01fbb6 sleep=0 local26=02e2 ffd240=ff80->01902e sleep=0 local26=0000 ffd280=ff80->01ffe2 sleep=0 local26=0007 ffd2c0=ff80->020004 sleep=0 local26=0002 ffd300=ff80->020004 sleep=0 local26=0000 ffd340=ff80->01febe sleep=0 local26=0000 ffd380=ff80->01fedc sleep=0 local26=0000 ffd3c0=ff80->01febe sleep=0 local26=0000 ffd400=ff80->01fedc sleep=0 local26=0000
[   8.013]   [header-byte] write $ffa517 = 13 mask=00ff (pc=018446)
[   8.013] [packet-accepted] total=273 seq=10 flags=04 status=13 pc=01845e command=13 arg=01
[   8.030]   [header-byte] write $ffa517 = 13 mask=00ff (pc=018446)
[   8.030] [packet-accepted] total=274 seq=11 flags=04 status=13 pc=01845e command=13 arg=01
[   8.047]   [header-byte] write $ffa517 = 13 mask=00ff (pc=018446)
[   8.047] [packet-accepted] total=275 seq=12 flags=04 status=13 pc=01845e command=13 arg=01
[   8.063]   [header-byte] write $ffa517 = 13 mask=00ff (pc=018446)
[   8.063] [packet-accepted] total=276 seq=13 flags=04 status=13 pc=01845e command=13 arg=01
[   8.080]   [header-byte] write $ffa517 = 13 mask=00ff (pc=018446)
[   8.080] [packet-accepted] total=277 seq=14 flags=04 status=13 pc=01845e command=13 arg=01
[   8.097]   [header-byte] write $ffa517 = 13 mask=00ff (pc=018446)
[   8.097] [packet-accepted] total=278 seq=15 flags=04 status=13 pc=01845e command=13 arg=01
[   8.113]   [header-byte] write $ffa517 = 13 mask=00ff (pc=018446)
[   8.113] [packet-accepted] total=279 seq=16 flags=04 status=13 pc=01845e command=13 arg=01
[   8.130]   [header-byte] write $ffa517 = 13 mask=00ff (pc=018446)
[   8.130] [packet-accepted] total=280 seq=17 flags=04 status=13 pc=01845e command=13 arg=01
[   8.147]   [header-byte] write $ffa517 = 13 mask=00ff (pc=018446)
[   8.147] [packet-accepted] total=281 seq=18 flags=04 status=13 pc=01845e command=13 arg=01
[   8.163]   [header-byte] write $ffa517 = 13 mask=00ff (pc=018446)
[   8.164] [packet-accepted] total=282 seq=19 flags=04 status=13 pc=01845e command=13 arg=01
[   8.180]   [header-byte] write $ffa517 = 13 mask=00ff (pc=018446)
[   8.180] [packet-accepted] total=283 seq=1a flags=04 status=13 pc=01845e command=13 arg=01
[   8.197]   [header-byte] write $ffa517 = 13 mask=00ff (pc=018446)
[   8.197] [packet-accepted] total=284 seq=1b flags=04 status=13 pc=01845e command=13 arg=01
[   8.213]   [header-byte] write $ffa517 = 13 mask=00ff (pc=018446)
[   8.213] [packet-accepted] total=285 seq=1c flags=04 status=13 pc=01845e command=13 arg=01
[   8.230]   [header-byte] write $ffa517 = 13 mask=00ff (pc=018446)
[   8.230] [packet-accepted] total=286 seq=1d flags=04 status=13 pc=01845e command=13 arg=01
[   8.247]   [header-byte] write $ffa517 = 13 mask=00ff (pc=018446)
[   8.247] [packet-accepted] total=287 seq=1e flags=04 status=13 pc=01845e command=13 arg=01
[   8.263]   [header-byte] write $ffa517 = 13 mask=00ff (pc=018446)
[   8.263] [packet-accepted] total=288 seq=1f flags=04 status=13 pc=01845e command=13 arg=01
[   8.282]   [header-byte] write $ffa517 = 13 mask=00ff (pc=018446)
[   8.282] [packet-accepted] total=289 seq=20 flags=04 status=13 pc=01845e command=13 arg=01
[   8.296]   [header-byte] write $ffa517 = 13 mask=00ff (pc=018446)
[   8.296] [packet-accepted] total=290 seq=21 flags=04 status=13 pc=01845e command=13 arg=01
[   8.313]   [header-byte] write $ffa517 = 13 mask=00ff (pc=018446)
[   8.313] [packet-accepted] total=291 seq=22 flags=04 status=13 pc=01845e command=13 arg=01
[   8.330]   [header-byte] write $ffa517 = 13 mask=00ff (pc=018446)
[   8.330] [packet-accepted] total=292 seq=23 flags=04 status=13 pc=01845e command=13 arg=01
[   8.346]   [header-byte] write $ffa517 = 13 mask=00ff (pc=018446)
[   8.346] [packet-accepted] total=293 seq=24 flags=04 status=13 pc=01845e command=13 arg=01
[   8.363]   [header-byte] write $ffa517 = 13 mask=00ff (pc=018446)
[   8.363] [packet-accepted] total=294 seq=25 flags=04 status=13 pc=01845e command=13 arg=01
[   8.380]   [header-byte] write $ffa517 = 13 mask=00ff (pc=018446)
[   8.380] [packet-accepted] total=295 seq=26 flags=04 status=13 pc=01845e command=13 arg=01
[   8.396]   [header-byte] write $ffa517 = 13 mask=00ff (pc=018446)
[   8.396] [packet-accepted] total=296 seq=27 flags=04 status=13 pc=01845e command=13 arg=01
[   8.413]   [header-byte] write $ffa517 = 13 mask=00ff (pc=018446)
[   8.413] [packet-accepted] total=297 seq=28 flags=04 status=13 pc=01845e command=13 arg=01
[   8.430]   [header-byte] write $ffa517 = 13 mask=00ff (pc=018446)
[   8.430] [packet-accepted] total=298 seq=29 flags=04 status=13 pc=01845e command=13 arg=01
[   8.450]   [header-byte] write $ffa517 = 13 mask=00ff (pc=018446)
[   8.450] [packet-accepted] total=299 seq=2a flags=04 status=13 pc=01845e command=13 arg=01
[   8.463]   [header-byte] write $ffa517 = 13 mask=00ff (pc=018446)
[   8.463] [packet-accepted] total=300 seq=2b flags=04 status=13 pc=01845e command=13 arg=01
[   8.480]   [header-byte] write $ffa517 = 13 mask=00ff (pc=018446)
[   8.480] [packet-accepted] total=301 seq=2c flags=04 status=13 pc=01845e command=13 arg=01
[   8.497]   [header-byte] write $ffa517 = 13 mask=00ff (pc=018446)
[   8.497] [packet-accepted] total=302 seq=2d flags=04 status=13 pc=01845e command=13 arg=01
[   8.513]   [header-byte] write $ffa517 = 13 mask=00ff (pc=018446)
[   8.513] [packet-accepted] total=303 seq=2e flags=04 status=13 pc=01845e command=13 arg=01
[   8.528] [protection-state] address=ffa020 data=3030 mask=ff00 pc=000948
[   8.528] [protection-state] address=ffa020 data=3030 mask=00ff pc=000952
[   8.530]   [header-byte] write $ffa517 = 13 mask=00ff (pc=018446)
[   8.530] [packet-accepted] total=304 seq=2f flags=04 status=13 pc=01845e command=13 arg=01
[   8.545] [protection-state] address=ffa020 data=0000 mask=00ff pc=000952
[   8.548]   [header-byte] write $ffa517 = 13 mask=00ff (pc=018446)
[   8.548] [packet-accepted] total=305 seq=30 flags=04 status=13 pc=01845e command=13 arg=01
[   8.548] [game-command] data=3333 mask=ff00 pc=018ae0 requests=00
[   8.564]   [header-byte] write $ffa517 = 13 mask=00ff (pc=018446)
[   8.564] [packet-accepted] total=306 seq=31 flags=04 status=13 pc=01845e command=13 arg=01
[   8.578] [protection-state] address=ffa020 data=0000 mask=ff00 pc=000948
[   8.580]   [header-byte] write $ffa517 = 13 mask=00ff (pc=018446)
[   8.580] [packet-accepted] total=307 seq=32 flags=04 status=13 pc=01845e command=13 arg=01
[   8.597]   [header-byte] write $ffa517 = 13 mask=00ff (pc=018446)
[   8.597] [packet-accepted] total=308 seq=33 flags=04 status=13 pc=01845e command=13 arg=01
[   8.614]   [header-byte] write $ffa517 = 13 mask=00ff (pc=018446)
[   8.614] [packet-accepted] total=309 seq=34 flags=04 status=13 pc=01845e command=13 arg=01
[   8.630]   [header-byte] write $ffa517 = 13 mask=00ff (pc=018446)
[   8.630] [packet-accepted] total=310 seq=35 flags=04 status=13 pc=01845e command=13 arg=01
[   8.647]   [header-byte] write $ffa517 = 13 mask=00ff (pc=018446)
[   8.647] [packet-accepted] total=311 seq=36 flags=04 status=13 pc=01845e command=13 arg=01
[   8.664]   [header-byte] write $ffa517 = 13 mask=00ff (pc=018446)
[   8.664] [packet-accepted] total=312 seq=37 flags=04 status=13 pc=01845e command=13 arg=01
[   8.681]   [header-byte] write $ffa517 = 13 mask=00ff (pc=018446)
[   8.681] [packet-accepted] total=313 seq=38 flags=04 status=13 pc=01845e command=13 arg=01
[   8.697]   [header-byte] write $ffa517 = 13 mask=00ff (pc=018446)
[   8.697] [packet-accepted] total=314 seq=39 flags=04 status=13 pc=01845e command=13 arg=01
[   8.714]   [header-byte] write $ffa517 = 13 mask=00ff (pc=018446)
[   8.714] [packet-accepted] total=315 seq=3a flags=04 status=13 pc=01845e command=13 arg=01
[   8.731]   [header-byte] write $ffa517 = 13 mask=00ff (pc=018446)
[   8.731] [packet-accepted] total=316 seq=3b flags=04 status=13 pc=01845e command=13 arg=01
[   8.749]   [header-byte] write $ffa517 = 13 mask=00ff (pc=018446)
[   8.749] [packet-accepted] total=317 seq=3c flags=04 status=13 pc=01845e command=13 arg=01
[   8.764]   [header-byte] write $ffa517 = 13 mask=00ff (pc=018446)
[   8.764] [packet-accepted] total=318 seq=3d flags=04 status=13 pc=01845e command=13 arg=01
[   8.781]   [header-byte] write $ffa517 = 13 mask=00ff (pc=018446)
[   8.781] [packet-accepted] total=319 seq=3e flags=04 status=13 pc=01845e command=13 arg=01
[   8.797]   [header-byte] write $ffa517 = 13 mask=00ff (pc=018446)
[   8.797] [packet-accepted] total=320 seq=3f flags=04 status=13 pc=01845e command=13 arg=01
[   8.814]   [header-byte] write $ffa517 = 13 mask=00ff (pc=018446)
[   8.814] [packet-accepted] total=321 seq=40 flags=04 status=13 pc=01845e command=13 arg=01
[   8.831]   [header-byte] write $ffa517 = 13 mask=00ff (pc=018446)
[   8.831] [packet-accepted] total=322 seq=41 flags=04 status=13 pc=01845e command=13 arg=01
[   8.847]   [header-byte] write $ffa517 = 13 mask=00ff (pc=018446)
[   8.847] [packet-accepted] total=323 seq=42 flags=04 status=13 pc=01845e command=13 arg=01
[   8.864]   [header-byte] write $ffa517 = 13 mask=00ff (pc=018446)
[   8.864] [packet-accepted] total=324 seq=43 flags=04 status=13 pc=01845e command=13 arg=01
[   8.881]   [header-byte] write $ffa517 = 13 mask=00ff (pc=018446)
[   8.881] [packet-accepted] total=325 seq=44 flags=04 status=13 pc=01845e command=13 arg=01
[   8.897]   [header-byte] write $ffa517 = 13 mask=00ff (pc=018446)
[   8.897] [packet-accepted] total=326 seq=45 flags=04 status=13 pc=01845e command=13 arg=01
[   8.916]   [header-byte] write $ffa517 = 13 mask=00ff (pc=018446)
[   8.916] [packet-accepted] total=327 seq=46 flags=04 status=13 pc=01845e command=13 arg=01
[   8.930]   [header-byte] write $ffa517 = 13 mask=00ff (pc=018446)
[   8.930] [packet-accepted] total=328 seq=47 flags=04 status=13 pc=01845e command=13 arg=01
[   8.947]   [header-byte] write $ffa517 = 13 mask=00ff (pc=018446)
[   8.947] [packet-accepted] total=329 seq=48 flags=04 status=13 pc=01845e command=13 arg=01
[   8.964]   [header-byte] write $ffa517 = 13 mask=00ff (pc=018446)
[   8.964] [packet-accepted] total=330 seq=49 flags=04 status=13 pc=01845e command=13 arg=01
[   8.980]   [header-byte] write $ffa517 = 13 mask=00ff (pc=018446)
[   8.980] [packet-accepted] total=331 seq=4a flags=04 status=13 pc=01845e command=13 arg=01
[   8.997]   [header-byte] write $ffa517 = 13 mask=00ff (pc=018446)
[   8.997] [packet-accepted] total=332 seq=4b flags=04 status=13 pc=01845e command=13 arg=01
[   9.012] heartbeat frame=540 tx=1478 rx=1646 fc=1 fd=10 fe=1 linkflag=82 pc=00028a a502=00 a524=0005 a525=05 a170=08 a17f=00 txtail=00c6 rxpend=0000
[   9.012] [transport] captured=1478 flushed=1478 received=1646 accepted=332 payload2=325 payload3=0 payload4=0 payload5=0 pump_reads=846 bursts=300 txcredit=0 outq=0 inq=0 watchdog=0 txseq=2d rxseq=4c rxcredit=5 protection=00 checks=0000
[   9.012] [epochs] local=1 peer=1 ready=true discarded_rx=0
[   9.012] [game-state] a142=04 a13e=02 a13f=03 a530=3301 a506=03 a507=00 a508=01 a7b0=0000 a7a6=1301 script=01a39e
[   9.012] [tcb-continuations] ffa580=ff80->018392 sleep=0 local26=7710 ffa5c0=ff80->01853c sleep=0 local26=0000 ffd040=ff80->018a40 sleep=0 local26=0300 ffd100=ff80->01fbb4 sleep=0 local26=0000 ffd140=ff80->01fbb6 sleep=0 local26=0002 ffd180=ff80->01fbb6 sleep=0 local26=00a2 ffd1c0=ff80->01fbb6 sleep=0 local26=01c2 ffd200=ff80->01fbb6 sleep=0 local26=02e2 ffd240=ff80->01902e sleep=0 local26=0000 ffd280=ff80->01ffe2 sleep=0 local26=0006 ffd2c0=ff80->020004 sleep=0 local26=0002 ffd300=ff80->020004 sleep=0 local26=0000
[   9.014]   [header-byte] write $ffa517 = 13 mask=00ff (pc=018446)
[   9.014] [packet-accepted] total=333 seq=4c flags=04 status=13 pc=01845e command=13 arg=01
[   9.031]   [header-byte] write $ffa517 = 13 mask=00ff (pc=018446)
[   9.031] [packet-accepted] total=334 seq=4d flags=04 status=13 pc=01845e command=13 arg=01
[   9.047]   [header-byte] write $ffa517 = 13 mask=00ff (pc=018446)
[   9.047] [packet-accepted] total=335 seq=4e flags=04 status=13 pc=01845e command=13 arg=01
[   9.064]   [header-byte] write $ffa517 = 13 mask=00ff (pc=018446)
[   9.064] [packet-accepted] total=336 seq=4f flags=04 status=13 pc=01845e command=13 arg=01
[   9.080]   [header-byte] write $ffa517 = 13 mask=00ff (pc=018446)
[   9.080] [packet-accepted] total=337 seq=50 flags=04 status=13 pc=01845e command=13 arg=01
[   9.097]   [header-byte] write $ffa517 = 13 mask=00ff (pc=018446)
[   9.097] [packet-accepted] total=338 seq=51 flags=04 status=13 pc=01845e command=13 arg=01
[   9.114]   [header-byte] write $ffa517 = 13 mask=00ff (pc=018446)
[   9.114] [packet-accepted] total=339 seq=52 flags=04 status=13 pc=01845e command=13 arg=01
[   9.130]   [header-byte] write $ffa517 = 13 mask=00ff (pc=018446)
[   9.131] [packet-accepted] total=340 seq=53 flags=04 status=13 pc=01845e command=13 arg=01
[   9.147]   [header-byte] write $ffa517 = 13 mask=00ff (pc=018446)
[   9.147] [packet-accepted] total=341 seq=54 flags=04 status=13 pc=01845e command=13 arg=01
[   9.164]   [header-byte] write $ffa517 = 13 mask=00ff (pc=018446)
[   9.164] [packet-accepted] total=342 seq=55 flags=04 status=13 pc=01845e command=13 arg=01
[   9.181]   [header-byte] write $ffa517 = 13 mask=00ff (pc=018446)
[   9.181] [packet-accepted] total=343 seq=56 flags=04 status=13 pc=01845e command=13 arg=01
[   9.197]   [header-byte] write $ffa517 = 13 mask=00ff (pc=018446)
[   9.197] [packet-accepted] total=344 seq=57 flags=04 status=13 pc=01845e command=13 arg=01
[   9.214]   [header-byte] write $ffa517 = 13 mask=00ff (pc=018446)
[   9.214] [packet-accepted] total=345 seq=58 flags=04 status=13 pc=01845e command=13 arg=01
[   9.233]   [header-byte] write $ffa517 = 13 mask=00ff (pc=018446)
[   9.233] [packet-accepted] total=346 seq=59 flags=04 status=13 pc=01845e command=13 arg=01
[   9.248]   [header-byte] write $ffa517 = 13 mask=00ff (pc=018446)
[   9.248] [packet-accepted] total=347 seq=5a flags=04 status=13 pc=01845e command=13 arg=01
[   9.264]   [header-byte] write $ffa517 = 13 mask=00ff (pc=018446)
[   9.264] [packet-accepted] total=348 seq=5b flags=04 status=13 pc=01845e command=13 arg=01
[   9.281]   [header-byte] write $ffa517 = 13 mask=00ff (pc=018446)
[   9.281] [packet-accepted] total=349 seq=5c flags=04 status=13 pc=01845e command=13 arg=01
[   9.298]   [header-byte] write $ffa517 = 13 mask=00ff (pc=018446)
[   9.298] [packet-accepted] total=350 seq=5d flags=04 status=13 pc=01845e command=13 arg=01
[   9.314]   [header-byte] write $ffa517 = 13 mask=00ff (pc=018446)
[   9.314] [packet-accepted] total=351 seq=5e flags=04 status=13 pc=01845e command=13 arg=01
[   9.331]   [header-byte] write $ffa517 = 13 mask=00ff (pc=018446)
[   9.331] [packet-accepted] total=352 seq=5f flags=04 status=13 pc=01845e command=13 arg=01
[   9.348]   [header-byte] write $ffa517 = 13 mask=00ff (pc=018446)
[   9.348] [packet-accepted] total=353 seq=60 flags=04 status=13 pc=01845e command=13 arg=01
[   9.364]   [header-byte] write $ffa517 = 13 mask=00ff (pc=018446)
[   9.364] [packet-accepted] total=354 seq=61 flags=04 status=13 pc=01845e command=13 arg=01
[   9.383]   [header-byte] write $ffa517 = 13 mask=00ff (pc=018446)
[   9.383] [packet-accepted] total=355 seq=62 flags=04 status=13 pc=01845e command=13 arg=01
[   9.398]   [header-byte] write $ffa517 = 13 mask=00ff (pc=018446)
[   9.398] [packet-accepted] total=356 seq=63 flags=04 status=13 pc=01845e command=13 arg=01
[   9.414]   [header-byte] write $ffa517 = 13 mask=00ff (pc=018446)
[   9.414] [packet-accepted] total=357 seq=64 flags=04 status=13 pc=01845e command=13 arg=01
[   9.431]   [header-byte] write $ffa517 = 13 mask=00ff (pc=018446)
[   9.431] [packet-accepted] total=358 seq=65 flags=04 status=13 pc=01845e command=13 arg=01
[   9.448]   [header-byte] write $ffa517 = 13 mask=00ff (pc=018446)
[   9.448] [packet-accepted] total=359 seq=66 flags=04 status=13 pc=01845e command=13 arg=01
[   9.465]   [header-byte] write $ffa517 = 13 mask=00ff (pc=018446)
[   9.465] [packet-accepted] total=360 seq=67 flags=04 status=13 pc=01845e command=13 arg=01
[   9.481]   [header-byte] write $ffa517 = 13 mask=00ff (pc=018446)
[   9.481] [packet-accepted] total=361 seq=68 flags=04 status=13 pc=01845e command=13 arg=01
[   9.498]   [header-byte] write $ffa517 = 13 mask=00ff (pc=018446)
[   9.498] [packet-accepted] total=362 seq=69 flags=04 status=13 pc=01845e command=13 arg=01
[   9.515]   [header-byte] write $ffa517 = 13 mask=00ff (pc=018446)
[   9.515] [packet-accepted] total=363 seq=6a flags=04 status=13 pc=01845e command=13 arg=01
[   9.529] [protection-state] address=ffa020 data=3030 mask=ff00 pc=000948
[   9.529] [protection-state] address=ffa020 data=3030 mask=00ff pc=000952
[   9.531]   [header-byte] write $ffa517 = 13 mask=00ff (pc=018446)
[   9.531] [packet-accepted] total=364 seq=6b flags=04 status=13 pc=01845e command=13 arg=01
[   9.546] [protection-state] address=ffa020 data=0000 mask=00ff pc=000952
[   9.548]   [header-byte] write $ffa517 = 13 mask=00ff (pc=018446)
[   9.548] [packet-accepted] total=365 seq=6c flags=04 status=13 pc=01845e command=13 arg=01
[   9.564]   [header-byte] write $ffa517 = 13 mask=00ff (pc=018446)
[   9.564] [packet-accepted] total=366 seq=6d flags=04 status=13 pc=01845e command=13 arg=01
[   9.579] [protection-state] address=ffa020 data=0000 mask=ff00 pc=000948
[   9.581]   [header-byte] write $ffa517 = 13 mask=00ff (pc=018446)
[   9.581] [packet-accepted] total=367 seq=6e flags=04 status=13 pc=01845e command=13 arg=01
[   9.598]   [header-byte] write $ffa517 = 13 mask=00ff (pc=018446)
[   9.598] [packet-accepted] total=368 seq=6f flags=04 status=13 pc=01845e command=13 arg=01
[   9.615]   [header-byte] write $ffa517 = 13 mask=00ff (pc=018446)
[   9.615] [packet-accepted] total=369 seq=70 flags=04 status=13 pc=01845e command=13 arg=01
[   9.631]   [header-byte] write $ffa517 = 13 mask=00ff (pc=018446)
[   9.631] [packet-accepted] total=370 seq=71 flags=04 status=13 pc=01845e command=13 arg=01
[   9.648]   [header-byte] write $ffa517 = 13 mask=00ff (pc=018446)
[   9.648] [packet-accepted] total=371 seq=72 flags=04 status=13 pc=01845e command=13 arg=01
[   9.665]   [header-byte] write $ffa517 = 13 mask=00ff (pc=018446)
[   9.665] [packet-accepted] total=372 seq=73 flags=04 status=13 pc=01845e command=13 arg=01
[   9.681]   [header-byte] write $ffa517 = 13 mask=00ff (pc=018446)
[   9.681] [packet-accepted] total=373 seq=74 flags=04 status=13 pc=01845e command=13 arg=01
[   9.700]   [header-byte] write $ffa517 = 13 mask=00ff (pc=018446)
[   9.700] [packet-accepted] total=374 seq=75 flags=04 status=13 pc=01845e command=13 arg=01
[   9.715]   [header-byte] write $ffa517 = 13 mask=00ff (pc=018446)
[   9.715] [packet-accepted] total=375 seq=76 flags=04 status=13 pc=01845e command=13 arg=01
[   9.731]   [header-byte] write $ffa517 = 13 mask=00ff (pc=018446)
[   9.732] [packet-accepted] total=376 seq=77 flags=04 status=13 pc=01845e command=13 arg=01
[   9.748]   [header-byte] write $ffa517 = 13 mask=00ff (pc=018446)
[   9.748] [packet-accepted] total=377 seq=78 flags=04 status=13 pc=01845e command=13 arg=01
[   9.765]   [header-byte] write $ffa517 = 13 mask=00ff (pc=018446)
[   9.765] [packet-accepted] total=378 seq=79 flags=04 status=13 pc=01845e command=13 arg=01
[   9.782]   [header-byte] write $ffa517 = 13 mask=00ff (pc=018446)
[   9.782] [packet-accepted] total=379 seq=7a flags=04 status=13 pc=01845e command=13 arg=01
[   9.798]   [header-byte] write $ffa517 = 13 mask=00ff (pc=018446)
[   9.798] [packet-accepted] total=380 seq=7b flags=04 status=13 pc=01845e command=13 arg=01
[   9.815]   [header-byte] write $ffa517 = 13 mask=00ff (pc=018446)
[   9.815] [packet-accepted] total=381 seq=7c flags=04 status=13 pc=01845e command=13 arg=01
[   9.832]   [header-byte] write $ffa517 = 13 mask=00ff (pc=018446)
[   9.832] [packet-accepted] total=382 seq=7d flags=04 status=13 pc=01845e command=13 arg=01
[   9.848]   [header-byte] write $ffa517 = 13 mask=00ff (pc=018446)
[   9.848] [packet-accepted] total=383 seq=7e flags=04 status=13 pc=01845e command=13 arg=01
[   9.866]   [header-byte] write $ffa517 = 13 mask=00ff (pc=018446)
[   9.866] [packet-accepted] total=384 seq=7f flags=04 status=13 pc=01845e command=13 arg=01
[   9.882]   [header-byte] write $ffa517 = 13 mask=00ff (pc=018446)
[   9.882] [packet-accepted] total=385 seq=80 flags=04 status=13 pc=01845e command=13 arg=01
[   9.899]   [header-byte] write $ffa517 = 13 mask=00ff (pc=018446)
[   9.899] [packet-accepted] total=386 seq=81 flags=04 status=13 pc=01845e command=13 arg=01
[   9.915]   [header-byte] write $ffa517 = 13 mask=00ff (pc=018446)
[   9.915] [packet-accepted] total=387 seq=82 flags=04 status=13 pc=01845e command=13 arg=01
[   9.932]   [header-byte] write $ffa517 = 13 mask=00ff (pc=018446)
[   9.932] [packet-accepted] total=388 seq=83 flags=04 status=13 pc=01845e command=13 arg=01
[   9.949]   [header-byte] write $ffa517 = 13 mask=00ff (pc=018446)
[   9.949] [packet-accepted] total=389 seq=84 flags=04 status=13 pc=01845e command=13 arg=01
[   9.965]   [header-byte] write $ffa517 = 13 mask=00ff (pc=018446)
[   9.965] [packet-accepted] total=390 seq=85 flags=04 status=13 pc=01845e command=13 arg=01
[   9.982]   [header-byte] write $ffa517 = 13 mask=00ff (pc=018446)
[   9.982] [packet-accepted] total=391 seq=86 flags=04 status=13 pc=01845e command=13 arg=01
[   9.999]   [header-byte] write $ffa517 = 13 mask=00ff (pc=018446)
[   9.999] [packet-accepted] total=392 seq=87 flags=04 status=13 pc=01845e command=13 arg=01
[  10.013] heartbeat frame=600 tx=1778 rx=1946 fc=1 fd=10 fe=1 linkflag=82 pc=000288 a502=00 a524=0005 a525=05 a170=08 a17f=00 txtail=00f2 rxpend=0000
[  10.013] [transport] captured=1778 flushed=1778 received=1946 accepted=392 payload2=385 payload3=0 payload4=0 payload5=0 pump_reads=966 bursts=360 txcredit=0 outq=0 inq=0 watchdog=0 txseq=69 rxseq=88 rxcredit=5 protection=00 checks=0000
[  10.013] [epochs] local=1 peer=1 ready=true discarded_rx=0
[  10.013] [tcb-continuations] ffa580=ff80->018392 sleep=0 local26=7710 ffa5c0=ff80->01853c sleep=0 local26=0000 ffd040=ff80->018a40 sleep=0 local26=0300 ffd100=ff80->01fbb4 sleep=0 local26=0000 ffd140=ff80->01fbb6 sleep=0 local26=0002 ffd180=ff80->01fbb6 sleep=0 local26=00a2 ffd1c0=ff80->01fbb6 sleep=0 local26=01c2 ffd200=ff80->01fbb6 sleep=0 local26=02e2 ffd240=ff80->01902e sleep=0 local26=0000 ffd280=ff80->01ffe2 sleep=0 local26=0005 ffd2c0=ff80->020004 sleep=0 local26=0002 ffd300=ff80->020004 sleep=0 local26=0000
[  10.015]   [header-byte] write $ffa517 = 13 mask=00ff (pc=018446)
[  10.015] [packet-accepted] total=393 seq=88 flags=04 status=13 pc=01845e command=13 arg=01
[  10.032]   [header-byte] write $ffa517 = 13 mask=00ff (pc=018446)
[  10.032] [packet-accepted] total=394 seq=89 flags=04 status=13 pc=01845e command=13 arg=01
[  10.049]   [header-byte] write $ffa517 = 13 mask=00ff (pc=018446)
[  10.049] [packet-accepted] total=395 seq=8a flags=04 status=13 pc=01845e command=13 arg=01
[  10.065]   [header-byte] write $ffa517 = 13 mask=00ff (pc=018446)
[  10.066] [packet-accepted] total=396 seq=8b flags=04 status=13 pc=01845e command=13 arg=01
[  10.082]   [header-byte] write $ffa517 = 13 mask=00ff (pc=018446)
[  10.082] [packet-accepted] total=397 seq=8c flags=04 status=13 pc=01845e command=13 arg=01
[  10.099]   [header-byte] write $ffa517 = 13 mask=00ff (pc=018446)
[  10.099] [packet-accepted] total=398 seq=8d flags=04 status=13 pc=01845e command=13 arg=01
[  10.115]   [header-byte] write $ffa517 = 13 mask=00ff (pc=018446)
[  10.115] [packet-accepted] total=399 seq=8e flags=04 status=13 pc=01845e command=13 arg=01
[  10.132]   [header-byte] write $ffa517 = 13 mask=00ff (pc=018446)
[  10.132] [packet-accepted] total=400 seq=8f flags=04 status=13 pc=01845e command=13 arg=01
[  10.149]   [header-byte] write $ffa517 = 13 mask=00ff (pc=018446)
[  10.149] [packet-accepted] total=401 seq=90 flags=04 status=13 pc=01845e command=13 arg=01
[  10.165]   [header-byte] write $ffa517 = 13 mask=00ff (pc=018446)
[  10.165] [packet-accepted] total=402 seq=91 flags=04 status=13 pc=01845e command=13 arg=01
[  10.184]   [header-byte] write $ffa517 = 13 mask=00ff (pc=018446)
[  10.184] [packet-accepted] total=403 seq=92 flags=04 status=13 pc=01845e command=13 arg=01
[  10.199]   [header-byte] write $ffa517 = 13 mask=00ff (pc=018446)
[  10.199] [packet-accepted] total=404 seq=93 flags=04 status=13 pc=01845e command=13 arg=01
[  10.216]   [header-byte] write $ffa517 = 13 mask=00ff (pc=018446)
[  10.216] [packet-accepted] total=405 seq=94 flags=04 status=13 pc=01845e command=13 arg=01
[  10.232]   [header-byte] write $ffa517 = 13 mask=00ff (pc=018446)
[  10.232] [packet-accepted] total=406 seq=95 flags=04 status=13 pc=01845e command=13 arg=01
[  10.249]   [header-byte] write $ffa517 = 13 mask=00ff (pc=018446)
[  10.249] [packet-accepted] total=407 seq=96 flags=04 status=13 pc=01845e command=13 arg=01
[  10.266]   [header-byte] write $ffa517 = 13 mask=00ff (pc=018446)
[  10.266] [packet-accepted] total=408 seq=97 flags=04 status=13 pc=01845e command=13 arg=01
[  10.282]   [header-byte] write $ffa517 = 13 mask=00ff (pc=018446)
[  10.282] [packet-accepted] total=409 seq=98 flags=04 status=13 pc=01845e command=13 arg=01
[  10.299]   [header-byte] write $ffa517 = 13 mask=00ff (pc=018446)
[  10.299] [packet-accepted] total=410 seq=99 flags=04 status=13 pc=01845e command=13 arg=01
[  10.316]   [header-byte] write $ffa517 = 13 mask=00ff (pc=018446)
[  10.316] [packet-accepted] total=411 seq=9a flags=04 status=13 pc=01845e command=13 arg=01
[  10.334]   [header-byte] write $ffa517 = 13 mask=00ff (pc=018446)
[  10.334] [packet-accepted] total=412 seq=9b flags=04 status=13 pc=01845e command=13 arg=01
[  10.349]   [header-byte] write $ffa517 = 13 mask=00ff (pc=018446)
[  10.349] [packet-accepted] total=413 seq=9c flags=04 status=13 pc=01845e command=13 arg=01
[  10.366]   [header-byte] write $ffa517 = 13 mask=00ff (pc=018446)
[  10.366] [packet-accepted] total=414 seq=9d flags=04 status=13 pc=01845e command=13 arg=01
[  10.383]   [header-byte] write $ffa517 = 13 mask=00ff (pc=018446)
[  10.383] [packet-accepted] total=415 seq=9e flags=04 status=13 pc=01845e command=13 arg=01
[  10.399]   [header-byte] write $ffa517 = 13 mask=00ff (pc=018446)
[  10.399] [packet-accepted] total=416 seq=9f flags=04 status=13 pc=01845e command=13 arg=01
[  10.416]   [header-byte] write $ffa517 = 13 mask=00ff (pc=018446)
[  10.416] [packet-accepted] total=417 seq=a0 flags=04 status=13 pc=01845e command=13 arg=01
[  10.433]   [header-byte] write $ffa517 = 13 mask=00ff (pc=018446)
[  10.433] [packet-accepted] total=418 seq=a1 flags=04 status=13 pc=01845e command=13 arg=01
[  10.449]   [header-byte] write $ffa517 = 13 mask=00ff (pc=018446)
[  10.449] [packet-accepted] total=419 seq=a2 flags=04 status=13 pc=01845e command=13 arg=01
[  10.466]   [header-byte] write $ffa517 = 13 mask=00ff (pc=018446)
[  10.466] [packet-accepted] total=420 seq=a3 flags=04 status=13 pc=01845e command=13 arg=01
[  10.483]   [header-byte] write $ffa517 = 13 mask=00ff (pc=018446)
[  10.483] [packet-accepted] total=421 seq=a4 flags=04 status=13 pc=01845e command=13 arg=01
[  10.500]   [header-byte] write $ffa517 = 13 mask=00ff (pc=018446)
[  10.500] [packet-accepted] total=422 seq=a5 flags=04 status=13 pc=01845e command=13 arg=01
[  10.516]   [header-byte] write $ffa517 = 13 mask=00ff (pc=018446)
[  10.516] [packet-accepted] total=423 seq=a6 flags=04 status=13 pc=01845e command=13 arg=01
[  10.533]   [header-byte] write $ffa517 = 13 mask=00ff (pc=018446)
[  10.533] [packet-accepted] total=424 seq=a7 flags=04 status=13 pc=01845e command=13 arg=01
[  10.551]   [header-byte] write $ffa517 = 13 mask=00ff (pc=018446)
[  10.551] [packet-accepted] total=425 seq=a8 flags=04 status=13 pc=01845e command=13 arg=01
[  10.566]   [header-byte] write $ffa517 = 13 mask=00ff (pc=018446)
[  10.566] [packet-accepted] total=426 seq=a9 flags=04 status=13 pc=01845e command=13 arg=01
[  10.583]   [header-byte] write $ffa517 = 13 mask=00ff (pc=018446)
[  10.583] [packet-accepted] total=427 seq=aa flags=04 status=13 pc=01845e command=13 arg=01
[  10.599]   [header-byte] write $ffa517 = 13 mask=00ff (pc=018446)
[  10.599] [packet-accepted] total=428 seq=ab flags=04 status=13 pc=01845e command=13 arg=01
[  10.616]   [header-byte] write $ffa517 = 13 mask=00ff (pc=018446)
[  10.616] [packet-accepted] total=429 seq=ac flags=04 status=13 pc=01845e command=13 arg=01
[  10.633]   [header-byte] write $ffa517 = 13 mask=00ff (pc=018446)
[  10.633] [packet-accepted] total=430 seq=ad flags=04 status=13 pc=01845e command=13 arg=01
[  10.650]   [header-byte] write $ffa517 = 13 mask=00ff (pc=018446)
[  10.650] [packet-accepted] total=431 seq=ae flags=04 status=13 pc=01845e command=13 arg=01
[  10.666]   [header-byte] write $ffa517 = 13 mask=00ff (pc=018446)
[  10.666] [packet-accepted] total=432 seq=af flags=04 status=13 pc=01845e command=13 arg=01
[  10.683]   [header-byte] write $ffa517 = 13 mask=00ff (pc=018446)
[  10.683] [packet-accepted] total=433 seq=b0 flags=04 status=13 pc=01845e command=13 arg=01
[  10.700]   [header-byte] write $ffa517 = 13 mask=00ff (pc=018446)
[  10.700] [packet-accepted] total=434 seq=b1 flags=04 status=13 pc=01845e command=13 arg=01
[  10.716]   [header-byte] write $ffa517 = 13 mask=00ff (pc=018446)
[  10.716] [packet-accepted] total=435 seq=b2 flags=04 status=13 pc=01845e command=13 arg=01
[  10.733]   [header-byte] write $ffa517 = 13 mask=00ff (pc=018446)
[  10.733] [packet-accepted] total=436 seq=b3 flags=04 status=13 pc=01845e command=13 arg=01
[  10.750]   [header-byte] write $ffa517 = 13 mask=00ff (pc=018446)
[  10.750] [packet-accepted] total=437 seq=b4 flags=04 status=13 pc=01845e command=13 arg=01
[  10.766]   [header-byte] write $ffa517 = 13 mask=00ff (pc=018446)
[  10.766] [packet-accepted] total=438 seq=b5 flags=04 status=13 pc=01845e command=13 arg=01
[  10.783]   [header-byte] write $ffa517 = 13 mask=00ff (pc=018446)
[  10.783] [packet-accepted] total=439 seq=b6 flags=04 status=13 pc=01845e command=13 arg=01
[  10.800]   [header-byte] write $ffa517 = 13 mask=00ff (pc=018446)
[  10.800] [packet-accepted] total=440 seq=b7 flags=04 status=13 pc=01845e command=13 arg=01
[  10.818]   [header-byte] write $ffa517 = 13 mask=00ff (pc=018446)
[  10.818] [packet-accepted] total=441 seq=b8 flags=04 status=13 pc=01845e command=13 arg=01
[  10.833]   [header-byte] write $ffa517 = 13 mask=00ff (pc=018446)
[  10.833] [packet-accepted] total=442 seq=b9 flags=04 status=13 pc=01845e command=13 arg=01
[  10.850]   [header-byte] write $ffa517 = 13 mask=00ff (pc=018446)
[  10.850] [packet-accepted] total=443 seq=ba flags=04 status=13 pc=01845e command=13 arg=01
[  10.866]   [header-byte] write $ffa517 = 13 mask=00ff (pc=018446)
[  10.866] [packet-accepted] total=444 seq=bb flags=04 status=13 pc=01845e command=13 arg=01
[  10.883]   [header-byte] write $ffa517 = 13 mask=00ff (pc=018446)
[  10.883] [packet-accepted] total=445 seq=bc flags=04 status=13 pc=01845e command=13 arg=01
[  10.899]   [header-byte] write $ffa517 = 13 mask=00ff (pc=018446)
[  10.899] [packet-accepted] total=446 seq=bd flags=04 status=13 pc=01845e command=13 arg=01
[  10.916]   [header-byte] write $ffa517 = 13 mask=00ff (pc=018446)
[  10.916] [packet-accepted] total=447 seq=be flags=04 status=13 pc=01845e command=13 arg=01
[  10.933]   [header-byte] write $ffa517 = 13 mask=00ff (pc=018446)
[  10.933] [packet-accepted] total=448 seq=bf flags=04 status=13 pc=01845e command=13 arg=01
[  10.950]   [header-byte] write $ffa517 = 13 mask=00ff (pc=018446)
[  10.950] [packet-accepted] total=449 seq=c0 flags=04 status=13 pc=01845e command=13 arg=01
[  10.966]   [header-byte] write $ffa517 = 13 mask=00ff (pc=018446)
[  10.966] [packet-accepted] total=450 seq=c1 flags=04 status=13 pc=01845e command=13 arg=01
[  10.983]   [header-byte] write $ffa517 = 13 mask=00ff (pc=018446)
[  10.983] [packet-accepted] total=451 seq=c2 flags=04 status=13 pc=01845e command=13 arg=01
[  10.999]   [header-byte] write $ffa517 = 13 mask=00ff (pc=018446)
[  10.999] [packet-accepted] total=452 seq=c3 flags=04 status=13 pc=01845e command=13 arg=01
[  11.014] heartbeat frame=660 tx=2078 rx=2246 fc=1 fd=10 fe=1 linkflag=82 pc=00028a a502=00 a524=0005 a525=05 a170=08 a17f=00 txtail=001e rxpend=0000
[  11.014] [transport] captured=2078 flushed=2078 received=2246 accepted=452 payload2=445 payload3=0 payload4=0 payload5=0 pump_reads=1086 bursts=420 txcredit=0 outq=0 inq=0 watchdog=0 txseq=a5 rxseq=c4 rxcredit=5 protection=00 checks=0000
[  11.014] [epochs] local=1 peer=1 ready=true discarded_rx=0
[  11.014] [tcb-continuations] ffa580=ff80->018392 sleep=0 local26=7710 ffa5c0=ff80->01853c sleep=0 local26=0000 ffd040=ff80->018a40 sleep=0 local26=0300 ffd100=ff80->01fbb4 sleep=0 local26=0000 ffd140=ff80->01fbb6 sleep=0 local26=0002 ffd180=ff80->01fbb6 sleep=0 local26=00a2 ffd1c0=ff80->01fbb6 sleep=0 local26=01c2 ffd200=ff80->01fbb6 sleep=0 local26=02e2 ffd240=ff80->01902e sleep=0 local26=0000 ffd280=ff80->01ffe2 sleep=0 local26=0004 ffd2c0=ff80->020004 sleep=0 local26=0002 ffd300=ff80->020004 sleep=0 local26=0000
[  11.016]   [header-byte] write $ffa517 = 13 mask=00ff (pc=018446)
[  11.016] [packet-accepted] total=453 seq=c4 flags=04 status=13 pc=01845e command=13 arg=01
[  11.033]   [header-byte] write $ffa517 = 13 mask=00ff (pc=018446)
[  11.033] [packet-accepted] total=454 seq=c5 flags=04 status=13 pc=01845e command=13 arg=01
[  11.050]   [header-byte] write $ffa517 = 13 mask=00ff (pc=018446)
[  11.050] [packet-accepted] total=455 seq=c6 flags=04 status=13 pc=01845e command=13 arg=01
[  11.066]   [header-byte] write $ffa517 = 13 mask=00ff (pc=018446)
[  11.066] [packet-accepted] total=456 seq=c7 flags=04 status=13 pc=01845e command=13 arg=01
[  11.083]   [header-byte] write $ffa517 = 13 mask=00ff (pc=018446)
[  11.083] [packet-accepted] total=457 seq=c8 flags=04 status=13 pc=01845e command=13 arg=01
[  11.100]   [header-byte] write $ffa517 = 13 mask=00ff (pc=018446)
[  11.100] [packet-accepted] total=458 seq=c9 flags=04 status=13 pc=01845e command=13 arg=01
[  11.116]   [header-byte] write $ffa517 = 13 mask=00ff (pc=018446)
[  11.116] [packet-accepted] total=459 seq=ca flags=04 status=13 pc=01845e command=13 arg=01
[  11.133]   [header-byte] write $ffa517 = 13 mask=00ff (pc=018446)
[  11.133] [packet-accepted] total=460 seq=cb flags=04 status=13 pc=01845e command=13 arg=01
[  11.150]   [header-byte] write $ffa517 = 13 mask=00ff (pc=018446)
[  11.150] [packet-accepted] total=461 seq=cc flags=04 status=13 pc=01845e command=13 arg=01
[  11.166]   [header-byte] write $ffa517 = 13 mask=00ff (pc=018446)
[  11.166] [packet-accepted] total=462 seq=cd flags=04 status=13 pc=01845e command=13 arg=01
[  11.183]   [header-byte] write $ffa517 = 13 mask=00ff (pc=018446)
[  11.183] [packet-accepted] total=463 seq=ce flags=04 status=13 pc=01845e command=13 arg=01
[  11.200]   [header-byte] write $ffa517 = 13 mask=00ff (pc=018446)
[  11.200] [packet-accepted] total=464 seq=cf flags=04 status=13 pc=01845e command=13 arg=01
[  11.216]   [header-byte] write $ffa517 = 13 mask=00ff (pc=018446)
[  11.216] [packet-accepted] total=465 seq=d0 flags=04 status=13 pc=01845e command=13 arg=01
[  11.233]   [header-byte] write $ffa517 = 13 mask=00ff (pc=018446)
[  11.233] [packet-accepted] total=466 seq=d1 flags=04 status=13 pc=01845e command=13 arg=01
[  11.250]   [header-byte] write $ffa517 = 13 mask=00ff (pc=018446)
[  11.250] [packet-accepted] total=467 seq=d2 flags=04 status=13 pc=01845e command=13 arg=01
[  11.266]   [header-byte] write $ffa517 = 13 mask=00ff (pc=018446)
[  11.266] [packet-accepted] total=468 seq=d3 flags=04 status=13 pc=01845e command=13 arg=01
[  11.285]   [header-byte] write $ffa517 = 13 mask=00ff (pc=018446)
[  11.285] [packet-accepted] total=469 seq=d4 flags=04 status=13 pc=01845e command=13 arg=01
[  11.300]   [header-byte] write $ffa517 = 13 mask=00ff (pc=018446)
[  11.300] [packet-accepted] total=470 seq=d5 flags=04 status=13 pc=01845e command=13 arg=01
[  11.317]   [header-byte] write $ffa517 = 13 mask=00ff (pc=018446)
[  11.317] [packet-accepted] total=471 seq=d6 flags=04 status=13 pc=01845e command=13 arg=01
[  11.333]   [header-byte] write $ffa517 = 13 mask=00ff (pc=018446)
[  11.333] [packet-accepted] total=472 seq=d7 flags=04 status=13 pc=01845e command=13 arg=01
[  11.350]   [header-byte] write $ffa517 = 13 mask=00ff (pc=018446)
[  11.350] [packet-accepted] total=473 seq=d8 flags=04 status=13 pc=01845e command=13 arg=01
[  11.367]   [header-byte] write $ffa517 = 13 mask=00ff (pc=018446)
[  11.367] [packet-accepted] total=474 seq=d9 flags=04 status=13 pc=01845e command=13 arg=01
[  11.383]   [header-byte] write $ffa517 = 13 mask=00ff (pc=018446)
[  11.383] [packet-accepted] total=475 seq=da flags=04 status=13 pc=01845e command=13 arg=01
[  11.400]   [header-byte] write $ffa517 = 13 mask=00ff (pc=018446)
[  11.400] [packet-accepted] total=476 seq=db flags=04 status=13 pc=01845e command=13 arg=01
[  11.417]   [header-byte] write $ffa517 = 13 mask=00ff (pc=018446)
[  11.417] [packet-accepted] total=477 seq=dc flags=04 status=13 pc=01845e command=13 arg=01
[  11.433]   [header-byte] write $ffa517 = 13 mask=00ff (pc=018446)
[  11.434] [packet-accepted] total=478 seq=dd flags=04 status=13 pc=01845e command=13 arg=01
[  11.450]   [header-byte] write $ffa517 = 13 mask=00ff (pc=018446)
[  11.450] [packet-accepted] total=479 seq=de flags=04 status=13 pc=01845e command=13 arg=01
[  11.467]   [header-byte] write $ffa517 = 13 mask=00ff (pc=018446)
[  11.467] [packet-accepted] total=480 seq=df flags=04 status=13 pc=01845e command=13 arg=01
[  11.484]   [header-byte] write $ffa517 = 13 mask=00ff (pc=018446)
[  11.484] [packet-accepted] total=481 seq=e0 flags=04 status=13 pc=01845e command=13 arg=01
[  11.500]   [header-byte] write $ffa517 = 13 mask=00ff (pc=018446)
[  11.500] [packet-accepted] total=482 seq=e1 flags=04 status=13 pc=01845e command=13 arg=01
[  11.517]   [header-byte] write $ffa517 = 13 mask=00ff (pc=018446)
[  11.517] [packet-accepted] total=483 seq=e2 flags=04 status=13 pc=01845e command=13 arg=01
[  11.534]   [header-byte] write $ffa517 = 13 mask=00ff (pc=018446)
[  11.534] [packet-accepted] total=484 seq=e3 flags=04 status=13 pc=01845e command=13 arg=01
[  11.550]   [header-byte] write $ffa517 = 13 mask=00ff (pc=018446)
[  11.550] [packet-accepted] total=485 seq=e4 flags=04 status=13 pc=01845e command=13 arg=01
[  11.567]   [header-byte] write $ffa517 = 13 mask=00ff (pc=018446)
[  11.567] [packet-accepted] total=486 seq=e5 flags=04 status=13 pc=01845e command=13 arg=01
[  11.584]   [header-byte] write $ffa517 = 13 mask=00ff (pc=018446)
[  11.584] [packet-accepted] total=487 seq=e6 flags=04 status=13 pc=01845e command=13 arg=01
[  11.600]   [header-byte] write $ffa517 = 13 mask=00ff (pc=018446)
[  11.600] [packet-accepted] total=488 seq=e7 flags=04 status=13 pc=01845e command=13 arg=01
[  11.617]   [header-byte] write $ffa517 = 13 mask=00ff (pc=018446)
[  11.617] [packet-accepted] total=489 seq=e8 flags=04 status=13 pc=01845e command=13 arg=01
[  11.634]   [header-byte] write $ffa517 = 13 mask=00ff (pc=018446)
[  11.634] [packet-accepted] total=490 seq=e9 flags=04 status=13 pc=01845e command=13 arg=01
[  11.651]   [header-byte] write $ffa517 = 13 mask=00ff (pc=018446)
[  11.651] [packet-accepted] total=491 seq=ea flags=04 status=13 pc=01845e command=13 arg=01
[  11.667]   [header-byte] write $ffa517 = 13 mask=00ff (pc=018446)
[  11.667] [packet-accepted] total=492 seq=eb flags=04 status=13 pc=01845e command=13 arg=01
[  11.684]   [header-byte] write $ffa517 = 13 mask=00ff (pc=018446)
[  11.684] [packet-accepted] total=493 seq=ec flags=04 status=13 pc=01845e command=13 arg=01
[  11.701]   [header-byte] write $ffa517 = 13 mask=00ff (pc=018446)
[  11.701] [packet-accepted] total=494 seq=ed flags=04 status=13 pc=01845e command=13 arg=01
[  11.717]   [header-byte] write $ffa517 = 13 mask=00ff (pc=018446)
[  11.717] [packet-accepted] total=495 seq=ee flags=04 status=13 pc=01845e command=13 arg=01
[  11.734]   [header-byte] write $ffa517 = 13 mask=00ff (pc=018446)
[  11.734] [packet-accepted] total=496 seq=ef flags=04 status=13 pc=01845e command=13 arg=01
[  11.751]   [header-byte] write $ffa517 = 13 mask=00ff (pc=018446)
[  11.751] [packet-accepted] total=497 seq=f0 flags=04 status=13 pc=01845e command=13 arg=01
[  11.768]   [header-byte] write $ffa517 = 13 mask=00ff (pc=018446)
[  11.768] [packet-accepted] total=498 seq=f1 flags=04 status=13 pc=01845e command=53 arg=01
[  11.768] [game-command] data=7373 mask=ff00 pc=018b72 requests=04
[  11.801]   [header-byte] write $ffa517 = 13 mask=00ff (pc=018446)
[  11.801] [packet-accepted] total=499 seq=f2 flags=04 status=13 pc=01845e command=83 arg=13
[  11.801] [game-command] data=3333 mask=00ff pc=018c2c requests=00
[  11.801] [game-command] data=8383 mask=ff00 pc=018c34 requests=00
[  12.015] heartbeat frame=720 tx=2318 rx=2481 fc=1 fd=10 fe=1 linkflag=82 pc=00028a a502=00 a524=0000 a525=00 a170=08 a17f=00 txtail=000e rxpend=0000
[  12.015] [transport] captured=2318 flushed=2318 received=2481 accepted=499 payload2=492 payload3=0 payload4=0 payload5=0 pump_reads=1193 bursts=468 txcredit=0 outq=0 inq=0 watchdog=12 txseq=d4 rxseq=f3 rxcredit=0 protection=00 checks=0000
[  12.015] [epochs] local=1 peer=1 ready=true discarded_rx=0
[  12.015] [game-state] a142=04 a13e=03 a13f=07 a530=8333 a506=03 a507=01 a508=01 a7b0=0000 a7a6=8313 script=01a39e
[  12.015] [tcb-continuations] ffa580=ff80->018392 sleep=0 local26=7710 ffa5c0=ff80->01853c sleep=0 local26=0c00 ffd040=ff80->018cc8 sleep=8 local26=0300 ffd100=ff80->01fbb4 sleep=0 local26=0000 ffd140=ff80->01fbb6 sleep=0 local26=0002 ffd180=ff80->01fbb6 sleep=0 local26=00a2 ffd1c0=ff80->01fbb6 sleep=0 local26=01c2 ffd200=ff80->01fbb6 sleep=0 local26=02e2 ffd240=ff80->01902e sleep=0 local26=0000
[  12.302]   [header-byte] write $ffa517 = 13 mask=00ff (pc=018446)
[  12.802]   [header-byte] write $ffa517 = 13 mask=00ff (pc=018446)
[  13.017] heartbeat frame=780 tx=2324 rx=2487 fc=1 fd=10 fe=1 linkflag=82 pc=00028a a502=00 a524=0000 a525=00 a170=08 a17f=00 txtail=0014 rxpend=0000
[  13.017] [transport] captured=2324 flushed=2324 received=2487 accepted=501 payload2=492 payload3=0 payload4=0 payload5=0 pump_reads=1255 bursts=470 txcredit=0 outq=0 inq=0 watchdog=12 txseq=d6 rxseq=f5 rxcredit=0 protection=00 checks=0000
[  13.017] [epochs] local=1 peer=1 ready=true discarded_rx=0
[  13.017] [tcb-continuations] ffa580=ff80->018392 sleep=0 local26=7710 ffa5c0=ff80->01853c sleep=0 local26=0c00 ffd040=ff80->018d1a sleep=129 local26=0300 ffd100=ff80->01fbb4 sleep=0 local26=0000 ffd140=ff80->01fbb6 sleep=0 local26=0002 ffd180=ff80->01fbb6 sleep=0 local26=00a2 ffd1c0=ff80->01fbb6 sleep=0 local26=01c2 ffd200=ff80->01fbb6 sleep=0 local26=02e2 ffd240=ff80->01902e sleep=0 local26=0000 ffd280=ff80->027726 sleep=0 local26=0001
[  13.303]   [header-byte] write $ffa517 = 13 mask=00ff (pc=018446)
[  13.553] [game-command] data=9393 mask=ff00 pc=018d36 requests=00
[  13.553]   [header-byte] write $ffa513 = 10 mask=00ff (pc=018d50)
[  13.570] [game-command] data=0404 mask=ff00 pc=018d6e requests=00
[  13.570] [game-command] data=0000 mask=00ff pc=018d76 requests=00
[  13.662]   [menu-state] write $ffa170 = 0000 mask=ff00 (pc=01afb6)
[  13.662]   [menu-state] write $ffa170 = 8282 mask=ff00 (pc=01afd8)
[  13.662]   [menu-state] write $ffa176 = 0000 mask=ff00 (pc=01afde)
[  13.662]   [header-byte] write $ffa513 = 00 mask=00ff (pc=01afe6)
[  13.662]   [header-byte] write $ffa513 = 10 mask=00ff (pc=01affe)
[  13.662]   [header-byte] write $ffa513 = 50 mask=00ff (pc=01b022)
[  13.662]   [header-byte] write $ffa513 = 54 mask=00ff (pc=01b044)
[  13.662]   [menu-state] write $ffa170 = c2c2 mask=ff00 (pc=01a87a)
[  13.662]   [menu-state] write $ffa170 = c2c2 mask=ff00 (pc=01a87c)
[  13.662]   [menu-state] write $ffa170 = 4040 mask=ff00 (pc=01afb6)
[  13.662]   [menu-state] write $ffa170 = c2c2 mask=ff00 (pc=01afd8)
[  13.662]   [menu-state] write $ffa176 = 0000 mask=ff00 (pc=01afde)
[  13.662]   [header-byte] write $ffa513 = 00 mask=00ff (pc=01afe6)
[  13.662]   [header-byte] write $ffa513 = 10 mask=00ff (pc=01affe)
[  13.662]   [header-byte] write $ffa513 = 50 mask=00ff (pc=01b022)
[  13.662]   [header-byte] write $ffa513 = 54 mask=00ff (pc=01b044)
[  13.931]   [header-byte] write $ffa517 = 10 mask=00ff (pc=018446)
[  13.931] [packet-accepted] total=503 seq=f6 flags=04 status=10 pc=01845e command=93 arg=13
[  14.018] heartbeat frame=840 tx=2335 rx=2495 fc=1 fd=10 fe=1 linkflag=82 pc=000288 a502=00 a524=0000 a525=00 a170=c2 a17f=00 txtail=001f rxpend=0000
[  14.018] [transport] captured=2335 flushed=2335 received=2495 accepted=503 payload2=493 payload3=0 payload4=0 payload5=0 pump_reads=1317 bursts=473 txcredit=0 outq=0 inq=0 watchdog=6 txseq=d9 rxseq=f7 rxcredit=0 protection=00 checks=0000
[  14.018] [epochs] local=1 peer=1 ready=true discarded_rx=0
[  14.018] [game-state] a142=04 a13e=03 a13f=07 a530=0400 a506=03 a507=01 a508=01 a7b0=0000 a7a6=9313 script=01f7f6
[  14.018] [tcb-continuations] ffa580=ff80->018392 sleep=0 local26=7710 ffa5c0=ff80->01853c sleep=0 local26=0600 ffd100=ff80->0242b6 sleep=0 local26=0000 ffd140=ff80->023f9e sleep=0 local26=0000 ffd180=ff80->023c40 sleep=0 local26=0000 ffd1c0=ff80->023c70 sleep=0 local26=0002 ffd200=ff80->023c70 sleep=0 local26=0000 ffd240=ff80->023c08 sleep=0 local26=0000
[  14.089]   [header-byte] write $ffa517 = 54 mask=00ff (pc=018446)
[  14.089]   [header-byte] write $ffa517 = 54 mask=00ff (pc=018446)
[  14.089] [packet-accepted] total=505 seq=f8 flags=04 status=54 pc=01845e command=04 arg=00
[  14.588]   [header-byte] write $ffa517 = 54 mask=00ff (pc=018446)
[  15.019] heartbeat frame=900 tx=2610 rx=2506 fc=1 fd=10 fe=1 linkflag=82 pc=00028a a502=00 a524=0005 a525=05 a170=c2 a17f=00 txtail=0032 rxpend=0000
[  15.019] [transport] captured=2610 flushed=2610 received=2506 accepted=506 payload2=494 payload3=0 payload4=0 payload5=0 pump_reads=1379 bursts=528 txcredit=0 outq=0 inq=0 watchdog=25 txseq=11 rxseq=fa rxcredit=0 protection=00 checks=0000
[  15.019] [epochs] local=1 peer=1 ready=true discarded_rx=0
[  15.019] [tcb-continuations] ffa580=ff80->018392 sleep=0 local26=7710 ffa5c0=ff80->01853c sleep=0 local26=0000 ffd100=ff80->0242d0 sleep=0 local26=0000 ffd140=ff80->023f9e sleep=0 local26=0000 ffd180=ff80->023c40 sleep=0 local26=0009 ffd1c0=ff80->023c70 sleep=0 local26=0002 ffd200=ff80->023c70 sleep=0 local26=0000 ffd240=ff80->023c08 sleep=0 local26=0000
[  15.038] [game-command] data=8484 mask=ff00 pc=024322 requests=00
[  15.055] [game-command] data=0404 mask=ff00 pc=02434e requests=00
[  15.088]   [header-byte] write $ffa517 = 54 mask=00ff (pc=018446)
[  15.122]   [header-byte] write $ffa517 = 54 mask=00ff (pc=018446)
[  15.122] [packet-accepted] total=508 seq=fb flags=04 status=54 pc=01845e command=84 arg=00
[  15.622]   [header-byte] write $ffa517 = 54 mask=00ff (pc=018446)
[  16.021] heartbeat frame=960 tx=2648 rx=2517 fc=1 fd=10 fe=1 linkflag=82 pc=00028a a502=00 a524=0000 a525=00 a170=c2 a17f=00 txtail=0058 rxpend=0000
[  16.021] [transport] captured=2648 flushed=2648 received=2517 accepted=509 payload2=495 payload3=0 payload4=0 payload5=0 pump_reads=1442 bursts=536 txcredit=0 outq=0 inq=0 watchdog=23 txseq=18 rxseq=fd rxcredit=0 protection=00 checks=0000
[  16.021] [epochs] local=1 peer=1 ready=true discarded_rx=0
[  16.021] [game-state] a142=04 a13e=03 a13f=07 a530=0400 a506=03 a507=01 a508=01 a7b0=0000 a7a6=9313 script=01f7fc
[  16.021] [tcb-continuations] ffa580=ff80->018392 sleep=0 local26=7710 ffa5c0=ff80->01853c sleep=0 local26=1800 ffd100=ff80->02437e sleep=0 local26=0000 ffd240=ff80->023c3e sleep=0 local26=0000
[  16.123]   [header-byte] write $ffa517 = 54 mask=00ff (pc=018446)
[  17.022] heartbeat frame=1020 tx=2651 rx=2520 fc=1 fd=10 fe=1 linkflag=82 pc=00028a a502=00 a524=0000 a525=00 a170=c2 a17f=00 txtail=005b rxpend=0000
[  17.022] [transport] captured=2651 flushed=2651 received=2520 accepted=510 payload2=495 payload3=0 payload4=0 payload5=0 pump_reads=1503 bursts=537 txcredit=0 outq=0 inq=0 watchdog=24 txseq=19 rxseq=fe rxcredit=0 protection=00 checks=0000
[  17.022] [epochs] local=1 peer=1 ready=true discarded_rx=0
[  17.022] [game-state] a142=04 a13e=03 a13f=07 a530=0400 a506=03 a507=01 a508=01 a7b0=0000 a7a6=9313 script=01a4d8
[  17.022] [tcb-continuations] ffa580=ff80->018392 sleep=0 local26=7710 ffa5c0=ff80->01853c sleep=0 local26=1900
[  17.057] [game-command] data=1616 mask=ff00 pc=00655a requests=00
[  17.057] [game-command] data=0101 mask=00ff pc=006562 requests=00
[  17.124]   [header-byte] write $ffa517 = 54 mask=00ff (pc=018446)
[  17.158]   [header-byte] write $ffa517 = 54 mask=00ff (pc=018446)
[  17.158] [packet-accepted] total=512 seq=ff flags=20 status=54 pc=01845e
[  17.176]   [header-byte] write $ffa517 = 54 mask=00ff (pc=018446)
[  17.176] [packet-accepted] total=513 seq=00 flags=20 status=54 pc=01845e
[  17.191]   [header-byte] write $ffa517 = 54 mask=00ff (pc=018446)
[  17.191] [packet-accepted] total=514 seq=01 flags=20 status=54 pc=01845e
[  17.208]   [header-byte] write $ffa517 = 54 mask=00ff (pc=018446)
[  17.208] [packet-accepted] total=515 seq=02 flags=20 status=54 pc=01845e
[  17.225]   [header-byte] write $ffa517 = 54 mask=00ff (pc=018446)
[  17.225] [packet-accepted] total=516 seq=03 flags=20 status=54 pc=01845e
[  17.241]   [header-byte] write $ffa517 = 54 mask=00ff (pc=018446)
[  17.241] [packet-accepted] total=517 seq=04 flags=20 status=54 pc=01845e
[  17.258]   [header-byte] write $ffa517 = 54 mask=00ff (pc=018446)
[  17.258] [packet-accepted] total=518 seq=05 flags=20 status=54 pc=01845e
[  17.275]   [header-byte] write $ffa517 = 54 mask=00ff (pc=018446)
[  17.275] [packet-accepted] total=519 seq=06 flags=20 status=54 pc=01845e
[  17.293]   [header-byte] write $ffa517 = 54 mask=00ff (pc=018446)
[  17.293] [packet-accepted] total=520 seq=07 flags=20 status=54 pc=01845e
[  17.308]   [header-byte] write $ffa517 = 54 mask=00ff (pc=018446)
[  17.308] [packet-accepted] total=521 seq=08 flags=20 status=54 pc=01845e
[  17.325]   [header-byte] write $ffa517 = 54 mask=00ff (pc=018446)
[  17.325] [packet-accepted] total=522 seq=09 flags=20 status=54 pc=01845e
[  17.342]   [header-byte] write $ffa517 = 54 mask=00ff (pc=018446)
[  17.342] [packet-accepted] total=523 seq=0a flags=20 status=54 pc=01845e
[  17.358]   [header-byte] write $ffa517 = 54 mask=00ff (pc=018446)
[  17.358] [packet-accepted] total=524 seq=0b flags=20 status=54 pc=01845e
[  17.375]   [header-byte] write $ffa517 = 54 mask=00ff (pc=018446)
[  17.375] [packet-accepted] total=525 seq=0c flags=20 status=54 pc=01845e
[  17.392]   [header-byte] write $ffa517 = 54 mask=00ff (pc=018446)
[  17.392] [packet-accepted] total=526 seq=0d flags=20 status=54 pc=01845e
[  17.409]   [header-byte] write $ffa517 = 54 mask=00ff (pc=018446)
[  17.409] [packet-accepted] total=527 seq=0e flags=20 status=54 pc=01845e
[  17.425]   [header-byte] write $ffa517 = 54 mask=00ff (pc=018446)
[  17.425] [packet-accepted] total=528 seq=0f flags=20 status=54 pc=01845e
[  17.442]   [header-byte] write $ffa517 = 54 mask=00ff (pc=018446)
[  17.442] [packet-accepted] total=529 seq=10 flags=20 status=54 pc=01845e
[  17.459]   [header-byte] write $ffa517 = 54 mask=00ff (pc=018446)
[  17.459] [packet-accepted] total=530 seq=11 flags=20 status=54 pc=01845e
[  17.475]   [header-byte] write $ffa517 = 54 mask=00ff (pc=018446)
[  17.475] [packet-accepted] total=531 seq=12 flags=20 status=54 pc=01845e
[  17.492]   [header-byte] write $ffa517 = 54 mask=00ff (pc=018446)
[  17.492] [packet-accepted] total=532 seq=13 flags=20 status=54 pc=01845e
[  17.508]   [header-byte] write $ffa517 = 54 mask=00ff (pc=018446)
[  17.508] [packet-accepted] total=533 seq=14 flags=20 status=54 pc=01845e
[  17.526]   [header-byte] write $ffa517 = 54 mask=00ff (pc=018446)
[  17.526] [packet-accepted] total=534 seq=15 flags=20 status=54 pc=01845e
[  17.542]   [header-byte] write $ffa517 = 54 mask=00ff (pc=018446)
[  17.542] [packet-accepted] total=535 seq=16 flags=24 status=54 pc=01845e command=26 arg=01
[  17.692]   [header-byte] write $ffa517 = 54 mask=00ff (pc=018446)
[  17.692] [packet-accepted] total=536 seq=17 flags=04 status=54 pc=01845e command=28 arg=22
[  17.694] [game-command] data=2828 mask=ff00 pc=005340 requests=00
[  17.694] [game-command] data=2222 mask=00ff pc=005356 requests=00
[  18.023] heartbeat frame=1080 tx=2664 rx=3010 fc=1 fd=10 fe=1 linkflag=82 pc=000288 a502=00 a524=0000 a525=00 a170=c2 a17f=00 txtail=0068 rxpend=0000
[  18.023] [transport] captured=2664 flushed=2664 received=3010 accepted=536 payload2=497 payload3=0 payload4=0 payload5=24 pump_reads=1589 bursts=540 txcredit=0 outq=0 inq=0 watchdog=19 txseq=1c rxseq=18 rxcredit=0 protection=00 checks=0000
[  18.023] [epochs] local=1 peer=1 ready=true discarded_rx=0
[  18.023] [game-state] a142=04 a13e=03 a13f=07 a530=2822 a506=03 a507=01 a508=01 a7b0=2822 a7a6=9313 script=01a51a
[  18.023] [tcb-continuations] ffa580=ff80->018392 sleep=0 local26=7710 ffa5c0=ff80->01853c sleep=0 local26=1300 ffd000=ffc0->00d454 sleep=0 local26=0000 ffd040=ffc0->00daca sleep=0 local26=0000 ffd080=ffc0->004f14 sleep=0 local26=0000 ffd0c0=ffc0->004f14 sleep=0 local26=0000 ffd100=ff80->006782 sleep=0 local26=0000 ffd140=ffc0->007f6e sleep=0 local26=0000 ffd180=ff80->00539a sleep=0 local26=0200 ffd1c0=ff00->005660 sleep=0 local26=c802 ffd200=ff00->0056e4 sleep=0 local26=0000 ffd240=ff80->00539a sleep=0 local26=0200 ffd280=ff00->005660 sleep=0 local26=c802 ffd2c0=ff00->0056e4 sleep=0 local26=0000 ffd300=ff80->0086ee sleep=0 local26=0000 ffd340=ff80->0086ee sleep=0 local26=0000 ffdfc0=ffc0->00d5ca sleep=0 local26=0000
[  18.193]   [header-byte] write $ffa517 = 54 mask=00ff (pc=018446)
[  18.643] [game-command] data=3838 mask=ff00 pc=00d470 requests=00
[  18.695]   [header-byte] write $ffa517 = 54 mask=00ff (pc=018446)
[  18.793]   [header-byte] write $ffa517 = 54 mask=00ff (pc=018446)
[  18.793] [packet-accepted] total=539 seq=1a flags=04 status=54 pc=01845e command=38 arg=22
[  19.024] heartbeat frame=1140 tx=2672 rx=3021 fc=1 fd=10 fe=1 linkflag=82 pc=000288 a502=00 a524=0000 a525=00 a170=c2 a17f=00 txtail=0070 rxpend=0000
[  19.024] [transport] captured=2672 flushed=2672 received=3021 accepted=539 payload2=498 payload3=0 payload4=0 payload5=24 pump_reads=1652 bursts=542 txcredit=0 outq=0 inq=0 watchdog=13 txseq=1e rxseq=1b rxcredit=0 protection=00 checks=0000
[  19.024] [epochs] local=1 peer=1 ready=true discarded_rx=0
[  19.024] [game-state] a142=04 a13e=03 a13f=07 a530=3822 a506=03 a507=01 a508=01 a7b0=3822 a7a6=9313 script=01a51a
[  19.024] [tcb-continuations] ffa580=ff80->018392 sleep=0 local26=7710 ffa5c0=ff80->01853c sleep=0 local26=1600 ffd000=ffc0->00d47c sleep=0 local26=0000 ffd040=ffc0->00daca sleep=0 local26=0000 ffd080=ffc0->004f30 sleep=0 local26=0000 ffd0c0=ffc0->004f30 sleep=0 local26=0000 ffd100=ff80->006782 sleep=0 local26=0000 ffd140=ffc0->007fb6 sleep=0 local26=0000 ffdfc0=ffc0->00d66e sleep=0 local26=0000
[  19.294]   [header-byte] write $ffa517 = 54 mask=00ff (pc=018446)
[  19.294] [packet-accepted] total=540 seq=1b flags=00 status=54 pc=01845e
[  19.545] [game-command] data=7878 mask=ff00 pc=007ffa requests=00
[  19.711]   [header-byte] write $ffa517 = 54 mask=00ff (pc=018446)
[  19.711] [packet-accepted] total=541 seq=1c flags=10 status=54 pc=01845e
[  19.728]   [header-byte] write $ffa517 = 54 mask=00ff (pc=018446)
[  19.728] [packet-accepted] total=542 seq=1d flags=10 status=54 pc=01845e
[  19.745]   [header-byte] write $ffa517 = 54 mask=00ff (pc=018446)
[  19.745] [packet-accepted] total=543 seq=1e flags=10 status=54 pc=01845e
[  19.761]   [header-byte] write $ffa517 = 54 mask=00ff (pc=018446)
[  19.761] [packet-accepted] total=544 seq=1f flags=10 status=54 pc=01845e
[  19.779] [game-command] data=f8f8 mask=ff00 pc=008022 requests=00
[  19.796] [game-command] data=0b0b mask=ff00 pc=00d49c requests=00
[  20.026] heartbeat frame=1200 tx=2724 rx=3092 fc=1 fd=10 fe=1 linkflag=82 pc=00028a a502=00 a524=0000 a525=00 a170=c2 a17f=00 txtail=00a4 rxpend=0000
[  20.026] [transport] captured=2724 flushed=2724 received=3092 accepted=544 payload2=498 payload3=0 payload4=4 payload5=24 pump_reads=1717 bursts=548 txcredit=0 outq=0 inq=0 watchdog=15 txseq=24 rxseq=20 rxcredit=0 protection=00 checks=0000
[  20.026] [epochs] local=1 peer=1 ready=true discarded_rx=0
[  20.026] [game-state] a142=04 a13e=03 a13f=07 a530=0b22 a506=0b a507=01 a508=01 a7b0=3822 a7a6=9313 script=01a51a
[  20.026] [tcb-continuations] ffa580=ff80->018392 sleep=0 local26=7710 ffa5c0=ff80->01853c sleep=0 local26=0b00 ffd000=ffc0->00d4b4 sleep=0 local26=0000 ffd040=ffc0->00daca sleep=0 local26=0000 ffd080=ffc0->00504e sleep=0 local26=0800 ffd0c0=ffc0->00504e sleep=0 local26=0800 ffd100=ff80->006782 sleep=0 local26=0000 ffd140=ffc0->008082 sleep=0 local26=031f ffd180=ff80->007944 sleep=0 local26=0000 ffd1c0=ff80->007d70 sleep=0 local26=0000 ffd200=ff80->007944 sleep=0 local26=0000 ffd240=ff80->007d70 sleep=0 local26=0000 ffdfc0=ffc0->00d6d0 sleep=0 local26=0000 ffe000=ff00->008362 sleep=0 local26=0005 ffe040=ff00->008362 sleep=0 local26=0005 ffe080=ff00->008362 sleep=0 local26=0005 ffe0c0=ff00->008362 sleep=0 local26=0005 ffe100=ff00->008362 sleep=0 local26=0005 ffe140=ff00->008362 sleep=0 local26=0005 ffe180=ff00->008362 sleep=0 local26=0005 ffe1c0=ff00->008362 sleep=0 local26=0005 ffe200=ff00->008362 sleep=0 local26=0005 ffe240=ff00->008362 sleep=0 local26=0005 ffe280=ff00->008362 sleep=0 local26=0005 ffe2c0=ff00->008362 sleep=0 local26=0005 ffe300=ff00->008362 sleep=0 local26=0005 ffe340=ff00->008362 sleep=0 local26=0005 ffe380=ff00->008362 sleep=0 local26=0005 ffe3c0=ff00->008362 sleep=0 local26=0005 ffe400=ff00->008362 sleep=0 local26=0005 ffe440=ff00->008362 sleep=0 local26=0005 ffe480=ff00->008362 sleep=0 local26=0005 ffe4c0=ff00->008362 sleep=0 local26=0005 ffe500=ff00->008362 sleep=0 local26=0005 ffe540=ff00->008362 sleep=0 local26=0005 ffe580=ff00->008362 sleep=0 local26=0005 ffe5c0=ff00->008362 sleep=0 local26=0005 ffe600=ff00->008362 sleep=0 local26=0005 ffe640=ff00->008362 sleep=0 local26=0005 ffe680=ff00->008362 sleep=0 local26=0005 ffe6c0=ff00->008362 sleep=0 local26=0005 ffe700=ff00->008362 sleep=0 local26=0005 ffe740=ff00->008362 sleep=0 local26=0005 ffe780=ff00->008362 sleep=0 local26=0005 ffe7c0=ff00->008362 sleep=0 local26=0005
[  20.262]   [header-byte] write $ffa517 = 54 mask=00ff (pc=018446)
[  20.763]   [header-byte] write $ffa517 = 54 mask=00ff (pc=018446)
[  21.027] heartbeat frame=1260 tx=2730 rx=3098 fc=1 fd=10 fe=1 linkflag=82 pc=00028a a502=00 a524=0000 a525=00 a170=c2 a17f=00 txtail=00aa rxpend=0000
[  21.027] [transport] captured=2730 flushed=2730 received=3098 accepted=546 payload2=498 payload3=0 payload4=4 payload5=24 pump_reads=1779 bursts=550 txcredit=0 outq=0 inq=0 watchdog=15 txseq=26 rxseq=22 rxcredit=0 protection=00 checks=0000
[  21.027] [epochs] local=1 peer=1 ready=true discarded_rx=0
[  21.027] [tcb-continuations] ffa580=ff80->018392 sleep=0 local26=7710 ffa5c0=ff80->01853c sleep=0 local26=0b00 ffd000=ffc0->00d4b4 sleep=0 local26=0000 ffd040=ffc0->00daca sleep=0 local26=0000 ffd080=ffc0->00504e sleep=0 local26=4400 ffd0c0=ffc0->00504e sleep=0 local26=4400 ffd100=ff80->006782 sleep=0 local26=0000 ffd140=ffc0->008082 sleep=0 local26=031f ffd180=ff80->007944 sleep=0 local26=0000 ffd1c0=ff80->007d70 sleep=0 local26=0000 ffd200=ff80->007944 sleep=0 local26=0000 ffd240=ff80->007d70 sleep=0 local26=0000 ffdfc0=ffc0->00d6d0 sleep=0 local26=0000
[  21.265]   [header-byte] write $ffa517 = 54 mask=00ff (pc=018446)
[  21.763]   [header-byte] write $ffa517 = 54 mask=00ff (pc=018446)
[  22.028] heartbeat frame=1320 tx=2736 rx=3104 fc=1 fd=10 fe=1 linkflag=82 pc=000288 a502=00 a524=0000 a525=00 a170=c2 a17f=00 txtail=00b0 rxpend=0000
[  22.028] [transport] captured=2736 flushed=2736 received=3104 accepted=548 payload2=498 payload3=0 payload4=4 payload5=24 pump_reads=1841 bursts=552 txcredit=0 outq=0 inq=0 watchdog=15 txseq=28 rxseq=24 rxcredit=0 protection=00 checks=0000
[  22.028] [epochs] local=1 peer=1 ready=true discarded_rx=0
[  22.028] [tcb-continuations] ffa580=ff80->018392 sleep=0 local26=7710 ffa5c0=ff80->01853c sleep=0 local26=0b00 ffd000=ffc0->00d4b4 sleep=0 local26=0000 ffd040=ffc0->00daca sleep=0 local26=0000 ffd080=ffc0->00504e sleep=0 local26=8000 ffd0c0=ffc0->00504e sleep=0 local26=8000 ffd100=ff80->006782 sleep=0 local26=0000 ffd140=ffc0->008082 sleep=0 local26=021f ffd180=ff80->007944 sleep=0 local26=0000 ffd1c0=ff80->007d70 sleep=0 local26=0000 ffd200=ff80->007944 sleep=0 local26=0000 ffd240=ff80->007d70 sleep=0 local26=0000 ffdfc0=ffc0->00d6d0 sleep=0 local26=0000
[  22.265]   [header-byte] write $ffa517 = 54 mask=00ff (pc=018446)
[  22.765]   [header-byte] write $ffa517 = 54 mask=00ff (pc=018446)
[  23.030] heartbeat frame=1380 tx=2742 rx=3110 fc=1 fd=10 fe=1 linkflag=82 pc=000288 a502=00 a524=0000 a525=00 a170=c2 a17f=00 txtail=00b6 rxpend=0000
[  23.030] [transport] captured=2742 flushed=2742 received=3110 accepted=550 payload2=498 payload3=0 payload4=4 payload5=24 pump_reads=1903 bursts=554 txcredit=0 outq=0 inq=0 watchdog=15 txseq=2a rxseq=26 rxcredit=0 protection=00 checks=0000
[  23.030] [epochs] local=1 peer=1 ready=true discarded_rx=0
[  23.030] [tcb-continuations] ffa580=ff80->018392 sleep=0 local26=7710 ffa5c0=ff80->01853c sleep=0 local26=0b00 ffd000=ffc0->00d4b4 sleep=0 local26=0000 ffd040=ffc0->00daca sleep=0 local26=0000 ffd080=ffc0->00504e sleep=0 local26=bc00 ffd0c0=ffc0->00504e sleep=0 local26=bc00 ffd100=ff80->006782 sleep=0 local26=0000 ffd140=ffc0->008082 sleep=0 local26=011f ffd180=ff80->007944 sleep=0 local26=0001 ffd1c0=ff80->007d70 sleep=0 local26=0000 ffd200=ff80->007944 sleep=0 local26=0001 ffd240=ff80->007d70 sleep=0 local26=0000 ffdfc0=ffc0->00d6d0 sleep=0 local26=0000
[  23.265]   [header-byte] write $ffa517 = 54 mask=00ff (pc=018446)
[  23.433]   [header-byte] write $ffa517 = 54 mask=00ff (pc=018446)
[  23.433] [packet-accepted] total=552 seq=27 flags=10 status=54 pc=01845e
[  23.566]   [header-byte] write $ffa517 = 54 mask=00ff (pc=018446)
[  23.566] [packet-accepted] total=553 seq=28 flags=08 status=54 pc=01845e attack=8000,ffff
[  23.566] [attack-state] address=ffa7f0 data=8080 mask=ff00 pc=018638 protection=00
[  23.566] [attack-state] address=ffa7f8 data=8080 mask=ff00 pc=01863c protection=00
[  23.666] [attack-state] address=ffa7e0 data=8080 mask=ff00 pc=0050ce protection=00
[  23.666] [attack-state] address=ffa7e4 data=8080 mask=ff00 pc=0050ce protection=00
[  23.668] [attack-state] address=ffa7e0 data=0000 mask=ff00 pc=00da56 protection=00
[  23.668] [attack-state] address=ffa7e4 data=0000 mask=ff00 pc=00da56 protection=00
[  24.031] heartbeat frame=1440 tx=2786 rx=3137 fc=1 fd=10 fe=1 linkflag=82 pc=000288 a502=00 a524=0000 a525=00 a170=c2 a17f=00 txtail=00e2 rxpend=0000
[  24.031] [transport] captured=2786 flushed=2786 received=3137 accepted=553 payload2=498 payload3=1 payload4=5 payload5=24 pump_reads=1966 bursts=558 txcredit=0 outq=0 inq=0 watchdog=27 txseq=2e rxseq=29 rxcredit=0 protection=00 checks=0000
[  24.031] [epochs] local=1 peer=1 ready=true discarded_rx=0
[  24.031] [tcb-continuations] ffa580=ff80->018392 sleep=0 local26=7710 ffa5c0=ff80->01853c sleep=0 local26=1500 ffd000=ffc0->00d4b4 sleep=0 local26=0000 ffd040=ffc0->00daca sleep=0 local26=0000 ffd080=ffc0->00504e sleep=0 local26=1000 ffd0c0=ffc0->00504e sleep=0 local26=1000 ffd100=ff80->006782 sleep=0 local26=0000 ffd140=ffc0->008082 sleep=0 local26=001f ffd180=ff00->007a24 sleep=0 local26=0501 ffd1c0=ff00->007a24 sleep=0 local26=0300 ffd200=ff00->007a24 sleep=0 local26=0501 ffd240=ff00->007a24 sleep=0 local26=0300 ffd280=ff80->007944 sleep=0 local26=0000 ffd2c0=ff80->007d70 sleep=0 local26=0000 ffd300=ff80->007944 sleep=0 local26=0000 ffd340=ff80->007d70 sleep=0 local26=0000 ffdfc0=ffc0->00d6d0 sleep=0 local26=0000
[  24.067]   [header-byte] write $ffa517 = 54 mask=00ff (pc=018446)
[  24.567]   [header-byte] write $ffa517 = 54 mask=00ff (pc=018446)
[  25.032] heartbeat frame=1500 tx=2792 rx=3143 fc=1 fd=10 fe=1 linkflag=82 pc=00028a a502=00 a524=0000 a525=00 a170=c2 a17f=00 txtail=00e8 rxpend=0000
[  25.032] [transport] captured=2792 flushed=2792 received=3143 accepted=555 payload2=498 payload3=1 payload4=5 payload5=24 pump_reads=2028 bursts=560 txcredit=0 outq=0 inq=0 watchdog=27 txseq=30 rxseq=2b rxcredit=0 protection=00 checks=0000
[  25.032] [epochs] local=1 peer=1 ready=true discarded_rx=0
[  25.032] [tcb-continuations] ffa580=ff80->018392 sleep=0 local26=7710 ffa5c0=ff80->01853c sleep=0 local26=1500 ffd000=ffc0->00d4b4 sleep=0 local26=0000 ffd040=ffc0->00daca sleep=0 local26=0000 ffd080=ffc0->00504e sleep=0 local26=4c00 ffd0c0=ffc0->00504e sleep=0 local26=4c00 ffd100=ff80->006782 sleep=0 local26=0000 ffd140=ffc0->008082 sleep=0 local26=001f ffd280=ff80->007944 sleep=0 local26=0000 ffd2c0=ff80->007d70 sleep=0 local26=0000 ffd300=ff80->007944 sleep=0 local26=0000 ffd340=ff80->007d70 sleep=0 local26=0000 ffdfc0=ffc0->00d6d0 sleep=0 local26=0000
[  25.068]   [header-byte] write $ffa517 = 54 mask=00ff (pc=018446)
[  25.570]   [header-byte] write $ffa517 = 54 mask=00ff (pc=018446)
[  26.034] heartbeat frame=1560 tx=2798 rx=3149 fc=1 fd=10 fe=1 linkflag=82 pc=00028a a502=00 a524=0000 a525=00 a170=c2 a17f=00 txtail=00ee rxpend=0000
[  26.034] [transport] captured=2798 flushed=2798 received=3149 accepted=557 payload2=498 payload3=1 payload4=5 payload5=24 pump_reads=2090 bursts=562 txcredit=0 outq=0 inq=0 watchdog=27 txseq=32 rxseq=2d rxcredit=0 protection=00 checks=0000
[  26.034] [epochs] local=1 peer=1 ready=true discarded_rx=0
[  26.034] [tcb-continuations] ffa580=ff80->018392 sleep=0 local26=7710 ffa5c0=ff80->01853c sleep=0 local26=1500 ffd000=ffc0->00d4b4 sleep=0 local26=0000 ffd040=ffc0->00daca sleep=0 local26=0000 ffd080=ffc0->00504e sleep=0 local26=8800 ffd0c0=ffc0->00504e sleep=0 local26=8800 ffd100=ff80->006782 sleep=0 local26=0000 ffd140=ffc0->008082 sleep=0 local26=00ff ffd280=ff80->007944 sleep=0 local26=0001 ffd2c0=ff80->007d70 sleep=0 local26=0000 ffd300=ff80->007944 sleep=0 local26=0001 ffd340=ff80->007d70 sleep=0 local26=0000 ffdfc0=ffc0->00d6d0 sleep=0 local26=0000
[  26.070]   [header-byte] write $ffa517 = 54 mask=00ff (pc=018446)
[  26.570]   [header-byte] write $ffa517 = 54 mask=00ff (pc=018446)
[  26.770]   [header-byte] write $ffa517 = 54 mask=00ff (pc=018446)
[  26.770] [packet-accepted] total=560 seq=2f flags=10 status=54 pc=01845e
[  26.903]   [header-byte] write $ffa517 = 54 mask=00ff (pc=018446)
[  26.903] [packet-accepted] total=561 seq=30 flags=08 status=54 pc=01845e attack=8000,ffff
[  27.003] [attack-state] address=ffa7e0 data=8080 mask=ff00 pc=0050ce protection=00
[  27.003] [attack-state] address=ffa7e4 data=8080 mask=ff00 pc=0050ce protection=00
[  27.005] [attack-state] address=ffa7e0 data=0000 mask=ff00 pc=00da56 protection=00
[  27.005] [attack-state] address=ffa7e4 data=0000 mask=ff00 pc=00da56 protection=00
[  27.035] heartbeat frame=1620 tx=2845 rx=3179 fc=1 fd=10 fe=1 linkflag=82 pc=000288 a502=00 a524=0000 a525=00 a170=c2 a17f=00 txtail=001d rxpend=0000
[  27.035] [transport] captured=2845 flushed=2845 received=3179 accepted=561 payload2=498 payload3=2 payload4=6 payload5=24 pump_reads=2154 bursts=567 txcredit=0 outq=0 inq=0 watchdog=7 txseq=37 rxseq=31 rxcredit=0 protection=00 checks=0000
[  27.035] [epochs] local=1 peer=1 ready=true discarded_rx=0
[  27.035] [tcb-continuations] ffa580=ff80->018392 sleep=0 local26=7710 ffa5c0=ff80->01853c sleep=0 local26=0100 ffd000=ffc0->00d4b4 sleep=0 local26=0000 ffd040=ffc0->00daca sleep=0 local26=0000 ffd080=ffc0->004fac sleep=0 local26=0000 ffd0c0=ffc0->004fac sleep=0 local26=0000 ffd100=ff80->006782 sleep=0 local26=0000 ffd140=ffc0->008082 sleep=0 local26=00ff ffd280=ff00->0079fe sleep=14 local26=0001 ffd2c0=ff00->0079fe sleep=6 local26=0000 ffd300=ff00->0079fe sleep=14 local26=0001 ffd340=ff00->0079fe sleep=6 local26=0000 ffdfc0=ffc0->00d6d0 sleep=0 local26=0000
[  27.404]   [header-byte] write $ffa517 = 54 mask=00ff (pc=018446)
[  27.905]   [header-byte] write $ffa517 = 54 mask=00ff (pc=018446)
[  28.036] heartbeat frame=1680 tx=2851 rx=3185 fc=1 fd=10 fe=1 linkflag=82 pc=00028a a502=00 a524=0000 a525=00 a170=c2 a17f=00 txtail=0023 rxpend=0000
[  28.036] [transport] captured=2851 flushed=2851 received=3185 accepted=563 payload2=498 payload3=2 payload4=6 payload5=24 pump_reads=2216 bursts=569 txcredit=0 outq=0 inq=0 watchdog=7 txseq=39 rxseq=33 rxcredit=0 protection=00 checks=0000
[  28.036] [epochs] local=1 peer=1 ready=true discarded_rx=0
[  28.036] [tcb-continuations] ffa580=ff80->018392 sleep=0 local26=7710 ffa5c0=ff80->01853c sleep=0 local26=0100 ffd000=ffc0->00d4b4 sleep=0 local26=0000 ffd040=ffc0->00daca sleep=0 local26=0000 ffd080=ffc0->00504e sleep=0 local26=3800 ffd0c0=ffc0->00504e sleep=0 local26=3800 ffd100=ff80->006782 sleep=0 local26=0000 ffd140=ffc0->008082 sleep=0 local26=00ff ffd180=ff80->007944 sleep=0 local26=0000 ffd1c0=ff80->007d70 sleep=0 local26=0000 ffd200=ff80->007944 sleep=0 local26=0000 ffd240=ff80->007d70 sleep=0 local26=0000 ffdfc0=ffc0->00d6d0 sleep=0 local26=0000 ffe000=ff00->0070c2 sleep=0 local26=4c00
[  28.406]   [header-byte] write $ffa517 = 54 mask=00ff (pc=018446)
[  28.906]   [header-byte] write $ffa517 = 54 mask=00ff (pc=018446)
[  29.037] heartbeat frame=1740 tx=2857 rx=3191 fc=1 fd=10 fe=1 linkflag=82 pc=00028a a502=00 a524=0000 a525=00 a170=c2 a17f=00 txtail=0029 rxpend=0000
[  29.037] [transport] captured=2857 flushed=2857 received=3191 accepted=565 payload2=498 payload3=2 payload4=6 payload5=24 pump_reads=2278 bursts=571 txcredit=0 outq=0 inq=0 watchdog=7 txseq=3b rxseq=35 rxcredit=0 protection=00 checks=0000
[  29.037] [epochs] local=1 peer=1 ready=true discarded_rx=0
[  29.037] [tcb-continuations] ffa580=ff80->018392 sleep=0 local26=7710 ffa5c0=ff80->01853c sleep=0 local26=0100 ffd000=ffc0->00d4b4 sleep=0 local26=0000 ffd040=ffc0->00daca sleep=0 local26=0000 ffd080=ffc0->00504e sleep=0 local26=7400 ffd0c0=ffc0->00504e sleep=0 local26=7400 ffd100=ff80->006782 sleep=0 local26=0000 ffd140=ffc0->008082 sleep=0 local26=031c ffd180=ff80->007944 sleep=0 local26=0000 ffd1c0=ff80->007d70 sleep=0 local26=0000 ffd200=ff80->007944 sleep=0 local26=0000 ffd240=ff80->007d70 sleep=0 local26=0000 ffdfc0=ffc0->00d6d0 sleep=0 local26=0000 ffe000=ff00->0070c2 sleep=0 local26=4c00
[  29.407]   [header-byte] write $ffa517 = 54 mask=00ff (pc=018446)
[  29.440]   [header-byte] write $ffa517 = 54 mask=00ff (pc=018446)
[  29.440] [packet-accepted] total=567 seq=36 flags=10 status=54 pc=01845e
[  29.574]   [header-byte] write $ffa517 = 54 mask=00ff (pc=018446)
[  29.574] [packet-accepted] total=568 seq=37 flags=08 status=54 pc=01845e attack=8000,ffff
[  30.039] heartbeat frame=1800 tx=2863 rx=3218 fc=1 fd=10 fe=1 linkflag=82 pc=000288 a502=00 a524=0000 a525=00 a170=c2 a17f=00 txtail=002f rxpend=0000
[  30.039] [transport] captured=2863 flushed=2863 received=3218 accepted=568 payload2=498 payload3=3 payload4=7 payload5=24 pump_reads=2341 bursts=573 txcredit=0 outq=0 inq=0 watchdog=27 txseq=3d rxseq=38 rxcredit=0 protection=00 checks=0000
[  30.039] [epochs] local=1 peer=1 ready=true discarded_rx=0
[  30.039] [tcb-continuations] ffa580=ff80->018392 sleep=0 local26=7710 ffa5c0=ff80->01853c sleep=0 local26=0100 ffd000=ffc0->00d4b4 sleep=0 local26=0000 ffd040=ffc0->00daca sleep=0 local26=0000 ffd080=ffc0->00504e sleep=0 local26=b000 ffd0c0=ffc0->00504e sleep=0 local26=b000 ffd100=ff80->006782 sleep=0 local26=0000 ffd140=ffc0->008082 sleep=0 local26=021c ffd180=ff00->0079fe sleep=18 local26=0001 ffd1c0=ff80->007de4 sleep=0 local26=0000 ffd200=ff00->0079fe sleep=18 local26=0001 ffd240=ff80->007de4 sleep=0 local26=0000 ffdfc0=ffc0->00d6d0 sleep=0 local26=0000 ffe000=ff00->0070c2 sleep=0 local26=4c00
[  30.075]   [header-byte] write $ffa517 = 54 mask=00ff (pc=018446)
[  30.542] [attack-state] address=ffa7e0 data=8080 mask=ff00 pc=0050ce protection=00
[  30.542] [attack-state] address=ffa7e4 data=8080 mask=ff00 pc=0050ce protection=00
[  30.543] [attack-state] address=ffa7e0 data=0000 mask=ff00 pc=00da56 protection=00
[  30.543] [attack-state] address=ffa7e4 data=0000 mask=ff00 pc=00da56 protection=00
[  30.576]   [header-byte] write $ffa517 = 54 mask=00ff (pc=018446)
[  31.040] heartbeat frame=1860 tx=2938 rx=3224 fc=1 fd=10 fe=1 linkflag=82 pc=00028a a502=00 a524=0000 a525=00 a170=c2 a17f=00 txtail=007a rxpend=0000
[  31.040] [transport] captured=2938 flushed=2938 received=3224 accepted=570 payload2=498 payload3=3 payload4=7 payload5=24 pump_reads=2403 bursts=578 txcredit=0 outq=0 inq=0 watchdog=27 txseq=42 rxseq=3a rxcredit=0 protection=00 checks=0000
[  31.040] [epochs] local=1 peer=1 ready=true discarded_rx=0
[  31.040] [tcb-continuations] ffa580=ff80->018392 sleep=0 local26=7710 ffa5c0=ff80->01853c sleep=0 local26=1d00 ffd000=ffc0->00d4b4 sleep=0 local26=0000 ffd040=ffc0->00daca sleep=0 local26=0000 ffd080=ffc0->00504e sleep=0 local26=1800 ffd0c0=ffc0->00504e sleep=0 local26=1800 ffd100=ff80->006782 sleep=0 local26=0000 ffd140=ffc0->008082 sleep=0 local26=011c ffd1c0=ff00->007a24 sleep=0 local26=0300 ffd240=ff00->007a24 sleep=0 local26=0300 ffd280=ff80->007944 sleep=0 local26=0000 ffd2c0=ff80->007d70 sleep=0 local26=0000 ffd300=ff80->007944 sleep=0 local26=0000 ffd340=ff80->007d70 sleep=0 local26=0000 ffdfc0=ffc0->00d6d0 sleep=0 local26=0000 ffe000=ff00->0070c2 sleep=0 local26=4100
[  31.076]   [header-byte] write $ffa517 = 54 mask=00ff (pc=018446)
[  31.577]   [header-byte] write $ffa517 = 54 mask=00ff (pc=018446)
[  31.979]   [header-byte] write $ffa517 = 54 mask=00ff (pc=018446)
[  31.979] [packet-accepted] total=573 seq=3c flags=10 status=54 pc=01845e
[  32.041] heartbeat frame=1920 tx=2944 rx=3247 fc=1 fd=10 fe=1 linkflag=82 pc=00028a a502=00 a524=0000 a525=00 a170=c2 a17f=00 txtail=0080 rxpend=0000
[  32.041] [transport] captured=2944 flushed=2944 received=3247 accepted=573 payload2=498 payload3=3 payload4=8 payload5=24 pump_reads=2466 bursts=580 txcredit=0 outq=0 inq=0 watchdog=3 txseq=44 rxseq=3d rxcredit=0 protection=00 checks=0000
[  32.041] [epochs] local=1 peer=1 ready=true discarded_rx=0
[  32.041] [tcb-continuations] ffa580=ff80->018392 sleep=0 local26=7710 ffa5c0=ff80->01853c sleep=0 local26=1d00 ffd000=ffc0->00d4b4 sleep=0 local26=0000 ffd040=ffc0->00daca sleep=0 local26=0000 ffd080=ffc0->00504e sleep=0 local26=5400 ffd0c0=ffc0->00504e sleep=0 local26=5400 ffd100=ff80->006782 sleep=0 local26=0000 ffd140=ffc0->008082 sleep=0 local26=011c ffd280=ff80->007944 sleep=0 local26=0000 ffd2c0=ff80->007d70 sleep=0 local26=0000 ffd300=ff80->007944 sleep=0 local26=0000 ffd340=ff80->007d70 sleep=0 local26=0000 ffdfc0=ffc0->00d6d0 sleep=0 local26=0000 ffe000=ff00->0070c2 sleep=0 local26=4100
[  32.110]   [header-byte] write $ffa517 = 54 mask=00ff (pc=018446)
[  32.110] [packet-accepted] total=574 seq=3d flags=08 status=54 pc=01845e attack=8000,ffff
[  32.611]   [header-byte] write $ffa517 = 54 mask=00ff (pc=018446)
[  33.043] heartbeat frame=1980 tx=2950 rx=3257 fc=1 fd=10 fe=1 linkflag=82 pc=00028a a502=00 a524=0000 a525=00 a170=c2 a17f=00 txtail=0086 rxpend=0000
[  33.043] [transport] captured=2950 flushed=2950 received=3257 accepted=575 payload2=498 payload3=4 payload4=8 payload5=24 pump_reads=2528 bursts=582 txcredit=0 outq=0 inq=0 watchdog=25 txseq=46 rxseq=3f rxcredit=0 protection=00 checks=0000
[  33.043] [epochs] local=1 peer=1 ready=true discarded_rx=0
[  33.043] [tcb-continuations] ffa580=ff80->018392 sleep=0 local26=7710 ffa5c0=ff80->01853c sleep=0 local26=1d00 ffd000=ffc0->00d4b4 sleep=0 local26=0000 ffd040=ffc0->00daca sleep=0 local26=0000 ffd080=ffc0->00504e sleep=0 local26=9000 ffd0c0=ffc0->00504e sleep=0 local26=9000 ffd100=ff80->006782 sleep=0 local26=0000 ffd140=ffc0->008082 sleep=0 local26=001c ffd280=ff80->0079d4 sleep=0 local26=0001 ffd2c0=ff80->007dc0 sleep=0 local26=0000 ffd300=ff80->0079d4 sleep=0 local26=0001 ffd340=ff80->007dc0 sleep=0 local26=0000 ffdfc0=ffc0->00d6d0 sleep=0 local26=0000 ffe000=ff00->0070c2 sleep=0 local26=4100
[  33.112]   [header-byte] write $ffa517 = 54 mask=00ff (pc=018446)
[  33.615]   [header-byte] write $ffa517 = 54 mask=00ff (pc=018446)
[  33.813] [attack-state] address=ffa7e0 data=8080 mask=ff00 pc=0050ce protection=00
[  33.813] [attack-state] address=ffa7e4 data=8080 mask=ff00 pc=0050ce protection=00
[  33.814] [attack-state] address=ffa7e0 data=0000 mask=ff00 pc=00da56 protection=00
[  33.814] [attack-state] address=ffa7e4 data=0000 mask=ff00 pc=00da56 protection=00
[  34.044] heartbeat frame=2040 tx=3031 rx=3263 fc=1 fd=10 fe=1 linkflag=82 pc=000288 a502=00 a524=0000 a525=00 a170=c2 a17f=00 txtail=00d7 rxpend=0000
[  34.044] [transport] captured=3031 flushed=3031 received=3263 accepted=577 payload2=498 payload3=4 payload4=8 payload5=24 pump_reads=2590 bursts=589 txcredit=0 outq=0 inq=0 watchdog=25 txseq=4d rxseq=41 rxcredit=0 protection=00 checks=0000
[  34.044] [epochs] local=1 peer=1 ready=true discarded_rx=0
[  34.044] [tcb-continuations] ffa580=ff80->018392 sleep=0 local26=7710 ffa5c0=ff80->01853c sleep=0 local26=0d00 ffd000=ffc0->00d4b4 sleep=0 local26=0000 ffd040=ffc0->00daca sleep=0 local26=0000 ffd080=ffc0->00504e sleep=0 local26=0800 ffd0c0=ffc0->00504e sleep=0 local26=0800 ffd100=ff80->006782 sleep=0 local26=0000 ffd140=ffc0->008082 sleep=0 local26=01ff ffd180=ff80->007944 sleep=0 local26=0000 ffd1c0=ff80->007d70 sleep=0 local26=0000 ffd200=ff80->007944 sleep=0 local26=0000 ffd240=ff80->007d70 sleep=0 local26=0000 ffd2c0=ff00->0079fe sleep=2 local26=0000 ffd340=ff00->0079fe sleep=2 local26=0000 ffdfc0=ffc0->00d6d0 sleep=0 local26=0000 ffe000=ff00->0070c2 sleep=0 local26=4100
[  34.113]   [header-byte] write $ffa517 = 54 mask=00ff (pc=018446)
[  34.614]   [header-byte] write $ffa517 = 54 mask=00ff (pc=018446)
[  34.631]   [header-byte] write $ffa517 = 54 mask=00ff (pc=018446)
[  34.631] [packet-accepted] total=580 seq=43 flags=10 status=54 pc=01845e
[  34.647]   [header-byte] write $ffa517 = 54 mask=00ff (pc=018446)
[  34.647] [packet-accepted] total=581 seq=44 flags=10 status=54 pc=01845e
[  34.764]   [header-byte] write $ffa517 = 54 mask=00ff (pc=018446)
[  34.764] [packet-accepted] total=582 seq=45 flags=08 status=54 pc=01845e attack=8000,ffff
[  35.045] heartbeat frame=2100 tx=3037 rx=3310 fc=1 fd=10 fe=1 linkflag=82 pc=00028a a502=00 a524=0000 a525=00 a170=c2 a17f=00 txtail=00dd rxpend=0000
[  35.045] [transport] captured=3037 flushed=3037 received=3310 accepted=582 payload2=498 payload3=5 payload4=10 payload5=24 pump_reads=2655 bursts=591 txcredit=0 outq=0 inq=0 watchdog=16 txseq=4f rxseq=46 rxcredit=0 protection=00 checks=0000
[  35.045] [epochs] local=1 peer=1 ready=true discarded_rx=0
[  35.045] [tcb-continuations] ffa580=ff80->018392 sleep=0 local26=7710 ffa5c0=ff80->01853c sleep=0 local26=0d00 ffd000=ffc0->00d4b4 sleep=0 local26=0000 ffd040=ffc0->00daca sleep=0 local26=0000 ffd080=ffc0->00504e sleep=0 local26=4400 ffd0c0=ffc0->00504e sleep=0 local26=4400 ffd100=ff80->006782 sleep=0 local26=0000 ffd140=ffc0->008082 sleep=0 local26=030d ffd180=ff80->007944 sleep=0 local26=0000 ffd1c0=ff80->007d70 sleep=0 local26=0000 ffd200=ff80->007944 sleep=0 local26=0000 ffd240=ff80->007d70 sleep=0 local26=0000 ffdfc0=ffc0->00d6d0 sleep=0 local26=0000
[  35.265]   [header-byte] write $ffa517 = 54 mask=00ff (pc=018446)
[  35.765]   [header-byte] write $ffa517 = 54 mask=00ff (pc=018446)
[  36.046] heartbeat frame=2160 tx=3043 rx=3316 fc=1 fd=10 fe=1 linkflag=82 pc=000288 a502=00 a524=0000 a525=00 a170=c2 a17f=00 txtail=00e3 rxpend=0000
[  36.046] [transport] captured=3043 flushed=3043 received=3316 accepted=584 payload2=498 payload3=5 payload4=10 payload5=24 pump_reads=2717 bursts=593 txcredit=0 outq=0 inq=0 watchdog=16 txseq=51 rxseq=48 rxcredit=0 protection=00 checks=0000
[  36.046] [epochs] local=1 peer=1 ready=true discarded_rx=0
[  36.046] [tcb-continuations] ffa580=ff80->018392 sleep=0 local26=7710 ffa5c0=ff80->01853c sleep=0 local26=0d00 ffd000=ffc0->00d4b4 sleep=0 local26=0000 ffd040=ffc0->00daca sleep=0 local26=0000 ffd080=ffc0->00504e sleep=0 local26=8000 ffd0c0=ffc0->00504e sleep=0 local26=8000 ffd100=ff80->006782 sleep=0 local26=0000 ffd140=ffc0->008082 sleep=0 local26=020d ffd180=ff80->0079d4 sleep=0 local26=0001 ffd1c0=ff80->007dc0 sleep=0 local26=0000 ffd200=ff80->0079d4 sleep=0 local26=0001 ffd240=ff80->007dc0 sleep=0 local26=0000 ffdfc0=ffc0->00d6d0 sleep=0 local26=0000
[  36.266]   [header-byte] write $ffa517 = 54 mask=00ff (pc=018446)
[  36.383]   [header-byte] write $ffa517 = 54 mask=00ff (pc=018446)
[  36.383] [packet-accepted] total=586 seq=49 flags=10 status=54 pc=01845e
[  36.500]   [header-byte] write $ffa517 = 54 mask=00ff (pc=018446)
[  36.500] [packet-accepted] total=587 seq=4a flags=08 status=54 pc=01845e attack=8000,ffff
[  36.817] [attack-state] address=ffa7e0 data=8080 mask=ff00 pc=0050ce protection=00
[  36.817] [attack-state] address=ffa7e4 data=8080 mask=ff00 pc=0050ce protection=00
[  36.818] [attack-state] address=ffa7e0 data=0000 mask=ff00 pc=00da56 protection=00
[  36.818] [attack-state] address=ffa7e4 data=0000 mask=ff00 pc=00da56 protection=00
[  37.000]   [header-byte] write $ffa517 = 54 mask=00ff (pc=018446)
[  37.048] heartbeat frame=2220 tx=3121 rx=3346 fc=1 fd=10 fe=1 linkflag=82 pc=00028a a502=00 a524=0000 a525=00 a170=c2 a17f=00 txtail=0031 rxpend=0000
[  37.048] [transport] captured=3121 flushed=3121 received=3346 accepted=588 payload2=498 payload3=6 payload4=11 payload5=24 pump_reads=2781 bursts=599 txcredit=0 outq=0 inq=0 watchdog=2 txseq=57 rxseq=4c rxcredit=0 protection=00 checks=0000
[  37.048] [epochs] local=1 peer=1 ready=true discarded_rx=0
[  37.048] [tcb-continuations] ffa580=ff80->018392 sleep=0 local26=7710 ffa5c0=ff80->01853c sleep=0 local26=0d00 ffd000=ffc0->00d4b4 sleep=0 local26=0000 ffd040=ffc0->00daca sleep=0 local26=0000 ffd080=ffc0->00504e sleep=0 local26=0800 ffd0c0=ffc0->00504e sleep=0 local26=0800 ffd100=ff80->006782 sleep=0 local26=0000 ffd140=ffc0->008082 sleep=0 local26=020d ffd1c0=ff00->0079fe sleep=2 local26=0000 ffd240=ff00->0079fe sleep=2 local26=0000 ffd280=ff80->007944 sleep=0 local26=0000 ffd2c0=ff80->007d70 sleep=0 local26=0000 ffd300=ff80->007944 sleep=0 local26=0000 ffd340=ff80->007d70 sleep=0 local26=0000 ffdfc0=ffc0->00d6d0 sleep=0 local26=0000
[  37.501]   [header-byte] write $ffa517 = 54 mask=00ff (pc=018446)
[  37.569]   [header-byte] write $ffa517 = 54 mask=00ff (pc=018446)
[  37.569] [packet-accepted] total=590 seq=4d flags=10 status=54 pc=01845e
[  37.701]   [header-byte] write $ffa517 = 54 mask=00ff (pc=018446)
[  37.701] [packet-accepted] total=591 seq=4e flags=08 status=54 pc=01845e attack=8000,ffff
[  37.785]   [header-byte] write $ffa517 = 54 mask=00ff (pc=018446)
[  37.785] [packet-accepted] total=592 seq=4f flags=04 status=54 pc=01845e command=1b arg=22
[  38.049] heartbeat frame=2280 tx=3127 rx=3378 fc=1 fd=10 fe=1 linkflag=82 pc=00028a a502=00 a524=0000 a525=00 a170=c2 a17f=00 txtail=0037 rxpend=0000
[  38.049] [transport] captured=3127 flushed=3127 received=3378 accepted=592 payload2=499 payload3=7 payload4=12 payload5=24 pump_reads=2845 bursts=601 txcredit=0 outq=0 inq=0 watchdog=15 txseq=59 rxseq=50 rxcredit=0 protection=00 checks=0000
[  38.049] [epochs] local=1 peer=1 ready=true discarded_rx=0
[  38.049] [tcb-continuations] ffa580=ff80->018392 sleep=0 local26=7710 ffa5c0=ff80->01853c sleep=0 local26=0d00 ffd000=ffc0->00d4b4 sleep=0 local26=0000 ffd040=ffc0->00daca sleep=0 local26=0000 ffd080=ffc0->00504e sleep=0 local26=4400 ffd0c0=ffc0->00504e sleep=0 local26=4400 ffd100=ff80->006782 sleep=0 local26=0000 ffd140=ffc0->008082 sleep=0 local26=010d ffd280=ff80->007944 sleep=0 local26=0000 ffd2c0=ff80->007d70 sleep=0 local26=0000 ffd300=ff80->007944 sleep=0 local26=0000 ffd340=ff80->007d70 sleep=0 local26=0000 ffdfc0=ffc0->00d6d0 sleep=0 local26=0000 ffe000=ff00->0070c2 sleep=0 local26=4c00
[  38.285]   [header-byte] write $ffa517 = 54 mask=00ff (pc=018446)
[  38.785]   [header-byte] write $ffa517 = 54 mask=00ff (pc=018446)
[  39.050] heartbeat frame=2340 tx=3133 rx=3384 fc=1 fd=10 fe=1 linkflag=82 pc=000288 a502=00 a524=0000 a525=00 a170=c2 a17f=00 txtail=003d rxpend=0000
[  39.050] [transport] captured=3133 flushed=3133 received=3384 accepted=594 payload2=499 payload3=7 payload4=12 payload5=24 pump_reads=2907 bursts=603 txcredit=0 outq=0 inq=0 watchdog=15 txseq=5b rxseq=52 rxcredit=0 protection=00 checks=0000
[  39.050] [epochs] local=1 peer=1 ready=true discarded_rx=0
[  39.050] [tcb-continuations] ffa580=ff80->018392 sleep=0 local26=7710 ffa5c0=ff80->01853c sleep=0 local26=0d00 ffd000=ffc0->00d4b4 sleep=0 local26=0000 ffd040=ffc0->00daca sleep=0 local26=0000 ffd080=ffc0->00504e sleep=0 local26=8000 ffd0c0=ffc0->00504e sleep=0 local26=8000 ffd100=ff80->006782 sleep=0 local26=0000 ffd140=ffc0->008082 sleep=0 local26=000d ffd280=ff00->0079fe sleep=9 local26=0001 ffd2c0=ff80->007de4 sleep=0 local26=0000 ffd300=ff00->0079fe sleep=9 local26=0001 ffd340=ff80->007de4 sleep=0 local26=0000 ffdfc0=ffc0->00d6d0 sleep=0 local26=0000 ffe000=ff00->0070c2 sleep=0 local26=4c00 ffe040=ff00->0070c2 sleep=0 local26=2b00
[  39.286]   [header-byte] write $ffa517 = 54 mask=00ff (pc=018446)
[  39.386]   [header-byte] write $ffa517 = 54 mask=00ff (pc=018446)
[  39.386] [packet-accepted] total=596 seq=53 flags=10 status=54 pc=01845e
[  39.407]   [header-byte] write $ffa517 = 54 mask=00ff (pc=018446)
[  39.407] [packet-accepted] total=597 seq=54 flags=10 status=54 pc=01845e
[  39.420]   [header-byte] write $ffa517 = 54 mask=00ff (pc=018446)
[  39.420] [packet-accepted] total=598 seq=55 flags=10 status=54 pc=01845e
[  39.553] [attack-state] address=ffa7e0 data=8080 mask=ff00 pc=0050ce protection=00
[  39.553] [attack-state] address=ffa7e4 data=8080 mask=ff00 pc=0050ce protection=00
[  39.555] [attack-state] address=ffa7e0 data=0000 mask=ff00 pc=00da56 protection=00
[  39.555] [attack-state] address=ffa7e4 data=0000 mask=ff00 pc=00da56 protection=00
[  39.920]   [header-byte] write $ffa517 = 54 mask=00ff (pc=018446)
[  40.052] heartbeat frame=2400 tx=3211 rx=3441 fc=1 fd=10 fe=1 linkflag=82 pc=000288 a502=00 a524=0000 a525=00 a170=c2 a17f=00 txtail=008b rxpend=0000
[  40.052] [transport] captured=3211 flushed=3211 received=3441 accepted=599 payload2=499 payload3=7 payload4=15 payload5=24 pump_reads=2972 bursts=609 txcredit=0 outq=0 inq=0 watchdog=7 txseq=61 rxseq=57 rxcredit=0 protection=00 checks=0000
[  40.052] [epochs] local=1 peer=1 ready=true discarded_rx=0
[  40.052] [tcb-continuations] ffa580=ff80->018392 sleep=0 local26=7710 ffa5c0=ff80->01853c sleep=0 local26=1d00 ffd000=ffc0->00d4b4 sleep=0 local26=0000 ffd040=ffc0->00daca sleep=0 local26=0000 ffd080=ffc0->00504e sleep=0 local26=1800 ffd0c0=ffc0->00504e sleep=0 local26=1800 ffd100=ff80->006782 sleep=0 local26=0000 ffd140=ffc0->008082 sleep=0 local26=02ff ffd180=ff80->007944 sleep=0 local26=0000 ffd1c0=ff80->007d70 sleep=0 local26=0000 ffd200=ff80->007944 sleep=0 local26=0000 ffd240=ff80->007d70 sleep=0 local26=0000 ffd2c0=ff00->007a24 sleep=0 local26=0300 ffd340=ff00->007a24 sleep=0 local26=0300 ffdfc0=ffc0->00d6d0 sleep=0 local26=0000 ffe000=ff00->0070c2 sleep=0 local26=4c00 ffe040=ff00->0070c2 sleep=0 local26=2b00
[  40.421]   [header-byte] write $ffa517 = 54 mask=00ff (pc=018446)
[  40.421] [packet-accepted] total=600 seq=57 flags=00 status=54 pc=01845e
[  40.922]   [header-byte] write $ffa517 = 54 mask=00ff (pc=018446)
[  41.053] heartbeat frame=2460 tx=3217 rx=3447 fc=1 fd=10 fe=1 linkflag=82 pc=00028a a502=00 a524=0000 a525=00 a170=c2 a17f=00 txtail=0091 rxpend=0000
[  41.053] [transport] captured=3217 flushed=3217 received=3447 accepted=601 payload2=499 payload3=7 payload4=15 payload5=24 pump_reads=3034 bursts=611 txcredit=0 outq=0 inq=0 watchdog=7 txseq=63 rxseq=59 rxcredit=0 protection=00 checks=0000
[  41.053] [epochs] local=1 peer=1 ready=true discarded_rx=0
[  41.053] [tcb-continuations] ffa580=ff80->018392 sleep=0 local26=7710 ffa5c0=ff80->01853c sleep=0 local26=1d00 ffd000=ffc0->00d4b4 sleep=0 local26=0000 ffd040=ffc0->00daca sleep=0 local26=0000 ffd080=ffc0->00504e sleep=0 local26=5400 ffd0c0=ffc0->00504e sleep=0 local26=5400 ffd100=ff80->006782 sleep=0 local26=0000 ffd140=ffc0->008082 sleep=0 local26=01ff ffd180=ff80->007944 sleep=0 local26=0001 ffd1c0=ff80->007d70 sleep=0 local26=0000 ffd200=ff80->007944 sleep=0 local26=0001 ffd240=ff80->007d70 sleep=0 local26=0000 ffdfc0=ffc0->00d6d0 sleep=0 local26=0000
[  41.422]   [header-byte] write $ffa517 = 54 mask=00ff (pc=018446)
[  41.923]   [header-byte] write $ffa517 = 54 mask=00ff (pc=018446)
[  42.023] [attack-state] address=ffa7e0 data=8080 mask=ff00 pc=0050ce protection=00
[  42.023] [attack-state] address=ffa7e4 data=8080 mask=ff00 pc=0050ce protection=00
[  42.025] [attack-state] address=ffa7e0 data=0000 mask=ff00 pc=00da56 protection=00
[  42.025] [attack-state] address=ffa7e4 data=0000 mask=ff00 pc=00da56 protection=00
[  42.054] heartbeat frame=2520 tx=3298 rx=3453 fc=1 fd=10 fe=1 linkflag=82 pc=000288 a502=00 a524=0000 a525=00 a170=c2 a17f=00 txtail=00e2 rxpend=0000
[  42.054] [transport] captured=3298 flushed=3298 received=3453 accepted=603 payload2=499 payload3=7 payload4=15 payload5=24 pump_reads=3096 bursts=618 txcredit=0 outq=0 inq=0 watchdog=7 txseq=6a rxseq=5b rxcredit=0 protection=00 checks=0000
[  42.054] [epochs] local=1 peer=1 ready=true discarded_rx=0
[  42.054] [tcb-continuations] ffa580=ff80->018392 sleep=0 local26=7710 ffa5c0=ff80->01853c sleep=0 local26=0100 ffd000=ffc0->00d4b4 sleep=0 local26=0000 ffd040=ffc0->00daca sleep=0 local26=0000 ffd080=ffc0->004fac sleep=0 local26=0000 ffd0c0=ffc0->004fac sleep=0 local26=0000 ffd100=ff80->006782 sleep=0 local26=0000 ffd140=ffc0->008082 sleep=0 local26=00ff ffd180=ff00->007a24 sleep=0 local26=0301 ffd1c0=ff00->0079fe sleep=14 local26=0000 ffd200=ff00->007a24 sleep=0 local26=0301 ffd240=ff00->0079fe sleep=14 local26=0000 ffdfc0=ffc0->00d6d0 sleep=0 local26=0000 ffe000=ff00->0070c2 sleep=0 local26=2000
[  42.424]   [header-byte] write $ffa517 = 54 mask=00ff (pc=018446)
[  42.926]   [header-byte] write $ffa517 = 54 mask=00ff (pc=018446)
[  43.055] heartbeat frame=2580 tx=3304 rx=3459 fc=1 fd=10 fe=1 linkflag=82 pc=00028a a502=00 a524=0000 a525=00 a170=c2 a17f=00 txtail=00e8 rxpend=0000
[  43.055] [transport] captured=3304 flushed=3304 received=3459 accepted=605 payload2=499 payload3=7 payload4=15 payload5=24 pump_reads=3158 bursts=620 txcredit=0 outq=0 inq=0 watchdog=7 txseq=6c rxseq=5d rxcredit=0 protection=00 checks=0000
[  43.055] [epochs] local=1 peer=1 ready=true discarded_rx=0
[  43.055] [tcb-continuations] ffa580=ff80->018392 sleep=0 local26=7710 ffa5c0=ff80->01853c sleep=0 local26=0100 ffd000=ffc0->00d4b4 sleep=0 local26=0000 ffd040=ffc0->00daca sleep=0 local26=0000 ffd080=ffc0->00504e sleep=0 local26=3800 ffd0c0=ffc0->00504e sleep=0 local26=3800 ffd100=ff80->006782 sleep=0 local26=0000 ffd140=ffc0->008082 sleep=0 local26=030b ffd280=ff80->007944 sleep=0 local26=0001 ffd2c0=ff80->007d70 sleep=0 local26=0000 ffd300=ff80->007944 sleep=0 local26=0001 ffd340=ff80->007d70 sleep=0 local26=0000 ffdfc0=ffc0->00d6d0 sleep=0 local26=0000 ffe000=ff00->0070c2 sleep=0 local26=2000
[  43.426]   [header-byte] write $ffa517 = 54 mask=00ff (pc=018446)
[  43.759] [attack-state] address=ffa7e0 data=8080 mask=ff00 pc=0050ce protection=00
[  43.759] [attack-state] address=ffa7e4 data=8080 mask=ff00 pc=0050ce protection=00
[  43.760] [attack-state] address=ffa7e0 data=0000 mask=ff00 pc=00da56 protection=00
[  43.760] [attack-state] address=ffa7e4 data=0000 mask=ff00 pc=00da56 protection=00
[  43.926]   [header-byte] write $ffa517 = 54 mask=00ff (pc=018446)
[  44.057] heartbeat frame=2640 tx=3348 rx=3465 fc=1 fd=10 fe=1 linkflag=82 pc=000288 a502=00 a524=0000 a525=00 a170=c2 a17f=00 txtail=0014 rxpend=0000
[  44.057] [transport] captured=3348 flushed=3348 received=3465 accepted=607 payload2=499 payload3=7 payload4=15 payload5=24 pump_reads=3220 bursts=624 txcredit=0 outq=0 inq=0 watchdog=7 txseq=70 rxseq=5f rxcredit=0 protection=00 checks=0000
[  44.057] [epochs] local=1 peer=1 ready=true discarded_rx=0
[  44.057] [tcb-continuations] ffa580=ff80->018392 sleep=0 local26=7710 ffa5c0=ff80->01853c sleep=0 local26=1100 ffd000=ffc0->00d4b4 sleep=0 local26=0000 ffd040=ffc0->00daca sleep=0 local26=0000 ffd080=ffc0->00504e sleep=0 local26=0c00 ffd0c0=ffc0->00504e sleep=0 local26=0c00 ffd100=ff80->006782 sleep=0 local26=0000 ffd140=ffc0->008082 sleep=0 local26=020b ffd180=ff80->007944 sleep=0 local26=0001 ffd1c0=ff80->007d70 sleep=0 local26=0000 ffd200=ff80->007944 sleep=0 local26=0001 ffd240=ff80->007d70 sleep=0 local26=0000 ffd280=ff00->007a24 sleep=0 local26=0601 ffd2c0=ff00->007a24 sleep=0 local26=0400 ffd300=ff00->007a24 sleep=0 local26=0601 ffd340=ff00->007a24 sleep=0 local26=0400 ffdfc0=ffc0->00d6d0 sleep=0 local26=0000 ffe000=ff00->0070c2 sleep=0 local26=2000
[  44.426]   [header-byte] write $ffa517 = 54 mask=00ff (pc=018446)
[  44.927]   [header-byte] write $ffa517 = 54 mask=00ff (pc=018446)
[  44.960] [attack-state] address=ffa7e0 data=8080 mask=ff00 pc=0050ce protection=00
[  44.960] [attack-state] address=ffa7e4 data=8080 mask=ff00 pc=0050ce protection=00
[  44.962] [attack-state] address=ffa7e0 data=0000 mask=ff00 pc=00da56 protection=00
[  44.962] [attack-state] address=ffa7e4 data=0000 mask=ff00 pc=00da56 protection=00
[  45.045] [game-command] data=1b1b mask=ff00 pc=00c030 requests=00
[  45.048] [game-command] data=3b3b mask=ff00 pc=00c030 requests=04
[  45.058] heartbeat frame=2700 tx=3395 rx=3471 fc=1 fd=10 fe=1 linkflag=82 pc=000288 a502=00 a524=0005 a525=05 a170=c2 a17f=00 txtail=0043 rxpend=0000
[  45.058] [transport] captured=3395 flushed=3395 received=3471 accepted=609 payload2=499 payload3=7 payload4=15 payload5=24 pump_reads=3282 bursts=629 txcredit=0 outq=0 inq=0 watchdog=7 txseq=76 rxseq=61 rxcredit=0 protection=00 checks=0000
[  45.058] [epochs] local=1 peer=1 ready=true discarded_rx=0
[  45.058] [game-state] a142=04 a13e=03 a13f=07 a530=3b22 a506=0b a507=01 a508=01 a7b0=3822 a7a6=9313 script=01a51a
[  45.058] [tcb-continuations] ffa580=ff80->018392 sleep=0 local26=7710 ffa5c0=ff80->01853c sleep=0 local26=0000 ffd000=ffc0->00d4b4 sleep=0 local26=0000 ffd040=ffc0->00daca sleep=0 local26=0000 ffd080=ffc0->00bdcc sleep=0 local26=0007 ffd0c0=ffc0->00bdcc sleep=0 local26=0007 ffd100=ff80->006782 sleep=0 local26=0000 ffd140=ffc0->008082 sleep=0 local26=010b ffd280=ff80->00ce50 sleep=0 local26=0000 ffd2c0=ff80->00cea4 sleep=35 local26=001a ffd300=ff80->00cea4 sleep=15 local26=001a ffd340=ff80->00cea4 sleep=3 local26=001a ffd380=ff80->00cec4 sleep=0 local26=001a ffd3c0=ff80->00cea4 sleep=19 local26=001a ffd400=ff80->00cea4 sleep=31 local26=001a ffd440=ff80->00449a sleep=0 local26=0000 ffd480=ff80->00ce50 sleep=0 local26=0000 ffd4c0=ff80->00cea4 sleep=35 local26=001a ffd500=ff80->00cea4 sleep=15 local26=001a ffd540=ff80->00cea4 sleep=3 local26=001a ffd580=ff80->00cec4 sleep=0 local26=001a ffd5c0=ff80->00cea4 sleep=19 local26=001a ffd600=ff80->00cea4 sleep=31 local26=001a ffd640=ff80->00449a sleep=0 local26=0001 ffdfc0=ffc0->00d6d0 sleep=0 local26=0000 ffe000=ff00->0070c2 sleep=0 local26=2000
[  45.064] [game-command] data=1d1d mask=ff00 pc=00db3c requests=00
[  45.064] [game-command] data=1111 mask=00ff pc=00db50 requests=00
[  45.064]   [menu-state] write $ffa170 = e2e2 mask=ff00 (pc=00dc36)
[  45.064]   [menu-state] write $ffa176 = 0000 mask=ff00 (pc=01afde)
[  45.064]   [header-byte] write $ffa513 = 00 mask=00ff (pc=01afe6)
[  45.064]   [header-byte] write $ffa513 = 10 mask=00ff (pc=01affe)
[  45.064]   [header-byte] write $ffa513 = 14 mask=00ff (pc=01b044)
[  45.127]   [header-byte] write $ffa517 = 14 mask=00ff (pc=018446)
[  45.127] [packet-accepted] total=610 seq=61 flags=04 status=14 pc=01845e command=1d arg=02
[  45.211] [game-command] data=0d0d mask=ff00 pc=00dccc requests=00
[  45.277]   [header-byte] write $ffa517 = 14 mask=00ff (pc=018446)
[  45.277] [packet-accepted] total=611 seq=62 flags=24 status=14 pc=01845e command=0d arg=02
[  45.778]   [header-byte] write $ffa517 = 14 mask=00ff (pc=018446)
[  46.059] heartbeat frame=2760 tx=3430 rx=3501 fc=1 fd=10 fe=1 linkflag=82 pc=00028a a502=00 a524=0000 a525=00 a170=e2 a17f=00 txtail=0066 rxpend=0000
[  46.059] [transport] captured=3430 flushed=3430 received=3501 accepted=612 payload2=501 payload3=7 payload4=15 payload5=25 pump_reads=3345 bursts=633 txcredit=0 outq=0 inq=0 watchdog=16 txseq=79 rxseq=64 rxcredit=0 protection=00 checks=0000
[  46.059] [epochs] local=1 peer=1 ready=true discarded_rx=0
[  46.059] [game-state] a142=04 a13e=03 a13f=07 a530=0d11 a506=0c a507=01 a508=01 a7b0=3822 a7a6=9313 script=01a51a
[  46.059] [tcb-continuations] ffa580=ff80->018392 sleep=0 local26=7710 ffa5c0=ff80->01853c sleep=0 local26=1400 ffd000=ffc0->00d4b4 sleep=0 local26=0000 ffd040=ffc0->00dd2e sleep=0 local26=0000 ffd080=ffc0->00bdcc sleep=0 local26=0005 ffd0c0=ffc0->00bdcc sleep=0 local26=0005 ffd100=ff80->006782 sleep=0 local26=0000 ffd2c0=ff80->00cec4 sleep=0 local26=0016 ffd300=ff80->00cec4 sleep=0 local26=080b ffd340=ff80->00cec4 sleep=0 local26=0002 ffd3c0=ff80->00cec4 sleep=0 local26=000e ffd400=ff80->00cec4 sleep=0 local26=0014 ffd440=ff80->00449a sleep=0 local26=0000 ffd4c0=ff80->00cec4 sleep=0 local26=0016 ffd500=ff80->00cec4 sleep=0 local26=080b ffd540=ff80->00cec4 sleep=0 local26=0002 ffd5c0=ff80->00cec4 sleep=0 local26=000e ffd600=ff80->00cec4 sleep=0 local26=0014 ffd640=ff80->00449a sleep=0 local26=0001 ffdfc0=ffc0->00d6d0 sleep=0 local26=0000
[  46.195]   [header-byte] write $ffa517 = 14 mask=00ff (pc=018446)
[  46.195] [packet-accepted] total=613 seq=64 flags=04 status=14 pc=01845e command=4c arg=02
[  46.698]   [header-byte] write $ffa517 = 14 mask=00ff (pc=018446)
[  47.061] heartbeat frame=2820 tx=3535 rx=3509 fc=1 fd=10 fe=1 linkflag=82 pc=00028a a502=00 a524=0000 a525=00 a170=e2 a17f=00 txtail=00cf rxpend=0000
[  47.061] [transport] captured=3535 flushed=3535 received=3509 accepted=614 payload2=502 payload3=7 payload4=15 payload5=25 pump_reads=3407 bursts=640 txcredit=0 outq=0 inq=0 watchdog=21 txseq=80 rxseq=66 rxcredit=0 protection=00 checks=0000
[  47.061] [epochs] local=1 peer=1 ready=true discarded_rx=0
[  47.061] [tcb-continuations] ffa580=ff80->018392 sleep=0 local26=7710 ffa5c0=ff80->01853c sleep=0 local26=1300 ffd000=ffc0->00d4b4 sleep=0 local26=0000 ffd040=ffc0->00de4e sleep=28 local26=0000 ffd080=ffc0->00c426 sleep=106 local26=0000 ffd0c0=ffc0->00c426 sleep=106 local26=0000 ffd100=ffc0->00cd98 sleep=0 local26=0000 ffd140=ffc0->00ca8a sleep=0 local26=0008 ffd180=ffc0->00ca8a sleep=0 local26=0008 ffd1c0=ff80->01510e sleep=0 local26=0000 ffd200=ff80->01510e sleep=0 local26=0000 ffdfc0=ffc0->00d6d0 sleep=0 local26=0000
[  47.196]   [header-byte] write $ffa517 = 14 mask=00ff (pc=018446)
[  47.546] [game-command] data=4c4c mask=ff00 pc=00dec6 requests=00
[  47.697]   [header-byte] write $ffa517 = 14 mask=00ff (pc=018446)
[  48.062] heartbeat frame=2880 tx=3543 rx=3515 fc=1 fd=10 fe=1 linkflag=82 pc=000288 a502=00 a524=0003 a525=03 a170=e2 a17f=00 txtail=00d7 rxpend=0000
[  48.062] [transport] captured=3543 flushed=3543 received=3515 accepted=616 payload2=502 payload3=7 payload4=15 payload5=25 pump_reads=3469 bursts=642 txcredit=0 outq=0 inq=0 watchdog=21 txseq=83 rxseq=68 rxcredit=0 protection=00 checks=0000
[  48.062] [epochs] local=1 peer=1 ready=true discarded_rx=0
[  48.062] [game-state] a142=04 a13e=03 a13f=07 a530=4c11 a506=0c a507=01 a508=01 a7b0=3822 a7a6=9313 script=01a51a
[  48.062] [tcb-continuations] ffa580=ff80->018392 sleep=0 local26=7710 ffa5c0=ff80->01853c sleep=0 local26=0000 ffd000=ffc0->00d4b4 sleep=0 local26=0000 ffd040=ffc0->00df7a sleep=0 local26=0000 ffd080=ffc0->00c426 sleep=46 local26=0000 ffd0c0=ffc0->00c426 sleep=46 local26=0000 ffd100=ffc0->00cd98 sleep=0 local26=0000 ffd1c0=ff80->01510e sleep=0 local26=0000 ffd200=ff80->01510e sleep=0 local26=0000 ffd240=ff80->0086ee sleep=0 local26=0000 ffd280=ff80->00c936 sleep=30 local26=0000 ffdfc0=ffc0->00d6d0 sleep=0 local26=0000
[  48.198]   [header-byte] write $ffa517 = 14 mask=00ff (pc=018446)
[  48.698]   [header-byte] write $ffa517 = 14 mask=00ff (pc=018446)
[  49.063] heartbeat frame=2940 tx=3549 rx=3521 fc=1 fd=10 fe=1 linkflag=82 pc=00028a a502=00 a524=0003 a525=03 a170=e2 a17f=00 txtail=00dd rxpend=0000
[  49.063] [transport] captured=3549 flushed=3549 received=3521 accepted=618 payload2=502 payload3=7 payload4=15 payload5=25 pump_reads=3531 bursts=644 txcredit=0 outq=0 inq=0 watchdog=21 txseq=85 rxseq=6a rxcredit=0 protection=00 checks=0000
[  49.063] [epochs] local=1 peer=1 ready=true discarded_rx=0
[  49.063] [tcb-continuations] ffa580=ff80->018392 sleep=0 local26=7710 ffa5c0=ff80->01853c sleep=0 local26=0000 ffd000=ffc0->00d4b4 sleep=0 local26=0000 ffd040=ffc0->00df7a sleep=0 local26=0000 ffd080=ffc0->00c4c6 sleep=0 local26=0000 ffd0c0=ffc0->00c46c sleep=0 local26=0000 ffd100=ffc0->00cd98 sleep=0 local26=0000 ffd140=ff40->00c9ce sleep=0 local26=0000 ffd180=ff40->00c9ce sleep=0 local26=0000 ffd1c0=ff80->01510e sleep=0 local26=0000 ffd200=ff80->01510e sleep=0 local26=0000 ffd240=ff80->0086ee sleep=0 local26=0000 ffd2c0=ff40->00c9ce sleep=0 local26=0000 ffd300=ff40->00c9ce sleep=0 local26=0000 ffd340=ff40->00c9ce sleep=0 local26=0000 ffd380=ff40->00c9ce sleep=0 local26=0000 ffd3c0=ff40->00c9ce sleep=0 local26=0000 ffd400=ff40->00c9ce sleep=0 local26=0000 ffd440=ff40->00c9ce sleep=0 local26=0000 ffd480=ff40->00c9ce sleep=0 local26=0000 ffd4c0=ff40->00c9ce sleep=0 local26=0000 ffd500=ff40->00c9ce sleep=0 local26=0000 ffd540=ff40->00c9ce sleep=0 local26=0000 ffd580=ff40->00c9ce sleep=0 local26=0000 ffd5c0=ff40->00c9ce sleep=0 local26=0000 ffd600=ff40->00c9ce sleep=0 local26=0000 ffd640=ff40->00c9ce sleep=0 local26=0000 ffd680=ff40->00c9ce sleep=0 local26=0000 ffd6c0=ff40->00c9ce sleep=0 local26=0000 ffd700=ff40->00c9ce sleep=0 local26=0000 ffd740=ff40->00c9ce sleep=0 local26=0000 ffd780=ff40->00c9ce sleep=0 local26=0000 ffd7c0=ff40->00c9ce sleep=0 local26=0000 ffd800=ff40->00c9ce sleep=0 local26=0000 ffd840=ff40->00c9ce sleep=0 local26=0000 ffd880=ff40->00c9ce sleep=0 local26=0000 ffd8c0=ff40->00c9ce sleep=0 local26=0000 ffd900=ff40->00c9ce sleep=0 local26=0000 ffd940=ff40->00c9ce sleep=0 local26=0000 ffd980=ff40->00c9ce sleep=0 local26=0000 ffd9c0=ff40->00c9ce sleep=0 local26=0000 ffda00=ff40->00c9ce sleep=0 local26=0000 ffdfc0=ffc0->00d6d0 sleep=0 local26=0000
[  49.199]   [header-byte] write $ffa517 = 14 mask=00ff (pc=018446)
[  49.699]   [header-byte] write $ffa517 = 14 mask=00ff (pc=018446)
[  50.064] heartbeat frame=3000 tx=3555 rx=3527 fc=1 fd=10 fe=1 linkflag=82 pc=00028a a502=00 a524=0003 a525=03 a170=e2 a17f=00 txtail=00e3 rxpend=0000
[  50.064] [transport] captured=3555 flushed=3555 received=3527 accepted=620 payload2=502 payload3=7 payload4=15 payload5=25 pump_reads=3593 bursts=646 txcredit=0 outq=0 inq=0 watchdog=21 txseq=87 rxseq=6c rxcredit=0 protection=00 checks=0000
[  50.064] [epochs] local=1 peer=1 ready=true discarded_rx=0
[  50.202]   [header-byte] write $ffa517 = 14 mask=00ff (pc=018446)
[  50.701]   [header-byte] write $ffa517 = 14 mask=00ff (pc=018446)
[  51.066] heartbeat frame=3060 tx=3561 rx=3533 fc=1 fd=10 fe=1 linkflag=82 pc=000288 a502=00 a524=0003 a525=03 a170=e2 a17f=00 txtail=00e9 rxpend=0000
[  51.066] [transport] captured=3561 flushed=3561 received=3533 accepted=622 payload2=502 payload3=7 payload4=15 payload5=25 pump_reads=3655 bursts=648 txcredit=0 outq=0 inq=0 watchdog=21 txseq=89 rxseq=6e rxcredit=0 protection=00 checks=0000
[  51.066] [epochs] local=1 peer=1 ready=true discarded_rx=0
[  51.201]   [header-byte] write $ffa517 = 14 mask=00ff (pc=018446)
[  51.702]   [header-byte] write $ffa517 = 14 mask=00ff (pc=018446)
[  52.067] heartbeat frame=3120 tx=3567 rx=3539 fc=1 fd=10 fe=1 linkflag=82 pc=000288 a502=00 a524=0003 a525=03 a170=e2 a17f=00 txtail=00ef rxpend=0000
[  52.067] [transport] captured=3567 flushed=3567 received=3539 accepted=624 payload2=502 payload3=7 payload4=15 payload5=25 pump_reads=3717 bursts=650 txcredit=0 outq=0 inq=0 watchdog=21 txseq=8b rxseq=70 rxcredit=0 protection=00 checks=0000
[  52.067] [epochs] local=1 peer=1 ready=true discarded_rx=0
[  52.203]   [header-byte] write $ffa517 = 14 mask=00ff (pc=018446)
[  52.704]   [header-byte] write $ffa517 = 14 mask=00ff (pc=018446)
[  53.068] heartbeat frame=3180 tx=3573 rx=3545 fc=1 fd=10 fe=1 linkflag=82 pc=00028a a502=00 a524=0003 a525=03 a170=e2 a17f=00 txtail=00f5 rxpend=0000
[  53.068] [transport] captured=3573 flushed=3573 received=3545 accepted=626 payload2=502 payload3=7 payload4=15 payload5=25 pump_reads=3779 bursts=652 txcredit=0 outq=0 inq=0 watchdog=21 txseq=8d rxseq=72 rxcredit=0 protection=00 checks=0000
[  53.068] [epochs] local=1 peer=1 ready=true discarded_rx=0
[  53.204]   [header-byte] write $ffa517 = 14 mask=00ff (pc=018446)
[  53.705]   [header-byte] write $ffa517 = 14 mask=00ff (pc=018446)
[  54.070] heartbeat frame=3240 tx=3579 rx=3551 fc=1 fd=10 fe=1 linkflag=82 pc=00028a a502=00 a524=0003 a525=03 a170=e2 a17f=00 txtail=00fb rxpend=0000
[  54.070] [transport] captured=3579 flushed=3579 received=3551 accepted=628 payload2=502 payload3=7 payload4=15 payload5=25 pump_reads=3841 bursts=654 txcredit=0 outq=0 inq=0 watchdog=21 txseq=8f rxseq=74 rxcredit=0 protection=00 checks=0000
[  54.070] [epochs] local=1 peer=1 ready=true discarded_rx=0
[  54.205]   [header-byte] write $ffa517 = 14 mask=00ff (pc=018446)
[  54.706]   [header-byte] write $ffa517 = 14 mask=00ff (pc=018446)
[  55.071] heartbeat frame=3300 tx=3585 rx=3557 fc=1 fd=10 fe=1 linkflag=82 pc=00028a a502=00 a524=0003 a525=03 a170=e2 a17f=00 txtail=0001 rxpend=0000
[  55.071] [transport] captured=3585 flushed=3585 received=3557 accepted=630 payload2=502 payload3=7 payload4=15 payload5=25 pump_reads=3903 bursts=656 txcredit=0 outq=0 inq=0 watchdog=21 txseq=91 rxseq=76 rxcredit=0 protection=00 checks=0000
[  55.071] [epochs] local=1 peer=1 ready=true discarded_rx=0
[  55.173] [game-command] data=6c6c mask=ff00 pc=00e108 requests=00
[  55.207]   [header-byte] write $ffa517 = 14 mask=00ff (pc=018446)
[  55.257]   [header-byte] write $ffa517 = 14 mask=00ff (pc=018446)
[  55.257] [packet-accepted] total=632 seq=77 flags=04 status=14 pc=01845e command=6c arg=02
[  55.607]   [menu-state] write $ffa170 = c0c0 mask=ff00 (pc=00e0e2)
[  55.607]   [menu-state] write $ffa176 = 0000 mask=ff00 (pc=01afde)
[  55.607]   [header-byte] write $ffa513 = 00 mask=00ff (pc=01afe6)
[  55.607]   [header-byte] write $ffa513 = 10 mask=00ff (pc=01affe)
[  55.607]   [header-byte] write $ffa513 = 14 mask=00ff (pc=01b044)
[  55.626]   [menu-state] write $ffa170 = 0808 mask=ff00 (pc=018062)
[  55.626]   [menu-state] write $ffa176 = 0000 mask=ff00 (pc=01afde)
[  55.626]   [header-byte] write $ffa513 = 00 mask=00ff (pc=01afe6)
[  55.626]   [header-byte] write $ffa513 = 10 mask=00ff (pc=01affe)
[  55.626]   [header-byte] write $ffa513 = 11 mask=00ff (pc=01b034)
[  55.758]   [header-byte] write $ffa517 = 14 mask=00ff (pc=018446)
[  55.774]   [header-byte] write $ffa517 = 11 mask=00ff (pc=018446)
[  56.072] heartbeat frame=3360 tx=3599 rx=3571 fc=1 fd=10 fe=1 linkflag=82 pc=00028a a502=00 a524=0000 a525=00 a170=08 a17f=00 txtail=000f rxpend=0000
[  56.072] [transport] captured=3599 flushed=3599 received=3571 accepted=634 payload2=503 payload3=7 payload4=15 payload5=25 pump_reads=3967 bursts=660 txcredit=0 outq=0 inq=0 watchdog=17 txseq=94 rxseq=7a rxcredit=0 protection=00 checks=0000
[  56.072] [epochs] local=1 peer=1 ready=true discarded_rx=0
[  56.072] [game-state] a142=04 a13e=01 a13f=02 a530=6c11 a506=0c a507=00 a508=01 a7b0=3822 a7a6=9313 script=01a606
[  56.072] [tcb-continuations] ffa580=ff80->018392 sleep=0 local26=7710 ffa5c0=ff80->01853c sleep=0 local26=1a00 ffd000=ffc0->00d4b4 sleep=0 local26=0000 ffd140=ff40->00c9ce sleep=0 local26=0000 ffd180=ff40->00c9ce sleep=0 local26=0000 ffd1c0=ff80->015156 sleep=24 local26=0000 ffd200=ff80->015156 sleep=24 local26=0000 ffd2c0=ff40->00c9ce sleep=0 local26=0000 ffd300=ff40->00c9ce sleep=0 local26=0000 ffd340=ff40->00c9ce sleep=0 local26=0000 ffd380=ff40->00c9ce sleep=0 local26=0000 ffd3c0=ff40->00c9ce sleep=0 local26=0000 ffd400=ff40->00c9ce sleep=0 local26=0000 ffd440=ff40->00c9ce sleep=0 local26=0000 ffd480=ff40->00c9ce sleep=0 local26=0000 ffd4c0=ff40->00c9ce sleep=0 local26=0000 ffd500=ff40->00c9ce sleep=0 local26=0000 ffd540=ff40->00c9ce sleep=0 local26=0000 ffd580=ff40->00c9ce sleep=0 local26=0000 ffd5c0=ff40->00c9ce sleep=0 local26=0000 ffd600=ff40->00c9ce sleep=0 local26=0000 ffd640=ff40->00c9ce sleep=0 local26=0000 ffd680=ff40->00c9ce sleep=0 local26=0000 ffd6c0=ff40->00c9ce sleep=0 local26=0000 ffd700=ff40->00c9ce sleep=0 local26=0000 ffd740=ff40->00c9ce sleep=0 local26=0000 ffd780=ff40->00c9ce sleep=0 local26=0000 ffd7c0=ff40->00c9ce sleep=0 local26=0000 ffd800=ff40->00c9ce sleep=0 local26=0000 ffd840=ff40->00c9ce sleep=0 local26=0000 ffd880=ff40->00c9ce sleep=0 local26=0000 ffd8c0=ff40->00c9ce sleep=0 local26=0000 ffd900=ff40->00c9ce sleep=0 local26=0000 ffd940=ff40->00c9ce sleep=0 local26=0000 ffd980=ff40->00c9ce sleep=0 local26=0000 ffd9c0=ff40->00c9ce sleep=0 local26=0000 ffda00=ff40->00c9ce sleep=0 local26=0000 ffdfc0=ffc0->00d6d0 sleep=0 local26=0000
[  56.275]   [header-byte] write $ffa517 = 11 mask=00ff (pc=018446)
[  56.775]   [header-byte] write $ffa517 = 11 mask=00ff (pc=018446)
[  57.073] heartbeat frame=3420 tx=3605 rx=3577 fc=1 fd=10 fe=1 linkflag=82 pc=00028a a502=00 a524=0000 a525=00 a170=08 a17f=00 txtail=0015 rxpend=0000
[  57.073] [transport] captured=3605 flushed=3605 received=3577 accepted=636 payload2=503 payload3=7 payload4=15 payload5=25 pump_reads=4029 bursts=662 txcredit=0 outq=0 inq=0 watchdog=17 txseq=96 rxseq=7c rxcredit=0 protection=00 checks=0000
[  57.073] [epochs] local=1 peer=1 ready=true discarded_rx=0
[  57.073] [tcb-continuations] ffa580=ff80->018392 sleep=0 local26=7710 ffa5c0=ff80->01853c sleep=0 local26=1a00 ffd000=ffc0->00d4b4 sleep=0 local26=0000 ffd140=ff40->00c9ce sleep=0 local26=0000 ffd180=ff40->00c9ce sleep=0 local26=0000 ffd1c0=ff80->015172 sleep=0 local26=0000 ffd200=ff80->015172 sleep=0 local26=0000 ffd2c0=ff40->00c9ce sleep=0 local26=0000 ffd300=ff40->00c9ce sleep=0 local26=0000 ffd340=ff40->00c9ce sleep=0 local26=0000 ffd380=ff40->00c9ce sleep=0 local26=0000 ffd3c0=ff40->00c9ce sleep=0 local26=0000 ffd400=ff40->00c9ce sleep=0 local26=0000 ffd440=ff40->00c9ce sleep=0 local26=0000 ffd480=ff40->00c9ce sleep=0 local26=0000 ffd4c0=ff40->00c9ce sleep=0 local26=0000 ffd500=ff40->00c9ce sleep=0 local26=0000 ffd540=ff40->00c9ce sleep=0 local26=0000 ffd580=ff40->00c9ce sleep=0 local26=0000 ffd5c0=ff40->00c9ce sleep=0 local26=0000 ffd600=ff40->00c9ce sleep=0 local26=0000 ffd640=ff40->00c9ce sleep=0 local26=0000 ffd680=ff40->00c9ce sleep=0 local26=0000 ffd6c0=ff40->00c9ce sleep=0 local26=0000 ffd700=ff40->00c9ce sleep=0 local26=0000 ffd740=ff40->00c9ce sleep=0 local26=0000 ffd780=ff40->00c9ce sleep=0 local26=0000 ffd7c0=ff40->00c9ce sleep=0 local26=0000 ffd800=ff40->00c9ce sleep=0 local26=0000 ffd840=ff40->00c9ce sleep=0 local26=0000 ffd880=ff40->00c9ce sleep=0 local26=0000 ffd8c0=ff40->00c9ce sleep=0 local26=0000 ffd900=ff40->00c9ce sleep=0 local26=0000 ffd940=ff40->00c9ce sleep=0 local26=0000 ffd980=ff40->00c9ce sleep=0 local26=0000 ffd9c0=ff40->00c9ce sleep=0 local26=0000 ffda00=ff40->00c9ce sleep=0 local26=0000 ffdfc0=ffc0->00d6d0 sleep=0 local26=0000
[  57.276]   [header-byte] write $ffa517 = 11 mask=00ff (pc=018446)
[  57.784]   [header-byte] write $ffa517 = 11 mask=00ff (pc=018446)
[  57.794] [game-command] data=0303 mask=ff00 pc=0188d8 requests=00
[  57.822]   [header-byte] write $ffa513 = 13 mask=00ff (pc=0189b4)
[  57.822]   [menu-state] write $ffa17f = 0000 mask=00ff (pc=0189c2)
[  58.075] heartbeat frame=3480 tx=3614 rx=3583 fc=1 fd=10 fe=1 linkflag=82 pc=00028a a502=00 a524=0000 a525=00 a170=08 a17f=00 txtail=001e rxpend=0000
[  58.075] [transport] captured=3614 flushed=3614 received=3583 accepted=638 payload2=503 payload3=7 payload4=15 payload5=25 pump_reads=4091 bursts=665 txcredit=0 outq=0 inq=0 watchdog=11 txseq=99 rxseq=7e rxcredit=0 protection=00 checks=0000
[  58.075] [epochs] local=1 peer=1 ready=true discarded_rx=0
[  58.075] [game-state] a142=04 a13e=01 a13f=02 a530=0311 a506=03 a507=00 a508=00 a7b0=3822 a7a6=0000 script=01a638
[  58.075] [tcb-continuations] ffa580=ff80->018392 sleep=0 local26=7710 ffa5c0=ff80->01853c sleep=0 local26=0a00 ffd040=ff80->0189c6 sleep=0 local26=0101
[  58.101]   [header-byte] write $ffa517 = 11 mask=00ff (pc=018446)
[  58.109]   [header-byte] write $ffa517 = 15 mask=00ff (pc=018446)
[  58.142]   [header-byte] write $ffa517 = 13 mask=00ff (pc=018446)
[  58.517] [game-command] data=2323 mask=ff00 pc=018ae0 requests=00
[  58.862]   [header-byte] write $ffa517 = 13 mask=00ff (pc=018446)
[  58.862] [packet-accepted] total=642 seq=81 flags=04 status=13 pc=01845e command=03 arg=02
[  58.878]   [header-byte] write $ffa517 = 13 mask=00ff (pc=018446)
[  58.878] [packet-accepted] total=643 seq=82 flags=04 status=13 pc=01845e command=03 arg=02
[  58.895]   [header-byte] write $ffa517 = 13 mask=00ff (pc=018446)
[  58.895] [packet-accepted] total=644 seq=83 flags=04 status=13 pc=01845e command=03 arg=02
[  58.912]   [header-byte] write $ffa517 = 13 mask=00ff (pc=018446)
[  58.912] [packet-accepted] total=645 seq=84 flags=04 status=13 pc=01845e command=03 arg=02
[  58.928]   [header-byte] write $ffa517 = 13 mask=00ff (pc=018446)
[  58.928] [packet-accepted] total=646 seq=85 flags=04 status=13 pc=01845e command=03 arg=02
[  58.945]   [header-byte] write $ffa517 = 13 mask=00ff (pc=018446)
[  58.945] [packet-accepted] total=647 seq=86 flags=04 status=13 pc=01845e command=03 arg=02
[  58.962]   [header-byte] write $ffa517 = 13 mask=00ff (pc=018446)
[  58.962] [packet-accepted] total=648 seq=87 flags=04 status=13 pc=01845e command=03 arg=02
[  58.980]   [header-byte] write $ffa517 = 13 mask=00ff (pc=018446)
[  58.980] [packet-accepted] total=649 seq=88 flags=04 status=13 pc=01845e command=03 arg=02
[  58.995]   [header-byte] write $ffa517 = 13 mask=00ff (pc=018446)
[  58.995] [packet-accepted] total=650 seq=89 flags=04 status=13 pc=01845e command=03 arg=02
[  59.012]   [header-byte] write $ffa517 = 13 mask=00ff (pc=018446)
[  59.012] [packet-accepted] total=651 seq=8a flags=04 status=13 pc=01845e command=03 arg=02
[  59.029]   [header-byte] write $ffa517 = 13 mask=00ff (pc=018446)
[  59.029] [packet-accepted] total=652 seq=8b flags=04 status=13 pc=01845e command=03 arg=02
[  59.045]   [header-byte] write $ffa517 = 13 mask=00ff (pc=018446)
[  59.045] [packet-accepted] total=653 seq=8c flags=04 status=13 pc=01845e command=03 arg=02
[  59.062]   [header-byte] write $ffa517 = 13 mask=00ff (pc=018446)
[  59.062] [packet-accepted] total=654 seq=8d flags=04 status=13 pc=01845e command=03 arg=02
[  59.076] heartbeat frame=3540 tx=3779 rx=3657 fc=1 fd=10 fe=1 linkflag=82 pc=000288 a502=00 a524=0005 a525=05 a170=08 a17f=00 txtail=00c3 rxpend=0000
[  59.076] [transport] captured=3779 flushed=3779 received=3657 accepted=654 payload2=516 payload3=7 payload4=15 payload5=25 pump_reads=4167 bursts=698 txcredit=0 outq=0 inq=0 watchdog=0 txseq=bb rxseq=8e rxcredit=5 protection=00 checks=0000
[  59.076] [epochs] local=1 peer=1 ready=true discarded_rx=0
[  59.076] [game-state] a142=04 a13e=01 a13f=02 a530=2311 a506=03 a507=00 a508=00 a7b0=3822 a7a6=0302 script=01a638
[  59.076] [tcb-continuations] ffa580=ff80->018392 sleep=0 local26=7710 ffa5c0=ff80->01853c sleep=0 local26=0000 ffd040=ff80->018a40 sleep=0 local26=8300 ffd080=ff80->018ee4 sleep=0 local26=0000 ffd100=ff80->01fbb4 sleep=0 local26=0000 ffd140=ff80->01fbb6 sleep=0 local26=0002 ffd180=ff80->01fbb6 sleep=0 local26=00a2 ffd1c0=ff80->01fbb6 sleep=0 local26=01c2 ffd200=ff80->01fbb6 sleep=0 local26=02e2 ffd240=ff80->01902e sleep=0 local26=0000 ffd280=ff80->01ffe2 sleep=0 local26=0008 ffd2c0=ff80->020004 sleep=0 local26=0002 ffd300=ff80->020004 sleep=0 local26=0000 ffd340=ff80->01febe sleep=0 local26=0000 ffd380=ff80->01fedc sleep=0 local26=0000
[  59.079]   [header-byte] write $ffa517 = 13 mask=00ff (pc=018446)
[  59.079] [packet-accepted] total=655 seq=8e flags=04 status=13 pc=01845e command=03 arg=02
[  59.095]   [header-byte] write $ffa517 = 13 mask=00ff (pc=018446)
[  59.095] [packet-accepted] total=656 seq=8f flags=04 status=13 pc=01845e command=03 arg=02
[  59.112]   [header-byte] write $ffa517 = 13 mask=00ff (pc=018446)
[  59.112] [packet-accepted] total=657 seq=90 flags=04 status=13 pc=01845e command=03 arg=02
[  59.129]   [header-byte] write $ffa517 = 13 mask=00ff (pc=018446)
[  59.129] [packet-accepted] total=658 seq=91 flags=04 status=13 pc=01845e command=03 arg=02
[  59.145]   [header-byte] write $ffa517 = 13 mask=00ff (pc=018446)
[  59.145] [packet-accepted] total=659 seq=92 flags=04 status=13 pc=01845e command=03 arg=02
[  59.162]   [header-byte] write $ffa517 = 13 mask=00ff (pc=018446)
[  59.162] [packet-accepted] total=660 seq=93 flags=04 status=13 pc=01845e command=03 arg=02
[  59.179]   [header-byte] write $ffa517 = 13 mask=00ff (pc=018446)
[  59.179] [packet-accepted] total=661 seq=94 flags=04 status=13 pc=01845e command=03 arg=02
[  59.195]   [header-byte] write $ffa517 = 13 mask=00ff (pc=018446)
[  59.195] [packet-accepted] total=662 seq=95 flags=04 status=13 pc=01845e command=03 arg=02
[  59.212]   [header-byte] write $ffa517 = 13 mask=00ff (pc=018446)
[  59.212] [packet-accepted] total=663 seq=96 flags=04 status=13 pc=01845e command=03 arg=02
[  59.229]   [header-byte] write $ffa517 = 13 mask=00ff (pc=018446)
[  59.229] [packet-accepted] total=664 seq=97 flags=04 status=13 pc=01845e command=03 arg=02
[  59.245]   [header-byte] write $ffa517 = 13 mask=00ff (pc=018446)
[  59.245] [packet-accepted] total=665 seq=98 flags=04 status=13 pc=01845e command=03 arg=02
[  59.262]   [header-byte] write $ffa517 = 13 mask=00ff (pc=018446)
[  59.262] [packet-accepted] total=666 seq=99 flags=04 status=13 pc=01845e command=03 arg=02
[  59.279]   [header-byte] write $ffa517 = 13 mask=00ff (pc=018446)
[  59.279] [packet-accepted] total=667 seq=9a flags=04 status=13 pc=01845e command=03 arg=02
[  59.297]   [header-byte] write $ffa517 = 13 mask=00ff (pc=018446)
[  59.297] [packet-accepted] total=668 seq=9b flags=04 status=13 pc=01845e command=03 arg=02
[  59.312]   [header-byte] write $ffa517 = 13 mask=00ff (pc=018446)
[  59.312] [packet-accepted] total=669 seq=9c flags=04 status=13 pc=01845e command=03 arg=02
[  59.329]   [header-byte] write $ffa517 = 13 mask=00ff (pc=018446)
[  59.329] [packet-accepted] total=670 seq=9d flags=04 status=13 pc=01845e command=03 arg=02
[  59.346]   [header-byte] write $ffa517 = 13 mask=00ff (pc=018446)
[  59.346] [packet-accepted] total=671 seq=9e flags=04 status=13 pc=01845e command=03 arg=02
[  59.362]   [header-byte] write $ffa517 = 13 mask=00ff (pc=018446)
[  59.362] [packet-accepted] total=672 seq=9f flags=04 status=13 pc=01845e command=03 arg=02
[  59.379]   [header-byte] write $ffa517 = 13 mask=00ff (pc=018446)
[  59.379] [packet-accepted] total=673 seq=a0 flags=04 status=13 pc=01845e command=03 arg=02
[  59.396]   [header-byte] write $ffa517 = 13 mask=00ff (pc=018446)
[  59.396] [packet-accepted] total=674 seq=a1 flags=04 status=13 pc=01845e command=03 arg=02
[  59.412]   [header-byte] write $ffa517 = 13 mask=00ff (pc=018446)
[  59.412] [packet-accepted] total=675 seq=a2 flags=04 status=13 pc=01845e command=03 arg=02
[  59.429]   [header-byte] write $ffa517 = 13 mask=00ff (pc=018446)
[  59.429] [packet-accepted] total=676 seq=a3 flags=04 status=13 pc=01845e command=03 arg=02
[  59.447]   [header-byte] write $ffa517 = 13 mask=00ff (pc=018446)
[  59.447] [packet-accepted] total=677 seq=a4 flags=04 status=13 pc=01845e command=03 arg=02
[  59.462]   [header-byte] write $ffa517 = 13 mask=00ff (pc=018446)
[  59.462] [packet-accepted] total=678 seq=a5 flags=04 status=13 pc=01845e command=03 arg=02
[  59.479]   [header-byte] write $ffa517 = 13 mask=00ff (pc=018446)
[  59.479] [packet-accepted] total=679 seq=a6 flags=04 status=13 pc=01845e command=03 arg=02
[  59.496]   [header-byte] write $ffa517 = 13 mask=00ff (pc=018446)
[  59.496] [packet-accepted] total=680 seq=a7 flags=04 status=13 pc=01845e command=03 arg=02
[  59.512]   [header-byte] write $ffa517 = 13 mask=00ff (pc=018446)
[  59.512] [packet-accepted] total=681 seq=a8 flags=04 status=13 pc=01845e command=03 arg=02
[  59.529]   [header-byte] write $ffa517 = 13 mask=00ff (pc=018446)
[  59.529] [packet-accepted] total=682 seq=a9 flags=04 status=13 pc=01845e command=03 arg=02
[  59.546]   [header-byte] write $ffa517 = 13 mask=00ff (pc=018446)
[  59.546] [packet-accepted] total=683 seq=aa flags=04 status=13 pc=01845e command=03 arg=02
[  59.562]   [header-byte] write $ffa517 = 13 mask=00ff (pc=018446)
[  59.562] [packet-accepted] total=684 seq=ab flags=04 status=13 pc=01845e command=03 arg=02
[  59.579]   [header-byte] write $ffa517 = 13 mask=00ff (pc=018446)
[  59.579] [packet-accepted] total=685 seq=ac flags=04 status=13 pc=01845e command=03 arg=02
[  59.596]   [header-byte] write $ffa517 = 13 mask=00ff (pc=018446)
[  59.596] [packet-accepted] total=686 seq=ad flags=04 status=13 pc=01845e command=03 arg=02
[  59.612]   [header-byte] write $ffa517 = 13 mask=00ff (pc=018446)
[  59.612] [packet-accepted] total=687 seq=ae flags=04 status=13 pc=01845e command=03 arg=02
[  59.629]   [header-byte] write $ffa517 = 13 mask=00ff (pc=018446)
[  59.629] [packet-accepted] total=688 seq=af flags=04 status=13 pc=01845e command=03 arg=02
[  59.646]   [header-byte] write $ffa517 = 13 mask=00ff (pc=018446)
[  59.646] [packet-accepted] total=689 seq=b0 flags=04 status=13 pc=01845e command=03 arg=02
[  59.662]   [header-byte] write $ffa517 = 13 mask=00ff (pc=018446)
[  59.662] [packet-accepted] total=690 seq=b1 flags=04 status=13 pc=01845e command=03 arg=02
[  59.679]   [header-byte] write $ffa517 = 13 mask=00ff (pc=018446)
[  59.679] [packet-accepted] total=691 seq=b2 flags=04 status=13 pc=01845e command=03 arg=02
[  59.696]   [header-byte] write $ffa517 = 13 mask=00ff (pc=018446)
[  59.696] [packet-accepted] total=692 seq=b3 flags=04 status=13 pc=01845e command=03 arg=02
[  59.712]   [header-byte] write $ffa517 = 13 mask=00ff (pc=018446)
[  59.712] [packet-accepted] total=693 seq=b4 flags=04 status=13 pc=01845e command=03 arg=02
[  59.729]   [header-byte] write $ffa517 = 13 mask=00ff (pc=018446)
[  59.729] [packet-accepted] total=694 seq=b5 flags=04 status=13 pc=01845e command=03 arg=02
[  59.746]   [header-byte] write $ffa517 = 13 mask=00ff (pc=018446)
[  59.746] [packet-accepted] total=695 seq=b6 flags=04 status=13 pc=01845e command=03 arg=02
[  59.764]   [header-byte] write $ffa517 = 13 mask=00ff (pc=018446)
[  59.764] [packet-accepted] total=696 seq=b7 flags=04 status=13 pc=01845e command=03 arg=02
[  59.779]   [header-byte] write $ffa517 = 13 mask=00ff (pc=018446)
[  59.779] [packet-accepted] total=697 seq=b8 flags=04 status=13 pc=01845e command=03 arg=02
[  59.796]   [header-byte] write $ffa517 = 13 mask=00ff (pc=018446)
[  59.796] [packet-accepted] total=698 seq=b9 flags=04 status=13 pc=01845e command=03 arg=02
[  59.813]   [header-byte] write $ffa517 = 13 mask=00ff (pc=018446)
[  59.813] [packet-accepted] total=699 seq=ba flags=04 status=13 pc=01845e command=03 arg=02
[  59.829]   [header-byte] write $ffa517 = 13 mask=00ff (pc=018446)
[  59.829] [packet-accepted] total=700 seq=bb flags=04 status=13 pc=01845e command=03 arg=02
[  59.846]   [header-byte] write $ffa517 = 13 mask=00ff (pc=018446)
[  59.846] [packet-accepted] total=701 seq=bc flags=04 status=13 pc=01845e command=03 arg=02
[  59.863]   [header-byte] write $ffa517 = 13 mask=00ff (pc=018446)
[  59.863] [packet-accepted] total=702 seq=bd flags=04 status=13 pc=01845e command=03 arg=02
[  59.879]   [header-byte] write $ffa517 = 13 mask=00ff (pc=018446)
[  59.879] [packet-accepted] total=703 seq=be flags=04 status=13 pc=01845e command=03 arg=02
[  59.896]   [header-byte] write $ffa517 = 13 mask=00ff (pc=018446)
[  59.896] [packet-accepted] total=704 seq=bf flags=04 status=13 pc=01845e command=03 arg=02
[  59.913]   [header-byte] write $ffa517 = 13 mask=00ff (pc=018446)
[  59.913] [packet-accepted] total=705 seq=c0 flags=04 status=13 pc=01845e command=03 arg=02
[  59.931]   [header-byte] write $ffa517 = 13 mask=00ff (pc=018446)
[  59.931] [packet-accepted] total=706 seq=c1 flags=04 status=13 pc=01845e command=03 arg=02
[  59.946]   [header-byte] write $ffa517 = 13 mask=00ff (pc=018446)
[  59.946] [packet-accepted] total=707 seq=c2 flags=04 status=13 pc=01845e command=03 arg=02
[  59.963]   [header-byte] write $ffa517 = 13 mask=00ff (pc=018446)
[  59.963] [packet-accepted] total=708 seq=c3 flags=04 status=13 pc=01845e command=03 arg=02
[  59.980]   [header-byte] write $ffa517 = 13 mask=00ff (pc=018446)
[  59.980] [packet-accepted] total=709 seq=c4 flags=04 status=13 pc=01845e command=03 arg=02
[  59.996]   [header-byte] write $ffa517 = 13 mask=00ff (pc=018446)
[  59.996] [packet-accepted] total=710 seq=c5 flags=04 status=13 pc=01845e command=03 arg=02
[  60.013]   [header-byte] write $ffa517 = 13 mask=00ff (pc=018446)
[  60.013] [packet-accepted] total=711 seq=c6 flags=04 status=13 pc=01845e command=03 arg=02
[  60.030]   [header-byte] write $ffa517 = 13 mask=00ff (pc=018446)
[  60.030] [packet-accepted] total=712 seq=c7 flags=04 status=13 pc=01845e command=03 arg=02
[  60.046]   [header-byte] write $ffa517 = 13 mask=00ff (pc=018446)
[  60.046] [packet-accepted] total=713 seq=c8 flags=04 status=13 pc=01845e command=03 arg=02
[  60.063]   [header-byte] write $ffa517 = 13 mask=00ff (pc=018446)
[  60.063] [packet-accepted] total=714 seq=c9 flags=04 status=13 pc=01845e command=03 arg=02
[  60.077] heartbeat frame=3600 tx=4079 rx=3957 fc=1 fd=10 fe=1 linkflag=82 pc=00028a a502=00 a524=0005 a525=05 a170=08 a17f=00 txtail=00ef rxpend=0000
[  60.077] [transport] captured=4079 flushed=4079 received=3957 accepted=714 payload2=576 payload3=7 payload4=15 payload5=25 pump_reads=4287 bursts=758 txcredit=0 outq=0 inq=0 watchdog=0 txseq=f7 rxseq=ca rxcredit=5 protection=00 checks=0000
[  60.077] [epochs] local=1 peer=1 ready=true discarded_rx=0
[  60.077] [tcb-continuations] ffa580=ff80->018392 sleep=0 local26=7710 ffa5c0=ff80->01853c sleep=0 local26=0000 ffd040=ff80->018a40 sleep=0 local26=8300 ffd080=ff80->018ee4 sleep=0 local26=0000 ffd100=ff80->01fbb4 sleep=0 local26=0000 ffd140=ff80->01fbb6 sleep=0 local26=0002 ffd180=ff80->01fbb6 sleep=0 local26=00a2 ffd1c0=ff80->01fbb6 sleep=0 local26=01c2 ffd200=ff80->01fbb6 sleep=0 local26=02e2 ffd240=ff80->01902e sleep=0 local26=0000 ffd280=ff80->01ffe2 sleep=0 local26=0007 ffd2c0=ff80->020004 sleep=0 local26=0002 ffd300=ff80->020004 sleep=0 local26=0000 ffd340=ff80->01febe sleep=0 local26=0000 ffd380=ff80->01fedc sleep=0 local26=0000
[  60.080]   [header-byte] write $ffa517 = 13 mask=00ff (pc=018446)
[  60.080] [packet-accepted] total=715 seq=ca flags=04 status=13 pc=01845e command=03 arg=02
[  60.096]   [header-byte] write $ffa517 = 13 mask=00ff (pc=018446)
[  60.096] [packet-accepted] total=716 seq=cb flags=04 status=13 pc=01845e command=03 arg=02
[  60.114]   [header-byte] write $ffa517 = 13 mask=00ff (pc=018446)
[  60.114] [packet-accepted] total=717 seq=cc flags=04 status=13 pc=01845e command=03 arg=02
[  60.130]   [header-byte] write $ffa517 = 13 mask=00ff (pc=018446)
[  60.130] [packet-accepted] total=718 seq=cd flags=04 status=13 pc=01845e command=03 arg=02
[  60.146]   [header-byte] write $ffa517 = 13 mask=00ff (pc=018446)
[  60.146] [packet-accepted] total=719 seq=ce flags=04 status=13 pc=01845e command=03 arg=02
[  60.163]   [header-byte] write $ffa517 = 13 mask=00ff (pc=018446)
[  60.163] [packet-accepted] total=720 seq=cf flags=04 status=13 pc=01845e command=03 arg=02
[  60.180]   [header-byte] write $ffa517 = 13 mask=00ff (pc=018446)
[  60.180] [packet-accepted] total=721 seq=d0 flags=04 status=13 pc=01845e command=03 arg=02
[  60.196]   [header-byte] write $ffa517 = 13 mask=00ff (pc=018446)
[  60.196] [packet-accepted] total=722 seq=d1 flags=04 status=13 pc=01845e command=03 arg=02
[  60.213]   [header-byte] write $ffa517 = 13 mask=00ff (pc=018446)
[  60.213] [packet-accepted] total=723 seq=d2 flags=04 status=13 pc=01845e command=03 arg=02
[  60.230]   [header-byte] write $ffa517 = 13 mask=00ff (pc=018446)
[  60.230] [packet-accepted] total=724 seq=d3 flags=04 status=13 pc=01845e command=03 arg=02
[  60.248]   [header-byte] write $ffa517 = 13 mask=00ff (pc=018446)
[  60.248] [packet-accepted] total=725 seq=d4 flags=04 status=13 pc=01845e command=03 arg=02
[  60.263]   [header-byte] write $ffa517 = 13 mask=00ff (pc=018446)
[  60.263] [packet-accepted] total=726 seq=d5 flags=04 status=13 pc=01845e command=03 arg=02
[  60.280]   [header-byte] write $ffa517 = 13 mask=00ff (pc=018446)
[  60.280] [packet-accepted] total=727 seq=d6 flags=04 status=13 pc=01845e command=03 arg=02
[  60.297]   [header-byte] write $ffa517 = 13 mask=00ff (pc=018446)
[  60.297] [packet-accepted] total=728 seq=d7 flags=04 status=13 pc=01845e command=03 arg=02
[  60.313]   [header-byte] write $ffa517 = 13 mask=00ff (pc=018446)
[  60.313] [packet-accepted] total=729 seq=d8 flags=04 status=13 pc=01845e command=03 arg=02
[  60.330]   [header-byte] write $ffa517 = 13 mask=00ff (pc=018446)
[  60.330] [packet-accepted] total=730 seq=d9 flags=04 status=13 pc=01845e command=03 arg=02
[  60.347]   [header-byte] write $ffa517 = 13 mask=00ff (pc=018446)
[  60.347] [packet-accepted] total=731 seq=da flags=04 status=13 pc=01845e command=03 arg=02
[  60.363]   [header-byte] write $ffa517 = 13 mask=00ff (pc=018446)
[  60.363] [packet-accepted] total=732 seq=db flags=04 status=13 pc=01845e command=03 arg=02
[  60.380]   [header-byte] write $ffa517 = 13 mask=00ff (pc=018446)
[  60.380] [packet-accepted] total=733 seq=dc flags=04 status=13 pc=01845e command=03 arg=02
[  60.399]   [header-byte] write $ffa517 = 13 mask=00ff (pc=018446)
[  60.399] [packet-accepted] total=734 seq=dd flags=04 status=13 pc=01845e command=03 arg=02
[  60.414]   [header-byte] write $ffa517 = 13 mask=00ff (pc=018446)
[  60.414] [packet-accepted] total=735 seq=de flags=04 status=13 pc=01845e command=03 arg=02
[  60.430]   [header-byte] write $ffa517 = 13 mask=00ff (pc=018446)
[  60.430] [packet-accepted] total=736 seq=df flags=04 status=13 pc=01845e command=03 arg=02
[  60.447]   [header-byte] write $ffa517 = 13 mask=00ff (pc=018446)
[  60.447] [packet-accepted] total=737 seq=e0 flags=04 status=13 pc=01845e command=03 arg=02
[  60.464]   [header-byte] write $ffa517 = 13 mask=00ff (pc=018446)
[  60.464] [packet-accepted] total=738 seq=e1 flags=04 status=13 pc=01845e command=03 arg=02
[  60.480]   [header-byte] write $ffa517 = 13 mask=00ff (pc=018446)
[  60.480] [packet-accepted] total=739 seq=e2 flags=04 status=13 pc=01845e command=03 arg=02
[  60.497]   [header-byte] write $ffa517 = 13 mask=00ff (pc=018446)
[  60.497] [packet-accepted] total=740 seq=e3 flags=04 status=13 pc=01845e command=03 arg=02
[  60.514]   [header-byte] write $ffa517 = 13 mask=00ff (pc=018446)
[  60.514] [packet-accepted] total=741 seq=e4 flags=04 status=13 pc=01845e command=03 arg=02
[  60.530]   [header-byte] write $ffa517 = 13 mask=00ff (pc=018446)
[  60.530] [packet-accepted] total=742 seq=e5 flags=04 status=13 pc=01845e command=03 arg=02
[  60.547]   [header-byte] write $ffa517 = 13 mask=00ff (pc=018446)
[  60.547] [packet-accepted] total=743 seq=e6 flags=04 status=13 pc=01845e command=03 arg=02
[  60.564]   [header-byte] write $ffa517 = 13 mask=00ff (pc=018446)
[  60.564] [packet-accepted] total=744 seq=e7 flags=04 status=13 pc=01845e command=03 arg=02
[  60.580]   [header-byte] write $ffa517 = 13 mask=00ff (pc=018446)
[  60.580] [packet-accepted] total=745 seq=e8 flags=04 status=13 pc=01845e command=03 arg=02
[  60.597]   [header-byte] write $ffa517 = 13 mask=00ff (pc=018446)
[  60.597] [packet-accepted] total=746 seq=e9 flags=04 status=13 pc=01845e command=03 arg=02
[  60.614]   [header-byte] write $ffa517 = 13 mask=00ff (pc=018446)
[  60.614] [packet-accepted] total=747 seq=ea flags=04 status=13 pc=01845e command=03 arg=02
[  60.631]   [header-byte] write $ffa517 = 13 mask=00ff (pc=018446)
[  60.631] [packet-accepted] total=748 seq=eb flags=04 status=13 pc=01845e command=03 arg=02
[  60.647]   [header-byte] write $ffa517 = 13 mask=00ff (pc=018446)
[  60.647] [packet-accepted] total=749 seq=ec flags=04 status=13 pc=01845e command=03 arg=02
[  60.664]   [header-byte] write $ffa517 = 13 mask=00ff (pc=018446)
[  60.664] [packet-accepted] total=750 seq=ed flags=04 status=13 pc=01845e command=03 arg=02
[  60.681]   [header-byte] write $ffa517 = 13 mask=00ff (pc=018446)
[  60.681] [packet-accepted] total=751 seq=ee flags=04 status=13 pc=01845e command=03 arg=02
[  60.697]   [header-byte] write $ffa517 = 13 mask=00ff (pc=018446)
[  60.697] [packet-accepted] total=752 seq=ef flags=04 status=13 pc=01845e command=03 arg=02
[  60.716]   [header-byte] write $ffa517 = 13 mask=00ff (pc=018446)
[  60.716] [packet-accepted] total=753 seq=f0 flags=04 status=13 pc=01845e command=03 arg=02
[  60.731]   [header-byte] write $ffa517 = 13 mask=00ff (pc=018446)
[  60.731] [packet-accepted] total=754 seq=f1 flags=04 status=13 pc=01845e command=03 arg=02
[  60.747]   [header-byte] write $ffa517 = 13 mask=00ff (pc=018446)
[  60.747] [packet-accepted] total=755 seq=f2 flags=04 status=13 pc=01845e command=03 arg=02
[  60.764]   [header-byte] write $ffa517 = 13 mask=00ff (pc=018446)
[  60.764] [packet-accepted] total=756 seq=f3 flags=04 status=13 pc=01845e command=03 arg=02
[  60.781]   [header-byte] write $ffa517 = 13 mask=00ff (pc=018446)
[  60.781] [packet-accepted] total=757 seq=f4 flags=04 status=13 pc=01845e command=03 arg=02
[  60.798]   [header-byte] write $ffa517 = 13 mask=00ff (pc=018446)
[  60.798] [packet-accepted] total=758 seq=f5 flags=04 status=13 pc=01845e command=03 arg=02
[  60.814]   [header-byte] write $ffa517 = 13 mask=00ff (pc=018446)
[  60.814] [packet-accepted] total=759 seq=f6 flags=04 status=13 pc=01845e command=03 arg=02
[  60.831]   [header-byte] write $ffa517 = 13 mask=00ff (pc=018446)
[  60.831] [packet-accepted] total=760 seq=f7 flags=04 status=13 pc=01845e command=03 arg=02
[  60.848]   [header-byte] write $ffa517 = 13 mask=00ff (pc=018446)
[  60.848] [packet-accepted] total=761 seq=f8 flags=04 status=13 pc=01845e command=03 arg=02
[  60.864]   [header-byte] write $ffa517 = 13 mask=00ff (pc=018446)
[  60.864] [packet-accepted] total=762 seq=f9 flags=04 status=13 pc=01845e command=03 arg=02
[  60.883]   [header-byte] write $ffa517 = 13 mask=00ff (pc=018446)
[  60.883] [packet-accepted] total=763 seq=fa flags=04 status=13 pc=01845e command=03 arg=02
[  60.898]   [header-byte] write $ffa517 = 13 mask=00ff (pc=018446)
[  60.898] [packet-accepted] total=764 seq=fb flags=04 status=13 pc=01845e command=03 arg=02
[  60.914]   [header-byte] write $ffa517 = 13 mask=00ff (pc=018446)
[  60.914] [packet-accepted] total=765 seq=fc flags=04 status=13 pc=01845e command=03 arg=02
[  60.931]   [header-byte] write $ffa517 = 13 mask=00ff (pc=018446)
[  60.931] [packet-accepted] total=766 seq=fd flags=04 status=13 pc=01845e command=03 arg=02
[  60.948]   [header-byte] write $ffa517 = 13 mask=00ff (pc=018446)
[  60.948] [packet-accepted] total=767 seq=fe flags=04 status=13 pc=01845e command=03 arg=02
[  60.964]   [header-byte] write $ffa517 = 13 mask=00ff (pc=018446)
[  60.964] [packet-accepted] total=768 seq=ff flags=04 status=13 pc=01845e command=03 arg=02
[  60.981]   [header-byte] write $ffa517 = 13 mask=00ff (pc=018446)
[  60.981] [packet-accepted] total=769 seq=00 flags=04 status=13 pc=01845e command=03 arg=02
[  60.998]   [header-byte] write $ffa517 = 13 mask=00ff (pc=018446)
[  60.998] [packet-accepted] total=770 seq=01 flags=04 status=13 pc=01845e command=03 arg=02
[  61.014]   [header-byte] write $ffa517 = 13 mask=00ff (pc=018446)
[  61.014] [packet-accepted] total=771 seq=02 flags=04 status=13 pc=01845e command=03 arg=02
[  61.031]   [header-byte] write $ffa517 = 13 mask=00ff (pc=018446)
[  61.031] [packet-accepted] total=772 seq=03 flags=04 status=13 pc=01845e command=03 arg=02
[  61.048]   [header-byte] write $ffa517 = 13 mask=00ff (pc=018446)
[  61.048] [packet-accepted] total=773 seq=04 flags=04 status=13 pc=01845e command=03 arg=02
[  61.064]   [header-byte] write $ffa517 = 13 mask=00ff (pc=018446)
[  61.065] [packet-accepted] total=774 seq=05 flags=04 status=13 pc=01845e command=03 arg=02
[  61.079] heartbeat frame=3660 tx=4379 rx=4257 fc=1 fd=10 fe=1 linkflag=82 pc=000288 a502=00 a524=0005 a525=05 a170=08 a17f=00 txtail=001b rxpend=0000
[  61.079] [transport] captured=4379 flushed=4379 received=4257 accepted=774 payload2=636 payload3=7 payload4=15 payload5=25 pump_reads=4407 bursts=818 txcredit=0 outq=0 inq=0 watchdog=0 txseq=33 rxseq=06 rxcredit=5 protection=00 checks=0000
[  61.079] [epochs] local=1 peer=1 ready=true discarded_rx=0
[  61.079] [tcb-continuations] ffa580=ff80->018392 sleep=0 local26=7710 ffa5c0=ff80->01853c sleep=0 local26=0000 ffd040=ff80->018a40 sleep=0 local26=8300 ffd080=ff80->018ee4 sleep=0 local26=0000 ffd100=ff80->01fbb4 sleep=0 local26=0000 ffd140=ff80->01fbb6 sleep=0 local26=0002 ffd180=ff80->01fbb6 sleep=0 local26=00a2 ffd1c0=ff80->01fbb6 sleep=0 local26=01c2 ffd200=ff80->01fbb6 sleep=0 local26=02e2 ffd240=ff80->01902e sleep=0 local26=0000 ffd280=ff80->01ffe2 sleep=0 local26=0006 ffd2c0=ff80->020004 sleep=0 local26=0002 ffd300=ff80->020004 sleep=0 local26=0000 ffd340=ff80->01febe sleep=0 local26=0000 ffd380=ff80->01fedc sleep=0 local26=0000
[  61.081]   [header-byte] write $ffa517 = 13 mask=00ff (pc=018446)
[  61.081] [packet-accepted] total=775 seq=06 flags=04 status=13 pc=01845e command=03 arg=02
[  61.098]   [header-byte] write $ffa517 = 13 mask=00ff (pc=018446)
[  61.098] [packet-accepted] total=776 seq=07 flags=04 status=13 pc=01845e command=03 arg=02
[  61.115]   [header-byte] write $ffa517 = 13 mask=00ff (pc=018446)
[  61.115] [packet-accepted] total=777 seq=08 flags=04 status=13 pc=01845e command=03 arg=02
[  61.131]   [header-byte] write $ffa517 = 13 mask=00ff (pc=018446)
[  61.131] [packet-accepted] total=778 seq=09 flags=04 status=13 pc=01845e command=03 arg=02
[  61.148]   [header-byte] write $ffa517 = 13 mask=00ff (pc=018446)
[  61.148] [packet-accepted] total=779 seq=0a flags=04 status=13 pc=01845e command=03 arg=02
[  61.165]   [header-byte] write $ffa517 = 13 mask=00ff (pc=018446)
[  61.165] [packet-accepted] total=780 seq=0b flags=04 status=13 pc=01845e command=03 arg=02
[  61.181]   [header-byte] write $ffa517 = 13 mask=00ff (pc=018446)
[  61.181] [packet-accepted] total=781 seq=0c flags=04 status=13 pc=01845e command=03 arg=02
[  61.200]   [header-byte] write $ffa517 = 13 mask=00ff (pc=018446)
[  61.200] [packet-accepted] total=782 seq=0d flags=04 status=13 pc=01845e command=03 arg=02
[  61.215]   [header-byte] write $ffa517 = 13 mask=00ff (pc=018446)
[  61.215] [packet-accepted] total=783 seq=0e flags=04 status=13 pc=01845e command=03 arg=02
[  61.231]   [header-byte] write $ffa517 = 13 mask=00ff (pc=018446)
[  61.231] [packet-accepted] total=784 seq=0f flags=04 status=13 pc=01845e command=03 arg=02
[  61.248]   [header-byte] write $ffa517 = 13 mask=00ff (pc=018446)
[  61.248] [packet-accepted] total=785 seq=10 flags=04 status=13 pc=01845e command=03 arg=02
[  61.265]   [header-byte] write $ffa517 = 13 mask=00ff (pc=018446)
[  61.265] [packet-accepted] total=786 seq=11 flags=04 status=13 pc=01845e command=03 arg=02
[  61.281]   [header-byte] write $ffa517 = 13 mask=00ff (pc=018446)
[  61.281] [packet-accepted] total=787 seq=12 flags=04 status=13 pc=01845e command=03 arg=02
[  61.298]   [header-byte] write $ffa517 = 13 mask=00ff (pc=018446)
[  61.298] [packet-accepted] total=788 seq=13 flags=04 status=13 pc=01845e command=03 arg=02
[  61.315]   [header-byte] write $ffa517 = 13 mask=00ff (pc=018446)
[  61.315] [packet-accepted] total=789 seq=14 flags=04 status=13 pc=01845e command=03 arg=02
[  61.331]   [header-byte] write $ffa517 = 13 mask=00ff (pc=018446)
[  61.331] [packet-accepted] total=790 seq=15 flags=04 status=13 pc=01845e command=03 arg=02
[  61.349]   [header-byte] write $ffa517 = 13 mask=00ff (pc=018446)
[  61.349] [packet-accepted] total=791 seq=16 flags=04 status=13 pc=01845e command=03 arg=02
[  61.365]   [header-byte] write $ffa517 = 13 mask=00ff (pc=018446)
[  61.365] [packet-accepted] total=792 seq=17 flags=04 status=13 pc=01845e command=03 arg=02
[  61.381]   [header-byte] write $ffa517 = 13 mask=00ff (pc=018446)
[  61.381] [packet-accepted] total=793 seq=18 flags=04 status=13 pc=01845e command=03 arg=02
[  61.398]   [header-byte] write $ffa517 = 13 mask=00ff (pc=018446)
[  61.398] [packet-accepted] total=794 seq=19 flags=04 status=13 pc=01845e command=03 arg=02
[  61.415]   [header-byte] write $ffa517 = 13 mask=00ff (pc=018446)
[  61.415] [packet-accepted] total=795 seq=1a flags=04 status=13 pc=01845e command=03 arg=02
[  61.431]   [header-byte] write $ffa517 = 13 mask=00ff (pc=018446)
[  61.431] [packet-accepted] total=796 seq=1b flags=04 status=13 pc=01845e command=03 arg=02
[  61.448]   [header-byte] write $ffa517 = 13 mask=00ff (pc=018446)
[  61.448] [packet-accepted] total=797 seq=1c flags=04 status=13 pc=01845e command=03 arg=02
[  61.465]   [header-byte] write $ffa517 = 13 mask=00ff (pc=018446)
[  61.465] [packet-accepted] total=798 seq=1d flags=04 status=13 pc=01845e command=03 arg=02
[  61.481]   [header-byte] write $ffa517 = 13 mask=00ff (pc=018446)
[  61.481] [packet-accepted] total=799 seq=1e flags=04 status=13 pc=01845e command=03 arg=02
[  61.498]   [header-byte] write $ffa517 = 13 mask=00ff (pc=018446)
[  61.498] [packet-accepted] total=800 seq=1f flags=04 status=13 pc=01845e command=03 arg=02
[  61.515]   [header-byte] write $ffa517 = 13 mask=00ff (pc=018446)
[  61.515] [packet-accepted] total=801 seq=20 flags=04 status=13 pc=01845e command=03 arg=02
[  61.531]   [header-byte] write $ffa517 = 13 mask=00ff (pc=018446)
[  61.531] [packet-accepted] total=802 seq=21 flags=04 status=13 pc=01845e command=03 arg=02
[  61.548]   [header-byte] write $ffa517 = 13 mask=00ff (pc=018446)
[  61.548] [packet-accepted] total=803 seq=22 flags=04 status=13 pc=01845e command=03 arg=02
[  61.565]   [header-byte] write $ffa517 = 13 mask=00ff (pc=018446)
[  61.565] [packet-accepted] total=804 seq=23 flags=04 status=13 pc=01845e command=03 arg=02
[  61.581]   [header-byte] write $ffa517 = 13 mask=00ff (pc=018446)
[  61.581] [packet-accepted] total=805 seq=24 flags=04 status=13 pc=01845e command=03 arg=02
[  61.598]   [header-byte] write $ffa517 = 13 mask=00ff (pc=018446)
[  61.598] [packet-accepted] total=806 seq=25 flags=04 status=13 pc=01845e command=03 arg=02
[  61.616]   [header-byte] write $ffa517 = 13 mask=00ff (pc=018446)
[  61.616] [packet-accepted] total=807 seq=26 flags=04 status=13 pc=01845e command=03 arg=02
[  61.632]   [header-byte] write $ffa517 = 13 mask=00ff (pc=018446)
[  61.632] [packet-accepted] total=808 seq=27 flags=04 status=13 pc=01845e command=03 arg=02
[  61.648]   [header-byte] write $ffa517 = 13 mask=00ff (pc=018446)
[  61.648] [packet-accepted] total=809 seq=28 flags=04 status=13 pc=01845e command=03 arg=02
[  61.667]   [header-byte] write $ffa517 = 13 mask=00ff (pc=018446)
[  61.667] [packet-accepted] total=810 seq=29 flags=04 status=13 pc=01845e command=03 arg=02
[  61.682]   [header-byte] write $ffa517 = 13 mask=00ff (pc=018446)
[  61.682] [packet-accepted] total=811 seq=2a flags=04 status=13 pc=01845e command=03 arg=02
[  61.698]   [header-byte] write $ffa517 = 13 mask=00ff (pc=018446)
[  61.698] [packet-accepted] total=812 seq=2b flags=04 status=13 pc=01845e command=03 arg=02
[  61.715]   [header-byte] write $ffa517 = 13 mask=00ff (pc=018446)
[  61.715] [packet-accepted] total=813 seq=2c flags=04 status=13 pc=01845e command=03 arg=02
[  61.732]   [header-byte] write $ffa517 = 13 mask=00ff (pc=018446)
[  61.732] [packet-accepted] total=814 seq=2d flags=04 status=13 pc=01845e command=03 arg=02
[  61.749]   [header-byte] write $ffa517 = 13 mask=00ff (pc=018446)
[  61.749] [packet-accepted] total=815 seq=2e flags=04 status=13 pc=01845e command=03 arg=02
[  61.765]   [header-byte] write $ffa517 = 13 mask=00ff (pc=018446)
[  61.765] [packet-accepted] total=816 seq=2f flags=04 status=13 pc=01845e command=03 arg=02
[  61.782]   [header-byte] write $ffa517 = 13 mask=00ff (pc=018446)
[  61.782] [packet-accepted] total=817 seq=30 flags=04 status=13 pc=01845e command=03 arg=02
[  61.799]   [header-byte] write $ffa517 = 13 mask=00ff (pc=018446)
[  61.799] [packet-accepted] total=818 seq=31 flags=04 status=13 pc=01845e command=03 arg=02
[  61.815]   [header-byte] write $ffa517 = 13 mask=00ff (pc=018446)
[  61.815] [packet-accepted] total=819 seq=32 flags=04 status=13 pc=01845e command=03 arg=02
[  61.834]   [header-byte] write $ffa517 = 13 mask=00ff (pc=018446)
[  61.834] [packet-accepted] total=820 seq=33 flags=04 status=13 pc=01845e command=03 arg=02
[  61.849]   [header-byte] write $ffa517 = 13 mask=00ff (pc=018446)
[  61.849] [packet-accepted] total=821 seq=34 flags=04 status=13 pc=01845e command=03 arg=02
[  61.865]   [header-byte] write $ffa517 = 13 mask=00ff (pc=018446)
[  61.865] [packet-accepted] total=822 seq=35 flags=04 status=13 pc=01845e command=03 arg=02
[  61.882]   [header-byte] write $ffa517 = 13 mask=00ff (pc=018446)
[  61.882] [packet-accepted] total=823 seq=36 flags=04 status=13 pc=01845e command=03 arg=02
[  61.899]   [header-byte] write $ffa517 = 13 mask=00ff (pc=018446)
[  61.899] [packet-accepted] total=824 seq=37 flags=04 status=13 pc=01845e command=03 arg=02
[  61.915]   [header-byte] write $ffa517 = 13 mask=00ff (pc=018446)
[  61.915] [packet-accepted] total=825 seq=38 flags=04 status=13 pc=01845e command=03 arg=02
[  61.932]   [header-byte] write $ffa517 = 13 mask=00ff (pc=018446)
[  61.932] [packet-accepted] total=826 seq=39 flags=04 status=13 pc=01845e command=03 arg=02
[  61.949]   [header-byte] write $ffa517 = 13 mask=00ff (pc=018446)
[  61.949] [packet-accepted] total=827 seq=3a flags=04 status=13 pc=01845e command=03 arg=02
[  61.965]   [header-byte] write $ffa517 = 13 mask=00ff (pc=018446)
[  61.965] [packet-accepted] total=828 seq=3b flags=04 status=13 pc=01845e command=03 arg=02
[  61.982]   [header-byte] write $ffa517 = 13 mask=00ff (pc=018446)
[  61.982] [packet-accepted] total=829 seq=3c flags=04 status=13 pc=01845e command=03 arg=02
[  61.999]   [header-byte] write $ffa517 = 13 mask=00ff (pc=018446)
[  61.999] [packet-accepted] total=830 seq=3d flags=04 status=13 pc=01845e command=03 arg=02
[  62.015]   [header-byte] write $ffa517 = 13 mask=00ff (pc=018446)
[  62.015] [packet-accepted] total=831 seq=3e flags=04 status=13 pc=01845e command=03 arg=02
[  62.032]   [header-byte] write $ffa517 = 13 mask=00ff (pc=018446)
[  62.032] [packet-accepted] total=832 seq=3f flags=04 status=13 pc=01845e command=03 arg=02
[  62.049]   [header-byte] write $ffa517 = 13 mask=00ff (pc=018446)
[  62.049] [packet-accepted] total=833 seq=40 flags=04 status=13 pc=01845e command=03 arg=02
[  62.065]   [header-byte] write $ffa517 = 13 mask=00ff (pc=018446)
[  62.065] [packet-accepted] total=834 seq=41 flags=04 status=13 pc=01845e command=03 arg=02
[  62.080] heartbeat frame=3720 tx=4679 rx=4557 fc=1 fd=10 fe=1 linkflag=82 pc=00028a a502=00 a524=0005 a525=05 a170=08 a17f=00 txtail=0047 rxpend=0000
[  62.080] [transport] captured=4679 flushed=4679 received=4557 accepted=834 payload2=696 payload3=7 payload4=15 payload5=25 pump_reads=4527 bursts=878 txcredit=0 outq=0 inq=0 watchdog=0 txseq=6f rxseq=42 rxcredit=5 protection=00 checks=0000
[  62.080] [epochs] local=1 peer=1 ready=true discarded_rx=0
[  62.080] [tcb-continuations] ffa580=ff80->018392 sleep=0 local26=7710 ffa5c0=ff80->01853c sleep=0 local26=0000 ffd040=ff80->018a40 sleep=0 local26=8300 ffd080=ff80->018ee4 sleep=0 local26=0000 ffd100=ff80->01fbb4 sleep=0 local26=0000 ffd140=ff80->01fbb6 sleep=0 local26=0002 ffd180=ff80->01fbb6 sleep=0 local26=00a2 ffd1c0=ff80->01fbb6 sleep=0 local26=01c2 ffd200=ff80->01fbb6 sleep=0 local26=02e2 ffd240=ff80->01902e sleep=0 local26=0000 ffd280=ff80->01ffe2 sleep=0 local26=0004 ffd2c0=ff80->020004 sleep=0 local26=0002 ffd300=ff80->020004 sleep=0 local26=0000 ffd340=ff80->01febe sleep=0 local26=0000 ffd380=ff80->01fedc sleep=0 local26=0000
[  62.082]   [header-byte] write $ffa517 = 13 mask=00ff (pc=018446)
[  62.082] [packet-accepted] total=835 seq=42 flags=04 status=13 pc=01845e command=03 arg=02
[  62.099]   [header-byte] write $ffa517 = 13 mask=00ff (pc=018446)
[  62.099] [packet-accepted] total=836 seq=43 flags=04 status=13 pc=01845e command=03 arg=02
[  62.115]   [header-byte] write $ffa517 = 13 mask=00ff (pc=018446)
[  62.115] [packet-accepted] total=837 seq=44 flags=04 status=13 pc=01845e command=03 arg=02
[  62.132]   [header-byte] write $ffa517 = 13 mask=00ff (pc=018446)
[  62.132] [packet-accepted] total=838 seq=45 flags=04 status=13 pc=01845e command=03 arg=02
[  62.151]   [header-byte] write $ffa517 = 13 mask=00ff (pc=018446)
[  62.151] [packet-accepted] total=839 seq=46 flags=04 status=13 pc=01845e command=03 arg=02
[  62.166]   [header-byte] write $ffa517 = 13 mask=00ff (pc=018446)
[  62.166] [packet-accepted] total=840 seq=47 flags=04 status=13 pc=01845e command=03 arg=02
[  62.182]   [header-byte] write $ffa517 = 13 mask=00ff (pc=018446)
[  62.182] [packet-accepted] total=841 seq=48 flags=04 status=13 pc=01845e command=03 arg=02
[  62.199]   [header-byte] write $ffa517 = 13 mask=00ff (pc=018446)
[  62.199] [packet-accepted] total=842 seq=49 flags=04 status=13 pc=01845e command=03 arg=02
[  62.216]   [header-byte] write $ffa517 = 13 mask=00ff (pc=018446)
[  62.216] [packet-accepted] total=843 seq=4a flags=04 status=13 pc=01845e command=03 arg=02
[  62.232]   [header-byte] write $ffa517 = 13 mask=00ff (pc=018446)
[  62.232] [packet-accepted] total=844 seq=4b flags=04 status=13 pc=01845e command=03 arg=02
[  62.249]   [header-byte] write $ffa517 = 13 mask=00ff (pc=018446)
[  62.249] [packet-accepted] total=845 seq=4c flags=04 status=13 pc=01845e command=03 arg=02
[  62.266]   [header-byte] write $ffa517 = 13 mask=00ff (pc=018446)
[  62.266] [packet-accepted] total=846 seq=4d flags=04 status=13 pc=01845e command=03 arg=02
[  62.282]   [header-byte] write $ffa517 = 13 mask=00ff (pc=018446)
[  62.282] [packet-accepted] total=847 seq=4e flags=04 status=13 pc=01845e command=03 arg=02
[  62.301]   [header-byte] write $ffa517 = 13 mask=00ff (pc=018446)
[  62.301] [packet-accepted] total=848 seq=4f flags=04 status=13 pc=01845e command=03 arg=02
[  62.316]   [header-byte] write $ffa517 = 13 mask=00ff (pc=018446)
[  62.316] [packet-accepted] total=849 seq=50 flags=04 status=13 pc=01845e command=03 arg=02
[  62.333]   [header-byte] write $ffa517 = 13 mask=00ff (pc=018446)
[  62.333] [packet-accepted] total=850 seq=51 flags=04 status=13 pc=01845e command=03 arg=02
[  62.349]   [header-byte] write $ffa517 = 13 mask=00ff (pc=018446)
[  62.349] [packet-accepted] total=851 seq=52 flags=04 status=13 pc=01845e command=03 arg=02
[  62.366]   [header-byte] write $ffa517 = 13 mask=00ff (pc=018446)
[  62.366] [packet-accepted] total=852 seq=53 flags=04 status=13 pc=01845e command=03 arg=02
[  62.383]   [header-byte] write $ffa517 = 13 mask=00ff (pc=018446)
[  62.383] [packet-accepted] total=853 seq=54 flags=04 status=13 pc=01845e command=03 arg=02
[  62.400]   [header-byte] write $ffa517 = 13 mask=00ff (pc=018446)
[  62.400] [packet-accepted] total=854 seq=55 flags=04 status=13 pc=01845e command=03 arg=02
[  62.416]   [header-byte] write $ffa517 = 13 mask=00ff (pc=018446)
[  62.416] [packet-accepted] total=855 seq=56 flags=04 status=13 pc=01845e command=03 arg=02
[  62.433]   [header-byte] write $ffa517 = 13 mask=00ff (pc=018446)
[  62.433] [packet-accepted] total=856 seq=57 flags=04 status=13 pc=01845e command=03 arg=02
[  62.450]   [header-byte] write $ffa517 = 13 mask=00ff (pc=018446)
[  62.450] [packet-accepted] total=857 seq=58 flags=04 status=13 pc=01845e command=03 arg=02
[  62.466]   [header-byte] write $ffa517 = 13 mask=00ff (pc=018446)
[  62.466] [packet-accepted] total=858 seq=59 flags=04 status=13 pc=01845e command=03 arg=02
[  62.483]   [header-byte] write $ffa517 = 13 mask=00ff (pc=018446)
[  62.483] [packet-accepted] total=859 seq=5a flags=04 status=13 pc=01845e command=03 arg=02
[  62.500]   [header-byte] write $ffa517 = 13 mask=00ff (pc=018446)
[  62.500] [packet-accepted] total=860 seq=5b flags=04 status=13 pc=01845e command=03 arg=02
[  62.516]   [header-byte] write $ffa517 = 13 mask=00ff (pc=018446)
[  62.516] [packet-accepted] total=861 seq=5c flags=04 status=13 pc=01845e command=03 arg=02
[  62.533]   [header-byte] write $ffa517 = 13 mask=00ff (pc=018446)
[  62.533] [packet-accepted] total=862 seq=5d flags=04 status=13 pc=01845e command=03 arg=02
[  62.550]   [header-byte] write $ffa517 = 13 mask=00ff (pc=018446)
[  62.550] [packet-accepted] total=863 seq=5e flags=04 status=13 pc=01845e command=03 arg=02
[  62.566]   [header-byte] write $ffa517 = 13 mask=00ff (pc=018446)
[  62.566] [packet-accepted] total=864 seq=5f flags=04 status=13 pc=01845e command=03 arg=02
[  62.583]   [header-byte] write $ffa517 = 13 mask=00ff (pc=018446)
[  62.583] [packet-accepted] total=865 seq=60 flags=04 status=13 pc=01845e command=03 arg=02
[  62.600]   [header-byte] write $ffa517 = 13 mask=00ff (pc=018446)
[  62.600] [packet-accepted] total=866 seq=61 flags=04 status=13 pc=01845e command=03 arg=02
[  62.618]   [header-byte] write $ffa517 = 13 mask=00ff (pc=018446)
[  62.618] [packet-accepted] total=867 seq=62 flags=04 status=13 pc=01845e command=03 arg=02
[  62.633]   [header-byte] write $ffa517 = 13 mask=00ff (pc=018446)
[  62.633] [packet-accepted] total=868 seq=63 flags=04 status=13 pc=01845e command=03 arg=02
[  62.650]   [header-byte] write $ffa517 = 13 mask=00ff (pc=018446)
[  62.650] [packet-accepted] total=869 seq=64 flags=04 status=13 pc=01845e command=03 arg=02
[  62.666]   [header-byte] write $ffa517 = 13 mask=00ff (pc=018446)
[  62.666] [packet-accepted] total=870 seq=65 flags=04 status=13 pc=01845e command=03 arg=02
[  62.683]   [header-byte] write $ffa517 = 13 mask=00ff (pc=018446)
[  62.683] [packet-accepted] total=871 seq=66 flags=04 status=13 pc=01845e command=03 arg=02
[  62.700]   [header-byte] write $ffa517 = 13 mask=00ff (pc=018446)
[  62.700] [packet-accepted] total=872 seq=67 flags=04 status=13 pc=01845e command=03 arg=02
[  62.717]   [header-byte] write $ffa517 = 13 mask=00ff (pc=018446)
[  62.717] [packet-accepted] total=873 seq=68 flags=04 status=13 pc=01845e command=03 arg=02
[  62.733]   [header-byte] write $ffa517 = 13 mask=00ff (pc=018446)
[  62.733] [packet-accepted] total=874 seq=69 flags=04 status=13 pc=01845e command=03 arg=02
[  62.750]   [header-byte] write $ffa517 = 13 mask=00ff (pc=018446)
[  62.750] [packet-accepted] total=875 seq=6a flags=04 status=13 pc=01845e command=03 arg=02
[  62.767]   [header-byte] write $ffa517 = 13 mask=00ff (pc=018446)
[  62.767] [packet-accepted] total=876 seq=6b flags=04 status=13 pc=01845e command=03 arg=02
[  62.785]   [header-byte] write $ffa517 = 13 mask=00ff (pc=018446)
[  62.785] [packet-accepted] total=877 seq=6c flags=04 status=13 pc=01845e command=03 arg=02
[  62.800]   [header-byte] write $ffa517 = 13 mask=00ff (pc=018446)
[  62.800] [packet-accepted] total=878 seq=6d flags=04 status=13 pc=01845e command=03 arg=02
[  62.817]   [header-byte] write $ffa517 = 13 mask=00ff (pc=018446)
[  62.817] [packet-accepted] total=879 seq=6e flags=04 status=13 pc=01845e command=03 arg=02
[  62.833]   [header-byte] write $ffa517 = 13 mask=00ff (pc=018446)
[  62.833] [packet-accepted] total=880 seq=6f flags=04 status=13 pc=01845e command=03 arg=02
[  62.850]   [header-byte] write $ffa517 = 13 mask=00ff (pc=018446)
[  62.850] [packet-accepted] total=881 seq=70 flags=04 status=13 pc=01845e command=03 arg=02
[  62.867]   [header-byte] write $ffa517 = 13 mask=00ff (pc=018446)
[  62.867] [packet-accepted] total=882 seq=71 flags=04 status=13 pc=01845e command=03 arg=02
[  62.883]   [header-byte] write $ffa517 = 13 mask=00ff (pc=018446)
[  62.884] [packet-accepted] total=883 seq=72 flags=04 status=13 pc=01845e command=03 arg=02
[  62.900]   [header-byte] write $ffa517 = 13 mask=00ff (pc=018446)
[  62.900] [packet-accepted] total=884 seq=73 flags=04 status=13 pc=01845e command=03 arg=02
[  62.917]   [header-byte] write $ffa517 = 13 mask=00ff (pc=018446)
[  62.917] [packet-accepted] total=885 seq=74 flags=04 status=13 pc=01845e command=03 arg=02
[  62.934]   [header-byte] write $ffa517 = 13 mask=00ff (pc=018446)
[  62.934] [packet-accepted] total=886 seq=75 flags=04 status=13 pc=01845e command=03 arg=02
[  62.950]   [header-byte] write $ffa517 = 13 mask=00ff (pc=018446)
[  62.950] [packet-accepted] total=887 seq=76 flags=04 status=13 pc=01845e command=03 arg=02
[  62.967]   [header-byte] write $ffa517 = 13 mask=00ff (pc=018446)
[  62.967] [packet-accepted] total=888 seq=77 flags=04 status=13 pc=01845e command=03 arg=02
[  62.984]   [header-byte] write $ffa517 = 13 mask=00ff (pc=018446)
[  62.984] [packet-accepted] total=889 seq=78 flags=04 status=13 pc=01845e command=03 arg=02
[  63.000]   [header-byte] write $ffa517 = 13 mask=00ff (pc=018446)
[  63.000] [packet-accepted] total=890 seq=79 flags=04 status=13 pc=01845e command=03 arg=02
[  63.017]   [header-byte] write $ffa517 = 13 mask=00ff (pc=018446)
[  63.017] [packet-accepted] total=891 seq=7a flags=04 status=13 pc=01845e command=03 arg=02
[  63.034]   [header-byte] write $ffa517 = 13 mask=00ff (pc=018446)
[  63.034] [packet-accepted] total=892 seq=7b flags=04 status=13 pc=01845e command=03 arg=02
[  63.050]   [header-byte] write $ffa517 = 13 mask=00ff (pc=018446)
[  63.050] [packet-accepted] total=893 seq=7c flags=04 status=13 pc=01845e command=03 arg=02
[  63.067]   [header-byte] write $ffa517 = 13 mask=00ff (pc=018446)
[  63.067] [packet-accepted] total=894 seq=7d flags=04 status=13 pc=01845e command=03 arg=02
[  63.081] heartbeat frame=3780 tx=4979 rx=4857 fc=1 fd=10 fe=1 linkflag=82 pc=00028a a502=00 a524=0005 a525=05 a170=08 a17f=00 txtail=0073 rxpend=0000
[  63.081] [transport] captured=4979 flushed=4979 received=4857 accepted=894 payload2=756 payload3=7 payload4=15 payload5=25 pump_reads=4647 bursts=938 txcredit=0 outq=0 inq=0 watchdog=0 txseq=ab rxseq=7e rxcredit=5 protection=00 checks=0000
[  63.081] [epochs] local=1 peer=1 ready=true discarded_rx=0
[  63.081] [tcb-continuations] ffa580=ff80->018392 sleep=0 local26=7710 ffa5c0=ff80->01853c sleep=0 local26=0000 ffd040=ff80->018a40 sleep=0 local26=8300 ffd080=ff80->018ee4 sleep=0 local26=0000 ffd100=ff80->01fbb4 sleep=0 local26=0000 ffd140=ff80->01fbb6 sleep=0 local26=0002 ffd180=ff80->01fbb6 sleep=0 local26=00a2 ffd1c0=ff80->01fbb6 sleep=0 local26=01c2 ffd200=ff80->01fbb6 sleep=0 local26=02e2 ffd240=ff80->01902e sleep=0 local26=0000 ffd280=ff80->01ffe2 sleep=0 local26=0003 ffd2c0=ff80->020004 sleep=0 local26=0002 ffd300=ff80->020004 sleep=0 local26=0000 ffd340=ff80->01febe sleep=0 local26=0000 ffd380=ff80->01fedc sleep=0 local26=0000
[  63.085]   [header-byte] write $ffa517 = 13 mask=00ff (pc=018446)
[  63.086] [packet-accepted] total=895 seq=7e flags=04 status=13 pc=01845e command=03 arg=02
[  63.100]   [header-byte] write $ffa517 = 13 mask=00ff (pc=018446)
[  63.100] [packet-accepted] total=896 seq=7f flags=04 status=13 pc=01845e command=03 arg=02
[  63.118]   [header-byte] write $ffa517 = 13 mask=00ff (pc=018446)
[  63.118] [packet-accepted] total=897 seq=80 flags=04 status=13 pc=01845e command=03 arg=02
[  63.134]   [header-byte] write $ffa517 = 13 mask=00ff (pc=018446)
[  63.134] [packet-accepted] total=898 seq=81 flags=04 status=13 pc=01845e command=03 arg=02
[  63.150]   [header-byte] write $ffa517 = 13 mask=00ff (pc=018446)
[  63.150] [packet-accepted] total=899 seq=82 flags=04 status=13 pc=01845e command=03 arg=02
[  63.167]   [header-byte] write $ffa517 = 13 mask=00ff (pc=018446)
[  63.167] [packet-accepted] total=900 seq=83 flags=04 status=13 pc=01845e command=03 arg=02
[  63.184]   [header-byte] write $ffa517 = 13 mask=00ff (pc=018446)
[  63.184] [packet-accepted] total=901 seq=84 flags=04 status=13 pc=01845e command=03 arg=02
[  63.200]   [header-byte] write $ffa517 = 13 mask=00ff (pc=018446)
[  63.200] [packet-accepted] total=902 seq=85 flags=04 status=13 pc=01845e command=03 arg=02
[  63.217]   [header-byte] write $ffa517 = 13 mask=00ff (pc=018446)
[  63.217] [packet-accepted] total=903 seq=86 flags=04 status=13 pc=01845e command=03 arg=02
[  63.234]   [header-byte] write $ffa517 = 13 mask=00ff (pc=018446)
[  63.234] [packet-accepted] total=904 seq=87 flags=04 status=13 pc=01845e command=03 arg=02
[  63.253]   [header-byte] write $ffa517 = 13 mask=00ff (pc=018446)
[  63.253] [packet-accepted] total=905 seq=88 flags=04 status=13 pc=01845e command=03 arg=02
[  63.267]   [header-byte] write $ffa517 = 13 mask=00ff (pc=018446)
[  63.267] [packet-accepted] total=906 seq=89 flags=04 status=13 pc=01845e command=03 arg=02
[  63.284]   [header-byte] write $ffa517 = 13 mask=00ff (pc=018446)
[  63.284] [packet-accepted] total=907 seq=8a flags=04 status=13 pc=01845e command=03 arg=02
[  63.300]   [header-byte] write $ffa517 = 13 mask=00ff (pc=018446)
[  63.300] [packet-accepted] total=908 seq=8b flags=04 status=13 pc=01845e command=03 arg=02
[  63.317]   [header-byte] write $ffa517 = 13 mask=00ff (pc=018446)
[  63.317] [packet-accepted] total=909 seq=8c flags=04 status=13 pc=01845e command=03 arg=02
[  63.334]   [header-byte] write $ffa517 = 13 mask=00ff (pc=018446)
[  63.334] [packet-accepted] total=910 seq=8d flags=04 status=13 pc=01845e command=03 arg=02
[  63.351]   [header-byte] write $ffa517 = 13 mask=00ff (pc=018446)
[  63.351] [packet-accepted] total=911 seq=8e flags=04 status=13 pc=01845e command=03 arg=02
[  63.367]   [header-byte] write $ffa517 = 13 mask=00ff (pc=018446)
[  63.367] [packet-accepted] total=912 seq=8f flags=04 status=13 pc=01845e command=03 arg=02
[  63.384]   [header-byte] write $ffa517 = 13 mask=00ff (pc=018446)
[  63.384] [packet-accepted] total=913 seq=90 flags=04 status=13 pc=01845e command=03 arg=02
[  63.401]   [header-byte] write $ffa517 = 13 mask=00ff (pc=018446)
[  63.401] [packet-accepted] total=914 seq=91 flags=04 status=13 pc=01845e command=03 arg=02
[  63.417]   [header-byte] write $ffa517 = 13 mask=00ff (pc=018446)
[  63.417] [packet-accepted] total=915 seq=92 flags=04 status=13 pc=01845e command=03 arg=02
[  63.434]   [header-byte] write $ffa517 = 13 mask=00ff (pc=018446)
[  63.434] [packet-accepted] total=916 seq=93 flags=04 status=13 pc=01845e command=03 arg=02
[  63.451]   [header-byte] write $ffa517 = 13 mask=00ff (pc=018446)
[  63.451] [packet-accepted] total=917 seq=94 flags=04 status=13 pc=01845e command=03 arg=02
[  63.467]   [header-byte] write $ffa517 = 13 mask=00ff (pc=018446)
[  63.467] [packet-accepted] total=918 seq=95 flags=04 status=13 pc=01845e command=03 arg=02
[  63.484]   [header-byte] write $ffa517 = 13 mask=00ff (pc=018446)
[  63.484] [packet-accepted] total=919 seq=96 flags=04 status=13 pc=01845e command=03 arg=02
[  63.501]   [header-byte] write $ffa517 = 13 mask=00ff (pc=018446)
[  63.501] [packet-accepted] total=920 seq=97 flags=04 status=13 pc=01845e command=03 arg=02
[  63.517]   [header-byte] write $ffa517 = 13 mask=00ff (pc=018446)
[  63.517] [packet-accepted] total=921 seq=98 flags=04 status=13 pc=01845e command=03 arg=02
[  63.534]   [header-byte] write $ffa517 = 13 mask=00ff (pc=018446)
[  63.534] [packet-accepted] total=922 seq=99 flags=04 status=13 pc=01845e command=03 arg=02
[  63.551]   [header-byte] write $ffa517 = 13 mask=00ff (pc=018446)
[  63.551] [packet-accepted] total=923 seq=9a flags=04 status=13 pc=01845e command=03 arg=02
[  63.569]   [header-byte] write $ffa517 = 13 mask=00ff (pc=018446)
[  63.569] [packet-accepted] total=924 seq=9b flags=04 status=13 pc=01845e command=03 arg=02
[  63.584]   [header-byte] write $ffa517 = 13 mask=00ff (pc=018446)
[  63.584] [packet-accepted] total=925 seq=9c flags=04 status=13 pc=01845e command=03 arg=02
[  63.601]   [header-byte] write $ffa517 = 13 mask=00ff (pc=018446)
[  63.601] [packet-accepted] total=926 seq=9d flags=04 status=13 pc=01845e command=03 arg=02
[  63.618]   [header-byte] write $ffa517 = 13 mask=00ff (pc=018446)
[  63.618] [packet-accepted] total=927 seq=9e flags=04 status=13 pc=01845e command=03 arg=02
[  63.634]   [header-byte] write $ffa517 = 13 mask=00ff (pc=018446)
[  63.634] [packet-accepted] total=928 seq=9f flags=04 status=13 pc=01845e command=03 arg=02
[  63.651]   [header-byte] write $ffa517 = 13 mask=00ff (pc=018446)
[  63.651] [packet-accepted] total=929 seq=a0 flags=04 status=13 pc=01845e command=03 arg=02
[  63.668]   [header-byte] write $ffa517 = 13 mask=00ff (pc=018446)
[  63.668] [packet-accepted] total=930 seq=a1 flags=04 status=13 pc=01845e command=03 arg=02
[  63.684]   [header-byte] write $ffa517 = 13 mask=00ff (pc=018446)
[  63.684] [packet-accepted] total=931 seq=a2 flags=04 status=13 pc=01845e command=03 arg=02
[  63.701]   [header-byte] write $ffa517 = 13 mask=00ff (pc=018446)
[  63.701] [packet-accepted] total=932 seq=a3 flags=04 status=13 pc=01845e command=03 arg=02
[  63.720]   [header-byte] write $ffa517 = 13 mask=00ff (pc=018446)
[  63.720] [packet-accepted] total=933 seq=a4 flags=04 status=13 pc=01845e command=03 arg=02
[  63.734]   [header-byte] write $ffa517 = 13 mask=00ff (pc=018446)
[  63.734] [packet-accepted] total=934 seq=a5 flags=04 status=13 pc=01845e command=03 arg=02
[  63.751]   [header-byte] write $ffa517 = 13 mask=00ff (pc=018446)
[  63.751] [packet-accepted] total=935 seq=a6 flags=04 status=13 pc=01845e command=03 arg=02
[  63.768]   [header-byte] write $ffa517 = 13 mask=00ff (pc=018446)
[  63.768] [packet-accepted] total=936 seq=a7 flags=04 status=13 pc=01845e command=03 arg=02
[  63.784]   [header-byte] write $ffa517 = 13 mask=00ff (pc=018446)
[  63.784] [packet-accepted] total=937 seq=a8 flags=04 status=13 pc=01845e command=03 arg=02
[  63.801]   [header-byte] write $ffa517 = 13 mask=00ff (pc=018446)
[  63.801] [packet-accepted] total=938 seq=a9 flags=04 status=13 pc=01845e command=03 arg=02
[  63.818]   [header-byte] write $ffa517 = 13 mask=00ff (pc=018446)
[  63.818] [packet-accepted] total=939 seq=aa flags=04 status=13 pc=01845e command=03 arg=02
[  63.834]   [header-byte] write $ffa517 = 13 mask=00ff (pc=018446)
[  63.834] [packet-accepted] total=940 seq=ab flags=04 status=13 pc=01845e command=03 arg=02
[  63.851]   [header-byte] write $ffa517 = 13 mask=00ff (pc=018446)
[  63.851] [packet-accepted] total=941 seq=ac flags=04 status=13 pc=01845e command=03 arg=02
[  63.868]   [header-byte] write $ffa517 = 13 mask=00ff (pc=018446)
[  63.868] [packet-accepted] total=942 seq=ad flags=04 status=13 pc=01845e command=03 arg=02
[  63.885]   [header-byte] write $ffa517 = 13 mask=00ff (pc=018446)
[  63.885] [packet-accepted] total=943 seq=ae flags=04 status=13 pc=01845e command=03 arg=02
[  63.901]   [header-byte] write $ffa517 = 13 mask=00ff (pc=018446)
[  63.901] [packet-accepted] total=944 seq=af flags=04 status=13 pc=01845e command=03 arg=02
[  63.918]   [header-byte] write $ffa517 = 13 mask=00ff (pc=018446)
[  63.918] [packet-accepted] total=945 seq=b0 flags=04 status=13 pc=01845e command=03 arg=02
[  63.934]   [header-byte] write $ffa517 = 13 mask=00ff (pc=018446)
[  63.934] [packet-accepted] total=946 seq=b1 flags=04 status=13 pc=01845e command=03 arg=02
[  63.951]   [header-byte] write $ffa517 = 13 mask=00ff (pc=018446)
[  63.951] [packet-accepted] total=947 seq=b2 flags=04 status=13 pc=01845e command=03 arg=02
[  63.968]   [header-byte] write $ffa517 = 13 mask=00ff (pc=018446)
[  63.968] [packet-accepted] total=948 seq=b3 flags=04 status=13 pc=01845e command=03 arg=02
[  63.985]   [header-byte] write $ffa517 = 13 mask=00ff (pc=018446)
[  63.985] [packet-accepted] total=949 seq=b4 flags=04 status=13 pc=01845e command=03 arg=02
[  64.001]   [header-byte] write $ffa517 = 13 mask=00ff (pc=018446)
[  64.001] [packet-accepted] total=950 seq=b5 flags=04 status=13 pc=01845e command=03 arg=02
[  64.018]   [header-byte] write $ffa517 = 13 mask=00ff (pc=018446)
[  64.018] [packet-accepted] total=951 seq=b6 flags=04 status=13 pc=01845e command=03 arg=02
[  64.037]   [header-byte] write $ffa517 = 13 mask=00ff (pc=018446)
[  64.037] [packet-accepted] total=952 seq=b7 flags=04 status=13 pc=01845e command=03 arg=02
[  64.051]   [header-byte] write $ffa517 = 13 mask=00ff (pc=018446)
[  64.051] [packet-accepted] total=953 seq=b8 flags=04 status=13 pc=01845e command=03 arg=02
[  64.068]   [header-byte] write $ffa517 = 13 mask=00ff (pc=018446)
[  64.068] [packet-accepted] total=954 seq=b9 flags=04 status=13 pc=01845e command=03 arg=02
[  64.083] heartbeat frame=3840 tx=5279 rx=5157 fc=1 fd=10 fe=1 linkflag=82 pc=000288 a502=00 a524=0005 a525=05 a170=08 a17f=00 txtail=009f rxpend=0000
[  64.083] [transport] captured=5279 flushed=5279 received=5157 accepted=954 payload2=816 payload3=7 payload4=15 payload5=25 pump_reads=4767 bursts=998 txcredit=0 outq=0 inq=0 watchdog=0 txseq=e7 rxseq=ba rxcredit=5 protection=00 checks=0000
[  64.083] [epochs] local=1 peer=1 ready=true discarded_rx=0
[  64.083] [tcb-continuations] ffa580=ff80->018392 sleep=0 local26=7710 ffa5c0=ff80->01853c sleep=0 local26=0000 ffd040=ff80->018a40 sleep=0 local26=8300 ffd080=ff80->018ee4 sleep=0 local26=0000 ffd100=ff80->01fbb4 sleep=0 local26=0000 ffd140=ff80->01fbb6 sleep=0 local26=0002 ffd180=ff80->01fbb6 sleep=0 local26=00a2 ffd1c0=ff80->01fbb6 sleep=0 local26=01c2 ffd200=ff80->01fbb6 sleep=0 local26=02e2 ffd240=ff80->01902e sleep=0 local26=0000 ffd280=ff80->01ffe2 sleep=0 local26=0002 ffd2c0=ff80->020004 sleep=0 local26=0002 ffd300=ff80->020004 sleep=0 local26=0000 ffd340=ff80->01febe sleep=0 local26=0000 ffd380=ff80->01fedc sleep=0 local26=0000
[  64.085]   [header-byte] write $ffa517 = 13 mask=00ff (pc=018446)
[  64.085] [packet-accepted] total=955 seq=ba flags=04 status=13 pc=01845e command=03 arg=02
[  64.101]   [header-byte] write $ffa517 = 13 mask=00ff (pc=018446)
[  64.101] [packet-accepted] total=956 seq=bb flags=04 status=13 pc=01845e command=03 arg=02
[  64.118]   [header-byte] write $ffa517 = 13 mask=00ff (pc=018446)
[  64.118] [packet-accepted] total=957 seq=bc flags=04 status=13 pc=01845e command=03 arg=02
[  64.135]   [header-byte] write $ffa517 = 13 mask=00ff (pc=018446)
[  64.135] [packet-accepted] total=958 seq=bd flags=04 status=13 pc=01845e command=03 arg=02
[  64.152]   [header-byte] write $ffa517 = 13 mask=00ff (pc=018446)
[  64.152] [packet-accepted] total=959 seq=be flags=04 status=13 pc=01845e command=03 arg=02
[  64.168]   [header-byte] write $ffa517 = 13 mask=00ff (pc=018446)
[  64.168] [packet-accepted] total=960 seq=bf flags=04 status=13 pc=01845e command=03 arg=02
[  64.185]   [header-byte] write $ffa517 = 13 mask=00ff (pc=018446)
[  64.185] [packet-accepted] total=961 seq=c0 flags=04 status=13 pc=01845e command=03 arg=02
[  64.203]   [header-byte] write $ffa517 = 13 mask=00ff (pc=018446)
[  64.203] [packet-accepted] total=962 seq=c1 flags=04 status=13 pc=01845e command=03 arg=02
[  64.218]   [header-byte] write $ffa517 = 13 mask=00ff (pc=018446)
[  64.218] [packet-accepted] total=963 seq=c2 flags=04 status=13 pc=01845e command=03 arg=02
[  64.235]   [header-byte] write $ffa517 = 13 mask=00ff (pc=018446)
[  64.235] [packet-accepted] total=964 seq=c3 flags=04 status=13 pc=01845e command=03 arg=02
[  64.252]   [header-byte] write $ffa517 = 13 mask=00ff (pc=018446)
[  64.252] [packet-accepted] total=965 seq=c4 flags=04 status=13 pc=01845e command=03 arg=02
[  64.269]   [header-byte] write $ffa517 = 13 mask=00ff (pc=018446)
[  64.269] [packet-accepted] total=966 seq=c5 flags=04 status=13 pc=01845e command=03 arg=02
[  64.285]   [header-byte] write $ffa517 = 13 mask=00ff (pc=018446)
[  64.285] [packet-accepted] total=967 seq=c6 flags=04 status=13 pc=01845e command=03 arg=02
[  64.302]   [header-byte] write $ffa517 = 13 mask=00ff (pc=018446)
[  64.302] [packet-accepted] total=968 seq=c7 flags=04 status=13 pc=01845e command=03 arg=02
[  64.319]   [header-byte] write $ffa517 = 13 mask=00ff (pc=018446)
[  64.319] [packet-accepted] total=969 seq=c8 flags=04 status=13 pc=01845e command=03 arg=02
[  64.335]   [header-byte] write $ffa517 = 13 mask=00ff (pc=018446)
[  64.335] [packet-accepted] total=970 seq=c9 flags=04 status=13 pc=01845e command=03 arg=02
[  64.352]   [header-byte] write $ffa517 = 13 mask=00ff (pc=018446)
[  64.352] [packet-accepted] total=971 seq=ca flags=04 status=13 pc=01845e command=03 arg=02
[  64.369]   [header-byte] write $ffa517 = 13 mask=00ff (pc=018446)
[  64.369] [packet-accepted] total=972 seq=cb flags=04 status=13 pc=01845e command=03 arg=02
[  64.385]   [header-byte] write $ffa517 = 13 mask=00ff (pc=018446)
[  64.385] [packet-accepted] total=973 seq=cc flags=04 status=13 pc=01845e command=03 arg=02
[  64.402]   [header-byte] write $ffa517 = 13 mask=00ff (pc=018446)
[  64.402] [packet-accepted] total=974 seq=cd flags=04 status=13 pc=01845e command=03 arg=02
[  64.419]   [header-byte] write $ffa517 = 13 mask=00ff (pc=018446)
[  64.419] [packet-accepted] total=975 seq=ce flags=04 status=13 pc=01845e command=03 arg=02
[  64.435]   [header-byte] write $ffa517 = 13 mask=00ff (pc=018446)
[  64.435] [packet-accepted] total=976 seq=cf flags=04 status=13 pc=01845e command=03 arg=02
[  64.452]   [header-byte] write $ffa517 = 13 mask=00ff (pc=018446)
[  64.452] [packet-accepted] total=977 seq=d0 flags=04 status=13 pc=01845e command=03 arg=02
[  64.469]   [header-byte] write $ffa517 = 13 mask=00ff (pc=018446)
[  64.469] [packet-accepted] total=978 seq=d1 flags=04 status=13 pc=01845e command=03 arg=02
[  64.485]   [header-byte] write $ffa517 = 13 mask=00ff (pc=018446)
[  64.485] [packet-accepted] total=979 seq=d2 flags=04 status=13 pc=01845e command=03 arg=02
[  64.502]   [header-byte] write $ffa517 = 13 mask=00ff (pc=018446)
[  64.502] [packet-accepted] total=980 seq=d3 flags=04 status=13 pc=01845e command=03 arg=02
[  64.521]   [header-byte] write $ffa517 = 13 mask=00ff (pc=018446)
[  64.521] [packet-accepted] total=981 seq=d4 flags=04 status=13 pc=01845e command=03 arg=02
[  64.536]   [header-byte] write $ffa517 = 13 mask=00ff (pc=018446)
[  64.536] [packet-accepted] total=982 seq=d5 flags=04 status=13 pc=01845e command=03 arg=02
[  64.552]   [header-byte] write $ffa517 = 13 mask=00ff (pc=018446)
[  64.552] [packet-accepted] total=983 seq=d6 flags=04 status=13 pc=01845e command=03 arg=02
[  64.569]   [header-byte] write $ffa517 = 13 mask=00ff (pc=018446)
[  64.569] [packet-accepted] total=984 seq=d7 flags=04 status=13 pc=01845e command=03 arg=02
[  64.586]   [header-byte] write $ffa517 = 13 mask=00ff (pc=018446)
[  64.586] [packet-accepted] total=985 seq=d8 flags=04 status=13 pc=01845e command=03 arg=02
[  64.602]   [header-byte] write $ffa517 = 13 mask=00ff (pc=018446)
[  64.602] [packet-accepted] total=986 seq=d9 flags=04 status=13 pc=01845e command=03 arg=02
[  64.620]   [header-byte] write $ffa517 = 13 mask=00ff (pc=018446)
[  64.620] [packet-accepted] total=987 seq=da flags=04 status=13 pc=01845e command=03 arg=02
[  64.636]   [header-byte] write $ffa517 = 13 mask=00ff (pc=018446)
[  64.636] [packet-accepted] total=988 seq=db flags=04 status=13 pc=01845e command=03 arg=02
[  64.652]   [header-byte] write $ffa517 = 13 mask=00ff (pc=018446)
[  64.652] [packet-accepted] total=989 seq=dc flags=04 status=13 pc=01845e command=03 arg=02
[  64.672]   [header-byte] write $ffa517 = 13 mask=00ff (pc=018446)
[  64.672] [packet-accepted] total=990 seq=dd flags=04 status=13 pc=01845e command=03 arg=02
[  64.686]   [header-byte] write $ffa517 = 13 mask=00ff (pc=018446)
[  64.686] [packet-accepted] total=991 seq=de flags=04 status=13 pc=01845e command=03 arg=02
[  64.702]   [header-byte] write $ffa517 = 13 mask=00ff (pc=018446)
[  64.702] [packet-accepted] total=992 seq=df flags=04 status=13 pc=01845e command=03 arg=02
[  64.719]   [header-byte] write $ffa517 = 13 mask=00ff (pc=018446)
[  64.719] [packet-accepted] total=993 seq=e0 flags=04 status=13 pc=01845e command=03 arg=02
[  64.736]   [header-byte] write $ffa517 = 13 mask=00ff (pc=018446)
[  64.736] [packet-accepted] total=994 seq=e1 flags=04 status=13 pc=01845e command=03 arg=02
[  64.753]   [header-byte] write $ffa517 = 13 mask=00ff (pc=018446)
[  64.753] [packet-accepted] total=995 seq=e2 flags=04 status=13 pc=01845e command=03 arg=02
[  64.769]   [header-byte] write $ffa517 = 13 mask=00ff (pc=018446)
[  64.769] [packet-accepted] total=996 seq=e3 flags=04 status=13 pc=01845e command=03 arg=02
[  64.786]   [header-byte] write $ffa517 = 13 mask=00ff (pc=018446)
[  64.786] [packet-accepted] total=997 seq=e4 flags=04 status=13 pc=01845e command=03 arg=02
[  64.803]   [header-byte] write $ffa517 = 13 mask=00ff (pc=018446)
[  64.803] [packet-accepted] total=998 seq=e5 flags=04 status=13 pc=01845e command=03 arg=02
[  64.819]   [header-byte] write $ffa517 = 13 mask=00ff (pc=018446)
[  64.819] [packet-accepted] total=999 seq=e6 flags=04 status=13 pc=01845e command=03 arg=02
[  64.836]   [header-byte] write $ffa517 = 13 mask=00ff (pc=018446)
[  64.836] [packet-accepted] total=1000 seq=e7 flags=04 status=13 pc=01845e command=03 arg=02
[  64.853]   [header-byte] write $ffa517 = 13 mask=00ff (pc=018446)
[  64.853] [packet-accepted] total=1001 seq=e8 flags=04 status=13 pc=01845e command=03 arg=02
[  64.869]   [header-byte] write $ffa517 = 13 mask=00ff (pc=018446)
[  64.869] [packet-accepted] total=1002 seq=e9 flags=04 status=13 pc=01845e command=03 arg=02
[  64.886]   [header-byte] write $ffa517 = 13 mask=00ff (pc=018446)
[  64.886] [packet-accepted] total=1003 seq=ea flags=04 status=13 pc=01845e command=03 arg=02
[  64.903]   [header-byte] write $ffa517 = 13 mask=00ff (pc=018446)
[  64.903] [packet-accepted] total=1004 seq=eb flags=04 status=13 pc=01845e command=03 arg=02
[  64.919]   [header-byte] write $ffa517 = 13 mask=00ff (pc=018446)
[  64.919] [packet-accepted] total=1005 seq=ec flags=04 status=13 pc=01845e command=03 arg=02
[  64.936]   [header-byte] write $ffa517 = 13 mask=00ff (pc=018446)
[  64.936] [packet-accepted] total=1006 seq=ed flags=04 status=13 pc=01845e command=03 arg=02
[  64.953]   [header-byte] write $ffa517 = 13 mask=00ff (pc=018446)
[  64.953] [packet-accepted] total=1007 seq=ee flags=04 status=13 pc=01845e command=03 arg=02
[  64.969]   [header-byte] write $ffa517 = 13 mask=00ff (pc=018446)
[  64.969] [packet-accepted] total=1008 seq=ef flags=04 status=13 pc=01845e command=03 arg=02
[  64.987]   [header-byte] write $ffa517 = 13 mask=00ff (pc=018446)
[  64.987] [packet-accepted] total=1009 seq=f0 flags=04 status=13 pc=01845e command=03 arg=02
[  65.003]   [header-byte] write $ffa517 = 13 mask=00ff (pc=018446)
[  65.003] [packet-accepted] total=1010 seq=f1 flags=04 status=13 pc=01845e command=03 arg=02
[  65.020]   [header-byte] write $ffa517 = 13 mask=00ff (pc=018446)
[  65.020] [packet-accepted] total=1011 seq=f2 flags=04 status=13 pc=01845e command=03 arg=02
[  65.036]   [header-byte] write $ffa517 = 13 mask=00ff (pc=018446)
[  65.036] [packet-accepted] total=1012 seq=f3 flags=04 status=13 pc=01845e command=03 arg=02
[  65.053]   [header-byte] write $ffa517 = 13 mask=00ff (pc=018446)
[  65.053] [packet-accepted] total=1013 seq=f4 flags=04 status=13 pc=01845e command=03 arg=02
[  65.070]   [header-byte] write $ffa517 = 13 mask=00ff (pc=018446)
[  65.070] [packet-accepted] total=1014 seq=f5 flags=04 status=13 pc=01845e command=03 arg=02
[  65.084] heartbeat frame=3900 tx=5579 rx=5457 fc=1 fd=10 fe=1 linkflag=82 pc=00028a a502=00 a524=0005 a525=05 a170=08 a17f=00 txtail=00cb rxpend=0000
[  65.084] [transport] captured=5579 flushed=5579 received=5457 accepted=1014 payload2=876 payload3=7 payload4=15 payload5=25 pump_reads=4887 bursts=1058 txcredit=0 outq=0 inq=0 watchdog=0 txseq=23 rxseq=f6 rxcredit=5 protection=00 checks=0000
[  65.084] [epochs] local=1 peer=1 ready=true discarded_rx=0
[  65.084] [tcb-continuations] ffa580=ff80->018392 sleep=0 local26=7710 ffa5c0=ff80->01853c sleep=0 local26=0000 ffd040=ff80->018a40 sleep=0 local26=8300 ffd080=ff80->018ee4 sleep=0 local26=0000 ffd100=ff80->01fbb4 sleep=0 local26=0000 ffd140=ff80->01fbb6 sleep=0 local26=0002 ffd180=ff80->01fbb6 sleep=0 local26=00a2 ffd1c0=ff80->01fbb6 sleep=0 local26=01c2 ffd200=ff80->01fbb6 sleep=0 local26=02e2 ffd240=ff80->01902e sleep=0 local26=0000 ffd280=ff80->01ffe2 sleep=0 local26=0000 ffd2c0=ff80->020004 sleep=0 local26=0002 ffd300=ff80->020004 sleep=0 local26=0000 ffd340=ff80->01febe sleep=0 local26=0000 ffd380=ff80->01fedc sleep=0 local26=0000
[  65.086]   [header-byte] write $ffa517 = 13 mask=00ff (pc=018446)
[  65.086] [packet-accepted] total=1015 seq=f6 flags=04 status=13 pc=01845e command=03 arg=02
[  65.103]   [header-byte] write $ffa517 = 13 mask=00ff (pc=018446)
[  65.103] [packet-accepted] total=1016 seq=f7 flags=04 status=13 pc=01845e command=03 arg=02
[  65.120]   [header-byte] write $ffa517 = 13 mask=00ff (pc=018446)
[  65.120] [packet-accepted] total=1017 seq=f8 flags=04 status=13 pc=01845e command=03 arg=02
[  65.136]   [header-byte] write $ffa517 = 13 mask=00ff (pc=018446)
[  65.136] [packet-accepted] total=1018 seq=f9 flags=04 status=13 pc=01845e command=03 arg=02
[  65.153]   [header-byte] write $ffa517 = 13 mask=00ff (pc=018446)
[  65.153] [packet-accepted] total=1019 seq=fa flags=04 status=13 pc=01845e command=03 arg=02
[  65.169]   [header-byte] write $ffa517 = 13 mask=00ff (pc=018446)
[  65.169] [packet-accepted] total=1020 seq=fb flags=04 status=13 pc=01845e command=03 arg=02
[  65.186]   [header-byte] write $ffa517 = 13 mask=00ff (pc=018446)
[  65.186] [packet-accepted] total=1021 seq=fc flags=04 status=13 pc=01845e command=03 arg=02
[  65.203]   [header-byte] write $ffa517 = 13 mask=00ff (pc=018446)
[  65.203] [packet-accepted] total=1022 seq=fd flags=04 status=13 pc=01845e command=03 arg=02
[  65.220]   [header-byte] write $ffa517 = 13 mask=00ff (pc=018446)
[  65.220] [packet-accepted] total=1023 seq=fe flags=04 status=13 pc=01845e command=03 arg=02
[  65.236]   [header-byte] write $ffa517 = 13 mask=00ff (pc=018446)
[  65.236] [packet-accepted] total=1024 seq=ff flags=04 status=13 pc=01845e command=03 arg=02
[  65.253]   [header-byte] write $ffa517 = 13 mask=00ff (pc=018446)
[  65.253] [packet-accepted] total=1025 seq=00 flags=04 status=13 pc=01845e command=03 arg=02
[  65.270]   [header-byte] write $ffa517 = 13 mask=00ff (pc=018446)
[  65.270] [packet-accepted] total=1026 seq=01 flags=04 status=13 pc=01845e command=03 arg=02
[  65.286]   [header-byte] write $ffa517 = 13 mask=00ff (pc=018446)
[  65.286] [packet-accepted] total=1027 seq=02 flags=04 status=13 pc=01845e command=03 arg=02
[  65.303]   [header-byte] write $ffa517 = 13 mask=00ff (pc=018446)
[  65.303] [packet-accepted] total=1028 seq=03 flags=04 status=13 pc=01845e command=03 arg=02
[  65.319]   [header-byte] write $ffa517 = 13 mask=00ff (pc=018446)
[  65.319] [packet-accepted] total=1029 seq=04 flags=04 status=13 pc=01845e command=03 arg=02
[  65.336]   [header-byte] write $ffa517 = 13 mask=00ff (pc=018446)
[  65.336] [packet-accepted] total=1030 seq=05 flags=04 status=13 pc=01845e command=03 arg=02
[  65.353]   [header-byte] write $ffa517 = 13 mask=00ff (pc=018446)
[  65.353] [packet-accepted] total=1031 seq=06 flags=04 status=13 pc=01845e command=03 arg=02
[  65.369]   [header-byte] write $ffa517 = 13 mask=00ff (pc=018446)
[  65.369] [packet-accepted] total=1032 seq=07 flags=04 status=13 pc=01845e command=03 arg=02
[  65.386]   [header-byte] write $ffa517 = 13 mask=00ff (pc=018446)
[  65.386] [packet-accepted] total=1033 seq=08 flags=04 status=13 pc=01845e command=03 arg=02
[  65.403]   [header-byte] write $ffa517 = 13 mask=00ff (pc=018446)
[  65.403] [packet-accepted] total=1034 seq=09 flags=04 status=13 pc=01845e command=03 arg=02
[  65.420]   [header-byte] write $ffa517 = 13 mask=00ff (pc=018446)
[  65.420] [packet-accepted] total=1035 seq=0a flags=04 status=13 pc=01845e command=03 arg=02
[  65.436]   [header-byte] write $ffa517 = 13 mask=00ff (pc=018446)
[  65.436] [packet-accepted] total=1036 seq=0b flags=04 status=13 pc=01845e command=03 arg=02
[  65.453]   [header-byte] write $ffa517 = 13 mask=00ff (pc=018446)
[  65.453] [packet-accepted] total=1037 seq=0c flags=04 status=13 pc=01845e command=03 arg=02
[  65.470]   [header-byte] write $ffa517 = 13 mask=00ff (pc=018446)
[  65.470] [packet-accepted] total=1038 seq=0d flags=04 status=13 pc=01845e command=03 arg=02
[  65.486]   [header-byte] write $ffa517 = 13 mask=00ff (pc=018446)
[  65.486] [packet-accepted] total=1039 seq=0e flags=04 status=13 pc=01845e command=03 arg=02
[  65.503]   [header-byte] write $ffa517 = 13 mask=00ff (pc=018446)
[  65.503] [packet-accepted] total=1040 seq=0f flags=04 status=13 pc=01845e command=03 arg=02
[  65.520]   [header-byte] write $ffa517 = 13 mask=00ff (pc=018446)
[  65.520] [packet-accepted] total=1041 seq=10 flags=04 status=13 pc=01845e command=03 arg=02
[  65.536]   [header-byte] write $ffa517 = 13 mask=00ff (pc=018446)
[  65.536] [packet-accepted] total=1042 seq=11 flags=04 status=13 pc=01845e command=03 arg=02
[  65.553]   [header-byte] write $ffa517 = 13 mask=00ff (pc=018446)
[  65.553] [packet-accepted] total=1043 seq=12 flags=04 status=13 pc=01845e command=03 arg=02
[  65.570]   [header-byte] write $ffa517 = 13 mask=00ff (pc=018446)
[  65.570] [packet-accepted] total=1044 seq=13 flags=04 status=13 pc=01845e command=03 arg=02
[  65.586]   [header-byte] write $ffa517 = 13 mask=00ff (pc=018446)
[  65.586] [packet-accepted] total=1045 seq=14 flags=04 status=13 pc=01845e command=03 arg=02
[  65.603]   [header-byte] write $ffa517 = 13 mask=00ff (pc=018446)
[  65.603] [packet-accepted] total=1046 seq=15 flags=04 status=13 pc=01845e command=03 arg=02
[  65.622]   [header-byte] write $ffa517 = 13 mask=00ff (pc=018446)
[  65.622] [packet-accepted] total=1047 seq=16 flags=04 status=13 pc=01845e command=03 arg=02
[  65.637]   [header-byte] write $ffa517 = 13 mask=00ff (pc=018446)
[  65.637] [packet-accepted] total=1048 seq=17 flags=04 status=13 pc=01845e command=03 arg=02
[  65.653]   [header-byte] write $ffa517 = 13 mask=00ff (pc=018446)
[  65.653] [packet-accepted] total=1049 seq=18 flags=04 status=13 pc=01845e command=03 arg=02
[  65.670]   [header-byte] write $ffa517 = 13 mask=00ff (pc=018446)
[  65.670] [packet-accepted] total=1050 seq=19 flags=04 status=13 pc=01845e command=03 arg=02
[  65.687]   [header-byte] write $ffa517 = 13 mask=00ff (pc=018446)
[  65.687] [packet-accepted] total=1051 seq=1a flags=04 status=13 pc=01845e command=03 arg=02
[  65.687] [game-command] data=6363 mask=ff00 pc=018b72 requests=04
[  65.705]   [header-byte] write $ffa517 = 13 mask=00ff (pc=018446)
[  65.705] [packet-accepted] total=1052 seq=1b flags=04 status=13 pc=01845e command=03 arg=02
[  65.705]   [header-byte] write $ffa513 = 10 mask=00ff (pc=018d88)
[  65.720]   [header-byte] write $ffa517 = 13 mask=00ff (pc=018446)
[  65.720] [packet-accepted] total=1053 seq=1c flags=04 status=13 pc=01845e command=03 arg=02
[  65.737]   [header-byte] write $ffa517 = 13 mask=00ff (pc=018446)
[  65.737] [packet-accepted] total=1054 seq=1d flags=04 status=13 pc=01845e command=03 arg=02
[  65.754]   [header-byte] write $ffa517 = 13 mask=00ff (pc=018446)
[  65.754] [packet-accepted] total=1055 seq=1e flags=04 status=13 pc=01845e command=03 arg=02
[  65.770]   [header-byte] write $ffa517 = 13 mask=00ff (pc=018446)
[  65.770] [packet-accepted] total=1056 seq=1f flags=04 status=13 pc=01845e command=43 arg=02
[  65.787]   [header-byte] write $ffa517 = 10 mask=00ff (pc=018446)
[  65.787] [packet-accepted] total=1057 seq=20 flags=04 status=10 pc=01845e command=43 arg=02
[  66.085] heartbeat frame=3960 tx=5774 rx=5672 fc=1 fd=10 fe=1 linkflag=82 pc=000288 a502=00 a524=0000 a525=00 a170=08 a17f=00 txtail=008e rxpend=0000
[  66.085] [transport] captured=5774 flushed=5774 received=5672 accepted=1057 payload2=919 payload3=7 payload4=15 payload5=25 pump_reads=4990 bursts=1097 txcredit=0 outq=0 inq=0 watchdog=17 txseq=49 rxseq=21 rxcredit=0 protection=00 checks=0000
[  66.085] [epochs] local=1 peer=1 ready=true discarded_rx=0
[  66.085] [game-state] a142=04 a13e=01 a13f=02 a530=6311 a506=03 a507=00 a508=00 a7b0=3822 a7a6=4302 script=01a638
[  66.085] [tcb-continuations] ffa580=ff80->018392 sleep=0 local26=7710 ffa5c0=ff80->01853c sleep=0 local26=1600 ffd040=ff80->018e08 sleep=178 local26=8300 ffd100=ff80->01fbb4 sleep=0 local26=0000 ffd140=ff80->01fbb6 sleep=0 local26=0002 ffd180=ff80->01fbb6 sleep=0 local26=00a2 ffd1c0=ff80->01fbb6 sleep=0 local26=01c2 ffd200=ff80->01fbb6 sleep=0 local26=02e2 ffd240=ff80->01902e sleep=0 local26=0000 ffd280=ff80->027726 sleep=0 local26=0001
[  66.211]   [menu-state] write $ffa170 = 8787 mask=ff00 (pc=018062)
[  66.211]   [menu-state] write $ffa176 = 0000 mask=ff00 (pc=01afde)
[  66.211]   [header-byte] write $ffa513 = 00 mask=00ff (pc=01afe6)
[  66.211]   [header-byte] write $ffa513 = 10 mask=00ff (pc=01affe)
[  66.211]   [header-byte] write $ffa513 = 50 mask=00ff (pc=01b022)
[  66.211]   [header-byte] write $ffa513 = 54 mask=00ff (pc=01b044)
[  66.302]   [header-byte] write $ffa517 = 10 mask=00ff (pc=018446)
[  66.420]   [header-byte] write $ffa517 = 11 mask=00ff (pc=018446)
[  66.626]   [menu-state] write $ffa170 = 9797 mask=ff00 (pc=0266d6)
[  66.905]   [header-byte] write $ffa517 = 11 mask=00ff (pc=018446)
[  67.086] heartbeat frame=4020 tx=5780 rx=5681 fc=1 fd=10 fe=1 linkflag=82 pc=00028a a502=00 a524=0000 a525=00 a170=97 a17f=00 txtail=0094 rxpend=0000
[  67.086] [transport] captured=5780 flushed=5780 received=5681 accepted=1060 payload2=919 payload3=7 payload4=15 payload5=25 pump_reads=5053 bursts=1099 txcredit=0 outq=0 inq=0 watchdog=10 txseq=4b rxseq=24 rxcredit=0 protection=00 checks=0000
[  67.086] [epochs] local=1 peer=1 ready=true discarded_rx=0
[  67.086] [game-state] a142=02 a13e=01 a13f=02 a530=6311 a506=03 a507=00 a508=00 a7b0=3822 a7a6=4302 script=01a15c
[  67.086] [tcb-continuations] ffa580=ff80->018392 sleep=0 local26=7710 ffa5c0=ff80->01853c sleep=0 local26=1300 ffd040=ff80->02673a sleep=0 local26=0007 ffd100=ff80->026e10 sleep=0 local26=001d ffd140=ff80->027122 sleep=0 local26=0005 ffd180=ff80->027122 sleep=0 local26=0005 ffd1c0=ff80->027122 sleep=0 local26=0005 ffd200=ff80->027122 sleep=0 local26=0005 ffd240=ff80->027122 sleep=0 local26=0005 ffd280=ff80->027122 sleep=0 local26=0005 ffd2c0=ff80->027208 sleep=0 local26=0000 ffd300=ff80->027278 sleep=0 local26=0000 ffd340=ff80->027278 sleep=0 local26=0000
[  67.222]   [menu-state] write $ffa170 = 8787 mask=ff00 (pc=0268a0)
[  67.406]   [header-byte] write $ffa517 = 11 mask=00ff (pc=018446)
[  67.906]   [header-byte] write $ffa517 = 11 mask=00ff (pc=018446)
[  68.088] heartbeat frame=4080 tx=5786 rx=5687 fc=1 fd=10 fe=1 linkflag=82 pc=000288 a502=00 a524=0000 a525=00 a170=87 a17f=00 txtail=009a rxpend=0000
[  68.088] [transport] captured=5786 flushed=5786 received=5687 accepted=1062 payload2=919 payload3=7 payload4=15 payload5=25 pump_reads=5115 bursts=1101 txcredit=0 outq=0 inq=0 watchdog=10 txseq=4d rxseq=26 rxcredit=0 protection=00 checks=0000
[  68.088] [epochs] local=1 peer=1 ready=true discarded_rx=0
[  68.088] [tcb-continuations] ffa580=ff80->018392 sleep=0 local26=7710 ffa5c0=ff80->01853c sleep=0 local26=1300 ffd040=ff80->026a46 sleep=104 local26=0007 ffd100=ff80->026e10 sleep=0 local26=0059 ffd140=ff80->027146 sleep=0 local26=0005 ffd180=ff80->027146 sleep=0 local26=0005 ffd1c0=ff80->027146 sleep=0 local26=0005 ffd200=ff80->027146 sleep=0 local26=0005 ffd240=ff80->027146 sleep=0 local26=0005 ffd280=ff80->027146 sleep=0 local26=0005 ffd2c0=ff80->027260 sleep=0 local26=0000 ffd300=ff80->027278 sleep=0 local26=0000 ffd340=ff80->027278 sleep=0 local26=0000 ffd380=ff80->026e8c sleep=0 local26=0000
[  68.407]   [header-byte] write $ffa517 = 11 mask=00ff (pc=018446)
[  68.907]   [header-byte] write $ffa517 = 11 mask=00ff (pc=018446)
[  69.089] heartbeat frame=4140 tx=5792 rx=5693 fc=1 fd=10 fe=1 linkflag=82 pc=000288 a502=00 a524=0000 a525=00 a170=87 a17f=00 txtail=00a0 rxpend=0000
[  69.089] [transport] captured=5792 flushed=5792 received=5693 accepted=1064 payload2=919 payload3=7 payload4=15 payload5=25 pump_reads=5177 bursts=1103 txcredit=0 outq=0 inq=0 watchdog=10 txseq=4f rxseq=28 rxcredit=0 protection=00 checks=0000
[  69.089] [epochs] local=1 peer=1 ready=true discarded_rx=0
[  69.089] [tcb-continuations] ffa580=ff80->018392 sleep=0 local26=7710 ffa5c0=ff80->01853c sleep=0 local26=1300 ffd040=ff80->026a46 sleep=44 local26=0007 ffd100=ff80->026e10 sleep=0 local26=0095 ffd140=ff80->027146 sleep=0 local26=0005 ffd180=ff80->027146 sleep=0 local26=0005 ffd1c0=ff80->027146 sleep=0 local26=0005 ffd200=ff80->027146 sleep=0 local26=0005 ffd240=ff80->027146 sleep=0 local26=0005 ffd280=ff80->027146 sleep=0 local26=0005 ffd2c0=ff80->027260 sleep=0 local26=0000 ffd300=ff80->027278 sleep=0 local26=0000 ffd340=ff80->027278 sleep=0 local26=0000 ffd380=ff80->026e8c sleep=0 local26=0000
[  69.621]   [header-byte] write $ffa517 = 11 mask=00ff (pc=018446)
[  69.924]   [header-byte] write $ffa517 = 11 mask=00ff (pc=018446)
[  70.090] heartbeat frame=4200 tx=5795 rx=5699 fc=1 fd=10 fe=1 linkflag=82 pc=000288 a502=00 a524=0003 a525=03 a170=87 a17f=00 txtail=00a3 rxpend=0000
[  70.090] [transport] captured=5795 flushed=5795 received=5699 accepted=1066 payload2=919 payload3=7 payload4=15 payload5=25 pump_reads=5239 bursts=1104 txcredit=0 outq=0 inq=0 watchdog=9 txseq=51 rxseq=2a rxcredit=0 protection=00 checks=0000
[  70.090] [epochs] local=1 peer=1 ready=true discarded_rx=0
[  70.090] [game-state] a142=02 a13e=01 a13f=02 a530=6311 a506=03 a507=00 a508=00 a7b0=3822 a7a6=4302 script=01a1b6
[  70.090] [tcb-continuations] ffa580=ff80->018392 sleep=0 local26=7710 ffa5c0=ff80->01853c sleep=0 local26=0000 ffd100=ffc0->00839a sleep=0 local26=0000 ffd140=ff80->015436 sleep=0 local26=0000 ffd180=ff80->0163b6 sleep=0 local26=0000 ffd1c0=ff80->0176e8 sleep=0 local26=0000 ffd200=ffc0->017748 sleep=0 local26=0008 ffd240=ffc0->0178bc sleep=0 local26=0000 ffd280=ffc0->017a34 sleep=0 local26=0005 ffd2c0=ffc0->017a34 sleep=0 local26=0004 ffd300=ffc0->017a34 sleep=0 local26=0003 ffd340=ffc0->017a34 sleep=0 local26=0002 ffd380=ffc0->017a34 sleep=0 local26=0001 ffd3c0=ffc0->017a34 sleep=0 local26=0000
[  70.425]   [header-byte] write $ffa517 = 11 mask=00ff (pc=018446)
[  70.926]   [header-byte] write $ffa517 = 11 mask=00ff (pc=018446)
[  71.092] heartbeat frame=4260 tx=5801 rx=5705 fc=1 fd=10 fe=1 linkflag=82 pc=00028a a502=00 a524=0003 a525=03 a170=87 a17f=00 txtail=00a9 rxpend=0000
[  71.092] [transport] captured=5801 flushed=5801 received=5705 accepted=1068 payload2=919 payload3=7 payload4=15 payload5=25 pump_reads=5301 bursts=1106 txcredit=0 outq=0 inq=0 watchdog=9 txseq=53 rxseq=2c rxcredit=0 protection=00 checks=0000
[  71.092] [epochs] local=1 peer=1 ready=true discarded_rx=0
[  71.092] [game-state] a142=02 a13e=01 a13f=02 a530=6311 a506=03 a507=00 a508=00 a7b0=3822 a7a6=4302 script=01a1be
[  71.092] [tcb-continuations] ffa580=ff80->018392 sleep=0 local26=7710 ffa5c0=ff80->01853c sleep=0 local26=0000 ffd100=ffc0->00839a sleep=0 local26=0000 ffd140=ff80->015436 sleep=0 local26=0000 ffd180=ff80->0163b6 sleep=0 local26=0000 ffd1c0=ff80->0170dc sleep=0 local26=0023 ffd200=ffc0->0177aa sleep=0 local26=0008 ffd240=ffc0->017950 sleep=0 local26=0000 ffd280=ffc0->017a9c sleep=0 local26=0005 ffd2c0=ffc0->017a9c sleep=0 local26=0004 ffd300=ffc0->017a9c sleep=0 local26=0003 ffd340=ffc0->017a9c sleep=0 local26=0002 ffd380=ffc0->017a9c sleep=0 local26=0001 ffd3c0=ffc0->017a9c sleep=0 local26=0000 ffd400=ff80->017456 sleep=0 local26=000f
[  71.427]   [header-byte] write $ffa517 = 11 mask=00ff (pc=018446)
[  71.927]   [header-byte] write $ffa517 = 11 mask=00ff (pc=018446)
[  72.093] heartbeat frame=4320 tx=5807 rx=5711 fc=1 fd=10 fe=1 linkflag=82 pc=000288 a502=00 a524=0003 a525=03 a170=87 a17f=00 txtail=00af rxpend=0000
[  72.093] [transport] captured=5807 flushed=5807 received=5711 accepted=1070 payload2=919 payload3=7 payload4=15 payload5=25 pump_reads=5363 bursts=1108 txcredit=0 outq=0 inq=0 watchdog=9 txseq=55 rxseq=2e rxcredit=0 protection=00 checks=0000
[  72.093] [epochs] local=1 peer=1 ready=true discarded_rx=0
[  72.093] [tcb-continuations] ffa580=ff80->018392 sleep=0 local26=7710 ffa5c0=ff80->01853c sleep=0 local26=0000 ffd100=ffc0->00839a sleep=0 local26=0000 ffd140=ff80->015452 sleep=0 local26=0000 ffd1c0=ff80->0170dc sleep=0 local26=007f ffd200=ffc0->0177aa sleep=0 local26=0008 ffd240=ffc0->017950 sleep=0 local26=0000 ffd280=ffc0->017a9c sleep=0 local26=0005 ffd2c0=ffc0->017a9c sleep=0 local26=0004 ffd300=ffc0->017a9c sleep=0 local26=0003 ffd340=ffc0->017a9c sleep=0 local26=0002 ffd380=ffc0->017a9c sleep=0 local26=0001 ffd3c0=ffc0->017a9c sleep=0 local26=0000
[  72.174] [attack-state] address=ffa7f0 data=0000 mask=ffff pc=004da4 protection=00
[  72.174] [attack-state] address=ffa7f8 data=0000 mask=ffff pc=004db0 protection=00
[  72.429]   [header-byte] write $ffa517 = 11 mask=00ff (pc=018446)
[  73.094] heartbeat frame=4380 tx=5813 rx=5714 fc=1 fd=10 fe=1 linkflag=82 pc=00028a a502=00 a524=0000 a525=00 a170=87 a17f=00 txtail=00b5 rxpend=0000
[  73.094] [transport] captured=5813 flushed=5813 received=5714 accepted=1071 payload2=919 payload3=7 payload4=15 payload5=25 pump_reads=5424 bursts=1110 txcredit=0 outq=0 inq=0 watchdog=39 txseq=56 rxseq=2f rxcredit=0 protection=00 checks=0000
[  73.094] [epochs] local=1 peer=1 ready=true discarded_rx=0
[  73.094] [game-state] a142=02 a13e=01 a13f=02 a530=6311 a506=03 a507=00 a508=00 a7b0=0022 a7a6=4302 script=01a20a
[  73.094] [tcb-continuations] ffa580=ff80->018392 sleep=0 local26=7710 ffa5c0=ff80->01853c sleep=0 local26=1c00 ffd040=ffc0->00ee50 sleep=0 local26=0000 ffd080=ffc0->004ea4 sleep=0 local26=0000 ffd0c0=ffc0->004ea4 sleep=0 local26=0000 ffd100=ffc0->00839a sleep=0 local26=0000 ffd140=ff80->006782 sleep=0 local26=0000 ffd180=ffc0->00f2ba sleep=0 local26=0000 ffd1c0=ffc0->00f1ca sleep=0 local26=0000 ffd2c0=ffc0->017b04 sleep=0 local26=0004 ffd300=ffc0->017b04 sleep=0 local26=0003 ffd340=ffc0->017b04 sleep=0 local26=0002 ffd400=ffc0->00f1ca sleep=0 local26=0000 ffd440=ffc0->00f634 sleep=0 local26=0000
[  73.347]   [header-byte] write $ffa517 = 11 mask=00ff (pc=018446)
[  73.614] [game-command] data=7878 mask=ff00 pc=007ffa requests=00
[  73.848]   [header-byte] write $ffa517 = 11 mask=00ff (pc=018446)
[  74.095] heartbeat frame=4440 tx=5831 rx=5720 fc=1 fd=10 fe=1 linkflag=82 pc=00028a a502=00 a524=0000 a525=00 a170=87 a17f=00 txtail=00c7 rxpend=0000
[  74.095] [transport] captured=5831 flushed=5831 received=5720 accepted=1073 payload2=919 payload3=7 payload4=15 payload5=25 pump_reads=5486 bursts=1114 txcredit=0 outq=0 inq=0 watchdog=14 txseq=5a rxseq=31 rxcredit=0 protection=00 checks=0000
[  74.095] [epochs] local=1 peer=1 ready=true discarded_rx=0
[  74.095] [game-state] a142=02 a13e=01 a13f=02 a530=7811 a506=03 a507=00 a508=00 a7b0=0022 a7a6=4302 script=01a20a
[  74.095] [tcb-continuations] ffa580=ff80->018392 sleep=0 local26=7710 ffa5c0=ff80->01853c sleep=0 local26=1a00 ffd040=ffc0->00ee8a sleep=0 local26=0000 ffd080=ffc0->004f30 sleep=0 local26=0000 ffd0c0=ffc0->004f30 sleep=0 local26=0000 ffd100=ffc0->007fb6 sleep=0 local26=0000 ffd140=ff80->006782 sleep=0 local26=0000 ffd180=ffc0->00f2e4 sleep=0 local26=2b00 ffd1c0=ffc0->00f1e0 sleep=0 local26=0000 ffd400=ffc0->00f1e0 sleep=0 local26=0000 ffd440=ffc0->00ff8e sleep=0 local26=0000
[  74.448] [game-command] data=f8f8 mask=ff00 pc=008022 requests=00
[  74.598]   [header-byte] write $ffa517 = 11 mask=00ff (pc=018446)
[  75.097] heartbeat frame=4500 tx=5837 rx=5723 fc=1 fd=10 fe=1 linkflag=82 pc=000288 a502=00 a524=0000 a525=00 a170=87 a17f=00 txtail=00cd rxpend=0000
[  75.097] [transport] captured=5837 flushed=5837 received=5723 accepted=1074 payload2=919 payload3=7 payload4=15 payload5=25 pump_reads=5547 bursts=1116 txcredit=0 outq=0 inq=0 watchdog=29 txseq=5c rxseq=32 rxcredit=3 protection=00 checks=0000
[  75.097] [epochs] local=1 peer=1 ready=true discarded_rx=0
[  75.097] [game-state] a142=02 a13e=01 a13f=02 a530=f811 a506=03 a507=00 a508=00 a7b0=0022 a7a6=4302 script=01a20a
[  75.097] [tcb-continuations] ffa580=ff80->018392 sleep=0 local26=7710 ffa5c0=ff80->01853c sleep=0 local26=1a00 ffd040=ffc0->00ee8a sleep=0 local26=0000 ffd080=ffc0->00504e sleep=0 local26=2000 ffd0c0=ffc0->00504e sleep=0 local26=2000 ffd100=ffc0->008082 sleep=0 local26=030b ffd140=ff80->006782 sleep=0 local26=0000 ffd180=ffc0->00f2e4 sleep=0 local26=6700 ffd1c0=ffc0->00f1e0 sleep=0 local26=0000 ffd200=ff80->007944 sleep=0 local26=0000 ffd240=ff80->007d70 sleep=0 local26=0000 ffd280=ff80->007944 sleep=0 local26=0000 ffd2c0=ff80->007d70 sleep=0 local26=0000 ffd400=ffc0->00f1e0 sleep=0 local26=0000 ffd440=ffc0->00ff8e sleep=0 local26=0000 ffe1c0=ff00->008362 sleep=0 local26=ffed ffe200=ff00->008362 sleep=0 local26=ffed ffe240=ff00->008362 sleep=0 local26=ffed ffe280=ff00->008362 sleep=0 local26=ffed ffe2c0=ff00->008362 sleep=0 local26=ffed ffe300=ff00->008362 sleep=0 local26=ffed ffe340=ff00->008362 sleep=0 local26=ffed ffe380=ff00->008362 sleep=0 local26=ffed ffe3c0=ff00->008362 sleep=0 local26=ffed ffe400=ff00->008362 sleep=0 local26=ffed ffe440=ff00->008362 sleep=0 local26=ffed ffe480=ff00->008362 sleep=0 local26=ffed ffe4c0=ff00->008362 sleep=0 local26=ffed ffe500=ff00->008362 sleep=0 local26=ffed ffe540=ff00->008362 sleep=0 local26=ffed ffe580=ff00->008362 sleep=0 local26=ffed ffe5c0=ff00->008362 sleep=0 local26=ffed ffe600=ff00->008362 sleep=0 local26=ffed ffe640=ff00->008362 sleep=0 local26=ffed
[  75.101]   [header-byte] write $ffa517 = 11 mask=00ff (pc=018446)
[  75.902]   [header-byte] write $ffa517 = 11 mask=00ff (pc=018446)
[  76.098] heartbeat frame=4560 tx=5843 rx=5729 fc=1 fd=10 fe=1 linkflag=82 pc=000288 a502=00 a524=0000 a525=00 a170=87 a17f=00 txtail=00d3 rxpend=0000
[  76.098] [transport] captured=5843 flushed=5843 received=5729 accepted=1076 payload2=919 payload3=7 payload4=15 payload5=25 pump_reads=5609 bursts=1118 txcredit=0 outq=0 inq=0 watchdog=11 txseq=5e rxseq=34 rxcredit=0 protection=00 checks=0000
[  76.098] [epochs] local=1 peer=1 ready=true discarded_rx=0
[  76.098] [tcb-continuations] ffa580=ff80->018392 sleep=0 local26=7710 ffa5c0=ff80->01853c sleep=0 local26=1a00 ffd040=ffc0->00ee8a sleep=0 local26=0000 ffd080=ffc0->00504e sleep=0 local26=5c00 ffd0c0=ffc0->00504e sleep=0 local26=5c00 ffd100=ffc0->008082 sleep=0 local26=030b ffd140=ff80->006782 sleep=0 local26=0000 ffd180=ffc0->00f2e4 sleep=0 local26=a300 ffd1c0=ffc0->00f1e0 sleep=0 local26=0000 ffd200=ff80->007944 sleep=0 local26=0000 ffd240=ff80->007d70 sleep=0 local26=0000 ffd280=ff80->007944 sleep=0 local26=0000 ffd2c0=ff80->007d70 sleep=0 local26=0000 ffd400=ffc0->00f1e0 sleep=0 local26=0000 ffd440=ffc0->00ff8e sleep=0 local26=0000
[  76.651]   [header-byte] write $ffa517 = 11 mask=00ff (pc=018446)
[  77.099] heartbeat frame=4620 tx=5849 rx=5732 fc=1 fd=10 fe=1 linkflag=82 pc=000288 a502=00 a524=0000 a525=00 a170=87 a17f=00 txtail=00d9 rxpend=0000
[  77.099] [transport] captured=5849 flushed=5849 received=5732 accepted=1077 payload2=919 payload3=7 payload4=15 payload5=25 pump_reads=5670 bursts=1120 txcredit=0 outq=0 inq=0 watchdog=26 txseq=60 rxseq=35 rxcredit=0 protection=00 checks=0000
[  77.099] [epochs] local=1 peer=1 ready=true discarded_rx=0
[  77.099] [tcb-continuations] ffa580=ff80->018392 sleep=0 local26=7710 ffa5c0=ff80->01853c sleep=0 local26=1a00 ffd040=ffc0->00ee8a sleep=0 local26=0000 ffd080=ffc0->00504e sleep=0 local26=9800 ffd0c0=ffc0->00504e sleep=0 local26=3200 ffd100=ffc0->008082 sleep=0 local26=020b ffd140=ff80->006782 sleep=0 local26=0000 ffd180=ffc0->00f2e4 sleep=0 local26=df00 ffd1c0=ffc0->00f1e0 sleep=0 local26=0000 ffd200=ff80->007944 sleep=0 local26=0000 ffd240=ff80->007d70 sleep=0 local26=0000 ffd280=ff80->007944 sleep=0 local26=0000 ffd2c0=ff80->007d70 sleep=0 local26=0000 ffd400=ffc0->00f1e0 sleep=0 local26=0000 ffd440=ffc0->00ff8e sleep=0 local26=0000
[  77.151]   [header-byte] write $ffa517 = 11 mask=00ff (pc=018446)
[  77.653]   [header-byte] write $ffa517 = 11 mask=00ff (pc=018446)
[  78.101] heartbeat frame=4680 tx=5855 rx=5738 fc=1 fd=10 fe=1 linkflag=82 pc=000288 a502=00 a524=0000 a525=00 a170=87 a17f=00 txtail=00df rxpend=0000
[  78.101] [transport] captured=5855 flushed=5855 received=5738 accepted=1079 payload2=919 payload3=7 payload4=15 payload5=25 pump_reads=5732 bursts=1122 txcredit=0 outq=0 inq=0 watchdog=26 txseq=62 rxseq=37 rxcredit=0 protection=00 checks=0000
[  78.101] [epochs] local=1 peer=1 ready=true discarded_rx=0
[  78.101] [tcb-continuations] ffa580=ff80->018392 sleep=0 local26=7710 ffa5c0=ff80->01853c sleep=0 local26=1a00 ffd040=ffc0->00ee8a sleep=0 local26=0000 ffd080=ffc0->00504e sleep=0 local26=d400 ffd0c0=ffc0->00504e sleep=0 local26=0800 ffd100=ffc0->008082 sleep=0 local26=010b ffd140=ff80->006782 sleep=0 local26=0000 ffd180=ffc0->00f2e4 sleep=0 local26=1b00 ffd1c0=ffc0->00f1e0 sleep=0 local26=0000 ffd200=ff80->007944 sleep=0 local26=0000 ffd240=ff80->007d70 sleep=0 local26=0000 ffd280=ff80->007944 sleep=0 local26=0000 ffd2c0=ff80->007d70 sleep=0 local26=0000 ffd400=ffc0->00f1e0 sleep=0 local26=0000 ffd440=ffc0->00ff8e sleep=0 local26=0000
[  78.453]   [header-byte] write $ffa517 = 11 mask=00ff (pc=018446)
[  78.453] [packet-accepted] total=1080 seq=37 flags=00 status=11 pc=01845e
[  78.954]   [header-byte] write $ffa517 = 11 mask=00ff (pc=018446)
[  79.102] heartbeat frame=4740 tx=5861 rx=5744 fc=1 fd=10 fe=1 linkflag=82 pc=00028a a502=00 a524=0000 a525=00 a170=87 a17f=00 txtail=00e5 rxpend=0000
[  79.102] [transport] captured=5861 flushed=5861 received=5744 accepted=1081 payload2=919 payload3=7 payload4=15 payload5=25 pump_reads=5794 bursts=1124 txcredit=0 outq=0 inq=0 watchdog=8 txseq=64 rxseq=39 rxcredit=0 protection=00 checks=0000
[  79.102] [epochs] local=1 peer=1 ready=true discarded_rx=0
[  79.102] [tcb-continuations] ffa580=ff80->018392 sleep=0 local26=7710 ffa5c0=ff80->01853c sleep=0 local26=1a00 ffd040=ffc0->00ee8a sleep=0 local26=0000 ffd080=ffc0->00504e sleep=0 local26=1000 ffd0c0=ffc0->005096 sleep=0 local26=0000 ffd100=ffc0->008082 sleep=0 local26=010b ffd140=ff80->006782 sleep=0 local26=0000 ffd180=ffc0->00f2e4 sleep=0 local26=5700 ffd1c0=ffc0->00f1e0 sleep=0 local26=0000 ffd200=ff80->007944 sleep=0 local26=0000 ffd240=ff80->007d70 sleep=0 local26=0000 ffd280=ff00->0079fe sleep=20 local26=0001 ffd2c0=ff00->0079fe sleep=21 local26=0000 ffd400=ffc0->00f1e0 sleep=0 local26=0000 ffd440=ffc0->00ff8e sleep=0 local26=0000
[  79.321] [attack-state] address=ffa7e4 data=8080 mask=ff00 pc=0050ce protection=00
[  79.455]   [header-byte] write $ffa517 = 11 mask=00ff (pc=018446)
[  79.955]   [header-byte] write $ffa517 = 11 mask=00ff (pc=018446)
[  80.103] heartbeat frame=4800 tx=5867 rx=5750 fc=1 fd=10 fe=1 linkflag=82 pc=000288 a502=00 a524=0000 a525=00 a170=87 a17f=00 txtail=00eb rxpend=0000
[  80.103] [transport] captured=5867 flushed=5867 received=5750 accepted=1083 payload2=919 payload3=7 payload4=15 payload5=25 pump_reads=5856 bursts=1126 txcredit=0 outq=0 inq=0 watchdog=8 txseq=66 rxseq=3b rxcredit=0 protection=00 checks=0000
[  80.103] [epochs] local=1 peer=1 ready=true discarded_rx=0
[  80.103] [tcb-continuations] ffa580=ff80->018392 sleep=0 local26=7710 ffa5c0=ff80->01853c sleep=0 local26=1a00 ffd040=ffc0->00ee8a sleep=0 local26=0000 ffd080=ffc0->00504e sleep=0 local26=4c00 ffd0c0=ffc0->00504e sleep=0 local26=2900 ffd100=ffc0->008082 sleep=0 local26=000b ffd140=ff80->006782 sleep=0 local26=0000 ffd180=ffc0->00f2e4 sleep=0 local26=9300 ffd1c0=ffc0->00f1e0 sleep=0 local26=0000 ffd200=ff80->007944 sleep=0 local26=0000 ffd240=ff80->007d70 sleep=0 local26=0000 ffd300=ff80->007944 sleep=0 local26=0000 ffd340=ff80->007d70 sleep=0 local26=0000 ffd400=ffc0->00f1e0 sleep=0 local26=0000 ffd440=ffc0->00ff8e sleep=0 local26=0000
[  80.456]   [header-byte] write $ffa517 = 11 mask=00ff (pc=018446)
[  80.957]   [header-byte] write $ffa517 = 11 mask=00ff (pc=018446)
[  81.104] heartbeat frame=4860 tx=5873 rx=5756 fc=1 fd=10 fe=1 linkflag=82 pc=000288 a502=00 a524=0000 a525=00 a170=87 a17f=00 txtail=00f1 rxpend=0000
[  81.104] [transport] captured=5873 flushed=5873 received=5756 accepted=1085 payload2=919 payload3=7 payload4=15 payload5=25 pump_reads=5918 bursts=1128 txcredit=0 outq=0 inq=0 watchdog=8 txseq=68 rxseq=3d rxcredit=0 protection=00 checks=0000
[  81.104] [epochs] local=1 peer=1 ready=true discarded_rx=0
[  81.104] [tcb-continuations] ffa580=ff80->018392 sleep=0 local26=7710 ffa5c0=ff80->01853c sleep=0 local26=1a00 ffd040=ffc0->00ee8a sleep=0 local26=0000 ffd080=ffc0->00504e sleep=0 local26=8800 ffd0c0=ffc0->00504e sleep=0 local26=6500 ffd100=ffc0->008082 sleep=0 local26=000b ffd140=ff80->006782 sleep=0 local26=0000 ffd180=ffc0->00f2e4 sleep=0 local26=cf00 ffd1c0=ffc0->00f1e0 sleep=0 local26=0000 ffd200=ff80->007944 sleep=0 local26=0001 ffd240=ff80->007d70 sleep=0 local26=0000 ffd300=ff80->007944 sleep=0 local26=0000 ffd340=ff80->007d70 sleep=0 local26=0000 ffd400=ffc0->00f1e0 sleep=0 local26=0000 ffd440=ffc0->00ff8e sleep=0 local26=0000
[  81.457]   [header-byte] write $ffa517 = 11 mask=00ff (pc=018446)
[  81.941] [attack-state] address=ffa7e0 data=8080 mask=ff00 pc=0050ce protection=00
[  82.106] heartbeat frame=4920 tx=5879 rx=5759 fc=1 fd=10 fe=1 linkflag=82 pc=000288 a502=00 a524=0000 a525=00 a170=87 a17f=00 txtail=00f7 rxpend=0000
[  82.106] [transport] captured=5879 flushed=5879 received=5759 accepted=1086 payload2=919 payload3=7 payload4=15 payload5=25 pump_reads=5979 bursts=1130 txcredit=0 outq=0 inq=0 watchdog=38 txseq=6a rxseq=3e rxcredit=0 protection=00 checks=0000
[  82.106] [epochs] local=1 peer=1 ready=true discarded_rx=0
[  82.106] [tcb-continuations] ffa580=ff80->018392 sleep=0 local26=7710 ffa5c0=ff80->01853c sleep=0 local26=1a00 ffd040=ffc0->00ee8a sleep=0 local26=0000 ffd080=ffc0->00504e sleep=0 local26=0400 ffd0c0=ffc0->00504e sleep=0 local26=3000 ffd100=ffc0->008082 sleep=0 local26=00ff ffd140=ff80->006782 sleep=0 local26=0000 ffd180=ffc0->00f2e4 sleep=0 local26=0b00 ffd1c0=ffc0->00f1e0 sleep=0 local26=0000 ffd200=ff00->007a24 sleep=0 local26=0601 ffd240=ff00->007a24 sleep=0 local26=0400 ffd280=ff80->007944 sleep=0 local26=0000 ffd2c0=ff80->007d70 sleep=0 local26=0000 ffd300=ff80->007944 sleep=0 local26=0000 ffd340=ff80->007d70 sleep=0 local26=0000 ffd400=ffc0->00f1e0 sleep=0 local26=0000 ffd440=ffc0->00ff8e sleep=0 local26=0000
[  82.208]   [header-byte] write $ffa517 = 11 mask=00ff (pc=018446)
[  82.709]   [header-byte] write $ffa517 = 11 mask=00ff (pc=018446)
[  83.107] heartbeat frame=4980 tx=5885 rx=5765 fc=1 fd=10 fe=1 linkflag=82 pc=000288 a502=00 a524=0000 a525=00 a170=87 a17f=00 txtail=00fd rxpend=0000
[  83.107] [transport] captured=5885 flushed=5885 received=5765 accepted=1088 payload2=919 payload3=7 payload4=15 payload5=25 pump_reads=6041 bursts=1132 txcredit=0 outq=0 inq=0 watchdog=23 txseq=6c rxseq=40 rxcredit=0 protection=00 checks=0000
[  83.107] [epochs] local=1 peer=1 ready=true discarded_rx=0
[  83.107] [tcb-continuations] ffa580=ff80->018392 sleep=0 local26=7710 ffa5c0=ff80->01853c sleep=0 local26=1a00 ffd040=ffc0->00ee8a sleep=0 local26=0000 ffd080=ffc0->00504e sleep=0 local26=4000 ffd0c0=ffc0->00504e sleep=0 local26=0080 ffd100=ffc0->008082 sleep=0 local26=0307 ffd140=ff80->006782 sleep=0 local26=0000 ffd180=ffc0->00f2e4 sleep=0 local26=4700 ffd1c0=ffc0->00f1e0 sleep=0 local26=0000 ffd280=ff80->007944 sleep=0 local26=0000 ffd2c0=ff80->007d70 sleep=0 local26=0000 ffd300=ff80->007944 sleep=0 local26=0000 ffd340=ff80->007d70 sleep=0 local26=0000 ffd400=ffc0->00f1e0 sleep=0 local26=0000 ffd440=ffc0->00ff8e sleep=0 local26=0000
[  83.210]   [header-byte] write $ffa517 = 11 mask=00ff (pc=018446)
[  83.711]   [header-byte] write $ffa517 = 11 mask=00ff (pc=018446)
[  84.108] heartbeat frame=5040 tx=5891 rx=5771 fc=1 fd=10 fe=1 linkflag=82 pc=000288 a502=00 a524=0000 a525=00 a170=87 a17f=00 txtail=0003 rxpend=0000
[  84.108] [transport] captured=5891 flushed=5891 received=5771 accepted=1090 payload2=919 payload3=7 payload4=15 payload5=25 pump_reads=6103 bursts=1134 txcredit=0 outq=0 inq=0 watchdog=23 txseq=6e rxseq=42 rxcredit=0 protection=00 checks=0000
[  84.108] [epochs] local=1 peer=1 ready=true discarded_rx=0
[  84.108] [tcb-continuations] ffa580=ff80->018392 sleep=0 local26=7710 ffa5c0=ff80->01853c sleep=0 local26=1a00 ffd040=ffc0->00ee8a sleep=0 local26=0000 ffd080=ffc0->00504e sleep=0 local26=7c00 ffd0c0=ffc0->00504e sleep=0 local26=1400 ffd100=ffc0->008082 sleep=0 local26=0307 ffd140=ff80->006782 sleep=0 local26=0000 ffd180=ffc0->00f2e4 sleep=0 local26=8300 ffd1c0=ffc0->00f1e0 sleep=0 local26=0000 ffd200=ff80->007944 sleep=0 local26=0000 ffd240=ff80->007d70 sleep=0 local26=0000 ffd280=ff80->007944 sleep=0 local26=0000 ffd2c0=ff80->007d70 sleep=0 local26=0000 ffd300=ff00->007a24 sleep=0 local26=0201 ffd340=ff00->007a24 sleep=0 local26=0200 ffd400=ffc0->00f1e0 sleep=0 local26=0000 ffd440=ffc0->00ff8e sleep=0 local26=0000 ffe000=ff00->0070c2 sleep=0 local26=4c00
[  84.211]   [header-byte] write $ffa517 = 11 mask=00ff (pc=018446)
[  84.712]   [header-byte] write $ffa517 = 11 mask=00ff (pc=018446)
[  85.110] heartbeat frame=5100 tx=5897 rx=5777 fc=1 fd=10 fe=1 linkflag=82 pc=000288 a502=00 a524=0000 a525=00 a170=87 a17f=00 txtail=0009 rxpend=0000
[  85.110] [transport] captured=5897 flushed=5897 received=5777 accepted=1092 payload2=919 payload3=7 payload4=15 payload5=25 pump_reads=6165 bursts=1136 txcredit=0 outq=0 inq=0 watchdog=23 txseq=70 rxseq=44 rxcredit=0 protection=00 checks=0000
[  85.110] [epochs] local=1 peer=1 ready=true discarded_rx=0
[  85.110] [tcb-continuations] ffa580=ff80->018392 sleep=0 local26=7710 ffa5c0=ff80->01853c sleep=0 local26=1a00 ffd040=ffc0->00ee8a sleep=0 local26=0000 ffd080=ffc0->00504e sleep=0 local26=b800 ffd0c0=ffc0->00504e sleep=0 local26=5000 ffd100=ffc0->008082 sleep=0 local26=0207 ffd140=ff80->006782 sleep=0 local26=0000 ffd180=ffc0->00f2e4 sleep=0 local26=bf00 ffd1c0=ffc0->00f1e0 sleep=0 local26=0000 ffd200=ff80->007944 sleep=0 local26=0000 ffd240=ff80->007d70 sleep=0 local26=0000 ffd280=ff80->007944 sleep=0 local26=0000 ffd2c0=ff80->007d70 sleep=0 local26=0000 ffd400=ffc0->00f1e0 sleep=0 local26=0000 ffd440=ffc0->00ff8e sleep=0 local26=0000 ffe000=ff00->0070c2 sleep=0 local26=4c00
[  85.214]   [header-byte] write $ffa517 = 11 mask=00ff (pc=018446)
[  86.111] heartbeat frame=5160 tx=5903 rx=5780 fc=1 fd=10 fe=1 linkflag=82 pc=00028a a502=00 a524=0000 a525=00 a170=87 a17f=00 txtail=000f rxpend=0000
[  86.111] [transport] captured=5903 flushed=5903 received=5780 accepted=1093 payload2=919 payload3=7 payload4=15 payload5=25 pump_reads=6226 bursts=1138 txcredit=0 outq=0 inq=0 watchdog=53 txseq=72 rxseq=45 rxcredit=0 protection=00 checks=0000
[  86.111] [epochs] local=1 peer=1 ready=true discarded_rx=0
[  86.111] [tcb-continuations] ffa580=ff80->018392 sleep=0 local26=7710 ffa5c0=ff80->01853c sleep=0 local26=1a00 ffd040=ffc0->00ee8a sleep=0 local26=0000 ffd080=ffc0->00504e sleep=0 local26=f400 ffd0c0=ffc0->00504e sleep=0 local26=3000 ffd100=ffc0->008082 sleep=0 local26=0107 ffd140=ff80->006782 sleep=0 local26=0000 ffd180=ffc0->00f2e4 sleep=0 local26=fb00 ffd1c0=ffc0->00f1e0 sleep=0 local26=0000 ffd200=ff80->007944 sleep=0 local26=0001 ffd240=ff80->007d70 sleep=0 local26=0000 ffd280=ff80->007944 sleep=0 local26=0000 ffd2c0=ff80->007d70 sleep=0 local26=0000 ffd400=ffc0->00f1e0 sleep=0 local26=0000 ffd440=ffc0->00ff8e sleep=0 local26=0000 ffe000=ff00->0070c2 sleep=0 local26=4c00
[  87.112] heartbeat frame=5220 tx=5909 rx=5780 fc=1 fd=10 fe=1 linkflag=82 pc=000288 a502=00 a524=0000 a525=00 a170=87 a17f=00 txtail=0015 rxpend=0000
[  87.112] [transport] captured=5909 flushed=5909 received=5780 accepted=1093 payload2=919 payload3=7 payload4=15 payload5=25 pump_reads=6286 bursts=1140 txcredit=0 outq=0 inq=0 watchdog=113 txseq=74 rxseq=45 rxcredit=0 protection=00 checks=0000
[  87.112] [epochs] local=1 peer=1 ready=true discarded_rx=0
[  87.112] [tcb-continuations] ffa580=ff80->018392 sleep=0 local26=7710 ffa5c0=ff80->01853c sleep=0 local26=1a00 ffd040=ffc0->00ee8a sleep=0 local26=0000 ffd080=ffc0->00504e sleep=0 local26=3000 ffd0c0=ffc0->0050b6 sleep=3 local26=0000 ffd100=ffc0->008082 sleep=0 local26=0107 ffd140=ff80->006782 sleep=0 local26=0000 ffd180=ffc0->00f2e4 sleep=0 local26=3700 ffd1c0=ffc0->00f1e0 sleep=0 local26=0000 ffd200=ff00->0079fe sleep=11 local26=0001 ffd240=ff00->0079fe sleep=3 local26=0000 ffd280=ff80->007944 sleep=0 local26=0000 ffd2c0=ff80->007d70 sleep=0 local26=0000 ffd400=ffc0->00f1e0 sleep=0 local26=0000 ffd440=ffc0->00ff8e sleep=0 local26=0000 ffe000=ff00->0070c2 sleep=0 local26=3600
[  88.113] heartbeat frame=5280 tx=5915 rx=5780 fc=1 fd=10 fe=1 linkflag=82 pc=00028a a502=00 a524=0000 a525=00 a170=87 a17f=00 txtail=001b rxpend=0000
[  88.113] [transport] captured=5915 flushed=5915 received=5780 accepted=1093 payload2=919 payload3=7 payload4=15 payload5=25 pump_reads=6346 bursts=1142 txcredit=0 outq=0 inq=0 watchdog=173 txseq=76 rxseq=45 rxcredit=0 protection=00 checks=0000
[  88.113] [epochs] local=1 peer=1 ready=true discarded_rx=0
[  88.113] [tcb-continuations] ffa580=ff80->018392 sleep=0 local26=7710 ffa5c0=ff80->01853c sleep=0 local26=1a00 ffd040=ffc0->00ee8a sleep=0 local26=0000 ffd080=ffc0->00504e sleep=0 local26=6c00 ffd0c0=ffc0->00504e sleep=0 local26=3300 ffd100=ffc0->008082 sleep=0 local26=0007 ffd140=ff80->006782 sleep=0 local26=0000 ffd180=ffc0->00f2e4 sleep=0 local26=7300 ffd1c0=ffc0->00f1e0 sleep=0 local26=0000 ffd280=ff80->007944 sleep=0 local26=0001 ffd2c0=ff80->007d70 sleep=0 local26=0000 ffd300=ff80->007944 sleep=0 local26=0000 ffd340=ff80->007d70 sleep=0 local26=0000 ffd400=ffc0->00f1e0 sleep=0 local26=0000 ffd440=ffc0->00ff8e sleep=0 local26=0000 ffe000=ff00->0070c2 sleep=0 local26=3600
[  89.115] heartbeat frame=5340 tx=5921 rx=5780 fc=1 fd=10 fe=1 linkflag=82 pc=00028a a502=00 a524=0000 a525=00 a170=87 a17f=00 txtail=0021 rxpend=0000
[  89.115] [transport] captured=5921 flushed=5921 received=5780 accepted=1093 payload2=919 payload3=7 payload4=15 payload5=25 pump_reads=6406 bursts=1144 txcredit=0 outq=0 inq=0 watchdog=233 txseq=78 rxseq=45 rxcredit=0 protection=00 checks=0000
[  89.115] [epochs] local=1 peer=1 ready=true discarded_rx=0
[  89.115] [tcb-continuations] ffa580=ff80->018392 sleep=0 local26=7710 ffa5c0=ff80->01853c sleep=0 local26=1a00 ffd040=ffc0->00ee8a sleep=0 local26=0000 ffd080=ffc0->00504e sleep=0 local26=0800 ffd0c0=ffc0->00504e sleep=0 local26=2000 ffd100=ffc0->008082 sleep=0 local26=00ff ffd140=ff80->006782 sleep=0 local26=0000 ffd180=ffc0->00f2e4 sleep=0 local26=af00 ffd1c0=ffc0->00f1e0 sleep=0 local26=0000 ffd200=ff80->007944 sleep=0 local26=0000 ffd240=ff80->007d70 sleep=0 local26=0000 ffd280=ff00->007a24 sleep=0 local26=0501 ffd2c0=ff00->007a24 sleep=0 local26=0300 ffd300=ff80->007944 sleep=0 local26=0000 ffd340=ff80->007d70 sleep=0 local26=0000 ffd400=ffc0->00f1e0 sleep=0 local26=0000 ffd440=ffc0->00ff8e sleep=0 local26=0000
[  90.016] === session stop ===
