[   0.000] === session start, version=0.6.1 side=A debug=true ===
[   0.000] [rom-guards] cpld_compare=b202 garbage_divisor=323c,ffff
[   0.000] taps installed; out=C:\Users\tbend\mame\PuyoPuyo2\run_latejoin_start1_03_20260911\A_to_B.bin in=C:\Users\tbend\mame\PuyoPuyo2\run_latejoin_start1_03_20260911\B_to_A.bin
[   0.000] SERVICE port fields: Service Mode | 1 Player Start | Coin 2 | 2 Players Start | Coin 1 | Service 1
[   0.017] [attack-state] address=ffa7f0 data=0000 mask=ffff pc=0181b6 protection=00
[   0.017] [attack-state] address=ffa7f8 data=0000 mask=ffff pc=0181c2 protection=00
[   0.017] [link-state] data=0000 mask=ffff pc=0181ec watchdog=102 expect=0f rxhead=0025 rxtail=0025 rxpend=0000
[   0.017] [protection-state] address=ffa020 data=ff00 mask=ffff pc=000932
[   0.017]   [menu-state] write $ffa172 = 0000 mask=ffff (pc=019320)
[   0.017]   [menu-state] write $ffa170 = 0000 mask=ffff (pc=019320)
[   0.017]   [menu-state] write $ffa17c = 0000 mask=ff00 (pc=019326)
[   0.017]   [menu-state] write $ffa17f = 0000 mask=00ff (pc=01932c)
[   0.017]   [menu-state] write $ffa176 = 0000 mask=ff00 (pc=01afde)
[   0.017]   [header-byte] write $ffa513 = 00 mask=00ff (pc=01afe6)
[   0.017] [protection-checksum] data=0000 mask=ff00 pc=00040e
[   0.017] [protection-checksum] data=0000 mask=00ff pc=000414
[   0.018] [protection-state] address=ffa020 data=0000 mask=ff00 pc=000948
[   0.027]   [menu-state] write $ffa170 = 0000 mask=ff00 (pc=018062)
[   0.027]   [menu-state] write $ffa176 = 0000 mask=ff00 (pc=01afde)
[   0.027]   [header-byte] write $ffa513 = 00 mask=00ff (pc=01afe6)
[   0.162] CONTROL reset pulse start (pc=01823e, prev_bank=cmd)
[   0.162] [reset] discarded tx=0 rx=0
[   0.162] [epoch-reset] local=1 peer=0 queued_rx=0
[   0.401] [link-state] data=7f7f mask=ff00 pc=018334 watchdog=102 expect=0f rxhead=0000 rxtail=0000 rxpend=0000
[   1.001] heartbeat frame=60 tx=0 rx=0 fc=1 fd=10 fe=0 linkflag=7f pc=000288 a502=80 a524=0000 a525=00 a170=00 a17f=00 txtail=0000 rxpend=0000
[   1.001] [transport] captured=0 flushed=0 received=0 accepted=0 payload2=0 payload3=0 payload4=0 payload5=0 pump_reads=0 bursts=0 txcredit=255 outq=0 inq=0 watchdog=102 txseq=6d rxseq=0f rxcredit=0 protection=00 checks=0000
[   1.001] [epochs] local=1 peer=0 ready=false discarded_rx=0
[   1.001] [game-state] a142=04 a13e=02 a13f=05 a530=0b22 a506=00 a507=00 a508=01 a7b0=0000 a7a6=0000 script=019f80 mode=01 rule=01 base=70 margin=6 difficulty=0 preset=0
[   1.001] [tcb-continuations] ffa580=ff80->01833a sleep=0 local26=7710 ffa5c0=0000->000000 sleep=0 local26=0000 ffd100=ff80->01b388 sleep=129 local26=0000
[   1.018] [protection-state] address=ffa020 data=0101 mask=ff00 pc=000948
[   1.018] [protection-state] address=ffa020 data=0101 mask=00ff pc=000952
[   1.035] [protection-state] address=ffa020 data=0000 mask=00ff pc=000952
[   1.068] [protection-state] address=ffa020 data=0000 mask=ff00 pc=000948
[   1.268] [protection-state] address=ffa020 data=0101 mask=ff00 pc=000948
[   1.268] [protection-state] address=ffa020 data=0101 mask=00ff pc=000952
[   1.285] [protection-state] address=ffa020 data=0000 mask=00ff pc=000952
[   1.318] [protection-state] address=ffa020 data=0000 mask=ff00 pc=000948
[   1.519] [protection-state] address=ffa020 data=0101 mask=ff00 pc=000948
[   1.519] [protection-state] address=ffa020 data=0101 mask=00ff pc=000952
[   1.535] [protection-state] address=ffa020 data=0000 mask=00ff pc=000952
[   1.569] [protection-state] address=ffa020 data=0000 mask=ff00 pc=000948
[   1.769] [protection-state] address=ffa020 data=0101 mask=ff00 pc=000948
[   1.769] [protection-state] address=ffa020 data=0101 mask=00ff pc=000952
[   1.786] [protection-state] address=ffa020 data=0000 mask=00ff pc=000952
[   1.819] [protection-state] address=ffa020 data=0000 mask=ff00 pc=000948
[   2.003] heartbeat frame=120 tx=0 rx=0 fc=1 fd=10 fe=0 linkflag=7f pc=00028a a502=80 a524=0000 a525=00 a170=00 a17f=00 txtail=0000 rxpend=0000
[   2.003] [transport] captured=0 flushed=0 received=0 accepted=0 payload2=0 payload3=0 payload4=0 payload5=0 pump_reads=0 bursts=0 txcredit=255 outq=0 inq=0 watchdog=102 txseq=6d rxseq=0f rxcredit=0 protection=00 checks=0000
[   2.003] [epochs] local=1 peer=0 ready=false discarded_rx=0
[   2.003] [tcb-continuations] ffa580=ff80->01833a sleep=0 local26=7710 ffa5c0=0000->000000 sleep=0 local26=0000 ffd100=ff80->01b388 sleep=69 local26=0000
[   2.520] [protection-state] address=ffa020 data=1010 mask=ff00 pc=000948
[   2.520] [protection-state] address=ffa020 data=1010 mask=00ff pc=000952
[   2.537] [protection-state] address=ffa020 data=0000 mask=00ff pc=000952
[   2.570] [protection-state] address=ffa020 data=0000 mask=ff00 pc=000948
[   3.004] heartbeat frame=180 tx=0 rx=0 fc=1 fd=10 fe=0 linkflag=7f pc=00028a a502=80 a524=0000 a525=00 a170=00 a17f=00 txtail=0000 rxpend=0000
[   3.004] [transport] captured=0 flushed=0 received=0 accepted=0 payload2=0 payload3=0 payload4=0 payload5=0 pump_reads=0 bursts=0 txcredit=255 outq=0 inq=0 watchdog=102 txseq=6d rxseq=0f rxcredit=0 protection=00 checks=0000
[   3.004] [epochs] local=1 peer=0 ready=false discarded_rx=0
[   3.004] [tcb-continuations] ffa580=ff80->01833a sleep=0 local26=7710 ffa5c0=0000->000000 sleep=0 local26=0000 ffd100=ff80->01b388 sleep=9 local26=0000
[   3.262]   [menu-state] write $ffa170 = 0909 mask=ff00 (pc=018062)
[   3.262]   [menu-state] write $ffa176 = 0000 mask=ff00 (pc=01afde)
[   3.262]   [header-byte] write $ffa513 = 00 mask=00ff (pc=01afe6)
[   3.262]   [header-byte] write $ffa513 = 01 mask=00ff (pc=01b034)
[   3.294] [protection-checksum] data=0101 mask=00ff pc=01b0bc
[   3.294] [protection-checksum] data=0000 mask=00ff pc=01b11a
[   3.521] [protection-state] address=ffa020 data=1010 mask=ff00 pc=000948
[   3.521] [protection-state] address=ffa020 data=1010 mask=00ff pc=000952
[   3.538] [protection-state] address=ffa020 data=0000 mask=00ff pc=000952
[   3.572] [protection-state] address=ffa020 data=0000 mask=ff00 pc=000948
[   3.638] [peer-reset] old=0 new=1 local=1 queued_rx=0
[   3.889] [epoch-ready] local=1 peer=1
[   3.889] CMD $FE -> cabinet role=1 (ROM linkflag=81)
[   3.889] [link-state] data=8181 mask=ff00 pc=018358 watchdog=102 expect=0f rxhead=0000 rxtail=0000 rxpend=0000
[   3.890]   [header-byte] write $ffa513 = 00 mask=00ff (pc=01afe6)
[   3.890]   [header-byte] write $ffa513 = 01 mask=00ff (pc=01b034)
[   3.906]   [menu-state] write $ffa173 = 8080 mask=00ff (pc=01939c)
[   3.906]   [menu-state] write $ffa171 = 8080 mask=00ff (pc=019466)
[   3.906]   [header-byte] write $ffa513 = 01 mask=00ff (pc=019e4a)
[   3.906]   [header-byte] write $ffa513 = 11 mask=00ff (pc=019e5a)
[   3.906]   [header-byte] write $ffa513 = 00 mask=00ff (pc=01afe6)
[   3.906]   [header-byte] write $ffa513 = 10 mask=00ff (pc=01affe)
[   3.906]   [header-byte] write $ffa513 = 11 mask=00ff (pc=01b034)
[   3.923]   [header-byte] write $ffa517 = 00 mask=00ff (pc=018446)
[   3.923] [packet-accepted] total=1 seq=00 flags=00 status=00 pc=01845e
[   3.939]   [header-byte] write $ffa517 = 10 mask=00ff (pc=018446)
[   3.939] [packet-accepted] total=2 seq=01 flags=00 status=10 pc=01845e
[   3.956]   [header-byte] write $ffa517 = 00 mask=00ff (pc=018446)
[   3.956] [packet-accepted] total=3 seq=02 flags=00 status=00 pc=01845e
[   3.990]   [header-byte] write $ffa517 = 10 mask=00ff (pc=018446)
[   3.990] [packet-accepted] total=4 seq=03 flags=00 status=10 pc=01845e
[   4.005] heartbeat frame=240 tx=6 rx=12 fc=1 fd=10 fe=1 linkflag=81 pc=000288 a502=00 a524=0000 a525=00 a170=09 a17f=00 txtail=0006 rxpend=0000
[   4.005] [transport] captured=6 flushed=6 received=12 accepted=4 payload2=0 payload3=0 payload4=0 payload5=0 pump_reads=10 bursts=2 txcredit=0 outq=0 inq=0 watchdog=0 txseq=02 rxseq=04 rxcredit=0 protection=00 checks=0000
[   4.005] [epochs] local=1 peer=1 ready=true discarded_rx=0
[   4.005] [game-state] a142=04 a13e=02 a13f=05 a530=0b22 a506=00 a507=00 a508=01 a7b0=0000 a7a6=0000 script=01a008 mode=00 rule=01 base=70 margin=6 difficulty=0 preset=0
[   4.005] [tcb-continuations] ffa580=ff80->018392 sleep=0 local26=7710 ffa5c0=ff80->01853c sleep=0 local26=0500 ffd100=ff80->01b4ee sleep=0 local26=0000
[   4.120]   [menu-state] write $ffa170 = 0808 mask=ff00 (pc=018062)
[   4.120]   [menu-state] write $ffa176 = 0000 mask=ff00 (pc=01afde)
[   4.120]   [header-byte] write $ffa513 = 00 mask=00ff (pc=01afe6)
[   4.120]   [header-byte] write $ffa513 = 10 mask=00ff (pc=01affe)
[   4.120]   [header-byte] write $ffa513 = 11 mask=00ff (pc=01b034)
[   4.120] [game-command] data=0303 mask=ff00 pc=0188d8 requests=80
[   4.148]   [header-byte] write $ffa513 = 13 mask=00ff (pc=0189b4)
[   4.148]   [menu-state] write $ffa17f = 0000 mask=00ff (pc=0189c2)
[   4.497]   [header-byte] write $ffa517 = 10 mask=00ff (pc=018446)
[   4.523] [protection-state] address=ffa020 data=2020 mask=ff00 pc=000948
[   4.523] [protection-state] address=ffa020 data=2020 mask=00ff pc=000952
[   4.539] [protection-state] address=ffa020 data=0000 mask=00ff pc=000952
[   4.573] [protection-state] address=ffa020 data=0000 mask=ff00 pc=000948
[   4.994]   [header-byte] write $ffa517 = 10 mask=00ff (pc=018446)
[   5.006] heartbeat frame=300 tx=12 rx=18 fc=1 fd=10 fe=1 linkflag=81 pc=000288 a502=00 a524=0000 a525=00 a170=08 a17f=00 txtail=000c rxpend=0000
[   5.006] [transport] captured=12 flushed=12 received=18 accepted=6 payload2=0 payload3=0 payload4=0 payload5=0 pump_reads=72 bursts=4 txcredit=0 outq=0 inq=0 watchdog=0 txseq=04 rxseq=06 rxcredit=0 protection=00 checks=0000
[   5.006] [epochs] local=1 peer=1 ready=true discarded_rx=0
[   5.006] [game-state] a142=04 a13e=01 a13f=01 a530=0322 a506=03 a507=00 a508=00 a7b0=0000 a7a6=0000 script=01a3ee mode=01 rule=01 base=70 margin=6 difficulty=0 preset=0
[   5.006] [tcb-continuations] ffa580=ff80->018392 sleep=0 local26=7710 ffa5c0=ff80->01853c sleep=0 local26=0500 ffd040=ff80->018a40 sleep=0 local26=0100 ffd080=ff80->01fe6e sleep=0 local26=0000 ffd0c0=ff80->018ee4 sleep=0 local26=0000 ffd100=ff80->01fbb4 sleep=0 local26=0000 ffd140=ff80->01fbb6 sleep=0 local26=0002 ffd180=ff80->01fbb6 sleep=0 local26=00a2 ffd1c0=ff80->01fbb6 sleep=0 local26=01c2 ffd200=ff80->01fbb6 sleep=0 local26=02e2 ffd240=ff80->01902e sleep=0 local26=0000 ffd280=ff80->01ffe2 sleep=0 local26=0000 ffd2c0=ff80->020004 sleep=0 local26=0002 ffd300=ff80->020004 sleep=0 local26=0000 ffd340=ff80->01febe sleep=0 local26=0000 ffd380=ff80->01fedc sleep=0 local26=0000
[   5.476]   [header-byte] write $ffa517 = 10 mask=00ff (pc=018446)
[   5.524] [protection-state] address=ffa020 data=2020 mask=ff00 pc=000948
[   5.524] [protection-state] address=ffa020 data=2020 mask=00ff pc=000952
[   5.541] [protection-state] address=ffa020 data=0000 mask=00ff pc=000952
[   5.574] [protection-state] address=ffa020 data=0000 mask=ff00 pc=000948
[   5.976]   [header-byte] write $ffa517 = 10 mask=00ff (pc=018446)
[   6.008] heartbeat frame=360 tx=18 rx=24 fc=1 fd=10 fe=1 linkflag=81 pc=00028a a502=00 a524=0000 a525=00 a170=08 a17f=00 txtail=0012 rxpend=0000
[   6.008] [transport] captured=18 flushed=18 received=24 accepted=8 payload2=0 payload3=0 payload4=0 payload5=0 pump_reads=134 bursts=6 txcredit=0 outq=0 inq=0 watchdog=1 txseq=06 rxseq=08 rxcredit=0 protection=00 checks=0000
[   6.008] [epochs] local=1 peer=1 ready=true discarded_rx=0
[   6.008] [game-state] a142=04 a13e=02 a13f=03 a530=0322 a506=03 a507=00 a508=00 a7b0=0000 a7a6=0000 script=01a3ee mode=01 rule=01 base=70 margin=6 difficulty=0 preset=0
[   6.008] [tcb-continuations] ffa580=ff80->018392 sleep=0 local26=7710 ffa5c0=ff80->01853c sleep=0 local26=0500 ffd040=ff80->018a40 sleep=0 local26=0100 ffd100=ff80->01fbb4 sleep=0 local26=0000 ffd140=ff80->01fbb6 sleep=0 local26=0002 ffd180=ff80->01fbb6 sleep=0 local26=00a2 ffd1c0=ff80->01fbb6 sleep=0 local26=01c2 ffd200=ff80->01fbb6 sleep=0 local26=02e2 ffd240=ff80->01902e sleep=0 local26=0000 ffd280=ff80->01ffe2 sleep=0 local26=0009 ffd2c0=ff80->020004 sleep=0 local26=0002 ffd300=ff80->020004 sleep=0 local26=0000
[   6.460]   [header-byte] write $ffa517 = 10 mask=00ff (pc=018446)
[   6.744]   [header-byte] write $ffa517 = 11 mask=00ff (pc=018446)
[   6.945]   [header-byte] write $ffa517 = 13 mask=00ff (pc=018446)
[   6.945] [game-command] data=3333 mask=ff00 pc=018ae0 requests=00
[   7.009] heartbeat frame=420 tx=39 rx=33 fc=1 fd=10 fe=1 linkflag=81 pc=000288 a502=00 a524=0005 a525=05 a170=08 a17f=00 txtail=0027 rxpend=0000
[   7.009] [transport] captured=39 flushed=39 received=33 accepted=11 payload2=0 payload3=0 payload4=0 payload5=0 pump_reads=197 bursts=11 txcredit=0 outq=0 inq=0 watchdog=3 txseq=0c rxseq=0b rxcredit=0 protection=00 checks=0000
[   7.009] [epochs] local=1 peer=1 ready=true discarded_rx=0
[   7.009] [game-state] a142=04 a13e=02 a13f=03 a530=3322 a506=03 a507=00 a508=00 a7b0=0000 a7a6=0000 script=01a3ee mode=01 rule=01 base=70 margin=6 difficulty=0 preset=0
[   7.009] [tcb-continuations] ffa580=ff80->018392 sleep=0 local26=7710 ffa5c0=ff80->01853c sleep=0 local26=0000 ffd040=ff80->018a40 sleep=0 local26=8300 ffd100=ff80->01fbb4 sleep=0 local26=0000 ffd140=ff80->01fbb6 sleep=0 local26=0002 ffd180=ff80->01fbb6 sleep=0 local26=00a2 ffd1c0=ff80->01fbb6 sleep=0 local26=01c2 ffd200=ff80->01fbb6 sleep=0 local26=02e2 ffd240=ff80->01902e sleep=0 local26=0000 ffd280=ff80->01ffe2 sleep=0 local26=0009 ffd2c0=ff80->020004 sleep=0 local26=0002 ffd300=ff80->020004 sleep=0 local26=0000
[   7.562]   [header-byte] write $ffa517 = 13 mask=00ff (pc=018446)
[   7.562] [packet-accepted] total=12 seq=0b flags=04 status=13 pc=01845e command=03 arg=22
[   7.579]   [header-byte] write $ffa517 = 13 mask=00ff (pc=018446)
[   7.579] [packet-accepted] total=13 seq=0c flags=04 status=13 pc=01845e command=03 arg=22
[   7.595]   [header-byte] write $ffa517 = 13 mask=00ff (pc=018446)
[   7.595] [packet-accepted] total=14 seq=0d flags=04 status=13 pc=01845e command=03 arg=22
[   7.612]   [header-byte] write $ffa517 = 13 mask=00ff (pc=018446)
[   7.612] [packet-accepted] total=15 seq=0e flags=04 status=13 pc=01845e command=03 arg=22
[   7.629]   [header-byte] write $ffa517 = 13 mask=00ff (pc=018446)
[   7.629] [packet-accepted] total=16 seq=0f flags=04 status=13 pc=01845e command=03 arg=22
[   7.645]   [header-byte] write $ffa517 = 13 mask=00ff (pc=018446)
[   7.645] [packet-accepted] total=17 seq=10 flags=04 status=13 pc=01845e command=03 arg=22
[   7.662]   [header-byte] write $ffa517 = 13 mask=00ff (pc=018446)
[   7.662] [packet-accepted] total=18 seq=11 flags=04 status=13 pc=01845e command=03 arg=22
[   7.681]   [header-byte] write $ffa517 = 13 mask=00ff (pc=018446)
[   7.681] [packet-accepted] total=19 seq=12 flags=04 status=13 pc=01845e command=03 arg=22
[   7.695]   [header-byte] write $ffa517 = 13 mask=00ff (pc=018446)
[   7.695] [packet-accepted] total=20 seq=13 flags=04 status=13 pc=01845e command=03 arg=22
[   7.712]   [header-byte] write $ffa517 = 13 mask=00ff (pc=018446)
[   7.712] [packet-accepted] total=21 seq=14 flags=04 status=13 pc=01845e command=03 arg=22
[   7.729]   [header-byte] write $ffa517 = 13 mask=00ff (pc=018446)
[   7.729] [packet-accepted] total=22 seq=15 flags=04 status=13 pc=01845e command=03 arg=22
[   7.746]   [header-byte] write $ffa517 = 13 mask=00ff (pc=018446)
[   7.746] [packet-accepted] total=23 seq=16 flags=04 status=13 pc=01845e command=03 arg=22
[   7.762]   [header-byte] write $ffa517 = 13 mask=00ff (pc=018446)
[   7.762] [packet-accepted] total=24 seq=17 flags=04 status=13 pc=01845e command=03 arg=22
[   7.779]   [header-byte] write $ffa517 = 13 mask=00ff (pc=018446)
[   7.779] [packet-accepted] total=25 seq=18 flags=04 status=13 pc=01845e command=03 arg=22
[   7.796]   [header-byte] write $ffa517 = 13 mask=00ff (pc=018446)
[   7.796] [packet-accepted] total=26 seq=19 flags=04 status=13 pc=01845e command=03 arg=22
[   7.812]   [header-byte] write $ffa517 = 13 mask=00ff (pc=018446)
[   7.812] [packet-accepted] total=27 seq=1a flags=04 status=13 pc=01845e command=03 arg=22
[   7.829]   [header-byte] write $ffa517 = 13 mask=00ff (pc=018446)
[   7.829] [packet-accepted] total=28 seq=1b flags=04 status=13 pc=01845e command=03 arg=22
[   7.846]   [header-byte] write $ffa517 = 13 mask=00ff (pc=018446)
[   7.846] [packet-accepted] total=29 seq=1c flags=04 status=13 pc=01845e command=03 arg=22
[   7.862]   [header-byte] write $ffa517 = 13 mask=00ff (pc=018446)
[   7.862] [packet-accepted] total=30 seq=1d flags=04 status=13 pc=01845e command=03 arg=22
[   7.879]   [header-byte] write $ffa517 = 13 mask=00ff (pc=018446)
[   7.879] [packet-accepted] total=31 seq=1e flags=04 status=13 pc=01845e command=03 arg=22
[   7.896]   [header-byte] write $ffa517 = 13 mask=00ff (pc=018446)
[   7.896] [packet-accepted] total=32 seq=1f flags=04 status=13 pc=01845e command=03 arg=22
[   7.912]   [header-byte] write $ffa517 = 13 mask=00ff (pc=018446)
[   7.912] [packet-accepted] total=33 seq=20 flags=04 status=13 pc=01845e command=03 arg=22
[   7.929]   [header-byte] write $ffa517 = 13 mask=00ff (pc=018446)
[   7.929] [packet-accepted] total=34 seq=21 flags=04 status=13 pc=01845e command=03 arg=22
[   7.946]   [header-byte] write $ffa517 = 13 mask=00ff (pc=018446)
[   7.946] [packet-accepted] total=35 seq=22 flags=04 status=13 pc=01845e command=03 arg=22
[   7.962]   [header-byte] write $ffa517 = 13 mask=00ff (pc=018446)
[   7.962] [packet-accepted] total=36 seq=23 flags=04 status=13 pc=01845e command=03 arg=22
[   7.979]   [header-byte] write $ffa517 = 13 mask=00ff (pc=018446)
[   7.979] [packet-accepted] total=37 seq=24 flags=04 status=13 pc=01845e command=03 arg=22
[   7.998]   [header-byte] write $ffa517 = 13 mask=00ff (pc=018446)
[   7.998] [packet-accepted] total=38 seq=25 flags=04 status=13 pc=01845e command=03 arg=22
[   8.010] heartbeat frame=480 tx=339 rx=168 fc=1 fd=10 fe=1 linkflag=81 pc=00028a a502=00 a524=0005 a525=05 a170=08 a17f=00 txtail=0053 rxpend=0000
[   8.010] [transport] captured=339 flushed=339 received=168 accepted=38 payload2=27 payload3=0 payload4=0 payload5=0 pump_reads=284 bursts=71 txcredit=0 outq=0 inq=0 watchdog=0 txseq=48 rxseq=26 rxcredit=5 protection=00 checks=0000
[   8.010] [epochs] local=1 peer=1 ready=true discarded_rx=0
[   8.010] [game-state] a142=04 a13e=02 a13f=03 a530=3322 a506=03 a507=00 a508=00 a7b0=0000 a7a6=0322 script=01a3ee mode=01 rule=01 base=70 margin=6 difficulty=0 preset=0
[   8.010] [tcb-continuations] ffa580=ff80->018392 sleep=0 local26=7710 ffa5c0=ff80->01853c sleep=0 local26=0000 ffd040=ff80->018a40 sleep=0 local26=8300 ffd100=ff80->01fbb4 sleep=0 local26=0000 ffd140=ff80->01fbb6 sleep=0 local26=0002 ffd180=ff80->01fbb6 sleep=0 local26=00a2 ffd1c0=ff80->01fbb6 sleep=0 local26=01c2 ffd200=ff80->01fbb6 sleep=0 local26=02e2 ffd240=ff80->01902e sleep=0 local26=0000 ffd280=ff80->01ffe2 sleep=0 local26=0008 ffd2c0=ff80->020004 sleep=0 local26=0002 ffd300=ff80->020004 sleep=0 local26=0000
[   8.013]   [header-byte] write $ffa517 = 13 mask=00ff (pc=018446)
[   8.013] [packet-accepted] total=39 seq=26 flags=04 status=13 pc=01845e command=03 arg=22
[   8.029]   [header-byte] write $ffa517 = 13 mask=00ff (pc=018446)
[   8.029] [packet-accepted] total=40 seq=27 flags=04 status=13 pc=01845e command=03 arg=22
[   8.046]   [header-byte] write $ffa517 = 13 mask=00ff (pc=018446)
[   8.046] [packet-accepted] total=41 seq=28 flags=04 status=13 pc=01845e command=03 arg=22
[   8.063]   [header-byte] write $ffa517 = 13 mask=00ff (pc=018446)
[   8.063] [packet-accepted] total=42 seq=29 flags=04 status=13 pc=01845e command=03 arg=22
[   8.079]   [header-byte] write $ffa517 = 13 mask=00ff (pc=018446)
[   8.079] [packet-accepted] total=43 seq=2a flags=04 status=13 pc=01845e command=03 arg=22
[   8.096]   [header-byte] write $ffa517 = 13 mask=00ff (pc=018446)
[   8.096] [packet-accepted] total=44 seq=2b flags=04 status=13 pc=01845e command=03 arg=22
[   8.113]   [header-byte] write $ffa517 = 13 mask=00ff (pc=018446)
[   8.113] [packet-accepted] total=45 seq=2c flags=04 status=13 pc=01845e command=03 arg=22
[   8.129]   [header-byte] write $ffa517 = 13 mask=00ff (pc=018446)
[   8.129] [packet-accepted] total=46 seq=2d flags=04 status=13 pc=01845e command=03 arg=22
[   8.146]   [header-byte] write $ffa517 = 13 mask=00ff (pc=018446)
[   8.146] [packet-accepted] total=47 seq=2e flags=04 status=13 pc=01845e command=03 arg=22
[   8.164]   [header-byte] write $ffa517 = 13 mask=00ff (pc=018446)
[   8.164] [packet-accepted] total=48 seq=2f flags=04 status=13 pc=01845e command=03 arg=22
[   8.180]   [header-byte] write $ffa517 = 13 mask=00ff (pc=018446)
[   8.180] [packet-accepted] total=49 seq=30 flags=04 status=13 pc=01845e command=03 arg=22
[   8.196]   [header-byte] write $ffa517 = 13 mask=00ff (pc=018446)
[   8.196] [packet-accepted] total=50 seq=31 flags=04 status=13 pc=01845e command=03 arg=22
[   8.213]   [header-byte] write $ffa517 = 13 mask=00ff (pc=018446)
[   8.213] [packet-accepted] total=51 seq=32 flags=04 status=13 pc=01845e command=03 arg=22
[   8.230]   [header-byte] write $ffa517 = 13 mask=00ff (pc=018446)
[   8.230] [packet-accepted] total=52 seq=33 flags=04 status=13 pc=01845e command=03 arg=22
[   8.246]   [header-byte] write $ffa517 = 13 mask=00ff (pc=018446)
[   8.246] [packet-accepted] total=53 seq=34 flags=04 status=13 pc=01845e command=03 arg=22
[   8.263]   [header-byte] write $ffa517 = 13 mask=00ff (pc=018446)
[   8.263] [packet-accepted] total=54 seq=35 flags=04 status=13 pc=01845e command=03 arg=22
[   8.280]   [header-byte] write $ffa517 = 13 mask=00ff (pc=018446)
[   8.280] [packet-accepted] total=55 seq=36 flags=04 status=13 pc=01845e command=03 arg=22
[   8.296]   [header-byte] write $ffa517 = 13 mask=00ff (pc=018446)
[   8.296] [packet-accepted] total=56 seq=37 flags=04 status=13 pc=01845e command=03 arg=22
[   8.313]   [header-byte] write $ffa517 = 13 mask=00ff (pc=018446)
[   8.313] [packet-accepted] total=57 seq=38 flags=04 status=13 pc=01845e command=03 arg=22
[   8.330]   [header-byte] write $ffa517 = 13 mask=00ff (pc=018446)
[   8.330] [packet-accepted] total=58 seq=39 flags=04 status=13 pc=01845e command=03 arg=22
[   8.346]   [header-byte] write $ffa517 = 13 mask=00ff (pc=018446)
[   8.346] [packet-accepted] total=59 seq=3a flags=04 status=13 pc=01845e command=03 arg=22
[   8.363]   [header-byte] write $ffa517 = 13 mask=00ff (pc=018446)
[   8.363] [packet-accepted] total=60 seq=3b flags=04 status=13 pc=01845e command=03 arg=22
[   8.380]   [header-byte] write $ffa517 = 13 mask=00ff (pc=018446)
[   8.380] [packet-accepted] total=61 seq=3c flags=04 status=13 pc=01845e command=03 arg=22
[   8.396]   [header-byte] write $ffa517 = 13 mask=00ff (pc=018446)
[   8.396] [packet-accepted] total=62 seq=3d flags=04 status=13 pc=01845e command=03 arg=22
[   8.413]   [header-byte] write $ffa517 = 13 mask=00ff (pc=018446)
[   8.413] [packet-accepted] total=63 seq=3e flags=04 status=13 pc=01845e command=03 arg=22
[   8.430]   [header-byte] write $ffa517 = 13 mask=00ff (pc=018446)
[   8.430] [packet-accepted] total=64 seq=3f flags=04 status=13 pc=01845e command=03 arg=22
[   8.446]   [header-byte] write $ffa517 = 13 mask=00ff (pc=018446)
[   8.446] [packet-accepted] total=65 seq=40 flags=04 status=13 pc=01845e command=03 arg=22
[   8.463]   [header-byte] write $ffa517 = 13 mask=00ff (pc=018446)
[   8.463] [packet-accepted] total=66 seq=41 flags=04 status=13 pc=01845e command=03 arg=22
[   8.482]   [header-byte] write $ffa517 = 13 mask=00ff (pc=018446)
[   8.482] [packet-accepted] total=67 seq=42 flags=04 status=13 pc=01845e command=03 arg=22
[   8.497]   [header-byte] write $ffa517 = 13 mask=00ff (pc=018446)
[   8.497] [packet-accepted] total=68 seq=43 flags=04 status=13 pc=01845e command=03 arg=22
[   8.513]   [header-byte] write $ffa517 = 13 mask=00ff (pc=018446)
[   8.513] [packet-accepted] total=69 seq=44 flags=04 status=13 pc=01845e command=03 arg=22
[   8.530]   [header-byte] write $ffa517 = 13 mask=00ff (pc=018446)
[   8.530] [packet-accepted] total=70 seq=45 flags=04 status=13 pc=01845e command=03 arg=22
[   8.547]   [header-byte] write $ffa517 = 13 mask=00ff (pc=018446)
[   8.547] [packet-accepted] total=71 seq=46 flags=04 status=13 pc=01845e command=03 arg=22
[   8.563]   [header-byte] write $ffa517 = 13 mask=00ff (pc=018446)
[   8.563] [packet-accepted] total=72 seq=47 flags=04 status=13 pc=01845e command=03 arg=22
[   8.563]   [header-byte] write $ffa517 = 13 mask=00ff (pc=018446)
[   8.563] [packet-accepted] total=73 seq=48 flags=04 status=13 pc=01845e command=03 arg=22
[   8.597]   [header-byte] write $ffa517 = 13 mask=00ff (pc=018446)
[   8.597] [packet-accepted] total=74 seq=49 flags=04 status=13 pc=01845e command=03 arg=22
[   8.613]   [header-byte] write $ffa517 = 13 mask=00ff (pc=018446)
[   8.613] [packet-accepted] total=75 seq=4a flags=04 status=13 pc=01845e command=03 arg=22
[   8.632]   [header-byte] write $ffa517 = 13 mask=00ff (pc=018446)
[   8.632] [packet-accepted] total=76 seq=4b flags=04 status=13 pc=01845e command=03 arg=22
[   8.632]   [header-byte] write $ffa517 = 13 mask=00ff (pc=018446)
[   8.632] [packet-accepted] total=77 seq=4c flags=04 status=13 pc=01845e command=03 arg=22
[   8.664]   [header-byte] write $ffa517 = 13 mask=00ff (pc=018446)
[   8.664] [packet-accepted] total=78 seq=4d flags=04 status=13 pc=01845e command=03 arg=22
[   8.680]   [header-byte] write $ffa517 = 13 mask=00ff (pc=018446)
[   8.680] [packet-accepted] total=79 seq=4e flags=04 status=13 pc=01845e command=03 arg=22
[   8.697]   [header-byte] write $ffa517 = 13 mask=00ff (pc=018446)
[   8.697] [packet-accepted] total=80 seq=4f flags=04 status=13 pc=01845e command=03 arg=22
[   8.714]   [header-byte] write $ffa517 = 13 mask=00ff (pc=018446)
[   8.714] [packet-accepted] total=81 seq=50 flags=04 status=13 pc=01845e command=03 arg=22
[   8.730]   [header-byte] write $ffa517 = 13 mask=00ff (pc=018446)
[   8.730] [packet-accepted] total=82 seq=51 flags=04 status=13 pc=01845e command=03 arg=22
[   8.747]   [header-byte] write $ffa517 = 13 mask=00ff (pc=018446)
[   8.747] [packet-accepted] total=83 seq=52 flags=04 status=13 pc=01845e command=03 arg=22
[   8.764]   [header-byte] write $ffa517 = 13 mask=00ff (pc=018446)
[   8.764] [packet-accepted] total=84 seq=53 flags=04 status=13 pc=01845e command=03 arg=22
[   8.780]   [header-byte] write $ffa517 = 13 mask=00ff (pc=018446)
[   8.780] [packet-accepted] total=85 seq=54 flags=04 status=13 pc=01845e command=03 arg=22
[   8.797]   [header-byte] write $ffa517 = 13 mask=00ff (pc=018446)
[   8.797] [packet-accepted] total=86 seq=55 flags=04 status=13 pc=01845e command=03 arg=22
[   8.814]   [header-byte] write $ffa517 = 13 mask=00ff (pc=018446)
[   8.814] [packet-accepted] total=87 seq=56 flags=04 status=13 pc=01845e command=03 arg=22
[   8.831]   [header-byte] write $ffa517 = 13 mask=00ff (pc=018446)
[   8.831] [packet-accepted] total=88 seq=57 flags=04 status=13 pc=01845e command=03 arg=22
[   8.847]   [header-byte] write $ffa517 = 13 mask=00ff (pc=018446)
[   8.847] [packet-accepted] total=89 seq=58 flags=04 status=13 pc=01845e command=03 arg=22
[   8.864]   [header-byte] write $ffa517 = 13 mask=00ff (pc=018446)
[   8.864] [packet-accepted] total=90 seq=59 flags=04 status=13 pc=01845e command=03 arg=22
[   8.881]   [header-byte] write $ffa517 = 13 mask=00ff (pc=018446)
[   8.881] [packet-accepted] total=91 seq=5a flags=04 status=13 pc=01845e command=03 arg=22
[   8.897]   [header-byte] write $ffa517 = 13 mask=00ff (pc=018446)
[   8.897] [packet-accepted] total=92 seq=5b flags=04 status=13 pc=01845e command=03 arg=22
[   8.914]   [header-byte] write $ffa517 = 13 mask=00ff (pc=018446)
[   8.914] [packet-accepted] total=93 seq=5c flags=04 status=13 pc=01845e command=03 arg=22
[   8.931]   [header-byte] write $ffa517 = 13 mask=00ff (pc=018446)
[   8.931] [packet-accepted] total=94 seq=5d flags=04 status=13 pc=01845e command=03 arg=22
[   8.949]   [header-byte] write $ffa517 = 13 mask=00ff (pc=018446)
[   8.949] [packet-accepted] total=95 seq=5e flags=04 status=13 pc=01845e command=03 arg=22
[   8.964]   [header-byte] write $ffa517 = 13 mask=00ff (pc=018446)
[   8.964] [packet-accepted] total=96 seq=5f flags=04 status=13 pc=01845e command=03 arg=22
[   8.981]   [header-byte] write $ffa517 = 13 mask=00ff (pc=018446)
[   8.981] [packet-accepted] total=97 seq=60 flags=04 status=13 pc=01845e command=03 arg=22
[   8.997]   [header-byte] write $ffa517 = 13 mask=00ff (pc=018446)
[   8.997] [packet-accepted] total=98 seq=61 flags=04 status=13 pc=01845e command=03 arg=22
[   9.012] heartbeat frame=540 tx=639 rx=468 fc=1 fd=10 fe=1 linkflag=81 pc=000288 a502=00 a524=0005 a525=05 a170=08 a17f=00 txtail=007f rxpend=0000
[   9.012] [transport] captured=639 flushed=639 received=468 accepted=98 payload2=87 payload3=0 payload4=0 payload5=0 pump_reads=402 bursts=131 txcredit=0 outq=0 inq=0 watchdog=0 txseq=84 rxseq=62 rxcredit=5 protection=00 checks=0000
[   9.012] [epochs] local=1 peer=1 ready=true discarded_rx=0
[   9.012] [tcb-continuations] ffa580=ff80->018392 sleep=0 local26=7710 ffa5c0=ff80->01853c sleep=0 local26=0000 ffd040=ff80->018a40 sleep=0 local26=8300 ffd100=ff80->01fbb4 sleep=0 local26=0000 ffd140=ff80->01fbb6 sleep=0 local26=0002 ffd180=ff80->01fbb6 sleep=0 local26=00a2 ffd1c0=ff80->01fbb6 sleep=0 local26=01c2 ffd200=ff80->01fbb6 sleep=0 local26=02e2 ffd240=ff80->01902e sleep=0 local26=0000 ffd280=ff80->01ffe2 sleep=0 local26=0007 ffd2c0=ff80->020004 sleep=0 local26=0002 ffd300=ff80->020004 sleep=0 local26=0000
[   9.014]   [header-byte] write $ffa517 = 13 mask=00ff (pc=018446)
[   9.014] [packet-accepted] total=99 seq=62 flags=04 status=13 pc=01845e command=03 arg=22
[   9.031]   [header-byte] write $ffa517 = 13 mask=00ff (pc=018446)
[   9.031] [packet-accepted] total=100 seq=63 flags=04 status=13 pc=01845e command=03 arg=22
[   9.049]   [header-byte] write $ffa517 = 13 mask=00ff (pc=018446)
[   9.049] [packet-accepted] total=101 seq=64 flags=04 status=13 pc=01845e command=03 arg=22
[   9.064]   [header-byte] write $ffa517 = 13 mask=00ff (pc=018446)
[   9.064] [packet-accepted] total=102 seq=65 flags=04 status=13 pc=01845e command=03 arg=22
[   9.081]   [header-byte] write $ffa517 = 13 mask=00ff (pc=018446)
[   9.081] [packet-accepted] total=103 seq=66 flags=04 status=13 pc=01845e command=03 arg=22
[   9.097]   [header-byte] write $ffa517 = 13 mask=00ff (pc=018446)
[   9.097] [packet-accepted] total=104 seq=67 flags=04 status=13 pc=01845e command=03 arg=22
[   9.117]   [header-byte] write $ffa517 = 13 mask=00ff (pc=018446)
[   9.117] [packet-accepted] total=105 seq=68 flags=04 status=13 pc=01845e command=03 arg=22
[   9.131]   [header-byte] write $ffa517 = 13 mask=00ff (pc=018446)
[   9.131] [packet-accepted] total=106 seq=69 flags=04 status=13 pc=01845e command=03 arg=22
[   9.148]   [header-byte] write $ffa517 = 13 mask=00ff (pc=018446)
[   9.148] [packet-accepted] total=107 seq=6a flags=04 status=13 pc=01845e command=03 arg=22
[   9.164]   [header-byte] write $ffa517 = 13 mask=00ff (pc=018446)
[   9.164] [packet-accepted] total=108 seq=6b flags=04 status=13 pc=01845e command=03 arg=22
[   9.181]   [header-byte] write $ffa517 = 13 mask=00ff (pc=018446)
[   9.181] [packet-accepted] total=109 seq=6c flags=04 status=13 pc=01845e command=03 arg=22
[   9.198]   [header-byte] write $ffa517 = 13 mask=00ff (pc=018446)
[   9.198] [packet-accepted] total=110 seq=6d flags=04 status=13 pc=01845e command=03 arg=22
[   9.214]   [header-byte] write $ffa517 = 13 mask=00ff (pc=018446)
[   9.214] [packet-accepted] total=111 seq=6e flags=04 status=13 pc=01845e command=03 arg=22
[   9.231]   [header-byte] write $ffa517 = 13 mask=00ff (pc=018446)
[   9.231] [packet-accepted] total=112 seq=6f flags=04 status=13 pc=01845e command=03 arg=22
[   9.248]   [header-byte] write $ffa517 = 13 mask=00ff (pc=018446)
[   9.248] [packet-accepted] total=113 seq=70 flags=04 status=13 pc=01845e command=03 arg=22
[   9.265]   [header-byte] write $ffa517 = 13 mask=00ff (pc=018446)
[   9.265] [packet-accepted] total=114 seq=71 flags=04 status=13 pc=01845e command=03 arg=22
[   9.265]   [header-byte] write $ffa517 = 13 mask=00ff (pc=018446)
[   9.265] [packet-accepted] total=115 seq=72 flags=04 status=13 pc=01845e command=03 arg=22
[   9.281]   [header-byte] write $ffa517 = 13 mask=00ff (pc=018446)
[   9.281] [packet-accepted] total=116 seq=73 flags=04 status=13 pc=01845e command=03 arg=22
[   9.298]   [header-byte] write $ffa517 = 13 mask=00ff (pc=018446)
[   9.298] [packet-accepted] total=117 seq=74 flags=04 status=13 pc=01845e command=03 arg=22
[   9.315]   [header-byte] write $ffa517 = 13 mask=00ff (pc=018446)
[   9.315] [packet-accepted] total=118 seq=75 flags=04 status=13 pc=01845e command=03 arg=22
[   9.331]   [header-byte] write $ffa517 = 13 mask=00ff (pc=018446)
[   9.331] [packet-accepted] total=119 seq=76 flags=04 status=13 pc=01845e command=03 arg=22
[   9.365]   [header-byte] write $ffa517 = 13 mask=00ff (pc=018446)
[   9.365] [packet-accepted] total=120 seq=77 flags=04 status=13 pc=01845e command=03 arg=22
[   9.381]   [header-byte] write $ffa517 = 13 mask=00ff (pc=018446)
[   9.381] [packet-accepted] total=121 seq=78 flags=04 status=13 pc=01845e command=03 arg=22
[   9.381]   [header-byte] write $ffa517 = 13 mask=00ff (pc=018446)
[   9.381] [packet-accepted] total=122 seq=79 flags=04 status=13 pc=01845e command=03 arg=22
[   9.416]   [header-byte] write $ffa517 = 13 mask=00ff (pc=018446)
[   9.416] [packet-accepted] total=123 seq=7a flags=04 status=13 pc=01845e command=03 arg=22
[   9.417]   [header-byte] write $ffa517 = 13 mask=00ff (pc=018446)
[   9.417] [packet-accepted] total=124 seq=7b flags=04 status=13 pc=01845e command=03 arg=22
[   9.431]   [header-byte] write $ffa517 = 13 mask=00ff (pc=018446)
[   9.431] [packet-accepted] total=125 seq=7c flags=04 status=13 pc=01845e command=03 arg=22
[   9.448]   [header-byte] write $ffa517 = 13 mask=00ff (pc=018446)
[   9.448] [packet-accepted] total=126 seq=7d flags=04 status=13 pc=01845e command=03 arg=22
[   9.465]   [header-byte] write $ffa517 = 13 mask=00ff (pc=018446)
[   9.465] [packet-accepted] total=127 seq=7e flags=04 status=13 pc=01845e command=03 arg=22
[   9.481]   [header-byte] write $ffa517 = 13 mask=00ff (pc=018446)
[   9.481] [packet-accepted] total=128 seq=7f flags=04 status=13 pc=01845e command=03 arg=22
[   9.498]   [header-byte] write $ffa517 = 13 mask=00ff (pc=018446)
[   9.498] [packet-accepted] total=129 seq=80 flags=04 status=13 pc=01845e command=03 arg=22
[   9.515]   [header-byte] write $ffa517 = 13 mask=00ff (pc=018446)
[   9.515] [packet-accepted] total=130 seq=81 flags=04 status=13 pc=01845e command=03 arg=22
[   9.531]   [header-byte] write $ffa517 = 13 mask=00ff (pc=018446)
[   9.531] [packet-accepted] total=131 seq=82 flags=04 status=13 pc=01845e command=03 arg=22
[   9.548]   [header-byte] write $ffa517 = 13 mask=00ff (pc=018446)
[   9.548] [packet-accepted] total=132 seq=83 flags=04 status=13 pc=01845e command=03 arg=22
[   9.565]   [header-byte] write $ffa517 = 13 mask=00ff (pc=018446)
[   9.565] [packet-accepted] total=133 seq=84 flags=04 status=13 pc=01845e command=03 arg=22
[   9.583]   [header-byte] write $ffa517 = 13 mask=00ff (pc=018446)
[   9.583] [packet-accepted] total=134 seq=85 flags=04 status=13 pc=01845e command=03 arg=22
[   9.598]   [header-byte] write $ffa517 = 13 mask=00ff (pc=018446)
[   9.598] [packet-accepted] total=135 seq=86 flags=04 status=13 pc=01845e command=03 arg=22
[   9.615]   [header-byte] write $ffa517 = 13 mask=00ff (pc=018446)
[   9.615] [packet-accepted] total=136 seq=87 flags=04 status=13 pc=01845e command=03 arg=22
[   9.631]   [header-byte] write $ffa517 = 13 mask=00ff (pc=018446)
[   9.631] [packet-accepted] total=137 seq=88 flags=04 status=13 pc=01845e command=03 arg=22
[   9.648]   [header-byte] write $ffa517 = 13 mask=00ff (pc=018446)
[   9.648] [packet-accepted] total=138 seq=89 flags=04 status=13 pc=01845e command=03 arg=22
[   9.665]   [header-byte] write $ffa517 = 13 mask=00ff (pc=018446)
[   9.665] [packet-accepted] total=139 seq=8a flags=04 status=13 pc=01845e command=03 arg=22
[   9.681]   [header-byte] write $ffa517 = 13 mask=00ff (pc=018446)
[   9.681] [packet-accepted] total=140 seq=8b flags=04 status=13 pc=01845e command=03 arg=22
[   9.698]   [header-byte] write $ffa517 = 13 mask=00ff (pc=018446)
[   9.698] [packet-accepted] total=141 seq=8c flags=04 status=13 pc=01845e command=03 arg=22
[   9.715]   [header-byte] write $ffa517 = 13 mask=00ff (pc=018446)
[   9.715] [packet-accepted] total=142 seq=8d flags=04 status=13 pc=01845e command=03 arg=22
[   9.731]   [header-byte] write $ffa517 = 13 mask=00ff (pc=018446)
[   9.732] [packet-accepted] total=143 seq=8e flags=04 status=13 pc=01845e command=03 arg=22
[   9.748]   [header-byte] write $ffa517 = 13 mask=00ff (pc=018446)
[   9.748] [packet-accepted] total=144 seq=8f flags=04 status=13 pc=01845e command=03 arg=22
[   9.765]   [header-byte] write $ffa517 = 13 mask=00ff (pc=018446)
[   9.765] [packet-accepted] total=145 seq=90 flags=04 status=13 pc=01845e command=03 arg=22
[   9.781]   [header-byte] write $ffa517 = 13 mask=00ff (pc=018446)
[   9.781] [packet-accepted] total=146 seq=91 flags=04 status=13 pc=01845e command=03 arg=22
[   9.798]   [header-byte] write $ffa517 = 13 mask=00ff (pc=018446)
[   9.798] [packet-accepted] total=147 seq=92 flags=04 status=13 pc=01845e command=03 arg=22
[   9.815]   [header-byte] write $ffa517 = 13 mask=00ff (pc=018446)
[   9.815] [packet-accepted] total=148 seq=93 flags=04 status=13 pc=01845e command=03 arg=22
[   9.831]   [header-byte] write $ffa517 = 13 mask=00ff (pc=018446)
[   9.831] [packet-accepted] total=149 seq=94 flags=04 status=13 pc=01845e command=03 arg=22
[   9.848]   [header-byte] write $ffa517 = 13 mask=00ff (pc=018446)
[   9.848] [packet-accepted] total=150 seq=95 flags=04 status=13 pc=01845e command=03 arg=22
[   9.865]   [header-byte] write $ffa517 = 13 mask=00ff (pc=018446)
[   9.865] [packet-accepted] total=151 seq=96 flags=04 status=13 pc=01845e command=03 arg=22
[   9.881]   [header-byte] write $ffa517 = 13 mask=00ff (pc=018446)
[   9.881] [packet-accepted] total=152 seq=97 flags=04 status=13 pc=01845e command=03 arg=22
[   9.900]   [header-byte] write $ffa517 = 13 mask=00ff (pc=018446)
[   9.900] [packet-accepted] total=153 seq=98 flags=04 status=13 pc=01845e command=03 arg=22
[   9.915]   [header-byte] write $ffa517 = 13 mask=00ff (pc=018446)
[   9.915] [packet-accepted] total=154 seq=99 flags=04 status=13 pc=01845e command=03 arg=22
[   9.932]   [header-byte] write $ffa517 = 13 mask=00ff (pc=018446)
[   9.932] [packet-accepted] total=155 seq=9a flags=04 status=13 pc=01845e command=03 arg=22
[   9.948]   [header-byte] write $ffa517 = 13 mask=00ff (pc=018446)
[   9.948] [packet-accepted] total=156 seq=9b flags=04 status=13 pc=01845e command=03 arg=22
[   9.965]   [header-byte] write $ffa517 = 13 mask=00ff (pc=018446)
[   9.965] [packet-accepted] total=157 seq=9c flags=04 status=13 pc=01845e command=03 arg=22
[   9.982]   [header-byte] write $ffa517 = 13 mask=00ff (pc=018446)
[   9.982] [packet-accepted] total=158 seq=9d flags=04 status=13 pc=01845e command=03 arg=22
[   9.999]   [header-byte] write $ffa517 = 13 mask=00ff (pc=018446)
[   9.999] [packet-accepted] total=159 seq=9e flags=04 status=13 pc=01845e command=03 arg=22
[  10.013] heartbeat frame=600 tx=939 rx=773 fc=1 fd=10 fe=1 linkflag=81 pc=00028a a502=00 a524=0005 a525=05 a170=08 a17f=00 txtail=00ab rxpend=0000
[  10.013] [transport] captured=939 flushed=939 received=773 accepted=159 payload2=148 payload3=0 payload4=0 payload5=0 pump_reads=520 bursts=191 txcredit=0 outq=0 inq=0 watchdog=0 txseq=c0 rxseq=9f rxcredit=5 protection=00 checks=0000
[  10.013] [epochs] local=1 peer=1 ready=true discarded_rx=0
[  10.013] [tcb-continuations] ffa580=ff80->018392 sleep=0 local26=7710 ffa5c0=ff80->01853c sleep=0 local26=0000 ffd040=ff80->018a40 sleep=0 local26=8300 ffd100=ff80->01fbb4 sleep=0 local26=0000 ffd140=ff80->01fbb6 sleep=0 local26=0002 ffd180=ff80->01fbb6 sleep=0 local26=00a2 ffd1c0=ff80->01fbb6 sleep=0 local26=01c2 ffd200=ff80->01fbb6 sleep=0 local26=02e2 ffd240=ff80->01902e sleep=0 local26=0000 ffd280=ff80->01ffe2 sleep=0 local26=0006 ffd2c0=ff80->020004 sleep=0 local26=0002 ffd300=ff80->020004 sleep=0 local26=0000
[  10.015]   [header-byte] write $ffa517 = 13 mask=00ff (pc=018446)
[  10.015] [packet-accepted] total=160 seq=9f flags=04 status=13 pc=01845e command=03 arg=22
[  10.032]   [header-byte] write $ffa517 = 13 mask=00ff (pc=018446)
[  10.032] [packet-accepted] total=161 seq=a0 flags=04 status=13 pc=01845e command=03 arg=22
[  10.032]   [header-byte] write $ffa517 = 13 mask=00ff (pc=018446)
[  10.032] [packet-accepted] total=162 seq=a1 flags=04 status=13 pc=01845e command=03 arg=22
[  10.032]   [header-byte] write $ffa517 = 13 mask=00ff (pc=018446)
[  10.032] [packet-accepted] total=163 seq=a2 flags=04 status=13 pc=01845e command=03 arg=22
[  10.050]   [header-byte] write $ffa517 = 13 mask=00ff (pc=018446)
[  10.050] [packet-accepted] total=164 seq=a3 flags=04 status=13 pc=01845e command=03 arg=22
[  10.051]   [header-byte] write $ffa517 = 13 mask=00ff (pc=018446)
[  10.051] [packet-accepted] total=165 seq=a4 flags=04 status=13 pc=01845e command=03 arg=22
[  10.065]   [header-byte] write $ffa517 = 13 mask=00ff (pc=018446)
[  10.065] [packet-accepted] total=166 seq=a5 flags=04 status=13 pc=01845e command=03 arg=22
[  10.082]   [header-byte] write $ffa517 = 13 mask=00ff (pc=018446)
[  10.082] [packet-accepted] total=167 seq=a6 flags=04 status=13 pc=01845e command=03 arg=22
[  10.099]   [header-byte] write $ffa517 = 13 mask=00ff (pc=018446)
[  10.099] [packet-accepted] total=168 seq=a7 flags=04 status=13 pc=01845e command=03 arg=22
[  10.115]   [header-byte] write $ffa517 = 13 mask=00ff (pc=018446)
[  10.115] [packet-accepted] total=169 seq=a8 flags=04 status=13 pc=01845e command=03 arg=22
[  10.132]   [header-byte] write $ffa517 = 13 mask=00ff (pc=018446)
[  10.132] [packet-accepted] total=170 seq=a9 flags=04 status=13 pc=01845e command=03 arg=22
[  10.149]   [header-byte] write $ffa517 = 13 mask=00ff (pc=018446)
[  10.149] [packet-accepted] total=171 seq=aa flags=04 status=13 pc=01845e command=03 arg=22
[  10.165]   [header-byte] write $ffa517 = 13 mask=00ff (pc=018446)
[  10.165] [packet-accepted] total=172 seq=ab flags=04 status=13 pc=01845e command=03 arg=22
[  10.182]   [header-byte] write $ffa517 = 13 mask=00ff (pc=018446)
[  10.182] [packet-accepted] total=173 seq=ac flags=04 status=13 pc=01845e command=03 arg=22
[  10.199]   [header-byte] write $ffa517 = 13 mask=00ff (pc=018446)
[  10.199] [packet-accepted] total=174 seq=ad flags=04 status=13 pc=01845e command=03 arg=22
[  10.215]   [header-byte] write $ffa517 = 13 mask=00ff (pc=018446)
[  10.216] [packet-accepted] total=175 seq=ae flags=04 status=13 pc=01845e command=03 arg=22
[  10.232]   [header-byte] write $ffa517 = 13 mask=00ff (pc=018446)
[  10.232] [packet-accepted] total=176 seq=af flags=04 status=13 pc=01845e command=03 arg=22
[  10.249]   [header-byte] write $ffa517 = 13 mask=00ff (pc=018446)
[  10.249] [packet-accepted] total=177 seq=b0 flags=04 status=13 pc=01845e command=03 arg=22
[  10.265]   [header-byte] write $ffa517 = 13 mask=00ff (pc=018446)
[  10.265] [packet-accepted] total=178 seq=b1 flags=04 status=13 pc=01845e command=03 arg=22
[  10.282]   [header-byte] write $ffa517 = 13 mask=00ff (pc=018446)
[  10.282] [packet-accepted] total=179 seq=b2 flags=04 status=13 pc=01845e command=03 arg=22
[  10.299]   [header-byte] write $ffa517 = 13 mask=00ff (pc=018446)
[  10.299] [packet-accepted] total=180 seq=b3 flags=04 status=13 pc=01845e command=03 arg=22
[  10.315]   [header-byte] write $ffa517 = 13 mask=00ff (pc=018446)
[  10.315] [packet-accepted] total=181 seq=b4 flags=04 status=13 pc=01845e command=03 arg=22
[  10.332]   [header-byte] write $ffa517 = 13 mask=00ff (pc=018446)
[  10.332] [packet-accepted] total=182 seq=b5 flags=04 status=13 pc=01845e command=03 arg=22
[  10.349]   [header-byte] write $ffa517 = 13 mask=00ff (pc=018446)
[  10.349] [packet-accepted] total=183 seq=b6 flags=04 status=13 pc=01845e command=03 arg=22
[  10.367]   [header-byte] write $ffa517 = 13 mask=00ff (pc=018446)
[  10.367] [packet-accepted] total=184 seq=b7 flags=04 status=13 pc=01845e command=03 arg=22
[  10.382]   [header-byte] write $ffa517 = 13 mask=00ff (pc=018446)
[  10.382] [packet-accepted] total=185 seq=b8 flags=04 status=13 pc=01845e command=03 arg=22
[  10.399]   [header-byte] write $ffa517 = 13 mask=00ff (pc=018446)
[  10.399] [packet-accepted] total=186 seq=b9 flags=04 status=13 pc=01845e command=03 arg=22
[  10.432]   [header-byte] write $ffa517 = 13 mask=00ff (pc=018446)
[  10.432] [packet-accepted] total=187 seq=ba flags=04 status=13 pc=01845e command=03 arg=22
[  10.449]   [header-byte] write $ffa517 = 13 mask=00ff (pc=018446)
[  10.449] [packet-accepted] total=188 seq=bb flags=04 status=13 pc=01845e command=03 arg=22
[  10.466]   [header-byte] write $ffa517 = 13 mask=00ff (pc=018446)
[  10.466] [packet-accepted] total=189 seq=bc flags=04 status=13 pc=01845e command=03 arg=22
[  10.482]   [header-byte] write $ffa517 = 13 mask=00ff (pc=018446)
[  10.482] [packet-accepted] total=190 seq=bd flags=04 status=13 pc=01845e command=03 arg=22
[  10.499]   [header-byte] write $ffa517 = 13 mask=00ff (pc=018446)
[  10.499] [packet-accepted] total=191 seq=be flags=04 status=13 pc=01845e command=03 arg=22
[  10.516]   [header-byte] write $ffa517 = 13 mask=00ff (pc=018446)
[  10.516] [packet-accepted] total=192 seq=bf flags=04 status=13 pc=01845e command=03 arg=22
[  10.534]   [header-byte] write $ffa517 = 13 mask=00ff (pc=018446)
[  10.534] [packet-accepted] total=193 seq=c0 flags=04 status=13 pc=01845e command=03 arg=22
[  10.551]   [header-byte] write $ffa517 = 13 mask=00ff (pc=018446)
[  10.551] [packet-accepted] total=194 seq=c1 flags=04 status=13 pc=01845e command=03 arg=22
[  10.566]   [header-byte] write $ffa517 = 13 mask=00ff (pc=018446)
[  10.566] [packet-accepted] total=195 seq=c2 flags=04 status=13 pc=01845e command=03 arg=22
[  10.583]   [header-byte] write $ffa517 = 13 mask=00ff (pc=018446)
[  10.583] [packet-accepted] total=196 seq=c3 flags=04 status=13 pc=01845e command=03 arg=22
[  10.599]   [header-byte] write $ffa517 = 13 mask=00ff (pc=018446)
[  10.599] [packet-accepted] total=197 seq=c4 flags=04 status=13 pc=01845e command=03 arg=22
[  10.616]   [header-byte] write $ffa517 = 13 mask=00ff (pc=018446)
[  10.616] [packet-accepted] total=198 seq=c5 flags=04 status=13 pc=01845e command=03 arg=22
[  10.633]   [header-byte] write $ffa517 = 13 mask=00ff (pc=018446)
[  10.633] [packet-accepted] total=199 seq=c6 flags=04 status=13 pc=01845e command=03 arg=22
[  10.649]   [header-byte] write $ffa517 = 13 mask=00ff (pc=018446)
[  10.649] [packet-accepted] total=200 seq=c7 flags=04 status=13 pc=01845e command=03 arg=22
[  10.650]   [header-byte] write $ffa517 = 13 mask=00ff (pc=018446)
[  10.650] [packet-accepted] total=201 seq=c8 flags=04 status=13 pc=01845e command=03 arg=22
[  10.683]   [header-byte] write $ffa517 = 13 mask=00ff (pc=018446)
[  10.683] [packet-accepted] total=202 seq=c9 flags=04 status=13 pc=01845e command=03 arg=22
[  10.699]   [header-byte] write $ffa517 = 13 mask=00ff (pc=018446)
[  10.699] [packet-accepted] total=203 seq=ca flags=04 status=13 pc=01845e command=03 arg=22
[  10.716]   [header-byte] write $ffa517 = 13 mask=00ff (pc=018446)
[  10.716] [packet-accepted] total=204 seq=cb flags=04 status=13 pc=01845e command=03 arg=22
[  10.733]   [header-byte] write $ffa517 = 13 mask=00ff (pc=018446)
[  10.733] [packet-accepted] total=205 seq=cc flags=04 status=13 pc=01845e command=03 arg=22
[  10.749]   [header-byte] write $ffa517 = 13 mask=00ff (pc=018446)
[  10.749] [packet-accepted] total=206 seq=cd flags=04 status=13 pc=01845e command=03 arg=22
[  10.766]   [header-byte] write $ffa517 = 13 mask=00ff (pc=018446)
[  10.766] [packet-accepted] total=207 seq=ce flags=04 status=13 pc=01845e command=03 arg=22
[  10.783]   [header-byte] write $ffa517 = 13 mask=00ff (pc=018446)
[  10.783] [packet-accepted] total=208 seq=cf flags=04 status=13 pc=01845e command=03 arg=22
[  10.800]   [header-byte] write $ffa517 = 13 mask=00ff (pc=018446)
[  10.800] [packet-accepted] total=209 seq=d0 flags=04 status=13 pc=01845e command=03 arg=22
[  10.816]   [header-byte] write $ffa517 = 13 mask=00ff (pc=018446)
[  10.816] [packet-accepted] total=210 seq=d1 flags=04 status=13 pc=01845e command=03 arg=22
[  10.833]   [header-byte] write $ffa517 = 13 mask=00ff (pc=018446)
[  10.833] [packet-accepted] total=211 seq=d2 flags=04 status=13 pc=01845e command=03 arg=22
[  10.851]   [header-byte] write $ffa517 = 13 mask=00ff (pc=018446)
[  10.851] [packet-accepted] total=212 seq=d3 flags=04 status=13 pc=01845e command=03 arg=22
[  10.866]   [header-byte] write $ffa517 = 13 mask=00ff (pc=018446)
[  10.866] [packet-accepted] total=213 seq=d4 flags=04 status=13 pc=01845e command=03 arg=22
[  10.883]   [header-byte] write $ffa517 = 13 mask=00ff (pc=018446)
[  10.883] [packet-accepted] total=214 seq=d5 flags=04 status=13 pc=01845e command=03 arg=22
[  10.900]   [header-byte] write $ffa517 = 13 mask=00ff (pc=018446)
[  10.900] [packet-accepted] total=215 seq=d6 flags=04 status=13 pc=01845e command=03 arg=22
[  10.916]   [header-byte] write $ffa517 = 13 mask=00ff (pc=018446)
[  10.916] [packet-accepted] total=216 seq=d7 flags=04 status=13 pc=01845e command=03 arg=22
[  10.933]   [header-byte] write $ffa517 = 13 mask=00ff (pc=018446)
[  10.933] [packet-accepted] total=217 seq=d8 flags=04 status=13 pc=01845e command=03 arg=22
[  10.950]   [header-byte] write $ffa517 = 13 mask=00ff (pc=018446)
[  10.950] [packet-accepted] total=218 seq=d9 flags=04 status=13 pc=01845e command=03 arg=22
[  10.966]   [header-byte] write $ffa517 = 13 mask=00ff (pc=018446)
[  10.966] [packet-accepted] total=219 seq=da flags=04 status=13 pc=01845e command=03 arg=22
[  10.983]   [header-byte] write $ffa517 = 13 mask=00ff (pc=018446)
[  10.983] [packet-accepted] total=220 seq=db flags=04 status=13 pc=01845e command=03 arg=22
[  11.003]   [header-byte] write $ffa517 = 13 mask=00ff (pc=018446)
[  11.003] [packet-accepted] total=221 seq=dc flags=04 status=13 pc=01845e command=03 arg=22
[  11.014] heartbeat frame=660 tx=1239 rx=1083 fc=1 fd=10 fe=1 linkflag=81 pc=000288 a502=00 a524=0005 a525=05 a170=08 a17f=00 txtail=00d7 rxpend=0000
[  11.014] [transport] captured=1239 flushed=1239 received=1083 accepted=221 payload2=210 payload3=0 payload4=0 payload5=0 pump_reads=638 bursts=251 txcredit=0 outq=0 inq=0 watchdog=0 txseq=fc rxseq=dd rxcredit=5 protection=00 checks=0000
[  11.014] [epochs] local=1 peer=1 ready=true discarded_rx=0
[  11.014] [tcb-continuations] ffa580=ff80->018392 sleep=0 local26=7710 ffa5c0=ff80->01853c sleep=0 local26=0000 ffd040=ff80->018a40 sleep=0 local26=8300 ffd100=ff80->01fbb4 sleep=0 local26=0000 ffd140=ff80->01fbb6 sleep=0 local26=0002 ffd180=ff80->01fbb6 sleep=0 local26=00a2 ffd1c0=ff80->01fbb6 sleep=0 local26=01c2 ffd200=ff80->01fbb6 sleep=0 local26=02e2 ffd240=ff80->01902e sleep=0 local26=0000 ffd280=ff80->01ffe2 sleep=0 local26=0004 ffd2c0=ff80->020004 sleep=0 local26=0002 ffd300=ff80->020004 sleep=0 local26=0000
[  11.017]   [header-byte] write $ffa517 = 13 mask=00ff (pc=018446)
[  11.017] [packet-accepted] total=222 seq=dd flags=04 status=13 pc=01845e command=03 arg=22
[  11.033]   [header-byte] write $ffa517 = 13 mask=00ff (pc=018446)
[  11.033] [packet-accepted] total=223 seq=de flags=04 status=13 pc=01845e command=03 arg=22
[  11.050]   [header-byte] write $ffa517 = 13 mask=00ff (pc=018446)
[  11.050] [packet-accepted] total=224 seq=df flags=04 status=13 pc=01845e command=03 arg=22
[  11.067]   [header-byte] write $ffa517 = 13 mask=00ff (pc=018446)
[  11.067] [packet-accepted] total=225 seq=e0 flags=04 status=13 pc=01845e command=03 arg=22
[  11.084]   [header-byte] write $ffa517 = 13 mask=00ff (pc=018446)
[  11.084] [packet-accepted] total=226 seq=e1 flags=04 status=13 pc=01845e command=03 arg=22
[  11.100]   [header-byte] write $ffa517 = 13 mask=00ff (pc=018446)
[  11.100] [packet-accepted] total=227 seq=e2 flags=04 status=13 pc=01845e command=03 arg=22
[  11.117]   [header-byte] write $ffa517 = 13 mask=00ff (pc=018446)
[  11.117] [packet-accepted] total=228 seq=e3 flags=04 status=13 pc=01845e command=03 arg=22
[  11.134]   [header-byte] write $ffa517 = 13 mask=00ff (pc=018446)
[  11.134] [packet-accepted] total=229 seq=e4 flags=04 status=13 pc=01845e command=03 arg=22
[  11.150]   [header-byte] write $ffa517 = 13 mask=00ff (pc=018446)
[  11.150] [packet-accepted] total=230 seq=e5 flags=04 status=13 pc=01845e command=03 arg=22
[  11.167]   [header-byte] write $ffa517 = 13 mask=00ff (pc=018446)
[  11.167] [packet-accepted] total=231 seq=e6 flags=04 status=13 pc=01845e command=03 arg=22
[  11.184]   [header-byte] write $ffa517 = 13 mask=00ff (pc=018446)
[  11.184] [packet-accepted] total=232 seq=e7 flags=04 status=13 pc=01845e command=03 arg=22
[  11.200]   [header-byte] write $ffa517 = 13 mask=00ff (pc=018446)
[  11.200] [packet-accepted] total=233 seq=e8 flags=04 status=13 pc=01845e command=03 arg=22
[  11.217]   [header-byte] write $ffa517 = 13 mask=00ff (pc=018446)
[  11.217] [packet-accepted] total=234 seq=e9 flags=04 status=13 pc=01845e command=03 arg=22
[  11.234]   [header-byte] write $ffa517 = 13 mask=00ff (pc=018446)
[  11.234] [packet-accepted] total=235 seq=ea flags=04 status=13 pc=01845e command=03 arg=22
[  11.250]   [header-byte] write $ffa517 = 13 mask=00ff (pc=018446)
[  11.250] [packet-accepted] total=236 seq=eb flags=04 status=13 pc=01845e command=03 arg=22
[  11.267]   [header-byte] write $ffa517 = 13 mask=00ff (pc=018446)
[  11.267] [packet-accepted] total=237 seq=ec flags=04 status=13 pc=01845e command=03 arg=22
[  11.284]   [header-byte] write $ffa517 = 13 mask=00ff (pc=018446)
[  11.284] [packet-accepted] total=238 seq=ed flags=04 status=13 pc=01845e command=03 arg=22
[  11.300]   [header-byte] write $ffa517 = 13 mask=00ff (pc=018446)
[  11.300] [packet-accepted] total=239 seq=ee flags=04 status=13 pc=01845e command=03 arg=22
[  11.318]   [header-byte] write $ffa517 = 13 mask=00ff (pc=018446)
[  11.318] [packet-accepted] total=240 seq=ef flags=04 status=13 pc=01845e command=03 arg=22
[  11.350]   [header-byte] write $ffa517 = 13 mask=00ff (pc=018446)
[  11.350] [packet-accepted] total=241 seq=f0 flags=04 status=13 pc=01845e command=03 arg=22
[  11.367]   [header-byte] write $ffa517 = 13 mask=00ff (pc=018446)
[  11.367] [packet-accepted] total=242 seq=f1 flags=04 status=13 pc=01845e command=03 arg=22
[  11.384]   [header-byte] write $ffa517 = 13 mask=00ff (pc=018446)
[  11.384] [packet-accepted] total=243 seq=f2 flags=04 status=13 pc=01845e command=03 arg=22
[  11.401]   [header-byte] write $ffa517 = 13 mask=00ff (pc=018446)
[  11.401] [packet-accepted] total=244 seq=f3 flags=04 status=13 pc=01845e command=03 arg=22
[  11.417]   [header-byte] write $ffa517 = 13 mask=00ff (pc=018446)
[  11.417] [packet-accepted] total=245 seq=f4 flags=04 status=13 pc=01845e command=03 arg=22
[  11.434]   [header-byte] write $ffa517 = 13 mask=00ff (pc=018446)
[  11.434] [packet-accepted] total=246 seq=f5 flags=04 status=13 pc=01845e command=03 arg=22
[  11.451]   [header-byte] write $ffa517 = 13 mask=00ff (pc=018446)
[  11.451] [packet-accepted] total=247 seq=f6 flags=04 status=13 pc=01845e command=03 arg=22
[  11.467]   [header-byte] write $ffa517 = 13 mask=00ff (pc=018446)
[  11.467] [packet-accepted] total=248 seq=f7 flags=04 status=13 pc=01845e command=03 arg=22
[  11.484]   [header-byte] write $ffa517 = 13 mask=00ff (pc=018446)
[  11.484] [packet-accepted] total=249 seq=f8 flags=04 status=13 pc=01845e command=03 arg=22
[  11.500]   [header-byte] write $ffa517 = 13 mask=00ff (pc=018446)
[  11.500] [packet-accepted] total=250 seq=f9 flags=04 status=13 pc=01845e command=03 arg=22
[  11.517]   [header-byte] write $ffa517 = 13 mask=00ff (pc=018446)
[  11.517] [packet-accepted] total=251 seq=fa flags=04 status=13 pc=01845e command=03 arg=22
[  11.534]   [header-byte] write $ffa517 = 13 mask=00ff (pc=018446)
[  11.534] [packet-accepted] total=252 seq=fb flags=04 status=13 pc=01845e command=03 arg=22
[  11.550]   [header-byte] write $ffa517 = 13 mask=00ff (pc=018446)
[  11.550] [packet-accepted] total=253 seq=fc flags=04 status=13 pc=01845e command=03 arg=22
[  11.567]   [header-byte] write $ffa517 = 13 mask=00ff (pc=018446)
[  11.567] [packet-accepted] total=254 seq=fd flags=04 status=13 pc=01845e command=03 arg=22
[  11.584]   [header-byte] write $ffa517 = 13 mask=00ff (pc=018446)
[  11.584] [packet-accepted] total=255 seq=fe flags=04 status=13 pc=01845e command=03 arg=22
[  11.600]   [header-byte] write $ffa517 = 13 mask=00ff (pc=018446)
[  11.600] [packet-accepted] total=256 seq=ff flags=04 status=13 pc=01845e command=03 arg=22
[  11.617]   [header-byte] write $ffa517 = 13 mask=00ff (pc=018446)
[  11.617] [packet-accepted] total=257 seq=00 flags=04 status=13 pc=01845e command=03 arg=22
[  11.634]   [header-byte] write $ffa517 = 13 mask=00ff (pc=018446)
[  11.634] [packet-accepted] total=258 seq=01 flags=04 status=13 pc=01845e command=03 arg=22
[  11.650]   [header-byte] write $ffa517 = 13 mask=00ff (pc=018446)
[  11.650] [packet-accepted] total=259 seq=02 flags=04 status=13 pc=01845e command=03 arg=22
[  11.667]   [header-byte] write $ffa517 = 13 mask=00ff (pc=018446)
[  11.667] [packet-accepted] total=260 seq=03 flags=04 status=13 pc=01845e command=03 arg=22
[  11.684]   [header-byte] write $ffa517 = 13 mask=00ff (pc=018446)
[  11.684] [packet-accepted] total=261 seq=04 flags=04 status=13 pc=01845e command=03 arg=22
[  11.700]   [header-byte] write $ffa517 = 13 mask=00ff (pc=018446)
[  11.700] [packet-accepted] total=262 seq=05 flags=04 status=13 pc=01845e command=03 arg=22
[  11.717]   [header-byte] write $ffa517 = 13 mask=00ff (pc=018446)
[  11.717] [packet-accepted] total=263 seq=06 flags=04 status=13 pc=01845e command=03 arg=22
[  11.734]   [header-byte] write $ffa517 = 13 mask=00ff (pc=018446)
[  11.734] [packet-accepted] total=264 seq=07 flags=04 status=13 pc=01845e command=03 arg=22
[  11.750]   [header-byte] write $ffa517 = 13 mask=00ff (pc=018446)
[  11.750] [packet-accepted] total=265 seq=08 flags=04 status=13 pc=01845e command=03 arg=22
[  11.767]   [header-byte] write $ffa517 = 13 mask=00ff (pc=018446)
[  11.767] [packet-accepted] total=266 seq=09 flags=04 status=13 pc=01845e command=03 arg=22
[  11.784]   [header-byte] write $ffa517 = 13 mask=00ff (pc=018446)
[  11.784] [packet-accepted] total=267 seq=0a flags=04 status=13 pc=01845e command=03 arg=22
[  11.801]   [header-byte] write $ffa517 = 13 mask=00ff (pc=018446)
[  11.801] [packet-accepted] total=268 seq=0b flags=04 status=13 pc=01845e command=03 arg=22
[  11.817]   [header-byte] write $ffa517 = 13 mask=00ff (pc=018446)
[  11.817] [packet-accepted] total=269 seq=0c flags=04 status=13 pc=01845e command=03 arg=22
[  11.834]   [header-byte] write $ffa517 = 13 mask=00ff (pc=018446)
[  11.834] [packet-accepted] total=270 seq=0d flags=04 status=13 pc=01845e command=03 arg=22
[  11.851]   [header-byte] write $ffa517 = 13 mask=00ff (pc=018446)
[  11.851] [packet-accepted] total=271 seq=0e flags=04 status=13 pc=01845e command=03 arg=22
[  11.867]   [header-byte] write $ffa517 = 13 mask=00ff (pc=018446)
[  11.867] [packet-accepted] total=272 seq=0f flags=04 status=13 pc=01845e command=03 arg=22
[  11.884]   [header-byte] write $ffa517 = 13 mask=00ff (pc=018446)
[  11.884] [packet-accepted] total=273 seq=10 flags=04 status=13 pc=01845e command=03 arg=22
[  11.901]   [header-byte] write $ffa517 = 13 mask=00ff (pc=018446)
[  11.901] [packet-accepted] total=274 seq=11 flags=04 status=13 pc=01845e command=03 arg=22
[  11.917]   [header-byte] write $ffa517 = 13 mask=00ff (pc=018446)
[  11.917] [packet-accepted] total=275 seq=12 flags=04 status=13 pc=01845e command=03 arg=22
[  11.934]   [header-byte] write $ffa517 = 13 mask=00ff (pc=018446)
[  11.934] [packet-accepted] total=276 seq=13 flags=04 status=13 pc=01845e command=03 arg=22
[  11.968]   [header-byte] write $ffa517 = 13 mask=00ff (pc=018446)
[  11.968] [packet-accepted] total=277 seq=14 flags=04 status=13 pc=01845e command=03 arg=22
[  11.968]   [header-byte] write $ffa517 = 13 mask=00ff (pc=018446)
[  11.968] [packet-accepted] total=278 seq=15 flags=04 status=13 pc=01845e command=03 arg=22
[  12.001]   [header-byte] write $ffa517 = 13 mask=00ff (pc=018446)
[  12.001] [packet-accepted] total=279 seq=16 flags=04 status=13 pc=01845e command=03 arg=22
[  12.001]   [header-byte] write $ffa517 = 13 mask=00ff (pc=018446)
[  12.001] [packet-accepted] total=280 seq=17 flags=04 status=13 pc=01845e command=03 arg=22
[  12.015] heartbeat frame=720 tx=1539 rx=1378 fc=1 fd=10 fe=1 linkflag=81 pc=00028a a502=00 a524=0005 a525=05 a170=08 a17f=00 txtail=0003 rxpend=0000
[  12.015] [transport] captured=1539 flushed=1539 received=1378 accepted=280 payload2=269 payload3=0 payload4=0 payload5=0 pump_reads=755 bursts=311 txcredit=0 outq=0 inq=0 watchdog=0 txseq=38 rxseq=18 rxcredit=5 protection=00 checks=0000
[  12.015] [epochs] local=1 peer=1 ready=true discarded_rx=0
[  12.015] [tcb-continuations] ffa580=ff80->018392 sleep=0 local26=7710 ffa5c0=ff80->01853c sleep=0 local26=0000 ffd040=ff80->018a40 sleep=0 local26=8300 ffd100=ff80->01fbb4 sleep=0 local26=0000 ffd140=ff80->01fbb6 sleep=0 local26=0002 ffd180=ff80->01fbb6 sleep=0 local26=00a2 ffd1c0=ff80->01fbb6 sleep=0 local26=01c2 ffd200=ff80->01fbb6 sleep=0 local26=02e2 ffd240=ff80->01902e sleep=0 local26=0000 ffd280=ff80->01ffe2 sleep=0 local26=0003 ffd2c0=ff80->020004 sleep=0 local26=0002 ffd300=ff80->020004 sleep=0 local26=0000
[  12.018]   [header-byte] write $ffa517 = 13 mask=00ff (pc=018446)
[  12.018] [packet-accepted] total=281 seq=18 flags=04 status=13 pc=01845e command=03 arg=22
[  12.034]   [header-byte] write $ffa517 = 13 mask=00ff (pc=018446)
[  12.034] [packet-accepted] total=282 seq=19 flags=04 status=13 pc=01845e command=03 arg=22
[  12.068]   [header-byte] write $ffa517 = 13 mask=00ff (pc=018446)
[  12.068] [packet-accepted] total=283 seq=1a flags=04 status=13 pc=01845e command=03 arg=22
[  12.084]   [header-byte] write $ffa517 = 13 mask=00ff (pc=018446)
[  12.084] [packet-accepted] total=284 seq=1b flags=04 status=13 pc=01845e command=03 arg=22
[  12.085]   [header-byte] write $ffa517 = 13 mask=00ff (pc=018446)
[  12.085] [packet-accepted] total=285 seq=1c flags=04 status=13 pc=01845e command=03 arg=22
[  12.118]   [header-byte] write $ffa517 = 13 mask=00ff (pc=018446)
[  12.118] [packet-accepted] total=286 seq=1d flags=04 status=13 pc=01845e command=03 arg=22
[  12.134]   [header-byte] write $ffa517 = 13 mask=00ff (pc=018446)
[  12.134] [packet-accepted] total=287 seq=1e flags=04 status=13 pc=01845e command=03 arg=22
[  12.151]   [header-byte] write $ffa517 = 13 mask=00ff (pc=018446)
[  12.151] [packet-accepted] total=288 seq=1f flags=04 status=13 pc=01845e command=03 arg=22
[  12.168]   [header-byte] write $ffa517 = 13 mask=00ff (pc=018446)
[  12.168] [packet-accepted] total=289 seq=20 flags=04 status=13 pc=01845e command=03 arg=22
[  12.185]   [header-byte] write $ffa517 = 13 mask=00ff (pc=018446)
[  12.185] [packet-accepted] total=290 seq=21 flags=04 status=13 pc=01845e command=03 arg=22
[  12.201]   [header-byte] write $ffa517 = 13 mask=00ff (pc=018446)
[  12.201] [packet-accepted] total=291 seq=22 flags=04 status=13 pc=01845e command=03 arg=22
[  12.218]   [header-byte] write $ffa517 = 13 mask=00ff (pc=018446)
[  12.218] [packet-accepted] total=292 seq=23 flags=04 status=13 pc=01845e command=03 arg=22
[  12.235]   [header-byte] write $ffa517 = 13 mask=00ff (pc=018446)
[  12.235] [packet-accepted] total=293 seq=24 flags=04 status=13 pc=01845e command=03 arg=22
[  12.251]   [header-byte] write $ffa517 = 13 mask=00ff (pc=018446)
[  12.251] [packet-accepted] total=294 seq=25 flags=04 status=13 pc=01845e command=03 arg=22
[  12.268]   [header-byte] write $ffa517 = 13 mask=00ff (pc=018446)
[  12.268] [packet-accepted] total=295 seq=26 flags=04 status=13 pc=01845e command=03 arg=22
[  12.285]   [header-byte] write $ffa517 = 13 mask=00ff (pc=018446)
[  12.285] [packet-accepted] total=296 seq=27 flags=04 status=13 pc=01845e command=03 arg=22
[  12.301]   [header-byte] write $ffa517 = 13 mask=00ff (pc=018446)
[  12.301] [packet-accepted] total=297 seq=28 flags=04 status=13 pc=01845e command=03 arg=22
[  12.318]   [header-byte] write $ffa517 = 13 mask=00ff (pc=018446)
[  12.318] [packet-accepted] total=298 seq=29 flags=04 status=13 pc=01845e command=03 arg=22
[  12.335]   [header-byte] write $ffa517 = 13 mask=00ff (pc=018446)
[  12.335] [packet-accepted] total=299 seq=2a flags=04 status=13 pc=01845e command=03 arg=22
[  12.351]   [header-byte] write $ffa517 = 13 mask=00ff (pc=018446)
[  12.351] [packet-accepted] total=300 seq=2b flags=04 status=13 pc=01845e command=03 arg=22
[  12.368]   [header-byte] write $ffa517 = 13 mask=00ff (pc=018446)
[  12.368] [packet-accepted] total=301 seq=2c flags=04 status=13 pc=01845e command=03 arg=22
[  12.385]   [header-byte] write $ffa517 = 13 mask=00ff (pc=018446)
[  12.385] [packet-accepted] total=302 seq=2d flags=04 status=13 pc=01845e command=03 arg=22
[  12.401]   [header-byte] write $ffa517 = 13 mask=00ff (pc=018446)
[  12.401] [packet-accepted] total=303 seq=2e flags=04 status=13 pc=01845e command=03 arg=22
[  12.418]   [header-byte] write $ffa517 = 13 mask=00ff (pc=018446)
[  12.418] [packet-accepted] total=304 seq=2f flags=04 status=13 pc=01845e command=03 arg=22
[  12.436]   [header-byte] write $ffa517 = 13 mask=00ff (pc=018446)
[  12.436] [packet-accepted] total=305 seq=30 flags=04 status=13 pc=01845e command=03 arg=22
[  12.452]   [header-byte] write $ffa517 = 13 mask=00ff (pc=018446)
[  12.452] [packet-accepted] total=306 seq=31 flags=04 status=13 pc=01845e command=03 arg=22
[  12.468]   [header-byte] write $ffa517 = 13 mask=00ff (pc=018446)
[  12.468] [packet-accepted] total=307 seq=32 flags=04 status=13 pc=01845e command=03 arg=22
[  12.485]   [header-byte] write $ffa517 = 13 mask=00ff (pc=018446)
[  12.485] [packet-accepted] total=308 seq=33 flags=04 status=13 pc=01845e command=03 arg=22
[  12.502]   [header-byte] write $ffa517 = 13 mask=00ff (pc=018446)
[  12.502] [packet-accepted] total=309 seq=34 flags=04 status=13 pc=01845e command=03 arg=22
[  12.518]   [header-byte] write $ffa517 = 13 mask=00ff (pc=018446)
[  12.518] [packet-accepted] total=310 seq=35 flags=04 status=13 pc=01845e command=03 arg=22
[  12.535]   [header-byte] write $ffa517 = 13 mask=00ff (pc=018446)
[  12.535] [packet-accepted] total=311 seq=36 flags=04 status=13 pc=01845e command=03 arg=22
[  12.552]   [header-byte] write $ffa517 = 13 mask=00ff (pc=018446)
[  12.552] [packet-accepted] total=312 seq=37 flags=04 status=13 pc=01845e command=03 arg=22
[  12.587]   [header-byte] write $ffa517 = 13 mask=00ff (pc=018446)
[  12.587] [packet-accepted] total=313 seq=38 flags=04 status=13 pc=01845e command=03 arg=22
[  12.602]   [header-byte] write $ffa517 = 13 mask=00ff (pc=018446)
[  12.602] [packet-accepted] total=314 seq=39 flags=04 status=13 pc=01845e command=03 arg=22
[  12.602]   [header-byte] write $ffa517 = 13 mask=00ff (pc=018446)
[  12.602] [packet-accepted] total=315 seq=3a flags=04 status=13 pc=01845e command=03 arg=22
[  12.635]   [header-byte] write $ffa517 = 13 mask=00ff (pc=018446)
[  12.635] [packet-accepted] total=316 seq=3b flags=04 status=13 pc=01845e command=03 arg=22
[  12.652]   [header-byte] write $ffa517 = 13 mask=00ff (pc=018446)
[  12.652] [packet-accepted] total=317 seq=3c flags=04 status=13 pc=01845e command=03 arg=22
[  12.669]   [header-byte] write $ffa517 = 13 mask=00ff (pc=018446)
[  12.669] [packet-accepted] total=318 seq=3d flags=04 status=13 pc=01845e command=03 arg=22
[  12.685]   [header-byte] write $ffa517 = 13 mask=00ff (pc=018446)
[  12.685] [packet-accepted] total=319 seq=3e flags=04 status=13 pc=01845e command=03 arg=22
[  12.702]   [header-byte] write $ffa517 = 13 mask=00ff (pc=018446)
[  12.702] [packet-accepted] total=320 seq=3f flags=04 status=13 pc=01845e command=03 arg=22
[  12.719]   [header-byte] write $ffa517 = 13 mask=00ff (pc=018446)
[  12.719] [packet-accepted] total=321 seq=40 flags=04 status=13 pc=01845e command=03 arg=22
[  12.735]   [header-byte] write $ffa517 = 13 mask=00ff (pc=018446)
[  12.735] [packet-accepted] total=322 seq=41 flags=04 status=13 pc=01845e command=03 arg=22
[  12.754]   [header-byte] write $ffa517 = 13 mask=00ff (pc=018446)
[  12.754] [packet-accepted] total=323 seq=42 flags=04 status=13 pc=01845e command=03 arg=22
[  12.769]   [header-byte] write $ffa517 = 13 mask=00ff (pc=018446)
[  12.769] [packet-accepted] total=324 seq=43 flags=04 status=13 pc=01845e command=03 arg=22
[  12.786]   [header-byte] write $ffa517 = 13 mask=00ff (pc=018446)
[  12.786] [packet-accepted] total=325 seq=44 flags=04 status=13 pc=01845e command=03 arg=22
[  12.802]   [header-byte] write $ffa517 = 13 mask=00ff (pc=018446)
[  12.802] [packet-accepted] total=326 seq=45 flags=04 status=13 pc=01845e command=03 arg=22
[  12.819]   [header-byte] write $ffa517 = 13 mask=00ff (pc=018446)
[  12.819] [packet-accepted] total=327 seq=46 flags=04 status=13 pc=01845e command=03 arg=22
[  12.836]   [header-byte] write $ffa517 = 13 mask=00ff (pc=018446)
[  12.836] [packet-accepted] total=328 seq=47 flags=04 status=13 pc=01845e command=03 arg=22
[  12.852]   [header-byte] write $ffa517 = 13 mask=00ff (pc=018446)
[  12.852] [packet-accepted] total=329 seq=48 flags=04 status=13 pc=01845e command=03 arg=22
[  12.869]   [header-byte] write $ffa517 = 13 mask=00ff (pc=018446)
[  12.869] [packet-accepted] total=330 seq=49 flags=04 status=13 pc=01845e command=03 arg=22
[  12.886]   [header-byte] write $ffa517 = 13 mask=00ff (pc=018446)
[  12.886] [packet-accepted] total=331 seq=4a flags=04 status=13 pc=01845e command=03 arg=22
[  12.904]   [header-byte] write $ffa517 = 13 mask=00ff (pc=018446)
[  12.904] [packet-accepted] total=332 seq=4b flags=04 status=13 pc=01845e command=03 arg=22
[  12.919]   [header-byte] write $ffa517 = 13 mask=00ff (pc=018446)
[  12.919] [packet-accepted] total=333 seq=4c flags=04 status=13 pc=01845e command=03 arg=22
[  12.936]   [header-byte] write $ffa517 = 13 mask=00ff (pc=018446)
[  12.936] [packet-accepted] total=334 seq=4d flags=04 status=13 pc=01845e command=03 arg=22
[  12.953]   [header-byte] write $ffa517 = 13 mask=00ff (pc=018446)
[  12.953] [packet-accepted] total=335 seq=4e flags=04 status=13 pc=01845e command=03 arg=22
[  12.969]   [header-byte] write $ffa517 = 13 mask=00ff (pc=018446)
[  12.969] [packet-accepted] total=336 seq=4f flags=04 status=13 pc=01845e command=03 arg=22
[  13.003]   [header-byte] write $ffa517 = 13 mask=00ff (pc=018446)
[  13.003] [packet-accepted] total=337 seq=50 flags=04 status=13 pc=01845e command=03 arg=22
[  13.017] heartbeat frame=780 tx=1839 rx=1663 fc=1 fd=10 fe=1 linkflag=81 pc=000288 a502=00 a524=0005 a525=05 a170=08 a17f=00 txtail=002f rxpend=0000
[  13.017] [transport] captured=1839 flushed=1839 received=1663 accepted=337 payload2=326 payload3=0 payload4=0 payload5=0 pump_reads=870 bursts=371 txcredit=0 outq=0 inq=0 watchdog=0 txseq=74 rxseq=51 rxcredit=5 protection=00 checks=0000
[  13.017] [epochs] local=1 peer=1 ready=true discarded_rx=0
[  13.017] [tcb-continuations] ffa580=ff80->018392 sleep=0 local26=7710 ffa5c0=ff80->01853c sleep=0 local26=0000 ffd040=ff80->018a40 sleep=0 local26=8300 ffd100=ff80->01fbb4 sleep=0 local26=0000 ffd140=ff80->01fbb6 sleep=0 local26=0002 ffd180=ff80->01fbb6 sleep=0 local26=00a2 ffd1c0=ff80->01fbb6 sleep=0 local26=01c2 ffd200=ff80->01fbb6 sleep=0 local26=02e2 ffd240=ff80->01902e sleep=0 local26=0000 ffd280=ff80->01ffe2 sleep=0 local26=0002 ffd2c0=ff80->020004 sleep=0 local26=0002 ffd300=ff80->020004 sleep=0 local26=0000
[  13.019]   [header-byte] write $ffa517 = 13 mask=00ff (pc=018446)
[  13.019] [packet-accepted] total=338 seq=51 flags=04 status=13 pc=01845e command=03 arg=22
[  13.036]   [header-byte] write $ffa517 = 13 mask=00ff (pc=018446)
[  13.036] [packet-accepted] total=339 seq=52 flags=04 status=13 pc=01845e command=03 arg=22
[  13.053]   [header-byte] write $ffa517 = 13 mask=00ff (pc=018446)
[  13.053] [packet-accepted] total=340 seq=53 flags=04 status=13 pc=01845e command=03 arg=22
[  13.070]   [header-byte] write $ffa517 = 13 mask=00ff (pc=018446)
[  13.070] [packet-accepted] total=341 seq=54 flags=04 status=13 pc=01845e command=03 arg=22
[  13.086]   [header-byte] write $ffa517 = 13 mask=00ff (pc=018446)
[  13.086] [packet-accepted] total=342 seq=55 flags=04 status=13 pc=01845e command=03 arg=22
[  13.103]   [header-byte] write $ffa517 = 13 mask=00ff (pc=018446)
[  13.103] [packet-accepted] total=343 seq=56 flags=04 status=13 pc=01845e command=03 arg=22
[  13.119]   [header-byte] write $ffa517 = 13 mask=00ff (pc=018446)
[  13.119] [packet-accepted] total=344 seq=57 flags=04 status=13 pc=01845e command=03 arg=22
[  13.136]   [header-byte] write $ffa517 = 13 mask=00ff (pc=018446)
[  13.136] [packet-accepted] total=345 seq=58 flags=04 status=13 pc=01845e command=03 arg=22
[  13.153]   [header-byte] write $ffa517 = 13 mask=00ff (pc=018446)
[  13.153] [packet-accepted] total=346 seq=59 flags=04 status=13 pc=01845e command=03 arg=22
[  13.170]   [header-byte] write $ffa517 = 13 mask=00ff (pc=018446)
[  13.170] [packet-accepted] total=347 seq=5a flags=04 status=13 pc=01845e command=03 arg=22
[  13.186]   [header-byte] write $ffa517 = 13 mask=00ff (pc=018446)
[  13.186] [packet-accepted] total=348 seq=5b flags=04 status=13 pc=01845e command=03 arg=22
[  13.203]   [header-byte] write $ffa517 = 13 mask=00ff (pc=018446)
[  13.203] [packet-accepted] total=349 seq=5c flags=04 status=13 pc=01845e command=03 arg=22
[  13.221]   [header-byte] write $ffa517 = 13 mask=00ff (pc=018446)
[  13.221] [packet-accepted] total=350 seq=5d flags=04 status=13 pc=01845e command=03 arg=22
[  13.236]   [header-byte] write $ffa517 = 13 mask=00ff (pc=018446)
[  13.236] [packet-accepted] total=351 seq=5e flags=04 status=13 pc=01845e command=03 arg=22
[  13.253]   [header-byte] write $ffa517 = 13 mask=00ff (pc=018446)
[  13.253] [packet-accepted] total=352 seq=5f flags=04 status=13 pc=01845e command=03 arg=22
[  13.270]   [header-byte] write $ffa517 = 13 mask=00ff (pc=018446)
[  13.270] [packet-accepted] total=353 seq=60 flags=04 status=13 pc=01845e command=03 arg=22
[  13.286]   [header-byte] write $ffa517 = 13 mask=00ff (pc=018446)
[  13.286] [packet-accepted] total=354 seq=61 flags=04 status=13 pc=01845e command=03 arg=22
[  13.303]   [header-byte] write $ffa517 = 13 mask=00ff (pc=018446)
[  13.303] [packet-accepted] total=355 seq=62 flags=04 status=13 pc=01845e command=03 arg=22
[  13.320]   [header-byte] write $ffa517 = 13 mask=00ff (pc=018446)
[  13.320] [packet-accepted] total=356 seq=63 flags=04 status=13 pc=01845e command=03 arg=22
[  13.336]   [header-byte] write $ffa517 = 13 mask=00ff (pc=018446)
[  13.336] [packet-accepted] total=357 seq=64 flags=04 status=13 pc=01845e command=03 arg=22
[  13.353]   [header-byte] write $ffa517 = 13 mask=00ff (pc=018446)
[  13.353] [packet-accepted] total=358 seq=65 flags=04 status=13 pc=01845e command=03 arg=22
[  13.370]   [header-byte] write $ffa517 = 13 mask=00ff (pc=018446)
[  13.370] [packet-accepted] total=359 seq=66 flags=04 status=13 pc=01845e command=03 arg=22
[  13.420]   [header-byte] write $ffa517 = 13 mask=00ff (pc=018446)
[  13.420] [packet-accepted] total=360 seq=67 flags=04 status=13 pc=01845e command=03 arg=22
[  13.436]   [header-byte] write $ffa517 = 13 mask=00ff (pc=018446)
[  13.436] [packet-accepted] total=361 seq=68 flags=04 status=13 pc=01845e command=03 arg=22
[  13.453]   [header-byte] write $ffa517 = 13 mask=00ff (pc=018446)
[  13.453] [packet-accepted] total=362 seq=69 flags=04 status=13 pc=01845e command=03 arg=22
[  13.470]   [header-byte] write $ffa517 = 13 mask=00ff (pc=018446)
[  13.470] [packet-accepted] total=363 seq=6a flags=04 status=13 pc=01845e command=03 arg=22
[  13.486]   [header-byte] write $ffa517 = 13 mask=00ff (pc=018446)
[  13.486] [packet-accepted] total=364 seq=6b flags=04 status=13 pc=01845e command=03 arg=22
[  13.503]   [header-byte] write $ffa517 = 13 mask=00ff (pc=018446)
[  13.503] [packet-accepted] total=365 seq=6c flags=04 status=13 pc=01845e command=03 arg=22
[  13.520]   [header-byte] write $ffa517 = 13 mask=00ff (pc=018446)
[  13.520] [packet-accepted] total=366 seq=6d flags=04 status=13 pc=01845e command=03 arg=22
[  13.536]   [header-byte] write $ffa517 = 13 mask=00ff (pc=018446)
[  13.536] [packet-accepted] total=367 seq=6e flags=04 status=13 pc=01845e command=03 arg=22
[  13.554]   [header-byte] write $ffa517 = 13 mask=00ff (pc=018446)
[  13.554] [packet-accepted] total=368 seq=6f flags=04 status=13 pc=01845e command=03 arg=22
[  13.570]   [header-byte] write $ffa517 = 13 mask=00ff (pc=018446)
[  13.570] [packet-accepted] total=369 seq=70 flags=04 status=13 pc=01845e command=03 arg=22
[  13.586]   [header-byte] write $ffa517 = 13 mask=00ff (pc=018446)
[  13.586] [packet-accepted] total=370 seq=71 flags=04 status=13 pc=01845e command=03 arg=22
[  13.603]   [header-byte] write $ffa517 = 13 mask=00ff (pc=018446)
[  13.603] [packet-accepted] total=371 seq=72 flags=04 status=13 pc=01845e command=03 arg=22
[  13.620]   [header-byte] write $ffa517 = 13 mask=00ff (pc=018446)
[  13.620] [packet-accepted] total=372 seq=73 flags=04 status=13 pc=01845e command=03 arg=22
[  13.636]   [header-byte] write $ffa517 = 13 mask=00ff (pc=018446)
[  13.636] [packet-accepted] total=373 seq=74 flags=04 status=13 pc=01845e command=03 arg=22
[  13.653]   [header-byte] write $ffa517 = 13 mask=00ff (pc=018446)
[  13.653] [packet-accepted] total=374 seq=75 flags=04 status=13 pc=01845e command=03 arg=22
[  13.670]   [header-byte] write $ffa517 = 13 mask=00ff (pc=018446)
[  13.670] [packet-accepted] total=375 seq=76 flags=04 status=13 pc=01845e command=03 arg=22
[  13.688]   [header-byte] write $ffa517 = 13 mask=00ff (pc=018446)
[  13.688] [packet-accepted] total=376 seq=77 flags=04 status=13 pc=01845e command=03 arg=22
[  13.703]   [header-byte] write $ffa517 = 13 mask=00ff (pc=018446)
[  13.703] [packet-accepted] total=377 seq=78 flags=04 status=13 pc=01845e command=03 arg=22
[  13.720]   [header-byte] write $ffa517 = 13 mask=00ff (pc=018446)
[  13.720] [packet-accepted] total=378 seq=79 flags=04 status=13 pc=01845e command=03 arg=22
[  13.737]   [header-byte] write $ffa517 = 13 mask=00ff (pc=018446)
[  13.737] [packet-accepted] total=379 seq=7a flags=04 status=13 pc=01845e command=03 arg=22
[  13.753]   [header-byte] write $ffa517 = 13 mask=00ff (pc=018446)
[  13.753] [packet-accepted] total=380 seq=7b flags=04 status=13 pc=01845e command=03 arg=22
[  13.770]   [header-byte] write $ffa517 = 13 mask=00ff (pc=018446)
[  13.770] [packet-accepted] total=381 seq=7c flags=04 status=13 pc=01845e command=03 arg=22
[  13.787]   [header-byte] write $ffa517 = 13 mask=00ff (pc=018446)
[  13.787] [packet-accepted] total=382 seq=7d flags=04 status=13 pc=01845e command=03 arg=22
[  13.803]   [header-byte] write $ffa517 = 13 mask=00ff (pc=018446)
[  13.803] [packet-accepted] total=383 seq=7e flags=04 status=13 pc=01845e command=03 arg=22
[  13.820]   [header-byte] write $ffa517 = 13 mask=00ff (pc=018446)
[  13.820] [packet-accepted] total=384 seq=7f flags=04 status=13 pc=01845e command=03 arg=22
[  13.837]   [header-byte] write $ffa517 = 13 mask=00ff (pc=018446)
[  13.837] [packet-accepted] total=385 seq=80 flags=04 status=13 pc=01845e command=03 arg=22
[  13.856]   [header-byte] write $ffa517 = 13 mask=00ff (pc=018446)
[  13.856] [packet-accepted] total=386 seq=81 flags=04 status=13 pc=01845e command=03 arg=22
[  13.870]   [header-byte] write $ffa517 = 13 mask=00ff (pc=018446)
[  13.870] [packet-accepted] total=387 seq=82 flags=04 status=13 pc=01845e command=03 arg=22
[  13.887]   [header-byte] write $ffa517 = 13 mask=00ff (pc=018446)
[  13.887] [packet-accepted] total=388 seq=83 flags=04 status=13 pc=01845e command=03 arg=22
[  13.904]   [header-byte] write $ffa517 = 13 mask=00ff (pc=018446)
[  13.904] [packet-accepted] total=389 seq=84 flags=04 status=13 pc=01845e command=03 arg=22
[  13.920]   [header-byte] write $ffa517 = 13 mask=00ff (pc=018446)
[  13.920] [packet-accepted] total=390 seq=85 flags=04 status=13 pc=01845e command=03 arg=22
[  13.937]   [header-byte] write $ffa517 = 13 mask=00ff (pc=018446)
[  13.937] [packet-accepted] total=391 seq=86 flags=04 status=13 pc=01845e command=03 arg=22
[  13.954]   [header-byte] write $ffa517 = 13 mask=00ff (pc=018446)
[  13.954] [packet-accepted] total=392 seq=87 flags=04 status=13 pc=01845e command=03 arg=22
[  13.970]   [header-byte] write $ffa517 = 13 mask=00ff (pc=018446)
[  13.970] [packet-accepted] total=393 seq=88 flags=04 status=13 pc=01845e command=03 arg=22
[  13.987]   [header-byte] write $ffa517 = 13 mask=00ff (pc=018446)
[  13.987] [packet-accepted] total=394 seq=89 flags=04 status=13 pc=01845e command=03 arg=22
[  14.004]   [header-byte] write $ffa517 = 13 mask=00ff (pc=018446)
[  14.004] [packet-accepted] total=395 seq=8a flags=04 status=13 pc=01845e command=03 arg=22
[  14.018] heartbeat frame=840 tx=2139 rx=1953 fc=1 fd=10 fe=1 linkflag=81 pc=00028a a502=00 a524=0005 a525=05 a170=08 a17f=00 txtail=005b rxpend=0000
[  14.018] [transport] captured=2139 flushed=2139 received=1953 accepted=395 payload2=384 payload3=0 payload4=0 payload5=0 pump_reads=988 bursts=431 txcredit=0 outq=0 inq=0 watchdog=0 txseq=b0 rxseq=8b rxcredit=5 protection=00 checks=0000
[  14.018] [epochs] local=1 peer=1 ready=true discarded_rx=0
[  14.018] [tcb-continuations] ffa580=ff80->018392 sleep=0 local26=7710 ffa5c0=ff80->01853c sleep=0 local26=0000 ffd040=ff80->018a40 sleep=0 local26=8300 ffd100=ff80->01fbb4 sleep=0 local26=0000 ffd140=ff80->01fbb6 sleep=0 local26=0002 ffd180=ff80->01fbb6 sleep=0 local26=00a2 ffd1c0=ff80->01fbb6 sleep=0 local26=01c2 ffd200=ff80->01fbb6 sleep=0 local26=02e2 ffd240=ff80->01902e sleep=0 local26=0000 ffd280=ff80->01ffe2 sleep=0 local26=0000 ffd2c0=ff80->020004 sleep=0 local26=0002 ffd300=ff80->020004 sleep=0 local26=0000
[  14.020]   [header-byte] write $ffa517 = 13 mask=00ff (pc=018446)
[  14.020] [packet-accepted] total=396 seq=8b flags=04 status=13 pc=01845e command=03 arg=22
[  14.037]   [header-byte] write $ffa517 = 13 mask=00ff (pc=018446)
[  14.037] [packet-accepted] total=397 seq=8c flags=04 status=13 pc=01845e command=03 arg=22
[  14.054]   [header-byte] write $ffa517 = 13 mask=00ff (pc=018446)
[  14.054] [packet-accepted] total=398 seq=8d flags=04 status=13 pc=01845e command=03 arg=22
[  14.070]   [header-byte] write $ffa517 = 13 mask=00ff (pc=018446)
[  14.070] [packet-accepted] total=399 seq=8e flags=04 status=13 pc=01845e command=03 arg=22
[  14.087]   [header-byte] write $ffa517 = 13 mask=00ff (pc=018446)
[  14.087] [packet-accepted] total=400 seq=8f flags=04 status=13 pc=01845e command=03 arg=22
[  14.104]   [header-byte] write $ffa517 = 13 mask=00ff (pc=018446)
[  14.104] [packet-accepted] total=401 seq=90 flags=04 status=13 pc=01845e command=03 arg=22
[  14.137]   [header-byte] write $ffa517 = 13 mask=00ff (pc=018446)
[  14.137] [packet-accepted] total=402 seq=91 flags=04 status=13 pc=01845e command=03 arg=22
[  14.154]   [header-byte] write $ffa517 = 13 mask=00ff (pc=018446)
[  14.154] [packet-accepted] total=403 seq=92 flags=04 status=13 pc=01845e command=03 arg=22
[  14.172]   [header-byte] write $ffa517 = 13 mask=00ff (pc=018446)
[  14.172] [packet-accepted] total=404 seq=93 flags=04 status=13 pc=01845e command=03 arg=22
[  14.187]   [header-byte] write $ffa517 = 13 mask=00ff (pc=018446)
[  14.187] [packet-accepted] total=405 seq=94 flags=04 status=13 pc=01845e command=03 arg=22
[  14.204]   [header-byte] write $ffa517 = 13 mask=00ff (pc=018446)
[  14.204] [packet-accepted] total=406 seq=95 flags=04 status=13 pc=01845e command=03 arg=22
[  14.221]   [header-byte] write $ffa517 = 13 mask=00ff (pc=018446)
[  14.221] [packet-accepted] total=407 seq=96 flags=04 status=13 pc=01845e command=03 arg=22
[  14.237]   [header-byte] write $ffa517 = 13 mask=00ff (pc=018446)
[  14.237] [packet-accepted] total=408 seq=97 flags=04 status=13 pc=01845e command=03 arg=22
[  14.254]   [header-byte] write $ffa517 = 13 mask=00ff (pc=018446)
[  14.254] [packet-accepted] total=409 seq=98 flags=04 status=13 pc=01845e command=03 arg=22
[  14.271]   [header-byte] write $ffa517 = 13 mask=00ff (pc=018446)
[  14.271] [packet-accepted] total=410 seq=99 flags=04 status=13 pc=01845e command=03 arg=22
[  14.287]   [header-byte] write $ffa517 = 13 mask=00ff (pc=018446)
[  14.287] [packet-accepted] total=411 seq=9a flags=04 status=13 pc=01845e command=03 arg=22
[  14.304]   [header-byte] write $ffa517 = 13 mask=00ff (pc=018446)
[  14.304] [packet-accepted] total=412 seq=9b flags=04 status=13 pc=01845e command=03 arg=22
[  14.322]   [header-byte] write $ffa517 = 13 mask=00ff (pc=018446)
[  14.322] [packet-accepted] total=413 seq=9c flags=04 status=13 pc=01845e command=03 arg=22
[  14.338]   [header-byte] write $ffa517 = 13 mask=00ff (pc=018446)
[  14.338] [packet-accepted] total=414 seq=9d flags=04 status=13 pc=01845e command=03 arg=22
[  14.354]   [header-byte] write $ffa517 = 13 mask=00ff (pc=018446)
[  14.354] [packet-accepted] total=415 seq=9e flags=04 status=13 pc=01845e command=03 arg=22
[  14.371]   [header-byte] write $ffa517 = 13 mask=00ff (pc=018446)
[  14.371] [packet-accepted] total=416 seq=9f flags=04 status=13 pc=01845e command=03 arg=22
[  14.388]   [header-byte] write $ffa517 = 13 mask=00ff (pc=018446)
[  14.388] [packet-accepted] total=417 seq=a0 flags=04 status=13 pc=01845e command=03 arg=22
[  14.404]   [header-byte] write $ffa517 = 13 mask=00ff (pc=018446)
[  14.404] [packet-accepted] total=418 seq=a1 flags=04 status=13 pc=01845e command=03 arg=22
[  14.421]   [header-byte] write $ffa517 = 13 mask=00ff (pc=018446)
[  14.421] [packet-accepted] total=419 seq=a2 flags=04 status=13 pc=01845e command=03 arg=22
[  14.454]   [header-byte] write $ffa517 = 13 mask=00ff (pc=018446)
[  14.454] [packet-accepted] total=420 seq=a3 flags=04 status=13 pc=01845e command=03 arg=22
[  14.471]   [header-byte] write $ffa517 = 13 mask=00ff (pc=018446)
[  14.471] [packet-accepted] total=421 seq=a4 flags=04 status=13 pc=01845e command=03 arg=22
[  14.488]   [header-byte] write $ffa517 = 13 mask=00ff (pc=018446)
[  14.488] [packet-accepted] total=422 seq=a5 flags=04 status=13 pc=01845e command=03 arg=22
[  14.504]   [header-byte] write $ffa517 = 13 mask=00ff (pc=018446)
[  14.504] [packet-accepted] total=423 seq=a6 flags=04 status=13 pc=01845e command=03 arg=22
[  14.521]   [header-byte] write $ffa517 = 13 mask=00ff (pc=018446)
[  14.521] [packet-accepted] total=424 seq=a7 flags=04 status=13 pc=01845e command=03 arg=22
[  14.521]   [header-byte] write $ffa517 = 13 mask=00ff (pc=018446)
[  14.521] [packet-accepted] total=425 seq=a8 flags=04 status=13 pc=01845e command=03 arg=22
[  14.538]   [header-byte] write $ffa517 = 13 mask=00ff (pc=018446)
[  14.538] [packet-accepted] total=426 seq=a9 flags=04 status=13 pc=01845e command=03 arg=22
[  14.571]   [header-byte] write $ffa517 = 13 mask=00ff (pc=018446)
[  14.571] [packet-accepted] total=427 seq=aa flags=04 status=13 pc=01845e command=03 arg=22
[  14.588]   [header-byte] write $ffa517 = 13 mask=00ff (pc=018446)
[  14.588] [packet-accepted] total=428 seq=ab flags=04 status=13 pc=01845e command=03 arg=22
[  14.605]   [header-byte] write $ffa517 = 13 mask=00ff (pc=018446)
[  14.605] [packet-accepted] total=429 seq=ac flags=04 status=13 pc=01845e command=03 arg=22
[  14.621]   [header-byte] write $ffa517 = 13 mask=00ff (pc=018446)
[  14.621] [packet-accepted] total=430 seq=ad flags=04 status=13 pc=01845e command=03 arg=22
[  14.621] [game-command] data=7373 mask=ff00 pc=018b72 requests=04
[  14.640]   [header-byte] write $ffa517 = 13 mask=00ff (pc=018446)
[  14.640] [packet-accepted] total=431 seq=ae flags=04 status=13 pc=01845e command=03 arg=22
[  14.640]   [header-byte] write $ffa513 = 10 mask=00ff (pc=018d88)
[  14.655]   [header-byte] write $ffa517 = 13 mask=00ff (pc=018446)
[  14.655] [packet-accepted] total=432 seq=af flags=04 status=13 pc=01845e command=03 arg=22
[  14.671]   [header-byte] write $ffa517 = 13 mask=00ff (pc=018446)
[  14.671] [packet-accepted] total=433 seq=b0 flags=04 status=13 pc=01845e command=03 arg=22
[  14.688]   [header-byte] write $ffa517 = 13 mask=00ff (pc=018446)
[  14.688] [packet-accepted] total=434 seq=b1 flags=04 status=13 pc=01845e command=03 arg=22
[  14.705]   [header-byte] write $ffa517 = 13 mask=00ff (pc=018446)
[  14.705] [packet-accepted] total=435 seq=b2 flags=04 status=13 pc=01845e command=43 arg=22
[  14.721]   [header-byte] write $ffa517 = 10 mask=00ff (pc=018446)
[  14.721] [packet-accepted] total=436 seq=b3 flags=04 status=10 pc=01845e command=43 arg=22
[  15.019] heartbeat frame=900 tx=2334 rx=2158 fc=1 fd=10 fe=1 linkflag=81 pc=000288 a502=00 a524=0000 a525=00 a170=08 a17f=00 txtail=001e rxpend=0000
[  15.019] [transport] captured=2334 flushed=2334 received=2158 accepted=436 payload2=425 payload3=0 payload4=0 payload5=0 pump_reads=1088 bursts=470 txcredit=0 outq=0 inq=0 watchdog=17 txseq=d6 rxseq=b4 rxcredit=0 protection=00 checks=0000
[  15.019] [epochs] local=1 peer=1 ready=true discarded_rx=0
[  15.019] [game-state] a142=04 a13e=02 a13f=03 a530=7322 a506=03 a507=00 a508=00 a7b0=0000 a7a6=4322 script=01a3ee mode=01 rule=01 base=70 margin=6 difficulty=0 preset=0
[  15.019] [tcb-continuations] ffa580=ff80->018392 sleep=0 local26=7710 ffa5c0=ff80->01853c sleep=0 local26=1600 ffd040=ff80->018e08 sleep=178 local26=8300 ffd100=ff80->01fbb4 sleep=0 local26=0000 ffd140=ff80->01fbb6 sleep=0 local26=0002 ffd180=ff80->01fbb6 sleep=0 local26=00a2 ffd1c0=ff80->01fbb6 sleep=0 local26=01c2 ffd200=ff80->01fbb6 sleep=0 local26=02e2 ffd240=ff80->01902e sleep=0 local26=0000 ffd280=ff80->027726 sleep=0 local26=0001
[  15.145]   [menu-state] write $ffa170 = 0000 mask=ff00 (pc=01afb6)
[  15.145]   [menu-state] write $ffa170 = 8282 mask=ff00 (pc=01afd8)
[  15.145]   [menu-state] write $ffa176 = 0000 mask=ff00 (pc=01afde)
[  15.145]   [header-byte] write $ffa513 = 00 mask=00ff (pc=01afe6)
[  15.145]   [header-byte] write $ffa513 = 10 mask=00ff (pc=01affe)
[  15.145]   [header-byte] write $ffa513 = 50 mask=00ff (pc=01b022)
[  15.145]   [header-byte] write $ffa513 = 54 mask=00ff (pc=01b044)
[  15.146]   [menu-state] write $ffa170 = 8282 mask=ff00 (pc=018062)
[  15.146]   [menu-state] write $ffa176 = 0000 mask=ff00 (pc=01afde)
[  15.146]   [header-byte] write $ffa513 = 00 mask=00ff (pc=01afe6)
[  15.146]   [header-byte] write $ffa513 = 10 mask=00ff (pc=01affe)
[  15.146]   [header-byte] write $ffa513 = 50 mask=00ff (pc=01b022)
[  15.146]   [header-byte] write $ffa513 = 54 mask=00ff (pc=01b044)
[  15.479]   [header-byte] write $ffa517 = 10 mask=00ff (pc=018446)
[  15.723]   [header-byte] write $ffa517 = 10 mask=00ff (pc=018446)
[  16.021] heartbeat frame=960 tx=2340 rx=2164 fc=1 fd=10 fe=1 linkflag=81 pc=000288 a502=00 a524=0000 a525=00 a170=82 a17f=00 txtail=0024 rxpend=0000
[  16.021] [transport] captured=2340 flushed=2340 received=2164 accepted=438 payload2=425 payload3=0 payload4=0 payload5=0 pump_reads=1150 bursts=472 txcredit=0 outq=0 inq=0 watchdog=17 txseq=d8 rxseq=b6 rxcredit=0 protection=00 checks=0000
[  16.021] [epochs] local=1 peer=1 ready=true discarded_rx=0
[  16.021] [game-state] a142=02 a13e=02 a13f=03 a530=7322 a506=03 a507=00 a508=00 a7b0=0000 a7a6=4322 script=01f7f6 mode=01 rule=01 base=70 margin=6 difficulty=0 preset=0
[  16.021] [tcb-continuations] ffa580=ff80->018392 sleep=0 local26=7710 ffa5c0=ff80->01853c sleep=0 local26=0300 ffd100=ff80->023daa sleep=0 local26=0000 ffd140=ff80->023c40 sleep=0 local26=0000 ffd180=ff80->023c70 sleep=0 local26=0002 ffd1c0=ff80->023c70 sleep=0 local26=0000 ffd200=ff80->023c08 sleep=0 local26=0000
[  16.223]   [header-byte] write $ffa517 = 10 mask=00ff (pc=018446)
[  16.724]   [header-byte] write $ffa517 = 10 mask=00ff (pc=018446)
[  17.022] heartbeat frame=1020 tx=2346 rx=2170 fc=1 fd=10 fe=1 linkflag=81 pc=000288 a502=00 a524=0000 a525=00 a170=82 a17f=00 txtail=002a rxpend=0000
[  17.022] [transport] captured=2346 flushed=2346 received=2170 accepted=440 payload2=425 payload3=0 payload4=0 payload5=0 pump_reads=1212 bursts=474 txcredit=0 outq=0 inq=0 watchdog=17 txseq=da rxseq=b8 rxcredit=0 protection=00 checks=0000
[  17.022] [epochs] local=1 peer=1 ready=true discarded_rx=0
[  17.022] [tcb-continuations] ffa580=ff80->018392 sleep=0 local26=7710 ffa5c0=ff80->01853c sleep=0 local26=0300 ffd100=ff80->023f42 sleep=1 local26=0000 ffd200=ff80->023c3e sleep=0 local26=0000
[  17.226]   [header-byte] write $ffa517 = 10 mask=00ff (pc=018446)
[  17.726]   [header-byte] write $ffa517 = 10 mask=00ff (pc=018446)
[  18.023] heartbeat frame=1080 tx=2349 rx=2176 fc=1 fd=10 fe=1 linkflag=81 pc=001edc a502=00 a524=0000 a525=00 a170=82 a17f=00 txtail=002d rxpend=0000
[  18.023] [transport] captured=2349 flushed=2349 received=2176 accepted=442 payload2=425 payload3=0 payload4=0 payload5=0 pump_reads=1274 bursts=475 txcredit=0 outq=0 inq=0 watchdog=10 txseq=db rxseq=ba rxcredit=0 protection=00 checks=0000
[  18.023] [epochs] local=1 peer=1 ready=true discarded_rx=0
[  18.023] [game-state] a142=02 a13e=02 a13f=03 a530=7322 a506=03 a507=00 a508=00 a7b0=0000 a7a6=4322 script=01a4b0 mode=01 rule=01 base=120 margin=6 difficulty=2 preset=0
[  18.023] [tcb-continuations] ffa580=ff80->018392 sleep=0 local26=7710 ffa5c0=ff80->01853c sleep=0 local26=1a00
[  18.414]   [header-byte] write $ffa517 = 11 mask=00ff (pc=018446)
[  18.727]   [header-byte] write $ffa517 = 11 mask=00ff (pc=018446)
[  19.024] heartbeat frame=1140 tx=2355 rx=2182 fc=1 fd=10 fe=1 linkflag=81 pc=000288 a502=00 a524=0000 a525=00 a170=82 a17f=00 txtail=0033 rxpend=0000
[  19.024] [transport] captured=2355 flushed=2355 received=2182 accepted=444 payload2=425 payload3=0 payload4=0 payload5=0 pump_reads=1336 bursts=477 txcredit=0 outq=0 inq=0 watchdog=17 txseq=dd rxseq=bc rxcredit=0 protection=00 checks=0000
[  19.024] [epochs] local=1 peer=1 ready=true discarded_rx=0
[  19.024] [game-state] a142=02 a13e=02 a13f=03 a530=7322 a506=03 a507=00 a508=00 a7b0=0022 a7a6=4322 script=01a51a mode=01 rule=01 base=120 margin=6 difficulty=2 preset=0
[  19.024] [tcb-continuations] ffa580=ff80->018392 sleep=0 local26=7710 ffa5c0=ff80->01853c sleep=0 local26=0300 ffd040=ffc0->00daca sleep=0 local26=0000 ffd080=ffc0->004f14 sleep=0 local26=0000 ffd0c0=ffc0->004f14 sleep=0 local26=0000 ffd100=ff80->006782 sleep=0 local26=0000 ffd140=ffc0->007f6e sleep=0 local26=0000 ffd180=ff80->00539a sleep=0 local26=0200 ffd1c0=ff00->005660 sleep=0 local26=f002 ffd200=ff00->0056e4 sleep=0 local26=0000 ffd240=ff80->00539a sleep=0 local26=0200 ffd280=ff00->005660 sleep=0 local26=f002 ffd2c0=ff00->0056e4 sleep=0 local26=0000 ffd300=ff80->0086ee sleep=0 local26=0000 ffd340=ff80->0086ee sleep=0 local26=0000
[  19.210]   [header-byte] write $ffa517 = 11 mask=00ff (pc=018446)
[  19.711]   [header-byte] write $ffa517 = 11 mask=00ff (pc=018446)
[  20.026] heartbeat frame=1200 tx=2361 rx=2188 fc=1 fd=10 fe=1 linkflag=81 pc=00028a a502=00 a524=0000 a525=00 a170=82 a17f=00 txtail=0039 rxpend=0000
[  20.026] [transport] captured=2361 flushed=2361 received=2188 accepted=446 payload2=425 payload3=0 payload4=0 payload5=0 pump_reads=1398 bursts=479 txcredit=0 outq=0 inq=0 watchdog=18 txseq=df rxseq=be rxcredit=0 protection=00 checks=0000
[  20.026] [epochs] local=1 peer=1 ready=true discarded_rx=0
[  20.026] [tcb-continuations] ffa580=ff80->018392 sleep=0 local26=7710 ffa5c0=ff80->01853c sleep=0 local26=0300 ffd040=ffc0->00daca sleep=0 local26=0000 ffd080=ffc0->004f14 sleep=0 local26=0000 ffd0c0=ffc0->004f14 sleep=0 local26=0000 ffd100=ff80->006782 sleep=0 local26=0000 ffd140=ffc0->007f6e sleep=0 local26=0000 ffd180=ff80->0054b2 sleep=0 local26=0200 ffd240=ff80->0054b2 sleep=0 local26=0200
[  20.162]   [header-byte] write $ffa517 = 11 mask=00ff (pc=018446)
[  20.646]   [header-byte] write $ffa517 = 11 mask=00ff (pc=018446)
[  21.027] heartbeat frame=1260 tx=2367 rx=2194 fc=1 fd=10 fe=1 linkflag=81 pc=000288 a502=00 a524=0000 a525=00 a170=82 a17f=00 txtail=003f rxpend=0000
[  21.027] [transport] captured=2367 flushed=2367 received=2194 accepted=448 payload2=425 payload3=0 payload4=0 payload5=0 pump_reads=1460 bursts=481 txcredit=0 outq=0 inq=0 watchdog=22 txseq=e1 rxseq=c0 rxcredit=0 protection=00 checks=0000
[  21.027] [epochs] local=1 peer=1 ready=true discarded_rx=0
[  21.027] [tcb-continuations] ffa580=ff80->018392 sleep=0 local26=7710 ffa5c0=ff80->01853c sleep=0 local26=0300 ffd040=ffc0->00daca sleep=0 local26=0000 ffd080=ffc0->004f30 sleep=0 local26=0000 ffd0c0=ffc0->004f30 sleep=0 local26=0000 ffd100=ff80->006782 sleep=0 local26=0000 ffd140=ffc0->007fb6 sleep=0 local26=0000
[  21.049] [game-command] data=7878 mask=ff00 pc=007ffa requests=00
[  21.097] [game-command] data=f8f8 mask=ff00 pc=008022 requests=00
[  21.147]   [header-byte] write $ffa517 = 11 mask=00ff (pc=018446)
[  21.597]   [header-byte] write $ffa517 = 11 mask=00ff (pc=018446)
[  22.028] heartbeat frame=1320 tx=2385 rx=2200 fc=1 fd=10 fe=1 linkflag=81 pc=00028a a502=00 a524=0000 a525=00 a170=82 a17f=00 txtail=0051 rxpend=0000
[  22.028] [transport] captured=2385 flushed=2385 received=2200 accepted=450 payload2=425 payload3=0 payload4=0 payload5=0 pump_reads=1522 bursts=485 txcredit=0 outq=0 inq=0 watchdog=25 txseq=e5 rxseq=c2 rxcredit=0 protection=00 checks=0000
[  22.028] [epochs] local=1 peer=1 ready=true discarded_rx=0
[  22.028] [game-state] a142=02 a13e=02 a13f=03 a530=f822 a506=03 a507=00 a508=00 a7b0=0022 a7a6=4322 script=01a51a mode=01 rule=01 base=120 margin=6 difficulty=2 preset=0
[  22.028] [tcb-continuations] ffa580=ff80->018392 sleep=0 local26=7710 ffa5c0=ff80->01853c sleep=0 local26=1a00 ffd040=ffc0->00daca sleep=0 local26=0000 ffd080=ffc0->00504e sleep=0 local26=3100 ffd0c0=ffc0->00504e sleep=0 local26=3100 ffd100=ff80->006782 sleep=0 local26=0000 ffd140=ffc0->008082 sleep=0 local26=030a ffd180=ff80->007944 sleep=0 local26=0000 ffd1c0=ff80->007d70 sleep=0 local26=0000 ffd200=ff80->007944 sleep=0 local26=0000 ffd240=ff80->007d70 sleep=0 local26=0000 ffe140=ff00->008362 sleep=0 local26=ffdc ffe180=ff00->008362 sleep=0 local26=ffdc ffe1c0=ff00->008362 sleep=0 local26=ffdc ffe200=ff00->008362 sleep=0 local26=ffdc ffe240=ff00->008362 sleep=0 local26=ffdc ffe280=ff00->008362 sleep=0 local26=ffdc ffe2c0=ff00->008362 sleep=0 local26=ffdc ffe300=ff00->008362 sleep=0 local26=ffdc ffe340=ff00->008362 sleep=0 local26=ffdc ffe380=ff00->008362 sleep=0 local26=ffdc ffe440=ff00->008362 sleep=0 local26=ffdc ffe480=ff00->008362 sleep=0 local26=ffdc ffe4c0=ff00->008362 sleep=0 local26=ffdc ffe500=ff00->008362 sleep=0 local26=ffdc ffe540=ff00->008362 sleep=0 local26=ffdc ffe5c0=ff00->008362 sleep=0 local26=ffdc ffe600=ff00->008362 sleep=0 local26=ffdc ffe640=ff00->008362 sleep=0 local26=ffdc ffe680=ff00->008362 sleep=0 local26=ffdc
[  22.081]   [header-byte] write $ffa517 = 11 mask=00ff (pc=018446)
[  22.565]   [header-byte] write $ffa517 = 11 mask=00ff (pc=018446)
[  23.030] heartbeat frame=1380 tx=2391 rx=2206 fc=1 fd=10 fe=1 linkflag=81 pc=000288 a502=00 a524=0000 a525=00 a170=82 a17f=00 txtail=0057 rxpend=0000
[  23.030] [transport] captured=2391 flushed=2391 received=2206 accepted=452 payload2=425 payload3=0 payload4=0 payload5=0 pump_reads=1584 bursts=487 txcredit=0 outq=0 inq=0 watchdog=27 txseq=e7 rxseq=c4 rxcredit=0 protection=00 checks=0000
[  23.030] [epochs] local=1 peer=1 ready=true discarded_rx=0
[  23.030] [tcb-continuations] ffa580=ff80->018392 sleep=0 local26=7710 ffa5c0=ff80->01853c sleep=0 local26=1a00 ffd040=ffc0->00daca sleep=0 local26=0000 ffd080=ffc0->00504e sleep=0 local26=6d00 ffd0c0=ffc0->00504e sleep=0 local26=6d00 ffd100=ff80->006782 sleep=0 local26=0000 ffd140=ffc0->008082 sleep=0 local26=030a ffd180=ff80->007944 sleep=0 local26=0000 ffd1c0=ff80->007d70 sleep=0 local26=0000 ffd200=ff80->007944 sleep=0 local26=0000 ffd240=ff80->007d70 sleep=0 local26=0000
[  23.065]   [header-byte] write $ffa517 = 11 mask=00ff (pc=018446)
[  23.583]   [header-byte] write $ffa517 = 11 mask=00ff (pc=018446)
[  24.031] heartbeat frame=1440 tx=2397 rx=2212 fc=1 fd=10 fe=1 linkflag=81 pc=000288 a502=00 a524=0000 a525=00 a170=82 a17f=00 txtail=005d rxpend=0000
[  24.031] [transport] captured=2397 flushed=2397 received=2212 accepted=454 payload2=425 payload3=0 payload4=0 payload5=0 pump_reads=1646 bursts=489 txcredit=0 outq=0 inq=0 watchdog=26 txseq=e9 rxseq=c6 rxcredit=0 protection=00 checks=0000
[  24.031] [epochs] local=1 peer=1 ready=true discarded_rx=0
[  24.031] [tcb-continuations] ffa580=ff80->018392 sleep=0 local26=7710 ffa5c0=ff80->01853c sleep=0 local26=1a00 ffd040=ffc0->00daca sleep=0 local26=0000 ffd080=ffc0->00504e sleep=0 local26=a900 ffd0c0=ffc0->00504e sleep=0 local26=a900 ffd100=ff80->006782 sleep=0 local26=0000 ffd140=ffc0->008082 sleep=0 local26=020a ffd180=ff80->007944 sleep=0 local26=0000 ffd1c0=ff80->007d70 sleep=0 local26=0000 ffd200=ff80->007944 sleep=0 local26=0000 ffd240=ff80->007d70 sleep=0 local26=0000
[  24.067]   [header-byte] write $ffa517 = 11 mask=00ff (pc=018446)
[  24.951]   [header-byte] write $ffa517 = 11 mask=00ff (pc=018446)
[  24.985] [attack-state] address=ffa7e0 data=8080 mask=ff00 pc=0050ce protection=00
[  24.985] [attack-state] address=ffa7e4 data=8080 mask=ff00 pc=0050ce protection=00
[  25.032] heartbeat frame=1500 tx=2403 rx=2218 fc=1 fd=10 fe=1 linkflag=81 pc=00028a a502=00 a524=0000 a525=00 a170=82 a17f=00 txtail=0063 rxpend=0000
[  25.032] [transport] captured=2403 flushed=2403 received=2218 accepted=456 payload2=425 payload3=0 payload4=0 payload5=0 pump_reads=1708 bursts=491 txcredit=0 outq=0 inq=0 watchdog=4 txseq=eb rxseq=c8 rxcredit=0 protection=00 checks=0000
[  25.032] [epochs] local=1 peer=1 ready=true discarded_rx=0
[  25.032] [tcb-continuations] ffa580=ff80->018392 sleep=0 local26=7710 ffa5c0=ff80->01853c sleep=0 local26=1a00 ffd040=ffc0->00daca sleep=0 local26=0000 ffd080=ffc0->004fbc sleep=0 local26=0000 ffd0c0=ffc0->004fbc sleep=0 local26=0000 ffd100=ff80->006782 sleep=0 local26=0000 ffd140=ffc0->008082 sleep=0 local26=010a ffd180=ff00->0079fe sleep=13 local26=0000 ffd1c0=ff00->0079fe sleep=5 local26=0000 ffd200=ff00->0079fe sleep=13 local26=0000 ffd240=ff00->0079fe sleep=5 local26=0000
[  25.452]   [header-byte] write $ffa517 = 11 mask=00ff (pc=018446)
[  26.034] heartbeat frame=1560 tx=2409 rx=2221 fc=1 fd=10 fe=1 linkflag=81 pc=00028a a502=00 a524=0000 a525=00 a170=82 a17f=00 txtail=0069 rxpend=0000
[  26.034] [transport] captured=2409 flushed=2409 received=2221 accepted=457 payload2=425 payload3=0 payload4=0 payload5=0 pump_reads=1769 bursts=493 txcredit=0 outq=0 inq=0 watchdog=34 txseq=ed rxseq=c9 rxcredit=0 protection=00 checks=0000
[  26.034] [epochs] local=1 peer=1 ready=true discarded_rx=0
[  26.034] [tcb-continuations] ffa580=ff80->018392 sleep=0 local26=7710 ffa5c0=ff80->01853c sleep=0 local26=1a00 ffd040=ffc0->00daca sleep=0 local26=0000 ffd080=ffc0->00504e sleep=0 local26=3900 ffd0c0=ffc0->00504e sleep=0 local26=3900 ffd100=ff80->006782 sleep=0 local26=0000 ffd140=ffc0->008082 sleep=0 local26=000a ffd280=ff80->007944 sleep=0 local26=0000 ffd2c0=ff80->007d70 sleep=0 local26=0000 ffd300=ff80->007944 sleep=0 local26=0000 ffd340=ff80->007d70 sleep=0 local26=0000
[  26.171]   [header-byte] write $ffa517 = 11 mask=00ff (pc=018446)
[  26.653]   [header-byte] write $ffa517 = 11 mask=00ff (pc=018446)
[  27.035] heartbeat frame=1620 tx=2415 rx=2227 fc=1 fd=10 fe=1 linkflag=81 pc=00028a a502=00 a524=0000 a525=00 a170=82 a17f=00 txtail=006f rxpend=0000
[  27.035] [transport] captured=2415 flushed=2415 received=2227 accepted=459 payload2=425 payload3=0 payload4=0 payload5=0 pump_reads=1831 bursts=495 txcredit=0 outq=0 inq=0 watchdog=22 txseq=ef rxseq=cb rxcredit=0 protection=00 checks=0000
[  27.035] [epochs] local=1 peer=1 ready=true discarded_rx=0
[  27.035] [tcb-continuations] ffa580=ff80->018392 sleep=0 local26=7710 ffa5c0=ff80->01853c sleep=0 local26=1a00 ffd040=ffc0->00daca sleep=0 local26=0000 ffd080=ffc0->00504e sleep=0 local26=7500 ffd0c0=ffc0->00504e sleep=0 local26=7500 ffd100=ff80->006782 sleep=0 local26=0000 ffd140=ffc0->008082 sleep=0 local26=000a ffd280=ff80->007944 sleep=0 local26=0000 ffd2c0=ff80->007d70 sleep=0 local26=0000 ffd300=ff80->007944 sleep=0 local26=0000 ffd340=ff80->007d70 sleep=0 local26=0000
[  27.438]   [header-byte] write $ffa517 = 11 mask=00ff (pc=018446)
[  28.036] heartbeat frame=1680 tx=2421 rx=2230 fc=1 fd=10 fe=1 linkflag=81 pc=00028a a502=00 a524=0000 a525=00 a170=82 a17f=00 txtail=0075 rxpend=0000
[  28.036] [transport] captured=2421 flushed=2421 received=2230 accepted=460 payload2=425 payload3=0 payload4=0 payload5=0 pump_reads=1892 bursts=497 txcredit=0 outq=0 inq=0 watchdog=35 txseq=f1 rxseq=cc rxcredit=0 protection=00 checks=0000
[  28.036] [epochs] local=1 peer=1 ready=true discarded_rx=0
[  28.036] [tcb-continuations] ffa580=ff80->018392 sleep=0 local26=7710 ffa5c0=ff80->01853c sleep=0 local26=1a00 ffd040=ffc0->00daca sleep=0 local26=0000 ffd080=ffc0->00504e sleep=0 local26=b100 ffd0c0=ffc0->00504e sleep=0 local26=b100 ffd100=ff80->006782 sleep=0 local26=0000 ffd140=ffc0->008082 sleep=0 local26=02ff ffd280=ff80->007944 sleep=0 local26=0001 ffd2c0=ff80->007d70 sleep=0 local26=0000 ffd300=ff80->007944 sleep=0 local26=0001 ffd340=ff80->007d70 sleep=0 local26=0000
[  28.157]   [header-byte] write $ffa517 = 11 mask=00ff (pc=018446)
[  28.623]   [header-byte] write $ffa517 = 11 mask=00ff (pc=018446)
[  29.037] heartbeat frame=1740 tx=2427 rx=2236 fc=1 fd=10 fe=1 linkflag=81 pc=000288 a502=00 a524=0000 a525=00 a170=82 a17f=00 txtail=007b rxpend=0000
[  29.037] [transport] captured=2427 flushed=2427 received=2236 accepted=462 payload2=425 payload3=0 payload4=0 payload5=0 pump_reads=1954 bursts=499 txcredit=0 outq=0 inq=0 watchdog=24 txseq=f3 rxseq=ce rxcredit=0 protection=00 checks=0000
[  29.037] [epochs] local=1 peer=1 ready=true discarded_rx=0
[  29.037] [tcb-continuations] ffa580=ff80->018392 sleep=0 local26=7710 ffa5c0=ff80->01853c sleep=0 local26=1a00 ffd040=ffc0->00daca sleep=0 local26=0000 ffd080=ffc0->00504e sleep=0 local26=0500 ffd0c0=ffc0->00504e sleep=0 local26=0500 ffd100=ff80->006782 sleep=0 local26=0000 ffd140=ffc0->008082 sleep=0 local26=00ff ffd180=ff80->007944 sleep=0 local26=0000 ffd1c0=ff80->007d70 sleep=0 local26=0000 ffd200=ff80->007944 sleep=0 local26=0000 ffd240=ff80->007d70 sleep=0 local26=0000 ffd280=ff00->0079fe sleep=5 local26=0001 ffd2c0=ff00->007a24 sleep=0 local26=0600 ffd300=ff00->0079fe sleep=5 local26=0001 ffd340=ff00->007a24 sleep=0 local26=0600 ffe000=ff00->0070c2 sleep=0 local26=2b00
[  29.124]   [header-byte] write $ffa517 = 11 mask=00ff (pc=018446)
[  29.891]   [header-byte] write $ffa517 = 11 mask=00ff (pc=018446)
[  30.039] heartbeat frame=1800 tx=2433 rx=2242 fc=1 fd=10 fe=1 linkflag=81 pc=000288 a502=00 a524=0000 a525=00 a170=82 a17f=00 txtail=0081 rxpend=0000
[  30.039] [transport] captured=2433 flushed=2433 received=2242 accepted=464 payload2=425 payload3=0 payload4=0 payload5=0 pump_reads=2016 bursts=501 txcredit=0 outq=0 inq=0 watchdog=8 txseq=f5 rxseq=d0 rxcredit=0 protection=00 checks=0000
[  30.039] [epochs] local=1 peer=1 ready=true discarded_rx=0
[  30.039] [tcb-continuations] ffa580=ff80->018392 sleep=0 local26=7710 ffa5c0=ff80->01853c sleep=0 local26=1a00 ffd040=ffc0->00daca sleep=0 local26=0000 ffd080=ffc0->00504e sleep=0 local26=4100 ffd0c0=ffc0->00504e sleep=0 local26=4100 ffd100=ff80->006782 sleep=0 local26=0000 ffd140=ffc0->008082 sleep=0 local26=031c ffd180=ff80->007944 sleep=0 local26=0000 ffd1c0=ff80->007d70 sleep=0 local26=0000 ffd200=ff80->007944 sleep=0 local26=0000 ffd240=ff80->007d70 sleep=0 local26=0000 ffe000=ff00->0070c2 sleep=0 local26=2b00 ffe040=ff00->0070c2 sleep=0 local26=2000
[  30.341]   [header-byte] write $ffa517 = 11 mask=00ff (pc=018446)
[  30.843]   [header-byte] write $ffa517 = 11 mask=00ff (pc=018446)
[  31.040] heartbeat frame=1860 tx=2439 rx=2248 fc=1 fd=10 fe=1 linkflag=81 pc=000288 a502=00 a524=0000 a525=00 a170=82 a17f=00 txtail=0087 rxpend=0000
[  31.040] [transport] captured=2439 flushed=2439 received=2248 accepted=466 payload2=425 payload3=0 payload4=0 payload5=0 pump_reads=2078 bursts=503 txcredit=0 outq=0 inq=0 watchdog=11 txseq=f7 rxseq=d2 rxcredit=0 protection=00 checks=0000
[  31.040] [epochs] local=1 peer=1 ready=true discarded_rx=0
[  31.040] [tcb-continuations] ffa580=ff80->018392 sleep=0 local26=7710 ffa5c0=ff80->01853c sleep=0 local26=1a00 ffd040=ffc0->00daca sleep=0 local26=0000 ffd080=ffc0->00504e sleep=0 local26=7d00 ffd0c0=ffc0->00504e sleep=0 local26=7d00 ffd100=ff80->006782 sleep=0 local26=0000 ffd140=ffc0->008082 sleep=0 local26=031c ffd180=ff80->007944 sleep=0 local26=0000 ffd1c0=ff80->007d70 sleep=0 local26=0000 ffd200=ff80->007944 sleep=0 local26=0000 ffd240=ff80->007d70 sleep=0 local26=0000 ffe000=ff00->0070c2 sleep=0 local26=2b00 ffe040=ff00->0070c2 sleep=0 local26=2000
[  31.326]   [header-byte] write $ffa517 = 11 mask=00ff (pc=018446)
[  31.827]   [header-byte] write $ffa517 = 11 mask=00ff (pc=018446)
[  32.041] heartbeat frame=1920 tx=2445 rx=2254 fc=1 fd=10 fe=1 linkflag=81 pc=000288 a502=00 a524=0000 a525=00 a170=82 a17f=00 txtail=008d rxpend=0000
[  32.041] [transport] captured=2445 flushed=2445 received=2254 accepted=468 payload2=425 payload3=0 payload4=0 payload5=0 pump_reads=2140 bursts=505 txcredit=0 outq=0 inq=0 watchdog=12 txseq=f9 rxseq=d4 rxcredit=0 protection=00 checks=0000
[  32.041] [epochs] local=1 peer=1 ready=true discarded_rx=0
[  32.041] [tcb-continuations] ffa580=ff80->018392 sleep=0 local26=7710 ffa5c0=ff80->01853c sleep=0 local26=1a00 ffd040=ffc0->00daca sleep=0 local26=0000 ffd080=ffc0->00504e sleep=0 local26=b900 ffd0c0=ffc0->00504e sleep=0 local26=b900 ffd100=ff80->006782 sleep=0 local26=0000 ffd140=ffc0->008082 sleep=0 local26=021c ffd180=ff80->007944 sleep=0 local26=0001 ffd1c0=ff80->007d70 sleep=0 local26=0000 ffd200=ff80->007944 sleep=0 local26=0001 ffd240=ff80->007d70 sleep=0 local26=0000 ffe000=ff00->0070c2 sleep=0 local26=2b00
[  32.311]   [header-byte] write $ffa517 = 11 mask=00ff (pc=018446)
[  32.811]   [header-byte] write $ffa517 = 11 mask=00ff (pc=018446)
[  33.043] heartbeat frame=1980 tx=2451 rx=2260 fc=1 fd=10 fe=1 linkflag=81 pc=000288 a502=00 a524=0000 a525=00 a170=82 a17f=00 txtail=0093 rxpend=0000
[  33.043] [transport] captured=2451 flushed=2451 received=2260 accepted=470 payload2=425 payload3=0 payload4=0 payload5=0 pump_reads=2202 bursts=507 txcredit=0 outq=0 inq=0 watchdog=13 txseq=fb rxseq=d6 rxcredit=0 protection=00 checks=0000
[  33.043] [epochs] local=1 peer=1 ready=true discarded_rx=0
[  33.043] [tcb-continuations] ffa580=ff80->018392 sleep=0 local26=7710 ffa5c0=ff80->01853c sleep=0 local26=1a00 ffd040=ffc0->00daca sleep=0 local26=0000 ffd080=ffc0->00504e sleep=0 local26=0d00 ffd0c0=ffc0->00504e sleep=0 local26=0d00 ffd100=ff80->006782 sleep=0 local26=0000 ffd140=ffc0->008082 sleep=0 local26=011c ffd180=ff00->007a24 sleep=0 local26=0601 ffd1c0=ff00->007a24 sleep=0 local26=0400 ffd200=ff00->007a24 sleep=0 local26=0601 ffd240=ff00->007a24 sleep=0 local26=0400 ffd280=ff80->007944 sleep=0 local26=0000 ffd2c0=ff80->007d70 sleep=0 local26=0000 ffd300=ff80->007944 sleep=0 local26=0000 ffd340=ff80->007d70 sleep=0 local26=0000 ffe000=ff00->0070c2 sleep=0 local26=2b00 ffe040=ff00->0070c2 sleep=0 local26=4100
[  33.579]   [header-byte] write $ffa517 = 11 mask=00ff (pc=018446)
[  34.044] heartbeat frame=2040 tx=2457 rx=2263 fc=1 fd=10 fe=1 linkflag=81 pc=000288 a502=00 a524=0000 a525=00 a170=82 a17f=00 txtail=0099 rxpend=0000
[  34.044] [transport] captured=2457 flushed=2457 received=2263 accepted=471 payload2=425 payload3=0 payload4=0 payload5=0 pump_reads=2263 bursts=509 txcredit=0 outq=0 inq=0 watchdog=27 txseq=fd rxseq=d7 rxcredit=0 protection=00 checks=0000
[  34.044] [epochs] local=1 peer=1 ready=true discarded_rx=0
[  34.044] [tcb-continuations] ffa580=ff80->018392 sleep=0 local26=7710 ffa5c0=ff80->01853c sleep=0 local26=1a00 ffd040=ffc0->00daca sleep=0 local26=0000 ffd080=ffc0->00504e sleep=0 local26=4900 ffd0c0=ffc0->00504e sleep=0 local26=4900 ffd100=ff80->006782 sleep=0 local26=0000 ffd140=ffc0->008082 sleep=0 local26=011c ffd280=ff80->007944 sleep=0 local26=0000 ffd2c0=ff80->007d70 sleep=0 local26=0000 ffd300=ff80->007944 sleep=0 local26=0000 ffd340=ff80->007d70 sleep=0 local26=0000 ffe000=ff00->0070c2 sleep=0 local26=2b00 ffe040=ff00->0070c2 sleep=0 local26=4100
[  34.063]   [header-byte] write $ffa517 = 11 mask=00ff (pc=018446)
[  34.547]   [header-byte] write $ffa517 = 11 mask=00ff (pc=018446)
[  35.045] heartbeat frame=2100 tx=2463 rx=2269 fc=1 fd=10 fe=1 linkflag=81 pc=00028a a502=00 a524=0000 a525=00 a170=82 a17f=00 txtail=009f rxpend=0000
[  35.045] [transport] captured=2463 flushed=2463 received=2269 accepted=473 payload2=425 payload3=0 payload4=0 payload5=0 pump_reads=2325 bursts=511 txcredit=0 outq=0 inq=0 watchdog=29 txseq=ff rxseq=d9 rxcredit=3 protection=00 checks=0000
[  35.045] [epochs] local=1 peer=1 ready=true discarded_rx=0
[  35.045] [tcb-continuations] ffa580=ff80->018392 sleep=0 local26=7710 ffa5c0=ff80->01853c sleep=0 local26=1a00 ffd040=ffc0->00daca sleep=0 local26=0000 ffd080=ffc0->00504e sleep=0 local26=8500 ffd0c0=ffc0->00504e sleep=0 local26=8500 ffd100=ff80->006782 sleep=0 local26=0000 ffd140=ffc0->008082 sleep=0 local26=001c ffd280=ff80->007944 sleep=0 local26=0000 ffd2c0=ff80->007d70 sleep=0 local26=0000 ffd300=ff80->007944 sleep=0 local26=0000 ffd340=ff80->007d70 sleep=0 local26=0000
[  35.048]   [header-byte] write $ffa517 = 11 mask=00ff (pc=018446)
[  35.532]   [header-byte] write $ffa517 = 11 mask=00ff (pc=018446)
[  36.032]   [header-byte] write $ffa517 = 11 mask=00ff (pc=018446)
[  36.046] heartbeat frame=2160 tx=2469 rx=2278 fc=1 fd=10 fe=1 linkflag=81 pc=00028a a502=00 a524=0000 a525=00 a170=82 a17f=00 txtail=00a5 rxpend=0000
[  36.046] [transport] captured=2469 flushed=2469 received=2278 accepted=476 payload2=425 payload3=0 payload4=0 payload5=0 pump_reads=2388 bursts=513 txcredit=0 outq=0 inq=0 watchdog=0 txseq=01 rxseq=dc rxcredit=0 protection=00 checks=0000
[  36.046] [epochs] local=1 peer=1 ready=true discarded_rx=0
[  36.046] [tcb-continuations] ffa580=ff80->018392 sleep=0 local26=7710 ffa5c0=ff80->01853c sleep=0 local26=1a00 ffd040=ffc0->00daca sleep=0 local26=0000 ffd080=ffc0->00504e sleep=0 local26=c100 ffd0c0=ffc0->00504e sleep=0 local26=c100 ffd100=ff80->006782 sleep=0 local26=0000 ffd140=ffc0->008082 sleep=0 local26=01ff ffd280=ff80->007944 sleep=0 local26=0001 ffd2c0=ff80->007d70 sleep=0 local26=0000 ffd300=ff80->007944 sleep=0 local26=0001 ffd340=ff80->007d70 sleep=0 local26=0000
[  36.516]   [header-byte] write $ffa517 = 11 mask=00ff (pc=018446)
[  37.002]   [header-byte] write $ffa517 = 11 mask=00ff (pc=018446)
[  37.048] heartbeat frame=2220 tx=2475 rx=2284 fc=1 fd=10 fe=1 linkflag=81 pc=000288 a502=00 a524=0000 a525=00 a170=82 a17f=00 txtail=00ab rxpend=0000
[  37.048] [transport] captured=2475 flushed=2475 received=2284 accepted=478 payload2=425 payload3=0 payload4=0 payload5=0 pump_reads=2450 bursts=515 txcredit=0 outq=0 inq=0 watchdog=2 txseq=03 rxseq=de rxcredit=0 protection=00 checks=0000
[  37.048] [epochs] local=1 peer=1 ready=true discarded_rx=0
[  37.048] [tcb-continuations] ffa580=ff80->018392 sleep=0 local26=7710 ffa5c0=ff80->01853c sleep=0 local26=1a00 ffd040=ffc0->00daca sleep=0 local26=0000 ffd080=ffc0->00504e sleep=0 local26=0500 ffd0c0=ffc0->00504e sleep=0 local26=0500 ffd100=ff80->006782 sleep=0 local26=0000 ffd140=ffc0->008082 sleep=0 local26=0212 ffd180=ff80->007944 sleep=0 local26=0000 ffd1c0=ff80->007d70 sleep=0 local26=0000 ffd200=ff80->007944 sleep=0 local26=0000 ffd240=ff80->007d70 sleep=0 local26=0000 ffd280=ff00->0079fe sleep=5 local26=0002 ffd2c0=ff00->007a24 sleep=0 local26=0600 ffd300=ff00->0079fe sleep=5 local26=0002 ffd340=ff00->007a24 sleep=0 local26=0600 ffe000=ff00->0070c2 sleep=0 local26=2000
[  37.501]   [header-byte] write $ffa517 = 11 mask=00ff (pc=018446)
[  37.985]   [header-byte] write $ffa517 = 11 mask=00ff (pc=018446)
[  37.985] [packet-accepted] total=480 seq=df flags=00 status=11 pc=01845e
[  38.049] heartbeat frame=2280 tx=2481 rx=2290 fc=1 fd=10 fe=1 linkflag=81 pc=00028a a502=00 a524=0000 a525=00 a170=82 a17f=00 txtail=00b1 rxpend=0000
[  38.049] [transport] captured=2481 flushed=2481 received=2290 accepted=480 payload2=425 payload3=0 payload4=0 payload5=0 pump_reads=2512 bursts=517 txcredit=0 outq=0 inq=0 watchdog=3 txseq=05 rxseq=e0 rxcredit=0 protection=00 checks=0000
[  38.049] [epochs] local=1 peer=1 ready=true discarded_rx=0
[  38.049] [tcb-continuations] ffa580=ff80->018392 sleep=0 local26=7710 ffa5c0=ff80->01853c sleep=0 local26=1a00 ffd040=ffc0->00daca sleep=0 local26=0000 ffd080=ffc0->00504e sleep=0 local26=4100 ffd0c0=ffc0->00504e sleep=0 local26=4100 ffd100=ff80->006782 sleep=0 local26=0000 ffd140=ffc0->008082 sleep=0 local26=0112 ffd180=ff80->007944 sleep=0 local26=0000 ffd1c0=ff80->007d70 sleep=0 local26=0000 ffd200=ff80->007944 sleep=0 local26=0000 ffd240=ff80->007d70 sleep=0 local26=0000 ffe000=ff00->0070c2 sleep=0 local26=2000
[  38.486]   [header-byte] write $ffa517 = 11 mask=00ff (pc=018446)
[  38.969]   [header-byte] write $ffa517 = 11 mask=00ff (pc=018446)
[  39.050] heartbeat frame=2340 tx=2487 rx=2296 fc=1 fd=10 fe=1 linkflag=81 pc=00028a a502=00 a524=0000 a525=00 a170=82 a17f=00 txtail=00b7 rxpend=0000
[  39.050] [transport] captured=2487 flushed=2487 received=2296 accepted=482 payload2=425 payload3=0 payload4=0 payload5=0 pump_reads=2574 bursts=519 txcredit=0 outq=0 inq=0 watchdog=4 txseq=07 rxseq=e2 rxcredit=0 protection=00 checks=0000
[  39.050] [epochs] local=1 peer=1 ready=true discarded_rx=0
[  39.050] [tcb-continuations] ffa580=ff80->018392 sleep=0 local26=7710 ffa5c0=ff80->01853c sleep=0 local26=1a00 ffd040=ffc0->00daca sleep=0 local26=0000 ffd080=ffc0->00504e sleep=0 local26=7d00 ffd0c0=ffc0->00504e sleep=0 local26=7d00 ffd100=ff80->006782 sleep=0 local26=0000 ffd140=ffc0->008082 sleep=0 local26=0012 ffd180=ff80->007944 sleep=0 local26=0000 ffd1c0=ff80->007d70 sleep=0 local26=0000 ffd200=ff80->007944 sleep=0 local26=0000 ffd240=ff80->007d70 sleep=0 local26=0000 ffe000=ff00->0070c2 sleep=0 local26=2000 ffe040=ff00->0070c2 sleep=0 local26=2b00
[  39.470]   [header-byte] write $ffa517 = 11 mask=00ff (pc=018446)
[  39.954]   [header-byte] write $ffa517 = 11 mask=00ff (pc=018446)
[  40.052] heartbeat frame=2400 tx=2493 rx=2302 fc=1 fd=10 fe=1 linkflag=81 pc=000288 a502=00 a524=0000 a525=00 a170=82 a17f=00 txtail=00bd rxpend=0000
[  40.052] [transport] captured=2493 flushed=2493 received=2302 accepted=484 payload2=425 payload3=0 payload4=0 payload5=0 pump_reads=2636 bursts=521 txcredit=0 outq=0 inq=0 watchdog=5 txseq=09 rxseq=e4 rxcredit=0 protection=00 checks=0000
[  40.052] [epochs] local=1 peer=1 ready=true discarded_rx=0
[  40.052] [tcb-continuations] ffa580=ff80->018392 sleep=0 local26=7710 ffa5c0=ff80->01853c sleep=0 local26=1a00 ffd040=ffc0->00daca sleep=0 local26=0000 ffd080=ffc0->00504e sleep=0 local26=b900 ffd0c0=ffc0->00504e sleep=0 local26=b900 ffd100=ff80->006782 sleep=0 local26=0000 ffd140=ffc0->008082 sleep=0 local26=0012 ffd180=ff80->007944 sleep=0 local26=0001 ffd1c0=ff80->007d70 sleep=0 local26=0000 ffd200=ff80->007944 sleep=0 local26=0001 ffd240=ff80->007d70 sleep=0 local26=0000 ffe000=ff00->0070c2 sleep=0 local26=2000 ffe040=ff00->0070c2 sleep=0 local26=2b00
[  40.421]   [header-byte] write $ffa517 = 11 mask=00ff (pc=018446)
[  40.905]   [header-byte] write $ffa517 = 11 mask=00ff (pc=018446)
[  41.053] heartbeat frame=2460 tx=2499 rx=2308 fc=1 fd=10 fe=1 linkflag=81 pc=00028a a502=00 a524=0000 a525=00 a170=82 a17f=00 txtail=00c3 rxpend=0000
[  41.053] [transport] captured=2499 flushed=2499 received=2308 accepted=486 payload2=425 payload3=0 payload4=0 payload5=0 pump_reads=2698 bursts=523 txcredit=0 outq=0 inq=0 watchdog=8 txseq=0b rxseq=e6 rxcredit=0 protection=00 checks=0000
[  41.053] [epochs] local=1 peer=1 ready=true discarded_rx=0
[  41.053] [tcb-continuations] ffa580=ff80->018392 sleep=0 local26=7710 ffa5c0=ff80->01853c sleep=0 local26=1a00 ffd040=ffc0->00daca sleep=0 local26=0000 ffd080=ffc0->00504e sleep=0 local26=2500 ffd0c0=ffc0->00504e sleep=0 local26=2500 ffd100=ff80->006782 sleep=0 local26=0000 ffd140=ffc0->008082 sleep=0 local26=00ff ffd280=ff80->007944 sleep=0 local26=0000 ffd2c0=ff80->007d70 sleep=0 local26=0000 ffd300=ff80->007944 sleep=0 local26=0000 ffd340=ff80->007d70 sleep=0 local26=0000 ffe040=ff00->0070c2 sleep=0 local26=2b00
[  41.406]   [header-byte] write $ffa517 = 11 mask=00ff (pc=018446)
[  41.923]   [header-byte] write $ffa517 = 11 mask=00ff (pc=018446)
[  42.054] heartbeat frame=2520 tx=2505 rx=2314 fc=1 fd=10 fe=1 linkflag=81 pc=000288 a502=00 a524=0000 a525=00 a170=82 a17f=00 txtail=00c9 rxpend=0000
[  42.054] [transport] captured=2505 flushed=2505 received=2314 accepted=488 payload2=425 payload3=0 payload4=0 payload5=0 pump_reads=2760 bursts=525 txcredit=0 outq=0 inq=0 watchdog=7 txseq=0d rxseq=e8 rxcredit=0 protection=00 checks=0000
[  42.054] [epochs] local=1 peer=1 ready=true discarded_rx=0
[  42.054] [tcb-continuations] ffa580=ff80->018392 sleep=0 local26=7710 ffa5c0=ff80->01853c sleep=0 local26=1a00 ffd040=ffc0->00daca sleep=0 local26=0000 ffd080=ffc0->00504e sleep=0 local26=6100 ffd0c0=ffc0->00504e sleep=0 local26=6100 ffd100=ff80->006782 sleep=0 local26=0000 ffd140=ffc0->008082 sleep=0 local26=00ff ffd280=ff80->007944 sleep=0 local26=0000 ffd2c0=ff80->007d70 sleep=0 local26=0000 ffd300=ff80->007944 sleep=0 local26=0000 ffd340=ff80->007d70 sleep=0 local26=0000 ffe000=ff00->0070c2 sleep=0 local26=4100 ffe040=ff00->0070c2 sleep=0 local26=2b00
[  42.424]   [header-byte] write $ffa517 = 11 mask=00ff (pc=018446)
[  42.960]   [header-byte] write $ffa517 = 11 mask=00ff (pc=018446)
[  43.055] heartbeat frame=2580 tx=2511 rx=2320 fc=1 fd=10 fe=1 linkflag=81 pc=00028a a502=00 a524=0000 a525=00 a170=82 a17f=00 txtail=00cf rxpend=0000
[  43.055] [transport] captured=2511 flushed=2511 received=2320 accepted=490 payload2=425 payload3=0 payload4=0 payload5=0 pump_reads=2822 bursts=527 txcredit=0 outq=0 inq=0 watchdog=5 txseq=0f rxseq=ea rxcredit=0 protection=00 checks=0000
[  43.055] [epochs] local=1 peer=1 ready=true discarded_rx=0
[  43.055] [tcb-continuations] ffa580=ff80->018392 sleep=0 local26=7710 ffa5c0=ff80->01853c sleep=0 local26=1a00 ffd040=ffc0->00daca sleep=0 local26=0000 ffd080=ffc0->00504e sleep=0 local26=9d00 ffd0c0=ffc0->00504e sleep=0 local26=9d00 ffd100=ff80->006782 sleep=0 local26=0000 ffd140=ffc0->008082 sleep=0 local26=030f ffd280=ff80->007944 sleep=0 local26=0000 ffd2c0=ff80->007d70 sleep=0 local26=0000 ffd300=ff80->007944 sleep=0 local26=0000 ffd340=ff80->007d70 sleep=0 local26=0000 ffe000=ff00->0070c2 sleep=0 local26=4100
[  43.459]   [header-byte] write $ffa517 = 11 mask=00ff (pc=018446)
[  43.959]   [header-byte] write $ffa517 = 11 mask=00ff (pc=018446)
[  44.057] heartbeat frame=2640 tx=2517 rx=2326 fc=1 fd=10 fe=1 linkflag=81 pc=00028a a502=00 a524=0000 a525=00 a170=82 a17f=00 txtail=00d5 rxpend=0000
[  44.057] [transport] captured=2517 flushed=2517 received=2326 accepted=492 payload2=425 payload3=0 payload4=0 payload5=0 pump_reads=2884 bursts=529 txcredit=0 outq=0 inq=0 watchdog=5 txseq=11 rxseq=ec rxcredit=0 protection=00 checks=0000
[  44.057] [epochs] local=1 peer=1 ready=true discarded_rx=0
[  44.057] [tcb-continuations] ffa580=ff80->018392 sleep=0 local26=7710 ffa5c0=ff80->01853c sleep=0 local26=1a00 ffd040=ffc0->00daca sleep=0 local26=0000 ffd080=ffc0->00504e sleep=0 local26=d900 ffd0c0=ffc0->00504e sleep=0 local26=d900 ffd100=ff80->006782 sleep=0 local26=0000 ffd140=ffc0->008082 sleep=0 local26=020f ffd280=ff80->0079d4 sleep=0 local26=0001 ffd2c0=ff00->0079fe sleep=17 local26=0000 ffd300=ff80->0079d4 sleep=0 local26=0001 ffd340=ff00->0079fe sleep=17 local26=0000 ffe000=ff00->0070c2 sleep=0 local26=4100
[  44.461]   [header-byte] write $ffa517 = 11 mask=00ff (pc=018446)
[  44.960]   [header-byte] write $ffa517 = 11 mask=00ff (pc=018446)
[  45.058] heartbeat frame=2700 tx=2523 rx=2332 fc=1 fd=10 fe=1 linkflag=81 pc=00028a a502=00 a524=0000 a525=00 a170=82 a17f=00 txtail=00db rxpend=0000
[  45.058] [transport] captured=2523 flushed=2523 received=2332 accepted=494 payload2=425 payload3=0 payload4=0 payload5=0 pump_reads=2946 bursts=531 txcredit=0 outq=0 inq=0 watchdog=5 txseq=13 rxseq=ee rxcredit=0 protection=00 checks=0000
[  45.058] [epochs] local=1 peer=1 ready=true discarded_rx=0
[  45.058] [tcb-continuations] ffa580=ff80->018392 sleep=0 local26=7710 ffa5c0=ff80->01853c sleep=0 local26=1a00 ffd040=ffc0->00daca sleep=0 local26=0000 ffd080=ffc0->00504e sleep=0 local26=2d00 ffd0c0=ffc0->00504e sleep=0 local26=2d00 ffd100=ff80->006782 sleep=0 local26=0000 ffd140=ffc0->008082 sleep=0 local26=020f ffd180=ff80->007944 sleep=0 local26=0000 ffd1c0=ff80->007d70 sleep=0 local26=0000 ffd200=ff80->007944 sleep=0 local26=0000 ffd240=ff80->007d70 sleep=0 local26=0000 ffe040=ff00->0070c2 sleep=0 local26=4c00
[  45.445]   [header-byte] write $ffa517 = 11 mask=00ff (pc=018446)
[  45.928]   [header-byte] write $ffa517 = 11 mask=00ff (pc=018446)
[  46.059] heartbeat frame=2760 tx=2529 rx=2338 fc=1 fd=10 fe=1 linkflag=81 pc=000288 a502=00 a524=0000 a525=00 a170=82 a17f=00 txtail=00e1 rxpend=0000
[  46.059] [transport] captured=2529 flushed=2529 received=2338 accepted=496 payload2=425 payload3=0 payload4=0 payload5=0 pump_reads=3008 bursts=533 txcredit=0 outq=0 inq=0 watchdog=7 txseq=15 rxseq=f0 rxcredit=0 protection=00 checks=0000
[  46.059] [epochs] local=1 peer=1 ready=true discarded_rx=0
[  46.059] [tcb-continuations] ffa580=ff80->018392 sleep=0 local26=7710 ffa5c0=ff80->01853c sleep=0 local26=1a00 ffd040=ffc0->00daca sleep=0 local26=0000 ffd080=ffc0->00504e sleep=0 local26=6900 ffd0c0=ffc0->00504e sleep=0 local26=6900 ffd100=ff80->006782 sleep=0 local26=0000 ffd140=ffc0->008082 sleep=0 local26=000f ffd180=ff80->007944 sleep=0 local26=0000 ffd1c0=ff80->007d70 sleep=0 local26=0000 ffd200=ff80->007944 sleep=0 local26=0000 ffd240=ff80->007d70 sleep=0 local26=0000 ffe040=ff00->0070c2 sleep=0 local26=4c00
[  46.429]   [header-byte] write $ffa517 = 11 mask=00ff (pc=018446)
[  46.913]   [header-byte] write $ffa517 = 11 mask=00ff (pc=018446)
[  47.061] heartbeat frame=2820 tx=2535 rx=2344 fc=1 fd=10 fe=1 linkflag=81 pc=00028a a502=00 a524=0000 a525=00 a170=82 a17f=00 txtail=00e7 rxpend=0000
[  47.061] [transport] captured=2535 flushed=2535 received=2344 accepted=498 payload2=425 payload3=0 payload4=0 payload5=0 pump_reads=3070 bursts=535 txcredit=0 outq=0 inq=0 watchdog=8 txseq=17 rxseq=f2 rxcredit=0 protection=00 checks=0000
[  47.061] [epochs] local=1 peer=1 ready=true discarded_rx=0
[  47.061] [tcb-continuations] ffa580=ff80->018392 sleep=0 local26=7710 ffa5c0=ff80->01853c sleep=0 local26=1a00 ffd040=ffc0->00daca sleep=0 local26=0000 ffd080=ffc0->00504e sleep=0 local26=a500 ffd0c0=ffc0->00504e sleep=0 local26=a500 ffd100=ff80->006782 sleep=0 local26=0000 ffd140=ffc0->008082 sleep=0 local26=00ff ffd180=ff80->007944 sleep=0 local26=0000 ffd1c0=ff80->007d70 sleep=0 local26=0000 ffd200=ff80->007944 sleep=0 local26=0000 ffd240=ff80->007d70 sleep=0 local26=0000 ffe040=ff00->0070c2 sleep=0 local26=4c00
[  47.397]   [header-byte] write $ffa517 = 11 mask=00ff (pc=018446)
[  48.031]   [header-byte] write $ffa517 = 11 mask=00ff (pc=018446)
[  48.062] heartbeat frame=2880 tx=2541 rx=2350 fc=1 fd=10 fe=1 linkflag=81 pc=000288 a502=00 a524=0000 a525=00 a170=82 a17f=00 txtail=00ed rxpend=0000
[  48.062] [transport] captured=2541 flushed=2541 received=2350 accepted=500 payload2=425 payload3=0 payload4=0 payload5=0 pump_reads=3132 bursts=537 txcredit=0 outq=0 inq=0 watchdog=1 txseq=19 rxseq=f4 rxcredit=0 protection=00 checks=0000
[  48.062] [epochs] local=1 peer=1 ready=true discarded_rx=0
[  48.062] [tcb-continuations] ffa580=ff80->018392 sleep=0 local26=7710 ffa5c0=ff80->01853c sleep=0 local26=1a00 ffd040=ffc0->00daca sleep=0 local26=0000 ffd080=ffc0->00504e sleep=0 local26=2100 ffd0c0=ffc0->00504e sleep=0 local26=2100 ffd100=ff80->006782 sleep=0 local26=0000 ffd140=ffc0->008082 sleep=0 local26=00ff ffd180=ff00->007a24 sleep=0 local26=0100 ffd1c0=ff00->007a24 sleep=0 local26=0100 ffd200=ff00->007a24 sleep=0 local26=0100 ffd240=ff00->007a24 sleep=0 local26=0100 ffd280=ff80->007944 sleep=0 local26=0000 ffd2c0=ff80->007d70 sleep=0 local26=0000 ffd300=ff80->007944 sleep=0 local26=0000 ffd340=ff80->007d70 sleep=0 local26=0000 ffe000=ff00->0070c2 sleep=0 local26=2000
[  48.515]   [header-byte] write $ffa517 = 11 mask=00ff (pc=018446)
[  49.017]   [header-byte] write $ffa517 = 11 mask=00ff (pc=018446)
[  49.063] heartbeat frame=2940 tx=2547 rx=2356 fc=1 fd=10 fe=1 linkflag=81 pc=00028a a502=00 a524=0000 a525=00 a170=82 a17f=00 txtail=00f3 rxpend=0000
[  49.063] [transport] captured=2547 flushed=2547 received=2356 accepted=502 payload2=425 payload3=0 payload4=0 payload5=0 pump_reads=3194 bursts=539 txcredit=0 outq=0 inq=0 watchdog=2 txseq=1b rxseq=f6 rxcredit=0 protection=00 checks=0000
[  49.063] [epochs] local=1 peer=1 ready=true discarded_rx=0
[  49.063] [tcb-continuations] ffa580=ff80->018392 sleep=0 local26=7710 ffa5c0=ff80->01853c sleep=0 local26=1a00 ffd040=ffc0->00daca sleep=0 local26=0000 ffd080=ffc0->00504e sleep=0 local26=5d00 ffd0c0=ffc0->00504e sleep=0 local26=5d00 ffd100=ff80->006782 sleep=0 local26=0000 ffd140=ffc0->008082 sleep=0 local26=00ff ffd280=ff80->007944 sleep=0 local26=0000 ffd2c0=ff80->007d70 sleep=0 local26=0000 ffd300=ff80->007944 sleep=0 local26=0000 ffd340=ff80->007d70 sleep=0 local26=0000 ffe000=ff00->0070c2 sleep=0 local26=2000
[  49.517]   [header-byte] write $ffa517 = 11 mask=00ff (pc=018446)
[  50.017]   [header-byte] write $ffa517 = 11 mask=00ff (pc=018446)
[  50.064] heartbeat frame=3000 tx=2553 rx=2362 fc=1 fd=10 fe=1 linkflag=81 pc=00028a a502=00 a524=0000 a525=00 a170=82 a17f=00 txtail=00f9 rxpend=0000
[  50.064] [transport] captured=2553 flushed=2553 received=2362 accepted=504 payload2=425 payload3=0 payload4=0 payload5=0 pump_reads=3256 bursts=541 txcredit=0 outq=0 inq=0 watchdog=2 txseq=1d rxseq=f8 rxcredit=0 protection=00 checks=0000
[  50.064] [epochs] local=1 peer=1 ready=true discarded_rx=0
[  50.064] [tcb-continuations] ffa580=ff80->018392 sleep=0 local26=7710 ffa5c0=ff80->01853c sleep=0 local26=1a00 ffd040=ffc0->00daca sleep=0 local26=0000 ffd080=ffc0->00504e sleep=0 local26=9900 ffd0c0=ffc0->00504e sleep=0 local26=9900 ffd100=ff80->006782 sleep=0 local26=0000 ffd140=ffc0->008082 sleep=0 local26=00ff ffd280=ff80->007944 sleep=0 local26=0001 ffd2c0=ff80->007d70 sleep=0 local26=0000 ffd300=ff80->007944 sleep=0 local26=0002 ffd340=ff80->007d70 sleep=0 local26=0000
[  50.484]   [header-byte] write $ffa517 = 11 mask=00ff (pc=018446)
[  50.985]   [header-byte] write $ffa517 = 11 mask=00ff (pc=018446)
[  51.066] heartbeat frame=3060 tx=2559 rx=2368 fc=1 fd=10 fe=1 linkflag=81 pc=00028a a502=00 a524=0000 a525=00 a170=82 a17f=00 txtail=00ff rxpend=0000
[  51.066] [transport] captured=2559 flushed=2559 received=2368 accepted=506 payload2=425 payload3=0 payload4=0 payload5=0 pump_reads=3318 bursts=543 txcredit=0 outq=0 inq=0 watchdog=4 txseq=1f rxseq=fa rxcredit=0 protection=00 checks=0000
[  51.066] [epochs] local=1 peer=1 ready=true discarded_rx=0
[  51.066] [tcb-continuations] ffa580=ff80->018392 sleep=0 local26=7710 ffa5c0=ff80->01853c sleep=0 local26=1a00 ffd040=ffc0->00daca sleep=0 local26=0000 ffd080=ffc0->00504e sleep=0 local26=0d00 ffd0c0=ffc0->0050b6 sleep=2 local26=0000 ffd100=ff80->006782 sleep=0 local26=0000 ffd140=ffc0->008082 sleep=0 local26=00ff ffd180=ff80->007944 sleep=0 local26=0000 ffd1c0=ff80->007d70 sleep=0 local26=0000 ffd280=ff00->007a24 sleep=0 local26=0601 ffd2c0=ff00->007a24 sleep=0 local26=0400 ffd300=ff00->0079fe sleep=18 local26=0003 ffd340=ff00->0079fe sleep=10 local26=0000
[  51.485]   [header-byte] write $ffa517 = 11 mask=00ff (pc=018446)
[  51.969]   [header-byte] write $ffa517 = 11 mask=00ff (pc=018446)
[  52.067] heartbeat frame=3120 tx=2565 rx=2374 fc=1 fd=10 fe=1 linkflag=81 pc=00028a a502=00 a524=0000 a525=00 a170=82 a17f=00 txtail=0005 rxpend=0000
[  52.067] [transport] captured=2565 flushed=2565 received=2374 accepted=508 payload2=425 payload3=0 payload4=0 payload5=0 pump_reads=3380 bursts=545 txcredit=0 outq=0 inq=0 watchdog=5 txseq=21 rxseq=fc rxcredit=0 protection=00 checks=0000
[  52.067] [epochs] local=1 peer=1 ready=true discarded_rx=0
[  52.067] [tcb-continuations] ffa580=ff80->018392 sleep=0 local26=7710 ffa5c0=ff80->01853c sleep=0 local26=1a00 ffd040=ffc0->00daca sleep=0 local26=0000 ffd080=ffc0->00504e sleep=0 local26=4900 ffd0c0=ffc0->00504e sleep=0 local26=3400 ffd100=ff80->006782 sleep=0 local26=0000 ffd140=ffc0->008082 sleep=0 local26=0301 ffd180=ff80->007944 sleep=0 local26=0000 ffd1c0=ff80->007d70 sleep=0 local26=0000 ffd200=ff80->007944 sleep=0 local26=0000 ffd240=ff80->007d70 sleep=0 local26=0000
[  52.453]   [header-byte] write $ffa517 = 11 mask=00ff (pc=018446)
[  52.987]   [header-byte] write $ffa517 = 11 mask=00ff (pc=018446)
[  53.068] heartbeat frame=3180 tx=2571 rx=2380 fc=1 fd=10 fe=1 linkflag=81 pc=00028a a502=00 a524=0000 a525=00 a170=82 a17f=00 txtail=000b rxpend=0000
[  53.068] [transport] captured=2571 flushed=2571 received=2380 accepted=510 payload2=425 payload3=0 payload4=0 payload5=0 pump_reads=3442 bursts=547 txcredit=0 outq=0 inq=0 watchdog=4 txseq=23 rxseq=fe rxcredit=0 protection=00 checks=0000
[  53.068] [epochs] local=1 peer=1 ready=true discarded_rx=0
[  53.068] [tcb-continuations] ffa580=ff80->018392 sleep=0 local26=7710 ffa5c0=ff80->01853c sleep=0 local26=1a00 ffd040=ffc0->00daca sleep=0 local26=0000 ffd080=ffc0->00504e sleep=0 local26=8500 ffd0c0=ffc0->00504e sleep=0 local26=7000 ffd100=ff80->006782 sleep=0 local26=0000 ffd140=ffc0->008082 sleep=0 local26=0301 ffd180=ff80->007944 sleep=0 local26=0000 ffd1c0=ff80->007d70 sleep=0 local26=0000 ffd200=ff80->007944 sleep=0 local26=0000 ffd240=ff80->007d70 sleep=0 local26=0000 ffe000=ff00->0070c2 sleep=0 local26=3600
[  53.488]   [header-byte] write $ffa517 = 11 mask=00ff (pc=018446)
[  53.989]   [header-byte] write $ffa517 = 11 mask=00ff (pc=018446)
[  54.070] heartbeat frame=3240 tx=2577 rx=2386 fc=1 fd=10 fe=1 linkflag=81 pc=000288 a502=00 a524=0000 a525=00 a170=82 a17f=00 txtail=0011 rxpend=0000
[  54.070] [transport] captured=2577 flushed=2577 received=2386 accepted=512 payload2=425 payload3=0 payload4=0 payload5=0 pump_reads=3504 bursts=549 txcredit=0 outq=0 inq=0 watchdog=4 txseq=25 rxseq=00 rxcredit=0 protection=00 checks=0000
[  54.070] [epochs] local=1 peer=1 ready=true discarded_rx=0
[  54.070] [tcb-continuations] ffa580=ff80->018392 sleep=0 local26=7710 ffa5c0=ff80->01853c sleep=0 local26=1a00 ffd040=ffc0->00daca sleep=0 local26=0000 ffd080=ffc0->0050b6 sleep=1 local26=0000 ffd0c0=ffc0->00504e sleep=0 local26=ac00 ffd100=ff80->006782 sleep=0 local26=0000 ffd140=ffc0->008082 sleep=0 local26=0201 ffd180=ff00->0079fe sleep=17 local26=0001 ffd1c0=ff00->0079fe sleep=9 local26=0000 ffd200=ff80->007944 sleep=0 local26=0001 ffd240=ff80->007d70 sleep=0 local26=0000 ffe000=ff00->0070c2 sleep=0 local26=3600
[  54.472]   [header-byte] write $ffa517 = 11 mask=00ff (pc=018446)
[  54.958]   [header-byte] write $ffa517 = 11 mask=00ff (pc=018446)
[  55.071] heartbeat frame=3300 tx=2583 rx=2392 fc=1 fd=10 fe=1 linkflag=81 pc=000288 a502=00 a524=0000 a525=00 a170=82 a17f=00 txtail=0017 rxpend=0000
[  55.071] [transport] captured=2583 flushed=2583 received=2392 accepted=514 payload2=425 payload3=0 payload4=0 payload5=0 pump_reads=3566 bursts=551 txcredit=0 outq=0 inq=0 watchdog=6 txseq=27 rxseq=02 rxcredit=0 protection=00 checks=0000
[  55.071] [epochs] local=1 peer=1 ready=true discarded_rx=0
[  55.071] [tcb-continuations] ffa580=ff80->018392 sleep=0 local26=7710 ffa5c0=ff80->01853c sleep=0 local26=1a00 ffd040=ffc0->00daca sleep=0 local26=0000 ffd080=ffc0->00504e sleep=0 local26=3500 ffd0c0=ffc0->00504e sleep=0 local26=1000 ffd100=ff80->006782 sleep=0 local26=0000 ffd140=ffc0->008082 sleep=0 local26=0101 ffd180=ff80->007944 sleep=0 local26=0000 ffd1c0=ff80->007d70 sleep=0 local26=0000 ffd200=ff00->007a24 sleep=0 local26=0502 ffd240=ff00->007a24 sleep=0 local26=0500 ffd280=ff80->007944 sleep=0 local26=0000 ffd2c0=ff80->007d70 sleep=0 local26=0000 ffe000=ff00->0070c2 sleep=0 local26=4100
[  55.457]   [header-byte] write $ffa517 = 11 mask=00ff (pc=018446)
[  55.941]   [header-byte] write $ffa517 = 11 mask=00ff (pc=018446)
[  56.072] heartbeat frame=3360 tx=2589 rx=2398 fc=1 fd=10 fe=1 linkflag=81 pc=000288 a502=00 a524=0000 a525=00 a170=82 a17f=00 txtail=001d rxpend=0000
[  56.072] [transport] captured=2589 flushed=2589 received=2398 accepted=516 payload2=425 payload3=0 payload4=0 payload5=0 pump_reads=3628 bursts=553 txcredit=0 outq=0 inq=0 watchdog=7 txseq=29 rxseq=04 rxcredit=0 protection=00 checks=0000
[  56.072] [epochs] local=1 peer=1 ready=true discarded_rx=0
[  56.072] [tcb-continuations] ffa580=ff80->018392 sleep=0 local26=7710 ffa5c0=ff80->01853c sleep=0 local26=1a00 ffd040=ffc0->00daca sleep=0 local26=0000 ffd080=ffc0->00504e sleep=0 local26=7100 ffd0c0=ffc0->00504e sleep=0 local26=4c00 ffd100=ff80->006782 sleep=0 local26=0000 ffd140=ffc0->008082 sleep=0 local26=0101 ffd180=ff80->007944 sleep=0 local26=0000 ffd1c0=ff80->007d70 sleep=0 local26=0000 ffd280=ff80->007944 sleep=0 local26=0000 ffd2c0=ff80->007d70 sleep=0 local26=0000 ffe000=ff00->0070c2 sleep=0 local26=4100
[  56.442]   [header-byte] write $ffa517 = 11 mask=00ff (pc=018446)
[  56.926]   [header-byte] write $ffa517 = 11 mask=00ff (pc=018446)
[  57.073] heartbeat frame=3420 tx=2595 rx=2404 fc=1 fd=10 fe=1 linkflag=81 pc=000288 a502=00 a524=0000 a525=00 a170=82 a17f=00 txtail=0023 rxpend=0000
[  57.073] [transport] captured=2595 flushed=2595 received=2404 accepted=518 payload2=425 payload3=0 payload4=0 payload5=0 pump_reads=3690 bursts=555 txcredit=0 outq=0 inq=0 watchdog=8 txseq=2b rxseq=06 rxcredit=0 protection=00 checks=0000
[  57.073] [epochs] local=1 peer=1 ready=true discarded_rx=0
[  57.073] [tcb-continuations] ffa580=ff80->018392 sleep=0 local26=7710 ffa5c0=ff80->01853c sleep=0 local26=1a00 ffd040=ffc0->00daca sleep=0 local26=0000 ffd080=ffc0->00504e sleep=0 local26=ad00 ffd0c0=ffc0->00504e sleep=0 local26=8800 ffd100=ff80->006782 sleep=0 local26=0000 ffd140=ffc0->008082 sleep=0 local26=0001 ffd180=ff80->007944 sleep=0 local26=0001 ffd1c0=ff80->007d70 sleep=0 local26=0000 ffd280=ff80->007944 sleep=0 local26=0001 ffd2c0=ff80->007d70 sleep=0 local26=0000
[  57.410]   [header-byte] write $ffa517 = 11 mask=00ff (pc=018446)
[  57.894]   [header-byte] write $ffa517 = 11 mask=00ff (pc=018446)
[  58.075] heartbeat frame=3480 tx=2601 rx=2410 fc=1 fd=10 fe=1 linkflag=81 pc=000288 a502=00 a524=0000 a525=00 a170=82 a17f=00 txtail=0029 rxpend=0000
[  58.075] [transport] captured=2601 flushed=2601 received=2410 accepted=520 payload2=425 payload3=0 payload4=0 payload5=0 pump_reads=3752 bursts=557 txcredit=0 outq=0 inq=0 watchdog=10 txseq=2d rxseq=08 rxcredit=0 protection=00 checks=0000
[  58.075] [epochs] local=1 peer=1 ready=true discarded_rx=0
[  58.075] [tcb-continuations] ffa580=ff80->018392 sleep=0 local26=7710 ffa5c0=ff80->01853c sleep=0 local26=1a00 ffd040=ffc0->00daca sleep=0 local26=0000 ffd080=ffc0->00504e sleep=0 local26=0e00 ffd0c0=ffc0->00508e sleep=0 local26=0000 ffd100=ff80->006782 sleep=0 local26=0000 ffd140=ffc0->008082 sleep=0 local26=04ff ffd180=ff00->0079fe sleep=21 local26=0002 ffd1c0=ff00->0079fe sleep=22 local26=0000 ffd200=ff80->007944 sleep=0 local26=0000 ffd240=ff80->007d70 sleep=0 local26=0000 ffd280=ff00->007a24 sleep=0 local26=0602 ffd2c0=ff00->007a24 sleep=0 local26=0400
[  58.378]   [header-byte] write $ffa517 = 11 mask=00ff (pc=018446)
[  58.861]   [header-byte] write $ffa517 = 11 mask=00ff (pc=018446)
[  59.076] heartbeat frame=3540 tx=2607 rx=2416 fc=1 fd=10 fe=1 linkflag=81 pc=00028a a502=00 a524=0000 a525=00 a170=82 a17f=00 txtail=002f rxpend=0000
[  59.076] [transport] captured=2607 flushed=2607 received=2416 accepted=522 payload2=425 payload3=0 payload4=0 payload5=0 pump_reads=3814 bursts=559 txcredit=0 outq=0 inq=0 watchdog=12 txseq=2f rxseq=0a rxcredit=0 protection=00 checks=0000
[  59.076] [epochs] local=1 peer=1 ready=true discarded_rx=0
[  59.076] [tcb-continuations] ffa580=ff80->018392 sleep=0 local26=7710 ffa5c0=ff80->01853c sleep=0 local26=1a00 ffd040=ffc0->00daca sleep=0 local26=0000 ffd080=ffc0->00504e sleep=0 local26=4a00 ffd0c0=ffc0->00504e sleep=0 local26=3000 ffd100=ff80->006782 sleep=0 local26=0000 ffd140=ffc0->008082 sleep=0 local26=02ff ffd200=ff80->007944 sleep=0 local26=0000 ffd240=ff80->007d70 sleep=0 local26=0000 ffd300=ff80->007944 sleep=0 local26=0000 ffd340=ff80->007d70 sleep=0 local26=0000
[  59.362]   [header-byte] write $ffa517 = 11 mask=00ff (pc=018446)
[  59.847]   [header-byte] write $ffa517 = 11 mask=00ff (pc=018446)
[  60.077] heartbeat frame=3600 tx=2613 rx=2422 fc=1 fd=10 fe=1 linkflag=81 pc=00028a a502=00 a524=0000 a525=00 a170=82 a17f=00 txtail=0035 rxpend=0000
[  60.077] [transport] captured=2613 flushed=2613 received=2422 accepted=524 payload2=425 payload3=0 payload4=0 payload5=0 pump_reads=3876 bursts=561 txcredit=0 outq=0 inq=0 watchdog=13 txseq=31 rxseq=0c rxcredit=0 protection=00 checks=0000
[  60.077] [epochs] local=1 peer=1 ready=true discarded_rx=0
[  60.077] [tcb-continuations] ffa580=ff80->018392 sleep=0 local26=7710 ffa5c0=ff80->01853c sleep=0 local26=1a00 ffd040=ffc0->00daca sleep=0 local26=0000 ffd080=ffc0->00504e sleep=0 local26=8600 ffd0c0=ffc0->00504e sleep=0 local26=6c00 ffd100=ff80->006782 sleep=0 local26=0000 ffd140=ffc0->008082 sleep=0 local26=0303 ffd200=ff80->007944 sleep=0 local26=0000 ffd240=ff80->007d70 sleep=0 local26=0000 ffd300=ff80->007944 sleep=0 local26=0000 ffd340=ff80->007d70 sleep=0 local26=0000 ffe000=ff00->0070c2 sleep=0 local26=3600
[  60.297]   [header-byte] write $ffa517 = 11 mask=00ff (pc=018446)
[  60.782]   [header-byte] write $ffa517 = 11 mask=00ff (pc=018446)
[  61.079] heartbeat frame=3660 tx=2619 rx=2428 fc=1 fd=10 fe=1 linkflag=81 pc=000288 a502=00 a524=0000 a525=00 a170=82 a17f=00 txtail=003b rxpend=0000
[  61.079] [transport] captured=2619 flushed=2619 received=2428 accepted=526 payload2=425 payload3=0 payload4=0 payload5=0 pump_reads=3938 bursts=563 txcredit=0 outq=0 inq=0 watchdog=17 txseq=33 rxseq=0e rxcredit=0 protection=00 checks=0000
[  61.079] [epochs] local=1 peer=1 ready=true discarded_rx=0
[  61.079] [tcb-continuations] ffa580=ff80->018392 sleep=0 local26=7710 ffa5c0=ff80->01853c sleep=0 local26=1a00 ffd040=ffc0->00daca sleep=0 local26=0000 ffd080=ffc0->0050ba sleep=0 local26=0000 ffd0c0=ffc0->00504e sleep=0 local26=a800 ffd100=ff80->006782 sleep=0 local26=0000 ffd140=ffc0->008082 sleep=0 local26=0303 ffd200=ff00->0079fe sleep=16 local26=0001 ffd240=ff00->0079fe sleep=8 local26=0000 ffd300=ff80->0079d4 sleep=0 local26=0001 ffd340=ff00->0079fe sleep=18 local26=0000 ffe000=ff00->0070c2 sleep=0 local26=3600
[  61.265]   [header-byte] write $ffa517 = 11 mask=00ff (pc=018446)
[  61.749]   [header-byte] write $ffa517 = 11 mask=00ff (pc=018446)
[  62.080] heartbeat frame=3720 tx=2625 rx=2434 fc=1 fd=10 fe=1 linkflag=81 pc=000288 a502=00 a524=0000 a525=00 a170=82 a17f=00 txtail=0041 rxpend=0000
[  62.080] [transport] captured=2625 flushed=2625 received=2434 accepted=528 payload2=425 payload3=0 payload4=0 payload5=0 pump_reads=4000 bursts=565 txcredit=0 outq=0 inq=0 watchdog=19 txseq=35 rxseq=10 rxcredit=0 protection=00 checks=0000
[  62.080] [epochs] local=1 peer=1 ready=true discarded_rx=0
[  62.080] [tcb-continuations] ffa580=ff80->018392 sleep=0 local26=7710 ffa5c0=ff80->01853c sleep=0 local26=1a00 ffd040=ffc0->00daca sleep=0 local26=0000 ffd080=ffc0->00504e sleep=0 local26=3600 ffd0c0=ffc0->00504e sleep=0 local26=2c00 ffd100=ff80->006782 sleep=0 local26=0000 ffd140=ffc0->008082 sleep=0 local26=0203 ffd180=ff80->007944 sleep=0 local26=0000 ffd1c0=ff80->007d70 sleep=0 local26=0000 ffd280=ff80->007944 sleep=0 local26=0000 ffd2c0=ff80->007d70 sleep=0 local26=0000
[  62.233]   [header-byte] write $ffa517 = 11 mask=00ff (pc=018446)
[  62.768]   [header-byte] write $ffa517 = 11 mask=00ff (pc=018446)
[  63.081] heartbeat frame=3780 tx=2631 rx=2440 fc=1 fd=10 fe=1 linkflag=81 pc=000288 a502=00 a524=0000 a525=00 a170=82 a17f=00 txtail=0047 rxpend=0000
[  63.081] [transport] captured=2631 flushed=2631 received=2440 accepted=530 payload2=425 payload3=0 payload4=0 payload5=0 pump_reads=4062 bursts=567 txcredit=0 outq=0 inq=0 watchdog=18 txseq=37 rxseq=12 rxcredit=0 protection=00 checks=0000
[  63.081] [epochs] local=1 peer=1 ready=true discarded_rx=0
[  63.081] [tcb-continuations] ffa580=ff80->018392 sleep=0 local26=7710 ffa5c0=ff80->01853c sleep=0 local26=1a00 ffd040=ffc0->00daca sleep=0 local26=0000 ffd080=ffc0->00504e sleep=0 local26=7200 ffd0c0=ffc0->00504e sleep=0 local26=6800 ffd100=ff80->006782 sleep=0 local26=0000 ffd140=ffc0->008082 sleep=0 local26=0203 ffd180=ff80->007944 sleep=0 local26=0000 ffd1c0=ff80->007d70 sleep=0 local26=0000 ffd280=ff80->007944 sleep=0 local26=0000 ffd2c0=ff80->007d70 sleep=0 local26=0000 ffe000=ff00->0070c2 sleep=0 local26=4100
[  63.267]   [header-byte] write $ffa517 = 11 mask=00ff (pc=018446)
[  63.768]   [header-byte] write $ffa517 = 11 mask=00ff (pc=018446)
[  64.083] heartbeat frame=3840 tx=2637 rx=2446 fc=1 fd=10 fe=1 linkflag=81 pc=000288 a502=00 a524=0000 a525=00 a170=82 a17f=00 txtail=004d rxpend=0000
[  64.083] [transport] captured=2637 flushed=2637 received=2446 accepted=532 payload2=425 payload3=0 payload4=0 payload5=0 pump_reads=4124 bursts=569 txcredit=0 outq=0 inq=0 watchdog=18 txseq=39 rxseq=14 rxcredit=0 protection=00 checks=0000
[  64.083] [epochs] local=1 peer=1 ready=true discarded_rx=0
[  64.083] [tcb-continuations] ffa580=ff80->018392 sleep=0 local26=7710 ffa5c0=ff80->01853c sleep=0 local26=1a00 ffd040=ffc0->00daca sleep=0 local26=0000 ffd080=ffc0->00504e sleep=0 local26=ae00 ffd0c0=ffc0->00504e sleep=0 local26=a400 ffd100=ff80->006782 sleep=0 local26=0000 ffd140=ffc0->008082 sleep=0 local26=0103 ffd180=ff80->007944 sleep=0 local26=0001 ffd1c0=ff80->007d70 sleep=0 local26=0000 ffd280=ff80->007944 sleep=0 local26=0001 ffd2c0=ff80->007d70 sleep=0 local26=0000
[  64.251]   [header-byte] write $ffa517 = 11 mask=00ff (pc=018446)
[  64.736]   [header-byte] write $ffa517 = 11 mask=00ff (pc=018446)
[  64.953] [protection-state] address=ffa024 data=7878 mask=ff00 pc=007848
[  64.953] [garbage-calculation] protection=00 score=0028 divisor=0078 task=ffd0c0 pc=00784e players=2 rule=01 split_remainder=00 base=120 margin=6 seconds=43 mode=01 participants=03 chain=1 difficulty=2 preset=0
[  65.084] heartbeat frame=3900 tx=2643 rx=2452 fc=1 fd=10 fe=1 linkflag=81 pc=000288 a502=00 a524=0000 a525=00 a170=82 a17f=00 txtail=0053 rxpend=0000
[  65.084] [transport] captured=2643 flushed=2643 received=2452 accepted=534 payload2=425 payload3=0 payload4=0 payload5=0 pump_reads=4186 bursts=571 txcredit=0 outq=0 inq=0 watchdog=20 txseq=3b rxseq=16 rxcredit=0 protection=00 checks=0000
[  65.084] [epochs] local=1 peer=1 ready=true discarded_rx=0
[  65.084] [tcb-continuations] ffa580=ff80->018392 sleep=0 local26=7710 ffa5c0=ff80->01853c sleep=0 local26=1a00 ffd040=ffc0->00daca sleep=0 local26=0000 ffd080=ffc0->00504e sleep=0 local26=2200 ffd0c0=ffc0->00514e sleep=17 local26=0001 ffd100=ff80->006782 sleep=0 local26=0000 ffd140=ffc0->008082 sleep=0 local26=0003 ffd180=ff00->007a24 sleep=0 local26=0101 ffd200=ff80->007944 sleep=0 local26=0000 ffd240=ff80->007d70 sleep=0 local26=0000 ffd280=ff00->007a24 sleep=0 local26=0301 ffd2c0=ff00->007a24 sleep=0 local26=0100 ffd300=ff80->00962a sleep=0 local26=0000 ffd340=ff00->009950 sleep=0 local26=002b ffe000=ff00->009ac0 sleep=0 local26=0000 ffe040=ff00->009ac0 sleep=0 local26=0000 ffe080=ff00->009ac0 sleep=0 local26=0000 ffe0c0=ff00->009ac0 sleep=0 local26=0000 ffe100=ff00->009ab6 sleep=0 local26=0000 ffe140=ff00->009ab6 sleep=0 local26=0000 ffe180=ff00->009ab6 sleep=0 local26=0000 ffe1c0=ff00->009ab6 sleep=0 local26=0000 ffe200=ff00->009ab2 sleep=4 local26=0000 ffe240=ff00->009ab2 sleep=4 local26=0000 ffe280=ff00->009ab2 sleep=4 local26=0000 ffe2c0=ff00->009ab2 sleep=4 local26=0000
[  65.237]   [header-byte] write $ffa517 = 11 mask=00ff (pc=018446)
[  65.721]   [header-byte] write $ffa517 = 11 mask=00ff (pc=018446)
[  66.085] heartbeat frame=3960 tx=2649 rx=2458 fc=1 fd=10 fe=1 linkflag=81 pc=000288 a502=00 a524=0000 a525=00 a170=82 a17f=00 txtail=0059 rxpend=0000
[  66.085] [transport] captured=2649 flushed=2649 received=2458 accepted=536 payload2=425 payload3=0 payload4=0 payload5=0 pump_reads=4248 bursts=573 txcredit=0 outq=0 inq=0 watchdog=21 txseq=3d rxseq=18 rxcredit=0 protection=00 checks=0000
[  66.085] [epochs] local=1 peer=1 ready=true discarded_rx=0
[  66.085] [tcb-continuations] ffa580=ff80->018392 sleep=0 local26=7710 ffa5c0=ff80->01853c sleep=0 local26=1a00 ffd040=ffc0->00daca sleep=0 local26=0000 ffd080=ffc0->00504e sleep=0 local26=5e00 ffd0c0=ffc0->00504e sleep=0 local26=0400 ffd100=ff80->006782 sleep=0 local26=0000 ffd140=ffc0->008082 sleep=0 local26=0003 ffd180=ff80->007944 sleep=0 local26=0000 ffd1c0=ff80->007d70 sleep=0 local26=0000 ffd200=ff80->007944 sleep=0 local26=0000 ffd240=ff80->007d70 sleep=0 local26=0000 ffe400=ff00->0070c2 sleep=0 local26=4c00 ffe440=ff00->0070c2 sleep=0 local26=3600
[  66.221]   [header-byte] write $ffa517 = 11 mask=00ff (pc=018446)
[  66.705]   [header-byte] write $ffa517 = 11 mask=00ff (pc=018446)
[  67.086] heartbeat frame=4020 tx=2655 rx=2464 fc=1 fd=10 fe=1 linkflag=81 pc=00028a a502=00 a524=0000 a525=00 a170=82 a17f=00 txtail=005f rxpend=0000
[  67.086] [transport] captured=2655 flushed=2655 received=2464 accepted=538 payload2=425 payload3=0 payload4=0 payload5=0 pump_reads=4310 bursts=575 txcredit=0 outq=0 inq=0 watchdog=22 txseq=3f rxseq=1a rxcredit=0 protection=00 checks=0000
[  67.086] [epochs] local=1 peer=1 ready=true discarded_rx=0
[  67.086] [tcb-continuations] ffa580=ff80->018392 sleep=0 local26=7710 ffa5c0=ff80->01853c sleep=0 local26=1a00 ffd040=ffc0->00daca sleep=0 local26=0000 ffd080=ffc0->005120 sleep=22 local26=0001 ffd0c0=ffc0->00504e sleep=0 local26=4000 ffd100=ff80->006782 sleep=0 local26=0000 ffd140=ffc0->008082 sleep=0 local26=02ff ffd180=ff80->007944 sleep=0 local26=0000 ffd1c0=ff80->007d70 sleep=0 local26=0000 ffd200=ff00->0079fe sleep=15 local26=0001 ffd240=ff00->0079fe sleep=16 local26=0000 ffe440=ff00->0070c2 sleep=0 local26=3600
[  67.191]   [header-byte] write $ffa517 = 11 mask=00ff (pc=018446)
[  67.456] [garbage-calculation] protection=00 score=0028 divisor=0078 task=ffd080 pc=00784e players=2 rule=01 split_remainder=00 base=120 margin=6 seconds=46 mode=01 participants=03 chain=1 difficulty=2 preset=0
[  67.673]   [header-byte] write $ffa517 = 11 mask=00ff (pc=018446)
[  67.673] [packet-accepted] total=540 seq=1b flags=00 status=11 pc=01845e
[  68.088] heartbeat frame=4080 tx=2661 rx=2470 fc=1 fd=10 fe=1 linkflag=81 pc=00028a a502=00 a524=0000 a525=00 a170=82 a17f=00 txtail=0065 rxpend=0000
[  68.088] [transport] captured=2661 flushed=2661 received=2470 accepted=540 payload2=425 payload3=0 payload4=0 payload5=0 pump_reads=4372 bursts=577 txcredit=0 outq=0 inq=0 watchdog=24 txseq=41 rxseq=1c rxcredit=0 protection=00 checks=0000
[  68.088] [epochs] local=1 peer=1 ready=true discarded_rx=0
[  68.088] [tcb-continuations] ffa580=ff80->018392 sleep=0 local26=7710 ffa5c0=ff80->01853c sleep=0 local26=1a00 ffd040=ffc0->00daca sleep=0 local26=0000 ffd080=ffc0->005164 sleep=0 local26=0001 ffd0c0=ffc0->00504e sleep=0 local26=7c00 ffd100=ff80->006782 sleep=0 local26=0000 ffd140=ffc0->008082 sleep=0 local26=00ff ffd180=ff80->007944 sleep=0 local26=0001 ffd1c0=ff80->007d70 sleep=0 local26=0000 ffd280=ff80->00963c sleep=0 local26=0000 ffd2c0=ff00->009950 sleep=0 local26=000d ffe000=ff00->0070c2 sleep=0 local26=4100 ffe100=ff00->0070c2 sleep=0 local26=2b00 ffe340=ff00->009ac0 sleep=0 local26=0000 ffe380=ff00->009ac0 sleep=0 local26=0000 ffe3c0=ff00->009ac0 sleep=0 local26=0000
[  68.174]   [header-byte] write $ffa517 = 11 mask=00ff (pc=018446)
[  68.674]   [header-byte] write $ffa517 = 11 mask=00ff (pc=018446)
[  68.826] [garbage-calculation] protection=00 score=0168 divisor=0078 task=ffd080 pc=00784e players=2 rule=01 split_remainder=00 base=120 margin=6 seconds=47 mode=01 participants=03 chain=2 difficulty=2 preset=0
[  68.826] [attack-state] address=ffa7e2 data=0003 mask=ffff pc=007564 protection=00
[  69.089] heartbeat frame=4140 tx=2667 rx=2476 fc=1 fd=10 fe=1 linkflag=81 pc=000288 a502=00 a524=0000 a525=00 a170=82 a17f=00 txtail=006b rxpend=0000
[  69.089] [transport] captured=2667 flushed=2667 received=2476 accepted=542 payload2=425 payload3=0 payload4=0 payload5=0 pump_reads=4434 bursts=579 txcredit=0 outq=0 inq=0 watchdog=24 txseq=43 rxseq=1e rxcredit=0 protection=00 checks=0000
[  69.089] [epochs] local=1 peer=1 ready=true discarded_rx=0
[  69.089] [tcb-continuations] ffa580=ff80->018392 sleep=0 local26=7710 ffa5c0=ff80->01853c sleep=0 local26=1a00 ffd040=ffc0->00daca sleep=0 local26=0000 ffd080=ffc0->00514e sleep=9 local26=0001 ffd0c0=ffc0->00504e sleep=0 local26=0000 ffd100=ff80->006782 sleep=0 local26=0000 ffd140=ffc0->008082 sleep=0 local26=030b ffd180=ff00->0079fe sleep=10 local26=0001 ffd1c0=ff00->0079fe sleep=2 local26=0000 ffd200=ff80->0095b6 sleep=0 local26=001a ffd240=ff00->009950 sleep=0 local26=0023 ffd280=ff80->007944 sleep=0 local26=0000 ffd2c0=ff80->007d70 sleep=0 local26=0000 ffe000=ff00->009ac0 sleep=0 local26=0000 ffe040=ff00->009ac0 sleep=0 local26=0000 ffe080=ff00->009ac0 sleep=0 local26=0000 ffe0c0=ff00->009ac0 sleep=0 local26=0000 ffe100=ff00->0070c2 sleep=0 local26=2b00 ffe140=ff00->009ac0 sleep=0 local26=0000 ffe180=ff00->009ac0 sleep=0 local26=0000 ffe1c0=ff00->009ac0 sleep=0 local26=0000 ffe200=ff00->009ac0 sleep=0 local26=0000 ffe240=ff00->009ac0 sleep=0 local26=0000 ffe280=ff00->009ac0 sleep=0 local26=0000 ffe2c0=ff00->009ac0 sleep=0 local26=0000 ffe300=ff00->009ac0 sleep=0 local26=0000 ffe340=ff00->009ab6 sleep=0 local26=0000 ffe380=ff00->009ab6 sleep=0 local26=0000 ffe3c0=ff00->009ab6 sleep=0 local26=0000 ffe400=ff00->009ab6 sleep=0 local26=0000
[  69.159]   [header-byte] write $ffa517 = 11 mask=00ff (pc=018446)
[  69.643]   [header-byte] write $ffa517 = 11 mask=00ff (pc=018446)
[  70.007] === session stop ===
