[   0.000] === session start, version=0.6.1 side=B debug=true ===
[   0.000] [rom-guards] cpld_compare=b202 garbage_divisor=323c,ffff
[   0.000] taps installed; out=C:\Users\tbend\mame\PuyoPuyo2\run_latejoin_start2_04_20260911\B_to_A.bin in=C:\Users\tbend\mame\PuyoPuyo2\run_latejoin_start2_04_20260911\A_to_B.bin
[   0.000] SERVICE port fields: Service 1 | 2 Players Start | Service Mode | Coin 2 | Coin 1 | 1 Player Start
[   0.017] [peer-reset] old=0 new=1 local=0 queued_rx=0
[   0.017] [attack-state] address=ffa7f0 data=0000 mask=ffff pc=0181b6 protection=00
[   0.017] [attack-state] address=ffa7f8 data=0000 mask=ffff pc=0181c2 protection=00
[   0.017] [link-state] data=0000 mask=ffff pc=0181ec watchdog=102 expect=0f rxhead=0025 rxtail=0025 rxpend=0000
[   0.017] [protection-state] address=ffa020 data=ff00 mask=ffff pc=000932
[   0.017]   [menu-state] write $ffa172 = 0000 mask=ffff (pc=019320)
[   0.017]   [menu-state] write $ffa170 = 0000 mask=ffff (pc=019320)
[   0.017]   [menu-state] write $ffa17c = 0000 mask=ff00 (pc=019326)
[   0.017]   [menu-state] write $ffa17f = 0000 mask=00ff (pc=01932c)
[   0.017]   [menu-state] write $ffa176 = 0000 mask=ff00 (pc=01afde)
[   0.017]   [header-byte] write $ffa513 = 00 mask=00ff (pc=01afe6)
[   0.017] [protection-checksum] data=0000 mask=ff00 pc=00040e
[   0.017] [protection-checksum] data=0000 mask=00ff pc=000414
[   0.018] [protection-state] address=ffa020 data=0000 mask=ff00 pc=000948
[   0.027]   [menu-state] write $ffa170 = 0000 mask=ff00 (pc=018062)
[   0.027]   [menu-state] write $ffa176 = 0000 mask=ff00 (pc=01afde)
[   0.027]   [header-byte] write $ffa513 = 00 mask=00ff (pc=01afe6)
[   0.162] CONTROL reset pulse start (pc=01823e, prev_bank=cmd)
[   0.162] [reset] discarded tx=0 rx=0
[   0.162] [epoch-reset] local=1 peer=1 queued_rx=0
[   0.401] [link-state] data=7f7f mask=ff00 pc=018334 watchdog=102 expect=0f rxhead=0000 rxtail=0000 rxpend=0000
[   0.418] [epoch-ready] local=1 peer=1
[   0.418] CMD $FE -> cabinet role=2 (ROM linkflag=82)
[   0.418] [link-state] data=8282 mask=ff00 pc=018358 watchdog=102 expect=0f rxhead=0000 rxtail=0000 rxpend=0000
[   0.418]   [header-byte] write $ffa513 = 00 mask=00ff (pc=01afe6)
[   0.435]   [menu-state] write $ffa173 = 8080 mask=00ff (pc=01939c)
[   0.435]   [menu-state] write $ffa171 = 8080 mask=00ff (pc=019466)
[   0.435]   [header-byte] write $ffa513 = 00 mask=00ff (pc=019e4a)
[   0.435]   [header-byte] write $ffa513 = 10 mask=00ff (pc=019e5a)
[   0.435]   [header-byte] write $ffa513 = 00 mask=00ff (pc=01afe6)
[   0.435]   [header-byte] write $ffa513 = 10 mask=00ff (pc=01affe)
[   0.451]   [menu-state] write $ffa171 = 0000 mask=00ff (pc=019466)
[   0.451]   [header-byte] write $ffa513 = 00 mask=00ff (pc=019e4a)
[   0.451]   [header-byte] write $ffa513 = 00 mask=00ff (pc=01afe6)
[   0.468]   [header-byte] write $ffa517 = 00 mask=00ff (pc=018446)
[   0.468] [packet-accepted] total=1 seq=00 flags=00 status=00 pc=01845e
[   0.485]   [header-byte] write $ffa517 = 10 mask=00ff (pc=018446)
[   0.485] [packet-accepted] total=2 seq=01 flags=00 status=10 pc=01845e
[   0.501]   [menu-state] write $ffa171 = 8080 mask=00ff (pc=019466)
[   0.501]   [header-byte] write $ffa513 = 00 mask=00ff (pc=019e4a)
[   0.501]   [header-byte] write $ffa513 = 10 mask=00ff (pc=019e5a)
[   0.501]   [header-byte] write $ffa513 = 00 mask=00ff (pc=01afe6)
[   0.501]   [header-byte] write $ffa513 = 10 mask=00ff (pc=01affe)
[   1.001] heartbeat frame=60 tx=12 rx=6 fc=1 fd=10 fe=1 linkflag=82 pc=00028a a502=00 a524=0000 a525=00 a170=00 a17f=00 txtail=000c rxpend=0000
[   1.001] [transport] captured=12 flushed=12 received=6 accepted=2 payload2=0 payload3=0 payload4=0 payload5=0 pump_reads=36 bursts=4 txcredit=0 outq=0 inq=0 watchdog=30 txseq=04 rxseq=02 rxcredit=0 protection=00 checks=0000
[   1.001] [epochs] local=1 peer=1 ready=true discarded_rx=0
[   1.001] [game-state] a142=04 a13e=02 a13f=05 a530=0b22 a506=00 a507=00 a508=01 a7b0=0000 a7a6=0000 script=019f80 mode=01 rule=01 base=70 margin=6 difficulty=0 preset=0
[   1.001] [tcb-continuations] ffa580=ff80->018392 sleep=0 local26=7710 ffa5c0=ff80->01853c sleep=0 local26=1d00 ffd100=ff80->01b388 sleep=129 local26=0000
[   1.019]   [header-byte] write $ffa517 = 11 mask=00ff (pc=018446)
[   1.019] [packet-accepted] total=3 seq=02 flags=00 status=11 pc=01845e
[   1.519]   [header-byte] write $ffa517 = 11 mask=00ff (pc=018446)
[   1.519] [packet-accepted] total=4 seq=03 flags=00 status=11 pc=01845e
[   1.853]   [header-byte] write $ffa517 = 13 mask=00ff (pc=018446)
[   2.003] heartbeat frame=120 tx=18 rx=15 fc=1 fd=10 fe=1 linkflag=82 pc=00028a a502=00 a524=0000 a525=00 a170=00 a17f=00 txtail=0012 rxpend=0000
[   2.003] [transport] captured=18 flushed=18 received=15 accepted=5 payload2=0 payload3=0 payload4=0 payload5=0 pump_reads=99 bursts=6 txcredit=0 outq=0 inq=0 watchdog=8 txseq=06 rxseq=05 rxcredit=0 protection=00 checks=0000
[   2.003] [epochs] local=1 peer=1 ready=true discarded_rx=0
[   2.003] [tcb-continuations] ffa580=ff80->018392 sleep=0 local26=7710 ffa5c0=ff80->01853c sleep=0 local26=1d00 ffd100=ff80->01b388 sleep=69 local26=0000
[   2.638]   [header-byte] write $ffa517 = 13 mask=00ff (pc=018446)
[   3.004] heartbeat frame=180 tx=24 rx=18 fc=1 fd=10 fe=1 linkflag=82 pc=00028a a502=00 a524=0000 a525=00 a170=00 a17f=00 txtail=0018 rxpend=0000
[   3.004] [transport] captured=24 flushed=24 received=18 accepted=6 payload2=0 payload3=0 payload4=0 payload5=0 pump_reads=160 bursts=8 txcredit=0 outq=0 inq=0 watchdog=21 txseq=08 rxseq=06 rxcredit=0 protection=00 checks=0000
[   3.004] [epochs] local=1 peer=1 ready=true discarded_rx=0
[   3.004] [tcb-continuations] ffa580=ff80->018392 sleep=0 local26=7710 ffa5c0=ff80->01853c sleep=0 local26=1d00 ffd100=ff80->01b388 sleep=9 local26=0000
[   3.122]   [header-byte] write $ffa517 = 13 mask=00ff (pc=018446)
[   3.262]   [menu-state] write $ffa170 = 0909 mask=ff00 (pc=018062)
[   3.262]   [menu-state] write $ffa176 = 0000 mask=ff00 (pc=01afde)
[   3.262]   [header-byte] write $ffa513 = 00 mask=00ff (pc=01afe6)
[   3.262]   [header-byte] write $ffa513 = 10 mask=00ff (pc=01affe)
[   3.262]   [header-byte] write $ffa513 = 11 mask=00ff (pc=01b034)
[   3.294] [protection-checksum] data=0101 mask=00ff pc=01b0bc
[   3.294] [protection-checksum] data=0000 mask=00ff pc=01b11a
[   3.479]   [menu-state] write $ffa170 = 0808 mask=ff00 (pc=018062)
[   3.479]   [menu-state] write $ffa176 = 0000 mask=ff00 (pc=01afde)
[   3.479]   [header-byte] write $ffa513 = 00 mask=00ff (pc=01afe6)
[   3.479]   [header-byte] write $ffa513 = 10 mask=00ff (pc=01affe)
[   3.479]   [header-byte] write $ffa513 = 11 mask=00ff (pc=01b034)
[   3.479] [game-command] data=0303 mask=ff00 pc=0188d8 requests=80
[   3.506]   [header-byte] write $ffa513 = 13 mask=00ff (pc=0189b4)
[   3.506]   [menu-state] write $ffa17f = 0000 mask=00ff (pc=0189c2)
[   3.589]   [header-byte] write $ffa517 = 13 mask=00ff (pc=018446)
[   3.589] [packet-accepted] total=8 seq=07 flags=04 status=13 pc=01845e command=33 arg=22
[   3.640]   [header-byte] write $ffa517 = 13 mask=00ff (pc=018446)
[   3.640] [packet-accepted] total=9 seq=08 flags=04 status=13 pc=01845e command=33 arg=22
[   3.640]   [header-byte] write $ffa517 = 13 mask=00ff (pc=018446)
[   3.640] [packet-accepted] total=10 seq=09 flags=04 status=13 pc=01845e command=33 arg=22
[   3.641]   [header-byte] write $ffa517 = 13 mask=00ff (pc=018446)
[   3.641] [packet-accepted] total=11 seq=0a flags=04 status=13 pc=01845e command=33 arg=22
[   3.656]   [header-byte] write $ffa517 = 13 mask=00ff (pc=018446)
[   3.656] [packet-accepted] total=12 seq=0b flags=04 status=13 pc=01845e command=33 arg=22
[   3.672]   [header-byte] write $ffa517 = 13 mask=00ff (pc=018446)
[   3.672] [packet-accepted] total=13 seq=0c flags=04 status=13 pc=01845e command=33 arg=22
[   3.689]   [header-byte] write $ffa517 = 13 mask=00ff (pc=018446)
[   3.689] [packet-accepted] total=14 seq=0d flags=04 status=13 pc=01845e command=33 arg=22
[   3.734]   [header-byte] write $ffa517 = 13 mask=00ff (pc=018446)
[   3.734] [packet-accepted] total=15 seq=0e flags=04 status=13 pc=01845e command=33 arg=22
[   3.734]   [header-byte] write $ffa517 = 13 mask=00ff (pc=018446)
[   3.734] [packet-accepted] total=16 seq=0f flags=04 status=13 pc=01845e command=33 arg=22
[   3.739]   [header-byte] write $ffa517 = 13 mask=00ff (pc=018446)
[   3.739] [packet-accepted] total=17 seq=10 flags=04 status=13 pc=01845e command=33 arg=22
[   3.756]   [header-byte] write $ffa517 = 13 mask=00ff (pc=018446)
[   3.756] [packet-accepted] total=18 seq=11 flags=04 status=13 pc=01845e command=33 arg=22
[   3.772]   [header-byte] write $ffa517 = 13 mask=00ff (pc=018446)
[   3.772] [packet-accepted] total=19 seq=12 flags=04 status=13 pc=01845e command=33 arg=22
[   3.802]   [header-byte] write $ffa517 = 13 mask=00ff (pc=018446)
[   3.802] [packet-accepted] total=20 seq=13 flags=04 status=13 pc=01845e command=33 arg=22
[   3.806]   [header-byte] write $ffa517 = 13 mask=00ff (pc=018446)
[   3.806] [packet-accepted] total=21 seq=14 flags=04 status=13 pc=01845e command=33 arg=22
[   3.822]   [header-byte] write $ffa517 = 13 mask=00ff (pc=018446)
[   3.822] [packet-accepted] total=22 seq=15 flags=04 status=13 pc=01845e command=33 arg=22
[   3.839]   [header-byte] write $ffa517 = 13 mask=00ff (pc=018446)
[   3.839] [packet-accepted] total=23 seq=16 flags=04 status=13 pc=01845e command=33 arg=22
[   3.880]   [header-byte] write $ffa517 = 13 mask=00ff (pc=018446)
[   3.880] [packet-accepted] total=24 seq=17 flags=04 status=13 pc=01845e command=33 arg=22
[   3.880]   [header-byte] write $ffa517 = 13 mask=00ff (pc=018446)
[   3.880] [packet-accepted] total=25 seq=18 flags=04 status=13 pc=01845e command=33 arg=22
[   3.889]   [header-byte] write $ffa517 = 13 mask=00ff (pc=018446)
[   3.889] [packet-accepted] total=26 seq=19 flags=04 status=13 pc=01845e command=33 arg=22
[   3.906]   [header-byte] write $ffa517 = 13 mask=00ff (pc=018446)
[   3.906] [packet-accepted] total=27 seq=1a flags=04 status=13 pc=01845e command=33 arg=22
[   3.923]   [header-byte] write $ffa517 = 13 mask=00ff (pc=018446)
[   3.923] [packet-accepted] total=28 seq=1b flags=04 status=13 pc=01845e command=33 arg=22
[   4.005] heartbeat frame=240 tx=33 rx=146 fc=1 fd=10 fe=1 linkflag=82 pc=001ee0 a502=00 a524=0000 a525=00 a170=08 a17f=00 txtail=0021 rxpend=0014
[   4.005] [transport] captured=33 flushed=33 received=146 accepted=28 payload2=21 payload3=0 payload4=0 payload5=0 pump_reads=246 bursts=11 txcredit=0 outq=0 inq=0 watchdog=0 txseq=0b rxseq=1c rxcredit=5 protection=00 checks=0000
[   4.005] [epochs] local=1 peer=1 ready=true discarded_rx=0
[   4.005] [game-state] a142=04 a13e=00 a13f=00 a530=0322 a506=03 a507=00 a508=01 a7b0=0000 a7a6=3322 script=01a39e mode=01 rule=01 base=70 margin=6 difficulty=0 preset=0
[   4.005] [tcb-continuations] ffa580=ff80->018392 sleep=0 local26=7710 ffa5c0=ff80->01853c sleep=0 local26=1300 ffd040=ff80->0189c6 sleep=0 local26=0300
[   4.100]   [header-byte] write $ffa517 = 13 mask=00ff (pc=018446)
[   4.100] [packet-accepted] total=29 seq=1c flags=04 status=13 pc=01845e command=33 arg=22
[   4.100]   [header-byte] write $ffa517 = 13 mask=00ff (pc=018446)
[   4.100] [packet-accepted] total=30 seq=1d flags=04 status=13 pc=01845e command=33 arg=22
[   4.100]   [header-byte] write $ffa517 = 13 mask=00ff (pc=018446)
[   4.100] [packet-accepted] total=31 seq=1e flags=04 status=13 pc=01845e command=33 arg=22
[   4.101]   [header-byte] write $ffa517 = 13 mask=00ff (pc=018446)
[   4.101] [packet-accepted] total=32 seq=1f flags=04 status=13 pc=01845e command=33 arg=22
[   4.101]   [header-byte] write $ffa517 = 13 mask=00ff (pc=018446)
[   4.101] [packet-accepted] total=33 seq=20 flags=04 status=13 pc=01845e command=33 arg=22
[   4.101]   [header-byte] write $ffa517 = 13 mask=00ff (pc=018446)
[   4.101] [packet-accepted] total=34 seq=21 flags=04 status=13 pc=01845e command=33 arg=22
[   4.101]   [header-byte] write $ffa517 = 13 mask=00ff (pc=018446)
[   4.101] [packet-accepted] total=35 seq=22 flags=04 status=13 pc=01845e command=33 arg=22
[   4.101]   [header-byte] write $ffa517 = 13 mask=00ff (pc=018446)
[   4.101] [packet-accepted] total=36 seq=23 flags=04 status=13 pc=01845e command=33 arg=22
[   4.101]   [header-byte] write $ffa517 = 13 mask=00ff (pc=018446)
[   4.101] [packet-accepted] total=37 seq=24 flags=04 status=13 pc=01845e command=33 arg=22
[   4.101]   [header-byte] write $ffa517 = 13 mask=00ff (pc=018446)
[   4.101] [packet-accepted] total=38 seq=25 flags=04 status=13 pc=01845e command=33 arg=22
[   4.106]   [header-byte] write $ffa517 = 13 mask=00ff (pc=018446)
[   4.106] [packet-accepted] total=39 seq=26 flags=04 status=13 pc=01845e command=33 arg=22
[   4.123]   [header-byte] write $ffa517 = 13 mask=00ff (pc=018446)
[   4.123] [packet-accepted] total=40 seq=27 flags=04 status=13 pc=01845e command=33 arg=22
[   4.140]   [header-byte] write $ffa517 = 13 mask=00ff (pc=018446)
[   4.140] [packet-accepted] total=41 seq=28 flags=04 status=13 pc=01845e command=33 arg=22
[   4.156]   [header-byte] write $ffa517 = 13 mask=00ff (pc=018446)
[   4.156] [packet-accepted] total=42 seq=29 flags=04 status=13 pc=01845e command=33 arg=22
[   4.181]   [header-byte] write $ffa517 = 13 mask=00ff (pc=018446)
[   4.181] [packet-accepted] total=43 seq=2a flags=04 status=13 pc=01845e command=33 arg=22
[   4.197]   [header-byte] write $ffa517 = 13 mask=00ff (pc=018446)
[   4.197] [packet-accepted] total=44 seq=2b flags=04 status=13 pc=01845e command=33 arg=22
[   4.208]   [header-byte] write $ffa517 = 13 mask=00ff (pc=018446)
[   4.208] [packet-accepted] total=45 seq=2c flags=04 status=13 pc=01845e command=33 arg=22
[   4.225]   [header-byte] write $ffa517 = 13 mask=00ff (pc=018446)
[   4.225] [packet-accepted] total=46 seq=2d flags=04 status=13 pc=01845e command=33 arg=22
[   4.241]   [header-byte] write $ffa517 = 13 mask=00ff (pc=018446)
[   4.241] [packet-accepted] total=47 seq=2e flags=04 status=13 pc=01845e command=33 arg=22
[   4.258]   [header-byte] write $ffa517 = 13 mask=00ff (pc=018446)
[   4.258] [packet-accepted] total=48 seq=2f flags=04 status=13 pc=01845e command=33 arg=22
[   4.275]   [header-byte] write $ffa517 = 13 mask=00ff (pc=018446)
[   4.275] [packet-accepted] total=49 seq=30 flags=04 status=13 pc=01845e command=33 arg=22
[   4.291]   [header-byte] write $ffa517 = 13 mask=00ff (pc=018446)
[   4.291] [packet-accepted] total=50 seq=31 flags=04 status=13 pc=01845e command=33 arg=22
[   4.308]   [header-byte] write $ffa517 = 13 mask=00ff (pc=018446)
[   4.308] [packet-accepted] total=51 seq=32 flags=04 status=13 pc=01845e command=33 arg=22
[   4.325]   [header-byte] write $ffa517 = 13 mask=00ff (pc=018446)
[   4.325] [packet-accepted] total=52 seq=33 flags=04 status=13 pc=01845e command=33 arg=22
[   4.343]   [header-byte] write $ffa517 = 13 mask=00ff (pc=018446)
[   4.343] [packet-accepted] total=53 seq=34 flags=04 status=13 pc=01845e command=33 arg=22
[   4.358]   [header-byte] write $ffa517 = 13 mask=00ff (pc=018446)
[   4.358] [packet-accepted] total=54 seq=35 flags=04 status=13 pc=01845e command=33 arg=22
[   4.375]   [header-byte] write $ffa517 = 13 mask=00ff (pc=018446)
[   4.375] [packet-accepted] total=55 seq=36 flags=04 status=13 pc=01845e command=33 arg=22
[   4.391]   [header-byte] write $ffa517 = 13 mask=00ff (pc=018446)
[   4.391] [packet-accepted] total=56 seq=37 flags=04 status=13 pc=01845e command=33 arg=22
[   4.408]   [header-byte] write $ffa517 = 13 mask=00ff (pc=018446)
[   4.408] [packet-accepted] total=57 seq=38 flags=04 status=13 pc=01845e command=33 arg=22
[   4.425]   [header-byte] write $ffa517 = 13 mask=00ff (pc=018446)
[   4.425] [packet-accepted] total=58 seq=39 flags=04 status=13 pc=01845e command=33 arg=22
[   4.441]   [header-byte] write $ffa517 = 13 mask=00ff (pc=018446)
[   4.441] [packet-accepted] total=59 seq=3a flags=04 status=13 pc=01845e command=33 arg=22
[   4.458]   [header-byte] write $ffa517 = 13 mask=00ff (pc=018446)
[   4.458] [packet-accepted] total=60 seq=3b flags=04 status=13 pc=01845e command=33 arg=22
[   4.475]   [header-byte] write $ffa517 = 13 mask=00ff (pc=018446)
[   4.475] [packet-accepted] total=61 seq=3c flags=04 status=13 pc=01845e command=33 arg=22
[   4.493]   [header-byte] write $ffa517 = 13 mask=00ff (pc=018446)
[   4.493] [packet-accepted] total=62 seq=3d flags=04 status=13 pc=01845e command=33 arg=22
[   4.508]   [header-byte] write $ffa517 = 13 mask=00ff (pc=018446)
[   4.508] [packet-accepted] total=63 seq=3e flags=04 status=13 pc=01845e command=33 arg=22
[   4.525]   [header-byte] write $ffa517 = 13 mask=00ff (pc=018446)
[   4.525] [packet-accepted] total=64 seq=3f flags=04 status=13 pc=01845e command=33 arg=22
[   4.542]   [header-byte] write $ffa517 = 13 mask=00ff (pc=018446)
[   4.542] [packet-accepted] total=65 seq=40 flags=04 status=13 pc=01845e command=33 arg=22
[   4.558]   [header-byte] write $ffa517 = 13 mask=00ff (pc=018446)
[   4.558] [packet-accepted] total=66 seq=41 flags=04 status=13 pc=01845e command=33 arg=22
[   4.592]   [header-byte] write $ffa517 = 13 mask=00ff (pc=018446)
[   4.592] [packet-accepted] total=67 seq=42 flags=04 status=13 pc=01845e command=33 arg=22
[   4.592]   [header-byte] write $ffa517 = 13 mask=00ff (pc=018446)
[   4.592] [packet-accepted] total=68 seq=43 flags=04 status=13 pc=01845e command=33 arg=22
[   4.608]   [header-byte] write $ffa517 = 13 mask=00ff (pc=018446)
[   4.608] [packet-accepted] total=69 seq=44 flags=04 status=13 pc=01845e command=33 arg=22
[   4.625]   [header-byte] write $ffa517 = 13 mask=00ff (pc=018446)
[   4.625] [packet-accepted] total=70 seq=45 flags=04 status=13 pc=01845e command=33 arg=22
[   4.642]   [header-byte] write $ffa517 = 13 mask=00ff (pc=018446)
[   4.642] [packet-accepted] total=71 seq=46 flags=04 status=13 pc=01845e command=33 arg=22
[   4.660]   [header-byte] write $ffa517 = 13 mask=00ff (pc=018446)
[   4.660] [packet-accepted] total=72 seq=47 flags=04 status=13 pc=01845e command=33 arg=22
[   4.675]   [header-byte] write $ffa517 = 13 mask=00ff (pc=018446)
[   4.675] [packet-accepted] total=73 seq=48 flags=04 status=13 pc=01845e command=33 arg=22
[   4.692]   [header-byte] write $ffa517 = 13 mask=00ff (pc=018446)
[   4.692] [packet-accepted] total=74 seq=49 flags=04 status=13 pc=01845e command=33 arg=22
[   4.709]   [header-byte] write $ffa517 = 13 mask=00ff (pc=018446)
[   4.709] [packet-accepted] total=75 seq=4a flags=04 status=13 pc=01845e command=33 arg=22
[   4.725]   [header-byte] write $ffa517 = 13 mask=00ff (pc=018446)
[   4.725] [packet-accepted] total=76 seq=4b flags=04 status=13 pc=01845e command=33 arg=22
[   4.742]   [header-byte] write $ffa517 = 13 mask=00ff (pc=018446)
[   4.742] [packet-accepted] total=77 seq=4c flags=04 status=13 pc=01845e command=33 arg=22
[   4.759]   [header-byte] write $ffa517 = 13 mask=00ff (pc=018446)
[   4.759] [packet-accepted] total=78 seq=4d flags=04 status=13 pc=01845e command=33 arg=22
[   4.775]   [header-byte] write $ffa517 = 13 mask=00ff (pc=018446)
[   4.775] [packet-accepted] total=79 seq=4e flags=04 status=13 pc=01845e command=33 arg=22
[   4.809]   [header-byte] write $ffa517 = 13 mask=00ff (pc=018446)
[   4.809] [packet-accepted] total=80 seq=4f flags=04 status=13 pc=01845e command=33 arg=22
[   4.825]   [header-byte] write $ffa517 = 13 mask=00ff (pc=018446)
[   4.825] [packet-accepted] total=81 seq=50 flags=04 status=13 pc=01845e command=33 arg=22
[   4.842]   [header-byte] write $ffa517 = 13 mask=00ff (pc=018446)
[   4.842] [packet-accepted] total=82 seq=51 flags=04 status=13 pc=01845e command=33 arg=22
[   4.842]   [header-byte] write $ffa517 = 13 mask=00ff (pc=018446)
[   4.842] [packet-accepted] total=83 seq=52 flags=04 status=13 pc=01845e command=33 arg=22
[   4.859]   [header-byte] write $ffa517 = 13 mask=00ff (pc=018446)
[   4.859] [packet-accepted] total=84 seq=53 flags=04 status=13 pc=01845e command=33 arg=22
[   4.875]   [header-byte] write $ffa517 = 13 mask=00ff (pc=018446)
[   4.875] [packet-accepted] total=85 seq=54 flags=04 status=13 pc=01845e command=33 arg=22
[   4.892]   [header-byte] write $ffa517 = 13 mask=00ff (pc=018446)
[   4.892] [packet-accepted] total=86 seq=55 flags=04 status=13 pc=01845e command=33 arg=22
[   4.909]   [header-byte] write $ffa517 = 13 mask=00ff (pc=018446)
[   4.909] [packet-accepted] total=87 seq=56 flags=04 status=13 pc=01845e command=33 arg=22
[   4.926]   [header-byte] write $ffa517 = 13 mask=00ff (pc=018446)
[   4.926] [packet-accepted] total=88 seq=57 flags=04 status=13 pc=01845e command=33 arg=22
[   4.942]   [header-byte] write $ffa517 = 13 mask=00ff (pc=018446)
[   4.942] [packet-accepted] total=89 seq=58 flags=04 status=13 pc=01845e command=33 arg=22
[   4.959]   [header-byte] write $ffa517 = 13 mask=00ff (pc=018446)
[   4.959] [packet-accepted] total=90 seq=59 flags=04 status=13 pc=01845e command=33 arg=22
[   4.977]   [header-byte] write $ffa517 = 13 mask=00ff (pc=018446)
[   4.977] [packet-accepted] total=91 seq=5a flags=04 status=13 pc=01845e command=33 arg=22
[   4.992]   [header-byte] write $ffa517 = 13 mask=00ff (pc=018446)
[   4.992] [packet-accepted] total=92 seq=5b flags=04 status=13 pc=01845e command=33 arg=22
[   5.006] heartbeat frame=300 tx=273 rx=446 fc=1 fd=10 fe=1 linkflag=82 pc=00028a a502=00 a524=0005 a525=05 a170=08 a17f=00 txtail=0011 rxpend=0000
[   5.006] [transport] captured=273 flushed=273 received=446 accepted=92 payload2=85 payload3=0 payload4=0 payload5=0 pump_reads=364 bursts=59 txcredit=0 outq=0 inq=0 watchdog=0 txseq=3c rxseq=5c rxcredit=5 protection=00 checks=0000
[   5.006] [epochs] local=1 peer=1 ready=true discarded_rx=0
[   5.006] [tcb-continuations] ffa580=ff80->018392 sleep=0 local26=7710 ffa5c0=ff80->01853c sleep=0 local26=0000 ffd040=ff80->018a40 sleep=0 local26=0300 ffd080=ff80->018ee4 sleep=0 local26=0000 ffd0c0=ff80->018ee4 sleep=0 local26=0000 ffd100=ff80->01fbb4 sleep=0 local26=0000 ffd140=ff80->01fbb6 sleep=0 local26=0002 ffd180=ff80->01fbb6 sleep=0 local26=00a2 ffd1c0=ff80->01fbb6 sleep=0 local26=01c2 ffd200=ff80->01fbb6 sleep=0 local26=02e2 ffd240=ff80->01902e sleep=0 local26=0000 ffd280=ff80->01ffe2 sleep=0 local26=0000 ffd2c0=ff80->020004 sleep=0 local26=0002 ffd300=ff80->020004 sleep=0 local26=0000 ffd340=ff80->01febe sleep=0 local26=0000 ffd380=ff80->01fedc sleep=0 local26=0000 ffd3c0=ff80->01febe sleep=0 local26=0000 ffd400=ff80->01fedc sleep=0 local26=0000
[   5.009]   [header-byte] write $ffa517 = 13 mask=00ff (pc=018446)
[   5.009] [packet-accepted] total=93 seq=5c flags=04 status=13 pc=01845e command=33 arg=22
[   5.026]   [header-byte] write $ffa517 = 13 mask=00ff (pc=018446)
[   5.026] [packet-accepted] total=94 seq=5d flags=04 status=13 pc=01845e command=33 arg=22
[   5.042]   [header-byte] write $ffa517 = 13 mask=00ff (pc=018446)
[   5.042] [packet-accepted] total=95 seq=5e flags=04 status=13 pc=01845e command=33 arg=22
[   5.059]   [header-byte] write $ffa517 = 13 mask=00ff (pc=018446)
[   5.059] [packet-accepted] total=96 seq=5f flags=04 status=13 pc=01845e command=33 arg=22
[   5.076]   [header-byte] write $ffa517 = 13 mask=00ff (pc=018446)
[   5.076] [packet-accepted] total=97 seq=60 flags=04 status=13 pc=01845e command=33 arg=22
[   5.092]   [header-byte] write $ffa517 = 13 mask=00ff (pc=018446)
[   5.092] [packet-accepted] total=98 seq=61 flags=04 status=13 pc=01845e command=33 arg=22
[   5.109]   [header-byte] write $ffa517 = 13 mask=00ff (pc=018446)
[   5.109] [packet-accepted] total=99 seq=62 flags=04 status=13 pc=01845e command=33 arg=22
[   5.127]   [header-byte] write $ffa517 = 13 mask=00ff (pc=018446)
[   5.127] [packet-accepted] total=100 seq=63 flags=04 status=13 pc=01845e command=33 arg=22
[   5.142]   [header-byte] write $ffa517 = 13 mask=00ff (pc=018446)
[   5.142] [packet-accepted] total=101 seq=64 flags=04 status=13 pc=01845e command=33 arg=22
[   5.159]   [header-byte] write $ffa517 = 13 mask=00ff (pc=018446)
[   5.159] [packet-accepted] total=102 seq=65 flags=04 status=13 pc=01845e command=33 arg=22
[   5.176]   [header-byte] write $ffa517 = 13 mask=00ff (pc=018446)
[   5.176] [packet-accepted] total=103 seq=66 flags=04 status=13 pc=01845e command=33 arg=22
[   5.192]   [header-byte] write $ffa517 = 13 mask=00ff (pc=018446)
[   5.192] [packet-accepted] total=104 seq=67 flags=04 status=13 pc=01845e command=33 arg=22
[   5.209]   [header-byte] write $ffa517 = 13 mask=00ff (pc=018446)
[   5.209] [packet-accepted] total=105 seq=68 flags=04 status=13 pc=01845e command=33 arg=22
[   5.226]   [header-byte] write $ffa517 = 13 mask=00ff (pc=018446)
[   5.226] [packet-accepted] total=106 seq=69 flags=04 status=13 pc=01845e command=33 arg=22
[   5.242]   [header-byte] write $ffa517 = 13 mask=00ff (pc=018446)
[   5.242] [packet-accepted] total=107 seq=6a flags=04 status=13 pc=01845e command=33 arg=22
[   5.259]   [header-byte] write $ffa517 = 13 mask=00ff (pc=018446)
[   5.259] [packet-accepted] total=108 seq=6b flags=04 status=13 pc=01845e command=33 arg=22
[   5.276]   [header-byte] write $ffa517 = 13 mask=00ff (pc=018446)
[   5.276] [packet-accepted] total=109 seq=6c flags=04 status=13 pc=01845e command=33 arg=22
[   5.292]   [header-byte] write $ffa517 = 13 mask=00ff (pc=018446)
[   5.292] [packet-accepted] total=110 seq=6d flags=04 status=13 pc=01845e command=33 arg=22
[   5.309]   [header-byte] write $ffa517 = 13 mask=00ff (pc=018446)
[   5.309] [packet-accepted] total=111 seq=6e flags=04 status=13 pc=01845e command=33 arg=22
[   5.326]   [header-byte] write $ffa517 = 13 mask=00ff (pc=018446)
[   5.326] [packet-accepted] total=112 seq=6f flags=04 status=13 pc=01845e command=33 arg=22
[   5.342]   [header-byte] write $ffa517 = 13 mask=00ff (pc=018446)
[   5.342] [packet-accepted] total=113 seq=70 flags=04 status=13 pc=01845e command=33 arg=22
[   5.359]   [header-byte] write $ffa517 = 13 mask=00ff (pc=018446)
[   5.359] [packet-accepted] total=114 seq=71 flags=04 status=13 pc=01845e command=33 arg=22
[   5.376]   [header-byte] write $ffa517 = 13 mask=00ff (pc=018446)
[   5.376] [packet-accepted] total=115 seq=72 flags=04 status=13 pc=01845e command=33 arg=22
[   5.392]   [header-byte] write $ffa517 = 13 mask=00ff (pc=018446)
[   5.392] [packet-accepted] total=116 seq=73 flags=04 status=13 pc=01845e command=33 arg=22
[   5.409]   [header-byte] write $ffa517 = 13 mask=00ff (pc=018446)
[   5.409] [packet-accepted] total=117 seq=74 flags=04 status=13 pc=01845e command=33 arg=22
[   5.426]   [header-byte] write $ffa517 = 13 mask=00ff (pc=018446)
[   5.426] [packet-accepted] total=118 seq=75 flags=04 status=13 pc=01845e command=33 arg=22
[   5.444]   [header-byte] write $ffa517 = 13 mask=00ff (pc=018446)
[   5.444] [packet-accepted] total=119 seq=76 flags=04 status=13 pc=01845e command=33 arg=22
[   5.459]   [header-byte] write $ffa517 = 13 mask=00ff (pc=018446)
[   5.459] [packet-accepted] total=120 seq=77 flags=04 status=13 pc=01845e command=33 arg=22
[   5.476]   [header-byte] write $ffa517 = 13 mask=00ff (pc=018446)
[   5.476] [packet-accepted] total=121 seq=78 flags=04 status=13 pc=01845e command=33 arg=22
[   5.493]   [header-byte] write $ffa517 = 13 mask=00ff (pc=018446)
[   5.493] [packet-accepted] total=122 seq=79 flags=04 status=13 pc=01845e command=33 arg=22
[   5.509]   [header-byte] write $ffa517 = 13 mask=00ff (pc=018446)
[   5.509] [packet-accepted] total=123 seq=7a flags=04 status=13 pc=01845e command=33 arg=22
[   5.526]   [header-byte] write $ffa517 = 13 mask=00ff (pc=018446)
[   5.526] [packet-accepted] total=124 seq=7b flags=04 status=13 pc=01845e command=33 arg=22
[   5.543]   [header-byte] write $ffa517 = 13 mask=00ff (pc=018446)
[   5.543] [packet-accepted] total=125 seq=7c flags=04 status=13 pc=01845e command=33 arg=22
[   5.559]   [header-byte] write $ffa517 = 13 mask=00ff (pc=018446)
[   5.559] [packet-accepted] total=126 seq=7d flags=04 status=13 pc=01845e command=33 arg=22
[   5.576]   [header-byte] write $ffa517 = 13 mask=00ff (pc=018446)
[   5.576] [packet-accepted] total=127 seq=7e flags=04 status=13 pc=01845e command=33 arg=22
[   5.593]   [header-byte] write $ffa517 = 13 mask=00ff (pc=018446)
[   5.593] [packet-accepted] total=128 seq=7f flags=04 status=13 pc=01845e command=33 arg=22
[   5.611]   [header-byte] write $ffa517 = 13 mask=00ff (pc=018446)
[   5.611] [packet-accepted] total=129 seq=80 flags=04 status=13 pc=01845e command=33 arg=22
[   5.626]   [header-byte] write $ffa517 = 13 mask=00ff (pc=018446)
[   5.626] [packet-accepted] total=130 seq=81 flags=04 status=13 pc=01845e command=33 arg=22
[   5.643]   [header-byte] write $ffa517 = 13 mask=00ff (pc=018446)
[   5.643] [packet-accepted] total=131 seq=82 flags=04 status=13 pc=01845e command=33 arg=22
[   5.660]   [header-byte] write $ffa517 = 13 mask=00ff (pc=018446)
[   5.660] [packet-accepted] total=132 seq=83 flags=04 status=13 pc=01845e command=33 arg=22
[   5.676]   [header-byte] write $ffa517 = 13 mask=00ff (pc=018446)
[   5.676] [packet-accepted] total=133 seq=84 flags=04 status=13 pc=01845e command=33 arg=22
[   5.693]   [header-byte] write $ffa517 = 13 mask=00ff (pc=018446)
[   5.693] [packet-accepted] total=134 seq=85 flags=04 status=13 pc=01845e command=33 arg=22
[   5.710]   [header-byte] write $ffa517 = 13 mask=00ff (pc=018446)
[   5.710] [packet-accepted] total=135 seq=86 flags=04 status=13 pc=01845e command=33 arg=22
[   5.726]   [header-byte] write $ffa517 = 13 mask=00ff (pc=018446)
[   5.726] [packet-accepted] total=136 seq=87 flags=04 status=13 pc=01845e command=33 arg=22
[   5.743]   [header-byte] write $ffa517 = 13 mask=00ff (pc=018446)
[   5.743] [packet-accepted] total=137 seq=88 flags=04 status=13 pc=01845e command=33 arg=22
[   5.760]   [header-byte] write $ffa517 = 13 mask=00ff (pc=018446)
[   5.760] [packet-accepted] total=138 seq=89 flags=04 status=13 pc=01845e command=33 arg=22
[   5.776]   [header-byte] write $ffa517 = 13 mask=00ff (pc=018446)
[   5.776] [packet-accepted] total=139 seq=8a flags=04 status=13 pc=01845e command=33 arg=22
[   5.793]   [header-byte] write $ffa517 = 13 mask=00ff (pc=018446)
[   5.793] [packet-accepted] total=140 seq=8b flags=04 status=13 pc=01845e command=33 arg=22
[   5.810]   [header-byte] write $ffa517 = 13 mask=00ff (pc=018446)
[   5.810] [packet-accepted] total=141 seq=8c flags=04 status=13 pc=01845e command=33 arg=22
[   5.826]   [header-byte] write $ffa517 = 13 mask=00ff (pc=018446)
[   5.826] [packet-accepted] total=142 seq=8d flags=04 status=13 pc=01845e command=33 arg=22
[   5.843]   [header-byte] write $ffa517 = 13 mask=00ff (pc=018446)
[   5.843] [packet-accepted] total=143 seq=8e flags=04 status=13 pc=01845e command=33 arg=22
[   5.860]   [header-byte] write $ffa517 = 13 mask=00ff (pc=018446)
[   5.860] [packet-accepted] total=144 seq=8f flags=04 status=13 pc=01845e command=33 arg=22
[   5.876]   [header-byte] write $ffa517 = 13 mask=00ff (pc=018446)
[   5.876] [packet-accepted] total=145 seq=90 flags=04 status=13 pc=01845e command=33 arg=22
[   5.893]   [header-byte] write $ffa517 = 13 mask=00ff (pc=018446)
[   5.893] [packet-accepted] total=146 seq=91 flags=04 status=13 pc=01845e command=33 arg=22
[   5.910]   [header-byte] write $ffa517 = 13 mask=00ff (pc=018446)
[   5.910] [packet-accepted] total=147 seq=92 flags=04 status=13 pc=01845e command=33 arg=22
[   5.928]   [header-byte] write $ffa517 = 13 mask=00ff (pc=018446)
[   5.928] [packet-accepted] total=148 seq=93 flags=04 status=13 pc=01845e command=33 arg=22
[   5.943]   [header-byte] write $ffa517 = 13 mask=00ff (pc=018446)
[   5.943] [packet-accepted] total=149 seq=94 flags=04 status=13 pc=01845e command=33 arg=22
[   5.960]   [header-byte] write $ffa517 = 13 mask=00ff (pc=018446)
[   5.960] [packet-accepted] total=150 seq=95 flags=04 status=13 pc=01845e command=33 arg=22
[   5.977]   [header-byte] write $ffa517 = 13 mask=00ff (pc=018446)
[   5.977] [packet-accepted] total=151 seq=96 flags=04 status=13 pc=01845e command=33 arg=22
[   5.993]   [header-byte] write $ffa517 = 13 mask=00ff (pc=018446)
[   5.993] [packet-accepted] total=152 seq=97 flags=04 status=13 pc=01845e command=33 arg=22
[   6.008] heartbeat frame=360 tx=573 rx=746 fc=1 fd=10 fe=1 linkflag=82 pc=00028a a502=00 a524=0005 a525=05 a170=08 a17f=00 txtail=003d rxpend=0000
[   6.008] [transport] captured=573 flushed=573 received=746 accepted=152 payload2=145 payload3=0 payload4=0 payload5=0 pump_reads=484 bursts=119 txcredit=0 outq=0 inq=0 watchdog=0 txseq=78 rxseq=98 rxcredit=5 protection=00 checks=0000
[   6.008] [epochs] local=1 peer=1 ready=true discarded_rx=0
[   6.008] [tcb-continuations] ffa580=ff80->018392 sleep=0 local26=7710 ffa5c0=ff80->01853c sleep=0 local26=0000 ffd040=ff80->018a40 sleep=0 local26=0300 ffd080=ff80->018ee4 sleep=0 local26=0000 ffd0c0=ff80->018ee4 sleep=0 local26=0000 ffd100=ff80->01fbb4 sleep=0 local26=0000 ffd140=ff80->01fbb6 sleep=0 local26=0002 ffd180=ff80->01fbb6 sleep=0 local26=00a2 ffd1c0=ff80->01fbb6 sleep=0 local26=01c2 ffd200=ff80->01fbb6 sleep=0 local26=02e2 ffd240=ff80->01902e sleep=0 local26=0000 ffd280=ff80->01ffe2 sleep=0 local26=0009 ffd2c0=ff80->020004 sleep=0 local26=0002 ffd300=ff80->020004 sleep=0 local26=0000 ffd340=ff80->01febe sleep=0 local26=0000 ffd380=ff80->01fedc sleep=0 local26=0000 ffd3c0=ff80->01febe sleep=0 local26=0000 ffd400=ff80->01fedc sleep=0 local26=0000
[   6.010]   [header-byte] write $ffa517 = 13 mask=00ff (pc=018446)
[   6.010] [packet-accepted] total=153 seq=98 flags=04 status=13 pc=01845e command=33 arg=22
[   6.027]   [header-byte] write $ffa517 = 13 mask=00ff (pc=018446)
[   6.027] [packet-accepted] total=154 seq=99 flags=04 status=13 pc=01845e command=33 arg=22
[   6.043]   [header-byte] write $ffa517 = 13 mask=00ff (pc=018446)
[   6.043] [packet-accepted] total=155 seq=9a flags=04 status=13 pc=01845e command=33 arg=22
[   6.060]   [header-byte] write $ffa517 = 13 mask=00ff (pc=018446)
[   6.060] [packet-accepted] total=156 seq=9b flags=04 status=13 pc=01845e command=33 arg=22
[   6.078]   [header-byte] write $ffa517 = 13 mask=00ff (pc=018446)
[   6.078] [packet-accepted] total=157 seq=9c flags=04 status=13 pc=01845e command=33 arg=22
[   6.094]   [header-byte] write $ffa517 = 13 mask=00ff (pc=018446)
[   6.094] [packet-accepted] total=158 seq=9d flags=04 status=13 pc=01845e command=33 arg=22
[   6.110]   [header-byte] write $ffa517 = 13 mask=00ff (pc=018446)
[   6.110] [packet-accepted] total=159 seq=9e flags=04 status=13 pc=01845e command=33 arg=22
[   6.127]   [header-byte] write $ffa517 = 13 mask=00ff (pc=018446)
[   6.127] [packet-accepted] total=160 seq=9f flags=04 status=13 pc=01845e command=33 arg=22
[   6.144]   [header-byte] write $ffa517 = 13 mask=00ff (pc=018446)
[   6.144] [packet-accepted] total=161 seq=a0 flags=04 status=13 pc=01845e command=33 arg=22
[   6.160]   [header-byte] write $ffa517 = 13 mask=00ff (pc=018446)
[   6.160] [packet-accepted] total=162 seq=a1 flags=04 status=13 pc=01845e command=33 arg=22
[   6.177]   [header-byte] write $ffa517 = 13 mask=00ff (pc=018446)
[   6.177] [packet-accepted] total=163 seq=a2 flags=04 status=13 pc=01845e command=33 arg=22
[   6.194]   [header-byte] write $ffa517 = 13 mask=00ff (pc=018446)
[   6.194] [packet-accepted] total=164 seq=a3 flags=04 status=13 pc=01845e command=33 arg=22
[   6.210]   [header-byte] write $ffa517 = 13 mask=00ff (pc=018446)
[   6.210] [packet-accepted] total=165 seq=a4 flags=04 status=13 pc=01845e command=33 arg=22
[   6.227]   [header-byte] write $ffa517 = 13 mask=00ff (pc=018446)
[   6.227] [packet-accepted] total=166 seq=a5 flags=04 status=13 pc=01845e command=33 arg=22
[   6.244]   [header-byte] write $ffa517 = 13 mask=00ff (pc=018446)
[   6.244] [packet-accepted] total=167 seq=a6 flags=04 status=13 pc=01845e command=33 arg=22
[   6.261]   [header-byte] write $ffa517 = 13 mask=00ff (pc=018446)
[   6.261] [packet-accepted] total=168 seq=a7 flags=04 status=13 pc=01845e command=33 arg=22
[   6.277]   [header-byte] write $ffa517 = 13 mask=00ff (pc=018446)
[   6.277] [packet-accepted] total=169 seq=a8 flags=04 status=13 pc=01845e command=33 arg=22
[   6.294]   [header-byte] write $ffa517 = 13 mask=00ff (pc=018446)
[   6.294] [packet-accepted] total=170 seq=a9 flags=04 status=13 pc=01845e command=33 arg=22
[   6.311]   [header-byte] write $ffa517 = 13 mask=00ff (pc=018446)
[   6.311] [packet-accepted] total=171 seq=aa flags=04 status=13 pc=01845e command=33 arg=22
[   6.344]   [header-byte] write $ffa517 = 13 mask=00ff (pc=018446)
[   6.344] [packet-accepted] total=172 seq=ab flags=04 status=13 pc=01845e command=33 arg=22
[   6.361]   [header-byte] write $ffa517 = 13 mask=00ff (pc=018446)
[   6.361] [packet-accepted] total=173 seq=ac flags=04 status=13 pc=01845e command=33 arg=22
[   6.377]   [header-byte] write $ffa517 = 13 mask=00ff (pc=018446)
[   6.377] [packet-accepted] total=174 seq=ad flags=04 status=13 pc=01845e command=33 arg=22
[   6.396]   [header-byte] write $ffa517 = 13 mask=00ff (pc=018446)
[   6.396] [packet-accepted] total=175 seq=ae flags=04 status=13 pc=01845e command=33 arg=22
[   6.411]   [header-byte] write $ffa517 = 13 mask=00ff (pc=018446)
[   6.411] [packet-accepted] total=176 seq=af flags=04 status=13 pc=01845e command=33 arg=22
[   6.427]   [header-byte] write $ffa517 = 13 mask=00ff (pc=018446)
[   6.427] [packet-accepted] total=177 seq=b0 flags=04 status=13 pc=01845e command=33 arg=22
[   6.444]   [header-byte] write $ffa517 = 13 mask=00ff (pc=018446)
[   6.444] [packet-accepted] total=178 seq=b1 flags=04 status=13 pc=01845e command=33 arg=22
[   6.461]   [header-byte] write $ffa517 = 13 mask=00ff (pc=018446)
[   6.461] [packet-accepted] total=179 seq=b2 flags=04 status=13 pc=01845e command=33 arg=22
[   6.478]   [header-byte] write $ffa517 = 13 mask=00ff (pc=018446)
[   6.478] [packet-accepted] total=180 seq=b3 flags=04 status=13 pc=01845e command=33 arg=22
[   6.494]   [header-byte] write $ffa517 = 13 mask=00ff (pc=018446)
[   6.494] [packet-accepted] total=181 seq=b4 flags=04 status=13 pc=01845e command=33 arg=22
[   6.511]   [header-byte] write $ffa517 = 13 mask=00ff (pc=018446)
[   6.511] [packet-accepted] total=182 seq=b5 flags=04 status=13 pc=01845e command=33 arg=22
[   6.528]   [header-byte] write $ffa517 = 13 mask=00ff (pc=018446)
[   6.528] [packet-accepted] total=183 seq=b6 flags=04 status=13 pc=01845e command=33 arg=22
[   6.544]   [header-byte] write $ffa517 = 13 mask=00ff (pc=018446)
[   6.544] [packet-accepted] total=184 seq=b7 flags=04 status=13 pc=01845e command=33 arg=22
[   6.563]   [header-byte] write $ffa517 = 13 mask=00ff (pc=018446)
[   6.563] [packet-accepted] total=185 seq=b8 flags=04 status=13 pc=01845e command=33 arg=22
[   6.578]   [header-byte] write $ffa517 = 13 mask=00ff (pc=018446)
[   6.578] [packet-accepted] total=186 seq=b9 flags=04 status=13 pc=01845e command=33 arg=22
[   6.594]   [header-byte] write $ffa517 = 13 mask=00ff (pc=018446)
[   6.594] [packet-accepted] total=187 seq=ba flags=04 status=13 pc=01845e command=33 arg=22
[   6.611]   [header-byte] write $ffa517 = 13 mask=00ff (pc=018446)
[   6.611] [packet-accepted] total=188 seq=bb flags=04 status=13 pc=01845e command=33 arg=22
[   6.628]   [header-byte] write $ffa517 = 13 mask=00ff (pc=018446)
[   6.628] [packet-accepted] total=189 seq=bc flags=04 status=13 pc=01845e command=33 arg=22
[   6.644]   [header-byte] write $ffa517 = 13 mask=00ff (pc=018446)
[   6.644] [packet-accepted] total=190 seq=bd flags=04 status=13 pc=01845e command=33 arg=22
[   6.661]   [header-byte] write $ffa517 = 13 mask=00ff (pc=018446)
[   6.661] [packet-accepted] total=191 seq=be flags=04 status=13 pc=01845e command=33 arg=22
[   6.678]   [header-byte] write $ffa517 = 13 mask=00ff (pc=018446)
[   6.678] [packet-accepted] total=192 seq=bf flags=04 status=13 pc=01845e command=33 arg=22
[   6.695]   [header-byte] write $ffa517 = 13 mask=00ff (pc=018446)
[   6.695] [packet-accepted] total=193 seq=c0 flags=04 status=13 pc=01845e command=33 arg=22
[   6.711]   [header-byte] write $ffa517 = 13 mask=00ff (pc=018446)
[   6.711] [packet-accepted] total=194 seq=c1 flags=04 status=13 pc=01845e command=33 arg=22
[   6.728]   [header-byte] write $ffa517 = 13 mask=00ff (pc=018446)
[   6.728] [packet-accepted] total=195 seq=c2 flags=04 status=13 pc=01845e command=33 arg=22
[   6.745]   [header-byte] write $ffa517 = 13 mask=00ff (pc=018446)
[   6.745] [packet-accepted] total=196 seq=c3 flags=04 status=13 pc=01845e command=33 arg=22
[   6.761]   [header-byte] write $ffa517 = 13 mask=00ff (pc=018446)
[   6.761] [packet-accepted] total=197 seq=c4 flags=04 status=13 pc=01845e command=33 arg=22
[   6.778]   [header-byte] write $ffa517 = 13 mask=00ff (pc=018446)
[   6.778] [packet-accepted] total=198 seq=c5 flags=04 status=13 pc=01845e command=33 arg=22
[   6.795]   [header-byte] write $ffa517 = 13 mask=00ff (pc=018446)
[   6.795] [packet-accepted] total=199 seq=c6 flags=04 status=13 pc=01845e command=33 arg=22
[   6.811]   [header-byte] write $ffa517 = 13 mask=00ff (pc=018446)
[   6.811] [packet-accepted] total=200 seq=c7 flags=04 status=13 pc=01845e command=33 arg=22
[   6.828]   [header-byte] write $ffa517 = 13 mask=00ff (pc=018446)
[   6.828] [packet-accepted] total=201 seq=c8 flags=04 status=13 pc=01845e command=33 arg=22
[   6.845]   [header-byte] write $ffa517 = 13 mask=00ff (pc=018446)
[   6.845] [packet-accepted] total=202 seq=c9 flags=04 status=13 pc=01845e command=33 arg=22
[   6.861]   [header-byte] write $ffa517 = 13 mask=00ff (pc=018446)
[   6.861] [packet-accepted] total=203 seq=ca flags=04 status=13 pc=01845e command=33 arg=22
[   6.880]   [header-byte] write $ffa517 = 13 mask=00ff (pc=018446)
[   6.880] [packet-accepted] total=204 seq=cb flags=04 status=13 pc=01845e command=33 arg=22
[   6.895]   [header-byte] write $ffa517 = 13 mask=00ff (pc=018446)
[   6.895] [packet-accepted] total=205 seq=cc flags=04 status=13 pc=01845e command=33 arg=22
[   6.911]   [header-byte] write $ffa517 = 13 mask=00ff (pc=018446)
[   6.911] [packet-accepted] total=206 seq=cd flags=04 status=13 pc=01845e command=33 arg=22
[   6.928]   [header-byte] write $ffa517 = 13 mask=00ff (pc=018446)
[   6.928] [packet-accepted] total=207 seq=ce flags=04 status=13 pc=01845e command=33 arg=22
[   6.945]   [header-byte] write $ffa517 = 13 mask=00ff (pc=018446)
[   6.945] [packet-accepted] total=208 seq=cf flags=04 status=13 pc=01845e command=33 arg=22
[   6.961]   [header-byte] write $ffa517 = 13 mask=00ff (pc=018446)
[   6.961] [packet-accepted] total=209 seq=d0 flags=04 status=13 pc=01845e command=33 arg=22
[   6.978]   [header-byte] write $ffa517 = 13 mask=00ff (pc=018446)
[   6.978] [packet-accepted] total=210 seq=d1 flags=04 status=13 pc=01845e command=33 arg=22
[   6.995]   [header-byte] write $ffa517 = 13 mask=00ff (pc=018446)
[   6.995] [packet-accepted] total=211 seq=d2 flags=04 status=13 pc=01845e command=33 arg=22
[   7.009] heartbeat frame=420 tx=873 rx=1041 fc=1 fd=10 fe=1 linkflag=82 pc=000288 a502=00 a524=0005 a525=05 a170=08 a17f=00 txtail=0069 rxpend=0000
[   7.009] [transport] captured=873 flushed=873 received=1041 accepted=211 payload2=204 payload3=0 payload4=0 payload5=0 pump_reads=603 bursts=179 txcredit=0 outq=0 inq=0 watchdog=0 txseq=b4 rxseq=d3 rxcredit=5 protection=00 checks=0000
[   7.009] [epochs] local=1 peer=1 ready=true discarded_rx=0
[   7.009] [tcb-continuations] ffa580=ff80->018392 sleep=0 local26=7710 ffa5c0=ff80->01853c sleep=0 local26=0000 ffd040=ff80->018a40 sleep=0 local26=0300 ffd080=ff80->018ee4 sleep=0 local26=0000 ffd0c0=ff80->018ee4 sleep=0 local26=0000 ffd100=ff80->01fbb4 sleep=0 local26=0000 ffd140=ff80->01fbb6 sleep=0 local26=0002 ffd180=ff80->01fbb6 sleep=0 local26=00a2 ffd1c0=ff80->01fbb6 sleep=0 local26=01c2 ffd200=ff80->01fbb6 sleep=0 local26=02e2 ffd240=ff80->01902e sleep=0 local26=0000 ffd280=ff80->01ffe2 sleep=0 local26=0008 ffd2c0=ff80->020004 sleep=0 local26=0002 ffd300=ff80->020004 sleep=0 local26=0000 ffd340=ff80->01febe sleep=0 local26=0000 ffd380=ff80->01fedc sleep=0 local26=0000 ffd3c0=ff80->01febe sleep=0 local26=0000 ffd400=ff80->01fedc sleep=0 local26=0000
[   7.011]   [header-byte] write $ffa517 = 13 mask=00ff (pc=018446)
[   7.011] [packet-accepted] total=212 seq=d3 flags=04 status=13 pc=01845e command=33 arg=22
[   7.030]   [header-byte] write $ffa517 = 13 mask=00ff (pc=018446)
[   7.030] [packet-accepted] total=213 seq=d4 flags=04 status=13 pc=01845e command=33 arg=22
[   7.045]   [header-byte] write $ffa517 = 13 mask=00ff (pc=018446)
[   7.045] [packet-accepted] total=214 seq=d5 flags=04 status=13 pc=01845e command=33 arg=22
[   7.061]   [header-byte] write $ffa517 = 13 mask=00ff (pc=018446)
[   7.061] [packet-accepted] total=215 seq=d6 flags=04 status=13 pc=01845e command=33 arg=22
[   7.078]   [header-byte] write $ffa517 = 13 mask=00ff (pc=018446)
[   7.078] [packet-accepted] total=216 seq=d7 flags=04 status=13 pc=01845e command=33 arg=22
[   7.095]   [header-byte] write $ffa517 = 13 mask=00ff (pc=018446)
[   7.095] [packet-accepted] total=217 seq=d8 flags=04 status=13 pc=01845e command=33 arg=22
[   7.111]   [header-byte] write $ffa517 = 13 mask=00ff (pc=018446)
[   7.111] [packet-accepted] total=218 seq=d9 flags=04 status=13 pc=01845e command=33 arg=22
[   7.128]   [header-byte] write $ffa517 = 13 mask=00ff (pc=018446)
[   7.128] [packet-accepted] total=219 seq=da flags=04 status=13 pc=01845e command=33 arg=22
[   7.145]   [header-byte] write $ffa517 = 13 mask=00ff (pc=018446)
[   7.145] [packet-accepted] total=220 seq=db flags=04 status=13 pc=01845e command=33 arg=22
[   7.161]   [header-byte] write $ffa517 = 13 mask=00ff (pc=018446)
[   7.161] [packet-accepted] total=221 seq=dc flags=04 status=13 pc=01845e command=33 arg=22
[   7.178]   [header-byte] write $ffa517 = 13 mask=00ff (pc=018446)
[   7.178] [packet-accepted] total=222 seq=dd flags=04 status=13 pc=01845e command=33 arg=22
[   7.195]   [header-byte] write $ffa517 = 13 mask=00ff (pc=018446)
[   7.195] [packet-accepted] total=223 seq=de flags=04 status=13 pc=01845e command=33 arg=22
[   7.211]   [header-byte] write $ffa517 = 13 mask=00ff (pc=018446)
[   7.211] [packet-accepted] total=224 seq=df flags=04 status=13 pc=01845e command=33 arg=22
[   7.228]   [header-byte] write $ffa517 = 13 mask=00ff (pc=018446)
[   7.228] [packet-accepted] total=225 seq=e0 flags=04 status=13 pc=01845e command=33 arg=22
[   7.245]   [header-byte] write $ffa517 = 13 mask=00ff (pc=018446)
[   7.245] [packet-accepted] total=226 seq=e1 flags=04 status=13 pc=01845e command=33 arg=22
[   7.261]   [header-byte] write $ffa517 = 13 mask=00ff (pc=018446)
[   7.262] [packet-accepted] total=227 seq=e2 flags=04 status=13 pc=01845e command=33 arg=22
[   7.278]   [header-byte] write $ffa517 = 13 mask=00ff (pc=018446)
[   7.278] [packet-accepted] total=228 seq=e3 flags=04 status=13 pc=01845e command=33 arg=22
[   7.295]   [header-byte] write $ffa517 = 13 mask=00ff (pc=018446)
[   7.295] [packet-accepted] total=229 seq=e4 flags=04 status=13 pc=01845e command=33 arg=22
[   7.312]   [header-byte] write $ffa517 = 13 mask=00ff (pc=018446)
[   7.312] [packet-accepted] total=230 seq=e5 flags=04 status=13 pc=01845e command=33 arg=22
[   7.328]   [header-byte] write $ffa517 = 13 mask=00ff (pc=018446)
[   7.328] [packet-accepted] total=231 seq=e6 flags=04 status=13 pc=01845e command=33 arg=22
[   7.347]   [header-byte] write $ffa517 = 13 mask=00ff (pc=018446)
[   7.347] [packet-accepted] total=232 seq=e7 flags=04 status=13 pc=01845e command=33 arg=22
[   7.362]   [header-byte] write $ffa517 = 13 mask=00ff (pc=018446)
[   7.362] [packet-accepted] total=233 seq=e8 flags=04 status=13 pc=01845e command=33 arg=22
[   7.378]   [header-byte] write $ffa517 = 13 mask=00ff (pc=018446)
[   7.378] [packet-accepted] total=234 seq=e9 flags=04 status=13 pc=01845e command=33 arg=22
[   7.395]   [header-byte] write $ffa517 = 13 mask=00ff (pc=018446)
[   7.395] [packet-accepted] total=235 seq=ea flags=04 status=13 pc=01845e command=33 arg=22
[   7.412]   [header-byte] write $ffa517 = 13 mask=00ff (pc=018446)
[   7.412] [packet-accepted] total=236 seq=eb flags=04 status=13 pc=01845e command=33 arg=22
[   7.429]   [header-byte] write $ffa517 = 13 mask=00ff (pc=018446)
[   7.429] [packet-accepted] total=237 seq=ec flags=04 status=13 pc=01845e command=33 arg=22
[   7.445]   [header-byte] write $ffa517 = 13 mask=00ff (pc=018446)
[   7.445] [packet-accepted] total=238 seq=ed flags=04 status=13 pc=01845e command=33 arg=22
[   7.462]   [header-byte] write $ffa517 = 13 mask=00ff (pc=018446)
[   7.462] [packet-accepted] total=239 seq=ee flags=04 status=13 pc=01845e command=33 arg=22
[   7.479]   [header-byte] write $ffa517 = 13 mask=00ff (pc=018446)
[   7.479] [packet-accepted] total=240 seq=ef flags=04 status=13 pc=01845e command=33 arg=22
[   7.495]   [header-byte] write $ffa517 = 13 mask=00ff (pc=018446)
[   7.495] [packet-accepted] total=241 seq=f0 flags=04 status=13 pc=01845e command=33 arg=22
[   7.513]   [header-byte] write $ffa517 = 13 mask=00ff (pc=018446)
[   7.513] [packet-accepted] total=242 seq=f1 flags=04 status=13 pc=01845e command=33 arg=22
[   7.529]   [header-byte] write $ffa517 = 13 mask=00ff (pc=018446)
[   7.529] [packet-accepted] total=243 seq=f2 flags=04 status=13 pc=01845e command=33 arg=22
[   7.545]   [header-byte] write $ffa517 = 13 mask=00ff (pc=018446)
[   7.545] [packet-accepted] total=244 seq=f3 flags=04 status=13 pc=01845e command=33 arg=22
[   7.562]   [header-byte] write $ffa517 = 13 mask=00ff (pc=018446)
[   7.562] [packet-accepted] total=245 seq=f4 flags=04 status=13 pc=01845e command=33 arg=22
[   7.579]   [header-byte] write $ffa517 = 13 mask=00ff (pc=018446)
[   7.579] [packet-accepted] total=246 seq=f5 flags=04 status=13 pc=01845e command=33 arg=22
[   7.595]   [header-byte] write $ffa517 = 13 mask=00ff (pc=018446)
[   7.595] [packet-accepted] total=247 seq=f6 flags=04 status=13 pc=01845e command=33 arg=22
[   7.596]   [header-byte] write $ffa517 = 13 mask=00ff (pc=018446)
[   7.596] [packet-accepted] total=248 seq=f7 flags=04 status=13 pc=01845e command=33 arg=22
[   7.612]   [header-byte] write $ffa517 = 13 mask=00ff (pc=018446)
[   7.612] [packet-accepted] total=249 seq=f8 flags=04 status=13 pc=01845e command=33 arg=22
[   7.646]   [header-byte] write $ffa517 = 13 mask=00ff (pc=018446)
[   7.646] [packet-accepted] total=250 seq=f9 flags=04 status=13 pc=01845e command=33 arg=22
[   7.646]   [header-byte] write $ffa517 = 13 mask=00ff (pc=018446)
[   7.646] [packet-accepted] total=251 seq=fa flags=04 status=13 pc=01845e command=33 arg=22
[   7.662]   [header-byte] write $ffa517 = 13 mask=00ff (pc=018446)
[   7.662] [packet-accepted] total=252 seq=fb flags=04 status=13 pc=01845e command=33 arg=22
[   7.695]   [header-byte] write $ffa517 = 13 mask=00ff (pc=018446)
[   7.695] [packet-accepted] total=253 seq=fc flags=04 status=13 pc=01845e command=33 arg=22
[   7.712]   [header-byte] write $ffa517 = 13 mask=00ff (pc=018446)
[   7.712] [packet-accepted] total=254 seq=fd flags=04 status=13 pc=01845e command=33 arg=22
[   7.729]   [header-byte] write $ffa517 = 13 mask=00ff (pc=018446)
[   7.729] [packet-accepted] total=255 seq=fe flags=04 status=13 pc=01845e command=33 arg=22
[   7.762]   [header-byte] write $ffa517 = 13 mask=00ff (pc=018446)
[   7.762] [packet-accepted] total=256 seq=ff flags=04 status=13 pc=01845e command=33 arg=22
[   7.796]   [header-byte] write $ffa517 = 13 mask=00ff (pc=018446)
[   7.796] [packet-accepted] total=257 seq=00 flags=04 status=13 pc=01845e command=33 arg=22
[   7.812]   [header-byte] write $ffa517 = 13 mask=00ff (pc=018446)
[   7.812] [packet-accepted] total=258 seq=01 flags=04 status=13 pc=01845e command=33 arg=22
[   7.831]   [header-byte] write $ffa517 = 13 mask=00ff (pc=018446)
[   7.831] [packet-accepted] total=259 seq=02 flags=04 status=13 pc=01845e command=33 arg=22
[   7.846]   [header-byte] write $ffa517 = 13 mask=00ff (pc=018446)
[   7.846] [packet-accepted] total=260 seq=03 flags=04 status=13 pc=01845e command=33 arg=22
[   7.862]   [header-byte] write $ffa517 = 13 mask=00ff (pc=018446)
[   7.862] [packet-accepted] total=261 seq=04 flags=04 status=13 pc=01845e command=33 arg=22
[   7.879]   [header-byte] write $ffa517 = 13 mask=00ff (pc=018446)
[   7.879] [packet-accepted] total=262 seq=05 flags=04 status=13 pc=01845e command=33 arg=22
[   7.896]   [header-byte] write $ffa517 = 13 mask=00ff (pc=018446)
[   7.896] [packet-accepted] total=263 seq=06 flags=04 status=13 pc=01845e command=33 arg=22
[   7.912]   [header-byte] write $ffa517 = 13 mask=00ff (pc=018446)
[   7.912] [packet-accepted] total=264 seq=07 flags=04 status=13 pc=01845e command=33 arg=22
[   7.929]   [header-byte] write $ffa517 = 13 mask=00ff (pc=018446)
[   7.929] [packet-accepted] total=265 seq=08 flags=04 status=13 pc=01845e command=33 arg=22
[   7.929]   [header-byte] write $ffa517 = 13 mask=00ff (pc=018446)
[   7.929] [packet-accepted] total=266 seq=09 flags=04 status=13 pc=01845e command=33 arg=22
[   7.946]   [header-byte] write $ffa517 = 13 mask=00ff (pc=018446)
[   7.946] [packet-accepted] total=267 seq=0a flags=04 status=13 pc=01845e command=33 arg=22
[   7.963]   [header-byte] write $ffa517 = 13 mask=00ff (pc=018446)
[   7.963] [packet-accepted] total=268 seq=0b flags=04 status=13 pc=01845e command=33 arg=22
[   7.981]   [header-byte] write $ffa517 = 13 mask=00ff (pc=018446)
[   7.981] [packet-accepted] total=269 seq=0c flags=04 status=13 pc=01845e command=33 arg=22
[   7.996]   [header-byte] write $ffa517 = 13 mask=00ff (pc=018446)
[   7.996] [packet-accepted] total=270 seq=0d flags=04 status=13 pc=01845e command=33 arg=22
[   8.010] heartbeat frame=480 tx=1173 rx=1336 fc=1 fd=10 fe=1 linkflag=82 pc=000288 a502=00 a524=0005 a525=05 a170=08 a17f=00 txtail=0095 rxpend=0000
[   8.010] [transport] captured=1173 flushed=1173 received=1336 accepted=270 payload2=263 payload3=0 payload4=0 payload5=0 pump_reads=719 bursts=239 txcredit=0 outq=0 inq=0 watchdog=0 txseq=f0 rxseq=0e rxcredit=5 protection=00 checks=0000
[   8.010] [epochs] local=1 peer=1 ready=true discarded_rx=0
[   8.010] [tcb-continuations] ffa580=ff80->018392 sleep=0 local26=7710 ffa5c0=ff80->01853c sleep=0 local26=0000 ffd040=ff80->018a40 sleep=0 local26=0300 ffd080=ff80->018ee4 sleep=0 local26=0000 ffd0c0=ff80->018ee4 sleep=0 local26=0000 ffd100=ff80->01fbb4 sleep=0 local26=0000 ffd140=ff80->01fbb6 sleep=0 local26=0002 ffd180=ff80->01fbb6 sleep=0 local26=00a2 ffd1c0=ff80->01fbb6 sleep=0 local26=01c2 ffd200=ff80->01fbb6 sleep=0 local26=02e2 ffd240=ff80->01902e sleep=0 local26=0000 ffd280=ff80->01ffe2 sleep=0 local26=0007 ffd2c0=ff80->020004 sleep=0 local26=0002 ffd300=ff80->020004 sleep=0 local26=0000 ffd340=ff80->01febe sleep=0 local26=0000 ffd380=ff80->01fedc sleep=0 local26=0000 ffd3c0=ff80->01febe sleep=0 local26=0000 ffd400=ff80->01fedc sleep=0 local26=0000
[   8.013]   [header-byte] write $ffa517 = 13 mask=00ff (pc=018446)
[   8.013] [packet-accepted] total=271 seq=0e flags=04 status=13 pc=01845e command=33 arg=22
[   8.029]   [header-byte] write $ffa517 = 13 mask=00ff (pc=018446)
[   8.029] [packet-accepted] total=272 seq=0f flags=04 status=13 pc=01845e command=33 arg=22
[   8.046]   [header-byte] write $ffa517 = 13 mask=00ff (pc=018446)
[   8.046] [packet-accepted] total=273 seq=10 flags=04 status=13 pc=01845e command=33 arg=22
[   8.063]   [header-byte] write $ffa517 = 13 mask=00ff (pc=018446)
[   8.063] [packet-accepted] total=274 seq=11 flags=04 status=13 pc=01845e command=33 arg=22
[   8.080]   [header-byte] write $ffa517 = 13 mask=00ff (pc=018446)
[   8.080] [packet-accepted] total=275 seq=12 flags=04 status=13 pc=01845e command=33 arg=22
[   8.096]   [header-byte] write $ffa517 = 13 mask=00ff (pc=018446)
[   8.096] [packet-accepted] total=276 seq=13 flags=04 status=13 pc=01845e command=33 arg=22
[   8.113]   [header-byte] write $ffa517 = 13 mask=00ff (pc=018446)
[   8.113] [packet-accepted] total=277 seq=14 flags=04 status=13 pc=01845e command=33 arg=22
[   8.130]   [header-byte] write $ffa517 = 13 mask=00ff (pc=018446)
[   8.130] [packet-accepted] total=278 seq=15 flags=04 status=13 pc=01845e command=33 arg=22
[   8.146]   [header-byte] write $ffa517 = 13 mask=00ff (pc=018446)
[   8.146] [packet-accepted] total=279 seq=16 flags=04 status=13 pc=01845e command=33 arg=22
[   8.163]   [header-byte] write $ffa517 = 13 mask=00ff (pc=018446)
[   8.163] [packet-accepted] total=280 seq=17 flags=04 status=13 pc=01845e command=33 arg=22
[   8.180]   [header-byte] write $ffa517 = 13 mask=00ff (pc=018446)
[   8.180] [packet-accepted] total=281 seq=18 flags=04 status=13 pc=01845e command=33 arg=22
[   8.196]   [header-byte] write $ffa517 = 13 mask=00ff (pc=018446)
[   8.196] [packet-accepted] total=282 seq=19 flags=04 status=13 pc=01845e command=33 arg=22
[   8.213]   [header-byte] write $ffa517 = 13 mask=00ff (pc=018446)
[   8.213] [packet-accepted] total=283 seq=1a flags=04 status=13 pc=01845e command=33 arg=22
[   8.230]   [header-byte] write $ffa517 = 13 mask=00ff (pc=018446)
[   8.230] [packet-accepted] total=284 seq=1b flags=04 status=13 pc=01845e command=33 arg=22
[   8.246]   [header-byte] write $ffa517 = 13 mask=00ff (pc=018446)
[   8.246] [packet-accepted] total=285 seq=1c flags=04 status=13 pc=01845e command=33 arg=22
[   8.263]   [header-byte] write $ffa517 = 13 mask=00ff (pc=018446)
[   8.263] [packet-accepted] total=286 seq=1d flags=04 status=13 pc=01845e command=33 arg=22
[   8.280]   [header-byte] write $ffa517 = 13 mask=00ff (pc=018446)
[   8.280] [packet-accepted] total=287 seq=1e flags=04 status=13 pc=01845e command=33 arg=22
[   8.298]   [header-byte] write $ffa517 = 13 mask=00ff (pc=018446)
[   8.298] [packet-accepted] total=288 seq=1f flags=04 status=13 pc=01845e command=33 arg=22
[   8.313]   [header-byte] write $ffa517 = 13 mask=00ff (pc=018446)
[   8.313] [packet-accepted] total=289 seq=20 flags=04 status=13 pc=01845e command=33 arg=22
[   8.330]   [header-byte] write $ffa517 = 13 mask=00ff (pc=018446)
[   8.330] [packet-accepted] total=290 seq=21 flags=04 status=13 pc=01845e command=33 arg=22
[   8.347]   [header-byte] write $ffa517 = 13 mask=00ff (pc=018446)
[   8.347] [packet-accepted] total=291 seq=22 flags=04 status=13 pc=01845e command=33 arg=22
[   8.363]   [header-byte] write $ffa517 = 13 mask=00ff (pc=018446)
[   8.363] [packet-accepted] total=292 seq=23 flags=04 status=13 pc=01845e command=33 arg=22
[   8.380]   [header-byte] write $ffa517 = 13 mask=00ff (pc=018446)
[   8.380] [packet-accepted] total=293 seq=24 flags=04 status=13 pc=01845e command=33 arg=22
[   8.397]   [header-byte] write $ffa517 = 13 mask=00ff (pc=018446)
[   8.397] [packet-accepted] total=294 seq=25 flags=04 status=13 pc=01845e command=33 arg=22
[   8.413]   [header-byte] write $ffa517 = 13 mask=00ff (pc=018446)
[   8.413] [packet-accepted] total=295 seq=26 flags=04 status=13 pc=01845e command=33 arg=22
[   8.430]   [header-byte] write $ffa517 = 13 mask=00ff (pc=018446)
[   8.430] [packet-accepted] total=296 seq=27 flags=04 status=13 pc=01845e command=33 arg=22
[   8.447]   [header-byte] write $ffa517 = 13 mask=00ff (pc=018446)
[   8.447] [packet-accepted] total=297 seq=28 flags=04 status=13 pc=01845e command=33 arg=22
[   8.465]   [header-byte] write $ffa517 = 13 mask=00ff (pc=018446)
[   8.465] [packet-accepted] total=298 seq=29 flags=04 status=13 pc=01845e command=33 arg=22
[   8.480]   [header-byte] write $ffa517 = 13 mask=00ff (pc=018446)
[   8.480] [packet-accepted] total=299 seq=2a flags=04 status=13 pc=01845e command=33 arg=22
[   8.497]   [header-byte] write $ffa517 = 13 mask=00ff (pc=018446)
[   8.497] [packet-accepted] total=300 seq=2b flags=04 status=13 pc=01845e command=33 arg=22
[   8.513]   [header-byte] write $ffa517 = 13 mask=00ff (pc=018446)
[   8.513] [packet-accepted] total=301 seq=2c flags=04 status=13 pc=01845e command=33 arg=22
[   8.530]   [header-byte] write $ffa517 = 13 mask=00ff (pc=018446)
[   8.530] [packet-accepted] total=302 seq=2d flags=04 status=13 pc=01845e command=33 arg=22
[   8.547]   [header-byte] write $ffa517 = 13 mask=00ff (pc=018446)
[   8.547] [packet-accepted] total=303 seq=2e flags=04 status=13 pc=01845e command=33 arg=22
[   8.564]   [header-byte] write $ffa517 = 13 mask=00ff (pc=018446)
[   8.564] [packet-accepted] total=304 seq=2f flags=04 status=13 pc=01845e command=33 arg=22
[   8.580]   [header-byte] write $ffa517 = 13 mask=00ff (pc=018446)
[   8.580] [packet-accepted] total=305 seq=30 flags=04 status=13 pc=01845e command=33 arg=22
[   8.597]   [header-byte] write $ffa517 = 13 mask=00ff (pc=018446)
[   8.597] [packet-accepted] total=306 seq=31 flags=04 status=13 pc=01845e command=33 arg=22
[   8.614]   [header-byte] write $ffa517 = 13 mask=00ff (pc=018446)
[   8.614] [packet-accepted] total=307 seq=32 flags=04 status=13 pc=01845e command=33 arg=22
[   8.630]   [header-byte] write $ffa517 = 13 mask=00ff (pc=018446)
[   8.630] [packet-accepted] total=308 seq=33 flags=04 status=13 pc=01845e command=33 arg=22
[   8.647]   [header-byte] write $ffa517 = 13 mask=00ff (pc=018446)
[   8.647] [packet-accepted] total=309 seq=34 flags=04 status=13 pc=01845e command=33 arg=22
[   8.664]   [header-byte] write $ffa517 = 13 mask=00ff (pc=018446)
[   8.664] [packet-accepted] total=310 seq=35 flags=04 status=13 pc=01845e command=33 arg=22
[   8.680]   [header-byte] write $ffa517 = 13 mask=00ff (pc=018446)
[   8.680] [packet-accepted] total=311 seq=36 flags=04 status=13 pc=01845e command=33 arg=22
[   8.697]   [header-byte] write $ffa517 = 13 mask=00ff (pc=018446)
[   8.697] [packet-accepted] total=312 seq=37 flags=04 status=13 pc=01845e command=33 arg=22
[   8.714]   [header-byte] write $ffa517 = 13 mask=00ff (pc=018446)
[   8.714] [packet-accepted] total=313 seq=38 flags=04 status=13 pc=01845e command=33 arg=22
[   8.731]   [header-byte] write $ffa517 = 13 mask=00ff (pc=018446)
[   8.731] [packet-accepted] total=314 seq=39 flags=04 status=13 pc=01845e command=33 arg=22
[   8.747]   [header-byte] write $ffa517 = 13 mask=00ff (pc=018446)
[   8.747] [packet-accepted] total=315 seq=3a flags=04 status=13 pc=01845e command=33 arg=22
[   8.766]   [header-byte] write $ffa517 = 13 mask=00ff (pc=018446)
[   8.766] [packet-accepted] total=316 seq=3b flags=04 status=13 pc=01845e command=33 arg=22
[   8.780]   [header-byte] write $ffa517 = 13 mask=00ff (pc=018446)
[   8.780] [packet-accepted] total=317 seq=3c flags=04 status=13 pc=01845e command=33 arg=22
[   8.797]   [header-byte] write $ffa517 = 13 mask=00ff (pc=018446)
[   8.797] [packet-accepted] total=318 seq=3d flags=04 status=13 pc=01845e command=33 arg=22
[   8.814]   [header-byte] write $ffa517 = 13 mask=00ff (pc=018446)
[   8.814] [packet-accepted] total=319 seq=3e flags=04 status=13 pc=01845e command=33 arg=22
[   8.830]   [header-byte] write $ffa517 = 13 mask=00ff (pc=018446)
[   8.830] [packet-accepted] total=320 seq=3f flags=04 status=13 pc=01845e command=33 arg=22
[   8.847]   [header-byte] write $ffa517 = 13 mask=00ff (pc=018446)
[   8.847] [packet-accepted] total=321 seq=40 flags=04 status=13 pc=01845e command=33 arg=22
[   8.864]   [header-byte] write $ffa517 = 13 mask=00ff (pc=018446)
[   8.864] [packet-accepted] total=322 seq=41 flags=04 status=13 pc=01845e command=33 arg=22
[   8.881]   [header-byte] write $ffa517 = 13 mask=00ff (pc=018446)
[   8.881] [packet-accepted] total=323 seq=42 flags=04 status=13 pc=01845e command=33 arg=22
[   8.914]   [header-byte] write $ffa517 = 13 mask=00ff (pc=018446)
[   8.914] [packet-accepted] total=324 seq=43 flags=04 status=13 pc=01845e command=33 arg=22
[   8.914]   [header-byte] write $ffa517 = 13 mask=00ff (pc=018446)
[   8.914] [packet-accepted] total=325 seq=44 flags=04 status=13 pc=01845e command=33 arg=22
[   8.932]   [header-byte] write $ffa517 = 13 mask=00ff (pc=018446)
[   8.932] [packet-accepted] total=326 seq=45 flags=04 status=13 pc=01845e command=33 arg=22
[   8.947]   [header-byte] write $ffa517 = 13 mask=00ff (pc=018446)
[   8.947] [packet-accepted] total=327 seq=46 flags=04 status=13 pc=01845e command=33 arg=22
[   8.964]   [header-byte] write $ffa517 = 13 mask=00ff (pc=018446)
[   8.964] [packet-accepted] total=328 seq=47 flags=04 status=13 pc=01845e command=33 arg=22
[   8.980]   [header-byte] write $ffa517 = 13 mask=00ff (pc=018446)
[   8.980] [packet-accepted] total=329 seq=48 flags=04 status=13 pc=01845e command=33 arg=22
[   8.997]   [header-byte] write $ffa517 = 13 mask=00ff (pc=018446)
[   8.997] [packet-accepted] total=330 seq=49 flags=04 status=13 pc=01845e command=33 arg=22
[   9.012] heartbeat frame=540 tx=1473 rx=1636 fc=1 fd=10 fe=1 linkflag=82 pc=000288 a502=00 a524=0005 a525=05 a170=08 a17f=00 txtail=00c1 rxpend=0000
[   9.012] [transport] captured=1473 flushed=1473 received=1636 accepted=330 payload2=323 payload3=0 payload4=0 payload5=0 pump_reads=838 bursts=299 txcredit=0 outq=0 inq=0 watchdog=0 txseq=2c rxseq=4a rxcredit=0 protection=00 checks=0000
[   9.012] [epochs] local=1 peer=1 ready=true discarded_rx=0
[   9.012] [tcb-continuations] ffa580=ff80->018392 sleep=0 local26=7710 ffa5c0=ff80->01853c sleep=0 local26=0000 ffd040=ff80->018a40 sleep=0 local26=0300 ffd080=ff80->018ee4 sleep=0 local26=0000 ffd0c0=ff80->018ee4 sleep=0 local26=0000 ffd100=ff80->01fbb4 sleep=0 local26=0000 ffd140=ff80->01fbb6 sleep=0 local26=0002 ffd180=ff80->01fbb6 sleep=0 local26=00a2 ffd1c0=ff80->01fbb6 sleep=0 local26=01c2 ffd200=ff80->01fbb6 sleep=0 local26=02e2 ffd240=ff80->01902e sleep=0 local26=0000 ffd280=ff80->01ffe2 sleep=0 local26=0006 ffd2c0=ff80->020004 sleep=0 local26=0002 ffd300=ff80->020004 sleep=0 local26=0000 ffd340=ff80->01febe sleep=0 local26=0000 ffd380=ff80->01fedc sleep=0 local26=0000 ffd3c0=ff80->01febe sleep=0 local26=0000 ffd400=ff80->01fedc sleep=0 local26=0000
[   9.031]   [header-byte] write $ffa517 = 13 mask=00ff (pc=018446)
[   9.031] [packet-accepted] total=331 seq=4a flags=04 status=13 pc=01845e command=33 arg=22
[   9.047]   [header-byte] write $ffa517 = 13 mask=00ff (pc=018446)
[   9.047] [packet-accepted] total=332 seq=4b flags=04 status=13 pc=01845e command=33 arg=22
[   9.064]   [header-byte] write $ffa517 = 13 mask=00ff (pc=018446)
[   9.064] [packet-accepted] total=333 seq=4c flags=04 status=13 pc=01845e command=33 arg=22
[   9.081]   [header-byte] write $ffa517 = 13 mask=00ff (pc=018446)
[   9.081] [packet-accepted] total=334 seq=4d flags=04 status=13 pc=01845e command=33 arg=22
[   9.097]   [header-byte] write $ffa517 = 13 mask=00ff (pc=018446)
[   9.097] [packet-accepted] total=335 seq=4e flags=04 status=13 pc=01845e command=33 arg=22
[   9.114]   [header-byte] write $ffa517 = 13 mask=00ff (pc=018446)
[   9.114] [packet-accepted] total=336 seq=4f flags=04 status=13 pc=01845e command=33 arg=22
[   9.114]   [header-byte] write $ffa517 = 13 mask=00ff (pc=018446)
[   9.114] [packet-accepted] total=337 seq=50 flags=04 status=13 pc=01845e command=33 arg=22
[   9.147]   [header-byte] write $ffa517 = 13 mask=00ff (pc=018446)
[   9.147] [packet-accepted] total=338 seq=51 flags=04 status=13 pc=01845e command=33 arg=22
[   9.164]   [header-byte] write $ffa517 = 13 mask=00ff (pc=018446)
[   9.164] [packet-accepted] total=339 seq=52 flags=04 status=13 pc=01845e command=33 arg=22
[   9.181]   [header-byte] write $ffa517 = 13 mask=00ff (pc=018446)
[   9.181] [packet-accepted] total=340 seq=53 flags=04 status=13 pc=01845e command=33 arg=22
[   9.197]   [header-byte] write $ffa517 = 13 mask=00ff (pc=018446)
[   9.197] [packet-accepted] total=341 seq=54 flags=04 status=13 pc=01845e command=33 arg=22
[   9.214]   [header-byte] write $ffa517 = 13 mask=00ff (pc=018446)
[   9.214] [packet-accepted] total=342 seq=55 flags=04 status=13 pc=01845e command=33 arg=22
[   9.231]   [header-byte] write $ffa517 = 13 mask=00ff (pc=018446)
[   9.231] [packet-accepted] total=343 seq=56 flags=04 status=13 pc=01845e command=33 arg=22
[   9.249]   [header-byte] write $ffa517 = 13 mask=00ff (pc=018446)
[   9.249] [packet-accepted] total=344 seq=57 flags=04 status=13 pc=01845e command=33 arg=22
[   9.264]   [header-byte] write $ffa517 = 13 mask=00ff (pc=018446)
[   9.264] [packet-accepted] total=345 seq=58 flags=04 status=13 pc=01845e command=33 arg=22
[   9.281]   [header-byte] write $ffa517 = 13 mask=00ff (pc=018446)
[   9.281] [packet-accepted] total=346 seq=59 flags=04 status=13 pc=01845e command=33 arg=22
[   9.298]   [header-byte] write $ffa517 = 13 mask=00ff (pc=018446)
[   9.298] [packet-accepted] total=347 seq=5a flags=04 status=13 pc=01845e command=33 arg=22
[   9.314]   [header-byte] write $ffa517 = 13 mask=00ff (pc=018446)
[   9.314] [packet-accepted] total=348 seq=5b flags=04 status=13 pc=01845e command=33 arg=22
[   9.331]   [header-byte] write $ffa517 = 13 mask=00ff (pc=018446)
[   9.331] [packet-accepted] total=349 seq=5c flags=04 status=13 pc=01845e command=33 arg=22
[   9.348]   [header-byte] write $ffa517 = 13 mask=00ff (pc=018446)
[   9.348] [packet-accepted] total=350 seq=5d flags=04 status=13 pc=01845e command=33 arg=22
[   9.364]   [header-byte] write $ffa517 = 13 mask=00ff (pc=018446)
[   9.364] [packet-accepted] total=351 seq=5e flags=04 status=13 pc=01845e command=33 arg=22
[   9.381]   [header-byte] write $ffa517 = 13 mask=00ff (pc=018446)
[   9.381] [packet-accepted] total=352 seq=5f flags=04 status=13 pc=01845e command=33 arg=22
[   9.400]   [header-byte] write $ffa517 = 13 mask=00ff (pc=018446)
[   9.400] [packet-accepted] total=353 seq=60 flags=04 status=13 pc=01845e command=33 arg=22
[   9.414]   [header-byte] write $ffa517 = 13 mask=00ff (pc=018446)
[   9.414] [packet-accepted] total=354 seq=61 flags=04 status=13 pc=01845e command=33 arg=22
[   9.431]   [header-byte] write $ffa517 = 13 mask=00ff (pc=018446)
[   9.431] [packet-accepted] total=355 seq=62 flags=04 status=13 pc=01845e command=33 arg=22
[   9.448]   [header-byte] write $ffa517 = 13 mask=00ff (pc=018446)
[   9.448] [packet-accepted] total=356 seq=63 flags=04 status=13 pc=01845e command=33 arg=22
[   9.481]   [header-byte] write $ffa517 = 13 mask=00ff (pc=018446)
[   9.481] [packet-accepted] total=357 seq=64 flags=04 status=13 pc=01845e command=33 arg=22
[   9.498]   [header-byte] write $ffa517 = 13 mask=00ff (pc=018446)
[   9.498] [packet-accepted] total=358 seq=65 flags=04 status=13 pc=01845e command=33 arg=22
[   9.498]   [header-byte] write $ffa517 = 13 mask=00ff (pc=018446)
[   9.498] [packet-accepted] total=359 seq=66 flags=04 status=13 pc=01845e command=33 arg=22
[   9.515]   [header-byte] write $ffa517 = 13 mask=00ff (pc=018446)
[   9.515] [packet-accepted] total=360 seq=67 flags=04 status=13 pc=01845e command=33 arg=22
[   9.531]   [header-byte] write $ffa517 = 13 mask=00ff (pc=018446)
[   9.531] [packet-accepted] total=361 seq=68 flags=04 status=13 pc=01845e command=33 arg=22
[   9.548]   [header-byte] write $ffa517 = 13 mask=00ff (pc=018446)
[   9.548] [packet-accepted] total=362 seq=69 flags=04 status=13 pc=01845e command=33 arg=22
[   9.565]   [header-byte] write $ffa517 = 13 mask=00ff (pc=018446)
[   9.565] [packet-accepted] total=363 seq=6a flags=04 status=13 pc=01845e command=33 arg=22
[   9.581]   [header-byte] write $ffa517 = 13 mask=00ff (pc=018446)
[   9.581] [packet-accepted] total=364 seq=6b flags=04 status=13 pc=01845e command=33 arg=22
[   9.598]   [header-byte] write $ffa517 = 13 mask=00ff (pc=018446)
[   9.598] [packet-accepted] total=365 seq=6c flags=04 status=13 pc=01845e command=33 arg=22
[   9.615]   [header-byte] write $ffa517 = 13 mask=00ff (pc=018446)
[   9.615] [packet-accepted] total=366 seq=6d flags=04 status=13 pc=01845e command=33 arg=22
[   9.631]   [header-byte] write $ffa517 = 13 mask=00ff (pc=018446)
[   9.631] [packet-accepted] total=367 seq=6e flags=04 status=13 pc=01845e command=33 arg=22
[   9.648]   [header-byte] write $ffa517 = 13 mask=00ff (pc=018446)
[   9.648] [packet-accepted] total=368 seq=6f flags=04 status=13 pc=01845e command=33 arg=22
[   9.665]   [header-byte] write $ffa517 = 13 mask=00ff (pc=018446)
[   9.665] [packet-accepted] total=369 seq=70 flags=04 status=13 pc=01845e command=33 arg=22
[   9.681]   [header-byte] write $ffa517 = 13 mask=00ff (pc=018446)
[   9.681] [packet-accepted] total=370 seq=71 flags=04 status=13 pc=01845e command=33 arg=22
[   9.698]   [header-byte] write $ffa517 = 13 mask=00ff (pc=018446)
[   9.698] [packet-accepted] total=371 seq=72 flags=04 status=13 pc=01845e command=33 arg=22
[   9.717]   [header-byte] write $ffa517 = 13 mask=00ff (pc=018446)
[   9.717] [packet-accepted] total=372 seq=73 flags=04 status=13 pc=01845e command=33 arg=22
[   9.731]   [header-byte] write $ffa517 = 13 mask=00ff (pc=018446)
[   9.731] [packet-accepted] total=373 seq=74 flags=04 status=13 pc=01845e command=33 arg=22
[   9.748]   [header-byte] write $ffa517 = 13 mask=00ff (pc=018446)
[   9.748] [packet-accepted] total=374 seq=75 flags=04 status=13 pc=01845e command=33 arg=22
[   9.765]   [header-byte] write $ffa517 = 13 mask=00ff (pc=018446)
[   9.765] [packet-accepted] total=375 seq=76 flags=04 status=13 pc=01845e command=33 arg=22
[   9.781]   [header-byte] write $ffa517 = 13 mask=00ff (pc=018446)
[   9.781] [packet-accepted] total=376 seq=77 flags=04 status=13 pc=01845e command=33 arg=22
[   9.798]   [header-byte] write $ffa517 = 13 mask=00ff (pc=018446)
[   9.798] [packet-accepted] total=377 seq=78 flags=04 status=13 pc=01845e command=33 arg=22
[   9.815]   [header-byte] write $ffa517 = 13 mask=00ff (pc=018446)
[   9.815] [packet-accepted] total=378 seq=79 flags=04 status=13 pc=01845e command=33 arg=22
[   9.832]   [header-byte] write $ffa517 = 13 mask=00ff (pc=018446)
[   9.832] [packet-accepted] total=379 seq=7a flags=04 status=13 pc=01845e command=33 arg=22
[   9.848]   [header-byte] write $ffa517 = 13 mask=00ff (pc=018446)
[   9.848] [packet-accepted] total=380 seq=7b flags=04 status=13 pc=01845e command=33 arg=22
[   9.865]   [header-byte] write $ffa517 = 13 mask=00ff (pc=018446)
[   9.865] [packet-accepted] total=381 seq=7c flags=04 status=13 pc=01845e command=33 arg=22
[   9.883]   [header-byte] write $ffa517 = 13 mask=00ff (pc=018446)
[   9.883] [packet-accepted] total=382 seq=7d flags=04 status=13 pc=01845e command=33 arg=22
[   9.899]   [header-byte] write $ffa517 = 13 mask=00ff (pc=018446)
[   9.899] [packet-accepted] total=383 seq=7e flags=04 status=13 pc=01845e command=33 arg=22
[   9.915]   [header-byte] write $ffa517 = 13 mask=00ff (pc=018446)
[   9.915] [packet-accepted] total=384 seq=7f flags=04 status=13 pc=01845e command=33 arg=22
[   9.932]   [header-byte] write $ffa517 = 13 mask=00ff (pc=018446)
[   9.932] [packet-accepted] total=385 seq=80 flags=04 status=13 pc=01845e command=33 arg=22
[   9.965]   [header-byte] write $ffa517 = 13 mask=00ff (pc=018446)
[   9.965] [packet-accepted] total=386 seq=81 flags=04 status=13 pc=01845e command=33 arg=22
[   9.965]   [header-byte] write $ffa517 = 13 mask=00ff (pc=018446)
[   9.965] [packet-accepted] total=387 seq=82 flags=04 status=13 pc=01845e command=33 arg=22
[   9.999]   [header-byte] write $ffa517 = 13 mask=00ff (pc=018446)
[   9.999] [packet-accepted] total=388 seq=83 flags=04 status=13 pc=01845e command=33 arg=22
[   9.999]   [header-byte] write $ffa517 = 13 mask=00ff (pc=018446)
[   9.999] [packet-accepted] total=389 seq=84 flags=04 status=13 pc=01845e command=33 arg=22
[  10.013] heartbeat frame=600 tx=1773 rx=1931 fc=1 fd=10 fe=1 linkflag=82 pc=00028a a502=00 a524=0005 a525=05 a170=08 a17f=00 txtail=00ed rxpend=0000
[  10.013] [transport] captured=1773 flushed=1773 received=1931 accepted=389 payload2=382 payload3=0 payload4=0 payload5=0 pump_reads=953 bursts=359 txcredit=0 outq=0 inq=0 watchdog=0 txseq=68 rxseq=85 rxcredit=5 protection=00 checks=0000
[  10.013] [epochs] local=1 peer=1 ready=true discarded_rx=0
[  10.013] [tcb-continuations] ffa580=ff80->018392 sleep=0 local26=7710 ffa5c0=ff80->01853c sleep=0 local26=0000 ffd040=ff80->018a40 sleep=0 local26=0300 ffd080=ff80->018ee4 sleep=0 local26=0000 ffd0c0=ff80->018ee4 sleep=0 local26=0000 ffd100=ff80->01fbb4 sleep=0 local26=0000 ffd140=ff80->01fbb6 sleep=0 local26=0002 ffd180=ff80->01fbb6 sleep=0 local26=00a2 ffd1c0=ff80->01fbb6 sleep=0 local26=01c2 ffd200=ff80->01fbb6 sleep=0 local26=02e2 ffd240=ff80->01902e sleep=0 local26=0000 ffd280=ff80->01ffe2 sleep=0 local26=0005 ffd2c0=ff80->020004 sleep=0 local26=0002 ffd300=ff80->020004 sleep=0 local26=0000 ffd340=ff80->01febe sleep=0 local26=0000 ffd380=ff80->01fedc sleep=0 local26=0000 ffd3c0=ff80->01febe sleep=0 local26=0000 ffd400=ff80->01fedc sleep=0 local26=0000
[  10.015]   [header-byte] write $ffa517 = 13 mask=00ff (pc=018446)
[  10.015] [packet-accepted] total=390 seq=85 flags=04 status=13 pc=01845e command=33 arg=22
[  10.032]   [header-byte] write $ffa517 = 13 mask=00ff (pc=018446)
[  10.032] [packet-accepted] total=391 seq=86 flags=04 status=13 pc=01845e command=33 arg=22
[  10.032]   [header-byte] write $ffa517 = 13 mask=00ff (pc=018446)
[  10.032] [packet-accepted] total=392 seq=87 flags=04 status=13 pc=01845e command=33 arg=22
[  10.032]   [header-byte] write $ffa517 = 13 mask=00ff (pc=018446)
[  10.032] [packet-accepted] total=393 seq=88 flags=04 status=13 pc=01845e command=33 arg=22
[  10.049]   [header-byte] write $ffa517 = 13 mask=00ff (pc=018446)
[  10.049] [packet-accepted] total=394 seq=89 flags=04 status=13 pc=01845e command=33 arg=22
[  10.065]   [header-byte] write $ffa517 = 13 mask=00ff (pc=018446)
[  10.065] [packet-accepted] total=395 seq=8a flags=04 status=13 pc=01845e command=33 arg=22
[  10.082]   [header-byte] write $ffa517 = 13 mask=00ff (pc=018446)
[  10.082] [packet-accepted] total=396 seq=8b flags=04 status=13 pc=01845e command=33 arg=22
[  10.099]   [header-byte] write $ffa517 = 13 mask=00ff (pc=018446)
[  10.099] [packet-accepted] total=397 seq=8c flags=04 status=13 pc=01845e command=33 arg=22
[  10.115]   [header-byte] write $ffa517 = 13 mask=00ff (pc=018446)
[  10.115] [packet-accepted] total=398 seq=8d flags=04 status=13 pc=01845e command=33 arg=22
[  10.132]   [header-byte] write $ffa517 = 13 mask=00ff (pc=018446)
[  10.132] [packet-accepted] total=399 seq=8e flags=04 status=13 pc=01845e command=33 arg=22
[  10.149]   [header-byte] write $ffa517 = 13 mask=00ff (pc=018446)
[  10.149] [packet-accepted] total=400 seq=8f flags=04 status=13 pc=01845e command=33 arg=22
[  10.166]   [header-byte] write $ffa517 = 13 mask=00ff (pc=018446)
[  10.166] [packet-accepted] total=401 seq=90 flags=04 status=13 pc=01845e command=33 arg=22
[  10.182]   [header-byte] write $ffa517 = 13 mask=00ff (pc=018446)
[  10.182] [packet-accepted] total=402 seq=91 flags=04 status=13 pc=01845e command=33 arg=22
[  10.201]   [header-byte] write $ffa517 = 13 mask=00ff (pc=018446)
[  10.201] [packet-accepted] total=403 seq=92 flags=04 status=13 pc=01845e command=33 arg=22
[  10.216]   [header-byte] write $ffa517 = 13 mask=00ff (pc=018446)
[  10.216] [packet-accepted] total=404 seq=93 flags=04 status=13 pc=01845e command=33 arg=22
[  10.232]   [header-byte] write $ffa517 = 13 mask=00ff (pc=018446)
[  10.232] [packet-accepted] total=405 seq=94 flags=04 status=13 pc=01845e command=33 arg=22
[  10.249]   [header-byte] write $ffa517 = 13 mask=00ff (pc=018446)
[  10.249] [packet-accepted] total=406 seq=95 flags=04 status=13 pc=01845e command=33 arg=22
[  10.266]   [header-byte] write $ffa517 = 13 mask=00ff (pc=018446)
[  10.266] [packet-accepted] total=407 seq=96 flags=04 status=13 pc=01845e command=33 arg=22
[  10.282]   [header-byte] write $ffa517 = 13 mask=00ff (pc=018446)
[  10.282] [packet-accepted] total=408 seq=97 flags=04 status=13 pc=01845e command=33 arg=22
[  10.299]   [header-byte] write $ffa517 = 13 mask=00ff (pc=018446)
[  10.299] [packet-accepted] total=409 seq=98 flags=04 status=13 pc=01845e command=33 arg=22
[  10.316]   [header-byte] write $ffa517 = 13 mask=00ff (pc=018446)
[  10.316] [packet-accepted] total=410 seq=99 flags=04 status=13 pc=01845e command=33 arg=22
[  10.332]   [header-byte] write $ffa517 = 13 mask=00ff (pc=018446)
[  10.332] [packet-accepted] total=411 seq=9a flags=04 status=13 pc=01845e command=33 arg=22
[  10.351]   [header-byte] write $ffa517 = 13 mask=00ff (pc=018446)
[  10.351] [packet-accepted] total=412 seq=9b flags=04 status=13 pc=01845e command=33 arg=22
[  10.366]   [header-byte] write $ffa517 = 13 mask=00ff (pc=018446)
[  10.366] [packet-accepted] total=413 seq=9c flags=04 status=13 pc=01845e command=33 arg=22
[  10.383]   [header-byte] write $ffa517 = 13 mask=00ff (pc=018446)
[  10.383] [packet-accepted] total=414 seq=9d flags=04 status=13 pc=01845e command=33 arg=22
[  10.399]   [header-byte] write $ffa517 = 13 mask=00ff (pc=018446)
[  10.399] [packet-accepted] total=415 seq=9e flags=04 status=13 pc=01845e command=33 arg=22
[  10.416]   [header-byte] write $ffa517 = 13 mask=00ff (pc=018446)
[  10.416] [packet-accepted] total=416 seq=9f flags=04 status=13 pc=01845e command=33 arg=22
[  10.433]   [header-byte] write $ffa517 = 13 mask=00ff (pc=018446)
[  10.433] [packet-accepted] total=417 seq=a0 flags=04 status=13 pc=01845e command=33 arg=22
[  10.449]   [header-byte] write $ffa517 = 13 mask=00ff (pc=018446)
[  10.449] [packet-accepted] total=418 seq=a1 flags=04 status=13 pc=01845e command=33 arg=22
[  10.466]   [header-byte] write $ffa517 = 13 mask=00ff (pc=018446)
[  10.466] [packet-accepted] total=419 seq=a2 flags=04 status=13 pc=01845e command=33 arg=22
[  10.483]   [header-byte] write $ffa517 = 13 mask=00ff (pc=018446)
[  10.483] [packet-accepted] total=420 seq=a3 flags=04 status=13 pc=01845e command=33 arg=22
[  10.499]   [header-byte] write $ffa517 = 13 mask=00ff (pc=018446)
[  10.499] [packet-accepted] total=421 seq=a4 flags=04 status=13 pc=01845e command=33 arg=22
[  10.516]   [header-byte] write $ffa517 = 13 mask=00ff (pc=018446)
[  10.516] [packet-accepted] total=422 seq=a5 flags=04 status=13 pc=01845e command=33 arg=22
[  10.533]   [header-byte] write $ffa517 = 13 mask=00ff (pc=018446)
[  10.533] [packet-accepted] total=423 seq=a6 flags=04 status=13 pc=01845e command=33 arg=22
[  10.550]   [header-byte] write $ffa517 = 13 mask=00ff (pc=018446)
[  10.550] [packet-accepted] total=424 seq=a7 flags=04 status=13 pc=01845e command=33 arg=22
[  10.566]   [header-byte] write $ffa517 = 13 mask=00ff (pc=018446)
[  10.566] [packet-accepted] total=425 seq=a8 flags=04 status=13 pc=01845e command=33 arg=22
[  10.583]   [header-byte] write $ffa517 = 13 mask=00ff (pc=018446)
[  10.583] [packet-accepted] total=426 seq=a9 flags=04 status=13 pc=01845e command=33 arg=22
[  10.600]   [header-byte] write $ffa517 = 13 mask=00ff (pc=018446)
[  10.600] [packet-accepted] total=427 seq=aa flags=04 status=13 pc=01845e command=33 arg=22
[  10.616]   [header-byte] write $ffa517 = 13 mask=00ff (pc=018446)
[  10.616] [packet-accepted] total=428 seq=ab flags=04 status=13 pc=01845e command=33 arg=22
[  10.633]   [header-byte] write $ffa517 = 13 mask=00ff (pc=018446)
[  10.633] [packet-accepted] total=429 seq=ac flags=04 status=13 pc=01845e command=33 arg=22
[  10.650]   [header-byte] write $ffa517 = 13 mask=00ff (pc=018446)
[  10.650] [packet-accepted] total=430 seq=ad flags=04 status=13 pc=01845e command=33 arg=22
[  10.667]   [header-byte] write $ffa517 = 13 mask=00ff (pc=018446)
[  10.667] [packet-accepted] total=431 seq=ae flags=04 status=13 pc=01845e command=33 arg=22
[  10.683]   [header-byte] write $ffa517 = 13 mask=00ff (pc=018446)
[  10.683] [packet-accepted] total=432 seq=af flags=04 status=13 pc=01845e command=33 arg=22
[  10.700]   [header-byte] write $ffa517 = 13 mask=00ff (pc=018446)
[  10.700] [packet-accepted] total=433 seq=b0 flags=04 status=13 pc=01845e command=33 arg=22
[  10.716]   [header-byte] write $ffa517 = 13 mask=00ff (pc=018446)
[  10.716] [packet-accepted] total=434 seq=b1 flags=04 status=13 pc=01845e command=33 arg=22
[  10.733]   [header-byte] write $ffa517 = 13 mask=00ff (pc=018446)
[  10.733] [packet-accepted] total=435 seq=b2 flags=04 status=13 pc=01845e command=33 arg=22
[  10.750]   [header-byte] write $ffa517 = 13 mask=00ff (pc=018446)
[  10.750] [packet-accepted] total=436 seq=b3 flags=04 status=13 pc=01845e command=33 arg=22
[  10.766]   [header-byte] write $ffa517 = 13 mask=00ff (pc=018446)
[  10.766] [packet-accepted] total=437 seq=b4 flags=04 status=13 pc=01845e command=33 arg=22
[  10.783]   [header-byte] write $ffa517 = 13 mask=00ff (pc=018446)
[  10.783] [packet-accepted] total=438 seq=b5 flags=04 status=13 pc=01845e command=33 arg=22
[  10.800]   [header-byte] write $ffa517 = 13 mask=00ff (pc=018446)
[  10.800] [packet-accepted] total=439 seq=b6 flags=04 status=13 pc=01845e command=33 arg=22
[  10.816]   [header-byte] write $ffa517 = 13 mask=00ff (pc=018446)
[  10.816] [packet-accepted] total=440 seq=b7 flags=04 status=13 pc=01845e command=33 arg=22
[  10.833]   [header-byte] write $ffa517 = 13 mask=00ff (pc=018446)
[  10.833] [packet-accepted] total=441 seq=b8 flags=04 status=13 pc=01845e command=33 arg=22
[  10.849]   [header-byte] write $ffa517 = 13 mask=00ff (pc=018446)
[  10.849] [packet-accepted] total=442 seq=b9 flags=04 status=13 pc=01845e command=33 arg=22
[  10.866]   [header-byte] write $ffa517 = 13 mask=00ff (pc=018446)
[  10.866] [packet-accepted] total=443 seq=ba flags=04 status=13 pc=01845e command=73 arg=22
[  10.866] [game-command] data=4343 mask=ff00 pc=018b72 requests=04
[  10.884]   [header-byte] write $ffa517 = 10 mask=00ff (pc=018446)
[  10.884] [packet-accepted] total=444 seq=bb flags=04 status=10 pc=01845e command=73 arg=22
[  10.884]   [header-byte] write $ffa513 = 10 mask=00ff (pc=018d88)
[  11.014] heartbeat frame=660 tx=2043 rx=2206 fc=1 fd=10 fe=1 linkflag=82 pc=00028a a502=00 a524=0000 a525=00 a170=08 a17f=00 txtail=00fb rxpend=0000
[  11.014] [transport] captured=2043 flushed=2043 received=2206 accepted=444 payload2=437 payload3=0 payload4=0 payload5=0 pump_reads=1066 bursts=413 txcredit=0 outq=0 inq=0 watchdog=7 txseq=9d rxseq=bc rxcredit=0 protection=00 checks=0000
[  11.014] [epochs] local=1 peer=1 ready=true discarded_rx=0
[  11.014] [game-state] a142=04 a13e=00 a13f=00 a530=4322 a506=03 a507=00 a508=01 a7b0=0000 a7a6=7322 script=01a39e mode=01 rule=01 base=70 margin=6 difficulty=0 preset=0
[  11.014] [tcb-continuations] ffa580=ff80->018392 sleep=0 local26=7710 ffa5c0=ff80->01853c sleep=0 local26=0700 ffd040=ff80->018db6 sleep=12 local26=0300 ffd100=ff80->01fbb4 sleep=0 local26=0000 ffd140=ff80->01fbb6 sleep=0 local26=0002 ffd180=ff80->01fbb6 sleep=0 local26=00a2 ffd1c0=ff80->01fbb6 sleep=0 local26=01c2 ffd200=ff80->01fbb6 sleep=0 local26=02e2 ffd240=ff80->01902e sleep=0 local26=0000
[  11.701]   [header-byte] write $ffa517 = 54 mask=00ff (pc=018446)
[  12.015] heartbeat frame=720 tx=2049 rx=2209 fc=1 fd=10 fe=1 linkflag=82 pc=00028a a502=00 a524=0000 a525=00 a170=08 a17f=00 txtail=0001 rxpend=0000
[  12.015] [transport] captured=2049 flushed=2049 received=2209 accepted=445 payload2=437 payload3=0 payload4=0 payload5=0 pump_reads=1127 bursts=415 txcredit=0 outq=0 inq=0 watchdog=18 txseq=9f rxseq=bd rxcredit=0 protection=00 checks=0000
[  12.015] [epochs] local=1 peer=1 ready=true discarded_rx=0
[  12.015] [tcb-continuations] ffa580=ff80->018392 sleep=0 local26=7710 ffa5c0=ff80->01853c sleep=0 local26=0700 ffd040=ff80->018e08 sleep=133 local26=0300 ffd100=ff80->01fbb4 sleep=0 local26=0000 ffd140=ff80->01fbb6 sleep=0 local26=0002 ffd180=ff80->01fbb6 sleep=0 local26=00a2 ffd1c0=ff80->01fbb6 sleep=0 local26=01c2 ffd200=ff80->01fbb6 sleep=0 local26=02e2 ffd240=ff80->01902e sleep=0 local26=0000 ffd280=ff80->027726 sleep=0 local26=0001
[  12.185]   [header-byte] write $ffa517 = 54 mask=00ff (pc=018446)
[  12.702]   [header-byte] write $ffa517 = 54 mask=00ff (pc=018446)
[  13.017] heartbeat frame=780 tx=2055 rx=2215 fc=1 fd=10 fe=1 linkflag=82 pc=00028a a502=00 a524=0000 a525=00 a170=08 a17f=00 txtail=0007 rxpend=0000
[  13.017] [transport] captured=2055 flushed=2055 received=2215 accepted=447 payload2=437 payload3=0 payload4=0 payload5=0 pump_reads=1189 bursts=417 txcredit=0 outq=0 inq=0 watchdog=18 txseq=a1 rxseq=bf rxcredit=0 protection=00 checks=0000
[  13.017] [epochs] local=1 peer=1 ready=true discarded_rx=0
[  13.017] [tcb-continuations] ffa580=ff80->018392 sleep=0 local26=7710 ffa5c0=ff80->01853c sleep=0 local26=0700 ffd040=ff80->018e08 sleep=73 local26=0300 ffd100=ff80->01fbb4 sleep=0 local26=0000 ffd140=ff80->01fbb6 sleep=0 local26=0002 ffd180=ff80->01fbb6 sleep=0 local26=00a2 ffd1c0=ff80->01fbb6 sleep=0 local26=01c2 ffd200=ff80->01fbb6 sleep=0 local26=02e2 ffd240=ff80->01902e sleep=0 local26=0000 ffd280=ff80->027726 sleep=0 local26=0001
[  13.204]   [header-byte] write $ffa517 = 54 mask=00ff (pc=018446)
[  13.704]   [header-byte] write $ffa517 = 54 mask=00ff (pc=018446)
[  14.018] heartbeat frame=840 tx=2061 rx=2221 fc=1 fd=10 fe=1 linkflag=82 pc=00028a a502=00 a524=0000 a525=00 a170=08 a17f=00 txtail=000d rxpend=0000
[  14.018] [transport] captured=2061 flushed=2061 received=2221 accepted=449 payload2=437 payload3=0 payload4=0 payload5=0 pump_reads=1251 bursts=419 txcredit=0 outq=0 inq=0 watchdog=18 txseq=a3 rxseq=c1 rxcredit=0 protection=00 checks=0000
[  14.018] [epochs] local=1 peer=1 ready=true discarded_rx=0
[  14.018] [tcb-continuations] ffa580=ff80->018392 sleep=0 local26=7710 ffa5c0=ff80->01853c sleep=0 local26=0700 ffd040=ff80->018e08 sleep=13 local26=0300 ffd100=ff80->01fbb4 sleep=0 local26=0000 ffd140=ff80->01fbb6 sleep=0 local26=0002 ffd180=ff80->01fbb6 sleep=0 local26=00a2 ffd1c0=ff80->01fbb6 sleep=0 local26=01c2 ffd200=ff80->01fbb6 sleep=0 local26=02e2 ffd240=ff80->01902e sleep=0 local26=0000 ffd280=ff80->027726 sleep=0 local26=0001
[  14.328]   [menu-state] write $ffa170 = 0000 mask=ff00 (pc=01afb6)
[  14.328]   [menu-state] write $ffa170 = 8787 mask=ff00 (pc=01afce)
[  14.328]   [menu-state] write $ffa176 = 0000 mask=ff00 (pc=01afde)
[  14.328]   [header-byte] write $ffa513 = 00 mask=00ff (pc=01afe6)
[  14.328]   [header-byte] write $ffa513 = 10 mask=00ff (pc=01affe)
[  14.328]   [header-byte] write $ffa513 = 50 mask=00ff (pc=01b022)
[  14.328]   [header-byte] write $ffa513 = 54 mask=00ff (pc=01b044)
[  14.328]   [menu-state] write $ffa170 = 0909 mask=ff00 (pc=018062)
[  14.328]   [menu-state] write $ffa176 = 0000 mask=ff00 (pc=01afde)
[  14.328]   [header-byte] write $ffa513 = 00 mask=00ff (pc=01afe6)
[  14.328]   [header-byte] write $ffa513 = 10 mask=00ff (pc=01affe)
[  14.328]   [header-byte] write $ffa513 = 11 mask=00ff (pc=01b034)
[  14.361] [protection-checksum] data=0101 mask=00ff pc=01b0bc
[  14.361] [protection-checksum] data=0000 mask=00ff pc=01b11a
[  14.687]   [header-byte] write $ffa517 = 54 mask=00ff (pc=018446)
[  15.019] heartbeat frame=900 tx=2067 rx=2224 fc=1 fd=10 fe=1 linkflag=82 pc=000288 a502=00 a524=0000 a525=00 a170=09 a17f=00 txtail=0013 rxpend=0000
[  15.019] [transport] captured=2067 flushed=2067 received=2224 accepted=450 payload2=437 payload3=0 payload4=0 payload5=0 pump_reads=1312 bursts=421 txcredit=0 outq=0 inq=0 watchdog=19 txseq=a5 rxseq=c2 rxcredit=0 protection=00 checks=0000
[  15.019] [epochs] local=1 peer=1 ready=true discarded_rx=0
[  15.019] [game-state] a142=04 a13e=00 a13f=00 a530=4322 a506=03 a507=00 a508=01 a7b0=0000 a7a6=7322 script=01a004 mode=00 rule=01 base=70 margin=6 difficulty=0 preset=0
[  15.019] [tcb-continuations] ffa580=ff80->018392 sleep=0 local26=7710 ffa5c0=ff80->01853c sleep=0 local26=0800 ffd100=ff80->01b4ee sleep=0 local26=0000 ffd140=ff80->00628e sleep=0 local26=008d
[  15.204]   [header-byte] write $ffa517 = 54 mask=00ff (pc=018446)
[  15.721]   [header-byte] write $ffa517 = 54 mask=00ff (pc=018446)
[  16.021] heartbeat frame=960 tx=2073 rx=2230 fc=1 fd=10 fe=1 linkflag=82 pc=000288 a502=00 a524=0000 a525=00 a170=09 a17f=00 txtail=0019 rxpend=0000
[  16.021] [transport] captured=2073 flushed=2073 received=2230 accepted=452 payload2=437 payload3=0 payload4=0 payload5=0 pump_reads=1374 bursts=423 txcredit=0 outq=0 inq=0 watchdog=17 txseq=a7 rxseq=c4 rxcredit=0 protection=00 checks=0000
[  16.021] [epochs] local=1 peer=1 ready=true discarded_rx=0
[  16.021] [tcb-continuations] ffa580=ff80->018392 sleep=0 local26=7710 ffa5c0=ff80->01853c sleep=0 local26=0800 ffd100=ff80->01b4ee sleep=0 local26=0000 ffd140=ff80->00628e sleep=0 local26=0051
[  16.222]   [header-byte] write $ffa517 = 54 mask=00ff (pc=018446)
[  16.722]   [header-byte] write $ffa517 = 54 mask=00ff (pc=018446)
[  17.022] heartbeat frame=1020 tx=2079 rx=2236 fc=1 fd=10 fe=1 linkflag=82 pc=000288 a502=00 a524=0000 a525=00 a170=09 a17f=00 txtail=001f rxpend=0000
[  17.022] [transport] captured=2079 flushed=2079 received=2236 accepted=454 payload2=437 payload3=0 payload4=0 payload5=0 pump_reads=1436 bursts=425 txcredit=0 outq=0 inq=0 watchdog=17 txseq=a9 rxseq=c6 rxcredit=0 protection=00 checks=0000
[  17.022] [epochs] local=1 peer=1 ready=true discarded_rx=0
[  17.022] [tcb-continuations] ffa580=ff80->018392 sleep=0 local26=7710 ffa5c0=ff80->01853c sleep=0 local26=0800 ffd100=ff80->01b4ee sleep=0 local26=0000 ffd140=ff80->00628e sleep=0 local26=0015
[  17.240]   [header-byte] write $ffa517 = 54 mask=00ff (pc=018446)
[  17.323]   [header-byte] write $ffa517 = 54 mask=00ff (pc=018446)
[  17.323] [packet-accepted] total=456 seq=c7 flags=04 status=54 pc=01845e command=78 arg=22
[  17.340]   [header-byte] write $ffa517 = 54 mask=00ff (pc=018446)
[  17.340] [packet-accepted] total=457 seq=c8 flags=04 status=54 pc=01845e command=78 arg=22
[  17.357]   [header-byte] write $ffa517 = 54 mask=00ff (pc=018446)
[  17.357] [packet-accepted] total=458 seq=c9 flags=04 status=54 pc=01845e command=78 arg=22
[  17.941]   [header-byte] write $ffa517 = 54 mask=00ff (pc=018446)
[  18.023] heartbeat frame=1080 tx=2085 rx=2257 fc=1 fd=10 fe=1 linkflag=82 pc=000288 a502=00 a524=0000 a525=00 a170=09 a17f=00 txtail=0025 rxpend=0000
[  18.023] [transport] captured=2085 flushed=2085 received=2257 accepted=459 payload2=440 payload3=0 payload4=0 payload5=0 pump_reads=1501 bursts=427 txcredit=0 outq=0 inq=0 watchdog=4 txseq=ab rxseq=cb rxcredit=0 protection=00 checks=0000
[  18.023] [epochs] local=1 peer=1 ready=true discarded_rx=0
[  18.023] [game-state] a142=04 a13e=00 a13f=00 a530=4322 a506=03 a507=00 a508=01 a7b0=7822 a7a6=7322 script=01f582 mode=00 rule=01 base=70 margin=6 difficulty=0 preset=0
[  18.023] [tcb-continuations] ffa580=ff80->018392 sleep=0 local26=7710 ffa5c0=ff80->01853c sleep=0 local26=0700 ffd100=ff80->018fcc sleep=0 local26=0000 ffd140=ff80->0250ba sleep=150 local26=0000 ffd180=ff80->024fe2 sleep=0 local26=0000
[  18.441]   [header-byte] write $ffa517 = 54 mask=00ff (pc=018446)
[  18.975]   [header-byte] write $ffa517 = 54 mask=00ff (pc=018446)
[  19.024] heartbeat frame=1140 tx=2091 rx=2263 fc=1 fd=10 fe=1 linkflag=82 pc=00028a a502=00 a524=0000 a525=00 a170=09 a17f=00 txtail=002b rxpend=0000
[  19.024] [transport] captured=2091 flushed=2091 received=2263 accepted=461 payload2=440 payload3=0 payload4=0 payload5=0 pump_reads=1563 bursts=429 txcredit=0 outq=0 inq=0 watchdog=2 txseq=ad rxseq=cd rxcredit=0 protection=00 checks=0000
[  19.024] [epochs] local=1 peer=1 ready=true discarded_rx=0
[  19.024] [tcb-continuations] ffa580=ff80->018392 sleep=0 local26=7710 ffa5c0=ff80->01853c sleep=0 local26=0700 ffd100=ff80->018fcc sleep=0 local26=0000 ffd140=ff80->0250ba sleep=90 local26=0000 ffd180=ff80->024fe2 sleep=0 local26=0000
[  19.493]   [header-byte] write $ffa517 = 54 mask=00ff (pc=018446)
[  20.026] heartbeat frame=1200 tx=2097 rx=2266 fc=1 fd=10 fe=1 linkflag=82 pc=000288 a502=00 a524=0000 a525=00 a170=09 a17f=00 txtail=0031 rxpend=0000
[  20.026] [transport] captured=2097 flushed=2097 received=2266 accepted=462 payload2=440 payload3=0 payload4=0 payload5=0 pump_reads=1624 bursts=431 txcredit=0 outq=0 inq=0 watchdog=31 txseq=af rxseq=ce rxcredit=3 protection=00 checks=0000
[  20.026] [epochs] local=1 peer=1 ready=true discarded_rx=0
[  20.026] [tcb-continuations] ffa580=ff80->018392 sleep=0 local26=7710 ffa5c0=ff80->01853c sleep=0 local26=0700 ffd100=ff80->018fcc sleep=0 local26=0000 ffd140=ff80->0250ba sleep=30 local26=0000 ffd180=ff80->024fe2 sleep=0 local26=0000
[  20.027]   [header-byte] write $ffa517 = 54 mask=00ff (pc=018446)
[  20.510] [protection-state] address=ffa020 data=0101 mask=ff00 pc=000948
[  20.510] [protection-state] address=ffa020 data=0101 mask=00ff pc=000952
[  20.527] [protection-state] address=ffa020 data=0000 mask=00ff pc=000952
[  20.528]   [header-byte] write $ffa517 = 54 mask=00ff (pc=018446)
[  20.560] [protection-state] address=ffa020 data=0000 mask=ff00 pc=000948
[  20.760] [protection-state] address=ffa020 data=0101 mask=ff00 pc=000948
[  20.760] [protection-state] address=ffa020 data=0101 mask=00ff pc=000952
[  20.777] [protection-state] address=ffa020 data=0000 mask=00ff pc=000952
[  20.810] [protection-state] address=ffa020 data=0000 mask=ff00 pc=000948
[  21.011] [protection-state] address=ffa020 data=0101 mask=ff00 pc=000948
[  21.011] [protection-state] address=ffa020 data=0101 mask=00ff pc=000952
[  21.027] heartbeat frame=1260 tx=2100 rx=2272 fc=1 fd=10 fe=1 linkflag=82 pc=001ee4 a502=00 a524=0000 a525=00 a170=09 a17f=00 txtail=0034 rxpend=0000
[  21.027] [transport] captured=2100 flushed=2100 received=2272 accepted=464 payload2=440 payload3=0 payload4=0 payload5=0 pump_reads=1686 bursts=432 txcredit=0 outq=0 inq=0 watchdog=8 txseq=b0 rxseq=d0 rxcredit=0 protection=00 checks=0000
[  21.027] [epochs] local=1 peer=1 ready=true discarded_rx=0
[  21.027] [game-state] a142=04 a13e=00 a13f=00 a530=4322 a506=03 a507=00 a508=01 a7b0=7822 a7a6=7322 script=01f5ba mode=00 rule=01 base=70 margin=6 difficulty=0 preset=0
[  21.027] [tcb-continuations] ffa580=ff80->018392 sleep=0 local26=7710 ffa5c0=ff80->01853c sleep=0 local26=1000 ffd100=ff80->018fba sleep=0 local26=0000
[  21.027] [protection-state] address=ffa020 data=0000 mask=00ff pc=000952
[  21.061] [protection-state] address=ffa020 data=0000 mask=ff00 pc=000948
[  21.125]   [header-byte] write $ffa517 = 54 mask=00ff (pc=018446)
[  21.261] [protection-state] address=ffa020 data=0101 mask=ff00 pc=000948
[  21.261] [protection-state] address=ffa020 data=0101 mask=00ff pc=000952
[  21.278] [protection-state] address=ffa020 data=0000 mask=00ff pc=000952
[  21.311] [protection-state] address=ffa020 data=0000 mask=ff00 pc=000948
[  21.564]   [header-byte] write $ffa517 = 54 mask=00ff (pc=018446)
[  22.012] [protection-state] address=ffa020 data=1010 mask=ff00 pc=000948
[  22.012] [protection-state] address=ffa020 data=1010 mask=00ff pc=000952
[  22.028] heartbeat frame=1320 tx=2106 rx=2278 fc=1 fd=10 fe=1 linkflag=82 pc=001eec a502=00 a524=0000 a525=00 a170=09 a17f=00 txtail=003a rxpend=0000
[  22.028] [transport] captured=2106 flushed=2106 received=2278 accepted=466 payload2=440 payload3=0 payload4=0 payload5=0 pump_reads=1748 bursts=434 txcredit=0 outq=0 inq=0 watchdog=18 txseq=b2 rxseq=d2 rxcredit=0 protection=00 checks=0000
[  22.028] [epochs] local=1 peer=1 ready=true discarded_rx=0
[  22.028] [game-state] a142=04 a13e=00 a13f=00 a530=4322 a506=03 a507=00 a508=01 a7b0=7822 a7a6=7322 script=01f5da mode=00 rule=01 base=70 margin=6 difficulty=0 preset=0
[  22.028] [tcb-continuations] ffa580=ff80->018392 sleep=0 local26=7710 ffa5c0=ff80->01853c sleep=0 local26=0200 ffd100=ff80->018fcc sleep=0 local26=0000 ffd140=ff80->025b9a sleep=0 local26=0000 ffd180=ff80->02558e sleep=0 local26=0000
[  22.028] [protection-state] address=ffa020 data=0000 mask=00ff pc=000952
[  22.062] [protection-state] address=ffa020 data=0000 mask=ff00 pc=000948
[  22.139]   [header-byte] write $ffa517 = 54 mask=00ff (pc=018446)
[  22.598]   [header-byte] write $ffa517 = 54 mask=00ff (pc=018446)
[  23.030] heartbeat frame=1380 tx=2109 rx=2284 fc=1 fd=10 fe=1 linkflag=82 pc=00028a a502=00 a524=0000 a525=00 a170=09 a17f=00 txtail=003d rxpend=0000
[  23.030] [transport] captured=2109 flushed=2109 received=2284 accepted=468 payload2=440 payload3=0 payload4=0 payload5=0 pump_reads=1810 bursts=435 txcredit=0 outq=0 inq=0 watchdog=25 txseq=b3 rxseq=d4 rxcredit=0 protection=00 checks=0000
[  23.030] [epochs] local=1 peer=1 ready=true discarded_rx=0
[  23.030] [tcb-continuations] ffa580=ff80->018392 sleep=0 local26=7710 ffa5c0=ff80->01853c sleep=0 local26=1a00 ffd100=ff80->018fcc sleep=0 local26=0000 ffd140=ff80->025be6 sleep=19 local26=0000 ffd180=ff80->02558e sleep=0 local26=0000 ffd1c0=ff80->02585c sleep=0 local26=0000 ffd200=ff80->02585c sleep=0 local26=0001
[  23.116]   [header-byte] write $ffa517 = 54 mask=00ff (pc=018446)
[  23.616]   [header-byte] write $ffa517 = 54 mask=00ff (pc=018446)
[  24.031] heartbeat frame=1440 tx=2115 rx=2290 fc=1 fd=10 fe=1 linkflag=82 pc=00028a a502=00 a524=0000 a525=00 a170=09 a17f=00 txtail=0043 rxpend=0000
[  24.031] [transport] captured=2115 flushed=2115 received=2290 accepted=470 payload2=440 payload3=0 payload4=0 payload5=0 pump_reads=1872 bursts=437 txcredit=0 outq=0 inq=0 watchdog=14 txseq=b5 rxseq=d6 rxcredit=0 protection=00 checks=0000
[  24.031] [epochs] local=1 peer=1 ready=true discarded_rx=0
[  24.031] [tcb-continuations] ffa580=ff80->018392 sleep=0 local26=7710 ffa5c0=ff80->01853c sleep=0 local26=0800 ffd100=ff80->018fcc sleep=0 local26=0000 ffd140=ff80->025cf2 sleep=0 local26=0000 ffd180=ff80->02558e sleep=0 local26=0000 ffd1c0=ff00->027736 sleep=0 local26=0002
[  24.117]   [header-byte] write $ffa517 = 54 mask=00ff (pc=018446)
[  24.640]   [header-byte] write $ffa517 = 54 mask=00ff (pc=018446)
[  25.032] heartbeat frame=1500 tx=2118 rx=2296 fc=1 fd=10 fe=1 linkflag=82 pc=00028a a502=00 a524=0000 a525=00 a170=09 a17f=00 txtail=0046 rxpend=0000
[  25.032] [transport] captured=2118 flushed=2118 received=2296 accepted=472 payload2=440 payload3=0 payload4=0 payload5=0 pump_reads=1934 bursts=438 txcredit=0 outq=0 inq=0 watchdog=23 txseq=b6 rxseq=d8 rxcredit=0 protection=00 checks=0000
[  25.032] [epochs] local=1 peer=1 ready=true discarded_rx=0
[  25.032] [tcb-continuations] ffa580=ff80->018392 sleep=0 local26=7710 ffa5c0=ff80->01853c sleep=0 local26=1700 ffd100=ff80->018fcc sleep=0 local26=0000 ffd140=ff80->025d88 sleep=49 local26=0000 ffd180=ff80->02558e sleep=0 local26=0000 ffd1c0=ff80->02585c sleep=0 local26=0000 ffd200=ff80->02585c sleep=0 local26=0001
[  25.135]   [header-byte] write $ffa517 = 54 mask=00ff (pc=018446)
[  25.652]   [header-byte] write $ffa517 = 54 mask=00ff (pc=018446)
[  26.034] heartbeat frame=1560 tx=2124 rx=2302 fc=1 fd=10 fe=1 linkflag=82 pc=001e9a a502=00 a524=0000 a525=00 a170=09 a17f=00 txtail=004c rxpend=0000
[  26.034] [transport] captured=2124 flushed=2124 received=2302 accepted=474 payload2=440 payload3=0 payload4=0 payload5=0 pump_reads=1996 bursts=440 txcredit=0 outq=0 inq=0 watchdog=18 txseq=b8 rxseq=da rxcredit=0 protection=00 checks=0000
[  26.034] [epochs] local=1 peer=1 ready=true discarded_rx=0
[  26.034] [tcb-continuations] ffa580=ff80->018392 sleep=0 local26=7710 ffa5c0=ff80->01853c sleep=0 local26=1300 ffd100=ff80->018fcc sleep=0 local26=0000 ffd140=ff80->025de6 sleep=0 local26=0000 ffd180=ff80->02558e sleep=0 local26=0000 ffd1c0=ff80->0253a2 sleep=0 local26=0000
[  26.343]   [header-byte] write $ffa517 = 54 mask=00ff (pc=018446)
[  26.688]   [header-byte] write $ffa517 = 54 mask=00ff (pc=018446)
[  27.035] heartbeat frame=1620 tx=2130 rx=2308 fc=1 fd=10 fe=1 linkflag=82 pc=00028a a502=00 a524=0000 a525=00 a170=09 a17f=00 txtail=0052 rxpend=0000
[  27.035] [transport] captured=2130 flushed=2130 received=2308 accepted=476 payload2=440 payload3=0 payload4=0 payload5=0 pump_reads=2058 bursts=442 txcredit=0 outq=0 inq=0 watchdog=20 txseq=ba rxseq=dc rxcredit=0 protection=00 checks=0000
[  27.035] [epochs] local=1 peer=1 ready=true discarded_rx=0
[  27.035] [tcb-continuations] ffa580=ff80->018392 sleep=0 local26=7710 ffa5c0=ff80->01853c sleep=0 local26=0500 ffd100=ff80->018fcc sleep=0 local26=0000 ffd140=ff80->025de6 sleep=0 local26=0000 ffd180=ff80->02558e sleep=0 local26=0000 ffd1c0=ff80->02547c sleep=0 local26=0000 ffd200=ff80->027736 sleep=0 local26=0002 ffd240=ff80->02533c sleep=0 local26=0108
[  27.204]   [header-byte] write $ffa517 = 54 mask=00ff (pc=018446)
[  27.704]   [header-byte] write $ffa517 = 54 mask=00ff (pc=018446)
[  28.036] heartbeat frame=1680 tx=2136 rx=2314 fc=1 fd=10 fe=1 linkflag=82 pc=00028a a502=00 a524=0000 a525=00 a170=09 a17f=00 txtail=0058 rxpend=0000
[  28.036] [transport] captured=2136 flushed=2136 received=2314 accepted=478 payload2=440 payload3=0 payload4=0 payload5=0 pump_reads=2120 bursts=444 txcredit=0 outq=0 inq=0 watchdog=19 txseq=bc rxseq=de rxcredit=0 protection=00 checks=0000
[  28.036] [epochs] local=1 peer=1 ready=true discarded_rx=0
[  28.036] [tcb-continuations] ffa580=ff80->018392 sleep=0 local26=7710 ffa5c0=ff80->01853c sleep=0 local26=0500 ffd100=ff80->018fcc sleep=0 local26=0000 ffd140=ff80->025de6 sleep=0 local26=0000 ffd180=ff80->02558e sleep=0 local26=0000 ffd1c0=ff80->02549a sleep=105 local26=0000 ffd200=ff80->027736 sleep=0 local26=0002 ffd240=ff80->02535e sleep=0 local26=0108
[  28.255]   [header-byte] write $ffa517 = 54 mask=00ff (pc=018446)
[  28.756]   [header-byte] write $ffa517 = 54 mask=00ff (pc=018446)
[  28.756] [packet-accepted] total=480 seq=df flags=00 status=54 pc=01845e
[  29.037] heartbeat frame=1740 tx=2142 rx=2320 fc=1 fd=10 fe=1 linkflag=82 pc=000288 a502=00 a524=0000 a525=00 a170=09 a17f=00 txtail=005e rxpend=0000
[  29.037] [transport] captured=2142 flushed=2142 received=2320 accepted=480 payload2=440 payload3=0 payload4=0 payload5=0 pump_reads=2182 bursts=446 txcredit=0 outq=0 inq=0 watchdog=16 txseq=be rxseq=e0 rxcredit=0 protection=00 checks=0000
[  29.037] [epochs] local=1 peer=1 ready=true discarded_rx=0
[  29.037] [tcb-continuations] ffa580=ff80->018392 sleep=0 local26=7710 ffa5c0=ff80->01853c sleep=0 local26=0500 ffd100=ff80->018fcc sleep=0 local26=0000 ffd140=ff80->025de6 sleep=0 local26=0000 ffd180=ff80->02558e sleep=0 local26=0000 ffd1c0=ff80->02549a sleep=45 local26=0000 ffd200=ff80->027736 sleep=0 local26=0002 ffd240=ff80->02535e sleep=0 local26=0108
[  29.257]   [header-byte] write $ffa517 = 54 mask=00ff (pc=018446)
[  29.758]   [header-byte] write $ffa517 = 54 mask=00ff (pc=018446)
[  30.039] heartbeat frame=1800 tx=2145 rx=2326 fc=1 fd=10 fe=1 linkflag=82 pc=000ff2 a502=00 a524=0000 a525=00 a170=09 a17f=00 txtail=0061 rxpend=0000
[  30.039] [transport] captured=2145 flushed=2145 received=2326 accepted=482 payload2=440 payload3=0 payload4=0 payload5=0 pump_reads=2244 bursts=447 txcredit=0 outq=0 inq=0 watchdog=9 txseq=bf rxseq=e2 rxcredit=0 protection=00 checks=0000
[  30.039] [epochs] local=1 peer=1 ready=true discarded_rx=0
[  30.039] [tcb-continuations] ffa580=ff80->018392 sleep=0 local26=7710 ffa5c0=ff80->01853c sleep=0 local26=1c00 ffd100=ff80->018fcc sleep=0 local26=0000 ffd140=ff80->025e12 sleep=0 local26=0000 ffd180=ff80->02558e sleep=0 local26=0000 ffd1c0=ff80->018fcc sleep=0 local26=0000
[  30.258]   [header-byte] write $ffa517 = 54 mask=00ff (pc=018446)
[  30.759]   [header-byte] write $ffa517 = 54 mask=00ff (pc=018446)
[  31.040] heartbeat frame=1860 tx=2151 rx=2332 fc=1 fd=10 fe=1 linkflag=82 pc=000288 a502=00 a524=0000 a525=00 a170=09 a17f=00 txtail=0067 rxpend=0000
[  31.040] [transport] captured=2151 flushed=2151 received=2332 accepted=484 payload2=440 payload3=0 payload4=0 payload5=0 pump_reads=2306 bursts=449 txcredit=0 outq=0 inq=0 watchdog=16 txseq=c1 rxseq=e4 rxcredit=0 protection=00 checks=0000
[  31.040] [epochs] local=1 peer=1 ready=true discarded_rx=0
[  31.040] [tcb-continuations] ffa580=ff80->018392 sleep=0 local26=7710 ffa5c0=ff80->01853c sleep=0 local26=1400 ffd100=ff80->018fcc sleep=0 local26=0000 ffd140=ff80->025e5e sleep=21 local26=0000 ffd180=ff80->02558e sleep=0 local26=0000 ffd1c0=ff80->018fcc sleep=0 local26=0000 ffd200=ff80->02585c sleep=0 local26=0000 ffd240=ff80->02585c sleep=0 local26=0001
[  31.278]   [header-byte] write $ffa517 = 54 mask=00ff (pc=018446)
[  31.794]   [header-byte] write $ffa517 = 54 mask=00ff (pc=018446)
[  32.041] heartbeat frame=1920 tx=2157 rx=2338 fc=1 fd=10 fe=1 linkflag=82 pc=00028a a502=00 a524=0000 a525=00 a170=09 a17f=00 txtail=006d rxpend=0000
[  32.041] [transport] captured=2157 flushed=2157 received=2338 accepted=486 payload2=440 payload3=0 payload4=0 payload5=0 pump_reads=2368 bursts=451 txcredit=0 outq=0 inq=0 watchdog=14 txseq=c3 rxseq=e6 rxcredit=0 protection=00 checks=0000
[  32.041] [epochs] local=1 peer=1 ready=true discarded_rx=0
[  32.041] [tcb-continuations] ffa580=ff80->018392 sleep=0 local26=7710 ffa5c0=ff80->01853c sleep=0 local26=1400 ffd100=ff80->018fcc sleep=0 local26=0000 ffd140=ff80->025ef4 sleep=0 local26=0000 ffd180=ff80->02558e sleep=0 local26=0000 ffd1c0=ff80->018fcc sleep=0 local26=0000
[  32.294]   [header-byte] write $ffa517 = 54 mask=00ff (pc=018446)
[  32.795]   [header-byte] write $ffa517 = 54 mask=00ff (pc=018446)
[  33.043] heartbeat frame=1980 tx=2163 rx=2344 fc=1 fd=10 fe=1 linkflag=82 pc=000288 a502=00 a524=0000 a525=00 a170=09 a17f=00 txtail=0073 rxpend=0000
[  33.043] [transport] captured=2163 flushed=2163 received=2344 accepted=488 payload2=440 payload3=0 payload4=0 payload5=0 pump_reads=2430 bursts=453 txcredit=0 outq=0 inq=0 watchdog=14 txseq=c5 rxseq=e8 rxcredit=0 protection=00 checks=0000
[  33.043] [epochs] local=1 peer=1 ready=true discarded_rx=0
[  33.043] [tcb-continuations] ffa580=ff80->018392 sleep=0 local26=7710 ffa5c0=ff80->01853c sleep=0 local26=1400 ffd100=ff80->018fcc sleep=0 local26=0000 ffd140=ff80->025f1a sleep=0 local26=0000 ffd180=ff80->02558e sleep=0 local26=0000 ffd1c0=ff80->018fcc sleep=0 local26=0000 ffd200=ff80->0259ac sleep=0 local26=0000 ffe000=ff00->025aa6 sleep=0 local26=0100 ffe040=ff00->025aa6 sleep=0 local26=0100 ffe080=ff00->025aa6 sleep=0 local26=0100 ffe100=ff00->025aa6 sleep=0 local26=0100 ffe140=ff00->025aa6 sleep=0 local26=0100 ffe180=ff00->025aa6 sleep=0 local26=0100 ffe1c0=ff00->025aa6 sleep=0 local26=0100 ffe200=ff00->025aa6 sleep=0 local26=0100 ffe240=ff00->025aa6 sleep=0 local26=0100 ffe280=ff00->025aa6 sleep=0 local26=0100 ffe2c0=ff00->025aa6 sleep=0 local26=0100 ffe300=ff00->025aa6 sleep=0 local26=0100 ffe340=ff00->025aa6 sleep=0 local26=0100 ffe380=ff00->025aa6 sleep=0 local26=0100 ffe3c0=ff00->025aa6 sleep=0 local26=0100 ffe400=ff00->025aa6 sleep=0 local26=0100 ffe440=ff00->025aa6 sleep=0 local26=0100 ffe480=ff00->025aa6 sleep=0 local26=0100 ffe4c0=ff00->025aa6 sleep=0 local26=0100 ffe500=ff00->025aa6 sleep=0 local26=0100 ffe540=ff00->025aa6 sleep=0 local26=0100 ffe580=ff00->025aa6 sleep=0 local26=0100 ffe5c0=ff00->025aa6 sleep=0 local26=0100 ffe600=ff00->025aa6 sleep=0 local26=0100 ffe640=ff00->025aa6 sleep=0 local26=0100 ffe680=ff00->025aa6 sleep=0 local26=0100 ffe6c0=ff00->025aa6 sleep=0 local26=0100 ffe700=ff00->025aa6 sleep=0 local26=0100 ffe740=ff00->025aa6 sleep=0 local26=0100 ffe780=ff00->025aa6 sleep=0 local26=0100 ffe7c0=ff00->025aa6 sleep=0 local26=0100 ffe800=ff00->025aa6 sleep=0 local26=0100
[  33.312]   [header-byte] write $ffa517 = 54 mask=00ff (pc=018446)
[  33.813]   [header-byte] write $ffa517 = 54 mask=00ff (pc=018446)
[  34.044] heartbeat frame=2040 tx=2169 rx=2350 fc=1 fd=10 fe=1 linkflag=82 pc=000288 a502=00 a524=0000 a525=00 a170=09 a17f=00 txtail=0079 rxpend=0000
[  34.044] [transport] captured=2169 flushed=2169 received=2350 accepted=490 payload2=440 payload3=0 payload4=0 payload5=0 pump_reads=2492 bursts=455 txcredit=0 outq=0 inq=0 watchdog=13 txseq=c7 rxseq=ea rxcredit=0 protection=00 checks=0000
[  34.044] [epochs] local=1 peer=1 ready=true discarded_rx=0
[  34.044] [tcb-continuations] ffa580=ff80->018392 sleep=0 local26=7710 ffa5c0=ff80->01853c sleep=0 local26=1400 ffd100=ff80->018fcc sleep=0 local26=0000 ffd140=ff80->025f1a sleep=0 local26=0000 ffd180=ff80->02558e sleep=0 local26=0000 ffd1c0=ff80->018fcc sleep=0 local26=0000 ffd200=ff80->0259ac sleep=0 local26=0000 ffe000=ff00->025aa6 sleep=0 local26=0100 ffe040=ff00->025aa6 sleep=0 local26=0100 ffe080=ff00->025aa6 sleep=0 local26=0100 ffe0c0=ff00->025aa6 sleep=0 local26=0100 ffe100=ff00->025aa6 sleep=0 local26=0100 ffe180=ff00->025aa6 sleep=0 local26=0100 ffe1c0=ff00->025aa6 sleep=0 local26=0100 ffe200=ff00->025aa6 sleep=0 local26=0100 ffe240=ff00->025aa6 sleep=0 local26=0100 ffe280=ff00->025aa6 sleep=0 local26=0100 ffe2c0=ff00->025aa6 sleep=0 local26=0100 ffe300=ff00->025aa6 sleep=0 local26=0100 ffe340=ff00->025aa6 sleep=0 local26=0100 ffe380=ff00->025aa6 sleep=0 local26=0100 ffe3c0=ff00->025aa6 sleep=0 local26=0100 ffe400=ff00->025aa6 sleep=0 local26=0100 ffe440=ff00->025aa6 sleep=0 local26=0100 ffe480=ff00->025aa6 sleep=0 local26=0100 ffe4c0=ff00->025aa6 sleep=0 local26=0100 ffe500=ff00->025aa6 sleep=0 local26=0100 ffe540=ff00->025aa6 sleep=0 local26=0100 ffe580=ff00->025aa6 sleep=0 local26=0100 ffe5c0=ff00->025aa6 sleep=0 local26=0100 ffe600=ff00->025aa6 sleep=0 local26=0100 ffe640=ff00->025aa6 sleep=0 local26=0100 ffe680=ff00->025aa6 sleep=0 local26=0100 ffe6c0=ff00->025aa6 sleep=0 local26=0100 ffe700=ff00->025aa6 sleep=0 local26=0100 ffe740=ff00->025aa6 sleep=0 local26=0100 ffe780=ff00->025aa6 sleep=0 local26=0100 ffe7c0=ff00->025aa6 sleep=0 local26=0100 ffe800=ff00->025aa6 sleep=0 local26=0100 ffe840=ff00->025aa6 sleep=0 local26=0100 ffe940=ff00->025aa6 sleep=0 local26=0100
[  34.331]   [header-byte] write $ffa517 = 54 mask=00ff (pc=018446)
[  34.831]   [header-byte] write $ffa517 = 54 mask=00ff (pc=018446)
[  35.045] heartbeat frame=2100 tx=2175 rx=2356 fc=1 fd=10 fe=1 linkflag=82 pc=000288 a502=00 a524=0000 a525=00 a170=09 a17f=00 txtail=007f rxpend=0000
[  35.045] [transport] captured=2175 flushed=2175 received=2356 accepted=492 payload2=440 payload3=0 payload4=0 payload5=0 pump_reads=2554 bursts=457 txcredit=0 outq=0 inq=0 watchdog=12 txseq=c9 rxseq=ec rxcredit=0 protection=00 checks=0000
[  35.045] [epochs] local=1 peer=1 ready=true discarded_rx=0
[  35.045] [tcb-continuations] ffa580=ff80->018392 sleep=0 local26=7710 ffa5c0=ff80->01853c sleep=0 local26=1400 ffd100=ff80->018fcc sleep=0 local26=0000 ffd140=ff80->025f34 sleep=5 local26=0012 ffd180=ff80->02558e sleep=0 local26=0000 ffd1c0=ff80->018fcc sleep=0 local26=0000 ffe080=ff00->025aa6 sleep=0 local26=0100 ffe100=ff00->025aa6 sleep=0 local26=0100 ffe1c0=ff00->025aa6 sleep=0 local26=0100 ffe2c0=ff00->025aa6 sleep=0 local26=0100 ffe6c0=ff00->025aa6 sleep=0 local26=0100 ffe780=ff00->025aa6 sleep=0 local26=0100
[  35.331]   [header-byte] write $ffa517 = 54 mask=00ff (pc=018446)
[  35.849]   [header-byte] write $ffa517 = 54 mask=00ff (pc=018446)
[  36.046] heartbeat frame=2160 tx=2181 rx=2362 fc=1 fd=10 fe=1 linkflag=82 pc=000288 a502=00 a524=0000 a525=00 a170=09 a17f=00 txtail=0085 rxpend=0000
[  36.046] [transport] captured=2181 flushed=2181 received=2362 accepted=494 payload2=440 payload3=0 payload4=0 payload5=0 pump_reads=2616 bursts=459 txcredit=0 outq=0 inq=0 watchdog=11 txseq=cb rxseq=ee rxcredit=0 protection=00 checks=0000
[  36.046] [epochs] local=1 peer=1 ready=true discarded_rx=0
[  36.046] [tcb-continuations] ffa580=ff80->018392 sleep=0 local26=7710 ffa5c0=ff80->01853c sleep=0 local26=1400 ffd100=ff80->018fcc sleep=0 local26=0000 ffd140=ff80->025f5e sleep=0 local26=0004 ffd180=ff80->02558e sleep=0 local26=0000 ffd1c0=ff80->018fcc sleep=0 local26=0000 ffd200=ff80->0255fc sleep=0 local26=0000 ffd240=ff80->0255fc sleep=0 local26=0014 ffd280=ff80->0255fc sleep=0 local26=0000 ffd2c0=ff80->0255fc sleep=0 local26=0014
[  36.366]   [header-byte] write $ffa517 = 54 mask=00ff (pc=018446)
[  36.867]   [header-byte] write $ffa517 = 54 mask=00ff (pc=018446)
[  37.048] heartbeat frame=2220 tx=2187 rx=2368 fc=1 fd=10 fe=1 linkflag=82 pc=00028a a502=00 a524=0000 a525=00 a170=09 a17f=00 txtail=008b rxpend=0000
[  37.048] [transport] captured=2187 flushed=2187 received=2368 accepted=496 payload2=440 payload3=0 payload4=0 payload5=0 pump_reads=2678 bursts=461 txcredit=0 outq=0 inq=0 watchdog=10 txseq=cd rxseq=f0 rxcredit=0 protection=00 checks=0000
[  37.048] [epochs] local=1 peer=1 ready=true discarded_rx=0
[  37.048] [tcb-continuations] ffa580=ff80->018392 sleep=0 local26=7710 ffa5c0=ff80->01853c sleep=0 local26=1400 ffd100=ff80->018fcc sleep=0 local26=0000 ffd140=ff80->025f5e sleep=0 local26=0002 ffd180=ff80->02558e sleep=0 local26=0000 ffd1c0=ff80->018fcc sleep=0 local26=0000 ffd200=ff80->025658 sleep=0 local26=0000 ffd240=ff80->02561c sleep=0 local26=0014 ffd280=ff80->025658 sleep=0 local26=0000 ffd2c0=ff80->025634 sleep=0 local26=0014
[  37.384]   [header-byte] write $ffa517 = 54 mask=00ff (pc=018446)
[  37.885]   [header-byte] write $ffa517 = 54 mask=00ff (pc=018446)
[  38.049] heartbeat frame=2280 tx=2193 rx=2374 fc=1 fd=10 fe=1 linkflag=82 pc=000288 a502=00 a524=0000 a525=00 a170=09 a17f=00 txtail=0091 rxpend=0000
[  38.049] [transport] captured=2193 flushed=2193 received=2374 accepted=498 payload2=440 payload3=0 payload4=0 payload5=0 pump_reads=2740 bursts=463 txcredit=0 outq=0 inq=0 watchdog=9 txseq=cf rxseq=f2 rxcredit=0 protection=00 checks=0000
[  38.049] [epochs] local=1 peer=1 ready=true discarded_rx=0
[  38.049] [tcb-continuations] ffa580=ff80->018392 sleep=0 local26=7710 ffa5c0=ff80->01853c sleep=0 local26=1400 ffd100=ff80->018fcc sleep=0 local26=0000 ffd140=ff80->026070 sleep=0 local26=0000 ffd180=ff80->02558e sleep=0 local26=0000 ffd1c0=ff80->018fcc sleep=0 local26=0000 ffd200=ff80->025658 sleep=0 local26=0000 ffd240=ff80->025658 sleep=0 local26=0014 ffd280=ff80->025658 sleep=0 local26=0000 ffd2c0=ff80->025658 sleep=0 local26=0014 ffd300=ff80->02567c sleep=0 local26=0160 ffd340=ff80->0256a4 sleep=0 local26=00b8 ffd380=ff80->0256a4 sleep=0 local26=00b8 ffd3c0=ff80->0256a4 sleep=0 local26=00a0 ffd400=ff80->026188 sleep=0 local26=0000
[  38.435]   [header-byte] write $ffa517 = 54 mask=00ff (pc=018446)
[  38.919]   [header-byte] write $ffa517 = 54 mask=00ff (pc=018446)
[  39.050] heartbeat frame=2340 tx=2199 rx=2380 fc=1 fd=10 fe=1 linkflag=82 pc=00028a a502=00 a524=0000 a525=00 a170=09 a17f=00 txtail=0097 rxpend=0000
[  39.050] [transport] captured=2199 flushed=2199 received=2380 accepted=500 payload2=440 payload3=0 payload4=0 payload5=0 pump_reads=2802 bursts=465 txcredit=0 outq=0 inq=0 watchdog=7 txseq=d1 rxseq=f4 rxcredit=0 protection=00 checks=0000
[  39.050] [epochs] local=1 peer=1 ready=true discarded_rx=0
[  39.050] [tcb-continuations] ffa580=ff80->018392 sleep=0 local26=7710 ffa5c0=ff80->01853c sleep=0 local26=1400 ffd100=ff80->018fcc sleep=0 local26=0000 ffd140=ff80->0260b6 sleep=20 local26=0000 ffd180=ff80->02558e sleep=0 local26=0000 ffd1c0=ff80->018fcc sleep=0 local26=0000 ffd200=ff80->025658 sleep=0 local26=0000 ffd240=ff80->025658 sleep=0 local26=0014 ffd280=ff80->025658 sleep=0 local26=0000 ffd2c0=ff80->025658 sleep=0 local26=0014 ffd300=ff80->02567c sleep=0 local26=0160 ffd340=ff80->0256a4 sleep=0 local26=00b8 ffd380=ff80->0256a4 sleep=0 local26=00b8 ffd3c0=ff80->0256a4 sleep=0 local26=00a0 ffd400=ff80->026188 sleep=0 local26=0000 ffd440=ff80->02585c sleep=0 local26=0000
[  39.437]   [header-byte] write $ffa517 = 54 mask=00ff (pc=018446)
[  39.937]   [header-byte] write $ffa517 = 54 mask=00ff (pc=018446)
[  40.052] heartbeat frame=2400 tx=2205 rx=2386 fc=1 fd=10 fe=1 linkflag=82 pc=00028a a502=00 a524=0000 a525=00 a170=09 a17f=00 txtail=009d rxpend=0000
[  40.052] [transport] captured=2205 flushed=2205 received=2386 accepted=502 payload2=440 payload3=0 payload4=0 payload5=0 pump_reads=2864 bursts=467 txcredit=0 outq=0 inq=0 watchdog=6 txseq=d3 rxseq=f6 rxcredit=0 protection=00 checks=0000
[  40.052] [epochs] local=1 peer=1 ready=true discarded_rx=0
[  40.052] [tcb-continuations] ffa580=ff80->018392 sleep=0 local26=7710 ffa5c0=ff80->01853c sleep=0 local26=1400 ffd100=ff80->018fcc sleep=0 local26=0000 ffd140=ff80->026116 sleep=239 local26=0000 ffd180=ff80->02558e sleep=0 local26=0000 ffd1c0=ff80->018fcc sleep=0 local26=0000 ffd200=ff80->025658 sleep=0 local26=0000 ffd240=ff80->025658 sleep=0 local26=0014 ffd280=ff80->025658 sleep=0 local26=0000 ffd2c0=ff80->025658 sleep=0 local26=0014 ffd300=ff80->02567c sleep=0 local26=0160 ffd340=ff80->0256a4 sleep=0 local26=00b8 ffd380=ff80->0256a4 sleep=0 local26=00b8 ffd3c0=ff80->0256a4 sleep=0 local26=00a0 ffd400=ff80->026188 sleep=0 local26=0000
[  40.404]   [header-byte] write $ffa517 = 54 mask=00ff (pc=018446)
[  40.922]   [header-byte] write $ffa517 = 54 mask=00ff (pc=018446)
[  41.053] heartbeat frame=2460 tx=2211 rx=2392 fc=1 fd=10 fe=1 linkflag=82 pc=00028a a502=00 a524=0000 a525=00 a170=09 a17f=00 txtail=00a3 rxpend=0000
[  41.053] [transport] captured=2211 flushed=2211 received=2392 accepted=504 payload2=440 payload3=0 payload4=0 payload5=0 pump_reads=2926 bursts=469 txcredit=0 outq=0 inq=0 watchdog=7 txseq=d5 rxseq=f8 rxcredit=0 protection=00 checks=0000
[  41.053] [epochs] local=1 peer=1 ready=true discarded_rx=0
[  41.053] [tcb-continuations] ffa580=ff80->018392 sleep=0 local26=7710 ffa5c0=ff80->01853c sleep=0 local26=1400 ffd100=ff80->018fcc sleep=0 local26=0000 ffd140=ff80->026116 sleep=179 local26=0000 ffd180=ff80->02558e sleep=0 local26=0000 ffd1c0=ff80->018fcc sleep=0 local26=0000 ffd200=ff80->025658 sleep=0 local26=0000 ffd240=ff80->025658 sleep=0 local26=0014 ffd280=ff80->025658 sleep=0 local26=0000 ffd2c0=ff80->025658 sleep=0 local26=0014 ffd300=ff80->02567c sleep=0 local26=0160 ffd340=ff80->0256a4 sleep=0 local26=00b8 ffd380=ff80->0256a4 sleep=0 local26=00b8 ffd3c0=ff80->0256a4 sleep=0 local26=00a0 ffd400=ff80->026188 sleep=0 local26=0000
[  41.424]   [header-byte] write $ffa517 = 54 mask=00ff (pc=018446)
[  41.940]   [header-byte] write $ffa517 = 54 mask=00ff (pc=018446)
[  42.054] heartbeat frame=2520 tx=2217 rx=2398 fc=1 fd=10 fe=1 linkflag=82 pc=00028a a502=00 a524=0000 a525=00 a170=09 a17f=00 txtail=00a9 rxpend=0000
[  42.054] [transport] captured=2217 flushed=2217 received=2398 accepted=506 payload2=440 payload3=0 payload4=0 payload5=0 pump_reads=2988 bursts=471 txcredit=0 outq=0 inq=0 watchdog=6 txseq=d7 rxseq=fa rxcredit=0 protection=00 checks=0000
[  42.054] [epochs] local=1 peer=1 ready=true discarded_rx=0
[  42.054] [tcb-continuations] ffa580=ff80->018392 sleep=0 local26=7710 ffa5c0=ff80->01853c sleep=0 local26=1400 ffd100=ff80->018fcc sleep=0 local26=0000 ffd140=ff80->026116 sleep=119 local26=0000 ffd180=ff80->02558e sleep=0 local26=0000 ffd1c0=ff80->018fcc sleep=0 local26=0000 ffd200=ff80->025658 sleep=0 local26=0000 ffd240=ff80->025658 sleep=0 local26=0014 ffd280=ff80->025658 sleep=0 local26=0000 ffd2c0=ff80->025658 sleep=0 local26=0014 ffd300=ff80->02567c sleep=0 local26=0160 ffd340=ff80->0256a4 sleep=0 local26=00b8 ffd380=ff80->0256a4 sleep=0 local26=00b8 ffd3c0=ff80->0256a4 sleep=0 local26=00a0 ffd400=ff80->026188 sleep=0 local26=0000
[  42.457]   [header-byte] write $ffa517 = 54 mask=00ff (pc=018446)
[  42.958]   [header-byte] write $ffa517 = 54 mask=00ff (pc=018446)
[  43.055] heartbeat frame=2580 tx=2223 rx=2404 fc=1 fd=10 fe=1 linkflag=82 pc=00028a a502=00 a524=0000 a525=00 a170=09 a17f=00 txtail=00af rxpend=0000
[  43.055] [transport] captured=2223 flushed=2223 received=2404 accepted=508 payload2=440 payload3=0 payload4=0 payload5=0 pump_reads=3050 bursts=473 txcredit=0 outq=0 inq=0 watchdog=5 txseq=d9 rxseq=fc rxcredit=0 protection=00 checks=0000
[  43.055] [epochs] local=1 peer=1 ready=true discarded_rx=0
[  43.055] [tcb-continuations] ffa580=ff80->018392 sleep=0 local26=7710 ffa5c0=ff80->01853c sleep=0 local26=1400 ffd100=ff80->018fcc sleep=0 local26=0000 ffd140=ff80->026116 sleep=59 local26=0000 ffd180=ff80->02558e sleep=0 local26=0000 ffd1c0=ff80->018fcc sleep=0 local26=0000 ffd200=ff80->025658 sleep=0 local26=0000 ffd240=ff80->025658 sleep=0 local26=0014 ffd280=ff80->025658 sleep=0 local26=0000 ffd2c0=ff80->025658 sleep=0 local26=0014 ffd300=ff80->02567c sleep=0 local26=0160 ffd340=ff80->0256a4 sleep=0 local26=00b8 ffd380=ff80->0256a4 sleep=0 local26=00b8 ffd3c0=ff80->0256a4 sleep=0 local26=00a0 ffd400=ff80->026188 sleep=0 local26=0000
[  43.458]   [header-byte] write $ffa517 = 54 mask=00ff (pc=018446)
[  43.959]   [header-byte] write $ffa517 = 54 mask=00ff (pc=018446)
[  44.057] heartbeat frame=2640 tx=2229 rx=2410 fc=1 fd=10 fe=1 linkflag=82 pc=00028a a502=00 a524=0000 a525=00 a170=09 a17f=00 txtail=00b5 rxpend=0000
[  44.057] [transport] captured=2229 flushed=2229 received=2410 accepted=510 payload2=440 payload3=0 payload4=0 payload5=0 pump_reads=3112 bursts=475 txcredit=0 outq=0 inq=0 watchdog=5 txseq=db rxseq=fe rxcredit=0 protection=00 checks=0000
[  44.057] [epochs] local=1 peer=1 ready=true discarded_rx=0
[  44.057] [tcb-continuations] ffa580=ff80->018392 sleep=0 local26=7710 ffa5c0=ff80->01853c sleep=0 local26=1400 ffd100=ff80->018fcc sleep=0 local26=0000 ffd140=ff80->02612c sleep=0 local26=0000 ffd180=ff80->02558e sleep=0 local26=0000 ffd1c0=ff80->018fcc sleep=0 local26=0000 ffd200=ff80->025658 sleep=0 local26=0000 ffd240=ff80->025658 sleep=0 local26=0014 ffd280=ff80->025658 sleep=0 local26=0000 ffd2c0=ff80->025658 sleep=0 local26=0014 ffd300=ff80->02567c sleep=0 local26=0160 ffd340=ff80->0256a4 sleep=0 local26=00b8 ffd380=ff80->0256a4 sleep=0 local26=00b8 ffd3c0=ff80->0256a4 sleep=0 local26=00a0 ffd400=ff80->026188 sleep=0 local26=0000
[  44.475]   [header-byte] write $ffa517 = 54 mask=00ff (pc=018446)
[  44.977]   [header-byte] write $ffa517 = 54 mask=00ff (pc=018446)
[  45.058] heartbeat frame=2700 tx=2235 rx=2416 fc=1 fd=10 fe=1 linkflag=82 pc=00028a a502=00 a524=0000 a525=00 a170=09 a17f=00 txtail=00bb rxpend=0000
[  45.058] [transport] captured=2235 flushed=2235 received=2416 accepted=512 payload2=440 payload3=0 payload4=0 payload5=0 pump_reads=3174 bursts=477 txcredit=0 outq=0 inq=0 watchdog=4 txseq=dd rxseq=00 rxcredit=0 protection=00 checks=0000
[  45.058] [epochs] local=1 peer=1 ready=true discarded_rx=0
[  45.058] [game-state] a142=04 a13e=00 a13f=00 a530=4322 a506=03 a507=00 a508=01 a7b0=7822 a7a6=7322 script=01f83a mode=00 rule=01 base=70 margin=6 difficulty=0 preset=0
[  45.058] [tcb-continuations] ffa580=ff80->018392 sleep=0 local26=7710 ffa5c0=ff80->01853c sleep=0 local26=0c00 ffd100=ff80->018fcc sleep=0 local26=0000 ffd140=ff80->020328 sleep=0 local26=0000 ffd180=ff80->02558e sleep=0 local26=0000 ffd1c0=ff80->0170f4 sleep=0 local26=011c ffd200=ff80->0201a0 sleep=0 local26=0002 ffd240=ff80->017456 sleep=0 local26=0000
[  45.478]   [header-byte] write $ffa517 = 54 mask=00ff (pc=018446)
[  45.997]   [header-byte] write $ffa517 = 54 mask=00ff (pc=018446)
[  46.059] heartbeat frame=2760 tx=2241 rx=2422 fc=1 fd=10 fe=1 linkflag=82 pc=00028a a502=00 a524=0000 a525=00 a170=09 a17f=00 txtail=00c1 rxpend=0000
[  46.059] [transport] captured=2241 flushed=2241 received=2422 accepted=514 payload2=440 payload3=0 payload4=0 payload5=0 pump_reads=3236 bursts=479 txcredit=0 outq=0 inq=0 watchdog=3 txseq=df rxseq=02 rxcredit=0 protection=00 checks=0000
[  46.059] [epochs] local=1 peer=1 ready=true discarded_rx=0
[  46.059] [tcb-continuations] ffa580=ff80->018392 sleep=0 local26=7710 ffa5c0=ff80->01853c sleep=0 local26=0c00 ffd100=ff80->018fcc sleep=0 local26=0000 ffd140=ff80->020328 sleep=0 local26=0000 ffd180=ff80->02558e sleep=0 local26=0000 ffd1c0=ff80->0170f4 sleep=0 local26=00e0 ffd200=ff80->0201a0 sleep=0 local26=0002
[  46.512]   [header-byte] write $ffa517 = 54 mask=00ff (pc=018446)
[  47.029]   [header-byte] write $ffa517 = 54 mask=00ff (pc=018446)
[  47.061] heartbeat frame=2820 tx=2247 rx=2428 fc=1 fd=10 fe=1 linkflag=82 pc=000288 a502=00 a524=0000 a525=00 a170=09 a17f=00 txtail=00c7 rxpend=0000
[  47.061] [transport] captured=2247 flushed=2247 received=2428 accepted=516 payload2=440 payload3=0 payload4=0 payload5=0 pump_reads=3298 bursts=481 txcredit=0 outq=0 inq=0 watchdog=1 txseq=e1 rxseq=04 rxcredit=0 protection=00 checks=0000
[  47.061] [epochs] local=1 peer=1 ready=true discarded_rx=0
[  47.061] [tcb-continuations] ffa580=ff80->018392 sleep=0 local26=7710 ffa5c0=ff80->01853c sleep=0 local26=0c00 ffd100=ff80->018fcc sleep=0 local26=0000 ffd140=ff80->020328 sleep=0 local26=0000 ffd180=ff80->02558e sleep=0 local26=0000 ffd1c0=ff80->0170f4 sleep=0 local26=00a4 ffd200=ff80->0201a0 sleep=0 local26=0002
[  47.547]   [header-byte] write $ffa517 = 54 mask=00ff (pc=018446)
[  48.047]   [header-byte] write $ffa517 = 54 mask=00ff (pc=018446)
[  48.062] heartbeat frame=2880 tx=2253 rx=2434 fc=1 fd=10 fe=1 linkflag=82 pc=00028a a502=00 a524=0000 a525=00 a170=09 a17f=00 txtail=00cd rxpend=0000
[  48.062] [transport] captured=2253 flushed=2253 received=2434 accepted=518 payload2=440 payload3=0 payload4=0 payload5=0 pump_reads=3360 bursts=483 txcredit=0 outq=0 inq=0 watchdog=0 txseq=e3 rxseq=06 rxcredit=0 protection=00 checks=0000
[  48.062] [epochs] local=1 peer=1 ready=true discarded_rx=0
[  48.062] [tcb-continuations] ffa580=ff80->018392 sleep=0 local26=7710 ffa5c0=ff80->01853c sleep=0 local26=0c00 ffd100=ff80->018fcc sleep=0 local26=0000 ffd140=ff80->020328 sleep=0 local26=0000 ffd180=ff80->02558e sleep=0 local26=0000 ffd1c0=ff80->0170f4 sleep=0 local26=0068 ffd200=ff80->0201a0 sleep=0 local26=0002
[  48.615]   [header-byte] write $ffa517 = 54 mask=00ff (pc=018446)
[  49.063] heartbeat frame=2940 tx=2259 rx=2437 fc=1 fd=10 fe=1 linkflag=82 pc=000288 a502=00 a524=0000 a525=00 a170=09 a17f=00 txtail=00d3 rxpend=0000
[  49.063] [transport] captured=2259 flushed=2259 received=2437 accepted=519 payload2=440 payload3=0 payload4=0 payload5=0 pump_reads=3421 bursts=485 txcredit=0 outq=0 inq=0 watchdog=26 txseq=e5 rxseq=07 rxcredit=0 protection=00 checks=0000
[  49.063] [epochs] local=1 peer=1 ready=true discarded_rx=0
[  49.063] [tcb-continuations] ffa580=ff80->018392 sleep=0 local26=7710 ffa5c0=ff80->01853c sleep=0 local26=0c00 ffd100=ff80->018fcc sleep=0 local26=0000 ffd140=ff80->020328 sleep=0 local26=0000 ffd180=ff80->02558e sleep=0 local26=0000 ffd1c0=ff80->0170f4 sleep=0 local26=002c ffd200=ff80->0201a0 sleep=0 local26=0002
[  49.116]   [header-byte] write $ffa517 = 54 mask=00ff (pc=018446)
[  49.634]   [header-byte] write $ffa517 = 54 mask=00ff (pc=018446)
[  50.064] heartbeat frame=3000 tx=2265 rx=2443 fc=1 fd=10 fe=1 linkflag=82 pc=00028a a502=00 a524=0000 a525=00 a170=09 a17f=00 txtail=00d9 rxpend=0000
[  50.064] [transport] captured=2265 flushed=2265 received=2443 accepted=521 payload2=440 payload3=0 payload4=0 payload5=0 pump_reads=3483 bursts=487 txcredit=0 outq=0 inq=0 watchdog=25 txseq=e7 rxseq=09 rxcredit=0 protection=00 checks=0000
[  50.064] [epochs] local=1 peer=1 ready=true discarded_rx=0
[  50.064] [tcb-continuations] ffa580=ff80->018392 sleep=0 local26=7710 ffa5c0=ff80->01853c sleep=0 local26=0c00 ffd100=ff80->018fcc sleep=0 local26=0000 ffd140=ff80->0203e6 sleep=0 local26=0000 ffd180=ff80->02558e sleep=0 local26=0000 ffd1c0=ff80->0170f4 sleep=0 local26=000a ffd200=ff80->0201a0 sleep=0 local26=0002
[  50.100]   [header-byte] write $ffa517 = 54 mask=00ff (pc=018446)
[  50.618]   [header-byte] write $ffa517 = 54 mask=00ff (pc=018446)
[  51.066] heartbeat frame=3060 tx=2271 rx=2449 fc=1 fd=10 fe=1 linkflag=82 pc=000288 a502=00 a524=0000 a525=00 a170=09 a17f=00 txtail=00df rxpend=0000
[  51.066] [transport] captured=2271 flushed=2271 received=2449 accepted=523 payload2=440 payload3=0 payload4=0 payload5=0 pump_reads=3545 bursts=489 txcredit=0 outq=0 inq=0 watchdog=26 txseq=e9 rxseq=0b rxcredit=0 protection=00 checks=0000
[  51.066] [epochs] local=1 peer=1 ready=true discarded_rx=0
[  51.066] [tcb-continuations] ffa580=ff80->018392 sleep=0 local26=7710 ffa5c0=ff80->01853c sleep=0 local26=0c00 ffd100=ff80->018fcc sleep=0 local26=0000 ffd140=ff80->0203e6 sleep=0 local26=0000 ffd180=ff80->02558e sleep=0 local26=0000 ffd1c0=ff80->0170f4 sleep=0 local26=00fc ffd200=ff80->0201a0 sleep=0 local26=0002
[  51.135]   [header-byte] write $ffa517 = 54 mask=00ff (pc=018446)
[  51.635]   [header-byte] write $ffa517 = 54 mask=00ff (pc=018446)
[  52.067] heartbeat frame=3120 tx=2277 rx=2455 fc=1 fd=10 fe=1 linkflag=82 pc=00028a a502=00 a524=0000 a525=00 a170=09 a17f=00 txtail=00e5 rxpend=0000
[  52.067] [transport] captured=2277 flushed=2277 received=2455 accepted=525 payload2=440 payload3=0 payload4=0 payload5=0 pump_reads=3607 bursts=491 txcredit=0 outq=0 inq=0 watchdog=25 txseq=eb rxseq=0d rxcredit=0 protection=00 checks=0000
[  52.067] [epochs] local=1 peer=1 ready=true discarded_rx=0
[  52.067] [tcb-continuations] ffa580=ff80->018392 sleep=0 local26=7710 ffa5c0=ff80->01853c sleep=0 local26=0c00 ffd100=ff80->018fcc sleep=0 local26=0000 ffd140=ff80->0203e6 sleep=0 local26=0000 ffd180=ff80->02558e sleep=0 local26=0000 ffd1c0=ff80->0170f4 sleep=0 local26=00c0 ffd200=ff80->0201a0 sleep=0 local26=0002
[  52.153]   [header-byte] write $ffa517 = 54 mask=00ff (pc=018446)
[  52.654]   [header-byte] write $ffa517 = 54 mask=00ff (pc=018446)
[  53.068] heartbeat frame=3180 tx=2283 rx=2461 fc=1 fd=10 fe=1 linkflag=82 pc=00028a a502=00 a524=0000 a525=00 a170=09 a17f=00 txtail=00eb rxpend=0000
[  53.068] [transport] captured=2283 flushed=2283 received=2461 accepted=527 payload2=440 payload3=0 payload4=0 payload5=0 pump_reads=3669 bursts=493 txcredit=0 outq=0 inq=0 watchdog=24 txseq=ed rxseq=0f rxcredit=0 protection=00 checks=0000
[  53.068] [epochs] local=1 peer=1 ready=true discarded_rx=0
[  53.068] [tcb-continuations] ffa580=ff80->018392 sleep=0 local26=7710 ffa5c0=ff80->01853c sleep=0 local26=0c00 ffd100=ff80->018fcc sleep=0 local26=0000 ffd140=ff80->0203e6 sleep=0 local26=0000 ffd180=ff80->02558e sleep=0 local26=0000 ffd1c0=ff80->0170f4 sleep=0 local26=0084 ffd200=ff80->0201a0 sleep=0 local26=0002
[  53.171]   [header-byte] write $ffa517 = 54 mask=00ff (pc=018446)
[  53.672]   [header-byte] write $ffa517 = 54 mask=00ff (pc=018446)
[  54.070] heartbeat frame=3240 tx=2289 rx=2467 fc=1 fd=10 fe=1 linkflag=82 pc=000288 a502=00 a524=0000 a525=00 a170=09 a17f=00 txtail=00f1 rxpend=0000
[  54.070] [transport] captured=2289 flushed=2289 received=2467 accepted=529 payload2=440 payload3=0 payload4=0 payload5=0 pump_reads=3731 bursts=495 txcredit=0 outq=0 inq=0 watchdog=23 txseq=ef rxseq=11 rxcredit=0 protection=00 checks=0000
[  54.070] [epochs] local=1 peer=1 ready=true discarded_rx=0
[  54.070] [tcb-continuations] ffa580=ff80->018392 sleep=0 local26=7710 ffa5c0=ff80->01853c sleep=0 local26=0c00 ffd100=ff80->018fcc sleep=0 local26=0000 ffd140=ff80->0203e6 sleep=0 local26=0000 ffd180=ff80->02558e sleep=0 local26=0000 ffd1c0=ff80->0170f4 sleep=0 local26=0048 ffd200=ff80->0201a0 sleep=0 local26=0002
[  54.189]   [header-byte] write $ffa517 = 54 mask=00ff (pc=018446)
[  54.690]   [header-byte] write $ffa517 = 54 mask=00ff (pc=018446)
[  55.071] heartbeat frame=3300 tx=2295 rx=2473 fc=1 fd=10 fe=1 linkflag=82 pc=00028a a502=00 a524=0000 a525=00 a170=09 a17f=00 txtail=00f7 rxpend=0000
[  55.071] [transport] captured=2295 flushed=2295 received=2473 accepted=531 payload2=440 payload3=0 payload4=0 payload5=0 pump_reads=3793 bursts=497 txcredit=0 outq=0 inq=0 watchdog=22 txseq=f1 rxseq=13 rxcredit=0 protection=00 checks=0000
[  55.071] [epochs] local=1 peer=1 ready=true discarded_rx=0
[  55.071] [tcb-continuations] ffa580=ff80->018392 sleep=0 local26=7710 ffa5c0=ff80->01853c sleep=0 local26=0c00 ffd100=ff80->018fcc sleep=0 local26=0000 ffd140=ff80->0203e6 sleep=0 local26=0000 ffd180=ff80->02558e sleep=0 local26=0000 ffd1c0=ff80->0170f4 sleep=0 local26=000c ffd200=ff80->0201a0 sleep=0 local26=0002
[  55.192]   [header-byte] write $ffa517 = 54 mask=00ff (pc=018446)
[  55.708]   [header-byte] write $ffa517 = 54 mask=00ff (pc=018446)
[  56.072] heartbeat frame=3360 tx=2301 rx=2479 fc=1 fd=10 fe=1 linkflag=82 pc=00028a a502=00 a524=0000 a525=00 a170=09 a17f=00 txtail=00fd rxpend=0000
[  56.072] [transport] captured=2301 flushed=2301 received=2479 accepted=533 payload2=440 payload3=0 payload4=0 payload5=0 pump_reads=3855 bursts=499 txcredit=0 outq=0 inq=0 watchdog=21 txseq=f3 rxseq=15 rxcredit=0 protection=00 checks=0000
[  56.072] [epochs] local=1 peer=1 ready=true discarded_rx=0
[  56.072] [tcb-continuations] ffa580=ff80->018392 sleep=0 local26=7710 ffa5c0=ff80->01853c sleep=0 local26=0c00 ffd100=ff80->018fcc sleep=0 local26=0000 ffd140=ff80->02042e sleep=76 local26=0000 ffd180=ff80->02558e sleep=0 local26=0000 ffd1c0=ff80->0170f4 sleep=0 local26=0118 ffd200=ff80->017456 sleep=0 local26=0000
[  56.225]   [header-byte] write $ffa517 = 54 mask=00ff (pc=018446)
[  56.759]   [header-byte] write $ffa517 = 54 mask=00ff (pc=018446)
[  57.073] heartbeat frame=3420 tx=2307 rx=2485 fc=1 fd=10 fe=1 linkflag=82 pc=00028a a502=00 a524=0000 a525=00 a170=09 a17f=00 txtail=0003 rxpend=0000
[  57.073] [transport] captured=2307 flushed=2307 received=2485 accepted=535 payload2=440 payload3=0 payload4=0 payload5=0 pump_reads=3917 bursts=501 txcredit=0 outq=0 inq=0 watchdog=18 txseq=f5 rxseq=17 rxcredit=0 protection=00 checks=0000
[  57.073] [epochs] local=1 peer=1 ready=true discarded_rx=0
[  57.073] [tcb-continuations] ffa580=ff80->018392 sleep=0 local26=7710 ffa5c0=ff80->01853c sleep=0 local26=0c00 ffd100=ff80->018fcc sleep=0 local26=0000 ffd140=ff80->02042e sleep=16 local26=0000 ffd180=ff80->02558e sleep=0 local26=0000 ffd1c0=ff80->0170f4 sleep=0 local26=00dc
[  57.276]   [header-byte] write $ffa517 = 54 mask=00ff (pc=018446)
[  57.794]   [header-byte] write $ffa517 = 54 mask=00ff (pc=018446)
[  58.075] heartbeat frame=3480 tx=2313 rx=2491 fc=1 fd=10 fe=1 linkflag=82 pc=00028a a502=00 a524=0000 a525=00 a170=09 a17f=00 txtail=0009 rxpend=0000
[  58.075] [transport] captured=2313 flushed=2313 received=2491 accepted=537 payload2=440 payload3=0 payload4=0 payload5=0 pump_reads=3979 bursts=503 txcredit=0 outq=0 inq=0 watchdog=16 txseq=f7 rxseq=19 rxcredit=0 protection=00 checks=0000
[  58.075] [epochs] local=1 peer=1 ready=true discarded_rx=0
[  58.075] [tcb-continuations] ffa580=ff80->018392 sleep=0 local26=7710 ffa5c0=ff80->01853c sleep=0 local26=0c00 ffd100=ff80->018fcc sleep=0 local26=0000 ffd140=ff80->020466 sleep=0 local26=0000 ffd180=ff80->02558e sleep=0 local26=0000 ffd1c0=ff80->0170f4 sleep=0 local26=00a0
[  58.311]   [header-byte] write $ffa517 = 54 mask=00ff (pc=018446)
[  58.861]   [header-byte] write $ffa517 = 54 mask=00ff (pc=018446)
[  59.076] heartbeat frame=3540 tx=2319 rx=2497 fc=1 fd=10 fe=1 linkflag=82 pc=000288 a502=00 a524=0000 a525=00 a170=09 a17f=00 txtail=000f rxpend=0000
[  59.076] [transport] captured=2319 flushed=2319 received=2497 accepted=539 payload2=440 payload3=0 payload4=0 payload5=0 pump_reads=4041 bursts=505 txcredit=0 outq=0 inq=0 watchdog=12 txseq=f9 rxseq=1b rxcredit=0 protection=00 checks=0000
[  59.076] [epochs] local=1 peer=1 ready=true discarded_rx=0
[  59.076] [tcb-continuations] ffa580=ff80->018392 sleep=0 local26=7710 ffa5c0=ff80->01853c sleep=0 local26=0c00 ffd100=ff80->018fcc sleep=0 local26=0000 ffd140=ff80->020466 sleep=0 local26=0000 ffd180=ff80->02558e sleep=0 local26=0000 ffd1c0=ff80->0170f4 sleep=0 local26=0064
[  59.362]   [header-byte] write $ffa517 = 54 mask=00ff (pc=018446)
[  59.362] [packet-accepted] total=540 seq=1b flags=00 status=54 pc=01845e
[  59.880]   [header-byte] write $ffa517 = 54 mask=00ff (pc=018446)
[  60.077] heartbeat frame=3600 tx=2325 rx=2503 fc=1 fd=10 fe=1 linkflag=82 pc=000288 a502=00 a524=0000 a525=00 a170=09 a17f=00 txtail=0015 rxpend=0000
[  60.077] [transport] captured=2325 flushed=2325 received=2503 accepted=541 payload2=440 payload3=0 payload4=0 payload5=0 pump_reads=4103 bursts=507 txcredit=0 outq=0 inq=0 watchdog=11 txseq=fb rxseq=1d rxcredit=0 protection=00 checks=0000
[  60.077] [epochs] local=1 peer=1 ready=true discarded_rx=0
[  60.077] [tcb-continuations] ffa580=ff80->018392 sleep=0 local26=7710 ffa5c0=ff80->01853c sleep=0 local26=0c00 ffd100=ff80->018fcc sleep=0 local26=0000 ffd140=ff80->020466 sleep=0 local26=0000 ffd180=ff80->02558e sleep=0 local26=0000 ffd1c0=ff80->0170f4 sleep=0 local26=0028
[  60.347]   [header-byte] write $ffa517 = 54 mask=00ff (pc=018446)
[  60.864]   [header-byte] write $ffa517 = 54 mask=00ff (pc=018446)
[  61.079] heartbeat frame=3660 tx=2331 rx=2509 fc=1 fd=10 fe=1 linkflag=82 pc=000288 a502=00 a524=0000 a525=00 a170=09 a17f=00 txtail=001b rxpend=0000
[  61.079] [transport] captured=2331 flushed=2331 received=2509 accepted=543 payload2=440 payload3=0 payload4=0 payload5=0 pump_reads=4165 bursts=509 txcredit=0 outq=0 inq=0 watchdog=12 txseq=fd rxseq=1f rxcredit=0 protection=00 checks=0000
[  61.079] [epochs] local=1 peer=1 ready=true discarded_rx=0
[  61.079] [tcb-continuations] ffa580=ff80->018392 sleep=0 local26=7710 ffa5c0=ff80->01853c sleep=0 local26=0c00 ffd100=ff80->018fcc sleep=0 local26=0000 ffd140=ff80->0204de sleep=0 local26=0000 ffd180=ff80->02558e sleep=0 local26=0000 ffd1c0=ff80->0170f4 sleep=0 local26=0006 ffd200=ff80->0201a0 sleep=0 local26=0002
[  61.382]   [header-byte] write $ffa517 = 54 mask=00ff (pc=018446)
[  61.882]   [header-byte] write $ffa517 = 54 mask=00ff (pc=018446)
[  62.080] heartbeat frame=3720 tx=2337 rx=2515 fc=1 fd=10 fe=1 linkflag=82 pc=00028a a502=00 a524=0000 a525=00 a170=09 a17f=00 txtail=0021 rxpend=0000
[  62.080] [transport] captured=2337 flushed=2337 received=2515 accepted=545 payload2=440 payload3=0 payload4=0 payload5=0 pump_reads=4227 bursts=511 txcredit=0 outq=0 inq=0 watchdog=11 txseq=ff rxseq=21 rxcredit=0 protection=00 checks=0000
[  62.080] [epochs] local=1 peer=1 ready=true discarded_rx=0
[  62.080] [tcb-continuations] ffa580=ff80->018392 sleep=0 local26=7710 ffa5c0=ff80->01853c sleep=0 local26=0c00 ffd100=ff80->018fcc sleep=0 local26=0000 ffd140=ff80->0204de sleep=0 local26=0000 ffd180=ff80->02558e sleep=0 local26=0000 ffd1c0=ff80->0170f4 sleep=0 local26=00f8 ffd200=ff80->0201a0 sleep=0 local26=0002
[  62.399]   [header-byte] write $ffa517 = 54 mask=00ff (pc=018446)
[  62.900]   [header-byte] write $ffa517 = 54 mask=00ff (pc=018446)
[  63.081] heartbeat frame=3780 tx=2343 rx=2521 fc=1 fd=10 fe=1 linkflag=82 pc=000288 a502=00 a524=0000 a525=00 a170=09 a17f=00 txtail=0027 rxpend=0000
[  63.081] [transport] captured=2343 flushed=2343 received=2521 accepted=547 payload2=440 payload3=0 payload4=0 payload5=0 pump_reads=4289 bursts=513 txcredit=0 outq=0 inq=0 watchdog=10 txseq=01 rxseq=23 rxcredit=0 protection=00 checks=0000
[  63.081] [epochs] local=1 peer=1 ready=true discarded_rx=0
[  63.081] [tcb-continuations] ffa580=ff80->018392 sleep=0 local26=7710 ffa5c0=ff80->01853c sleep=0 local26=0c00 ffd100=ff80->018fcc sleep=0 local26=0000 ffd140=ff80->0204de sleep=0 local26=0000 ffd180=ff80->02558e sleep=0 local26=0000 ffd1c0=ff80->0170f4 sleep=0 local26=00bc ffd200=ff80->0201a0 sleep=0 local26=0002
[  63.434]   [header-byte] write $ffa517 = 54 mask=00ff (pc=018446)
[  63.918]   [header-byte] write $ffa517 = 54 mask=00ff (pc=018446)
[  64.083] heartbeat frame=3840 tx=2349 rx=2527 fc=1 fd=10 fe=1 linkflag=82 pc=00028a a502=00 a524=0000 a525=00 a170=09 a17f=00 txtail=002d rxpend=0000
[  64.083] [transport] captured=2349 flushed=2349 received=2527 accepted=549 payload2=440 payload3=0 payload4=0 payload5=0 pump_reads=4351 bursts=515 txcredit=0 outq=0 inq=0 watchdog=9 txseq=03 rxseq=25 rxcredit=0 protection=00 checks=0000
[  64.083] [epochs] local=1 peer=1 ready=true discarded_rx=0
[  64.083] [tcb-continuations] ffa580=ff80->018392 sleep=0 local26=7710 ffa5c0=ff80->01853c sleep=0 local26=0c00 ffd100=ff80->018fcc sleep=0 local26=0000 ffd140=ff80->0204de sleep=0 local26=0000 ffd180=ff80->02558e sleep=0 local26=0000 ffd1c0=ff80->0170f4 sleep=0 local26=0080 ffd200=ff80->0201a0 sleep=0 local26=0002
[  64.419]   [header-byte] write $ffa517 = 54 mask=00ff (pc=018446)
[  64.936]   [header-byte] write $ffa517 = 54 mask=00ff (pc=018446)
[  65.084] heartbeat frame=3900 tx=2355 rx=2533 fc=1 fd=10 fe=1 linkflag=82 pc=00028a a502=00 a524=0000 a525=00 a170=09 a17f=00 txtail=0033 rxpend=0000
[  65.084] [transport] captured=2355 flushed=2355 received=2533 accepted=551 payload2=440 payload3=0 payload4=0 payload5=0 pump_reads=4413 bursts=517 txcredit=0 outq=0 inq=0 watchdog=8 txseq=05 rxseq=27 rxcredit=0 protection=00 checks=0000
[  65.084] [epochs] local=1 peer=1 ready=true discarded_rx=0
[  65.084] [tcb-continuations] ffa580=ff80->018392 sleep=0 local26=7710 ffa5c0=ff80->01853c sleep=0 local26=0c00 ffd100=ff80->018fcc sleep=0 local26=0000 ffd140=ff80->0204de sleep=0 local26=0000 ffd180=ff80->02558e sleep=0 local26=0000 ffd1c0=ff80->0170f4 sleep=0 local26=0044 ffd200=ff80->0201a0 sleep=0 local26=0002
[  65.437]   [header-byte] write $ffa517 = 54 mask=00ff (pc=018446)
[  65.937]   [header-byte] write $ffa517 = 54 mask=00ff (pc=018446)
[  66.085] heartbeat frame=3960 tx=2361 rx=2539 fc=1 fd=10 fe=1 linkflag=82 pc=00028a a502=00 a524=0000 a525=00 a170=09 a17f=00 txtail=0039 rxpend=0000
[  66.085] [transport] captured=2361 flushed=2361 received=2539 accepted=553 payload2=440 payload3=0 payload4=0 payload5=0 pump_reads=4475 bursts=519 txcredit=0 outq=0 inq=0 watchdog=8 txseq=07 rxseq=29 rxcredit=0 protection=00 checks=0000
[  66.085] [epochs] local=1 peer=1 ready=true discarded_rx=0
[  66.085] [tcb-continuations] ffa580=ff80->018392 sleep=0 local26=7710 ffa5c0=ff80->01853c sleep=0 local26=0c00 ffd100=ff80->018fcc sleep=0 local26=0000 ffd140=ff80->0204de sleep=0 local26=0000 ffd180=ff80->02558e sleep=0 local26=0000 ffd1c0=ff80->0170f4 sleep=0 local26=0008 ffd200=ff80->0201a0 sleep=0 local26=0002
[  66.505]   [header-byte] write $ffa517 = 54 mask=00ff (pc=018446)
[  67.006]   [header-byte] write $ffa517 = 54 mask=00ff (pc=018446)
[  67.086] heartbeat frame=4020 tx=2367 rx=2545 fc=1 fd=10 fe=1 linkflag=82 pc=00028a a502=00 a524=0000 a525=00 a170=09 a17f=00 txtail=003f rxpend=0000
[  67.086] [transport] captured=2367 flushed=2367 received=2545 accepted=555 payload2=440 payload3=0 payload4=0 payload5=0 pump_reads=4537 bursts=521 txcredit=0 outq=0 inq=0 watchdog=4 txseq=09 rxseq=2b rxcredit=0 protection=00 checks=0000
[  67.086] [epochs] local=1 peer=1 ready=true discarded_rx=0
[  67.086] [tcb-continuations] ffa580=ff80->018392 sleep=0 local26=7710 ffa5c0=ff80->01853c sleep=0 local26=0c00 ffd100=ff80->018fcc sleep=0 local26=0000 ffd140=ff80->020562 sleep=0 local26=0000 ffd180=ff80->02558e sleep=0 local26=0000 ffd1c0=ff80->0170f4 sleep=0 local26=0114 ffd200=ff80->0201a0 sleep=0 local26=0002 ffd240=ff80->017456 sleep=0 local26=0000
[  67.507]   [header-byte] write $ffa517 = 54 mask=00ff (pc=018446)
[  68.010]   [header-byte] write $ffa517 = 54 mask=00ff (pc=018446)
[  68.088] heartbeat frame=4080 tx=2373 rx=2551 fc=1 fd=10 fe=1 linkflag=82 pc=000288 a502=00 a524=0000 a525=00 a170=09 a17f=00 txtail=0045 rxpend=0000
[  68.088] [transport] captured=2373 flushed=2373 received=2551 accepted=557 payload2=440 payload3=0 payload4=0 payload5=0 pump_reads=4599 bursts=523 txcredit=0 outq=0 inq=0 watchdog=4 txseq=0b rxseq=2d rxcredit=0 protection=00 checks=0000
[  68.088] [epochs] local=1 peer=1 ready=true discarded_rx=0
[  68.088] [tcb-continuations] ffa580=ff80->018392 sleep=0 local26=7710 ffa5c0=ff80->01853c sleep=0 local26=0c00 ffd100=ff80->018fcc sleep=0 local26=0000 ffd140=ff80->020562 sleep=0 local26=0000 ffd180=ff80->02558e sleep=0 local26=0000 ffd1c0=ff80->0170f4 sleep=0 local26=00d8 ffd200=ff80->0201a0 sleep=0 local26=0002 ffd240=ff80->017456 sleep=0 local26=0001
[  68.524]   [header-byte] write $ffa517 = 54 mask=00ff (pc=018446)
[  69.089] heartbeat frame=4140 tx=2379 rx=2554 fc=1 fd=10 fe=1 linkflag=82 pc=000288 a502=00 a524=0000 a525=00 a170=09 a17f=00 txtail=004b rxpend=0000
[  69.089] [transport] captured=2379 flushed=2379 received=2554 accepted=558 payload2=440 payload3=0 payload4=0 payload5=0 pump_reads=4660 bursts=525 txcredit=0 outq=0 inq=0 watchdog=33 txseq=0d rxseq=2e rxcredit=0 protection=00 checks=0000
[  69.089] [epochs] local=1 peer=1 ready=true discarded_rx=0
[  69.089] [tcb-continuations] ffa580=ff80->018392 sleep=0 local26=7710 ffa5c0=ff80->01853c sleep=0 local26=0c00 ffd100=ff80->018fcc sleep=0 local26=0000 ffd140=ff80->020562 sleep=0 local26=0000 ffd180=ff80->02558e sleep=0 local26=0000 ffd1c0=ff80->0170f4 sleep=0 local26=009c ffd200=ff80->0201a0 sleep=0 local26=0002
[  70.007] === session stop ===
