[   0.000] === session start, version=0.5.0 side=B ===
[   0.000] taps installed; out=C:\Users\tbend\mame\PuyoPuyo2\run_live_20260911_131804\B_to_A.bin in=C:\Users\tbend\mame\PuyoPuyo2\run_live_20260911_131804\A_to_B.bin
[   0.000] SERVICE port fields: 2 Players Start | Service 1 | Coin 1 | 1 Player Start | Service Mode | Coin 2
[   0.017] [peer-reset] old=0 new=1 local=0 queued_rx=0
[   0.017] [link-state] data=0000 mask=ffff pc=0181ec watchdog=0 expect=66 rxhead=006c rxtail=006c rxpend=0000
[   0.017]   [menu-state] write $ffa172 = 0000 mask=ffff (pc=019320)
[   0.017]   [menu-state] write $ffa170 = 0000 mask=ffff (pc=019320)
[   0.017]   [menu-state] write $ffa17c = 0000 mask=ff00 (pc=019326)
[   0.017]   [menu-state] write $ffa17f = 0000 mask=00ff (pc=01932c)
[   0.017]   [menu-state] write $ffa176 = 0000 mask=ff00 (pc=01afde)
[   0.017]   [header-byte] write $ffa513 = 00 mask=00ff (pc=01afe6)
[   0.027]   [menu-state] write $ffa170 = 0000 mask=ff00 (pc=018062)
[   0.027]   [menu-state] write $ffa176 = 0000 mask=ff00 (pc=01afde)
[   0.027]   [header-byte] write $ffa513 = 00 mask=00ff (pc=01afe6)
[   0.162] CONTROL reset pulse start (pc=01823e, prev_bank=cmd)
[   0.162] [reset] discarded tx=0 rx=0
[   0.162] [epoch-reset] local=1 peer=1 queued_rx=0
[   0.418] [link-state] data=7f7f mask=ff00 pc=018334 watchdog=0 expect=66 rxhead=0000 rxtail=0000 rxpend=0000
[   0.435] [epoch-ready] local=1 peer=1
[   0.435] CMD $FE -> cabinet role=2 (ROM linkflag=82)
[   0.435] [link-state] data=8282 mask=ff00 pc=018358 watchdog=0 expect=66 rxhead=0000 rxtail=0000 rxpend=0000
[   0.435]   [header-byte] write $ffa513 = 00 mask=00ff (pc=01afe6)
[   0.451]   [menu-state] write $ffa173 = 8080 mask=00ff (pc=01939c)
[   0.451]   [menu-state] write $ffa171 = 8080 mask=00ff (pc=019466)
[   0.451]   [header-byte] write $ffa513 = 00 mask=00ff (pc=019e4a)
[   0.451]   [header-byte] write $ffa513 = 10 mask=00ff (pc=019e5a)
[   0.451]   [header-byte] write $ffa513 = 00 mask=00ff (pc=01afe6)
[   0.451]   [header-byte] write $ffa513 = 10 mask=00ff (pc=01affe)
[   0.468]   [menu-state] write $ffa171 = 0000 mask=00ff (pc=019466)
[   0.468]   [header-byte] write $ffa513 = 00 mask=00ff (pc=019e4a)
[   0.468]   [header-byte] write $ffa513 = 00 mask=00ff (pc=01afe6)
[   0.484]   [inject] pending_before=0 wrote=[00 00 00] expect_seq=00
[   0.485]   [header-byte] write $ffa517 = 00 mask=00ff (pc=018446)
[   0.501]   [inject] pending_before=0 wrote=[01 00 10] expect_seq=01
[   0.501]   [header-byte] write $ffa517 = 10 mask=00ff (pc=018446)
[   0.518]   [menu-state] write $ffa171 = 8080 mask=00ff (pc=019466)
[   0.518]   [header-byte] write $ffa513 = 00 mask=00ff (pc=019e4a)
[   0.518]   [header-byte] write $ffa513 = 10 mask=00ff (pc=019e5a)
[   0.518]   [header-byte] write $ffa513 = 00 mask=00ff (pc=01afe6)
[   0.518]   [header-byte] write $ffa513 = 10 mask=00ff (pc=01affe)
[   1.001] heartbeat frame=60 tx=12 rx=6 fc=1 fd=10 fe=1 linkflag=82 pc=000288 a502=00 a524=0000 a525=00 a170=00 a17f=00 txtail=000c rxpend=0000
[   1.001] [transport] captured=12 flushed=12 injected=6 accepted=0 payload2=0 payload3=0 payload4=0 payload5=0 pump_reads=33 bursts=4 txcredit=0 outq=0 inq=3 watchdog=29 txseq=04 rxseq=02
[   1.001] [epochs] local=1 peer=1 ready=true discarded_rx=0
[   1.001] [game-state] a142=04 a13e=04 a13f=0f a530=0400 a506=00 a507=00 a508=01 a7b0=0000 a7a6=0000 script=019f80
[   1.001] [tcb-continuations] ffa580=ff80->018392 sleep=0 local26=7710 ffa5c0=ff80->01853c sleep=0 local26=1c00 ffd100=ff80->01b388 sleep=129 local26=0000
[   1.001]   [inject] pending_before=0 wrote=[02 00 10] expect_seq=02
[   1.002]   [header-byte] write $ffa517 = 10 mask=00ff (pc=018446)
[   1.502]   [inject] pending_before=0 wrote=[03 00 10] expect_seq=03
[   1.503]   [header-byte] write $ffa517 = 10 mask=00ff (pc=018446)
[   1.953]   [inject] pending_before=0 wrote=[04 00 11] expect_seq=04
[   1.953]   [header-byte] write $ffa517 = 11 mask=00ff (pc=018446)
[   2.003] heartbeat frame=120 tx=18 rx=15 fc=1 fd=10 fe=1 linkflag=82 pc=00028a a502=00 a524=0000 a525=00 a170=00 a17f=00 txtail=0012 rxpend=0000
[   2.003] [transport] captured=18 flushed=18 injected=15 accepted=0 payload2=0 payload3=0 payload4=0 payload5=0 pump_reads=93 bursts=6 txcredit=0 outq=0 inq=0 watchdog=2 txseq=06 rxseq=05
[   2.003] [epochs] local=1 peer=1 ready=true discarded_rx=0
[   2.003] [tcb-continuations] ffa580=ff80->018392 sleep=0 local26=7710 ffa5c0=ff80->01853c sleep=0 local26=1c00 ffd100=ff80->01b388 sleep=69 local26=0000
[   2.453]   [inject] pending_before=0 wrote=[05 00 11] expect_seq=05
[   2.454]   [header-byte] write $ffa517 = 11 mask=00ff (pc=018446)
[   2.954]   [inject] pending_before=0 wrote=[06 00 11] expect_seq=06
[   2.955]   [header-byte] write $ffa517 = 11 mask=00ff (pc=018446)
[   3.004] heartbeat frame=180 tx=24 rx=21 fc=1 fd=10 fe=1 linkflag=82 pc=00028a a502=00 a524=0000 a525=00 a170=00 a17f=00 txtail=0018 rxpend=0000
[   3.004] [transport] captured=24 flushed=24 injected=21 accepted=0 payload2=0 payload3=0 payload4=0 payload5=0 pump_reads=153 bursts=8 txcredit=0 outq=0 inq=0 watchdog=2 txseq=08 rxseq=07
[   3.004] [epochs] local=1 peer=1 ready=true discarded_rx=0
[   3.004] [tcb-continuations] ffa580=ff80->018392 sleep=0 local26=7710 ffa5c0=ff80->01853c sleep=0 local26=1c00 ffd100=ff80->01b388 sleep=9 local26=0000
[   3.262]   [menu-state] write $ffa170 = 0909 mask=ff00 (pc=018062)
[   3.262]   [menu-state] write $ffa176 = 0000 mask=ff00 (pc=01afde)
[   3.262]   [header-byte] write $ffa513 = 00 mask=00ff (pc=01afe6)
[   3.262]   [header-byte] write $ffa513 = 10 mask=00ff (pc=01affe)
[   3.262]   [header-byte] write $ffa513 = 11 mask=00ff (pc=01b034)
[   3.455]   [inject] pending_before=0 wrote=[07 00 11] expect_seq=07
[   3.459]   [header-byte] write $ffa517 = 11 mask=00ff (pc=018446)
[   3.955]   [inject] pending_before=0 wrote=[08 00 11] expect_seq=08
[   3.956]   [header-byte] write $ffa517 = 11 mask=00ff (pc=018446)
[   4.005] heartbeat frame=240 tx=33 rx=27 fc=1 fd=10 fe=1 linkflag=82 pc=00028a a502=00 a524=0000 a525=00 a170=09 a17f=00 txtail=0021 rxpend=0000
[   4.005] [transport] captured=33 flushed=33 injected=27 accepted=0 payload2=0 payload3=0 payload4=0 payload5=0 pump_reads=213 bursts=11 txcredit=0 outq=0 inq=0 watchdog=2 txseq=0b rxseq=09
[   4.005] [epochs] local=1 peer=1 ready=true discarded_rx=0
[   4.005] [game-state] a142=04 a13e=04 a13f=0f a530=0400 a506=00 a507=00 a508=01 a7b0=0000 a7a6=0000 script=01a004
[   4.005] [tcb-continuations] ffa580=ff80->018392 sleep=0 local26=7710 ffa5c0=ff80->01853c sleep=0 local26=0b00 ffd100=ff80->01b4ee sleep=0 local26=0000 ffd140=ff80->00628e sleep=0 local26=008a
[   4.456]   [inject] pending_before=0 wrote=[09 00 11] expect_seq=09
[   4.457]   [header-byte] write $ffa517 = 11 mask=00ff (pc=018446)
[   4.957]   [inject] pending_before=0 wrote=[0a 00 11] expect_seq=0a
[   4.957]   [header-byte] write $ffa517 = 11 mask=00ff (pc=018446)
[   5.006] heartbeat frame=300 tx=39 rx=33 fc=1 fd=10 fe=1 linkflag=82 pc=00028a a502=00 a524=0000 a525=00 a170=09 a17f=00 txtail=0027 rxpend=0000
[   5.006] [transport] captured=39 flushed=39 injected=33 accepted=0 payload2=0 payload3=0 payload4=0 payload5=0 pump_reads=273 bursts=13 txcredit=0 outq=0 inq=0 watchdog=2 txseq=0d rxseq=0b
[   5.006] [epochs] local=1 peer=1 ready=true discarded_rx=0
[   5.006] [tcb-continuations] ffa580=ff80->018392 sleep=0 local26=7710 ffa5c0=ff80->01853c sleep=0 local26=0b00 ffd100=ff80->01b4ee sleep=0 local26=0000 ffd140=ff80->00628e sleep=0 local26=004e
[   5.474]   [inject] pending_before=0 wrote=[0b 00 11] expect_seq=0b
[   5.475]   [header-byte] write $ffa517 = 11 mask=00ff (pc=018446)
[   5.975]   [inject] pending_before=0 wrote=[0c 00 11] expect_seq=0c
[   5.975]   [header-byte] write $ffa517 = 11 mask=00ff (pc=018446)
[   6.008] heartbeat frame=360 tx=45 rx=39 fc=1 fd=10 fe=1 linkflag=82 pc=00028a a502=00 a524=0000 a525=00 a170=09 a17f=00 txtail=002d rxpend=0000
[   6.008] [transport] captured=45 flushed=45 injected=39 accepted=0 payload2=0 payload3=0 payload4=0 payload5=0 pump_reads=333 bursts=15 txcredit=0 outq=0 inq=0 watchdog=1 txseq=0f rxseq=0d
[   6.008] [epochs] local=1 peer=1 ready=true discarded_rx=0
[   6.008] [tcb-continuations] ffa580=ff80->018392 sleep=0 local26=7710 ffa5c0=ff80->01853c sleep=0 local26=0b00 ffd100=ff80->01b4ee sleep=0 local26=0000 ffd140=ff80->00628e sleep=0 local26=0012
[   6.475]   [inject] pending_before=0 wrote=[0d 00 11] expect_seq=0d
[   6.488]   [header-byte] write $ffa517 = 11 mask=00ff (pc=018446)
[   6.976]   [header-byte] write $ffa517 = 11 mask=00ff (pc=018446)
[   7.009] heartbeat frame=420 tx=51 rx=45 fc=1 fd=10 fe=1 linkflag=82 pc=00028a a502=00 a524=0000 a525=00 a170=09 a17f=00 txtail=0033 rxpend=0000
[   7.009] [transport] captured=51 flushed=51 injected=45 accepted=0 payload2=0 payload3=0 payload4=0 payload5=0 pump_reads=393 bursts=17 txcredit=0 outq=0 inq=0 watchdog=1 txseq=11 rxseq=0f
[   7.009] [epochs] local=1 peer=1 ready=true discarded_rx=0
[   7.009] [game-state] a142=04 a13e=04 a13f=0f a530=0400 a506=00 a507=00 a508=01 a7b0=0000 a7a6=0000 script=01f582
[   7.009] [tcb-continuations] ffa580=ff80->018392 sleep=0 local26=7710 ffa5c0=ff80->01853c sleep=0 local26=0a00 ffd100=ff80->018fcc sleep=0 local26=0000 ffd140=ff80->0250ba sleep=147 local26=0000 ffd180=ff80->024fe2 sleep=0 local26=0000
[   7.477]   [header-byte] write $ffa517 = 11 mask=00ff (pc=018446)
[   7.961]   [header-byte] write $ffa517 = 11 mask=00ff (pc=018446)
[   8.010] heartbeat frame=480 tx=57 rx=51 fc=1 fd=10 fe=1 linkflag=82 pc=000288 a502=00 a524=0000 a525=00 a170=09 a17f=00 txtail=0039 rxpend=0000
[   8.010] [transport] captured=57 flushed=57 injected=51 accepted=0 payload2=0 payload3=0 payload4=0 payload5=0 pump_reads=453 bursts=19 txcredit=0 outq=0 inq=0 watchdog=2 txseq=13 rxseq=11
[   8.010] [epochs] local=1 peer=1 ready=true discarded_rx=0
[   8.010] [tcb-continuations] ffa580=ff80->018392 sleep=0 local26=7710 ffa5c0=ff80->01853c sleep=0 local26=0a00 ffd100=ff80->018fcc sleep=0 local26=0000 ffd140=ff80->0250ba sleep=87 local26=0000 ffd180=ff80->024fe2 sleep=0 local26=0000
[   8.896]   [header-byte] write $ffa517 = 11 mask=00ff (pc=018446)
[   9.012] heartbeat frame=540 tx=63 rx=54 fc=1 fd=10 fe=1 linkflag=82 pc=000288 a502=00 a524=0000 a525=00 a170=09 a17f=00 txtail=003f rxpend=0000
[   9.012] [transport] captured=63 flushed=63 injected=54 accepted=0 payload2=0 payload3=0 payload4=0 payload5=0 pump_reads=513 bursts=21 txcredit=0 outq=0 inq=0 watchdog=6 txseq=15 rxseq=12
[   9.012] [epochs] local=1 peer=1 ready=true discarded_rx=0
[   9.012] [tcb-continuations] ffa580=ff80->018392 sleep=0 local26=7710 ffa5c0=ff80->01853c sleep=0 local26=0a00 ffd100=ff80->018fcc sleep=0 local26=0000 ffd140=ff80->0250ba sleep=27 local26=0000 ffd180=ff80->024fe2 sleep=0 local26=0000
[   9.396]   [header-byte] write $ffa517 = 11 mask=00ff (pc=018446)
[  10.013] heartbeat frame=600 tx=66 rx=57 fc=1 fd=10 fe=1 linkflag=82 pc=001e9a a502=00 a524=0000 a525=00 a170=09 a17f=00 txtail=0042 rxpend=0000
[  10.013] [transport] captured=66 flushed=66 injected=57 accepted=0 payload2=0 payload3=0 payload4=0 payload5=0 pump_reads=573 bursts=22 txcredit=0 outq=0 inq=0 watchdog=12 txseq=16 rxseq=13
[  10.013] [epochs] local=1 peer=1 ready=true discarded_rx=0
[  10.013] [game-state] a142=04 a13e=04 a13f=0f a530=0400 a506=00 a507=00 a508=01 a7b0=0000 a7a6=0000 script=01f5ba
[  10.013] [tcb-continuations] ffa580=ff80->018392 sleep=0 local26=7710 ffa5c0=ff80->01853c sleep=0 local26=1000 ffd100=ff80->018fba sleep=0 local26=0000
[  10.150]   [header-byte] write $ffa517 = 11 mask=00ff (pc=018446)
[  10.649]   [header-byte] write $ffa517 = 11 mask=00ff (pc=018446)
[  11.014] heartbeat frame=660 tx=72 rx=63 fc=1 fd=10 fe=1 linkflag=82 pc=001ea0 a502=00 a524=0000 a525=00 a170=09 a17f=00 txtail=0048 rxpend=0000
[  11.014] [transport] captured=72 flushed=72 injected=63 accepted=0 payload2=0 payload3=0 payload4=0 payload5=0 pump_reads=633 bursts=24 txcredit=0 outq=0 inq=0 watchdog=8 txseq=18 rxseq=15
[  11.014] [epochs] local=1 peer=1 ready=true discarded_rx=0
[  11.014] [game-state] a142=04 a13e=04 a13f=0f a530=0400 a506=00 a507=00 a508=01 a7b0=0000 a7a6=0000 script=01f5da
[  11.014] [tcb-continuations] ffa580=ff80->018392 sleep=0 local26=7710 ffa5c0=ff80->01853c sleep=0 local26=0200 ffd100=ff80->018fcc sleep=0 local26=0000 ffd140=ff80->025b9a sleep=0 local26=0000 ffd180=ff80->02558e sleep=0 local26=0000
[  11.451]   [header-byte] write $ffa517 = 11 mask=00ff (pc=018446)
[  12.015] heartbeat frame=720 tx=75 rx=66 fc=1 fd=10 fe=1 linkflag=82 pc=00028a a502=00 a524=0003 a525=03 a170=09 a17f=00 txtail=004b rxpend=0000
[  12.015] [transport] captured=75 flushed=75 injected=66 accepted=0 payload2=0 payload3=0 payload4=0 payload5=0 pump_reads=693 bursts=25 txcredit=0 outq=0 inq=0 watchdog=33 txseq=1a rxseq=16
[  12.015] [epochs] local=1 peer=1 ready=true discarded_rx=0
[  12.015] [tcb-continuations] ffa580=ff80->018392 sleep=0 local26=7710 ffa5c0=ff80->01853c sleep=0 local26=0000 ffd100=ff80->018fcc sleep=0 local26=0000 ffd140=ff80->025be6 sleep=15 local26=0000 ffd180=ff80->02558e sleep=0 local26=0000 ffd1c0=ff80->02585c sleep=0 local26=0000 ffd200=ff80->02585c sleep=0 local26=0001
[  12.202]   [header-byte] write $ffa517 = 11 mask=00ff (pc=018446)
[  12.722]   [header-byte] write $ffa517 = 11 mask=00ff (pc=018446)
[  13.017] heartbeat frame=780 tx=81 rx=72 fc=1 fd=10 fe=1 linkflag=82 pc=00028a a502=00 a524=0000 a525=00 a170=09 a17f=00 txtail=0051 rxpend=0000
[  13.017] [transport] captured=81 flushed=81 injected=72 accepted=0 payload2=0 payload3=0 payload4=0 payload5=0 pump_reads=753 bursts=27 txcredit=0 outq=0 inq=0 watchdog=17 txseq=1b rxseq=18
[  13.017] [epochs] local=1 peer=1 ready=true discarded_rx=0
[  13.017] [tcb-continuations] ffa580=ff80->018392 sleep=0 local26=7710 ffa5c0=ff80->01853c sleep=0 local26=0c00 ffd100=ff80->018fcc sleep=0 local26=0000 ffd140=ff80->025cf2 sleep=0 local26=0000 ffd180=ff80->02558e sleep=0 local26=0000 ffd1c0=ff00->027736 sleep=0 local26=0002
[  13.086]   [header-byte] write $ffa517 = 13 mask=00ff (pc=018446)
[  13.103]   [menu-state] write $ffa170 = 8888 mask=ff00 (pc=018062)
[  13.103]   [menu-state] write $ffa176 = 0000 mask=ff00 (pc=01afde)
[  13.103]   [header-byte] write $ffa513 = 00 mask=00ff (pc=01afe6)
[  13.103]   [header-byte] write $ffa513 = 10 mask=00ff (pc=01affe)
[  13.103]   [header-byte] write $ffa513 = 11 mask=00ff (pc=01b034)
[  13.103]   [header-byte] write $ffa513 = 15 mask=00ff (pc=01b044)
[  13.129]   [menu-state] write $ffa170 = 0808 mask=ff00 (pc=018062)
[  13.129]   [menu-state] write $ffa176 = 0000 mask=ff00 (pc=01afde)
[  13.129]   [header-byte] write $ffa513 = 00 mask=00ff (pc=01afe6)
[  13.129]   [header-byte] write $ffa513 = 10 mask=00ff (pc=01affe)
[  13.129]   [header-byte] write $ffa513 = 11 mask=00ff (pc=01b034)
[  13.130] [game-command] data=0303 mask=ff00 pc=0188d8 requests=80
[  13.158]   [header-byte] write $ffa513 = 13 mask=00ff (pc=0189b4)
[  13.158]   [menu-state] write $ffa17f = 0000 mask=00ff (pc=0189c2)
[  13.785]   [header-byte] write $ffa517 = 13 mask=00ff (pc=018446)
[  13.802]   [header-byte] write $ffa517 = 13 mask=00ff (pc=018446)
[  13.819]   [header-byte] write $ffa517 = 13 mask=00ff (pc=018446)
[  13.843]   [header-byte] write $ffa517 = 13 mask=00ff (pc=018446)
[  13.860]   [header-byte] write $ffa517 = 13 mask=00ff (pc=018446)
[  13.870]   [header-byte] write $ffa517 = 13 mask=00ff (pc=018446)
[  13.887]   [header-byte] write $ffa517 = 13 mask=00ff (pc=018446)
[  13.904]   [header-byte] write $ffa517 = 13 mask=00ff (pc=018446)
[  13.920]   [header-byte] write $ffa517 = 13 mask=00ff (pc=018446)
[  13.937]   [header-byte] write $ffa517 = 13 mask=00ff (pc=018446)
[  13.954]   [header-byte] write $ffa517 = 13 mask=00ff (pc=018446)
[  13.970]   [header-byte] write $ffa517 = 13 mask=00ff (pc=018446)
[  13.987]   [header-byte] write $ffa517 = 13 mask=00ff (pc=018446)
[  14.005]   [header-byte] write $ffa517 = 13 mask=00ff (pc=018446)
[  14.018] heartbeat frame=840 tx=132 rx=145 fc=1 fd=10 fe=1 linkflag=82 pc=00028a a502=00 a524=0005 a525=05 a170=08 a17f=00 txtail=0084 rxpend=0000
[  14.018] [transport] captured=132 flushed=132 injected=145 accepted=0 payload2=0 payload3=0 payload4=0 payload5=0 pump_reads=813 bursts=38 txcredit=0 outq=0 inq=5 watchdog=0 txseq=27 rxseq=27
[  14.018] [epochs] local=1 peer=1 ready=true discarded_rx=0
[  14.018] [game-state] a142=04 a13e=00 a13f=00 a530=0300 a506=03 a507=00 a508=01 a7b0=0000 a7a6=1300 script=01a39e
[  14.018] [tcb-continuations] ffa580=ff80->018392 sleep=0 local26=7710 ffa5c0=ff80->01853c sleep=0 local26=0000 ffd040=ff80->018a40 sleep=0 local26=0300 ffd080=ff80->018ee4 sleep=0 local26=0000 ffd0c0=ff80->018ee4 sleep=0 local26=0000 ffd100=ff80->01fbb4 sleep=0 local26=0000 ffd140=ff80->01fbb6 sleep=0 local26=0002 ffd180=ff80->01fbb6 sleep=0 local26=00a2 ffd1c0=ff80->01fbb6 sleep=0 local26=01c2 ffd200=ff80->01fbb6 sleep=0 local26=02e2 ffd240=ff80->01902e sleep=0 local26=0000 ffd280=ff80->01ffe2 sleep=0 local26=0000 ffd2c0=ff80->020004 sleep=0 local26=0002 ffd300=ff80->020004 sleep=0 local26=0000 ffd340=ff80->01febe sleep=0 local26=0000 ffd380=ff80->01fedc sleep=0 local26=0000 ffd3c0=ff80->01febe sleep=0 local26=0000 ffd400=ff80->01fedc sleep=0 local26=0000
[  14.021]   [header-byte] write $ffa517 = 13 mask=00ff (pc=018446)
[  14.037]   [header-byte] write $ffa517 = 13 mask=00ff (pc=018446)
[  14.054]   [header-byte] write $ffa517 = 13 mask=00ff (pc=018446)
[  14.071]   [header-byte] write $ffa517 = 13 mask=00ff (pc=018446)
[  14.087]   [header-byte] write $ffa517 = 13 mask=00ff (pc=018446)
[  14.104]   [header-byte] write $ffa517 = 13 mask=00ff (pc=018446)
[  14.121]   [header-byte] write $ffa517 = 13 mask=00ff (pc=018446)
[  14.137]   [header-byte] write $ffa517 = 13 mask=00ff (pc=018446)
[  14.156]   [header-byte] write $ffa517 = 13 mask=00ff (pc=018446)
[  14.171]   [header-byte] write $ffa517 = 13 mask=00ff (pc=018446)
[  14.187]   [header-byte] write $ffa517 = 13 mask=00ff (pc=018446)
[  14.204]   [header-byte] write $ffa517 = 13 mask=00ff (pc=018446)
[  14.221]   [header-byte] write $ffa517 = 13 mask=00ff (pc=018446)
[  14.237]   [header-byte] write $ffa517 = 13 mask=00ff (pc=018446)
[  14.254]   [header-byte] write $ffa517 = 13 mask=00ff (pc=018446)
[  14.271]   [header-byte] write $ffa517 = 13 mask=00ff (pc=018446)
[  14.288]   [header-byte] write $ffa517 = 13 mask=00ff (pc=018446)
[  14.304]   [header-byte] write $ffa517 = 13 mask=00ff (pc=018446)
[  14.323]   [header-byte] write $ffa517 = 13 mask=00ff (pc=018446)
[  14.338]   [header-byte] write $ffa517 = 13 mask=00ff (pc=018446)
[  14.354]   [header-byte] write $ffa517 = 13 mask=00ff (pc=018446)
[  14.371]   [header-byte] write $ffa517 = 13 mask=00ff (pc=018446)
[  14.388]   [header-byte] write $ffa517 = 13 mask=00ff (pc=018446)
[  14.404]   [header-byte] write $ffa517 = 13 mask=00ff (pc=018446)
[  14.421]   [header-byte] write $ffa517 = 13 mask=00ff (pc=018446)
[  14.438]   [header-byte] write $ffa517 = 13 mask=00ff (pc=018446)
[  14.454]   [header-byte] write $ffa517 = 13 mask=00ff (pc=018446)
[  14.471]   [header-byte] write $ffa517 = 13 mask=00ff (pc=018446)
[  14.488]   [header-byte] write $ffa517 = 13 mask=00ff (pc=018446)
[  14.504]   [header-byte] write $ffa517 = 13 mask=00ff (pc=018446)
[  14.521]   [header-byte] write $ffa517 = 13 mask=00ff (pc=018446)
[  14.538]   [header-byte] write $ffa517 = 13 mask=00ff (pc=018446)
[  14.555]   [header-byte] write $ffa517 = 13 mask=00ff (pc=018446)
[  14.555]   [header-byte] write $ffa517 = 13 mask=00ff (pc=018446)
[  14.588]   [header-byte] write $ffa517 = 13 mask=00ff (pc=018446)
[  14.605]   [header-byte] write $ffa517 = 13 mask=00ff (pc=018446)
[  14.621]   [header-byte] write $ffa517 = 13 mask=00ff (pc=018446)
[  14.640]   [header-byte] write $ffa517 = 13 mask=00ff (pc=018446)
[  14.655]   [header-byte] write $ffa517 = 13 mask=00ff (pc=018446)
[  14.671]   [header-byte] write $ffa517 = 13 mask=00ff (pc=018446)
[  14.688]   [header-byte] write $ffa517 = 13 mask=00ff (pc=018446)
[  14.705]   [header-byte] write $ffa517 = 13 mask=00ff (pc=018446)
[  14.721]   [header-byte] write $ffa517 = 13 mask=00ff (pc=018446)
[  14.738]   [header-byte] write $ffa517 = 13 mask=00ff (pc=018446)
[  14.755]   [header-byte] write $ffa517 = 13 mask=00ff (pc=018446)
[  14.771]   [header-byte] write $ffa517 = 13 mask=00ff (pc=018446)
[  14.789]   [header-byte] write $ffa517 = 13 mask=00ff (pc=018446)
[  14.805]   [header-byte] write $ffa517 = 13 mask=00ff (pc=018446)
[  14.821]   [header-byte] write $ffa517 = 13 mask=00ff (pc=018446)
[  14.838]   [header-byte] write $ffa517 = 13 mask=00ff (pc=018446)
[  14.855]   [header-byte] write $ffa517 = 13 mask=00ff (pc=018446)
[  14.871]   [header-byte] write $ffa517 = 13 mask=00ff (pc=018446)
[  14.888]   [header-byte] write $ffa517 = 13 mask=00ff (pc=018446)
[  14.905]   [header-byte] write $ffa517 = 13 mask=00ff (pc=018446)
[  14.922]   [header-byte] write $ffa517 = 13 mask=00ff (pc=018446)
[  14.938]   [header-byte] write $ffa517 = 13 mask=00ff (pc=018446)
[  14.955]   [header-byte] write $ffa517 = 13 mask=00ff (pc=018446)
[  14.971]   [header-byte] write $ffa517 = 13 mask=00ff (pc=018446)
[  14.988]   [header-byte] write $ffa517 = 13 mask=00ff (pc=018446)
[  15.005]   [header-byte] write $ffa517 = 13 mask=00ff (pc=018446)
[  15.019] heartbeat frame=900 tx=432 rx=445 fc=1 fd=10 fe=1 linkflag=82 pc=000288 a502=00 a524=0005 a525=05 a170=08 a17f=00 txtail=00b0 rxpend=0000
[  15.019] [transport] captured=432 flushed=432 injected=445 accepted=0 payload2=0 payload3=0 payload4=0 payload5=0 pump_reads=873 bursts=98 txcredit=0 outq=0 inq=5 watchdog=0 txseq=63 rxseq=63
[  15.019] [epochs] local=1 peer=1 ready=true discarded_rx=0
[  15.019] [tcb-continuations] ffa580=ff80->018392 sleep=0 local26=7710 ffa5c0=ff80->01853c sleep=0 local26=0000 ffd040=ff80->018a40 sleep=0 local26=0300 ffd080=ff80->018ee4 sleep=0 local26=0000 ffd0c0=ff80->018ee4 sleep=0 local26=0000 ffd100=ff80->01fbb4 sleep=0 local26=0000 ffd140=ff80->01fbb6 sleep=0 local26=0002 ffd180=ff80->01fbb6 sleep=0 local26=00a2 ffd1c0=ff80->01fbb6 sleep=0 local26=01c2 ffd200=ff80->01fbb6 sleep=0 local26=02e2 ffd240=ff80->01902e sleep=0 local26=0000 ffd280=ff80->01ffe2 sleep=0 local26=0009 ffd2c0=ff80->020004 sleep=0 local26=0002 ffd300=ff80->020004 sleep=0 local26=0000 ffd340=ff80->01febe sleep=0 local26=0000 ffd380=ff80->01fedc sleep=0 local26=0000 ffd3c0=ff80->01febe sleep=0 local26=0000 ffd400=ff80->01fedc sleep=0 local26=0000
[  15.021]   [header-byte] write $ffa517 = 13 mask=00ff (pc=018446)
[  15.038]   [header-byte] write $ffa517 = 13 mask=00ff (pc=018446)
[  15.055]   [header-byte] write $ffa517 = 13 mask=00ff (pc=018446)
[  15.071]   [header-byte] write $ffa517 = 13 mask=00ff (pc=018446)
[  15.088]   [header-byte] write $ffa517 = 13 mask=00ff (pc=018446)
[  15.107]   [header-byte] write $ffa517 = 13 mask=00ff (pc=018446)
[  15.122]   [header-byte] write $ffa517 = 13 mask=00ff (pc=018446)
[  15.138]   [header-byte] write $ffa517 = 13 mask=00ff (pc=018446)
[  15.155]   [header-byte] write $ffa517 = 13 mask=00ff (pc=018446)
[  15.172]   [header-byte] write $ffa517 = 13 mask=00ff (pc=018446)
[  15.189]   [header-byte] write $ffa517 = 13 mask=00ff (pc=018446)
[  15.205]   [header-byte] write $ffa517 = 13 mask=00ff (pc=018446)
[  15.222]   [header-byte] write $ffa517 = 13 mask=00ff (pc=018446)
[  15.239]   [header-byte] write $ffa517 = 13 mask=00ff (pc=018446)
[  15.255]   [header-byte] write $ffa517 = 13 mask=00ff (pc=018446)
[  15.274]   [header-byte] write $ffa517 = 13 mask=00ff (pc=018446)
[  15.290]   [header-byte] write $ffa517 = 13 mask=00ff (pc=018446)
[  15.306]   [header-byte] write $ffa517 = 13 mask=00ff (pc=018446)
[  15.322]   [header-byte] write $ffa517 = 13 mask=00ff (pc=018446)
[  15.338]   [header-byte] write $ffa517 = 13 mask=00ff (pc=018446)
[  15.355]   [header-byte] write $ffa517 = 13 mask=00ff (pc=018446)
[  15.372]   [header-byte] write $ffa517 = 13 mask=00ff (pc=018446)
[  15.389]   [header-byte] write $ffa517 = 13 mask=00ff (pc=018446)
[  15.405]   [header-byte] write $ffa517 = 13 mask=00ff (pc=018446)
[  15.422]   [header-byte] write $ffa517 = 13 mask=00ff (pc=018446)
[  15.439]   [header-byte] write $ffa517 = 13 mask=00ff (pc=018446)
[  15.455]   [header-byte] write $ffa517 = 13 mask=00ff (pc=018446)
[  15.472]   [header-byte] write $ffa517 = 13 mask=00ff (pc=018446)
[  15.489]   [header-byte] write $ffa517 = 13 mask=00ff (pc=018446)
[  15.505]   [header-byte] write $ffa517 = 13 mask=00ff (pc=018446)
[  15.506]   [header-byte] write $ffa517 = 13 mask=00ff (pc=018446)
[  15.539]   [header-byte] write $ffa517 = 13 mask=00ff (pc=018446)
[  15.555]   [header-byte] write $ffa517 = 13 mask=00ff (pc=018446)
[  15.572]   [header-byte] write $ffa517 = 13 mask=00ff (pc=018446)
[  15.591]   [header-byte] write $ffa517 = 13 mask=00ff (pc=018446)
[  15.606]   [header-byte] write $ffa517 = 13 mask=00ff (pc=018446)
[  15.606]   [header-byte] write $ffa517 = 13 mask=00ff (pc=018446)
[  15.639]   [header-byte] write $ffa517 = 13 mask=00ff (pc=018446)
[  15.656]   [header-byte] write $ffa517 = 13 mask=00ff (pc=018446)
[  15.673]   [header-byte] write $ffa517 = 13 mask=00ff (pc=018446)
[  15.689]   [header-byte] write $ffa517 = 13 mask=00ff (pc=018446)
[  15.706]   [header-byte] write $ffa517 = 13 mask=00ff (pc=018446)
[  15.722]   [header-byte] write $ffa517 = 13 mask=00ff (pc=018446)
[  15.742]   [header-byte] write $ffa517 = 13 mask=00ff (pc=018446)
[  15.756]   [header-byte] write $ffa517 = 13 mask=00ff (pc=018446)
[  15.773]   [header-byte] write $ffa517 = 13 mask=00ff (pc=018446)
[  15.789]   [header-byte] write $ffa517 = 13 mask=00ff (pc=018446)
[  15.806]   [header-byte] write $ffa517 = 13 mask=00ff (pc=018446)
[  15.823]   [header-byte] write $ffa517 = 13 mask=00ff (pc=018446)
[  15.839]   [header-byte] write $ffa517 = 13 mask=00ff (pc=018446)
[  15.856]   [header-byte] write $ffa517 = 13 mask=00ff (pc=018446)
[  15.873]   [header-byte] write $ffa517 = 13 mask=00ff (pc=018446)
[  15.889]   [header-byte] write $ffa517 = 13 mask=00ff (pc=018446)
[  15.906]   [header-byte] write $ffa517 = 13 mask=00ff (pc=018446)
[  15.923]   [header-byte] write $ffa517 = 13 mask=00ff (pc=018446)
[  15.940]   [header-byte] write $ffa517 = 13 mask=00ff (pc=018446)
[  15.956]   [header-byte] write $ffa517 = 13 mask=00ff (pc=018446)
[  15.973]   [header-byte] write $ffa517 = 13 mask=00ff (pc=018446)
[  15.990]   [header-byte] write $ffa517 = 13 mask=00ff (pc=018446)
[  16.006]   [header-byte] write $ffa517 = 13 mask=00ff (pc=018446)
[  16.021] heartbeat frame=960 tx=732 rx=745 fc=1 fd=10 fe=1 linkflag=82 pc=00028a a502=00 a524=0005 a525=05 a170=08 a17f=00 txtail=00dc rxpend=0000
[  16.021] [transport] captured=732 flushed=732 injected=745 accepted=0 payload2=0 payload3=0 payload4=0 payload5=0 pump_reads=933 bursts=158 txcredit=0 outq=0 inq=5 watchdog=0 txseq=9f rxseq=9f
[  16.021] [epochs] local=1 peer=1 ready=true discarded_rx=0
[  16.021] [tcb-continuations] ffa580=ff80->018392 sleep=0 local26=7710 ffa5c0=ff80->01853c sleep=0 local26=0000 ffd040=ff80->018a40 sleep=0 local26=0300 ffd080=ff80->018ee4 sleep=0 local26=0000 ffd0c0=ff80->018ee4 sleep=0 local26=0000 ffd100=ff80->01fbb4 sleep=0 local26=0000 ffd140=ff80->01fbb6 sleep=0 local26=0002 ffd180=ff80->01fbb6 sleep=0 local26=00a2 ffd1c0=ff80->01fbb6 sleep=0 local26=01c2 ffd200=ff80->01fbb6 sleep=0 local26=02e2 ffd240=ff80->01902e sleep=0 local26=0000 ffd280=ff80->01ffe2 sleep=0 local26=0008 ffd2c0=ff80->020004 sleep=0 local26=0002 ffd300=ff80->020004 sleep=0 local26=0000 ffd340=ff80->01febe sleep=0 local26=0000 ffd380=ff80->01fedc sleep=0 local26=0000 ffd3c0=ff80->01febe sleep=0 local26=0000 ffd400=ff80->01fedc sleep=0 local26=0000
[  16.023]   [header-byte] write $ffa517 = 13 mask=00ff (pc=018446)
[  16.040]   [header-byte] write $ffa517 = 13 mask=00ff (pc=018446)
[  16.058]   [header-byte] write $ffa517 = 13 mask=00ff (pc=018446)
[  16.073]   [header-byte] write $ffa517 = 13 mask=00ff (pc=018446)
[  16.090]   [header-byte] write $ffa517 = 13 mask=00ff (pc=018446)
[  16.107]   [header-byte] write $ffa517 = 13 mask=00ff (pc=018446)
[  16.123]   [header-byte] write $ffa517 = 13 mask=00ff (pc=018446)
[  16.140]   [header-byte] write $ffa517 = 13 mask=00ff (pc=018446)
[  16.157]   [header-byte] write $ffa517 = 13 mask=00ff (pc=018446)
[  16.173]   [header-byte] write $ffa517 = 13 mask=00ff (pc=018446)
[  16.190]   [header-byte] write $ffa517 = 13 mask=00ff (pc=018446)
[  16.207]   [header-byte] write $ffa517 = 13 mask=00ff (pc=018446)
[  16.225]   [header-byte] write $ffa517 = 13 mask=00ff (pc=018446)
[  16.240]   [header-byte] write $ffa517 = 13 mask=00ff (pc=018446)
[  16.257]   [header-byte] write $ffa517 = 13 mask=00ff (pc=018446)
[  16.273]   [header-byte] write $ffa517 = 13 mask=00ff (pc=018446)
[  16.290]   [header-byte] write $ffa517 = 13 mask=00ff (pc=018446)
[  16.307]   [header-byte] write $ffa517 = 13 mask=00ff (pc=018446)
[  16.324]   [header-byte] write $ffa517 = 13 mask=00ff (pc=018446)
[  16.340]   [header-byte] write $ffa517 = 13 mask=00ff (pc=018446)
[  16.357]   [header-byte] write $ffa517 = 13 mask=00ff (pc=018446)
[  16.374]   [header-byte] write $ffa517 = 13 mask=00ff (pc=018446)
[  16.390]   [header-byte] write $ffa517 = 13 mask=00ff (pc=018446)
[  16.407]   [header-byte] write $ffa517 = 13 mask=00ff (pc=018446)
[  16.424]   [header-byte] write $ffa517 = 13 mask=00ff (pc=018446)
[  16.440]   [header-byte] write $ffa517 = 13 mask=00ff (pc=018446)
[  16.457]   [header-byte] write $ffa517 = 13 mask=00ff (pc=018446)
[  16.474]   [header-byte] write $ffa517 = 13 mask=00ff (pc=018446)
[  16.490]   [header-byte] write $ffa517 = 13 mask=00ff (pc=018446)
[  16.507]   [header-byte] write $ffa517 = 13 mask=00ff (pc=018446)
[  16.524]   [header-byte] write $ffa517 = 13 mask=00ff (pc=018446)
[  16.542]   [header-byte] write $ffa517 = 13 mask=00ff (pc=018446)
[  16.557]   [header-byte] write $ffa517 = 13 mask=00ff (pc=018446)
[  16.574]   [header-byte] write $ffa517 = 13 mask=00ff (pc=018446)
[  16.590]   [header-byte] write $ffa517 = 13 mask=00ff (pc=018446)
[  16.607]   [header-byte] write $ffa517 = 13 mask=00ff (pc=018446)
[  16.624]   [header-byte] write $ffa517 = 13 mask=00ff (pc=018446)
[  16.641]   [header-byte] write $ffa517 = 13 mask=00ff (pc=018446)
[  16.657]   [header-byte] write $ffa517 = 13 mask=00ff (pc=018446)
[  16.674]   [header-byte] write $ffa517 = 13 mask=00ff (pc=018446)
[  16.692]   [header-byte] write $ffa517 = 13 mask=00ff (pc=018446)
[  16.707]   [header-byte] write $ffa517 = 13 mask=00ff (pc=018446)
[  16.724]   [header-byte] write $ffa517 = 13 mask=00ff (pc=018446)
[  16.741]   [header-byte] write $ffa517 = 13 mask=00ff (pc=018446)
[  16.757]   [header-byte] write $ffa517 = 13 mask=00ff (pc=018446)
[  16.774]   [header-byte] write $ffa517 = 13 mask=00ff (pc=018446)
[  16.790]   [header-byte] write $ffa517 = 13 mask=00ff (pc=018446)
[  16.807]   [header-byte] write $ffa517 = 13 mask=00ff (pc=018446)
[  16.824]   [header-byte] write $ffa517 = 13 mask=00ff (pc=018446)
[  16.841]   [header-byte] write $ffa517 = 13 mask=00ff (pc=018446)
[  16.857]   [header-byte] write $ffa517 = 13 mask=00ff (pc=018446)
[  16.874]   [header-byte] write $ffa517 = 13 mask=00ff (pc=018446)
[  16.890]   [header-byte] write $ffa517 = 13 mask=00ff (pc=018446)
[  16.907]   [header-byte] write $ffa517 = 13 mask=00ff (pc=018446)
[  16.924]   [header-byte] write $ffa517 = 13 mask=00ff (pc=018446)
[  16.940]   [header-byte] write $ffa517 = 13 mask=00ff (pc=018446)
[  16.957]   [header-byte] write $ffa517 = 13 mask=00ff (pc=018446)
[  16.974]   [header-byte] write $ffa517 = 13 mask=00ff (pc=018446)
[  16.991]   [header-byte] write $ffa517 = 13 mask=00ff (pc=018446)
[  17.009]   [header-byte] write $ffa517 = 13 mask=00ff (pc=018446)
[  17.022] heartbeat frame=1020 tx=1032 rx=1045 fc=1 fd=10 fe=1 linkflag=82 pc=00028a a502=00 a524=0005 a525=05 a170=08 a17f=00 txtail=0008 rxpend=0000
[  17.022] [transport] captured=1032 flushed=1032 injected=1045 accepted=0 payload2=0 payload3=0 payload4=0 payload5=0 pump_reads=993 bursts=218 txcredit=0 outq=0 inq=5 watchdog=0 txseq=db rxseq=db
[  17.022] [epochs] local=1 peer=1 ready=true discarded_rx=0
[  17.022] [tcb-continuations] ffa580=ff80->018392 sleep=0 local26=7710 ffa5c0=ff80->01853c sleep=0 local26=0000 ffd040=ff80->018a40 sleep=0 local26=0300 ffd080=ff80->018ee4 sleep=0 local26=0000 ffd0c0=ff80->018ee4 sleep=0 local26=0000 ffd100=ff80->01fbb4 sleep=0 local26=0000 ffd140=ff80->01fbb6 sleep=0 local26=0002 ffd180=ff80->01fbb6 sleep=0 local26=00a2 ffd1c0=ff80->01fbb6 sleep=0 local26=01c2 ffd200=ff80->01fbb6 sleep=0 local26=02e2 ffd240=ff80->01902e sleep=0 local26=0000 ffd280=ff80->01ffe2 sleep=0 local26=0007 ffd2c0=ff80->020004 sleep=0 local26=0002 ffd300=ff80->020004 sleep=0 local26=0000 ffd340=ff80->01febe sleep=0 local26=0000 ffd380=ff80->01fedc sleep=0 local26=0000 ffd3c0=ff80->01febe sleep=0 local26=0000 ffd400=ff80->01fedc sleep=0 local26=0000
[  17.024]   [header-byte] write $ffa517 = 13 mask=00ff (pc=018446)
[  17.041]   [header-byte] write $ffa517 = 13 mask=00ff (pc=018446)
[  17.058]   [header-byte] write $ffa517 = 13 mask=00ff (pc=018446)
[  17.074]   [header-byte] write $ffa517 = 13 mask=00ff (pc=018446)
[  17.091]   [header-byte] write $ffa517 = 13 mask=00ff (pc=018446)
[  17.108]   [header-byte] write $ffa517 = 13 mask=00ff (pc=018446)
[  17.124]   [header-byte] write $ffa517 = 13 mask=00ff (pc=018446)
[  17.141]   [header-byte] write $ffa517 = 13 mask=00ff (pc=018446)
[  17.158]   [header-byte] write $ffa517 = 13 mask=00ff (pc=018446)
[  17.176]   [header-byte] write $ffa517 = 13 mask=00ff (pc=018446)
[  17.191]   [header-byte] write $ffa517 = 13 mask=00ff (pc=018446)
[  17.208]   [header-byte] write $ffa517 = 13 mask=00ff (pc=018446)
[  17.224]   [header-byte] write $ffa517 = 13 mask=00ff (pc=018446)
[  17.241]   [header-byte] write $ffa517 = 13 mask=00ff (pc=018446)
[  17.258]   [header-byte] write $ffa517 = 13 mask=00ff (pc=018446)
[  17.275]   [header-byte] write $ffa517 = 13 mask=00ff (pc=018446)
[  17.291]   [header-byte] write $ffa517 = 13 mask=00ff (pc=018446)
[  17.308]   [header-byte] write $ffa517 = 13 mask=00ff (pc=018446)
[  17.325]   [header-byte] write $ffa517 = 13 mask=00ff (pc=018446)
[  17.341]   [header-byte] write $ffa517 = 13 mask=00ff (pc=018446)
[  17.358]   [header-byte] write $ffa517 = 13 mask=00ff (pc=018446)
[  17.374]   [header-byte] write $ffa517 = 13 mask=00ff (pc=018446)
[  17.391]   [header-byte] write $ffa517 = 13 mask=00ff (pc=018446)
[  17.408]   [header-byte] write $ffa517 = 13 mask=00ff (pc=018446)
[  17.425]   [header-byte] write $ffa517 = 13 mask=00ff (pc=018446)
[  17.441]   [header-byte] write $ffa517 = 13 mask=00ff (pc=018446)
[  17.463]   [header-byte] write $ffa517 = 13 mask=00ff (pc=018446)
[  17.475]   [header-byte] write $ffa517 = 13 mask=00ff (pc=018446)
[  17.494]   [header-byte] write $ffa517 = 13 mask=00ff (pc=018446)
[  17.509]   [header-byte] write $ffa517 = 13 mask=00ff (pc=018446)
[  17.526]   [header-byte] write $ffa517 = 13 mask=00ff (pc=018446)
[  17.542]   [header-byte] write $ffa517 = 13 mask=00ff (pc=018446)
[  17.559]   [header-byte] write $ffa517 = 13 mask=00ff (pc=018446)
[  17.575]   [header-byte] write $ffa517 = 13 mask=00ff (pc=018446)
[  17.592]   [header-byte] write $ffa517 = 13 mask=00ff (pc=018446)
[  17.609]   [header-byte] write $ffa517 = 13 mask=00ff (pc=018446)
[  17.628]   [header-byte] write $ffa517 = 13 mask=00ff (pc=018446)
[  17.644]   [header-byte] write $ffa517 = 13 mask=00ff (pc=018446)
[  17.660]   [header-byte] write $ffa517 = 13 mask=00ff (pc=018446)
[  17.676]   [header-byte] write $ffa517 = 13 mask=00ff (pc=018446)
[  17.693]   [header-byte] write $ffa517 = 13 mask=00ff (pc=018446)
[  17.709]   [header-byte] write $ffa517 = 13 mask=00ff (pc=018446)
[  17.726]   [header-byte] write $ffa517 = 13 mask=00ff (pc=018446)
[  17.742]   [header-byte] write $ffa517 = 13 mask=00ff (pc=018446)
[  17.759]   [header-byte] write $ffa517 = 13 mask=00ff (pc=018446)
[  17.778]   [header-byte] write $ffa517 = 13 mask=00ff (pc=018446)
[  17.792]   [header-byte] write $ffa517 = 13 mask=00ff (pc=018446)
[  17.810]   [header-byte] write $ffa517 = 13 mask=00ff (pc=018446)
[  17.826]   [header-byte] write $ffa517 = 13 mask=00ff (pc=018446)
[  17.843]   [header-byte] write $ffa517 = 13 mask=00ff (pc=018446)
[  17.859]   [header-byte] write $ffa517 = 13 mask=00ff (pc=018446)
[  17.876]   [header-byte] write $ffa517 = 13 mask=00ff (pc=018446)
[  17.892]   [header-byte] write $ffa517 = 13 mask=00ff (pc=018446)
[  17.909]   [header-byte] write $ffa517 = 13 mask=00ff (pc=018446)
[  17.928]   [header-byte] write $ffa517 = 13 mask=00ff (pc=018446)
[  17.943]   [header-byte] write $ffa517 = 13 mask=00ff (pc=018446)
[  17.960]   [header-byte] write $ffa517 = 13 mask=00ff (pc=018446)
[  17.976]   [header-byte] write $ffa517 = 13 mask=00ff (pc=018446)
[  17.993]   [header-byte] write $ffa517 = 13 mask=00ff (pc=018446)
[  18.009]   [header-byte] write $ffa517 = 13 mask=00ff (pc=018446)
[  18.023] heartbeat frame=1080 tx=1332 rx=1345 fc=1 fd=10 fe=1 linkflag=82 pc=000288 a502=00 a524=0005 a525=05 a170=08 a17f=00 txtail=0034 rxpend=0000
[  18.023] [transport] captured=1332 flushed=1332 injected=1345 accepted=0 payload2=0 payload3=0 payload4=0 payload5=0 pump_reads=1053 bursts=278 txcredit=0 outq=0 inq=5 watchdog=0 txseq=17 rxseq=17
[  18.023] [epochs] local=1 peer=1 ready=true discarded_rx=0
[  18.023] [tcb-continuations] ffa580=ff80->018392 sleep=0 local26=7710 ffa5c0=ff80->01853c sleep=0 local26=0000 ffd040=ff80->018a40 sleep=0 local26=0300 ffd080=ff80->018ee4 sleep=0 local26=0000 ffd0c0=ff80->018ee4 sleep=0 local26=0000 ffd100=ff80->01fbb4 sleep=0 local26=0000 ffd140=ff80->01fbb6 sleep=0 local26=0002 ffd180=ff80->01fbb6 sleep=0 local26=00a2 ffd1c0=ff80->01fbb6 sleep=0 local26=01c2 ffd200=ff80->01fbb6 sleep=0 local26=02e2 ffd240=ff80->01902e sleep=0 local26=0000 ffd280=ff80->01ffe2 sleep=0 local26=0006 ffd2c0=ff80->020004 sleep=0 local26=0002 ffd300=ff80->020004 sleep=0 local26=0000 ffd340=ff80->01febe sleep=0 local26=0000 ffd380=ff80->01fedc sleep=0 local26=0000 ffd3c0=ff80->01febe sleep=0 local26=0000 ffd400=ff80->01fedc sleep=0 local26=0000
[  18.026]   [header-byte] write $ffa517 = 13 mask=00ff (pc=018446)
[  18.043]   [header-byte] write $ffa517 = 13 mask=00ff (pc=018446)
[  18.060]   [header-byte] write $ffa517 = 13 mask=00ff (pc=018446)
[  18.078]   [header-byte] write $ffa517 = 13 mask=00ff (pc=018446)
[  18.093]   [header-byte] write $ffa517 = 13 mask=00ff (pc=018446)
[  18.110]   [header-byte] write $ffa517 = 13 mask=00ff (pc=018446)
[  18.127]   [header-byte] write $ffa517 = 13 mask=00ff (pc=018446)
[  18.143]   [header-byte] write $ffa517 = 13 mask=00ff (pc=018446)
[  18.160]   [header-byte] write $ffa517 = 13 mask=00ff (pc=018446)
[  18.176]   [header-byte] write $ffa517 = 13 mask=00ff (pc=018446)
[  18.193]   [header-byte] write $ffa517 = 13 mask=00ff (pc=018446)
[  18.210]   [header-byte] write $ffa517 = 13 mask=00ff (pc=018446)
[  18.226]   [header-byte] write $ffa517 = 13 mask=00ff (pc=018446)
[  18.245]   [header-byte] write $ffa517 = 13 mask=00ff (pc=018446)
[  18.260]   [header-byte] write $ffa517 = 13 mask=00ff (pc=018446)
[  18.277]   [header-byte] write $ffa517 = 13 mask=00ff (pc=018446)
[  18.293]   [header-byte] write $ffa517 = 13 mask=00ff (pc=018446)
[  18.310]   [header-byte] write $ffa517 = 13 mask=00ff (pc=018446)
[  18.327]   [header-byte] write $ffa517 = 13 mask=00ff (pc=018446)
[  18.343]   [header-byte] write $ffa517 = 13 mask=00ff (pc=018446)
[  18.360]   [header-byte] write $ffa517 = 13 mask=00ff (pc=018446)
[  18.377]   [header-byte] write $ffa517 = 13 mask=00ff (pc=018446)
[  18.393]   [header-byte] write $ffa517 = 13 mask=00ff (pc=018446)
[  18.412]   [header-byte] write $ffa517 = 13 mask=00ff (pc=018446)
[  18.428]   [header-byte] write $ffa517 = 13 mask=00ff (pc=018446)
[  18.445]   [header-byte] write $ffa517 = 13 mask=00ff (pc=018446)
[  18.460]   [header-byte] write $ffa517 = 13 mask=00ff (pc=018446)
[  18.477]   [header-byte] write $ffa517 = 13 mask=00ff (pc=018446)
[  18.493]   [header-byte] write $ffa517 = 13 mask=00ff (pc=018446)
[  18.510]   [header-byte] write $ffa517 = 13 mask=00ff (pc=018446)
[  18.527]   [header-byte] write $ffa517 = 13 mask=00ff (pc=018446)
[  18.543]   [header-byte] write $ffa517 = 13 mask=00ff (pc=018446)
[  18.560]   [header-byte] write $ffa517 = 13 mask=00ff (pc=018446)
[  18.577]   [header-byte] write $ffa517 = 13 mask=00ff (pc=018446)
[  18.594]   [header-byte] write $ffa517 = 13 mask=00ff (pc=018446)
[  18.610]   [header-byte] write $ffa517 = 13 mask=00ff (pc=018446)
[  18.627]   [header-byte] write $ffa517 = 13 mask=00ff (pc=018446)
[  18.643]   [header-byte] write $ffa517 = 13 mask=00ff (pc=018446)
[  18.660]   [header-byte] write $ffa517 = 13 mask=00ff (pc=018446)
[  18.677]   [header-byte] write $ffa517 = 13 mask=00ff (pc=018446)
[  18.693]   [header-byte] write $ffa517 = 13 mask=00ff (pc=018446)
[  18.710]   [header-byte] write $ffa517 = 13 mask=00ff (pc=018446)
[  18.727]   [header-byte] write $ffa517 = 13 mask=00ff (pc=018446)
[  18.744]   [header-byte] write $ffa517 = 13 mask=00ff (pc=018446)
[  18.760]   [header-byte] write $ffa517 = 13 mask=00ff (pc=018446)
[  18.777]   [header-byte] write $ffa517 = 13 mask=00ff (pc=018446)
[  18.794]   [header-byte] write $ffa517 = 13 mask=00ff (pc=018446)
[  18.810]   [header-byte] write $ffa517 = 13 mask=00ff (pc=018446)
[  18.827]   [header-byte] write $ffa517 = 13 mask=00ff (pc=018446)
[  18.843]   [header-byte] write $ffa517 = 13 mask=00ff (pc=018446)
[  18.860]   [header-byte] write $ffa517 = 13 mask=00ff (pc=018446)
[  18.877]   [header-byte] write $ffa517 = 13 mask=00ff (pc=018446)
[  18.893]   [header-byte] write $ffa517 = 13 mask=00ff (pc=018446)
[  18.913]   [header-byte] write $ffa517 = 13 mask=00ff (pc=018446)
[  18.927]   [header-byte] write $ffa517 = 13 mask=00ff (pc=018446)
[  18.943]   [header-byte] write $ffa517 = 13 mask=00ff (pc=018446)
[  18.960]   [header-byte] write $ffa517 = 13 mask=00ff (pc=018446)
[  18.977]   [header-byte] write $ffa517 = 13 mask=00ff (pc=018446)
[  18.993]   [header-byte] write $ffa517 = 13 mask=00ff (pc=018446)
[  19.010]   [header-byte] write $ffa517 = 13 mask=00ff (pc=018446)
[  19.024] heartbeat frame=1140 tx=1632 rx=1645 fc=1 fd=10 fe=1 linkflag=82 pc=00028a a502=00 a524=0005 a525=05 a170=08 a17f=00 txtail=0060 rxpend=0000
[  19.024] [transport] captured=1632 flushed=1632 injected=1645 accepted=0 payload2=0 payload3=0 payload4=0 payload5=0 pump_reads=1113 bursts=338 txcredit=0 outq=0 inq=5 watchdog=0 txseq=53 rxseq=53
[  19.024] [epochs] local=1 peer=1 ready=true discarded_rx=0
[  19.024] [tcb-continuations] ffa580=ff80->018392 sleep=0 local26=7710 ffa5c0=ff80->01853c sleep=0 local26=0000 ffd040=ff80->018a40 sleep=0 local26=0300 ffd080=ff80->018ee4 sleep=0 local26=0000 ffd0c0=ff80->018ee4 sleep=0 local26=0000 ffd100=ff80->01fbb4 sleep=0 local26=0000 ffd140=ff80->01fbb6 sleep=0 local26=0002 ffd180=ff80->01fbb6 sleep=0 local26=00a2 ffd1c0=ff80->01fbb6 sleep=0 local26=01c2 ffd200=ff80->01fbb6 sleep=0 local26=02e2 ffd240=ff80->01902e sleep=0 local26=0000 ffd280=ff80->01ffe2 sleep=0 local26=0005 ffd2c0=ff80->020004 sleep=0 local26=0002 ffd300=ff80->020004 sleep=0 local26=0000 ffd340=ff80->01febe sleep=0 local26=0000 ffd380=ff80->01fedc sleep=0 local26=0000 ffd3c0=ff80->01febe sleep=0 local26=0000 ffd400=ff80->01fedc sleep=0 local26=0000
[  19.027]   [header-byte] write $ffa517 = 13 mask=00ff (pc=018446)
[  19.043]   [header-byte] write $ffa517 = 13 mask=00ff (pc=018446)
[  19.063]   [header-byte] write $ffa517 = 13 mask=00ff (pc=018446)
[  19.077]   [header-byte] write $ffa517 = 13 mask=00ff (pc=018446)
[  19.094]   [header-byte] write $ffa517 = 13 mask=00ff (pc=018446)
[  19.110]   [header-byte] write $ffa517 = 13 mask=00ff (pc=018446)
[  19.127]   [header-byte] write $ffa517 = 13 mask=00ff (pc=018446)
[  19.144]   [header-byte] write $ffa517 = 13 mask=00ff (pc=018446)
[  19.160]   [header-byte] write $ffa517 = 13 mask=00ff (pc=018446)
[  19.177]   [header-byte] write $ffa517 = 13 mask=00ff (pc=018446)
[  19.194]   [header-byte] write $ffa517 = 13 mask=00ff (pc=018446)
[  19.210]   [header-byte] write $ffa517 = 13 mask=00ff (pc=018446)
[  19.227]   [header-byte] write $ffa517 = 13 mask=00ff (pc=018446)
[  19.244]   [header-byte] write $ffa517 = 13 mask=00ff (pc=018446)
[  19.260]   [header-byte] write $ffa517 = 13 mask=00ff (pc=018446)
[  19.277]   [header-byte] write $ffa517 = 13 mask=00ff (pc=018446)
[  19.294]   [header-byte] write $ffa517 = 13 mask=00ff (pc=018446)
[  19.310]   [header-byte] write $ffa517 = 13 mask=00ff (pc=018446)
[  19.327]   [header-byte] write $ffa517 = 13 mask=00ff (pc=018446)
[  19.344]   [header-byte] write $ffa517 = 13 mask=00ff (pc=018446)
[  19.360]   [header-byte] write $ffa517 = 13 mask=00ff (pc=018446)
[  19.381]   [header-byte] write $ffa517 = 13 mask=00ff (pc=018446)
[  19.381] [game-command] data=2323 mask=ff00 pc=018ae0 requests=00
[  19.394]   [header-byte] write $ffa517 = 13 mask=00ff (pc=018446)
[  19.411]   [header-byte] write $ffa517 = 13 mask=00ff (pc=018446)
[  19.428]   [header-byte] write $ffa517 = 13 mask=00ff (pc=018446)
[  19.444]   [header-byte] write $ffa517 = 13 mask=00ff (pc=018446)
[  19.461]   [header-byte] write $ffa517 = 13 mask=00ff (pc=018446)
[  19.478]   [header-byte] write $ffa517 = 13 mask=00ff (pc=018446)
[  19.495]   [header-byte] write $ffa517 = 13 mask=00ff (pc=018446)
[  19.511]   [header-byte] write $ffa517 = 13 mask=00ff (pc=018446)
[  19.528]   [header-byte] write $ffa517 = 13 mask=00ff (pc=018446)
[  19.546]   [header-byte] write $ffa517 = 13 mask=00ff (pc=018446)
[  19.561]   [header-byte] write $ffa517 = 13 mask=00ff (pc=018446)
[  19.578]   [header-byte] write $ffa517 = 13 mask=00ff (pc=018446)
[  19.594]   [header-byte] write $ffa517 = 13 mask=00ff (pc=018446)
[  19.611]   [header-byte] write $ffa517 = 13 mask=00ff (pc=018446)
[  19.628]   [header-byte] write $ffa517 = 13 mask=00ff (pc=018446)
[  19.628] [game-command] data=3333 mask=ff00 pc=018ae0 requests=00
[  19.645]   [header-byte] write $ffa517 = 13 mask=00ff (pc=018446)
[  19.661]   [header-byte] write $ffa517 = 13 mask=00ff (pc=018446)
[  19.678]   [header-byte] write $ffa517 = 13 mask=00ff (pc=018446)
[  19.695]   [header-byte] write $ffa517 = 13 mask=00ff (pc=018446)
[  19.711]   [header-byte] write $ffa517 = 13 mask=00ff (pc=018446)
[  19.728]   [header-byte] write $ffa517 = 13 mask=00ff (pc=018446)
[  19.745]   [header-byte] write $ffa517 = 13 mask=00ff (pc=018446)
[  19.761]   [header-byte] write $ffa517 = 13 mask=00ff (pc=018446)
[  19.778]   [header-byte] write $ffa517 = 13 mask=00ff (pc=018446)
[  19.795]   [header-byte] write $ffa517 = 13 mask=00ff (pc=018446)
[  19.811]   [header-byte] write $ffa517 = 13 mask=00ff (pc=018446)
[  19.828]   [header-byte] write $ffa517 = 13 mask=00ff (pc=018446)
[  19.845]   [header-byte] write $ffa517 = 13 mask=00ff (pc=018446)
[  19.863]   [header-byte] write $ffa517 = 13 mask=00ff (pc=018446)
[  19.878]   [header-byte] write $ffa517 = 13 mask=00ff (pc=018446)
[  19.895]   [header-byte] write $ffa517 = 13 mask=00ff (pc=018446)
[  19.912]   [header-byte] write $ffa517 = 13 mask=00ff (pc=018446)
[  19.928]   [header-byte] write $ffa517 = 13 mask=00ff (pc=018446)
[  19.928]   [header-byte] write $ffa517 = 13 mask=00ff (pc=018446)
[  19.962]   [header-byte] write $ffa517 = 13 mask=00ff (pc=018446)
[  19.978]   [header-byte] write $ffa517 = 13 mask=00ff (pc=018446)
[  19.995]   [header-byte] write $ffa517 = 13 mask=00ff (pc=018446)
[  20.014]   [header-byte] write $ffa517 = 13 mask=00ff (pc=018446)
[  20.026] heartbeat frame=1200 tx=1932 rx=1945 fc=1 fd=10 fe=1 linkflag=82 pc=00028a a502=00 a524=0005 a525=05 a170=08 a17f=00 txtail=008c rxpend=0000
[  20.026] [transport] captured=1932 flushed=1932 injected=1945 accepted=0 payload2=0 payload3=0 payload4=0 payload5=0 pump_reads=1173 bursts=398 txcredit=0 outq=0 inq=5 watchdog=0 txseq=8f rxseq=8f
[  20.026] [epochs] local=1 peer=1 ready=true discarded_rx=0
[  20.026] [game-state] a142=04 a13e=02 a13f=03 a530=3300 a506=03 a507=00 a508=01 a7b0=0000 a7a6=1300 script=01a39e
[  20.026] [tcb-continuations] ffa580=ff80->018392 sleep=0 local26=7710 ffa5c0=ff80->01853c sleep=0 local26=0000 ffd040=ff80->018a40 sleep=0 local26=0300 ffd100=ff80->01fbb4 sleep=0 local26=0000 ffd140=ff80->01fbb6 sleep=0 local26=0002 ffd180=ff80->01fbb6 sleep=0 local26=00a2 ffd1c0=ff80->01fbb6 sleep=0 local26=01c2 ffd200=ff80->01fbb6 sleep=0 local26=02e2 ffd240=ff80->01902e sleep=0 local26=0000 ffd280=ff80->01ffe2 sleep=0 local26=0003 ffd2c0=ff80->020004 sleep=0 local26=0002 ffd300=ff80->020004 sleep=0 local26=0000
[  20.028]   [header-byte] write $ffa517 = 13 mask=00ff (pc=018446)
[  20.045]   [header-byte] write $ffa517 = 13 mask=00ff (pc=018446)
[  20.062]   [header-byte] write $ffa517 = 13 mask=00ff (pc=018446)
[  20.078]   [header-byte] write $ffa517 = 13 mask=00ff (pc=018446)
[  20.095]   [header-byte] write $ffa517 = 13 mask=00ff (pc=018446)
[  20.112]   [header-byte] write $ffa517 = 13 mask=00ff (pc=018446)
[  20.128]   [header-byte] write $ffa517 = 13 mask=00ff (pc=018446)
[  20.145]   [header-byte] write $ffa517 = 13 mask=00ff (pc=018446)
[  20.162]   [header-byte] write $ffa517 = 13 mask=00ff (pc=018446)
[  20.179]   [header-byte] write $ffa517 = 13 mask=00ff (pc=018446)
[  20.195]   [header-byte] write $ffa517 = 13 mask=00ff (pc=018446)
[  20.212]   [header-byte] write $ffa517 = 13 mask=00ff (pc=018446)
[  20.229]   [header-byte] write $ffa517 = 13 mask=00ff (pc=018446)
[  20.245]   [header-byte] write $ffa517 = 13 mask=00ff (pc=018446)
[  20.262]   [header-byte] write $ffa517 = 13 mask=00ff (pc=018446)
[  20.279]   [header-byte] write $ffa517 = 13 mask=00ff (pc=018446)
[  20.295]   [header-byte] write $ffa517 = 13 mask=00ff (pc=018446)
[  20.312]   [header-byte] write $ffa517 = 13 mask=00ff (pc=018446)
[  20.329]   [header-byte] write $ffa517 = 13 mask=00ff (pc=018446)
[  20.345]   [header-byte] write $ffa517 = 13 mask=00ff (pc=018446)
[  20.362]   [header-byte] write $ffa517 = 13 mask=00ff (pc=018446)
[  20.379]   [header-byte] write $ffa517 = 13 mask=00ff (pc=018446)
[  20.395]   [header-byte] write $ffa517 = 13 mask=00ff (pc=018446)
[  20.412]   [header-byte] write $ffa517 = 13 mask=00ff (pc=018446)
[  20.429]   [header-byte] write $ffa517 = 13 mask=00ff (pc=018446)
[  20.445]   [header-byte] write $ffa517 = 13 mask=00ff (pc=018446)
[  20.462]   [header-byte] write $ffa517 = 13 mask=00ff (pc=018446)
[  20.479]   [header-byte] write $ffa517 = 13 mask=00ff (pc=018446)
[  20.496]   [header-byte] write $ffa517 = 13 mask=00ff (pc=018446)
[  20.512]   [header-byte] write $ffa517 = 13 mask=00ff (pc=018446)
[  20.529]   [header-byte] write $ffa517 = 13 mask=00ff (pc=018446)
[  20.545]   [header-byte] write $ffa517 = 13 mask=00ff (pc=018446)
[  20.562]   [header-byte] write $ffa517 = 13 mask=00ff (pc=018446)
[  20.579]   [header-byte] write $ffa517 = 13 mask=00ff (pc=018446)
[  20.595]   [header-byte] write $ffa517 = 13 mask=00ff (pc=018446)
[  20.612]   [header-byte] write $ffa517 = 13 mask=00ff (pc=018446)
[  20.629]   [header-byte] write $ffa517 = 13 mask=00ff (pc=018446)
[  20.645]   [header-byte] write $ffa517 = 13 mask=00ff (pc=018446)
[  20.662]   [header-byte] write $ffa517 = 13 mask=00ff (pc=018446)
[  20.678]   [header-byte] write $ffa517 = 13 mask=00ff (pc=018446)
[  20.695]   [header-byte] write $ffa517 = 13 mask=00ff (pc=018446)
[  20.712]   [header-byte] write $ffa517 = 13 mask=00ff (pc=018446)
[  20.729]   [header-byte] write $ffa517 = 13 mask=00ff (pc=018446)
[  20.745]   [header-byte] write $ffa517 = 13 mask=00ff (pc=018446)
[  20.762]   [header-byte] write $ffa517 = 13 mask=00ff (pc=018446)
[  20.779]   [header-byte] write $ffa517 = 13 mask=00ff (pc=018446)
[  20.795]   [header-byte] write $ffa517 = 13 mask=00ff (pc=018446)
[  20.812]   [header-byte] write $ffa517 = 13 mask=00ff (pc=018446)
[  20.829]   [header-byte] write $ffa517 = 13 mask=00ff (pc=018446)
[  20.845]   [header-byte] write $ffa517 = 13 mask=00ff (pc=018446)
[  20.862]   [header-byte] write $ffa517 = 13 mask=00ff (pc=018446)
[  20.879]   [header-byte] write $ffa517 = 13 mask=00ff (pc=018446)
[  20.895]   [header-byte] write $ffa517 = 13 mask=00ff (pc=018446)
[  20.912]   [header-byte] write $ffa517 = 13 mask=00ff (pc=018446)
[  20.929]   [header-byte] write $ffa517 = 13 mask=00ff (pc=018446)
[  20.946]   [header-byte] write $ffa517 = 13 mask=00ff (pc=018446)
[  20.964]   [header-byte] write $ffa517 = 13 mask=00ff (pc=018446)
[  20.979]   [header-byte] write $ffa517 = 13 mask=00ff (pc=018446)
[  20.996]   [header-byte] write $ffa517 = 13 mask=00ff (pc=018446)
[  21.013]   [header-byte] write $ffa517 = 13 mask=00ff (pc=018446)
[  21.027] heartbeat frame=1260 tx=2232 rx=2245 fc=1 fd=10 fe=1 linkflag=82 pc=00028a a502=00 a524=0005 a525=05 a170=08 a17f=00 txtail=00b8 rxpend=0000
[  21.027] [transport] captured=2232 flushed=2232 injected=2245 accepted=0 payload2=0 payload3=0 payload4=0 payload5=0 pump_reads=1233 bursts=458 txcredit=0 outq=0 inq=5 watchdog=0 txseq=cb rxseq=cb
[  21.027] [epochs] local=1 peer=1 ready=true discarded_rx=0
[  21.027] [tcb-continuations] ffa580=ff80->018392 sleep=0 local26=7710 ffa5c0=ff80->01853c sleep=0 local26=0000 ffd040=ff80->018a40 sleep=0 local26=0300 ffd100=ff80->01fbb4 sleep=0 local26=0000 ffd140=ff80->01fbb6 sleep=0 local26=0002 ffd180=ff80->01fbb6 sleep=0 local26=00a2 ffd1c0=ff80->01fbb6 sleep=0 local26=01c2 ffd200=ff80->01fbb6 sleep=0 local26=02e2 ffd240=ff80->01902e sleep=0 local26=0000 ffd280=ff80->01ffe2 sleep=0 local26=0002 ffd2c0=ff80->020004 sleep=0 local26=0002 ffd300=ff80->020004 sleep=0 local26=0000
[  21.029]   [header-byte] write $ffa517 = 13 mask=00ff (pc=018446)
[  21.046]   [header-byte] write $ffa517 = 13 mask=00ff (pc=018446)
[  21.062]   [header-byte] write $ffa517 = 13 mask=00ff (pc=018446)
[  21.079]   [header-byte] write $ffa517 = 13 mask=00ff (pc=018446)
[  21.096]   [header-byte] write $ffa517 = 13 mask=00ff (pc=018446)
[  21.113]   [header-byte] write $ffa517 = 13 mask=00ff (pc=018446)
[  21.129]   [header-byte] write $ffa517 = 13 mask=00ff (pc=018446)
[  21.146]   [header-byte] write $ffa517 = 13 mask=00ff (pc=018446)
[  21.163]   [header-byte] write $ffa517 = 13 mask=00ff (pc=018446)
[  21.179]   [header-byte] write $ffa517 = 13 mask=00ff (pc=018446)
[  21.196]   [header-byte] write $ffa517 = 13 mask=00ff (pc=018446)
[  21.213]   [header-byte] write $ffa517 = 13 mask=00ff (pc=018446)
[  21.229]   [header-byte] write $ffa517 = 13 mask=00ff (pc=018446)
[  21.246]   [header-byte] write $ffa517 = 13 mask=00ff (pc=018446)
[  21.263]   [header-byte] write $ffa517 = 13 mask=00ff (pc=018446)
[  21.280]   [header-byte] write $ffa517 = 13 mask=00ff (pc=018446)
[  21.296]   [header-byte] write $ffa517 = 13 mask=00ff (pc=018446)
[  21.313]   [header-byte] write $ffa517 = 13 mask=00ff (pc=018446)
[  21.330]   [header-byte] write $ffa517 = 13 mask=00ff (pc=018446)
[  21.346]   [header-byte] write $ffa517 = 13 mask=00ff (pc=018446)
[  21.363]   [header-byte] write $ffa517 = 13 mask=00ff (pc=018446)
[  21.380]   [header-byte] write $ffa517 = 13 mask=00ff (pc=018446)
[  21.396]   [header-byte] write $ffa517 = 13 mask=00ff (pc=018446)
[  21.413]   [header-byte] write $ffa517 = 13 mask=00ff (pc=018446)
[  21.430]   [header-byte] write $ffa517 = 13 mask=00ff (pc=018446)
[  21.447]   [header-byte] write $ffa517 = 13 mask=00ff (pc=018446)
[  21.463]   [header-byte] write $ffa517 = 13 mask=00ff (pc=018446)
[  21.480]   [header-byte] write $ffa517 = 13 mask=00ff (pc=018446)
[  21.497]   [header-byte] write $ffa517 = 13 mask=00ff (pc=018446)
[  21.513]   [header-byte] write $ffa517 = 13 mask=00ff (pc=018446)
[  21.530]   [header-byte] write $ffa517 = 13 mask=00ff (pc=018446)
[  21.547]   [header-byte] write $ffa517 = 13 mask=00ff (pc=018446)
[  21.563]   [header-byte] write $ffa517 = 13 mask=00ff (pc=018446)
[  21.580]   [header-byte] write $ffa517 = 13 mask=00ff (pc=018446)
[  21.597]   [header-byte] write $ffa517 = 13 mask=00ff (pc=018446)
[  21.614]   [header-byte] write $ffa517 = 13 mask=00ff (pc=018446)
[  21.630]   [header-byte] write $ffa517 = 13 mask=00ff (pc=018446)
[  21.647]   [header-byte] write $ffa517 = 13 mask=00ff (pc=018446)
[  21.664]   [header-byte] write $ffa517 = 13 mask=00ff (pc=018446)
[  21.680]   [header-byte] write $ffa517 = 13 mask=00ff (pc=018446)
[  21.697]   [header-byte] write $ffa517 = 13 mask=00ff (pc=018446)
[  21.714]   [header-byte] write $ffa517 = 13 mask=00ff (pc=018446)
[  21.730]   [header-byte] write $ffa517 = 13 mask=00ff (pc=018446)
[  21.747]   [header-byte] write $ffa517 = 13 mask=00ff (pc=018446)
[  21.766]   [header-byte] write $ffa517 = 13 mask=00ff (pc=018446)
[  21.780]   [header-byte] write $ffa517 = 13 mask=00ff (pc=018446)
[  21.797]   [header-byte] write $ffa517 = 13 mask=00ff (pc=018446)
[  21.814]   [header-byte] write $ffa517 = 13 mask=00ff (pc=018446)
[  21.831]   [header-byte] write $ffa517 = 13 mask=00ff (pc=018446)
[  21.847]   [header-byte] write $ffa517 = 13 mask=00ff (pc=018446)
[  21.864]   [header-byte] write $ffa517 = 13 mask=00ff (pc=018446)
[  21.881]   [header-byte] write $ffa517 = 13 mask=00ff (pc=018446)
[  21.897]   [header-byte] write $ffa517 = 13 mask=00ff (pc=018446)
[  21.916]   [header-byte] write $ffa517 = 13 mask=00ff (pc=018446)
[  21.931]   [header-byte] write $ffa517 = 13 mask=00ff (pc=018446)
[  21.947]   [header-byte] write $ffa517 = 13 mask=00ff (pc=018446)
[  21.964]   [header-byte] write $ffa517 = 13 mask=00ff (pc=018446)
[  21.981]   [header-byte] write $ffa517 = 13 mask=00ff (pc=018446)
[  21.998]   [header-byte] write $ffa517 = 13 mask=00ff (pc=018446)
[  22.014]   [header-byte] write $ffa517 = 13 mask=00ff (pc=018446)
[  22.028] heartbeat frame=1320 tx=2532 rx=2545 fc=1 fd=10 fe=1 linkflag=82 pc=00028a a502=00 a524=0005 a525=05 a170=08 a17f=00 txtail=00e4 rxpend=0000
[  22.028] [transport] captured=2532 flushed=2532 injected=2545 accepted=0 payload2=0 payload3=0 payload4=0 payload5=0 pump_reads=1293 bursts=518 txcredit=0 outq=0 inq=5 watchdog=0 txseq=07 rxseq=07
[  22.028] [epochs] local=1 peer=1 ready=true discarded_rx=0
[  22.028] [tcb-continuations] ffa580=ff80->018392 sleep=0 local26=7710 ffa5c0=ff80->01853c sleep=0 local26=0000 ffd040=ff80->018a40 sleep=0 local26=0300 ffd100=ff80->01fbb4 sleep=0 local26=0000 ffd140=ff80->01fbb6 sleep=0 local26=0002 ffd180=ff80->01fbb6 sleep=0 local26=00a2 ffd1c0=ff80->01fbb6 sleep=0 local26=01c2 ffd200=ff80->01fbb6 sleep=0 local26=02e2 ffd240=ff80->01902e sleep=0 local26=0000 ffd280=ff80->01ffe2 sleep=0 local26=0001 ffd2c0=ff80->020004 sleep=0 local26=0002 ffd300=ff80->020004 sleep=0 local26=0000
[  22.031]   [header-byte] write $ffa517 = 13 mask=00ff (pc=018446)
[  22.048]   [header-byte] write $ffa517 = 13 mask=00ff (pc=018446)
[  22.064]   [header-byte] write $ffa517 = 13 mask=00ff (pc=018446)
[  22.081]   [header-byte] write $ffa517 = 13 mask=00ff (pc=018446)
[  22.098]   [header-byte] write $ffa517 = 13 mask=00ff (pc=018446)
[  22.114]   [header-byte] write $ffa517 = 13 mask=00ff (pc=018446)
[  22.131]   [header-byte] write $ffa517 = 13 mask=00ff (pc=018446)
[  22.148]   [header-byte] write $ffa517 = 13 mask=00ff (pc=018446)
[  22.164]   [header-byte] write $ffa517 = 13 mask=00ff (pc=018446)
[  22.181]   [header-byte] write $ffa517 = 13 mask=00ff (pc=018446)
[  22.198]   [header-byte] write $ffa517 = 13 mask=00ff (pc=018446)
[  22.214]   [header-byte] write $ffa517 = 13 mask=00ff (pc=018446)
[  22.233]   [header-byte] write $ffa517 = 13 mask=00ff (pc=018446)
[  22.248]   [header-byte] write $ffa517 = 13 mask=00ff (pc=018446)
[  22.264]   [header-byte] write $ffa517 = 13 mask=00ff (pc=018446)
[  22.281]   [header-byte] write $ffa517 = 13 mask=00ff (pc=018446)
[  22.298]   [header-byte] write $ffa517 = 13 mask=00ff (pc=018446)
[  22.315]   [header-byte] write $ffa517 = 13 mask=00ff (pc=018446)
[  22.331]   [header-byte] write $ffa517 = 13 mask=00ff (pc=018446)
[  22.348]   [header-byte] write $ffa517 = 13 mask=00ff (pc=018446)
[  22.365]   [header-byte] write $ffa517 = 13 mask=00ff (pc=018446)
[  22.381]   [header-byte] write $ffa517 = 13 mask=00ff (pc=018446)
[  22.399]   [header-byte] write $ffa517 = 13 mask=00ff (pc=018446)
[  22.414]   [header-byte] write $ffa517 = 13 mask=00ff (pc=018446)
[  22.431]   [header-byte] write $ffa517 = 13 mask=00ff (pc=018446)
[  22.448]   [header-byte] write $ffa517 = 13 mask=00ff (pc=018446)
[  22.465]   [header-byte] write $ffa517 = 13 mask=00ff (pc=018446)
[  22.481]   [header-byte] write $ffa517 = 13 mask=00ff (pc=018446)
[  22.498]   [header-byte] write $ffa517 = 13 mask=00ff (pc=018446)
[  22.515]   [header-byte] write $ffa517 = 13 mask=00ff (pc=018446)
[  22.531]   [header-byte] write $ffa517 = 13 mask=00ff (pc=018446)
[  22.548]   [header-byte] write $ffa517 = 13 mask=00ff (pc=018446)
[  22.564]   [header-byte] write $ffa517 = 13 mask=00ff (pc=018446)
[  22.581]   [header-byte] write $ffa517 = 13 mask=00ff (pc=018446)
[  22.598]   [header-byte] write $ffa517 = 13 mask=00ff (pc=018446)
[  22.614]   [header-byte] write $ffa517 = 13 mask=00ff (pc=018446)
[  22.631]   [header-byte] write $ffa517 = 13 mask=00ff (pc=018446)
[  22.648]   [header-byte] write $ffa517 = 13 mask=00ff (pc=018446)
[  22.665]   [header-byte] write $ffa517 = 13 mask=00ff (pc=018446)
[  22.681]   [header-byte] write $ffa517 = 13 mask=00ff (pc=018446)
[  22.681] [game-command] data=7373 mask=ff00 pc=018b72 requests=04
[  22.715]   [header-byte] write $ffa517 = 13 mask=00ff (pc=018446)
[  22.715] [game-command] data=3434 mask=00ff pc=018c2c requests=00
[  22.715] [game-command] data=8383 mask=ff00 pc=018c34 requests=00
[  23.030] heartbeat frame=1380 tx=2742 rx=2750 fc=1 fd=10 fe=1 linkflag=82 pc=00028a a502=00 a524=0000 a525=00 a170=08 a17f=00 txtail=00b6 rxpend=0000
[  23.030] [transport] captured=2742 flushed=2742 injected=2750 accepted=0 payload2=0 payload3=0 payload4=0 payload5=0 pump_reads=1353 bursts=560 txcredit=0 outq=0 inq=0 watchdog=18 txseq=30 rxseq=30
[  23.030] [epochs] local=1 peer=1 ready=true discarded_rx=0
[  23.030] [game-state] a142=04 a13e=04 a13f=0f a530=8334 a506=03 a507=01 a508=01 a7b0=0000 a7a6=8334 script=01a39e
[  23.030] [tcb-continuations] ffa580=ff80->018392 sleep=0 local26=7710 ffa5c0=ff80->01853c sleep=0 local26=1200 ffd040=ff80->018cc8 sleep=2 local26=0300 ffd100=ff80->01fbb4 sleep=0 local26=0000 ffd140=ff80->01fbb6 sleep=0 local26=0002 ffd180=ff80->01fbb6 sleep=0 local26=00a2 ffd1c0=ff80->01fbb6 sleep=0 local26=01c2 ffd200=ff80->01fbb6 sleep=0 local26=02e2 ffd240=ff80->01902e sleep=0 local26=0000
[  23.216]   [header-byte] write $ffa517 = 13 mask=00ff (pc=018446)
[  23.716]   [header-byte] write $ffa517 = 13 mask=00ff (pc=018446)
[  24.031] heartbeat frame=1440 tx=2748 rx=2756 fc=1 fd=10 fe=1 linkflag=82 pc=00028a a502=00 a524=0000 a525=00 a170=08 a17f=00 txtail=00bc rxpend=0000
[  24.031] [transport] captured=2748 flushed=2748 injected=2756 accepted=0 payload2=0 payload3=0 payload4=0 payload5=0 pump_reads=1413 bursts=562 txcredit=0 outq=0 inq=0 watchdog=18 txseq=32 rxseq=32
[  24.031] [epochs] local=1 peer=1 ready=true discarded_rx=0
[  24.031] [tcb-continuations] ffa580=ff80->018392 sleep=0 local26=7710 ffa5c0=ff80->01853c sleep=0 local26=1200 ffd040=ff80->018d1a sleep=123 local26=0300 ffd100=ff80->01fbb4 sleep=0 local26=0000 ffd140=ff80->01fbb6 sleep=0 local26=0002 ffd180=ff80->01fbb6 sleep=0 local26=00a2 ffd1c0=ff80->01fbb6 sleep=0 local26=01c2 ffd200=ff80->01fbb6 sleep=0 local26=02e2 ffd240=ff80->01902e sleep=0 local26=0000 ffd280=ff80->027726 sleep=0 local26=0001
[  24.217]   [header-byte] write $ffa517 = 13 mask=00ff (pc=018446)
[  24.717]   [header-byte] write $ffa517 = 13 mask=00ff (pc=018446)
[  25.032] heartbeat frame=1500 tx=2754 rx=2762 fc=1 fd=10 fe=1 linkflag=82 pc=000288 a502=00 a524=0000 a525=00 a170=08 a17f=00 txtail=00c2 rxpend=0000
[  25.032] [transport] captured=2754 flushed=2754 injected=2762 accepted=0 payload2=0 payload3=0 payload4=0 payload5=0 pump_reads=1473 bursts=564 txcredit=0 outq=0 inq=0 watchdog=18 txseq=34 rxseq=34
[  25.032] [epochs] local=1 peer=1 ready=true discarded_rx=0
[  25.032] [tcb-continuations] ffa580=ff80->018392 sleep=0 local26=7710 ffa5c0=ff80->01853c sleep=0 local26=1200 ffd040=ff80->018d1a sleep=63 local26=0300 ffd100=ff80->01fbb4 sleep=0 local26=0000 ffd140=ff80->01fbb6 sleep=0 local26=0002 ffd180=ff80->01fbb6 sleep=0 local26=00a2 ffd1c0=ff80->01fbb6 sleep=0 local26=01c2 ffd200=ff80->01fbb6 sleep=0 local26=02e2 ffd240=ff80->01902e sleep=0 local26=0000 ffd280=ff80->027726 sleep=0 local26=0001
[  25.218]   [header-byte] write $ffa517 = 13 mask=00ff (pc=018446)
[  25.721]   [header-byte] write $ffa517 = 13 mask=00ff (pc=018446)
[  26.034] heartbeat frame=1560 tx=2760 rx=2768 fc=1 fd=10 fe=1 linkflag=82 pc=00028a a502=00 a524=0000 a525=00 a170=08 a17f=00 txtail=00c8 rxpend=0000
[  26.034] [transport] captured=2760 flushed=2760 injected=2768 accepted=0 payload2=0 payload3=0 payload4=0 payload5=0 pump_reads=1533 bursts=566 txcredit=0 outq=0 inq=0 watchdog=18 txseq=36 rxseq=36
[  26.034] [epochs] local=1 peer=1 ready=true discarded_rx=0
[  26.034] [tcb-continuations] ffa580=ff80->018392 sleep=0 local26=7710 ffa5c0=ff80->01853c sleep=0 local26=1200 ffd040=ff80->018d1a sleep=3 local26=0300 ffd100=ff80->01fbb4 sleep=0 local26=0000 ffd140=ff80->01fbb6 sleep=0 local26=0002 ffd180=ff80->01fbb6 sleep=0 local26=00a2 ffd1c0=ff80->01fbb6 sleep=0 local26=01c2 ffd200=ff80->01fbb6 sleep=0 local26=02e2 ffd240=ff80->01902e sleep=0 local26=0000 ffd280=ff80->027726 sleep=0 local26=0001
[  26.086] [game-command] data=9393 mask=ff00 pc=018d36 requests=00
[  26.086]   [header-byte] write $ffa513 = 10 mask=00ff (pc=018d50)
[  26.103] [game-command] data=0404 mask=ff00 pc=018d6e requests=00
[  26.103] [game-command] data=0000 mask=00ff pc=018d76 requests=00
[  26.153]   [header-byte] write $ffa517 = 10 mask=00ff (pc=018446)
[  26.194]   [menu-state] write $ffa170 = 0000 mask=ff00 (pc=01afb6)
[  26.194]   [menu-state] write $ffa170 = 8282 mask=ff00 (pc=01afd8)
[  26.194]   [menu-state] write $ffa176 = 0000 mask=ff00 (pc=01afde)
[  26.194]   [header-byte] write $ffa513 = 00 mask=00ff (pc=01afe6)
[  26.194]   [header-byte] write $ffa513 = 10 mask=00ff (pc=01affe)
[  26.194]   [header-byte] write $ffa513 = 50 mask=00ff (pc=01b022)
[  26.194]   [header-byte] write $ffa513 = 54 mask=00ff (pc=01b044)
[  26.194]   [menu-state] write $ffa170 = c2c2 mask=ff00 (pc=01a87a)
[  26.194]   [menu-state] write $ffa170 = c2c2 mask=ff00 (pc=01a87c)
[  26.194]   [menu-state] write $ffa170 = 4040 mask=ff00 (pc=01afb6)
[  26.194]   [menu-state] write $ffa170 = c2c2 mask=ff00 (pc=01afd8)
[  26.194]   [menu-state] write $ffa176 = 0000 mask=ff00 (pc=01afde)
[  26.194]   [header-byte] write $ffa513 = 00 mask=00ff (pc=01afe6)
[  26.194]   [header-byte] write $ffa513 = 10 mask=00ff (pc=01affe)
[  26.194]   [header-byte] write $ffa513 = 50 mask=00ff (pc=01b022)
[  26.194]   [header-byte] write $ffa513 = 54 mask=00ff (pc=01b044)
[  26.587]   [header-byte] write $ffa517 = 54 mask=00ff (pc=018446)
[  26.587]   [header-byte] write $ffa517 = 54 mask=00ff (pc=018446)
[  27.035] heartbeat frame=1620 tx=2898 rx=2781 fc=1 fd=10 fe=1 linkflag=82 pc=000288 a502=00 a524=0005 a525=05 a170=c2 a17f=00 txtail=0052 rxpend=0000
[  27.035] [transport] captured=2898 flushed=2898 injected=2781 accepted=0 payload2=0 payload3=0 payload4=0 payload5=0 pump_reads=1593 bursts=594 txcredit=0 outq=0 inq=0 watchdog=26 txseq=53 rxseq=39
[  27.035] [epochs] local=1 peer=1 ready=true discarded_rx=0
[  27.035] [game-state] a142=04 a13e=04 a13f=0f a530=0400 a506=03 a507=01 a508=01 a7b0=0000 a7a6=9334 script=01f7f6
[  27.035] [tcb-continuations] ffa580=ff80->018392 sleep=0 local26=7710 ffa5c0=ff80->01853c sleep=0 local26=0000 ffd100=ff80->0242d0 sleep=0 local26=0000 ffd140=ff80->023f9e sleep=0 local26=0000 ffd180=ff80->023c40 sleep=0 local26=0000 ffd1c0=ff80->023c70 sleep=0 local26=0002 ffd200=ff80->023c70 sleep=0 local26=0000 ffd240=ff80->023c08 sleep=0 local26=0000
[  27.088]   [header-byte] write $ffa517 = 54 mask=00ff (pc=018446)
[  27.221] [game-command] data=8484 mask=ff00 pc=024322 requests=00
[  27.238] [game-command] data=0404 mask=ff00 pc=02434e requests=00
[  27.304]   [header-byte] write $ffa517 = 54 mask=00ff (pc=018446)
[  27.805]   [header-byte] write $ffa517 = 54 mask=00ff (pc=018446)
[  28.036] heartbeat frame=1680 tx=2986 rx=2792 fc=1 fd=10 fe=1 linkflag=82 pc=000288 a502=00 a524=0000 a525=00 a170=c2 a17f=00 txtail=00aa rxpend=0000
[  28.036] [transport] captured=2986 flushed=2986 injected=2792 accepted=0 payload2=0 payload3=0 payload4=0 payload5=0 pump_reads=1653 bursts=612 txcredit=0 outq=0 inq=0 watchdog=13 txseq=64 rxseq=3c
[  28.036] [epochs] local=1 peer=1 ready=true discarded_rx=0
[  28.036] [tcb-continuations] ffa580=ff80->018392 sleep=0 local26=7710 ffa5c0=ff80->01853c sleep=0 local26=0e00 ffd100=ff80->02437e sleep=0 local26=0000 ffd140=ff80->02415c sleep=1 local26=0000 ffd240=ff80->023c3e sleep=0 local26=0000
[  28.306]   [header-byte] write $ffa517 = 54 mask=00ff (pc=018446)
[  29.037] heartbeat frame=1740 tx=2989 rx=2795 fc=1 fd=10 fe=1 linkflag=82 pc=000ff2 a502=00 a524=0000 a525=00 a170=c2 a17f=00 txtail=00ad rxpend=0000
[  29.037] [transport] captured=2989 flushed=2989 injected=2795 accepted=0 payload2=0 payload3=0 payload4=0 payload5=0 pump_reads=1713 bursts=613 txcredit=0 outq=0 inq=0 watchdog=21 txseq=65 rxseq=3d
[  29.037] [epochs] local=1 peer=1 ready=true discarded_rx=0
[  29.037] [game-state] a142=04 a13e=04 a13f=0f a530=0400 a506=03 a507=01 a508=01 a7b0=0000 a7a6=9334 script=01a4b6
[  29.037] [tcb-continuations] ffa580=ff80->018392 sleep=0 local26=7710 ffa5c0=ff80->01853c sleep=0 local26=1600
[  29.256] [game-command] data=1616 mask=ff00 pc=00655a requests=00
[  29.256] [game-command] data=0101 mask=00ff pc=006562 requests=00
[  29.290]   [header-byte] write $ffa517 = 54 mask=00ff (pc=018446)
[  29.357]   [header-byte] write $ffa517 = 54 mask=00ff (pc=018446)
[  29.375]   [header-byte] write $ffa517 = 54 mask=00ff (pc=018446)
[  29.390]   [header-byte] write $ffa517 = 54 mask=00ff (pc=018446)
[  29.407]   [header-byte] write $ffa517 = 54 mask=00ff (pc=018446)
[  29.424]   [header-byte] write $ffa517 = 54 mask=00ff (pc=018446)
[  29.440]   [header-byte] write $ffa517 = 54 mask=00ff (pc=018446)
[  29.457]   [header-byte] write $ffa517 = 54 mask=00ff (pc=018446)
[  29.474]   [header-byte] write $ffa517 = 54 mask=00ff (pc=018446)
[  29.492]   [header-byte] write $ffa517 = 54 mask=00ff (pc=018446)
[  29.507]   [header-byte] write $ffa517 = 54 mask=00ff (pc=018446)
[  29.524]   [header-byte] write $ffa517 = 54 mask=00ff (pc=018446)
[  29.540]   [header-byte] write $ffa517 = 54 mask=00ff (pc=018446)
[  29.557]   [header-byte] write $ffa517 = 54 mask=00ff (pc=018446)
[  29.574]   [header-byte] write $ffa517 = 54 mask=00ff (pc=018446)
[  29.590]   [header-byte] write $ffa517 = 54 mask=00ff (pc=018446)
[  29.607]   [header-byte] write $ffa517 = 54 mask=00ff (pc=018446)
[  29.624]   [header-byte] write $ffa517 = 54 mask=00ff (pc=018446)
[  29.640]   [header-byte] write $ffa517 = 54 mask=00ff (pc=018446)
[  29.657]   [header-byte] write $ffa517 = 54 mask=00ff (pc=018446)
[  29.674]   [header-byte] write $ffa517 = 54 mask=00ff (pc=018446)
[  29.691]   [header-byte] write $ffa517 = 54 mask=00ff (pc=018446)
[  29.707]   [header-byte] write $ffa517 = 54 mask=00ff (pc=018446)
[  29.725]   [header-byte] write $ffa517 = 54 mask=00ff (pc=018446)
[  29.740]   [header-byte] write $ffa517 = 54 mask=00ff (pc=018446)
[  29.891]   [header-byte] write $ffa517 = 54 mask=00ff (pc=018446)
[  29.893] [game-command] data=2828 mask=ff00 pc=005340 requests=00
[  29.893] [game-command] data=2222 mask=00ff pc=005356 requests=00
[  30.039] heartbeat frame=1800 tx=3002 rx=3285 fc=1 fd=10 fe=1 linkflag=82 pc=00028a a502=00 a524=0000 a525=00 a170=c2 a17f=00 txtail=00ba rxpend=0000
[  30.039] [transport] captured=3002 flushed=3002 injected=3285 accepted=0 payload2=0 payload3=0 payload4=0 payload5=0 pump_reads=1773 bursts=616 txcredit=0 outq=0 inq=0 watchdog=8 txseq=68 rxseq=57
[  30.039] [epochs] local=1 peer=1 ready=true discarded_rx=0
[  30.039] [game-state] a142=04 a13e=04 a13f=0f a530=2822 a506=03 a507=01 a508=01 a7b0=2822 a7a6=9334 script=01a51a
[  30.039] [tcb-continuations] ffa580=ff80->018392 sleep=0 local26=7710 ffa5c0=ff80->01853c sleep=0 local26=0800 ffd000=ffc0->00d454 sleep=0 local26=0000 ffd040=ffc0->00daca sleep=0 local26=0000 ffd080=ffc0->004f14 sleep=0 local26=0000 ffd0c0=ffc0->004f14 sleep=0 local26=0000 ffd100=ff80->006782 sleep=0 local26=0000 ffd140=ffc0->007f6e sleep=0 local26=0000 ffd180=ff80->00539a sleep=0 local26=0200 ffd1c0=ff00->005660 sleep=0 local26=5a02 ffd200=ff00->0056e4 sleep=0 local26=0000 ffd240=ff80->00539a sleep=0 local26=0200 ffd280=ff00->005660 sleep=0 local26=5a02 ffd2c0=ff00->0056e4 sleep=0 local26=0000 ffd300=ff80->0086ee sleep=0 local26=0000 ffd340=ff80->0086ee sleep=0 local26=0000 ffdfc0=ffc0->00d5ca sleep=0 local26=0000
[  30.391]   [header-byte] write $ffa517 = 54 mask=00ff (pc=018446)
[  30.894]   [header-byte] write $ffa517 = 54 mask=00ff (pc=018446)
[  31.040] heartbeat frame=1860 tx=3008 rx=3291 fc=1 fd=10 fe=1 linkflag=82 pc=000288 a502=00 a524=0000 a525=00 a170=c2 a17f=00 txtail=00c0 rxpend=0000
[  31.040] [transport] captured=3008 flushed=3008 injected=3291 accepted=0 payload2=0 payload3=0 payload4=0 payload5=0 pump_reads=1833 bursts=618 txcredit=0 outq=0 inq=0 watchdog=8 txseq=6a rxseq=59
[  31.040] [epochs] local=1 peer=1 ready=true discarded_rx=0
[  31.040] [tcb-continuations] ffa580=ff80->018392 sleep=0 local26=7710 ffa5c0=ff80->01853c sleep=0 local26=0800 ffd000=ffc0->00d454 sleep=0 local26=0000 ffd040=ffc0->00daca sleep=0 local26=0000 ffd080=ffc0->004f14 sleep=0 local26=0000 ffd0c0=ffc0->004f14 sleep=0 local26=0000 ffd100=ff80->006782 sleep=0 local26=0000 ffd140=ffc0->007f6e sleep=0 local26=0000 ffd180=ff80->00539a sleep=0 local26=0200 ffd1c0=ff00->005660 sleep=0 local26=b202 ffd200=ff00->0056e4 sleep=0 local26=0000 ffd240=ff80->00539a sleep=0 local26=0200 ffd280=ff00->005660 sleep=0 local26=b202 ffd2c0=ff00->0056e4 sleep=0 local26=0000 ffd300=ff80->0086ee sleep=0 local26=0000 ffd340=ff80->0086ee sleep=0 local26=0000 ffdfc0=ffc0->00d5ca sleep=0 local26=0000
[  31.393]   [header-byte] write $ffa517 = 54 mask=00ff (pc=018446)
[  31.893]   [header-byte] write $ffa517 = 54 mask=00ff (pc=018446)
[  32.041] heartbeat frame=1920 tx=3014 rx=3297 fc=1 fd=10 fe=1 linkflag=82 pc=000288 a502=00 a524=0000 a525=00 a170=c2 a17f=00 txtail=00c6 rxpend=0000
[  32.041] [transport] captured=3014 flushed=3014 injected=3297 accepted=0 payload2=0 payload3=0 payload4=0 payload5=0 pump_reads=1893 bursts=620 txcredit=0 outq=0 inq=0 watchdog=8 txseq=6c rxseq=5b
[  32.041] [epochs] local=1 peer=1 ready=true discarded_rx=0
[  32.041] [tcb-continuations] ffa580=ff80->018392 sleep=0 local26=7710 ffa5c0=ff80->01853c sleep=0 local26=0800 ffd000=ffc0->00d454 sleep=0 local26=0000 ffd040=ffc0->00daca sleep=0 local26=0000 ffd080=ffc0->004f14 sleep=0 local26=0000 ffd0c0=ffc0->004f14 sleep=0 local26=0000 ffd100=ff80->006782 sleep=0 local26=0000 ffd140=ffc0->007f6e sleep=0 local26=0000 ffd180=ff80->00539a sleep=0 local26=0200 ffd1c0=ff00->005660 sleep=0 local26=0a02 ffd200=ff00->0056e4 sleep=0 local26=0000 ffd240=ff80->00539a sleep=0 local26=0200 ffd280=ff00->005660 sleep=0 local26=0a02 ffd2c0=ff00->0056e4 sleep=0 local26=0000 ffd300=ff80->0086ee sleep=0 local26=0000 ffd340=ff80->0086ee sleep=0 local26=0000 ffdfc0=ffc0->00d5ca sleep=0 local26=0000
[  32.394]   [header-byte] write $ffa517 = 54 mask=00ff (pc=018446)
[  32.895]   [header-byte] write $ffa517 = 54 mask=00ff (pc=018446)
[  33.043] heartbeat frame=1980 tx=3020 rx=3303 fc=1 fd=10 fe=1 linkflag=82 pc=00028a a502=00 a524=0000 a525=00 a170=c2 a17f=00 txtail=00cc rxpend=0000
[  33.043] [transport] captured=3020 flushed=3020 injected=3303 accepted=0 payload2=0 payload3=0 payload4=0 payload5=0 pump_reads=1953 bursts=622 txcredit=0 outq=0 inq=0 watchdog=8 txseq=6e rxseq=5d
[  33.043] [epochs] local=1 peer=1 ready=true discarded_rx=0
[  33.043] [tcb-continuations] ffa580=ff80->018392 sleep=0 local26=7710 ffa5c0=ff80->01853c sleep=0 local26=0800 ffd000=ffc0->00d454 sleep=0 local26=0000 ffd040=ffc0->00daca sleep=0 local26=0000 ffd080=ffc0->004f14 sleep=0 local26=0000 ffd0c0=ffc0->004f14 sleep=0 local26=0000 ffd100=ff80->006782 sleep=0 local26=0000 ffd140=ffc0->007f6e sleep=0 local26=0000 ffd180=ff80->00539a sleep=0 local26=0200 ffd1c0=ff00->005660 sleep=0 local26=6202 ffd200=ff00->0056e4 sleep=0 local26=0000 ffd240=ff80->00539a sleep=0 local26=0200 ffd280=ff00->005660 sleep=0 local26=6202 ffd2c0=ff00->0056e4 sleep=0 local26=0000 ffd300=ff80->0086ee sleep=0 local26=0000 ffd340=ff80->0086ee sleep=0 local26=0000 ffdfc0=ffc0->00d5ca sleep=0 local26=0000
[  33.395]   [header-byte] write $ffa517 = 54 mask=00ff (pc=018446)
[  33.896]   [header-byte] write $ffa517 = 54 mask=00ff (pc=018446)
[  34.044] heartbeat frame=2040 tx=3026 rx=3309 fc=1 fd=10 fe=1 linkflag=82 pc=00028a a502=00 a524=0000 a525=00 a170=c2 a17f=00 txtail=00d2 rxpend=0000
[  34.044] [transport] captured=3026 flushed=3026 injected=3309 accepted=0 payload2=0 payload3=0 payload4=0 payload5=0 pump_reads=2013 bursts=624 txcredit=0 outq=0 inq=0 watchdog=8 txseq=70 rxseq=5f
[  34.044] [epochs] local=1 peer=1 ready=true discarded_rx=0
[  34.044] [tcb-continuations] ffa580=ff80->018392 sleep=0 local26=7710 ffa5c0=ff80->01853c sleep=0 local26=0800 ffd000=ffc0->00d454 sleep=0 local26=0000 ffd040=ffc0->00daca sleep=0 local26=0000 ffd080=ffc0->004f14 sleep=0 local26=0000 ffd0c0=ffc0->004f14 sleep=0 local26=0000 ffd100=ff80->006782 sleep=0 local26=0000 ffd140=ffc0->007f6e sleep=0 local26=0000 ffd180=ff80->00539a sleep=0 local26=0200 ffd1c0=ff00->005660 sleep=0 local26=ba02 ffd200=ff00->0056e4 sleep=0 local26=0000 ffd240=ff80->00539a sleep=0 local26=0200 ffd280=ff00->005660 sleep=0 local26=ba02 ffd2c0=ff00->0056e4 sleep=0 local26=0000 ffd300=ff80->0086ee sleep=0 local26=0000 ffd340=ff80->0086ee sleep=0 local26=0000 ffdfc0=ffc0->00d5ca sleep=0 local26=0000
[  34.398]   [header-byte] write $ffa517 = 54 mask=00ff (pc=018446)
[  34.897]   [header-byte] write $ffa517 = 54 mask=00ff (pc=018446)
[  35.045] heartbeat frame=2100 tx=3032 rx=3315 fc=1 fd=10 fe=1 linkflag=82 pc=00028a a502=00 a524=0000 a525=00 a170=c2 a17f=00 txtail=00d8 rxpend=0000
[  35.045] [transport] captured=3032 flushed=3032 injected=3315 accepted=0 payload2=0 payload3=0 payload4=0 payload5=0 pump_reads=2073 bursts=626 txcredit=0 outq=0 inq=0 watchdog=8 txseq=72 rxseq=61
[  35.045] [epochs] local=1 peer=1 ready=true discarded_rx=0
[  35.045] [tcb-continuations] ffa580=ff80->018392 sleep=0 local26=7710 ffa5c0=ff80->01853c sleep=0 local26=0800 ffd000=ffc0->00d454 sleep=0 local26=0000 ffd040=ffc0->00daca sleep=0 local26=0000 ffd080=ffc0->004f14 sleep=0 local26=0000 ffd0c0=ffc0->004f14 sleep=0 local26=0000 ffd100=ff80->006782 sleep=0 local26=0000 ffd140=ffc0->007f6e sleep=0 local26=0000 ffd180=ff80->00539a sleep=0 local26=0200 ffd1c0=ff00->005660 sleep=0 local26=1202 ffd200=ff00->0056e4 sleep=0 local26=0000 ffd240=ff80->00539a sleep=0 local26=0200 ffd280=ff00->005660 sleep=0 local26=1202 ffd2c0=ff00->0056e4 sleep=0 local26=0000 ffd300=ff80->0086ee sleep=0 local26=0000 ffd340=ff80->0086ee sleep=0 local26=0000 ffdfc0=ffc0->00d5ca sleep=0 local26=0000
[  35.397]   [header-byte] write $ffa517 = 54 mask=00ff (pc=018446)
[  35.899]   [header-byte] write $ffa517 = 54 mask=00ff (pc=018446)
[  36.046] heartbeat frame=2160 tx=3038 rx=3321 fc=1 fd=10 fe=1 linkflag=82 pc=00028a a502=00 a524=0000 a525=00 a170=c2 a17f=00 txtail=00de rxpend=0000
[  36.046] [transport] captured=3038 flushed=3038 injected=3321 accepted=0 payload2=0 payload3=0 payload4=0 payload5=0 pump_reads=2133 bursts=628 txcredit=0 outq=0 inq=0 watchdog=8 txseq=74 rxseq=63
[  36.046] [epochs] local=1 peer=1 ready=true discarded_rx=0
[  36.046] [tcb-continuations] ffa580=ff80->018392 sleep=0 local26=7710 ffa5c0=ff80->01853c sleep=0 local26=0800 ffd000=ffc0->00d454 sleep=0 local26=0000 ffd040=ffc0->00daca sleep=0 local26=0000 ffd080=ffc0->004f14 sleep=0 local26=0000 ffd0c0=ffc0->004f14 sleep=0 local26=0000 ffd100=ff80->006782 sleep=0 local26=0000 ffd140=ffc0->007f6e sleep=0 local26=0000 ffd180=ff80->00539a sleep=0 local26=0200 ffd1c0=ff00->005660 sleep=0 local26=6a02 ffd200=ff00->0056e4 sleep=0 local26=0000 ffd240=ff80->00539a sleep=0 local26=0200 ffd280=ff00->005660 sleep=0 local26=6a02 ffd2c0=ff00->0056e4 sleep=0 local26=0000 ffd300=ff80->0086ee sleep=0 local26=0000 ffd340=ff80->0086ee sleep=0 local26=0000 ffdfc0=ffc0->00d5ca sleep=0 local26=0000
[  36.399]   [header-byte] write $ffa517 = 54 mask=00ff (pc=018446)
[  36.900]   [header-byte] write $ffa517 = 54 mask=00ff (pc=018446)
[  36.933]   [header-byte] write $ffa517 = 54 mask=00ff (pc=018446)
[  36.933] [game-command] data=3838 mask=ff00 pc=00d470 requests=00
[  37.048] heartbeat frame=2220 tx=3049 rx=3332 fc=1 fd=10 fe=1 linkflag=82 pc=00028a a502=00 a524=0000 a525=00 a170=c2 a17f=00 txtail=00e9 rxpend=0000
[  37.048] [transport] captured=3049 flushed=3049 injected=3332 accepted=0 payload2=0 payload3=0 payload4=0 payload5=0 pump_reads=2193 bursts=631 txcredit=0 outq=0 inq=0 watchdog=6 txseq=77 rxseq=66
[  37.048] [epochs] local=1 peer=1 ready=true discarded_rx=0
[  37.048] [game-state] a142=04 a13e=04 a13f=0f a530=3822 a506=03 a507=01 a508=01 a7b0=3822 a7a6=9334 script=01a51a
[  37.048] [tcb-continuations] ffa580=ff80->018392 sleep=0 local26=7710 ffa5c0=ff80->01853c sleep=0 local26=0600 ffd000=ffc0->00d47c sleep=0 local26=0000 ffd040=ffc0->00daca sleep=0 local26=0000 ffd080=ffc0->004f30 sleep=0 local26=0000 ffd0c0=ffc0->004f30 sleep=0 local26=0000 ffd100=ff80->006782 sleep=0 local26=0000 ffd140=ffc0->007fb6 sleep=0 local26=0000 ffdfc0=ffc0->00d66e sleep=0 local26=0000
[  37.434]   [header-byte] write $ffa517 = 54 mask=00ff (pc=018446)
[  37.934]   [header-byte] write $ffa517 = 54 mask=00ff (pc=018446)
[  38.049] heartbeat frame=2280 tx=3055 rx=3338 fc=1 fd=10 fe=1 linkflag=82 pc=000288 a502=00 a524=0000 a525=00 a170=c2 a17f=00 txtail=00ef rxpend=0000
[  38.049] [transport] captured=3055 flushed=3055 injected=3338 accepted=0 payload2=0 payload3=0 payload4=0 payload5=0 pump_reads=2253 bursts=633 txcredit=0 outq=0 inq=0 watchdog=6 txseq=79 rxseq=68
[  38.049] [epochs] local=1 peer=1 ready=true discarded_rx=0
[  38.386] [game-command] data=f8f8 mask=ff00 pc=008022 requests=00
[  38.403] [game-command] data=0b0b mask=ff00 pc=00d49c requests=00
[  38.419]   [header-byte] write $ffa517 = 54 mask=00ff (pc=018446)
[  38.502]   [header-byte] write $ffa517 = 54 mask=00ff (pc=018446)
[  38.519]   [header-byte] write $ffa517 = 54 mask=00ff (pc=018446)
[  39.019]   [header-byte] write $ffa517 = 54 mask=00ff (pc=018446)
[  39.050] heartbeat frame=2340 tx=3092 rx=3378 fc=1 fd=10 fe=1 linkflag=82 pc=00028a a502=00 a524=0000 a525=00 a170=c2 a17f=00 txtail=0014 rxpend=0000
[  39.050] [transport] captured=3092 flushed=3092 injected=3378 accepted=0 payload2=0 payload3=0 payload4=0 payload5=0 pump_reads=2313 bursts=636 txcredit=0 outq=0 inq=0 watchdog=1 txseq=7c rxseq=6c
[  39.050] [epochs] local=1 peer=1 ready=true discarded_rx=0
[  39.050] [game-state] a142=04 a13e=04 a13f=0f a530=0b22 a506=0b a507=01 a508=01 a7b0=3822 a7a6=9334 script=01a51a
[  39.050] [tcb-continuations] ffa580=ff80->018392 sleep=0 local26=7710 ffa5c0=ff80->01853c sleep=0 local26=0600 ffd000=ffc0->00d4b4 sleep=0 local26=0000 ffd040=ffc0->00daca sleep=0 local26=0000 ffd080=ffc0->00504e sleep=0 local26=2100 ffd0c0=ffc0->00504e sleep=0 local26=2100 ffd100=ff80->006782 sleep=0 local26=0000 ffd140=ffc0->008082 sleep=0 local26=0319 ffd180=ff80->007944 sleep=0 local26=0000 ffd1c0=ff80->007d70 sleep=0 local26=0000 ffd200=ff80->007944 sleep=0 local26=0000 ffd240=ff80->007d70 sleep=0 local26=0000 ffdfc0=ffc0->00d6d0 sleep=0 local26=0000 ffe000=ff00->008362 sleep=0 local26=ffec ffe040=ff00->008362 sleep=0 local26=ffec ffe080=ff00->008362 sleep=0 local26=ffec ffe0c0=ff00->008362 sleep=0 local26=ffec ffe100=ff00->008362 sleep=0 local26=ffec ffe140=ff00->008362 sleep=0 local26=ffec ffe180=ff00->008362 sleep=0 local26=ffec ffe1c0=ff00->008362 sleep=0 local26=ffec ffe200=ff00->008362 sleep=0 local26=ffec ffe240=ff00->008362 sleep=0 local26=ffec ffe280=ff00->008362 sleep=0 local26=ffec ffe2c0=ff00->008362 sleep=0 local26=ffec ffe300=ff00->008362 sleep=0 local26=ffec ffe340=ff00->008362 sleep=0 local26=ffec ffe400=ff00->008362 sleep=0 local26=ffec ffe480=ff00->008362 sleep=0 local26=ffec ffe4c0=ff00->008362 sleep=0 local26=ffec ffe500=ff00->008362 sleep=0 local26=ffec ffe540=ff00->008362 sleep=0 local26=ffec ffe580=ff00->008362 sleep=0 local26=ffec ffe5c0=ff00->008362 sleep=0 local26=ffec ffe600=ff00->008362 sleep=0 local26=ffec ffe640=ff00->008362 sleep=0 local26=ffec ffe680=ff00->008362 sleep=0 local26=ffec ffe6c0=ff00->008362 sleep=0 local26=ffec ffe700=ff00->008362 sleep=0 local26=ffec ffe740=ff00->008362 sleep=0 local26=ffec ffe780=ff00->008362 sleep=0 local26=ffec ffe7c0=ff00->008362 sleep=0 local26=ffec
[  39.521]   [header-byte] write $ffa517 = 54 mask=00ff (pc=018446)
[  40.021]   [header-byte] write $ffa517 = 54 mask=00ff (pc=018446)
[  40.052] heartbeat frame=2400 tx=3098 rx=3384 fc=1 fd=10 fe=1 linkflag=82 pc=000288 a502=00 a524=0000 a525=00 a170=c2 a17f=00 txtail=001a rxpend=0000
[  40.052] [transport] captured=3098 flushed=3098 injected=3384 accepted=0 payload2=0 payload3=0 payload4=0 payload5=0 pump_reads=2373 bursts=638 txcredit=0 outq=0 inq=0 watchdog=1 txseq=7e rxseq=6e
[  40.052] [epochs] local=1 peer=1 ready=true discarded_rx=0
[  40.052] [tcb-continuations] ffa580=ff80->018392 sleep=0 local26=7710 ffa5c0=ff80->01853c sleep=0 local26=0600 ffd000=ffc0->00d4b4 sleep=0 local26=0000 ffd040=ffc0->00daca sleep=0 local26=0000 ffd080=ffc0->00504e sleep=0 local26=5d00 ffd0c0=ffc0->00504e sleep=0 local26=5d00 ffd100=ff80->006782 sleep=0 local26=0000 ffd140=ffc0->008082 sleep=0 local26=0319 ffd180=ff80->007944 sleep=0 local26=0000 ffd1c0=ff80->007d70 sleep=0 local26=0000 ffd200=ff80->007944 sleep=0 local26=0000 ffd240=ff80->007d70 sleep=0 local26=0000 ffdfc0=ffc0->00d6d0 sleep=0 local26=0000 ffe000=ff00->0070c2 sleep=0 local26=2000
[  40.521]   [header-byte] write $ffa517 = 54 mask=00ff (pc=018446)
[  41.022]   [header-byte] write $ffa517 = 54 mask=00ff (pc=018446)
[  41.053] heartbeat frame=2460 tx=3104 rx=3390 fc=1 fd=10 fe=1 linkflag=82 pc=000288 a502=00 a524=0000 a525=00 a170=c2 a17f=00 txtail=0020 rxpend=0000
[  41.053] [transport] captured=3104 flushed=3104 injected=3390 accepted=0 payload2=0 payload3=0 payload4=0 payload5=0 pump_reads=2433 bursts=640 txcredit=0 outq=0 inq=0 watchdog=1 txseq=80 rxseq=70
[  41.053] [epochs] local=1 peer=1 ready=true discarded_rx=0
[  41.053] [tcb-continuations] ffa580=ff80->018392 sleep=0 local26=7710 ffa5c0=ff80->01853c sleep=0 local26=0600 ffd000=ffc0->00d4b4 sleep=0 local26=0000 ffd040=ffc0->00daca sleep=0 local26=0000 ffd080=ffc0->00504e sleep=0 local26=9900 ffd0c0=ffc0->00504e sleep=0 local26=9900 ffd100=ff80->006782 sleep=0 local26=0000 ffd140=ffc0->008082 sleep=0 local26=0119 ffd180=ff80->007944 sleep=0 local26=0000 ffd1c0=ff80->007d70 sleep=0 local26=0000 ffd200=ff80->007944 sleep=0 local26=0000 ffd240=ff80->007d70 sleep=0 local26=0000 ffdfc0=ffc0->00d6d0 sleep=0 local26=0000 ffe000=ff00->0070c2 sleep=0 local26=2000
[  41.522]   [header-byte] write $ffa517 = 54 mask=00ff (pc=018446)
[  42.023]   [header-byte] write $ffa517 = 54 mask=00ff (pc=018446)
[  42.054] heartbeat frame=2520 tx=3110 rx=3396 fc=1 fd=10 fe=1 linkflag=82 pc=000288 a502=00 a524=0000 a525=00 a170=c2 a17f=00 txtail=0026 rxpend=0000
[  42.054] [transport] captured=3110 flushed=3110 injected=3396 accepted=0 payload2=0 payload3=0 payload4=0 payload5=0 pump_reads=2493 bursts=642 txcredit=0 outq=0 inq=0 watchdog=1 txseq=82 rxseq=72
[  42.054] [epochs] local=1 peer=1 ready=true discarded_rx=0
[  42.054] [tcb-continuations] ffa580=ff80->018392 sleep=0 local26=7710 ffa5c0=ff80->01853c sleep=0 local26=0600 ffd000=ffc0->00d4b4 sleep=0 local26=0000 ffd040=ffc0->00daca sleep=0 local26=0000 ffd080=ffc0->00504e sleep=0 local26=d500 ffd0c0=ffc0->00504e sleep=0 local26=d500 ffd100=ff80->006782 sleep=0 local26=0000 ffd140=ffc0->008082 sleep=0 local26=0019 ffd180=ff80->007944 sleep=0 local26=0001 ffd1c0=ff80->007d70 sleep=0 local26=0000 ffd200=ff80->007944 sleep=0 local26=0001 ffd240=ff80->007d70 sleep=0 local26=0000 ffdfc0=ffc0->00d6d0 sleep=0 local26=0000 ffe000=ff00->0070c2 sleep=0 local26=2000
[  42.357]   [header-byte] write $ffa517 = 54 mask=00ff (pc=018446)
[  42.374]   [header-byte] write $ffa517 = 54 mask=00ff (pc=018446)
[  42.490]   [header-byte] write $ffa517 = 54 mask=00ff (pc=018446)
[  43.055] heartbeat frame=2580 tx=3154 rx=3437 fc=1 fd=10 fe=1 linkflag=82 pc=000288 a502=00 a524=0000 a525=00 a170=c2 a17f=00 txtail=0052 rxpend=0000
[  43.055] [transport] captured=3154 flushed=3154 injected=3437 accepted=0 payload2=0 payload3=0 payload4=0 payload5=0 pump_reads=2553 bursts=646 txcredit=0 outq=0 inq=0 watchdog=33 txseq=86 rxseq=75
[  43.055] [epochs] local=1 peer=1 ready=true discarded_rx=0
[  43.055] [tcb-continuations] ffa580=ff80->018392 sleep=0 local26=7710 ffa5c0=ff80->01853c sleep=0 local26=0800 ffd000=ffc0->00d4b4 sleep=0 local26=0000 ffd040=ffc0->00daca sleep=0 local26=0000 ffd080=ffc0->00504e sleep=0 local26=2100 ffd0c0=ffc0->00504e sleep=0 local26=2100 ffd100=ff80->006782 sleep=0 local26=0000 ffd140=ffc0->008082 sleep=0 local26=00ff ffd180=ff00->007a24 sleep=0 local26=0101 ffd1c0=ff00->007a24 sleep=0 local26=0100 ffd200=ff00->007a24 sleep=0 local26=0101 ffd240=ff00->007a24 sleep=0 local26=0100 ffd280=ff80->007944 sleep=0 local26=0000 ffd2c0=ff80->007d70 sleep=0 local26=0000 ffd300=ff80->007944 sleep=0 local26=0000 ffd340=ff80->007d70 sleep=0 local26=0000 ffdfc0=ffc0->00d6d0 sleep=0 local26=0000 ffe000=ff00->0070c2 sleep=0 local26=2000 ffe040=ff00->0070c2 sleep=0 local26=4c00
[  44.057] heartbeat frame=2640 tx=3160 rx=3437 fc=1 fd=10 fe=1 linkflag=82 pc=000288 a502=00 a524=0000 a525=00 a170=c2 a17f=00 txtail=0058 rxpend=0000
[  44.057] [transport] captured=3160 flushed=3160 injected=3437 accepted=0 payload2=0 payload3=0 payload4=0 payload5=0 pump_reads=2613 bursts=648 txcredit=0 outq=0 inq=0 watchdog=93 txseq=88 rxseq=75
[  44.057] [epochs] local=1 peer=1 ready=true discarded_rx=0
[  44.057] [tcb-continuations] ffa580=ff80->018392 sleep=0 local26=7710 ffa5c0=ff80->01853c sleep=0 local26=0800 ffd000=ffc0->00d4b4 sleep=0 local26=0000 ffd040=ffc0->00daca sleep=0 local26=0000 ffd080=ffc0->00504e sleep=0 local26=5d00 ffd0c0=ffc0->00504e sleep=0 local26=5d00 ffd100=ff80->006782 sleep=0 local26=0000 ffd140=ffc0->008082 sleep=0 local26=00ff ffd280=ff80->007944 sleep=0 local26=0000 ffd2c0=ff80->007d70 sleep=0 local26=0000 ffd300=ff80->007944 sleep=0 local26=0000 ffd340=ff80->007d70 sleep=0 local26=0000 ffdfc0=ffc0->00d6d0 sleep=0 local26=0000 ffe040=ff00->0070c2 sleep=0 local26=4c00
[  44.159]   [header-byte] write $ffa517 = 54 mask=00ff (pc=018446)
[  44.645]   [header-byte] write $ffa517 = 54 mask=00ff (pc=018446)
[  45.058] heartbeat frame=2700 tx=3166 rx=3443 fc=1 fd=10 fe=1 linkflag=82 pc=00028a a502=00 a524=0000 a525=00 a170=c2 a17f=00 txtail=005e rxpend=0000
[  45.058] [transport] captured=3166 flushed=3166 injected=3443 accepted=0 payload2=0 payload3=0 payload4=0 payload5=0 pump_reads=2673 bursts=650 txcredit=0 outq=0 inq=0 watchdog=24 txseq=8a rxseq=77
[  45.058] [epochs] local=1 peer=1 ready=true discarded_rx=0
[  45.058] [tcb-continuations] ffa580=ff80->018392 sleep=0 local26=7710 ffa5c0=ff80->01853c sleep=0 local26=0800 ffd000=ffc0->00d4b4 sleep=0 local26=0000 ffd040=ffc0->00daca sleep=0 local26=0000 ffd080=ffc0->00504e sleep=0 local26=9900 ffd0c0=ffc0->00504e sleep=0 local26=9900 ffd100=ff80->006782 sleep=0 local26=0000 ffd140=ffc0->008082 sleep=0 local26=0311 ffd280=ff80->007944 sleep=0 local26=0000 ffd2c0=ff80->007d70 sleep=0 local26=0000 ffd300=ff80->007944 sleep=0 local26=0001 ffd340=ff80->007d70 sleep=0 local26=0000 ffdfc0=ffc0->00d6d0 sleep=0 local26=0000 ffe040=ff00->0070c2 sleep=0 local26=4c00
[  45.144]   [header-byte] write $ffa517 = 54 mask=00ff (pc=018446)
[  45.645]   [header-byte] write $ffa517 = 54 mask=00ff (pc=018446)
[  46.059] heartbeat frame=2760 tx=3193 rx=3449 fc=1 fd=10 fe=1 linkflag=82 pc=00028a a502=00 a524=0000 a525=00 a170=c2 a17f=00 txtail=0079 rxpend=0000
[  46.059] [transport] captured=3193 flushed=3193 injected=3449 accepted=0 payload2=0 payload3=0 payload4=0 payload5=0 pump_reads=2733 bursts=653 txcredit=0 outq=0 inq=0 watchdog=24 txseq=8d rxseq=79
[  46.059] [epochs] local=1 peer=1 ready=true discarded_rx=0
[  46.059] [tcb-continuations] ffa580=ff80->018392 sleep=0 local26=7710 ffa5c0=ff80->01853c sleep=0 local26=0a00 ffd000=ffc0->00d4b4 sleep=0 local26=0000 ffd040=ffc0->00daca sleep=0 local26=0000 ffd080=ffc0->00504e sleep=0 local26=d500 ffd0c0=ffc0->00504e sleep=0 local26=0500 ffd100=ff80->006782 sleep=0 local26=0000 ffd140=ffc0->008082 sleep=0 local26=0311 ffd180=ff80->007944 sleep=0 local26=0000 ffd1c0=ff80->007d70 sleep=0 local26=0000 ffd280=ff80->0079d4 sleep=0 local26=0001 ffd2c0=ff00->0079fe sleep=21 local26=0000 ffd300=ff00->0079fe sleep=4 local26=0001 ffd340=ff00->0079fe sleep=5 local26=0000 ffdfc0=ffc0->00d6d0 sleep=0 local26=0000
[  46.145]   [header-byte] write $ffa517 = 54 mask=00ff (pc=018446)
[  46.646]   [header-byte] write $ffa517 = 54 mask=00ff (pc=018446)
[  46.981]   [header-byte] write $ffa517 = 54 mask=00ff (pc=018446)
[  46.996]   [header-byte] write $ffa517 = 54 mask=00ff (pc=018446)
[  47.061] heartbeat frame=2820 tx=3220 rx=3489 fc=1 fd=10 fe=1 linkflag=82 pc=00028a a502=00 a524=0000 a525=00 a170=c2 a17f=00 txtail=0094 rxpend=0000
[  47.061] [transport] captured=3220 flushed=3220 injected=3489 accepted=0 payload2=0 payload3=0 payload4=0 payload5=0 pump_reads=2793 bursts=656 txcredit=0 outq=0 inq=0 watchdog=3 txseq=90 rxseq=7d
[  47.061] [epochs] local=1 peer=1 ready=true discarded_rx=0
[  47.061] [tcb-continuations] ffa580=ff80->018392 sleep=0 local26=7710 ffa5c0=ff80->01853c sleep=0 local26=1000 ffd000=ffc0->00d4b4 sleep=0 local26=0000 ffd040=ffc0->00daca sleep=0 local26=0000 ffd080=ffc0->00504e sleep=0 local26=2900 ffd0c0=ffc0->00504e sleep=0 local26=4100 ffd100=ff80->006782 sleep=0 local26=0000 ffd140=ffc0->008082 sleep=0 local26=0211 ffd180=ff80->007944 sleep=0 local26=0000 ffd1c0=ff80->007d70 sleep=0 local26=0000 ffd200=ff80->007944 sleep=0 local26=0000 ffd240=ff80->007d70 sleep=0 local26=0000 ffdfc0=ffc0->00d6d0 sleep=0 local26=0000
[  47.113]   [header-byte] write $ffa517 = 54 mask=00ff (pc=018446)
[  47.614]   [header-byte] write $ffa517 = 54 mask=00ff (pc=018446)
[  48.062] heartbeat frame=2880 tx=3226 rx=3499 fc=1 fd=10 fe=1 linkflag=82 pc=000288 a502=00 a524=0000 a525=00 a170=c2 a17f=00 txtail=009a rxpend=0000
[  48.062] [transport] captured=3226 flushed=3226 injected=3499 accepted=0 payload2=0 payload3=0 payload4=0 payload5=0 pump_reads=2853 bursts=658 txcredit=0 outq=0 inq=0 watchdog=26 txseq=92 rxseq=7f
[  48.062] [epochs] local=1 peer=1 ready=true discarded_rx=0
[  48.062] [tcb-continuations] ffa580=ff80->018392 sleep=0 local26=7710 ffa5c0=ff80->01853c sleep=0 local26=1000 ffd000=ffc0->00d4b4 sleep=0 local26=0000 ffd040=ffc0->00daca sleep=0 local26=0000 ffd080=ffc0->00504e sleep=0 local26=6500 ffd0c0=ffc0->00504e sleep=0 local26=7d00 ffd100=ff80->006782 sleep=0 local26=0000 ffd140=ffc0->008082 sleep=0 local26=0111 ffd180=ff80->007944 sleep=0 local26=0001 ffd1c0=ff80->007d70 sleep=0 local26=0000 ffd200=ff80->007944 sleep=0 local26=0000 ffd240=ff80->007d70 sleep=0 local26=0000 ffdfc0=ffc0->00d6d0 sleep=0 local26=0000
[  48.114]   [header-byte] write $ffa517 = 54 mask=00ff (pc=018446)
[  48.632]   [header-byte] write $ffa517 = 54 mask=00ff (pc=018446)
[  49.063] heartbeat frame=2940 tx=3256 rx=3505 fc=1 fd=10 fe=1 linkflag=82 pc=000288 a502=00 a524=0000 a525=00 a170=c2 a17f=00 txtail=00b8 rxpend=0000
[  49.063] [transport] captured=3256 flushed=3256 injected=3505 accepted=0 payload2=0 payload3=0 payload4=0 payload5=0 pump_reads=2913 bursts=662 txcredit=0 outq=0 inq=0 watchdog=25 txseq=96 rxseq=81
[  49.063] [epochs] local=1 peer=1 ready=true discarded_rx=0
[  49.063] [tcb-continuations] ffa580=ff80->018392 sleep=0 local26=7710 ffa5c0=ff80->01853c sleep=0 local26=0600 ffd000=ffc0->00d4b4 sleep=0 local26=0000 ffd040=ffc0->00daca sleep=0 local26=0000 ffd080=ffc0->00504e sleep=0 local26=a100 ffd0c0=ffc0->00504e sleep=0 local26=0100 ffd100=ff80->006782 sleep=0 local26=0000 ffd140=ffc0->008082 sleep=0 local26=0011 ffd180=ff00->0079fe sleep=9 local26=0001 ffd1c0=ff00->0079fe sleep=1 local26=0000 ffd200=ff80->007944 sleep=0 local26=0000 ffd240=ff80->007d70 sleep=0 local26=0000 ffd280=ff80->007944 sleep=0 local26=0000 ffd2c0=ff80->007d70 sleep=0 local26=0000 ffdfc0=ffc0->00d6d0 sleep=0 local26=0000 ffe000=ff00->0070c2 sleep=0 local26=2000
[  49.116]   [header-byte] write $ffa517 = 54 mask=00ff (pc=018446)
[  49.616]   [header-byte] write $ffa517 = 54 mask=00ff (pc=018446)
[  50.050]   [header-byte] write $ffa517 = 54 mask=00ff (pc=018446)
[  50.064] heartbeat frame=3000 tx=3262 rx=3528 fc=1 fd=10 fe=1 linkflag=82 pc=000288 a502=00 a524=0000 a525=00 a170=c2 a17f=00 txtail=00be rxpend=0000
[  50.064] [transport] captured=3262 flushed=3262 injected=3528 accepted=0 payload2=0 payload3=0 payload4=0 payload5=0 pump_reads=2973 bursts=664 txcredit=0 outq=0 inq=17 watchdog=0 txseq=98 rxseq=84
[  50.064] [epochs] local=1 peer=1 ready=true discarded_rx=0
[  50.064] [tcb-continuations] ffa580=ff80->018392 sleep=0 local26=7710 ffa5c0=ff80->01853c sleep=0 local26=0600 ffd000=ffc0->00d4b4 sleep=0 local26=0000 ffd040=ffc0->00daca sleep=0 local26=0000 ffd080=ffc0->00504e sleep=0 local26=dd00 ffd0c0=ffc0->00504e sleep=0 local26=3d00 ffd100=ff80->006782 sleep=0 local26=0000 ffd140=ffc0->008082 sleep=0 local26=0011 ffd200=ff80->007944 sleep=0 local26=0001 ffd240=ff80->007d70 sleep=0 local26=0000 ffd280=ff80->007944 sleep=0 local26=0000 ffd2c0=ff80->007d70 sleep=0 local26=0000 ffdfc0=ffc0->00d6d0 sleep=0 local26=0000 ffe000=ff00->0070c2 sleep=0 local26=2000
[  50.067]   [header-byte] write $ffa517 = 54 mask=00ff (pc=018446)
[  50.184]   [header-byte] write $ffa517 = 54 mask=00ff (pc=018446)
[  50.684]   [header-byte] write $ffa517 = 54 mask=00ff (pc=018446)
[  51.066] heartbeat frame=3060 tx=3289 rx=3555 fc=1 fd=10 fe=1 linkflag=82 pc=000288 a502=00 a524=0000 a525=00 a170=c2 a17f=00 txtail=00d9 rxpend=0000
[  51.066] [transport] captured=3289 flushed=3289 injected=3555 accepted=0 payload2=0 payload3=0 payload4=0 payload5=0 pump_reads=3033 bursts=667 txcredit=0 outq=0 inq=0 watchdog=22 txseq=9b rxseq=87
[  51.066] [epochs] local=1 peer=1 ready=true discarded_rx=0
[  51.066] [tcb-continuations] ffa580=ff80->018392 sleep=0 local26=7710 ffa5c0=ff80->01853c sleep=0 local26=1000 ffd000=ffc0->00d4b4 sleep=0 local26=0000 ffd040=ffc0->00daca sleep=0 local26=0000 ffd080=ffc0->00504e sleep=0 local26=2900 ffd0c0=ffc0->00504e sleep=0 local26=7900 ffd100=ff80->006782 sleep=0 local26=0000 ffd140=ffc0->008082 sleep=0 local26=00ff ffd180=ff80->007944 sleep=0 local26=0000 ffd1c0=ff80->007d70 sleep=0 local26=0000 ffd280=ff80->007944 sleep=0 local26=0001 ffd2c0=ff80->007d70 sleep=0 local26=0000 ffdfc0=ffc0->00d6d0 sleep=0 local26=0000
[  51.185]   [header-byte] write $ffa517 = 54 mask=00ff (pc=018446)
[  51.685]   [header-byte] write $ffa517 = 54 mask=00ff (pc=018446)
[  52.067] heartbeat frame=3120 tx=3319 rx=3561 fc=1 fd=10 fe=1 linkflag=82 pc=00028a a502=00 a524=0000 a525=00 a170=c2 a17f=00 txtail=00f7 rxpend=0000
[  52.067] [transport] captured=3319 flushed=3319 injected=3561 accepted=0 payload2=0 payload3=0 payload4=0 payload5=0 pump_reads=3093 bursts=671 txcredit=0 outq=0 inq=0 watchdog=22 txseq=9f rxseq=89
[  52.067] [epochs] local=1 peer=1 ready=true discarded_rx=0
[  52.067] [tcb-continuations] ffa580=ff80->018392 sleep=0 local26=7710 ffa5c0=ff80->01853c sleep=0 local26=0400 ffd000=ffc0->00d4b4 sleep=0 local26=0000 ffd040=ffc0->00daca sleep=0 local26=0000 ffd080=ffc0->00504e sleep=0 local26=6500 ffd0c0=ffc0->00504e sleep=0 local26=1d00 ffd100=ff80->006782 sleep=0 local26=0000 ffd140=ffc0->008082 sleep=0 local26=0304 ffd180=ff80->007944 sleep=0 local26=0000 ffd1c0=ff80->007d70 sleep=0 local26=0000 ffd200=ff80->007944 sleep=0 local26=0000 ffd240=ff80->007d70 sleep=0 local26=0000 ffd280=ff00->007a24 sleep=0 local26=0201 ffdfc0=ffc0->00d6d0 sleep=0 local26=0000 ffe000=ff00->0070c2 sleep=0 local26=4c00
[  52.186]   [header-byte] write $ffa517 = 54 mask=00ff (pc=018446)
[  52.587]   [header-byte] write $ffa517 = 54 mask=00ff (pc=018446)
[  52.604]   [header-byte] write $ffa517 = 54 mask=00ff (pc=018446)
[  52.721]   [header-byte] write $ffa517 = 54 mask=00ff (pc=018446)
[  53.068] heartbeat frame=3180 tx=3325 rx=3605 fc=1 fd=10 fe=1 linkflag=82 pc=00028a a502=00 a524=0000 a525=00 a170=c2 a17f=00 txtail=00fd rxpend=0000
[  53.068] [transport] captured=3325 flushed=3325 injected=3605 accepted=0 payload2=0 payload3=0 payload4=0 payload5=0 pump_reads=3153 bursts=673 txcredit=0 outq=0 inq=0 watchdog=20 txseq=a1 rxseq=8d
[  53.068] [epochs] local=1 peer=1 ready=true discarded_rx=0
[  53.068] [tcb-continuations] ffa580=ff80->018392 sleep=0 local26=7710 ffa5c0=ff80->01853c sleep=0 local26=0400 ffd000=ffc0->00d4b4 sleep=0 local26=0000 ffd040=ffc0->00daca sleep=0 local26=0000 ffd080=ffc0->00504e sleep=0 local26=a100 ffd0c0=ffc0->00504e sleep=0 local26=5900 ffd100=ff80->006782 sleep=0 local26=0000 ffd140=ffc0->008082 sleep=0 local26=0304 ffd180=ff80->007944 sleep=0 local26=0001 ffd1c0=ff80->007d70 sleep=0 local26=0000 ffd200=ff80->007944 sleep=0 local26=0001 ffd240=ff80->007d70 sleep=0 local26=0000 ffdfc0=ffc0->00d6d0 sleep=0 local26=0000 ffe000=ff00->0070c2 sleep=0 local26=4c00
[  53.221]   [header-byte] write $ffa517 = 54 mask=00ff (pc=018446)
[  53.722]   [header-byte] write $ffa517 = 54 mask=00ff (pc=018446)
[  54.070] heartbeat frame=3240 tx=3387 rx=3611 fc=1 fd=10 fe=1 linkflag=82 pc=00028a a502=00 a524=0000 a525=00 a170=c2 a17f=00 txtail=003b rxpend=0000
[  54.070] [transport] captured=3387 flushed=3387 injected=3611 accepted=0 payload2=0 payload3=0 payload4=0 payload5=0 pump_reads=3213 bursts=677 txcredit=0 outq=0 inq=0 watchdog=20 txseq=a5 rxseq=8f
[  54.070] [epochs] local=1 peer=1 ready=true discarded_rx=0
[  54.070] [tcb-continuations] ffa580=ff80->018392 sleep=0 local26=7710 ffa5c0=ff80->01853c sleep=0 local26=1a00 ffd000=ffc0->00d4b4 sleep=0 local26=0000 ffd040=ffc0->00daca sleep=0 local26=0000 ffd080=ffc0->00504e sleep=0 local26=1500 ffd0c0=ffc0->00504e sleep=0 local26=1d00 ffd100=ff80->006782 sleep=0 local26=0000 ffd140=ffc0->008082 sleep=0 local26=0204 ffd180=ff00->007a24 sleep=0 local26=0401 ffd1c0=ff00->007a24 sleep=0 local26=0200 ffd200=ff00->007a24 sleep=0 local26=0201 ffd280=ff80->007944 sleep=0 local26=0001 ffd2c0=ff80->007d70 sleep=0 local26=0000 ffd300=ff80->007944 sleep=0 local26=0000 ffd340=ff80->007d70 sleep=0 local26=0000 ffdfc0=ffc0->00d6d0 sleep=0 local26=0000 ffe000=ff00->0070c2 sleep=0 local26=4c00
[  54.222]   [header-byte] write $ffa517 = 54 mask=00ff (pc=018446)
[  54.590]   [header-byte] write $ffa517 = 54 mask=00ff (pc=018446)
[  54.606]   [header-byte] write $ffa517 = 54 mask=00ff (pc=018446)
[  54.723]   [header-byte] write $ffa517 = 54 mask=00ff (pc=018446)
[  54.909] [game-command] data=2b2b mask=ff00 pc=00c030 requests=00
[  55.071] heartbeat frame=3300 tx=3422 rx=3655 fc=1 fd=10 fe=1 linkflag=82 pc=00028a a502=00 a524=0000 a525=00 a170=c2 a17f=00 txtail=005e rxpend=0000
[  55.071] [transport] captured=3422 flushed=3422 injected=3655 accepted=0 payload2=0 payload3=0 payload4=0 payload5=0 pump_reads=3273 bursts=682 txcredit=0 outq=0 inq=0 watchdog=20 txseq=aa rxseq=93
[  55.071] [epochs] local=1 peer=1 ready=true discarded_rx=0
[  55.071] [game-state] a142=04 a13e=04 a13f=0f a530=2b22 a506=0b a507=01 a508=01 a7b0=3822 a7a6=9334 script=01a51a
[  55.071] [tcb-continuations] ffa580=ff80->018392 sleep=0 local26=7710 ffa5c0=ff80->01853c sleep=0 local26=0900 ffd000=ffc0->00d4b4 sleep=0 local26=0000 ffd040=ffc0->00daca sleep=0 local26=0000 ffd080=ffc0->00504e sleep=0 local26=5100 ffd0c0=ffc0->00bdcc sleep=0 local26=0007 ffd100=ff80->006782 sleep=0 local26=0000 ffd140=ffc0->008082 sleep=0 local26=0204 ffd180=ff80->00ce50 sleep=0 local26=0000 ffd1c0=ff80->00cea4 sleep=26 local26=001a ffd200=ff80->00cea4 sleep=6 local26=001a ffd240=ff80->00cec4 sleep=0 local26=001a ffd300=ff80->007944 sleep=0 local26=0000 ffd340=ff80->007d70 sleep=0 local26=0000 ffd380=ff80->00cec4 sleep=0 local26=001a ffd3c0=ff80->00cea4 sleep=10 local26=001a ffd400=ff80->00cea4 sleep=22 local26=001a ffd440=ff80->00449a sleep=0 local26=0001 ffdfc0=ffc0->00d6d0 sleep=0 local26=0000 ffe000=ff00->0070c2 sleep=0 local26=4c00
[  55.224]   [header-byte] write $ffa517 = 54 mask=00ff (pc=018446)
[  55.725]   [header-byte] write $ffa517 = 54 mask=00ff (pc=018446)
[  55.925]   [header-byte] write $ffa517 = 54 mask=00ff (pc=018446)
[  55.942]   [header-byte] write $ffa517 = 54 mask=00ff (pc=018446)
[  56.060]   [header-byte] write $ffa517 = 54 mask=00ff (pc=018446)
[  56.072] heartbeat frame=3360 tx=3428 rx=3702 fc=1 fd=10 fe=1 linkflag=82 pc=000288 a502=00 a524=0000 a525=00 a170=c2 a17f=00 txtail=0064 rxpend=0000
[  56.072] [transport] captured=3428 flushed=3428 injected=3702 accepted=0 payload2=0 payload3=0 payload4=0 payload5=0 pump_reads=3333 bursts=684 txcredit=0 outq=0 inq=0 watchdog=0 txseq=ac rxseq=98
[  56.072] [epochs] local=1 peer=1 ready=true discarded_rx=0
[  56.072] [tcb-continuations] ffa580=ff80->018392 sleep=0 local26=7710 ffa5c0=ff80->01853c sleep=0 local26=0900 ffd000=ffc0->00d4b4 sleep=0 local26=0000 ffd040=ffc0->00daca sleep=0 local26=0000 ffd080=ffc0->00504e sleep=0 local26=8d00 ffd0c0=ffc0->00bdcc sleep=0 local26=0004 ffd100=ff80->006782 sleep=0 local26=0000 ffd140=ffc0->008082 sleep=0 local26=0104 ffd1c0=ff80->00cec4 sleep=0 local26=0012 ffd200=ff80->00cec4 sleep=0 local26=0004 ffd300=ff80->007944 sleep=0 local26=0001 ffd340=ff80->007d70 sleep=0 local26=0000 ffd3c0=ff80->00cec4 sleep=0 local26=0807 ffd400=ff80->00cec4 sleep=0 local26=0010 ffd440=ff80->00449a sleep=0 local26=0001 ffdfc0=ffc0->00d6d0 sleep=0 local26=0000
[  56.142]   [header-byte] write $ffa517 = 54 mask=00ff (pc=018446)
[  56.142] [game-command] data=6b6b mask=ff00 pc=00e190 requests=00
[  56.162] [game-command] data=1d1d mask=ff00 pc=00db3c requests=00
[  56.162] [game-command] data=3030 mask=00ff pc=00db50 requests=00
[  56.162]   [menu-state] write $ffa170 = e2e2 mask=ff00 (pc=00dc36)
[  56.162]   [menu-state] write $ffa176 = 0000 mask=ff00 (pc=01afde)
[  56.162]   [header-byte] write $ffa513 = 00 mask=00ff (pc=01afe6)
[  56.162]   [header-byte] write $ffa513 = 10 mask=00ff (pc=01affe)
[  56.162]   [header-byte] write $ffa513 = 14 mask=00ff (pc=01b044)
[  56.230]   [header-byte] write $ffa517 = 14 mask=00ff (pc=018446)
[  56.309] [game-command] data=0d0d mask=ff00 pc=00dccc requests=00
[  56.375]   [header-byte] write $ffa517 = 14 mask=00ff (pc=018446)
[  56.876]   [header-byte] write $ffa517 = 14 mask=00ff (pc=018446)
[  57.073] heartbeat frame=3420 tx=3514 rx=3737 fc=1 fd=10 fe=1 linkflag=82 pc=00028a a502=00 a524=0000 a525=00 a170=e2 a17f=00 txtail=00ba rxpend=0000
[  57.073] [transport] captured=3514 flushed=3514 injected=3737 accepted=0 payload2=0 payload3=0 payload4=0 payload5=0 pump_reads=3393 bursts=691 txcredit=0 outq=0 inq=0 watchdog=11 txseq=b3 rxseq=9c
[  57.073] [epochs] local=1 peer=1 ready=true discarded_rx=0
[  57.073] [game-state] a142=04 a13e=04 a13f=0f a530=0d30 a506=0c a507=01 a508=01 a7b0=3822 a7a6=9334 script=01a51a
[  57.073] [tcb-continuations] ffa580=ff80->018392 sleep=0 local26=7710 ffa5c0=ff80->01853c sleep=0 local26=0100 ffd000=ffc0->00d4b4 sleep=0 local26=0000 ffd040=ffc0->00dd2e sleep=0 local26=0000 ffd080=ffc0->00e1c8 sleep=0 local26=9100 ffd0c0=ffc0->00c426 sleep=97 local26=0000 ffd100=ff80->006782 sleep=0 local26=0000 ffd140=ffc0->00ca8a sleep=0 local26=0020 ffd180=ff40->00e4e8 sleep=0 local26=0000 ffd440=ff80->00449a sleep=0 local26=0001 ffdfc0=ffc0->00d6d0 sleep=0 local26=0000 ffe000=ff00->00e508 sleep=0 local26=0000 ffe040=ff00->00e508 sleep=0 local26=0000 ffe080=ff00->00e508 sleep=0 local26=0000 ffe0c0=ff00->00e508 sleep=0 local26=0000 ffe100=ff00->00e508 sleep=0 local26=0000 ffe140=ff00->00e508 sleep=0 local26=0000 ffe180=ff00->00e508 sleep=0 local26=0000 ffe1c0=ff00->00e508 sleep=0 local26=0000 ffe200=ff00->0070c2 sleep=0 local26=4100 ffe240=ff00->00e508 sleep=0 local26=0000 ffe280=ff00->00e508 sleep=0 local26=0000 ffe2c0=ff00->00e508 sleep=0 local26=0000 ffe300=ff00->00e508 sleep=0 local26=0000 ffe340=ff00->00e508 sleep=0 local26=0000 ffe380=ff00->00e508 sleep=0 local26=0000 ffe3c0=ff00->00e508 sleep=0 local26=0000 ffe400=ff00->00e508 sleep=0 local26=0000 ffe440=ff00->00e508 sleep=0 local26=0000 ffe480=ff00->00e508 sleep=0 local26=0000 ffe4c0=ff00->00e508 sleep=0 local26=0000 ffe500=ff00->00e508 sleep=0 local26=0000 ffe540=ff00->00e508 sleep=0 local26=0000 ffe580=ff00->00e508 sleep=0 local26=0000 ffe5c0=ff00->00e508 sleep=0 local26=0000 ffe600=ff00->00e508 sleep=0 local26=0000 ffe640=ff00->00e508 sleep=0 local26=0000 ffe680=ff00->00e508 sleep=0 local26=0000 ffe6c0=ff00->00e508 sleep=0 local26=0000 ffe700=ff00->00e508 sleep=0 local26=0000 ffe740=ff00->00e508 sleep=0 local26=0000 ffe780=ff00->00e508 sleep=0 local26=0000 ffe7c0=ff00->00e508 sleep=0 local26=0000 ffe800=ff00->00e508 sleep=0 local26=0000
[  57.377]   [header-byte] write $ffa517 = 14 mask=00ff (pc=018446)
[  57.744]   [header-byte] write $ffa517 = 14 mask=00ff (pc=018446)
[  57.761]   [header-byte] write $ffa517 = 14 mask=00ff (pc=018446)
[  57.777]   [header-byte] write $ffa517 = 14 mask=00ff (pc=018446)
[  57.795]   [header-byte] write $ffa517 = 14 mask=00ff (pc=018446)
[  57.811]   [header-byte] write $ffa517 = 14 mask=00ff (pc=018446)
[  57.827]   [header-byte] write $ffa517 = 14 mask=00ff (pc=018446)
[  58.075] heartbeat frame=3480 tx=3520 rx=3842 fc=1 fd=10 fe=1 linkflag=82 pc=000288 a502=00 a524=0000 a525=00 a170=e2 a17f=00 txtail=00c0 rxpend=0000
[  58.075] [transport] captured=3520 flushed=3520 injected=3842 accepted=0 payload2=0 payload3=0 payload4=0 payload5=0 pump_reads=3453 bursts=693 txcredit=0 outq=0 inq=0 watchdog=14 txseq=b5 rxseq=a3
[  58.075] [epochs] local=1 peer=1 ready=true discarded_rx=0
[  58.075] [tcb-continuations] ffa580=ff80->018392 sleep=0 local26=7710 ffa5c0=ff80->01853c sleep=0 local26=0100 ffd000=ffc0->00d4b4 sleep=0 local26=0000 ffd040=ffc0->00dde6 sleep=0 local26=0000 ffd080=ffc0->00c426 sleep=125 local26=9100 ffd0c0=ffc0->00c426 sleep=37 local26=0000 ffd100=ffc0->00cd98 sleep=0 local26=0000 ffd140=ffc0->00ca8a sleep=0 local26=0005 ffd180=ffc0->00ca24 sleep=0 local26=0000 ffd1c0=ff40->00c880 sleep=0 local26=0000 ffd200=ff40->00c880 sleep=0 local26=0000 ffd240=ff40->00c880 sleep=0 local26=0000 ffd280=ff40->00c880 sleep=0 local26=0000 ffd2c0=ff40->00c880 sleep=0 local26=0000 ffd300=ff40->00c880 sleep=0 local26=0000 ffd340=ff40->00c880 sleep=0 local26=0000 ffd380=ff40->00c880 sleep=0 local26=0000 ffd3c0=ff40->00c880 sleep=0 local26=0000 ffd400=ff40->00c880 sleep=0 local26=0000 ffd440=ff40->00c880 sleep=0 local26=0000 ffd480=ff40->00c880 sleep=0 local26=0000 ffd4c0=ff40->00c880 sleep=0 local26=0000 ffd500=ff40->00c880 sleep=0 local26=0000 ffd540=ff40->00c880 sleep=0 local26=0000 ffd580=ff40->00c880 sleep=0 local26=0000 ffd5c0=ff40->00c880 sleep=0 local26=0000 ffd600=ff40->00c880 sleep=0 local26=0000 ffd640=ff40->00c880 sleep=0 local26=0000 ffd680=ff40->00c880 sleep=0 local26=0000 ffd6c0=ff40->00c880 sleep=0 local26=0000 ffd700=ff40->00c880 sleep=0 local26=0000 ffd740=ff40->00c880 sleep=0 local26=0000 ffd780=ff40->00c880 sleep=0 local26=0000 ffd7c0=ff40->00c880 sleep=0 local26=0000 ffd800=ff40->00c880 sleep=0 local26=0000 ffd840=ff40->00c880 sleep=0 local26=0000 ffd880=ff40->00c880 sleep=0 local26=0000 ffd8c0=ff40->00c880 sleep=0 local26=0000 ffd900=ff40->00c880 sleep=0 local26=0000 ffd940=ff40->00c880 sleep=0 local26=0000 ffd980=ff40->00c880 sleep=0 local26=0000 ffdfc0=ffc0->00d6d0 sleep=0 local26=0000
[  58.327]   [header-byte] write $ffa517 = 14 mask=00ff (pc=018446)
[  58.661]   [header-byte] write $ffa517 = 14 mask=00ff (pc=018446)
[  58.963] [game-command] data=4c4c mask=ff00 pc=00dec6 requests=00
[  59.076] heartbeat frame=3540 tx=3528 rx=3850 fc=1 fd=10 fe=1 linkflag=82 pc=00028a a502=00 a524=0000 a525=00 a170=e2 a17f=00 txtail=00c8 rxpend=0000
[  59.076] [transport] captured=3528 flushed=3528 injected=3850 accepted=0 payload2=0 payload3=0 payload4=0 payload5=0 pump_reads=3513 bursts=695 txcredit=0 outq=0 inq=0 watchdog=24 txseq=b7 rxseq=a5
[  59.076] [epochs] local=1 peer=1 ready=true discarded_rx=0
[  59.076] [game-state] a142=04 a13e=04 a13f=0f a530=4c30 a506=0c a507=01 a508=01 a7b0=3822 a7a6=9334 script=01a51a
[  59.076] [tcb-continuations] ffa580=ff80->018392 sleep=0 local26=7710 ffa5c0=ff80->01853c sleep=0 local26=0600 ffd000=ffc0->00d4b4 sleep=0 local26=0000 ffd040=ffc0->00df7a sleep=0 local26=0000 ffd080=ffc0->00c426 sleep=65 local26=9100 ffd0c0=ffc0->00c4c6 sleep=0 local26=0000 ffd100=ffc0->00cd98 sleep=0 local26=0000 ffd140=ffc0->00cb5c sleep=0 local26=0012 ffd180=ffc0->00cb5c sleep=0 local26=0000 ffd9c0=ff80->01505a sleep=0 local26=0000 ffda00=ff80->01510e sleep=0 local26=0000 ffda40=ff80->0086ee sleep=0 local26=0000 ffda80=ff80->00c936 sleep=54 local26=0000 ffdfc0=ffc0->00d6d0 sleep=0 local26=0000
[  59.162]   [header-byte] write $ffa517 = 14 mask=00ff (pc=018446)
[  59.664]   [header-byte] write $ffa517 = 14 mask=00ff (pc=018446)
[  60.077] heartbeat frame=3600 tx=3534 rx=3856 fc=1 fd=10 fe=1 linkflag=82 pc=00028a a502=00 a524=0000 a525=00 a170=e2 a17f=00 txtail=00ce rxpend=0000
[  60.077] [transport] captured=3534 flushed=3534 injected=3856 accepted=0 payload2=0 payload3=0 payload4=0 payload5=0 pump_reads=3573 bursts=697 txcredit=0 outq=0 inq=0 watchdog=24 txseq=b9 rxseq=a7
[  60.077] [epochs] local=1 peer=1 ready=true discarded_rx=0
[  60.077] [tcb-continuations] ffa580=ff80->018392 sleep=0 local26=7710 ffa5c0=ff80->01853c sleep=0 local26=0600 ffd000=ffc0->00d4b4 sleep=0 local26=0000 ffd040=ffc0->00df7a sleep=0 local26=0000 ffd080=ffc0->00c426 sleep=5 local26=9100 ffd0c0=ffc0->00c4c6 sleep=0 local26=0000 ffd100=ffc0->00cd98 sleep=0 local26=0000 ffd140=ffc0->00cb5c sleep=0 local26=0012 ffd180=ffc0->00cb5c sleep=0 local26=0000 ffd1c0=ff40->00c9ce sleep=0 local26=0000 ffd200=ff40->00c9ce sleep=0 local26=0000 ffd240=ff40->00c9ce sleep=0 local26=0000 ffd280=ff40->00c9ce sleep=0 local26=0000 ffd2c0=ff40->00c9ce sleep=0 local26=0000 ffd300=ff40->00c9ce sleep=0 local26=0000 ffd340=ff40->00c9ce sleep=0 local26=0000 ffd380=ff40->00c9ce sleep=0 local26=0000 ffd3c0=ff40->00c9ce sleep=0 local26=0000 ffd400=ff40->00c9ce sleep=0 local26=0000 ffd440=ff40->00c9ce sleep=0 local26=0000 ffd480=ff40->00c9ce sleep=0 local26=0000 ffd4c0=ff40->00c9ce sleep=0 local26=0000 ffd500=ff40->00c9ce sleep=0 local26=0000 ffd540=ff40->00c9ce sleep=0 local26=0000 ffd580=ff40->00c9ce sleep=0 local26=0000 ffd5c0=ff40->00c9ce sleep=0 local26=0000 ffd600=ff40->00c9ce sleep=0 local26=0000 ffd640=ff40->00c9ce sleep=0 local26=0000 ffd680=ff40->00c9ce sleep=0 local26=0000 ffd6c0=ff40->00c9ce sleep=0 local26=0000 ffd700=ff40->00c9ce sleep=0 local26=0000 ffd740=ff40->00c9ce sleep=0 local26=0000 ffd780=ff40->00c9ce sleep=0 local26=0000 ffd7c0=ff40->00c9ce sleep=0 local26=0000 ffd800=ff40->00c9ce sleep=0 local26=0000 ffd840=ff40->00c9ce sleep=0 local26=0000 ffd880=ff40->00c9ce sleep=0 local26=0000 ffd8c0=ff40->00c9ce sleep=0 local26=0000 ffd900=ff40->00c9ce sleep=0 local26=0000 ffd940=ff40->00c9ce sleep=0 local26=0000 ffd980=ff40->00c9ce sleep=0 local26=0000 ffd9c0=ff80->01505a sleep=0 local26=0000 ffda00=ff80->01510e sleep=0 local26=0000 ffda40=ff80->0086ee sleep=0 local26=0000 ffdfc0=ffc0->00d6d0 sleep=0 local26=0000
[  60.163]   [header-byte] write $ffa517 = 14 mask=00ff (pc=018446)
[  60.664]   [header-byte] write $ffa517 = 14 mask=00ff (pc=018446)
[  61.079] heartbeat frame=3660 tx=3540 rx=3862 fc=1 fd=10 fe=1 linkflag=82 pc=000288 a502=00 a524=0000 a525=00 a170=e2 a17f=00 txtail=00d4 rxpend=0000
[  61.079] [transport] captured=3540 flushed=3540 injected=3862 accepted=0 payload2=0 payload3=0 payload4=0 payload5=0 pump_reads=3633 bursts=699 txcredit=0 outq=0 inq=0 watchdog=24 txseq=bb rxseq=a9
[  61.079] [epochs] local=1 peer=1 ready=true discarded_rx=0
[  61.079] [tcb-continuations] ffa580=ff80->018392 sleep=0 local26=7710 ffa5c0=ff80->01853c sleep=0 local26=0600 ffd000=ffc0->00d4b4 sleep=0 local26=0000 ffd040=ffc0->00df7a sleep=0 local26=0000 ffd080=ffc0->00c46c sleep=0 local26=9100 ffd0c0=ffc0->00c4c6 sleep=0 local26=0000 ffd100=ffc0->00cd98 sleep=0 local26=0000 ffd1c0=ff40->00c9ce sleep=0 local26=0000 ffd200=ff40->00c9ce sleep=0 local26=0000 ffd240=ff40->00c9ce sleep=0 local26=0000 ffd280=ff40->00c9ce sleep=0 local26=0000 ffd2c0=ff40->00c9ce sleep=0 local26=0000 ffd300=ff40->00c9ce sleep=0 local26=0000 ffd340=ff40->00c9ce sleep=0 local26=0000 ffd380=ff40->00c9ce sleep=0 local26=0000 ffd3c0=ff40->00c9ce sleep=0 local26=0000 ffd400=ff40->00c9ce sleep=0 local26=0000 ffd440=ff40->00c9ce sleep=0 local26=0000 ffd480=ff40->00c9ce sleep=0 local26=0000 ffd4c0=ff40->00c9ce sleep=0 local26=0000 ffd500=ff40->00c9ce sleep=0 local26=0000 ffd540=ff40->00c9ce sleep=0 local26=0000 ffd580=ff40->00c9ce sleep=0 local26=0000 ffd5c0=ff40->00c9ce sleep=0 local26=0000 ffd600=ff40->00c9ce sleep=0 local26=0000 ffd640=ff40->00c9ce sleep=0 local26=0000 ffd680=ff40->00c9ce sleep=0 local26=0000 ffd6c0=ff40->00c9ce sleep=0 local26=0000 ffd700=ff40->00c9ce sleep=0 local26=0000 ffd740=ff40->00c9ce sleep=0 local26=0000 ffd780=ff40->00c9ce sleep=0 local26=0000 ffd7c0=ff40->00c9ce sleep=0 local26=0000 ffd800=ff40->00c9ce sleep=0 local26=0000 ffd840=ff40->00c9ce sleep=0 local26=0000 ffd880=ff40->00c9ce sleep=0 local26=0000 ffd8c0=ff40->00c9ce sleep=0 local26=0000 ffd900=ff40->00c9ce sleep=0 local26=0000 ffd940=ff40->00c9ce sleep=0 local26=0000 ffd980=ff40->00c9ce sleep=0 local26=0000 ffd9c0=ff80->01505a sleep=0 local26=0000 ffda00=ff80->01510e sleep=0 local26=0000 ffda40=ff80->0086ee sleep=0 local26=0000 ffdfc0=ffc0->00d6d0 sleep=0 local26=0000
[  61.164]   [header-byte] write $ffa517 = 14 mask=00ff (pc=018446)
[  61.665]   [header-byte] write $ffa517 = 14 mask=00ff (pc=018446)
[  62.080] heartbeat frame=3720 tx=3546 rx=3868 fc=1 fd=10 fe=1 linkflag=82 pc=00028a a502=00 a524=0000 a525=00 a170=e2 a17f=00 txtail=00da rxpend=0000
[  62.080] [transport] captured=3546 flushed=3546 injected=3868 accepted=0 payload2=0 payload3=0 payload4=0 payload5=0 pump_reads=3693 bursts=701 txcredit=0 outq=0 inq=0 watchdog=24 txseq=bd rxseq=ab
[  62.080] [epochs] local=1 peer=1 ready=true discarded_rx=0
[  62.166]   [header-byte] write $ffa517 = 14 mask=00ff (pc=018446)
[  62.666]   [header-byte] write $ffa517 = 14 mask=00ff (pc=018446)
[  63.081] heartbeat frame=3780 tx=3552 rx=3874 fc=1 fd=10 fe=1 linkflag=82 pc=000288 a502=00 a524=0000 a525=00 a170=e2 a17f=00 txtail=00e0 rxpend=0000
[  63.081] [transport] captured=3552 flushed=3552 injected=3874 accepted=0 payload2=0 payload3=0 payload4=0 payload5=0 pump_reads=3753 bursts=703 txcredit=0 outq=0 inq=0 watchdog=24 txseq=bf rxseq=ad
[  63.081] [epochs] local=1 peer=1 ready=true discarded_rx=0
[  63.167]   [header-byte] write $ffa517 = 14 mask=00ff (pc=018446)
[  63.668]   [header-byte] write $ffa517 = 14 mask=00ff (pc=018446)
[  64.083] heartbeat frame=3840 tx=3558 rx=3880 fc=1 fd=10 fe=1 linkflag=82 pc=00028a a502=00 a524=0000 a525=00 a170=e2 a17f=00 txtail=00e6 rxpend=0000
[  64.083] [transport] captured=3558 flushed=3558 injected=3880 accepted=0 payload2=0 payload3=0 payload4=0 payload5=0 pump_reads=3813 bursts=705 txcredit=0 outq=0 inq=0 watchdog=24 txseq=c1 rxseq=af
[  64.083] [epochs] local=1 peer=1 ready=true discarded_rx=0
[  64.168]   [header-byte] write $ffa517 = 14 mask=00ff (pc=018446)
[  64.670]   [header-byte] write $ffa517 = 14 mask=00ff (pc=018446)
[  65.084] heartbeat frame=3900 tx=3564 rx=3886 fc=1 fd=10 fe=1 linkflag=82 pc=00028a a502=00 a524=0000 a525=00 a170=e2 a17f=00 txtail=00ec rxpend=0000
[  65.084] [transport] captured=3564 flushed=3564 injected=3886 accepted=0 payload2=0 payload3=0 payload4=0 payload5=0 pump_reads=3873 bursts=707 txcredit=0 outq=0 inq=0 watchdog=24 txseq=c3 rxseq=b1
[  65.084] [epochs] local=1 peer=1 ready=true discarded_rx=0
[  65.170]   [header-byte] write $ffa517 = 14 mask=00ff (pc=018446)
[  65.670]   [header-byte] write $ffa517 = 14 mask=00ff (pc=018446)
[  66.085] heartbeat frame=3960 tx=3570 rx=3892 fc=1 fd=10 fe=1 linkflag=82 pc=00028a a502=00 a524=0000 a525=00 a170=e2 a17f=00 txtail=00f2 rxpend=0000
[  66.085] [transport] captured=3570 flushed=3570 injected=3892 accepted=0 payload2=0 payload3=0 payload4=0 payload5=0 pump_reads=3933 bursts=709 txcredit=0 outq=0 inq=0 watchdog=24 txseq=c5 rxseq=b3
[  66.085] [epochs] local=1 peer=1 ready=true discarded_rx=0
[  66.170]   [header-byte] write $ffa517 = 14 mask=00ff (pc=018446)
[  66.672]   [header-byte] write $ffa517 = 14 mask=00ff (pc=018446)
[  67.086] heartbeat frame=4020 tx=3576 rx=3898 fc=1 fd=10 fe=1 linkflag=82 pc=000288 a502=00 a524=0000 a525=00 a170=e2 a17f=00 txtail=00f8 rxpend=0000
[  67.086] [transport] captured=3576 flushed=3576 injected=3898 accepted=0 payload2=0 payload3=0 payload4=0 payload5=0 pump_reads=3993 bursts=711 txcredit=0 outq=0 inq=0 watchdog=24 txseq=c7 rxseq=b5
[  67.086] [epochs] local=1 peer=1 ready=true discarded_rx=0
[  67.172]   [header-byte] write $ffa517 = 14 mask=00ff (pc=018446)
[  67.689]   [header-byte] write $ffa517 = 14 mask=00ff (pc=018446)
[  68.088] heartbeat frame=4080 tx=3582 rx=3904 fc=1 fd=10 fe=1 linkflag=82 pc=000288 a502=00 a524=0000 a525=00 a170=e2 a17f=00 txtail=00fe rxpend=0000
[  68.088] [transport] captured=3582 flushed=3582 injected=3904 accepted=0 payload2=0 payload3=0 payload4=0 payload5=0 pump_reads=4053 bursts=713 txcredit=0 outq=0 inq=0 watchdog=23 txseq=c9 rxseq=b7
[  68.088] [epochs] local=1 peer=1 ready=true discarded_rx=0
[  68.175]   [header-byte] write $ffa517 = 14 mask=00ff (pc=018446)
[  68.674]   [header-byte] write $ffa517 = 14 mask=00ff (pc=018446)
[  69.089] heartbeat frame=4140 tx=3588 rx=3910 fc=1 fd=10 fe=1 linkflag=82 pc=00028a a502=00 a524=0000 a525=00 a170=e2 a17f=00 txtail=0004 rxpend=0000
[  69.089] [transport] captured=3588 flushed=3588 injected=3910 accepted=0 payload2=0 payload3=0 payload4=0 payload5=0 pump_reads=4113 bursts=715 txcredit=0 outq=0 inq=0 watchdog=24 txseq=cb rxseq=b9
[  69.089] [epochs] local=1 peer=1 ready=true discarded_rx=0
[  69.175]   [header-byte] write $ffa517 = 14 mask=00ff (pc=018446)
[  69.677]   [header-byte] write $ffa517 = 14 mask=00ff (pc=018446)
[  69.677] [game-command] data=6c6c mask=ff00 pc=00e108 requests=00
[  69.758]   [header-byte] write $ffa517 = 14 mask=00ff (pc=018446)
[  70.090] heartbeat frame=4200 tx=3596 rx=3921 fc=1 fd=10 fe=1 linkflag=82 pc=00028a a502=00 a524=0000 a525=00 a170=e2 a17f=00 txtail=000c rxpend=0000
[  70.090] [transport] captured=3596 flushed=3596 injected=3921 accepted=0 payload2=0 payload3=0 payload4=0 payload5=0 pump_reads=4173 bursts=717 txcredit=0 outq=0 inq=0 watchdog=19 txseq=cd rxseq=bc
[  70.090] [epochs] local=1 peer=1 ready=true discarded_rx=0
[  70.090] [game-state] a142=04 a13e=04 a13f=0f a530=6c30 a506=0c a507=01 a508=01 a7b0=3822 a7a6=9334 script=01a51a
[  70.090] [tcb-continuations] ffa580=ff80->018392 sleep=0 local26=7710 ffa5c0=ff80->01853c sleep=0 local26=1800 ffd000=ffc0->00d4b4 sleep=0 local26=0000 ffd040=ffc0->00e130 sleep=105 local26=0000 ffd100=ffc0->00cd98 sleep=0 local26=0000 ffd1c0=ff40->00c9ce sleep=0 local26=0000 ffd200=ff40->00c9ce sleep=0 local26=0000 ffd240=ff40->00c9ce sleep=0 local26=0000 ffd280=ff40->00c9ce sleep=0 local26=0000 ffd2c0=ff40->00c9ce sleep=0 local26=0000 ffd300=ff40->00c9ce sleep=0 local26=0000 ffd340=ff40->00c9ce sleep=0 local26=0000 ffd380=ff40->00c9ce sleep=0 local26=0000 ffd3c0=ff40->00c9ce sleep=0 local26=0000 ffd400=ff40->00c9ce sleep=0 local26=0000 ffd440=ff40->00c9ce sleep=0 local26=0000 ffd480=ff40->00c9ce sleep=0 local26=0000 ffd4c0=ff40->00c9ce sleep=0 local26=0000 ffd500=ff40->00c9ce sleep=0 local26=0000 ffd540=ff40->00c9ce sleep=0 local26=0000 ffd580=ff40->00c9ce sleep=0 local26=0000 ffd5c0=ff40->00c9ce sleep=0 local26=0000 ffd600=ff40->00c9ce sleep=0 local26=0000 ffd640=ff40->00c9ce sleep=0 local26=0000 ffd680=ff40->00c9ce sleep=0 local26=0000 ffd6c0=ff40->00c9ce sleep=0 local26=0000 ffd700=ff40->00c9ce sleep=0 local26=0000 ffd740=ff40->00c9ce sleep=0 local26=0000 ffd780=ff40->00c9ce sleep=0 local26=0000 ffd7c0=ff40->00c9ce sleep=0 local26=0000 ffd800=ff40->00c9ce sleep=0 local26=0000 ffd840=ff40->00c9ce sleep=0 local26=0000 ffd880=ff40->00c9ce sleep=0 local26=0000 ffd8c0=ff40->00c9ce sleep=0 local26=0000 ffd900=ff40->00c9ce sleep=0 local26=0000 ffd940=ff40->00c9ce sleep=0 local26=0000 ffd980=ff40->00c9ce sleep=0 local26=0000 ffd9c0=ff80->01505a sleep=0 local26=0000 ffda00=ff80->015138 sleep=0 local26=0000 ffdfc0=ffc0->00d6d0 sleep=0 local26=0000
[  70.260]   [header-byte] write $ffa517 = 14 mask=00ff (pc=018446)
[  70.760]   [header-byte] write $ffa517 = 14 mask=00ff (pc=018446)
[  71.092] heartbeat frame=4260 tx=3602 rx=3927 fc=1 fd=10 fe=1 linkflag=82 pc=000288 a502=00 a524=0000 a525=00 a170=e2 a17f=00 txtail=0012 rxpend=0000
[  71.092] [transport] captured=3602 flushed=3602 injected=3927 accepted=0 payload2=0 payload3=0 payload4=0 payload5=0 pump_reads=4233 bursts=719 txcredit=0 outq=0 inq=0 watchdog=19 txseq=cf rxseq=be
[  71.092] [epochs] local=1 peer=1 ready=true discarded_rx=0
[  71.092] [tcb-continuations] ffa580=ff80->018392 sleep=0 local26=7710 ffa5c0=ff80->01853c sleep=0 local26=1800 ffd000=ffc0->00d4b4 sleep=0 local26=0000 ffd040=ffc0->00e130 sleep=45 local26=0000 ffd100=ffc0->00cd98 sleep=0 local26=0000 ffd1c0=ff40->00c9ce sleep=0 local26=0000 ffd200=ff40->00c9ce sleep=0 local26=0000 ffd240=ff40->00c9ce sleep=0 local26=0000 ffd280=ff40->00c9ce sleep=0 local26=0000 ffd2c0=ff40->00c9ce sleep=0 local26=0000 ffd300=ff40->00c9ce sleep=0 local26=0000 ffd340=ff40->00c9ce sleep=0 local26=0000 ffd380=ff40->00c9ce sleep=0 local26=0000 ffd3c0=ff40->00c9ce sleep=0 local26=0000 ffd400=ff40->00c9ce sleep=0 local26=0000 ffd440=ff40->00c9ce sleep=0 local26=0000 ffd480=ff40->00c9ce sleep=0 local26=0000 ffd4c0=ff40->00c9ce sleep=0 local26=0000 ffd500=ff40->00c9ce sleep=0 local26=0000 ffd540=ff40->00c9ce sleep=0 local26=0000 ffd580=ff40->00c9ce sleep=0 local26=0000 ffd5c0=ff40->00c9ce sleep=0 local26=0000 ffd600=ff40->00c9ce sleep=0 local26=0000 ffd640=ff40->00c9ce sleep=0 local26=0000 ffd680=ff40->00c9ce sleep=0 local26=0000 ffd6c0=ff40->00c9ce sleep=0 local26=0000 ffd700=ff40->00c9ce sleep=0 local26=0000 ffd740=ff40->00c9ce sleep=0 local26=0000 ffd780=ff40->00c9ce sleep=0 local26=0000 ffd7c0=ff40->00c9ce sleep=0 local26=0000 ffd800=ff40->00c9ce sleep=0 local26=0000 ffd840=ff40->00c9ce sleep=0 local26=0000 ffd880=ff40->00c9ce sleep=0 local26=0000 ffd8c0=ff40->00c9ce sleep=0 local26=0000 ffd900=ff40->00c9ce sleep=0 local26=0000 ffd940=ff40->00c9ce sleep=0 local26=0000 ffd980=ff40->00c9ce sleep=0 local26=0000 ffd9c0=ff80->01505a sleep=0 local26=0000 ffda00=ff80->015172 sleep=0 local26=0000 ffdfc0=ffc0->00d6d0 sleep=0 local26=0000
[  71.261]   [header-byte] write $ffa517 = 14 mask=00ff (pc=018446)
[  71.761]   [header-byte] write $ffa517 = 14 mask=00ff (pc=018446)
[  71.845]   [menu-state] write $ffa170 = c0c0 mask=ff00 (pc=00e0e2)
[  71.845]   [menu-state] write $ffa176 = 0000 mask=ff00 (pc=01afde)
[  71.845]   [header-byte] write $ffa513 = 00 mask=00ff (pc=01afe6)
[  71.845]   [header-byte] write $ffa513 = 10 mask=00ff (pc=01affe)
[  71.845]   [header-byte] write $ffa513 = 14 mask=00ff (pc=01b044)
[  71.863]   [menu-state] write $ffa170 = 0808 mask=ff00 (pc=018062)
[  71.863]   [menu-state] write $ffa176 = 0000 mask=ff00 (pc=01afde)
[  71.863]   [header-byte] write $ffa513 = 00 mask=00ff (pc=01afe6)
[  71.863]   [header-byte] write $ffa513 = 10 mask=00ff (pc=01affe)
[  71.863]   [header-byte] write $ffa513 = 11 mask=00ff (pc=01b034)
[  71.945]   [header-byte] write $ffa517 = 11 mask=00ff (pc=018446)
[  72.093] heartbeat frame=4320 tx=3614 rx=3936 fc=1 fd=10 fe=1 linkflag=82 pc=00028a a502=00 a524=0000 a525=00 a170=08 a17f=00 txtail=001e rxpend=0000
[  72.093] [transport] captured=3614 flushed=3614 injected=3936 accepted=0 payload2=0 payload3=0 payload4=0 payload5=0 pump_reads=4293 bursts=723 txcredit=0 outq=0 inq=0 watchdog=8 txseq=d3 rxseq=c1
[  72.093] [epochs] local=1 peer=1 ready=true discarded_rx=0
[  72.093] [game-state] a142=04 a13e=01 a13f=01 a530=6c30 a506=0c a507=00 a508=01 a7b0=3822 a7a6=9334 script=01a606
[  72.093] [tcb-continuations] ffa580=ff80->018392 sleep=0 local26=7710 ffa5c0=ff80->01853c sleep=0 local26=0d00 ffd000=ffc0->00d4b4 sleep=0 local26=0000 ffd1c0=ff40->00c9ce sleep=0 local26=0000 ffd200=ff40->00c9ce sleep=0 local26=0000 ffd240=ff40->00c9ce sleep=0 local26=0000 ffd280=ff40->00c9ce sleep=0 local26=0000 ffd2c0=ff40->00c9ce sleep=0 local26=0000 ffd300=ff40->00c9ce sleep=0 local26=0000 ffd340=ff40->00c9ce sleep=0 local26=0000 ffd380=ff40->00c9ce sleep=0 local26=0000 ffd3c0=ff40->00c9ce sleep=0 local26=0000 ffd400=ff40->00c9ce sleep=0 local26=0000 ffd440=ff40->00c9ce sleep=0 local26=0000 ffd480=ff40->00c9ce sleep=0 local26=0000 ffd4c0=ff40->00c9ce sleep=0 local26=0000 ffd500=ff40->00c9ce sleep=0 local26=0000 ffd540=ff40->00c9ce sleep=0 local26=0000 ffd580=ff40->00c9ce sleep=0 local26=0000 ffd5c0=ff40->00c9ce sleep=0 local26=0000 ffd600=ff40->00c9ce sleep=0 local26=0000 ffd640=ff40->00c9ce sleep=0 local26=0000 ffd680=ff40->00c9ce sleep=0 local26=0000 ffd6c0=ff40->00c9ce sleep=0 local26=0000 ffd700=ff40->00c9ce sleep=0 local26=0000 ffd740=ff40->00c9ce sleep=0 local26=0000 ffd780=ff40->00c9ce sleep=0 local26=0000 ffd7c0=ff40->00c9ce sleep=0 local26=0000 ffd800=ff40->00c9ce sleep=0 local26=0000 ffd840=ff40->00c9ce sleep=0 local26=0000 ffd880=ff40->00c9ce sleep=0 local26=0000 ffd8c0=ff40->00c9ce sleep=0 local26=0000 ffd900=ff40->00c9ce sleep=0 local26=0000 ffd940=ff40->00c9ce sleep=0 local26=0000 ffd980=ff40->00c9ce sleep=0 local26=0000 ffd9c0=ff80->01505a sleep=0 local26=0000 ffdfc0=ffc0->00d6d0 sleep=0 local26=0000
[  72.446]   [header-byte] write $ffa517 = 11 mask=00ff (pc=018446)
[  72.948]   [header-byte] write $ffa517 = 11 mask=00ff (pc=018446)
[  73.094] heartbeat frame=4380 tx=3620 rx=3942 fc=1 fd=10 fe=1 linkflag=82 pc=000288 a502=00 a524=0000 a525=00 a170=08 a17f=00 txtail=0024 rxpend=0000
[  73.094] [transport] captured=3620 flushed=3620 injected=3942 accepted=0 payload2=0 payload3=0 payload4=0 payload5=0 pump_reads=4353 bursts=725 txcredit=0 outq=0 inq=0 watchdog=8 txseq=d5 rxseq=c3
[  73.094] [epochs] local=1 peer=1 ready=true discarded_rx=0
[  73.447]   [header-byte] write $ffa517 = 11 mask=00ff (pc=018446)
[  73.948]   [header-byte] write $ffa517 = 11 mask=00ff (pc=018446)
[  74.031] [game-command] data=0303 mask=ff00 pc=0188d8 requests=00
[  74.059]   [header-byte] write $ffa513 = 13 mask=00ff (pc=0189b4)
[  74.059]   [menu-state] write $ffa17f = 0000 mask=00ff (pc=0189c2)
[  74.095] heartbeat frame=4440 tx=3629 rx=3948 fc=1 fd=10 fe=1 linkflag=82 pc=000ff2 a502=00 a524=0000 a525=00 a170=08 a17f=00 txtail=002d rxpend=0000
[  74.095] [transport] captured=3629 flushed=3629 injected=3948 accepted=0 payload2=0 payload3=0 payload4=0 payload5=0 pump_reads=4413 bursts=728 txcredit=0 outq=0 inq=0 watchdog=5 txseq=d8 rxseq=c5
[  74.095] [epochs] local=1 peer=1 ready=true discarded_rx=0
[  74.095] [game-state] a142=04 a13e=01 a13f=01 a530=0330 a506=03 a507=00 a508=00 a7b0=3822 a7a6=0000 script=01a638
[  74.095] [tcb-continuations] ffa580=ff80->018392 sleep=0 local26=7710 ffa5c0=ff80->01853c sleep=0 local26=0000 ffd040=ff80->0189c6 sleep=0 local26=0101
[  74.263]   [header-byte] write $ffa517 = 11 mask=00ff (pc=018446)
[  74.280]   [header-byte] write $ffa517 = 15 mask=00ff (pc=018446)
[  74.326]   [header-byte] write $ffa517 = 13 mask=00ff (pc=018446)
[  74.755] [game-command] data=1313 mask=ff00 pc=018ae0 requests=00
[  75.016]   [header-byte] write $ffa517 = 13 mask=00ff (pc=018446)
[  75.032]   [header-byte] write $ffa517 = 13 mask=00ff (pc=018446)
[  75.051]   [header-byte] write $ffa517 = 13 mask=00ff (pc=018446)
[  75.066]   [header-byte] write $ffa517 = 13 mask=00ff (pc=018446)
[  75.082]   [header-byte] write $ffa517 = 13 mask=00ff (pc=018446)
[  75.097] heartbeat frame=4500 tx=3729 rx=3982 fc=1 fd=10 fe=1 linkflag=82 pc=000288 a502=00 a524=0005 a525=05 a170=08 a17f=00 txtail=0091 rxpend=0000
[  75.097] [transport] captured=3729 flushed=3729 injected=3982 accepted=0 payload2=0 payload3=0 payload4=0 payload5=0 pump_reads=4473 bursts=748 txcredit=0 outq=0 inq=5 watchdog=0 txseq=ed rxseq=cd
[  75.097] [epochs] local=1 peer=1 ready=true discarded_rx=0
[  75.097] [game-state] a142=04 a13e=01 a13f=01 a530=1330 a506=03 a507=00 a508=00 a7b0=3822 a7a6=0312 script=01a638
[  75.097] [tcb-continuations] ffa580=ff80->018392 sleep=0 local26=7710 ffa5c0=ff80->01853c sleep=0 local26=0000 ffd040=ff80->018a40 sleep=0 local26=8300 ffd0c0=ff80->018ee4 sleep=0 local26=0000 ffd100=ff80->01fbb4 sleep=0 local26=0000 ffd140=ff80->01fbb6 sleep=0 local26=0002 ffd180=ff80->01fbb6 sleep=0 local26=00a2 ffd1c0=ff80->01fbb6 sleep=0 local26=01c2 ffd200=ff80->01fbb6 sleep=0 local26=02e2 ffd240=ff80->01902e sleep=0 local26=0000 ffd280=ff80->01ffe2 sleep=0 local26=0009 ffd2c0=ff80->020004 sleep=0 local26=0002 ffd300=ff80->020004 sleep=0 local26=0000 ffd340=ff80->01febe sleep=0 local26=0000 ffd380=ff80->01fedc sleep=0 local26=0000
[  75.099]   [header-byte] write $ffa517 = 13 mask=00ff (pc=018446)
[  75.116]   [header-byte] write $ffa517 = 13 mask=00ff (pc=018446)
[  75.133]   [header-byte] write $ffa517 = 13 mask=00ff (pc=018446)
[  75.149]   [header-byte] write $ffa517 = 13 mask=00ff (pc=018446)
[  75.166]   [header-byte] write $ffa517 = 13 mask=00ff (pc=018446)
[  75.183]   [header-byte] write $ffa517 = 13 mask=00ff (pc=018446)
[  75.199]   [header-byte] write $ffa517 = 13 mask=00ff (pc=018446)
[  75.218]   [header-byte] write $ffa517 = 13 mask=00ff (pc=018446)
[  75.233]   [header-byte] write $ffa517 = 13 mask=00ff (pc=018446)
[  75.249]   [header-byte] write $ffa517 = 13 mask=00ff (pc=018446)
[  75.266]   [header-byte] write $ffa517 = 13 mask=00ff (pc=018446)
[  75.283]   [header-byte] write $ffa517 = 13 mask=00ff (pc=018446)
[  75.300]   [header-byte] write $ffa517 = 13 mask=00ff (pc=018446)
[  75.316]   [header-byte] write $ffa517 = 13 mask=00ff (pc=018446)
[  75.333]   [header-byte] write $ffa517 = 13 mask=00ff (pc=018446)
[  75.349]   [header-byte] write $ffa517 = 13 mask=00ff (pc=018446)
[  75.366]   [header-byte] write $ffa517 = 13 mask=00ff (pc=018446)
[  75.383]   [header-byte] write $ffa517 = 13 mask=00ff (pc=018446)
[  75.400]   [header-byte] write $ffa517 = 13 mask=00ff (pc=018446)
[  75.416]   [header-byte] write $ffa517 = 13 mask=00ff (pc=018446)
[  75.433]   [header-byte] write $ffa517 = 13 mask=00ff (pc=018446)
[  75.450]   [header-byte] write $ffa517 = 13 mask=00ff (pc=018446)
[  75.466]   [header-byte] write $ffa517 = 13 mask=00ff (pc=018446)
[  75.483]   [header-byte] write $ffa517 = 13 mask=00ff (pc=018446)
[  75.500]   [header-byte] write $ffa517 = 13 mask=00ff (pc=018446)
[  75.516]   [header-byte] write $ffa517 = 13 mask=00ff (pc=018446)
[  75.535]   [header-byte] write $ffa517 = 13 mask=00ff (pc=018446)
[  75.550]   [header-byte] write $ffa517 = 13 mask=00ff (pc=018446)
[  75.566]   [header-byte] write $ffa517 = 13 mask=00ff (pc=018446)
[  75.583]   [header-byte] write $ffa517 = 13 mask=00ff (pc=018446)
[  75.600]   [header-byte] write $ffa517 = 13 mask=00ff (pc=018446)
[  75.617]   [header-byte] write $ffa517 = 13 mask=00ff (pc=018446)
[  75.633]   [header-byte] write $ffa517 = 13 mask=00ff (pc=018446)
[  75.667]   [header-byte] write $ffa517 = 13 mask=00ff (pc=018446)
[  75.667]   [header-byte] write $ffa517 = 13 mask=00ff (pc=018446)
[  75.685]   [header-byte] write $ffa517 = 13 mask=00ff (pc=018446)
[  75.700]   [header-byte] write $ffa517 = 13 mask=00ff (pc=018446)
[  75.716]   [header-byte] write $ffa517 = 13 mask=00ff (pc=018446)
[  75.733]   [header-byte] write $ffa517 = 13 mask=00ff (pc=018446)
[  75.750]   [header-byte] write $ffa517 = 13 mask=00ff (pc=018446)
[  75.767]   [header-byte] write $ffa517 = 13 mask=00ff (pc=018446)
[  75.783]   [header-byte] write $ffa517 = 13 mask=00ff (pc=018446)
[  75.800]   [header-byte] write $ffa517 = 13 mask=00ff (pc=018446)
[  75.817]   [header-byte] write $ffa517 = 13 mask=00ff (pc=018446)
[  75.833]   [header-byte] write $ffa517 = 13 mask=00ff (pc=018446)
[  75.850]   [header-byte] write $ffa517 = 13 mask=00ff (pc=018446)
[  75.866]   [header-byte] write $ffa517 = 13 mask=00ff (pc=018446)
[  75.883]   [header-byte] write $ffa517 = 13 mask=00ff (pc=018446)
[  75.900]   [header-byte] write $ffa517 = 13 mask=00ff (pc=018446)
[  75.916]   [header-byte] write $ffa517 = 13 mask=00ff (pc=018446)
[  75.933]   [header-byte] write $ffa517 = 13 mask=00ff (pc=018446)
[  75.950]   [header-byte] write $ffa517 = 13 mask=00ff (pc=018446)
[  75.967]   [header-byte] write $ffa517 = 13 mask=00ff (pc=018446)
[  75.983]   [header-byte] write $ffa517 = 13 mask=00ff (pc=018446)
[  76.002]   [header-byte] write $ffa517 = 13 mask=00ff (pc=018446)
[  76.017]   [header-byte] write $ffa517 = 13 mask=00ff (pc=018446)
[  76.033]   [header-byte] write $ffa517 = 13 mask=00ff (pc=018446)
[  76.050]   [header-byte] write $ffa517 = 13 mask=00ff (pc=018446)
[  76.067]   [header-byte] write $ffa517 = 13 mask=00ff (pc=018446)
[  76.084]   [header-byte] write $ffa517 = 13 mask=00ff (pc=018446)
[  76.098] heartbeat frame=4560 tx=4029 rx=4282 fc=1 fd=10 fe=1 linkflag=82 pc=00028a a502=00 a524=0005 a525=05 a170=08 a17f=00 txtail=00bd rxpend=0000
[  76.098] [transport] captured=4029 flushed=4029 injected=4282 accepted=0 payload2=0 payload3=0 payload4=0 payload5=0 pump_reads=4533 bursts=808 txcredit=0 outq=0 inq=5 watchdog=0 txseq=29 rxseq=09
[  76.098] [epochs] local=1 peer=1 ready=true discarded_rx=0
[  76.098] [tcb-continuations] ffa580=ff80->018392 sleep=0 local26=7710 ffa5c0=ff80->01853c sleep=0 local26=0000 ffd040=ff80->018a40 sleep=0 local26=8300 ffd0c0=ff80->018ee4 sleep=0 local26=0000 ffd100=ff80->01fbb4 sleep=0 local26=0000 ffd140=ff80->01fbb6 sleep=0 local26=0002 ffd180=ff80->01fbb6 sleep=0 local26=00a2 ffd1c0=ff80->01fbb6 sleep=0 local26=01c2 ffd200=ff80->01fbb6 sleep=0 local26=02e2 ffd240=ff80->01902e sleep=0 local26=0000 ffd280=ff80->01ffe2 sleep=0 local26=0008 ffd2c0=ff80->020004 sleep=0 local26=0002 ffd300=ff80->020004 sleep=0 local26=0000 ffd340=ff80->01febe sleep=0 local26=0000 ffd380=ff80->01fedc sleep=0 local26=0000
[  76.100]   [header-byte] write $ffa517 = 13 mask=00ff (pc=018446)
[  76.117]   [header-byte] write $ffa517 = 13 mask=00ff (pc=018446)
[  76.134]   [header-byte] write $ffa517 = 13 mask=00ff (pc=018446)
[  76.150]   [header-byte] write $ffa517 = 13 mask=00ff (pc=018446)
[  76.169]   [header-byte] write $ffa517 = 13 mask=00ff (pc=018446)
[  76.184]   [header-byte] write $ffa517 = 13 mask=00ff (pc=018446)
[  76.200]   [header-byte] write $ffa517 = 13 mask=00ff (pc=018446)
[  76.217]   [header-byte] write $ffa517 = 13 mask=00ff (pc=018446)
[  76.234]   [header-byte] write $ffa517 = 13 mask=00ff (pc=018446)
[  76.251]   [header-byte] write $ffa517 = 13 mask=00ff (pc=018446)
[  76.267]   [header-byte] write $ffa517 = 13 mask=00ff (pc=018446)
[  76.284]   [header-byte] write $ffa517 = 13 mask=00ff (pc=018446)
[  76.301]   [header-byte] write $ffa517 = 13 mask=00ff (pc=018446)
[  76.317]   [header-byte] write $ffa517 = 13 mask=00ff (pc=018446)
[  76.334]   [header-byte] write $ffa517 = 13 mask=00ff (pc=018446)
[  76.350]   [header-byte] write $ffa517 = 13 mask=00ff (pc=018446)
[  76.367]   [header-byte] write $ffa517 = 13 mask=00ff (pc=018446)
[  76.384]   [header-byte] write $ffa517 = 13 mask=00ff (pc=018446)
[  76.417]   [header-byte] write $ffa517 = 13 mask=00ff (pc=018446)
[  76.417]   [header-byte] write $ffa517 = 13 mask=00ff (pc=018446)
[  76.434]   [header-byte] write $ffa517 = 13 mask=00ff (pc=018446)
[  76.451]   [header-byte] write $ffa517 = 13 mask=00ff (pc=018446)
[  76.467]   [header-byte] write $ffa517 = 13 mask=00ff (pc=018446)
[  76.486]   [header-byte] write $ffa517 = 13 mask=00ff (pc=018446)
[  76.501]   [header-byte] write $ffa517 = 13 mask=00ff (pc=018446)
[  76.517]   [header-byte] write $ffa517 = 13 mask=00ff (pc=018446)
[  76.534]   [header-byte] write $ffa517 = 13 mask=00ff (pc=018446)
[  76.551]   [header-byte] write $ffa517 = 13 mask=00ff (pc=018446)
[  76.568]   [header-byte] write $ffa517 = 13 mask=00ff (pc=018446)
[  76.584]   [header-byte] write $ffa517 = 13 mask=00ff (pc=018446)
[  76.601]   [header-byte] write $ffa517 = 13 mask=00ff (pc=018446)
[  76.618]   [header-byte] write $ffa517 = 13 mask=00ff (pc=018446)
[  76.636]   [header-byte] write $ffa517 = 13 mask=00ff (pc=018446)
[  76.651]   [header-byte] write $ffa517 = 13 mask=00ff (pc=018446)
[  76.668]   [header-byte] write $ffa517 = 13 mask=00ff (pc=018446)
[  76.701]   [header-byte] write $ffa517 = 13 mask=00ff (pc=018446)
[  76.701]   [header-byte] write $ffa517 = 13 mask=00ff (pc=018446)
[  76.718]   [header-byte] write $ffa517 = 13 mask=00ff (pc=018446)
[  76.751]   [header-byte] write $ffa517 = 13 mask=00ff (pc=018446)
[  76.751]   [header-byte] write $ffa517 = 13 mask=00ff (pc=018446)
[  76.768]   [header-byte] write $ffa517 = 13 mask=00ff (pc=018446)
[  76.785]   [header-byte] write $ffa517 = 13 mask=00ff (pc=018446)
[  76.801]   [header-byte] write $ffa517 = 13 mask=00ff (pc=018446)
[  76.818]   [header-byte] write $ffa517 = 13 mask=00ff (pc=018446)
[  76.835]   [header-byte] write $ffa517 = 13 mask=00ff (pc=018446)
[  76.851]   [header-byte] write $ffa517 = 13 mask=00ff (pc=018446)
[  76.868]   [header-byte] write $ffa517 = 13 mask=00ff (pc=018446)
[  76.885]   [header-byte] write $ffa517 = 13 mask=00ff (pc=018446)
[  76.901]   [header-byte] write $ffa517 = 13 mask=00ff (pc=018446)
[  76.918]   [header-byte] write $ffa517 = 13 mask=00ff (pc=018446)
[  76.935]   [header-byte] write $ffa517 = 13 mask=00ff (pc=018446)
[  76.953]   [header-byte] write $ffa517 = 13 mask=00ff (pc=018446)
[  76.968]   [header-byte] write $ffa517 = 13 mask=00ff (pc=018446)
[  76.985]   [header-byte] write $ffa517 = 13 mask=00ff (pc=018446)
[  77.002]   [header-byte] write $ffa517 = 13 mask=00ff (pc=018446)
[  77.018]   [header-byte] write $ffa517 = 13 mask=00ff (pc=018446)
[  77.035]   [header-byte] write $ffa517 = 13 mask=00ff (pc=018446)
[  77.052]   [header-byte] write $ffa517 = 13 mask=00ff (pc=018446)
[  77.068]   [header-byte] write $ffa517 = 13 mask=00ff (pc=018446)
[  77.085]   [header-byte] write $ffa517 = 13 mask=00ff (pc=018446)
[  77.099] heartbeat frame=4620 tx=4329 rx=4582 fc=1 fd=10 fe=1 linkflag=82 pc=00028a a502=00 a524=0005 a525=05 a170=08 a17f=00 txtail=00e9 rxpend=0000
[  77.099] [transport] captured=4329 flushed=4329 injected=4582 accepted=0 payload2=0 payload3=0 payload4=0 payload5=0 pump_reads=4593 bursts=868 txcredit=0 outq=0 inq=5 watchdog=0 txseq=65 rxseq=45
[  77.099] [epochs] local=1 peer=1 ready=true discarded_rx=0
[  77.099] [tcb-continuations] ffa580=ff80->018392 sleep=0 local26=7710 ffa5c0=ff80->01853c sleep=0 local26=0000 ffd040=ff80->018a40 sleep=0 local26=8300 ffd0c0=ff80->018ee4 sleep=0 local26=0000 ffd100=ff80->01fbb4 sleep=0 local26=0000 ffd140=ff80->01fbb6 sleep=0 local26=0002 ffd180=ff80->01fbb6 sleep=0 local26=00a2 ffd1c0=ff80->01fbb6 sleep=0 local26=01c2 ffd200=ff80->01fbb6 sleep=0 local26=02e2 ffd240=ff80->01902e sleep=0 local26=0000 ffd280=ff80->01ffe2 sleep=0 local26=0007 ffd2c0=ff80->020004 sleep=0 local26=0002 ffd300=ff80->020004 sleep=0 local26=0000 ffd340=ff80->01febe sleep=0 local26=0000 ffd380=ff80->01fedc sleep=0 local26=0000
[  77.102]   [header-byte] write $ffa517 = 13 mask=00ff (pc=018446)
[  77.120]   [header-byte] write $ffa517 = 13 mask=00ff (pc=018446)
[  77.135]   [header-byte] write $ffa517 = 13 mask=00ff (pc=018446)
[  77.152]   [header-byte] write $ffa517 = 13 mask=00ff (pc=018446)
[  77.168]   [header-byte] write $ffa517 = 13 mask=00ff (pc=018446)
[  77.185]   [header-byte] write $ffa517 = 13 mask=00ff (pc=018446)
[  77.202]   [header-byte] write $ffa517 = 13 mask=00ff (pc=018446)
[  77.219]   [header-byte] write $ffa517 = 13 mask=00ff (pc=018446)
[  77.235]   [header-byte] write $ffa517 = 13 mask=00ff (pc=018446)
[  77.252]   [header-byte] write $ffa517 = 13 mask=00ff (pc=018446)
[  77.269]   [header-byte] write $ffa517 = 13 mask=00ff (pc=018446)
[  77.302]   [header-byte] write $ffa517 = 13 mask=00ff (pc=018446)
[  77.302]   [header-byte] write $ffa517 = 13 mask=00ff (pc=018446)
[  77.319]   [header-byte] write $ffa517 = 13 mask=00ff (pc=018446)
[  77.335]   [header-byte] write $ffa517 = 13 mask=00ff (pc=018446)
[  77.352]   [header-byte] write $ffa517 = 13 mask=00ff (pc=018446)
[  77.369]   [header-byte] write $ffa517 = 13 mask=00ff (pc=018446)
[  77.386]   [header-byte] write $ffa517 = 13 mask=00ff (pc=018446)
[  77.402]   [header-byte] write $ffa517 = 13 mask=00ff (pc=018446)
[  77.419]   [header-byte] write $ffa517 = 13 mask=00ff (pc=018446)
[  77.437]   [header-byte] write $ffa517 = 13 mask=00ff (pc=018446)
[  77.452]   [header-byte] write $ffa517 = 13 mask=00ff (pc=018446)
[  77.469]   [header-byte] write $ffa517 = 13 mask=00ff (pc=018446)
[  77.486]   [header-byte] write $ffa517 = 13 mask=00ff (pc=018446)
[  77.502]   [header-byte] write $ffa517 = 13 mask=00ff (pc=018446)
[  77.519]   [header-byte] write $ffa517 = 13 mask=00ff (pc=018446)
[  77.536]   [header-byte] write $ffa517 = 13 mask=00ff (pc=018446)
[  77.552]   [header-byte] write $ffa517 = 13 mask=00ff (pc=018446)
[  77.569]   [header-byte] write $ffa517 = 13 mask=00ff (pc=018446)
[  77.587]   [header-byte] write $ffa517 = 13 mask=00ff (pc=018446)
[  77.602]   [header-byte] write $ffa517 = 13 mask=00ff (pc=018446)
[  77.619]   [header-byte] write $ffa517 = 13 mask=00ff (pc=018446)
[  77.636]   [header-byte] write $ffa517 = 13 mask=00ff (pc=018446)
[  77.652]   [header-byte] write $ffa517 = 13 mask=00ff (pc=018446)
[  77.669]   [header-byte] write $ffa517 = 13 mask=00ff (pc=018446)
[  77.686]   [header-byte] write $ffa517 = 13 mask=00ff (pc=018446)
[  77.702]   [header-byte] write $ffa517 = 13 mask=00ff (pc=018446)
[  77.719]   [header-byte] write $ffa517 = 13 mask=00ff (pc=018446)
[  77.736]   [header-byte] write $ffa517 = 13 mask=00ff (pc=018446)
[  77.752]   [header-byte] write $ffa517 = 13 mask=00ff (pc=018446)
[  77.769]   [header-byte] write $ffa517 = 13 mask=00ff (pc=018446)
[  77.786]   [header-byte] write $ffa517 = 13 mask=00ff (pc=018446)
[  77.802]   [header-byte] write $ffa517 = 13 mask=00ff (pc=018446)
[  77.819]   [header-byte] write $ffa517 = 13 mask=00ff (pc=018446)
[  77.836]   [header-byte] write $ffa517 = 13 mask=00ff (pc=018446)
[  77.852]   [header-byte] write $ffa517 = 13 mask=00ff (pc=018446)
[  77.869]   [header-byte] write $ffa517 = 13 mask=00ff (pc=018446)
[  77.886]   [header-byte] write $ffa517 = 13 mask=00ff (pc=018446)
[  77.904]   [header-byte] write $ffa517 = 13 mask=00ff (pc=018446)
[  77.919]   [header-byte] write $ffa517 = 13 mask=00ff (pc=018446)
[  77.936]   [header-byte] write $ffa517 = 13 mask=00ff (pc=018446)
[  77.953]   [header-byte] write $ffa517 = 13 mask=00ff (pc=018446)
[  77.969]   [header-byte] write $ffa517 = 13 mask=00ff (pc=018446)
[  77.986]   [header-byte] write $ffa517 = 13 mask=00ff (pc=018446)
[  78.003]   [header-byte] write $ffa517 = 13 mask=00ff (pc=018446)
[  78.019]   [header-byte] write $ffa517 = 13 mask=00ff (pc=018446)
[  78.036]   [header-byte] write $ffa517 = 13 mask=00ff (pc=018446)
[  78.053]   [header-byte] write $ffa517 = 13 mask=00ff (pc=018446)
[  78.071]   [header-byte] write $ffa517 = 13 mask=00ff (pc=018446)
[  78.086]   [header-byte] write $ffa517 = 13 mask=00ff (pc=018446)
[  78.101] heartbeat frame=4680 tx=4629 rx=4882 fc=1 fd=10 fe=1 linkflag=82 pc=00028a a502=00 a524=0005 a525=05 a170=08 a17f=00 txtail=0015 rxpend=0000
[  78.101] [transport] captured=4629 flushed=4629 injected=4882 accepted=0 payload2=0 payload3=0 payload4=0 payload5=0 pump_reads=4653 bursts=928 txcredit=0 outq=0 inq=5 watchdog=0 txseq=a1 rxseq=81
[  78.101] [epochs] local=1 peer=1 ready=true discarded_rx=0
[  78.101] [tcb-continuations] ffa580=ff80->018392 sleep=0 local26=7710 ffa5c0=ff80->01853c sleep=0 local26=0000 ffd040=ff80->018a40 sleep=0 local26=8300 ffd0c0=ff80->018ee4 sleep=0 local26=0000 ffd100=ff80->01fbb4 sleep=0 local26=0000 ffd140=ff80->01fbb6 sleep=0 local26=0002 ffd180=ff80->01fbb6 sleep=0 local26=00a2 ffd1c0=ff80->01fbb6 sleep=0 local26=01c2 ffd200=ff80->01fbb6 sleep=0 local26=02e2 ffd240=ff80->01902e sleep=0 local26=0000 ffd280=ff80->01ffe2 sleep=0 local26=0006 ffd2c0=ff80->020004 sleep=0 local26=0002 ffd300=ff80->020004 sleep=0 local26=0000 ffd340=ff80->01febe sleep=0 local26=0000 ffd380=ff80->01fedc sleep=0 local26=0000
[  78.103]   [header-byte] write $ffa517 = 13 mask=00ff (pc=018446)
[  78.120]   [header-byte] write $ffa517 = 13 mask=00ff (pc=018446)
[  78.136]   [header-byte] write $ffa517 = 13 mask=00ff (pc=018446)
[  78.153]   [header-byte] write $ffa517 = 13 mask=00ff (pc=018446)
[  78.170]   [header-byte] write $ffa517 = 13 mask=00ff (pc=018446)
[  78.186]   [header-byte] write $ffa517 = 13 mask=00ff (pc=018446)
[  78.203]   [header-byte] write $ffa517 = 13 mask=00ff (pc=018446)
[  78.220]   [header-byte] write $ffa517 = 13 mask=00ff (pc=018446)
[  78.236]   [header-byte] write $ffa517 = 13 mask=00ff (pc=018446)
[  78.253]   [header-byte] write $ffa517 = 13 mask=00ff (pc=018446)
[  78.270]   [header-byte] write $ffa517 = 13 mask=00ff (pc=018446)
[  78.286]   [header-byte] write $ffa517 = 13 mask=00ff (pc=018446)
[  78.303]   [header-byte] write $ffa517 = 13 mask=00ff (pc=018446)
[  78.320]   [header-byte] write $ffa517 = 13 mask=00ff (pc=018446)
[  78.336]   [header-byte] write $ffa517 = 13 mask=00ff (pc=018446)
[  78.353]   [header-byte] write $ffa517 = 13 mask=00ff (pc=018446)
[  78.370]   [header-byte] write $ffa517 = 13 mask=00ff (pc=018446)
[  78.388]   [header-byte] write $ffa517 = 13 mask=00ff (pc=018446)
[  78.403]   [header-byte] write $ffa517 = 13 mask=00ff (pc=018446)
[  78.420]   [header-byte] write $ffa517 = 13 mask=00ff (pc=018446)
[  78.437]   [header-byte] write $ffa517 = 13 mask=00ff (pc=018446)
[  78.453]   [header-byte] write $ffa517 = 13 mask=00ff (pc=018446)
[  78.470]   [header-byte] write $ffa517 = 13 mask=00ff (pc=018446)
[  78.487]   [header-byte] write $ffa517 = 13 mask=00ff (pc=018446)
[  78.503]   [header-byte] write $ffa517 = 13 mask=00ff (pc=018446)
[  78.520]   [header-byte] write $ffa517 = 13 mask=00ff (pc=018446)
[  78.539]   [header-byte] write $ffa517 = 13 mask=00ff (pc=018446)
[  78.554]   [header-byte] write $ffa517 = 13 mask=00ff (pc=018446)
[  78.570]   [header-byte] write $ffa517 = 13 mask=00ff (pc=018446)
[  78.587]   [header-byte] write $ffa517 = 13 mask=00ff (pc=018446)
[  78.604]   [header-byte] write $ffa517 = 13 mask=00ff (pc=018446)
[  78.620]   [header-byte] write $ffa517 = 13 mask=00ff (pc=018446)
[  78.637]   [header-byte] write $ffa517 = 13 mask=00ff (pc=018446)
[  78.654]   [header-byte] write $ffa517 = 13 mask=00ff (pc=018446)
[  78.670]   [header-byte] write $ffa517 = 13 mask=00ff (pc=018446)
[  78.687]   [header-byte] write $ffa517 = 13 mask=00ff (pc=018446)
[  78.704]   [header-byte] write $ffa517 = 13 mask=00ff (pc=018446)
[  78.720]   [header-byte] write $ffa517 = 13 mask=00ff (pc=018446)
[  78.737]   [header-byte] write $ffa517 = 13 mask=00ff (pc=018446)
[  78.754]   [header-byte] write $ffa517 = 13 mask=00ff (pc=018446)
[  78.771]   [header-byte] write $ffa517 = 13 mask=00ff (pc=018446)
[  78.787]   [header-byte] write $ffa517 = 13 mask=00ff (pc=018446)
[  78.804]   [header-byte] write $ffa517 = 13 mask=00ff (pc=018446)
[  78.821]   [header-byte] write $ffa517 = 13 mask=00ff (pc=018446)
[  78.837]   [header-byte] write $ffa517 = 13 mask=00ff (pc=018446)
[  78.856]   [header-byte] write $ffa517 = 13 mask=00ff (pc=018446)
[  78.871]   [header-byte] write $ffa517 = 13 mask=00ff (pc=018446)
[  78.887]   [header-byte] write $ffa517 = 13 mask=00ff (pc=018446)
[  78.904]   [header-byte] write $ffa517 = 13 mask=00ff (pc=018446)
[  78.921]   [header-byte] write $ffa517 = 13 mask=00ff (pc=018446)
[  78.937]   [header-byte] write $ffa517 = 13 mask=00ff (pc=018446)
[  78.954]   [header-byte] write $ffa517 = 13 mask=00ff (pc=018446)
[  78.971]   [header-byte] write $ffa517 = 13 mask=00ff (pc=018446)
[  78.987]   [header-byte] write $ffa517 = 13 mask=00ff (pc=018446)
[  79.004]   [header-byte] write $ffa517 = 13 mask=00ff (pc=018446)
[  79.023]   [header-byte] write $ffa517 = 13 mask=00ff (pc=018446)
[  79.038]   [header-byte] write $ffa517 = 13 mask=00ff (pc=018446)
[  79.054]   [header-byte] write $ffa517 = 13 mask=00ff (pc=018446)
[  79.071]   [header-byte] write $ffa517 = 13 mask=00ff (pc=018446)
[  79.088]   [header-byte] write $ffa517 = 13 mask=00ff (pc=018446)
[  79.102] heartbeat frame=4740 tx=4929 rx=5182 fc=1 fd=10 fe=1 linkflag=82 pc=000288 a502=00 a524=0005 a525=05 a170=08 a17f=00 txtail=0041 rxpend=0000
[  79.102] [transport] captured=4929 flushed=4929 injected=5182 accepted=0 payload2=0 payload3=0 payload4=0 payload5=0 pump_reads=4713 bursts=988 txcredit=0 outq=0 inq=5 watchdog=0 txseq=dd rxseq=bd
[  79.102] [epochs] local=1 peer=1 ready=true discarded_rx=0
[  79.102] [game-state] a142=04 a13e=01 a13f=01 a530=1330 a506=03 a507=00 a508=00 a7b0=3822 a7a6=2312 script=01a638
[  79.102] [tcb-continuations] ffa580=ff80->018392 sleep=0 local26=7710 ffa5c0=ff80->01853c sleep=0 local26=0000 ffd040=ff80->018a40 sleep=0 local26=8300 ffd0c0=ff80->018ee4 sleep=0 local26=0000 ffd100=ff80->01fbb4 sleep=0 local26=0000 ffd140=ff80->01fbb6 sleep=0 local26=0002 ffd180=ff80->01fbb6 sleep=0 local26=00a2 ffd1c0=ff80->01fbb6 sleep=0 local26=01c2 ffd200=ff80->01fbb6 sleep=0 local26=02e2 ffd240=ff80->01902e sleep=0 local26=0000 ffd280=ff80->01ffe2 sleep=0 local26=0005 ffd2c0=ff80->020004 sleep=0 local26=0002 ffd300=ff80->020004 sleep=0 local26=0000 ffd340=ff80->01febe sleep=0 local26=0000 ffd380=ff80->01fedc sleep=0 local26=0000
[  79.104]   [header-byte] write $ffa517 = 13 mask=00ff (pc=018446)
[  79.121]   [header-byte] write $ffa517 = 13 mask=00ff (pc=018446)
[  79.138]   [header-byte] write $ffa517 = 13 mask=00ff (pc=018446)
[  79.154]   [header-byte] write $ffa517 = 13 mask=00ff (pc=018446)
[  79.171]   [header-byte] write $ffa517 = 13 mask=00ff (pc=018446)
[  79.188]   [header-byte] write $ffa517 = 13 mask=00ff (pc=018446)
[  79.205]   [header-byte] write $ffa517 = 13 mask=00ff (pc=018446)
[  79.221]   [header-byte] write $ffa517 = 13 mask=00ff (pc=018446)
[  79.238]   [header-byte] write $ffa517 = 13 mask=00ff (pc=018446)
[  79.255]   [header-byte] write $ffa517 = 13 mask=00ff (pc=018446)
[  79.271]   [header-byte] write $ffa517 = 13 mask=00ff (pc=018446)
[  79.288]   [header-byte] write $ffa517 = 13 mask=00ff (pc=018446)
[  79.323]   [header-byte] write $ffa517 = 13 mask=00ff (pc=018446)
[  79.323]   [header-byte] write $ffa517 = 13 mask=00ff (pc=018446)
[  79.338]   [header-byte] write $ffa517 = 13 mask=00ff (pc=018446)
[  79.355]   [header-byte] write $ffa517 = 13 mask=00ff (pc=018446)
[  79.371]   [header-byte] write $ffa517 = 13 mask=00ff (pc=018446)
[  79.388]   [header-byte] write $ffa517 = 13 mask=00ff (pc=018446)
[  79.405]   [header-byte] write $ffa517 = 13 mask=00ff (pc=018446)
[  79.421]   [header-byte] write $ffa517 = 13 mask=00ff (pc=018446)
[  79.438]   [header-byte] write $ffa517 = 13 mask=00ff (pc=018446)
[  79.455]   [header-byte] write $ffa517 = 13 mask=00ff (pc=018446)
[  79.471]   [header-byte] write $ffa517 = 13 mask=00ff (pc=018446)
[  79.489]   [header-byte] write $ffa517 = 13 mask=00ff (pc=018446)
[  79.505]   [header-byte] write $ffa517 = 13 mask=00ff (pc=018446)
[  79.521]   [header-byte] write $ffa517 = 13 mask=00ff (pc=018446)
[  79.538]   [header-byte] write $ffa517 = 13 mask=00ff (pc=018446)
[  79.555]   [header-byte] write $ffa517 = 13 mask=00ff (pc=018446)
[  79.571]   [header-byte] write $ffa517 = 13 mask=00ff (pc=018446)
[  79.588]   [header-byte] write $ffa517 = 13 mask=00ff (pc=018446)
[  79.605]   [header-byte] write $ffa517 = 13 mask=00ff (pc=018446)
[  79.621]   [header-byte] write $ffa517 = 13 mask=00ff (pc=018446)
[  79.638]   [header-byte] write $ffa517 = 13 mask=00ff (pc=018446)
[  79.655]   [header-byte] write $ffa517 = 13 mask=00ff (pc=018446)
[  79.688]   [header-byte] write $ffa517 = 13 mask=00ff (pc=018446)
[  79.688]   [header-byte] write $ffa517 = 13 mask=00ff (pc=018446)
[  79.705]   [header-byte] write $ffa517 = 13 mask=00ff (pc=018446)
[  79.721]   [header-byte] write $ffa517 = 13 mask=00ff (pc=018446)
[  79.738]   [header-byte] write $ffa517 = 13 mask=00ff (pc=018446)
[  79.755]   [header-byte] write $ffa517 = 13 mask=00ff (pc=018446)
[  79.771]   [header-byte] write $ffa517 = 13 mask=00ff (pc=018446)
[  79.788]   [header-byte] write $ffa517 = 13 mask=00ff (pc=018446)
[  79.807]   [header-byte] write $ffa517 = 13 mask=00ff (pc=018446)
[  79.822]   [header-byte] write $ffa517 = 13 mask=00ff (pc=018446)
[  79.838]   [header-byte] write $ffa517 = 13 mask=00ff (pc=018446)
[  79.855]   [header-byte] write $ffa517 = 13 mask=00ff (pc=018446)
[  79.872]   [header-byte] write $ffa517 = 13 mask=00ff (pc=018446)
[  79.889]   [header-byte] write $ffa517 = 13 mask=00ff (pc=018446)
[  79.905]   [header-byte] write $ffa517 = 13 mask=00ff (pc=018446)
[  79.922]   [header-byte] write $ffa517 = 13 mask=00ff (pc=018446)
[  79.938]   [header-byte] write $ffa517 = 13 mask=00ff (pc=018446)
[  79.957]   [header-byte] write $ffa517 = 13 mask=00ff (pc=018446)
[  79.972]   [header-byte] write $ffa517 = 13 mask=00ff (pc=018446)
[  79.989]   [header-byte] write $ffa517 = 13 mask=00ff (pc=018446)
[  80.005]   [header-byte] write $ffa517 = 13 mask=00ff (pc=018446)
[  80.022]   [header-byte] write $ffa517 = 13 mask=00ff (pc=018446)
[  80.039]   [header-byte] write $ffa517 = 13 mask=00ff (pc=018446)
[  80.055]   [header-byte] write $ffa517 = 13 mask=00ff (pc=018446)
[  80.072]   [header-byte] write $ffa517 = 13 mask=00ff (pc=018446)
[  80.089]   [header-byte] write $ffa517 = 13 mask=00ff (pc=018446)
[  80.103] heartbeat frame=4800 tx=5229 rx=5482 fc=1 fd=10 fe=1 linkflag=82 pc=00028a a502=00 a524=0005 a525=05 a170=08 a17f=00 txtail=006d rxpend=0000
[  80.103] [transport] captured=5229 flushed=5229 injected=5482 accepted=0 payload2=0 payload3=0 payload4=0 payload5=0 pump_reads=4773 bursts=1048 txcredit=0 outq=0 inq=5 watchdog=0 txseq=19 rxseq=f9
[  80.103] [epochs] local=1 peer=1 ready=true discarded_rx=0
[  80.105]   [header-byte] write $ffa517 = 13 mask=00ff (pc=018446)
[  80.122]   [header-byte] write $ffa517 = 13 mask=00ff (pc=018446)
[  80.139]   [header-byte] write $ffa517 = 13 mask=00ff (pc=018446)
[  80.155]   [header-byte] write $ffa517 = 13 mask=00ff (pc=018446)
[  80.172]   [header-byte] write $ffa517 = 13 mask=00ff (pc=018446)
[  80.189]   [header-byte] write $ffa517 = 13 mask=00ff (pc=018446)
[  80.205]   [header-byte] write $ffa517 = 13 mask=00ff (pc=018446)
[  80.222]   [header-byte] write $ffa517 = 13 mask=00ff (pc=018446)
[  80.239]   [header-byte] write $ffa517 = 13 mask=00ff (pc=018446)
[  80.255]   [header-byte] write $ffa517 = 13 mask=00ff (pc=018446)
[  80.274]   [header-byte] write $ffa517 = 13 mask=00ff (pc=018446)
[  80.289]   [header-byte] write $ffa517 = 13 mask=00ff (pc=018446)
[  80.306]   [header-byte] write $ffa517 = 13 mask=00ff (pc=018446)
[  80.322]   [header-byte] write $ffa517 = 13 mask=00ff (pc=018446)
[  80.339]   [header-byte] write $ffa517 = 13 mask=00ff (pc=018446)
[  80.372]   [header-byte] write $ffa517 = 13 mask=00ff (pc=018446)
[  80.372]   [header-byte] write $ffa517 = 13 mask=00ff (pc=018446)
[  80.391]   [header-byte] write $ffa517 = 13 mask=00ff (pc=018446)
[  80.391] [game-command] data=3333 mask=ff00 pc=018ae0 requests=00
[  80.406]   [header-byte] write $ffa517 = 13 mask=00ff (pc=018446)
[  80.423]   [header-byte] write $ffa517 = 13 mask=00ff (pc=018446)
[  80.441]   [header-byte] write $ffa517 = 13 mask=00ff (pc=018446)
[  80.456]   [header-byte] write $ffa517 = 13 mask=00ff (pc=018446)
[  80.473]   [header-byte] write $ffa517 = 13 mask=00ff (pc=018446)
[  80.489]   [header-byte] write $ffa517 = 13 mask=00ff (pc=018446)
[  80.506]   [header-byte] write $ffa517 = 13 mask=00ff (pc=018446)
[  80.523]   [header-byte] write $ffa517 = 13 mask=00ff (pc=018446)
[  80.540]   [header-byte] write $ffa517 = 13 mask=00ff (pc=018446)
[  80.556]   [header-byte] write $ffa517 = 13 mask=00ff (pc=018446)
[  80.573]   [header-byte] write $ffa517 = 13 mask=00ff (pc=018446)
[  80.590]   [header-byte] write $ffa517 = 13 mask=00ff (pc=018446)
[  80.623]   [header-byte] write $ffa517 = 13 mask=00ff (pc=018446)
[  80.623]   [header-byte] write $ffa517 = 13 mask=00ff (pc=018446)
[  80.640]   [header-byte] write $ffa517 = 13 mask=00ff (pc=018446)
[  80.656]   [header-byte] write $ffa517 = 13 mask=00ff (pc=018446)
[  80.673]   [header-byte] write $ffa517 = 13 mask=00ff (pc=018446)
[  80.706]   [header-byte] write $ffa517 = 13 mask=00ff (pc=018446)
[  80.706]   [header-byte] write $ffa517 = 13 mask=00ff (pc=018446)
[  80.723]   [header-byte] write $ffa517 = 13 mask=00ff (pc=018446)
[  80.740]   [header-byte] write $ffa517 = 13 mask=00ff (pc=018446)
[  80.758]   [header-byte] write $ffa517 = 13 mask=00ff (pc=018446)
[  80.790]   [header-byte] write $ffa517 = 13 mask=00ff (pc=018446)
[  80.790]   [header-byte] write $ffa517 = 13 mask=00ff (pc=018446)
[  80.806]   [header-byte] write $ffa517 = 13 mask=00ff (pc=018446)
[  80.823]   [header-byte] write $ffa517 = 13 mask=00ff (pc=018446)
[  80.856]   [header-byte] write $ffa517 = 13 mask=00ff (pc=018446)
[  80.856]   [header-byte] write $ffa517 = 13 mask=00ff (pc=018446)
[  80.873]   [header-byte] write $ffa517 = 13 mask=00ff (pc=018446)
[  80.890]   [header-byte] write $ffa517 = 13 mask=00ff (pc=018446)
[  80.910]   [header-byte] write $ffa517 = 13 mask=00ff (pc=018446)
[  80.923]   [header-byte] write $ffa517 = 13 mask=00ff (pc=018446)
[  80.940]   [header-byte] write $ffa517 = 13 mask=00ff (pc=018446)
[  80.957]   [header-byte] write $ffa517 = 13 mask=00ff (pc=018446)
[  80.973]   [header-byte] write $ffa517 = 13 mask=00ff (pc=018446)
[  80.990]   [header-byte] write $ffa517 = 13 mask=00ff (pc=018446)
[  81.007]   [header-byte] write $ffa517 = 13 mask=00ff (pc=018446)
[  81.023]   [header-byte] write $ffa517 = 13 mask=00ff (pc=018446)
[  81.040]   [header-byte] write $ffa517 = 13 mask=00ff (pc=018446)
[  81.040] [game-command] data=7373 mask=ff00 pc=018b72 requests=04
[  81.074]   [header-byte] write $ffa517 = 13 mask=00ff (pc=018446)
[  81.074] [game-command] data=3434 mask=00ff pc=018c2c requests=00
[  81.074] [game-command] data=8383 mask=ff00 pc=018c34 requests=00
[  81.104] heartbeat frame=4860 tx=5524 rx=5772 fc=1 fd=10 fe=1 linkflag=82 pc=000288 a502=00 a524=0000 a525=00 a170=08 a17f=00 txtail=0094 rxpend=0000
[  81.104] [transport] captured=5524 flushed=5524 injected=5772 accepted=0 payload2=0 payload3=0 payload4=0 payload5=0 pump_reads=4833 bursts=1107 txcredit=0 outq=0 inq=0 watchdog=1 txseq=53 rxseq=33
[  81.104] [epochs] local=1 peer=1 ready=true discarded_rx=0
[  81.104] [game-state] a142=04 a13e=04 a13f=0f a530=8334 a506=03 a507=01 a508=00 a7b0=3822 a7a6=8334 script=01a638
[  81.104] [tcb-continuations] ffa580=ff80->018392 sleep=0 local26=7710 ffa5c0=ff80->01853c sleep=0 local26=0100 ffd040=ff80->018cc8 sleep=19 local26=8300 ffd100=ff80->01fbb4 sleep=0 local26=0000 ffd140=ff80->01fbb6 sleep=0 local26=0002 ffd180=ff80->01fbb6 sleep=0 local26=00a2 ffd1c0=ff80->01fbb6 sleep=0 local26=01c2 ffd200=ff80->01fbb6 sleep=0 local26=02e2 ffd240=ff80->01902e sleep=0 local26=0000
[  81.574]   [header-byte] write $ffa517 = 13 mask=00ff (pc=018446)
[  82.074]   [header-byte] write $ffa517 = 13 mask=00ff (pc=018446)
[  82.106] heartbeat frame=4920 tx=5530 rx=5778 fc=1 fd=10 fe=1 linkflag=82 pc=00028a a502=00 a524=0000 a525=00 a170=08 a17f=00 txtail=009a rxpend=0000
[  82.106] [transport] captured=5530 flushed=5530 injected=5778 accepted=0 payload2=0 payload3=0 payload4=0 payload5=0 pump_reads=4893 bursts=1109 txcredit=0 outq=0 inq=0 watchdog=1 txseq=55 rxseq=35
[  82.106] [epochs] local=1 peer=1 ready=true discarded_rx=0
[  82.106] [tcb-continuations] ffa580=ff80->018392 sleep=0 local26=7710 ffa5c0=ff80->01853c sleep=0 local26=0100 ffd040=ff80->018d1a sleep=140 local26=8300 ffd100=ff80->01fbb4 sleep=0 local26=0000 ffd140=ff80->01fbb6 sleep=0 local26=0002 ffd180=ff80->01fbb6 sleep=0 local26=00a2 ffd1c0=ff80->01fbb6 sleep=0 local26=01c2 ffd200=ff80->01fbb6 sleep=0 local26=02e2 ffd240=ff80->01902e sleep=0 local26=0000 ffd280=ff80->027726 sleep=0 local26=0001
[  82.576]   [header-byte] write $ffa517 = 13 mask=00ff (pc=018446)
[  83.076]   [header-byte] write $ffa517 = 13 mask=00ff (pc=018446)
[  83.107] heartbeat frame=4980 tx=5536 rx=5784 fc=1 fd=10 fe=1 linkflag=82 pc=00028a a502=00 a524=0000 a525=00 a170=08 a17f=00 txtail=00a0 rxpend=0000
[  83.107] [transport] captured=5536 flushed=5536 injected=5784 accepted=0 payload2=0 payload3=0 payload4=0 payload5=0 pump_reads=4953 bursts=1111 txcredit=0 outq=0 inq=0 watchdog=1 txseq=57 rxseq=37
[  83.107] [epochs] local=1 peer=1 ready=true discarded_rx=0
[  83.107] [tcb-continuations] ffa580=ff80->018392 sleep=0 local26=7710 ffa5c0=ff80->01853c sleep=0 local26=0100 ffd040=ff80->018d1a sleep=80 local26=8300 ffd100=ff80->01fbb4 sleep=0 local26=0000 ffd140=ff80->01fbb6 sleep=0 local26=0002 ffd180=ff80->01fbb6 sleep=0 local26=00a2 ffd1c0=ff80->01fbb6 sleep=0 local26=01c2 ffd200=ff80->01fbb6 sleep=0 local26=02e2 ffd240=ff80->01902e sleep=0 local26=0000 ffd280=ff80->027726 sleep=0 local26=0001
[  83.576]   [header-byte] write $ffa517 = 13 mask=00ff (pc=018446)
[  84.079]   [header-byte] write $ffa517 = 13 mask=00ff (pc=018446)
[  84.108] heartbeat frame=5040 tx=5542 rx=5790 fc=1 fd=10 fe=1 linkflag=82 pc=00028a a502=00 a524=0000 a525=00 a170=08 a17f=00 txtail=00a6 rxpend=0000
[  84.108] [transport] captured=5542 flushed=5542 injected=5790 accepted=0 payload2=0 payload3=0 payload4=0 payload5=0 pump_reads=5013 bursts=1113 txcredit=0 outq=0 inq=0 watchdog=1 txseq=59 rxseq=39
[  84.108] [epochs] local=1 peer=1 ready=true discarded_rx=0
[  84.108] [tcb-continuations] ffa580=ff80->018392 sleep=0 local26=7710 ffa5c0=ff80->01853c sleep=0 local26=0100 ffd040=ff80->018d1a sleep=20 local26=8300 ffd100=ff80->01fbb4 sleep=0 local26=0000 ffd140=ff80->01fbb6 sleep=0 local26=0002 ffd180=ff80->01fbb6 sleep=0 local26=00a2 ffd1c0=ff80->01fbb6 sleep=0 local26=01c2 ffd200=ff80->01fbb6 sleep=0 local26=02e2 ffd240=ff80->01902e sleep=0 local26=0000 ffd280=ff80->027726 sleep=0 local26=0001
[  84.445] [game-command] data=9393 mask=ff00 pc=018d36 requests=00
[  84.445]   [header-byte] write $ffa513 = 10 mask=00ff (pc=018d50)
[  84.461] [game-command] data=0404 mask=ff00 pc=018d6e requests=00
[  84.461] [game-command] data=0000 mask=00ff pc=018d76 requests=00
[  84.511]   [header-byte] write $ffa517 = 10 mask=00ff (pc=018446)
[  84.553]   [menu-state] write $ffa170 = 4848 mask=ff00 (pc=01a87a)
[  84.553]   [menu-state] write $ffa170 = 4848 mask=ff00 (pc=01a87c)
[  84.553]   [menu-state] write $ffa170 = 4040 mask=ff00 (pc=01afb6)
[  84.553]   [menu-state] write $ffa170 = c2c2 mask=ff00 (pc=01afd8)
[  84.553]   [menu-state] write $ffa176 = 0000 mask=ff00 (pc=01afde)
[  84.553]   [header-byte] write $ffa513 = 00 mask=00ff (pc=01afe6)
[  84.553]   [header-byte] write $ffa513 = 10 mask=00ff (pc=01affe)
[  84.553]   [header-byte] write $ffa513 = 50 mask=00ff (pc=01b022)
[  84.553]   [header-byte] write $ffa513 = 54 mask=00ff (pc=01b044)
[  84.945]   [header-byte] write $ffa517 = 54 mask=00ff (pc=018446)
[  84.945]   [header-byte] write $ffa517 = 54 mask=00ff (pc=018446)
[  85.110] heartbeat frame=5100 tx=5595 rx=5803 fc=1 fd=10 fe=1 linkflag=82 pc=00028a a502=00 a524=0005 a525=05 a170=c2 a17f=00 txtail=00db rxpend=0000
[  85.110] [transport] captured=5595 flushed=5595 injected=5803 accepted=0 payload2=0 payload3=0 payload4=0 payload5=0 pump_reads=5073 bursts=1124 txcredit=0 outq=0 inq=0 watchdog=9 txseq=65 rxseq=3c
[  85.110] [epochs] local=1 peer=1 ready=true discarded_rx=0
[  85.110] [game-state] a142=04 a13e=04 a13f=0f a530=0400 a506=03 a507=01 a508=00 a7b0=3822 a7a6=9334 script=01f7f6
[  85.110] [tcb-continuations] ffa580=ff80->018392 sleep=0 local26=7710 ffa5c0=ff80->01853c sleep=0 local26=0000 ffd100=ff80->0242d0 sleep=0 local26=0000 ffd140=ff80->023f9e sleep=0 local26=0000 ffd180=ff80->023c40 sleep=0 local26=0000 ffd1c0=ff80->023c70 sleep=0 local26=0002 ffd200=ff80->023c70 sleep=0 local26=0000 ffd240=ff80->023c08 sleep=0 local26=0000
[  85.446]   [header-byte] write $ffa517 = 54 mask=00ff (pc=018446)
[  85.946]   [header-byte] write $ffa517 = 54 mask=00ff (pc=018446)
[  86.111] heartbeat frame=5160 tx=5895 rx=5809 fc=1 fd=10 fe=1 linkflag=82 pc=00028a a502=00 a524=0005 a525=05 a170=c2 a17f=00 txtail=0007 rxpend=0000
[  86.111] [transport] captured=5895 flushed=5895 injected=5809 accepted=0 payload2=0 payload3=0 payload4=0 payload5=0 pump_reads=5133 bursts=1184 txcredit=0 outq=0 inq=0 watchdog=9 txseq=a1 rxseq=3e
[  86.111] [epochs] local=1 peer=1 ready=true discarded_rx=0
[  86.111] [tcb-continuations] ffa580=ff80->018392 sleep=0 local26=7710 ffa5c0=ff80->01853c sleep=0 local26=0000 ffd100=ff80->0242d0 sleep=0 local26=0000 ffd140=ff80->023f9e sleep=0 local26=0000 ffd180=ff80->023c40 sleep=0 local26=0009 ffd1c0=ff80->023c70 sleep=0 local26=0002 ffd200=ff80->023c70 sleep=0 local26=0000 ffd240=ff80->023c08 sleep=0 local26=0000
[  86.447]   [header-byte] write $ffa517 = 54 mask=00ff (pc=018446)
[  86.447] [game-command] data=2424 mask=ff00 pc=02434e requests=00
[  86.463] [game-command] data=0404 mask=ff00 pc=02434e requests=00
[  86.530]   [header-byte] write $ffa517 = 54 mask=00ff (pc=018446)
[  87.033]   [header-byte] write $ffa517 = 54 mask=00ff (pc=018446)
[  87.112] heartbeat frame=5220 tx=6195 rx=5820 fc=1 fd=10 fe=1 linkflag=82 pc=00028a a502=00 a524=0005 a525=05 a170=c2 a17f=00 txtail=0033 rxpend=0000
[  87.112] [transport] captured=6195 flushed=6195 injected=5820 accepted=0 payload2=0 payload3=0 payload4=0 payload5=0 pump_reads=5193 bursts=1244 txcredit=0 outq=0 inq=0 watchdog=4 txseq=dd rxseq=41
[  87.112] [epochs] local=1 peer=1 ready=true discarded_rx=0
[  87.112] [tcb-continuations] ffa580=ff80->018392 sleep=0 local26=7710 ffa5c0=ff80->01853c sleep=0 local26=0000 ffd100=ff80->0242d0 sleep=0 local26=0101 ffd140=ff80->023f9e sleep=0 local26=0000 ffd180=ff80->023c40 sleep=0 local26=0008 ffd1c0=ff80->023c70 sleep=0 local26=0002 ffd200=ff80->023c70 sleep=0 local26=0000 ffd240=ff80->023c08 sleep=0 local26=0100
[  87.215] [game-command] data=2424 mask=ff00 pc=02434e requests=00
[  87.232] [game-command] data=0404 mask=ff00 pc=02434e requests=00
[  87.298]   [header-byte] write $ffa517 = 54 mask=00ff (pc=018446)
[  87.799]   [header-byte] write $ffa517 = 54 mask=00ff (pc=018446)
[  88.113] heartbeat frame=5280 tx=6495 rx=5828 fc=1 fd=10 fe=1 linkflag=82 pc=00028a a502=00 a524=0005 a525=05 a170=c2 a17f=00 txtail=005f rxpend=0000
[  88.113] [transport] captured=6495 flushed=6495 injected=5828 accepted=0 payload2=0 payload3=0 payload4=0 payload5=0 pump_reads=5253 bursts=1304 txcredit=0 outq=0 inq=0 watchdog=18 txseq=19 rxseq=43
[  88.113] [epochs] local=1 peer=1 ready=true discarded_rx=0
[  88.113] [tcb-continuations] ffa580=ff80->018392 sleep=0 local26=7710 ffa5c0=ff80->01853c sleep=0 local26=0000 ffd100=ff80->0242d0 sleep=0 local26=0202 ffd140=ff80->023f9e sleep=0 local26=0000 ffd180=ff80->023c40 sleep=0 local26=0007 ffd1c0=ff80->023c70 sleep=0 local26=0002 ffd200=ff80->023c70 sleep=0 local26=0000 ffd240=ff80->023c08 sleep=0 local26=0100
[  88.299]   [header-byte] write $ffa517 = 54 mask=00ff (pc=018446)
[  88.349] [game-command] data=8484 mask=ff00 pc=024322 requests=00
[  88.366] [game-command] data=0404 mask=ff00 pc=02434e requests=00
[  88.433]   [header-byte] write $ffa517 = 54 mask=00ff (pc=018446)
[  88.935]   [header-byte] write $ffa517 = 54 mask=00ff (pc=018446)
[  89.115] heartbeat frame=5340 tx=6598 rx=5839 fc=1 fd=10 fe=1 linkflag=82 pc=000288 a502=00 a524=0000 a525=00 a170=c2 a17f=00 txtail=00c6 rxpend=0000
[  89.115] [transport] captured=6598 flushed=6598 injected=5839 accepted=0 payload2=0 payload3=0 payload4=0 payload5=0 pump_reads=5313 bursts=1325 txcredit=0 outq=0 inq=0 watchdog=10 txseq=2d rxseq=46
[  89.115] [epochs] local=1 peer=1 ready=true discarded_rx=0
[  89.115] [tcb-continuations] ffa580=ff80->018392 sleep=0 local26=7710 ffa5c0=ff80->01853c sleep=0 local26=0b00 ffd100=ff80->02437e sleep=0 local26=0202 ffd140=ff80->02417c sleep=1 local26=0000 ffd240=ff80->023c3e sleep=0 local26=0200
[  89.435]   [header-byte] write $ffa517 = 54 mask=00ff (pc=018446)
[  90.116] heartbeat frame=5400 tx=6601 rx=5842 fc=1 fd=10 fe=1 linkflag=82 pc=000ff4 a502=00 a524=0000 a525=00 a170=c2 a17f=00 txtail=00c9 rxpend=0000
[  90.116] [transport] captured=6601 flushed=6601 injected=5842 accepted=0 payload2=0 payload3=0 payload4=0 payload5=0 pump_reads=5373 bursts=1326 txcredit=0 outq=0 inq=0 watchdog=21 txseq=2e rxseq=47
[  90.116] [epochs] local=1 peer=1 ready=true discarded_rx=0
[  90.116] [game-state] a142=04 a13e=04 a13f=0f a530=0400 a506=03 a507=01 a508=00 a7b0=3822 a7a6=9334 script=01a4b6
[  90.116] [tcb-continuations] ffa580=ff80->018392 sleep=0 local26=7710 ffa5c0=ff80->01853c sleep=0 local26=1600
[  90.335] [game-command] data=1616 mask=ff00 pc=00655a requests=00
[  90.335] [game-command] data=0101 mask=00ff pc=006562 requests=00
[  90.385]   [header-byte] write $ffa517 = 54 mask=00ff (pc=018446)
[  90.435]   [header-byte] write $ffa517 = 54 mask=00ff (pc=018446)
[  90.453]   [header-byte] write $ffa517 = 54 mask=00ff (pc=018446)
[  90.469]   [header-byte] write $ffa517 = 54 mask=00ff (pc=018446)
[  90.485]   [header-byte] write $ffa517 = 54 mask=00ff (pc=018446)
[  90.502]   [header-byte] write $ffa517 = 54 mask=00ff (pc=018446)
[  90.519]   [header-byte] write $ffa517 = 54 mask=00ff (pc=018446)
[  90.552]   [header-byte] write $ffa517 = 54 mask=00ff (pc=018446)
[  90.552]   [header-byte] write $ffa517 = 54 mask=00ff (pc=018446)
[  90.570]   [header-byte] write $ffa517 = 54 mask=00ff (pc=018446)
[  90.586]   [header-byte] write $ffa517 = 54 mask=00ff (pc=018446)
[  90.602]   [header-byte] write $ffa517 = 54 mask=00ff (pc=018446)
[  90.619]   [header-byte] write $ffa517 = 54 mask=00ff (pc=018446)
[  90.636]   [header-byte] write $ffa517 = 54 mask=00ff (pc=018446)
[  90.652]   [header-byte] write $ffa517 = 54 mask=00ff (pc=018446)
[  90.669]   [header-byte] write $ffa517 = 54 mask=00ff (pc=018446)
[  90.686]   [header-byte] write $ffa517 = 54 mask=00ff (pc=018446)
[  90.702]   [header-byte] write $ffa517 = 54 mask=00ff (pc=018446)
[  90.719]   [header-byte] write $ffa517 = 54 mask=00ff (pc=018446)
[  90.736]   [header-byte] write $ffa517 = 54 mask=00ff (pc=018446)
[  90.752]   [header-byte] write $ffa517 = 54 mask=00ff (pc=018446)
[  90.769]   [header-byte] write $ffa517 = 54 mask=00ff (pc=018446)
[  90.786]   [header-byte] write $ffa517 = 54 mask=00ff (pc=018446)
[  90.804]   [header-byte] write $ffa517 = 54 mask=00ff (pc=018446)
[  90.819]   [header-byte] write $ffa517 = 54 mask=00ff (pc=018446)
[  90.969]   [header-byte] write $ffa517 = 54 mask=00ff (pc=018446)
[  90.971] [game-command] data=2828 mask=ff00 pc=005340 requests=00
[  90.971] [game-command] data=2222 mask=00ff pc=005356 requests=00
[  91.117] heartbeat frame=5460 tx=6614 rx=6332 fc=1 fd=10 fe=1 linkflag=82 pc=00028a a502=00 a524=0000 a525=00 a170=c2 a17f=00 txtail=00d6 rxpend=0000
[  91.117] [transport] captured=6614 flushed=6614 injected=6332 accepted=0 payload2=0 payload3=0 payload4=0 payload5=0 pump_reads=5433 bursts=1329 txcredit=0 outq=0 inq=0 watchdog=8 txseq=31 rxseq=61
[  91.117] [epochs] local=1 peer=1 ready=true discarded_rx=0
[  91.117] [game-state] a142=04 a13e=04 a13f=0f a530=2822 a506=03 a507=01 a508=00 a7b0=2822 a7a6=9334 script=01a51a
[  91.117] [tcb-continuations] ffa580=ff80->018392 sleep=0 local26=7710 ffa5c0=ff80->01853c sleep=0 local26=0800 ffd000=ffc0->00d454 sleep=0 local26=0000 ffd040=ffc0->00daca sleep=0 local26=0000 ffd080=ffc0->004f14 sleep=0 local26=0000 ffd0c0=ffc0->004f14 sleep=0 local26=0000 ffd100=ff80->006782 sleep=0 local26=0000 ffd140=ffc0->007f6e sleep=0 local26=0000 ffd180=ff80->00539a sleep=0 local26=0200 ffd1c0=ff00->005660 sleep=0 local26=5a02 ffd200=ff00->0056e4 sleep=0 local26=0000 ffd240=ff80->00539a sleep=0 local26=0200 ffd280=ff00->005660 sleep=0 local26=5a02 ffd2c0=ff00->0056e4 sleep=0 local26=0000 ffd300=ff80->0086ee sleep=0 local26=0000 ffd340=ff80->0086ee sleep=0 local26=0000 ffdfc0=ffc0->00d5ca sleep=0 local26=0000
[  91.470]   [header-byte] write $ffa517 = 54 mask=00ff (pc=018446)
[  91.972]   [header-byte] write $ffa517 = 54 mask=00ff (pc=018446)
[  92.119] heartbeat frame=5520 tx=6620 rx=6338 fc=1 fd=10 fe=1 linkflag=82 pc=00028a a502=00 a524=0000 a525=00 a170=c2 a17f=00 txtail=00dc rxpend=0000
[  92.119] [transport] captured=6620 flushed=6620 injected=6338 accepted=0 payload2=0 payload3=0 payload4=0 payload5=0 pump_reads=5493 bursts=1331 txcredit=0 outq=0 inq=0 watchdog=8 txseq=33 rxseq=63
[  92.119] [epochs] local=1 peer=1 ready=true discarded_rx=0
[  92.119] [tcb-continuations] ffa580=ff80->018392 sleep=0 local26=7710 ffa5c0=ff80->01853c sleep=0 local26=0800 ffd000=ffc0->00d454 sleep=0 local26=0000 ffd040=ffc0->00daca sleep=0 local26=0000 ffd080=ffc0->004f14 sleep=0 local26=0000 ffd0c0=ffc0->004f14 sleep=0 local26=0000 ffd100=ff80->006782 sleep=0 local26=0000 ffd140=ffc0->007f6e sleep=0 local26=0000 ffd180=ff80->00539a sleep=0 local26=0200 ffd1c0=ff00->005660 sleep=0 local26=b202 ffd200=ff00->0056e4 sleep=0 local26=0000 ffd240=ff80->005454 sleep=0 local26=0200 ffd280=ff00->005660 sleep=0 local26=b202 ffd2c0=ff00->0056e4 sleep=0 local26=0000 ffd300=ff80->0086ee sleep=0 local26=0000 ffdfc0=ffc0->00d5ca sleep=0 local26=0000
[  92.471]   [header-byte] write $ffa517 = 54 mask=00ff (pc=018446)
[  92.972]   [header-byte] write $ffa517 = 54 mask=00ff (pc=018446)
[  93.120] heartbeat frame=5580 tx=6626 rx=6344 fc=1 fd=10 fe=1 linkflag=82 pc=00028a a502=00 a524=0000 a525=00 a170=c2 a17f=00 txtail=00e2 rxpend=0000
[  93.120] [transport] captured=6626 flushed=6626 injected=6344 accepted=0 payload2=0 payload3=0 payload4=0 payload5=0 pump_reads=5553 bursts=1333 txcredit=0 outq=0 inq=0 watchdog=8 txseq=35 rxseq=65
[  93.120] [epochs] local=1 peer=1 ready=true discarded_rx=0
[  93.120] [tcb-continuations] ffa580=ff80->018392 sleep=0 local26=7710 ffa5c0=ff80->01853c sleep=0 local26=0800 ffd000=ffc0->00d454 sleep=0 local26=0000 ffd040=ffc0->00daca sleep=0 local26=0000 ffd080=ffc0->004f14 sleep=0 local26=0000 ffd0c0=ffc0->004f30 sleep=0 local26=0000 ffd100=ff80->006782 sleep=0 local26=0000 ffd140=ffc0->007f6e sleep=0 local26=0000 ffd180=ff80->00539a sleep=0 local26=0200 ffd1c0=ff00->005660 sleep=0 local26=0a02 ffd200=ff00->0056e4 sleep=0 local26=0000 ffd240=ff80->005526 sleep=0 local26=0200 ffd300=ff80->0086ee sleep=0 local26=0000 ffdfc0=ffc0->00d5ca sleep=0 local26=0000
[  93.473]   [header-byte] write $ffa517 = 54 mask=00ff (pc=018446)
[  93.973]   [header-byte] write $ffa517 = 54 mask=00ff (pc=018446)
[  94.121] heartbeat frame=5640 tx=6632 rx=6350 fc=1 fd=10 fe=1 linkflag=82 pc=000288 a502=00 a524=0000 a525=00 a170=c2 a17f=00 txtail=00e8 rxpend=0000
[  94.121] [transport] captured=6632 flushed=6632 injected=6350 accepted=0 payload2=0 payload3=0 payload4=0 payload5=0 pump_reads=5613 bursts=1335 txcredit=0 outq=0 inq=0 watchdog=8 txseq=37 rxseq=67
[  94.121] [epochs] local=1 peer=1 ready=true discarded_rx=0
[  94.121] [tcb-continuations] ffa580=ff80->018392 sleep=0 local26=7710 ffa5c0=ff80->01853c sleep=0 local26=0800 ffd000=ffc0->00d454 sleep=0 local26=0000 ffd040=ffc0->00daca sleep=0 local26=0000 ffd080=ffc0->004f14 sleep=0 local26=0000 ffd0c0=ffc0->004f30 sleep=0 local26=0000 ffd100=ff80->006782 sleep=0 local26=0000 ffd140=ffc0->007f6e sleep=0 local26=0000 ffd180=ff80->00539a sleep=0 local26=0200 ffd1c0=ff00->005660 sleep=0 local26=6202 ffd200=ff00->0056e4 sleep=0 local26=0000 ffd240=ff80->005526 sleep=0 local26=0200 ffd300=ff80->0086ee sleep=0 local26=0000 ffdfc0=ffc0->00d5ca sleep=0 local26=0000
[  94.474]   [header-byte] write $ffa517 = 54 mask=00ff (pc=018446)
[  94.974]   [header-byte] write $ffa517 = 54 mask=00ff (pc=018446)
[  95.122] heartbeat frame=5700 tx=6638 rx=6356 fc=1 fd=10 fe=1 linkflag=82 pc=00028a a502=00 a524=0000 a525=00 a170=c2 a17f=00 txtail=00ee rxpend=0000
[  95.122] [transport] captured=6638 flushed=6638 injected=6356 accepted=0 payload2=0 payload3=0 payload4=0 payload5=0 pump_reads=5673 bursts=1337 txcredit=0 outq=0 inq=0 watchdog=8 txseq=39 rxseq=69
[  95.122] [epochs] local=1 peer=1 ready=true discarded_rx=0
[  95.122] [tcb-continuations] ffa580=ff80->018392 sleep=0 local26=7710 ffa5c0=ff80->01853c sleep=0 local26=0800 ffd000=ffc0->00d454 sleep=0 local26=0000 ffd040=ffc0->00daca sleep=0 local26=0000 ffd080=ffc0->004f14 sleep=0 local26=0000 ffd0c0=ffc0->004f30 sleep=0 local26=0000 ffd100=ff80->006782 sleep=0 local26=0000 ffd140=ffc0->007f6e sleep=0 local26=0000 ffd180=ff80->00539a sleep=0 local26=0200 ffd1c0=ff00->005660 sleep=0 local26=ba02 ffd200=ff00->0056e4 sleep=0 local26=0000 ffd240=ff80->005526 sleep=0 local26=0200 ffd300=ff80->0086ee sleep=0 local26=0000 ffdfc0=ffc0->00d5ca sleep=0 local26=0000
[  95.477]   [header-byte] write $ffa517 = 54 mask=00ff (pc=018446)
[  95.976]   [header-byte] write $ffa517 = 54 mask=00ff (pc=018446)
[  96.124] heartbeat frame=5760 tx=6644 rx=6362 fc=1 fd=10 fe=1 linkflag=82 pc=00028a a502=00 a524=0000 a525=00 a170=c2 a17f=00 txtail=00f4 rxpend=0000
[  96.124] [transport] captured=6644 flushed=6644 injected=6362 accepted=0 payload2=0 payload3=0 payload4=0 payload5=0 pump_reads=5733 bursts=1339 txcredit=0 outq=0 inq=0 watchdog=8 txseq=3b rxseq=6b
[  96.124] [epochs] local=1 peer=1 ready=true discarded_rx=0
[  96.124] [tcb-continuations] ffa580=ff80->018392 sleep=0 local26=7710 ffa5c0=ff80->01853c sleep=0 local26=0800 ffd000=ffc0->00d454 sleep=0 local26=0000 ffd040=ffc0->00daca sleep=0 local26=0000 ffd080=ffc0->004f14 sleep=0 local26=0000 ffd0c0=ffc0->004f30 sleep=0 local26=0000 ffd100=ff80->006782 sleep=0 local26=0000 ffd140=ffc0->007f6e sleep=0 local26=0000 ffd180=ff80->00539a sleep=0 local26=0200 ffd1c0=ff00->005660 sleep=0 local26=1202 ffd200=ff00->0056e4 sleep=0 local26=0000 ffd240=ff80->005526 sleep=0 local26=0200 ffd300=ff80->0086ee sleep=0 local26=0000 ffdfc0=ffc0->00d5ca sleep=0 local26=0000
[  96.476]   [header-byte] write $ffa517 = 54 mask=00ff (pc=018446)
[  96.977]   [header-byte] write $ffa517 = 54 mask=00ff (pc=018446)
[  97.125] heartbeat frame=5820 tx=6650 rx=6368 fc=1 fd=10 fe=1 linkflag=82 pc=000288 a502=00 a524=0000 a525=00 a170=c2 a17f=00 txtail=00fa rxpend=0000
[  97.125] [transport] captured=6650 flushed=6650 injected=6368 accepted=0 payload2=0 payload3=0 payload4=0 payload5=0 pump_reads=5793 bursts=1341 txcredit=0 outq=0 inq=0 watchdog=8 txseq=3d rxseq=6d
[  97.125] [epochs] local=1 peer=1 ready=true discarded_rx=0
[  97.125] [tcb-continuations] ffa580=ff80->018392 sleep=0 local26=7710 ffa5c0=ff80->01853c sleep=0 local26=0800 ffd000=ffc0->00d454 sleep=0 local26=0000 ffd040=ffc0->00daca sleep=0 local26=0000 ffd080=ffc0->004f14 sleep=0 local26=0000 ffd0c0=ffc0->004f30 sleep=0 local26=0000 ffd100=ff80->006782 sleep=0 local26=0000 ffd140=ffc0->007f6e sleep=0 local26=0000 ffd180=ff80->00539a sleep=0 local26=0200 ffd1c0=ff00->005660 sleep=0 local26=6a02 ffd200=ff00->0056e4 sleep=0 local26=0000 ffd240=ff80->005526 sleep=0 local26=0200 ffd300=ff80->0086ee sleep=0 local26=0000 ffdfc0=ffc0->00d5ca sleep=0 local26=0000
[  97.478]   [header-byte] write $ffa517 = 54 mask=00ff (pc=018446)
[  97.995]   [header-byte] write $ffa517 = 54 mask=00ff (pc=018446)
[  98.012]   [header-byte] write $ffa517 = 54 mask=00ff (pc=018446)
[  98.012] [game-command] data=3838 mask=ff00 pc=00d470 requests=00
[  98.126] heartbeat frame=5880 tx=6661 rx=6379 fc=1 fd=10 fe=1 linkflag=82 pc=000288 a502=00 a524=0000 a525=00 a170=c2 a17f=00 txtail=0005 rxpend=0000
[  98.126] [transport] captured=6661 flushed=6661 injected=6379 accepted=0 payload2=0 payload3=0 payload4=0 payload5=0 pump_reads=5853 bursts=1344 txcredit=0 outq=0 inq=0 watchdog=6 txseq=40 rxseq=70
[  98.126] [epochs] local=1 peer=1 ready=true discarded_rx=0
[  98.126] [game-state] a142=04 a13e=04 a13f=0f a530=3822 a506=03 a507=01 a508=00 a7b0=3822 a7a6=9334 script=01a51a
[  98.126] [tcb-continuations] ffa580=ff80->018392 sleep=0 local26=7710 ffa5c0=ff80->01853c sleep=0 local26=0600 ffd000=ffc0->00d47c sleep=0 local26=0000 ffd040=ffc0->00daca sleep=0 local26=0000 ffd080=ffc0->004f30 sleep=0 local26=0000 ffd0c0=ffc0->004f30 sleep=0 local26=0000 ffd100=ff80->006782 sleep=0 local26=0000 ffd140=ffc0->007fb6 sleep=0 local26=0000 ffdfc0=ffc0->00d66e sleep=0 local26=0000
[  98.513]   [header-byte] write $ffa517 = 54 mask=00ff (pc=018446)
[  99.013]   [header-byte] write $ffa517 = 54 mask=00ff (pc=018446)
[  99.128] heartbeat frame=5940 tx=6667 rx=6385 fc=1 fd=10 fe=1 linkflag=82 pc=000288 a502=00 a524=0000 a525=00 a170=c2 a17f=00 txtail=000b rxpend=0000
[  99.128] [transport] captured=6667 flushed=6667 injected=6385 accepted=0 payload2=0 payload3=0 payload4=0 payload5=0 pump_reads=5913 bursts=1346 txcredit=0 outq=0 inq=0 watchdog=6 txseq=42 rxseq=72
[  99.128] [epochs] local=1 peer=1 ready=true discarded_rx=0
[  99.465] [game-command] data=f8f8 mask=ff00 pc=008022 requests=00
[  99.482] [game-command] data=0b0b mask=ff00 pc=00d49c requests=00
[  99.514]   [header-byte] write $ffa517 = 54 mask=00ff (pc=018446)
[  99.581]   [header-byte] write $ffa517 = 54 mask=00ff (pc=018446)
[  99.597]   [header-byte] write $ffa517 = 54 mask=00ff (pc=018446)
[ 100.098]   [header-byte] write $ffa517 = 54 mask=00ff (pc=018446)
[ 100.129] heartbeat frame=6000 tx=6704 rx=6425 fc=1 fd=10 fe=1 linkflag=82 pc=000288 a502=00 a524=0000 a525=00 a170=c2 a17f=00 txtail=0030 rxpend=0000
[ 100.129] [transport] captured=6704 flushed=6704 injected=6425 accepted=0 payload2=0 payload3=0 payload4=0 payload5=0 pump_reads=5973 bursts=1349 txcredit=0 outq=0 inq=0 watchdog=1 txseq=45 rxseq=76
[ 100.129] [epochs] local=1 peer=1 ready=true discarded_rx=0
[ 100.129] [game-state] a142=04 a13e=04 a13f=0f a530=0b22 a506=0b a507=01 a508=00 a7b0=3822 a7a6=9334 script=01a51a
[ 100.129] [tcb-continuations] ffa580=ff80->018392 sleep=0 local26=7710 ffa5c0=ff80->01853c sleep=0 local26=0600 ffd000=ffc0->00d4b4 sleep=0 local26=0000 ffd040=ffc0->00daca sleep=0 local26=0000 ffd080=ffc0->00504e sleep=0 local26=2100 ffd0c0=ffc0->00504e sleep=0 local26=2100 ffd100=ff80->006782 sleep=0 local26=0000 ffd140=ffc0->008082 sleep=0 local26=0303 ffd180=ff80->007944 sleep=0 local26=0000 ffd1c0=ff80->007d70 sleep=0 local26=0000 ffd200=ff80->007944 sleep=0 local26=0000 ffd240=ff80->007d70 sleep=0 local26=0000 ffdfc0=ffc0->00d6d0 sleep=0 local26=0000 ffe000=ff00->008362 sleep=0 local26=ffec ffe040=ff00->008362 sleep=0 local26=ffec ffe080=ff00->008362 sleep=0 local26=ffec ffe0c0=ff00->008362 sleep=0 local26=ffec ffe100=ff00->008362 sleep=0 local26=ffec ffe140=ff00->008362 sleep=0 local26=ffec ffe180=ff00->008362 sleep=0 local26=ffec ffe1c0=ff00->008362 sleep=0 local26=ffec ffe200=ff00->008362 sleep=0 local26=ffec ffe240=ff00->008362 sleep=0 local26=ffec ffe280=ff00->008362 sleep=0 local26=ffec ffe2c0=ff00->008362 sleep=0 local26=ffec ffe300=ff00->008362 sleep=0 local26=ffec ffe340=ff00->008362 sleep=0 local26=ffec ffe380=ff00->008362 sleep=0 local26=ffec ffe480=ff00->008362 sleep=0 local26=ffec ffe4c0=ff00->008362 sleep=0 local26=ffec ffe500=ff00->008362 sleep=0 local26=ffec ffe540=ff00->008362 sleep=0 local26=ffec ffe580=ff00->008362 sleep=0 local26=ffec ffe5c0=ff00->008362 sleep=0 local26=ffec ffe600=ff00->008362 sleep=0 local26=ffec ffe640=ff00->008362 sleep=0 local26=ffec ffe680=ff00->008362 sleep=0 local26=ffec ffe6c0=ff00->008362 sleep=0 local26=ffec ffe700=ff00->008362 sleep=0 local26=ffec ffe740=ff00->008362 sleep=0 local26=ffec ffe780=ff00->008362 sleep=0 local26=ffec ffe7c0=ff00->008362 sleep=0 local26=ffec
[ 100.600]   [header-byte] write $ffa517 = 54 mask=00ff (pc=018446)
[ 101.099]   [header-byte] write $ffa517 = 54 mask=00ff (pc=018446)
[ 101.130] heartbeat frame=6060 tx=6710 rx=6431 fc=1 fd=10 fe=1 linkflag=82 pc=00028a a502=00 a524=0000 a525=00 a170=c2 a17f=00 txtail=0036 rxpend=0000
[ 101.130] [transport] captured=6710 flushed=6710 injected=6431 accepted=0 payload2=0 payload3=0 payload4=0 payload5=0 pump_reads=6033 bursts=1351 txcredit=0 outq=0 inq=0 watchdog=1 txseq=47 rxseq=78
[ 101.130] [epochs] local=1 peer=1 ready=true discarded_rx=0
[ 101.130] [tcb-continuations] ffa580=ff80->018392 sleep=0 local26=7710 ffa5c0=ff80->01853c sleep=0 local26=0600 ffd000=ffc0->00d4b4 sleep=0 local26=0000 ffd040=ffc0->00daca sleep=0 local26=0000 ffd080=ffc0->00504e sleep=0 local26=5d00 ffd0c0=ffc0->00504e sleep=0 local26=5d00 ffd100=ff80->006782 sleep=0 local26=0000 ffd140=ffc0->008082 sleep=0 local26=0303 ffd180=ff80->007944 sleep=0 local26=0000 ffd1c0=ff80->007d70 sleep=0 local26=0000 ffd200=ff80->007944 sleep=0 local26=0000 ffd240=ff80->007d70 sleep=0 local26=0000 ffdfc0=ffc0->00d6d0 sleep=0 local26=0000 ffe000=ff00->0070c2 sleep=0 local26=3600
[ 101.600]   [header-byte] write $ffa517 = 54 mask=00ff (pc=018446)
[ 102.100]   [header-byte] write $ffa517 = 54 mask=00ff (pc=018446)
[ 102.132] heartbeat frame=6120 tx=6737 rx=6437 fc=1 fd=10 fe=1 linkflag=82 pc=000288 a502=00 a524=0000 a525=00 a170=c2 a17f=00 txtail=0051 rxpend=0000
[ 102.132] [transport] captured=6737 flushed=6737 injected=6437 accepted=0 payload2=0 payload3=0 payload4=0 payload5=0 pump_reads=6093 bursts=1354 txcredit=0 outq=0 inq=0 watchdog=1 txseq=4a rxseq=7a
[ 102.132] [epochs] local=1 peer=1 ready=true discarded_rx=0
[ 102.132] [tcb-continuations] ffa580=ff80->018392 sleep=0 local26=7710 ffa5c0=ff80->01853c sleep=0 local26=0c00 ffd000=ffc0->00d4b4 sleep=0 local26=0000 ffd040=ffc0->00daca sleep=0 local26=0000 ffd080=ffc0->00504e sleep=0 local26=0700 ffd0c0=ffc0->00504e sleep=0 local26=9900 ffd100=ff80->006782 sleep=0 local26=0000 ffd140=ffc0->008082 sleep=0 local26=0203 ffd180=ff00->0079fe sleep=3 local26=0001 ffd1c0=ff00->0079fe sleep=1 local26=0000 ffd200=ff80->007944 sleep=0 local26=0000 ffd240=ff80->007d70 sleep=0 local26=0000 ffd280=ff80->007944 sleep=0 local26=0000 ffd2c0=ff80->007d70 sleep=0 local26=0000 ffdfc0=ffc0->00d6d0 sleep=0 local26=0000 ffe000=ff00->0070c2 sleep=0 local26=3600
[ 102.601]   [header-byte] write $ffa517 = 54 mask=00ff (pc=018446)
[ 103.102]   [header-byte] write $ffa517 = 54 mask=00ff (pc=018446)
[ 103.133] heartbeat frame=6180 tx=6743 rx=6443 fc=1 fd=10 fe=1 linkflag=82 pc=00028a a502=00 a524=0000 a525=00 a170=c2 a17f=00 txtail=0057 rxpend=0000
[ 103.133] [transport] captured=6743 flushed=6743 injected=6443 accepted=0 payload2=0 payload3=0 payload4=0 payload5=0 pump_reads=6153 bursts=1356 txcredit=0 outq=0 inq=0 watchdog=1 txseq=4c rxseq=7c
[ 103.133] [epochs] local=1 peer=1 ready=true discarded_rx=0
[ 103.133] [tcb-continuations] ffa580=ff80->018392 sleep=0 local26=7710 ffa5c0=ff80->01853c sleep=0 local26=0c00 ffd000=ffc0->00d4b4 sleep=0 local26=0000 ffd040=ffc0->00daca sleep=0 local26=0000 ffd080=ffc0->00504e sleep=0 local26=4300 ffd0c0=ffc0->00504e sleep=0 local26=d500 ffd100=ff80->006782 sleep=0 local26=0000 ffd140=ffc0->008082 sleep=0 local26=0103 ffd200=ff80->007944 sleep=0 local26=0001 ffd240=ff80->007d70 sleep=0 local26=0000 ffd280=ff80->007944 sleep=0 local26=0000 ffd2c0=ff80->007d70 sleep=0 local26=0000 ffdfc0=ffc0->00d6d0 sleep=0 local26=0000
[ 103.436]   [header-byte] write $ffa517 = 54 mask=00ff (pc=018446)
[ 103.452]   [header-byte] write $ffa517 = 54 mask=00ff (pc=018446)
[ 103.569]   [header-byte] write $ffa517 = 54 mask=00ff (pc=018446)
[ 104.069]   [header-byte] write $ffa517 = 54 mask=00ff (pc=018446)
[ 104.134] heartbeat frame=6240 tx=6770 rx=6487 fc=1 fd=10 fe=1 linkflag=82 pc=00028a a502=00 a524=0000 a525=00 a170=c2 a17f=00 txtail=0072 rxpend=0000
[ 104.134] [transport] captured=6770 flushed=6770 injected=6487 accepted=0 payload2=0 payload3=0 payload4=0 payload5=0 pump_reads=6213 bursts=1359 txcredit=0 outq=0 inq=0 watchdog=3 txseq=4f rxseq=80
[ 104.134] [epochs] local=1 peer=1 ready=true discarded_rx=0
[ 104.134] [tcb-continuations] ffa580=ff80->018392 sleep=0 local26=7710 ffa5c0=ff80->01853c sleep=0 local26=0800 ffd000=ffc0->00d4b4 sleep=0 local26=0000 ffd040=ffc0->00daca sleep=0 local26=0000 ffd080=ffc0->00504e sleep=0 local26=7f00 ffd0c0=ffc0->00504e sleep=0 local26=2100 ffd100=ff80->006782 sleep=0 local26=0000 ffd140=ffc0->008082 sleep=0 local26=0003 ffd180=ff80->007944 sleep=0 local26=0000 ffd1c0=ff80->007d70 sleep=0 local26=0000 ffd200=ff00->007a24 sleep=0 local26=0101 ffd240=ff00->007a24 sleep=0 local26=0100 ffd280=ff80->007944 sleep=0 local26=0000 ffd2c0=ff80->007d70 sleep=0 local26=0000 ffdfc0=ffc0->00d6d0 sleep=0 local26=0000 ffe000=ff00->0070c2 sleep=0 local26=2000
[ 104.570]   [header-byte] write $ffa517 = 54 mask=00ff (pc=018446)
[ 105.071]   [header-byte] write $ffa517 = 54 mask=00ff (pc=018446)
[ 105.135] heartbeat frame=6300 tx=6776 rx=6493 fc=1 fd=10 fe=1 linkflag=82 pc=00028a a502=00 a524=0000 a525=00 a170=c2 a17f=00 txtail=0078 rxpend=0000
[ 105.135] [transport] captured=6776 flushed=6776 injected=6493 accepted=0 payload2=0 payload3=0 payload4=0 payload5=0 pump_reads=6273 bursts=1361 txcredit=0 outq=0 inq=0 watchdog=3 txseq=51 rxseq=82
[ 105.135] [epochs] local=1 peer=1 ready=true discarded_rx=0
[ 105.135] [tcb-continuations] ffa580=ff80->018392 sleep=0 local26=7710 ffa5c0=ff80->01853c sleep=0 local26=0800 ffd000=ffc0->00d4b4 sleep=0 local26=0000 ffd040=ffc0->00daca sleep=0 local26=0000 ffd080=ffc0->00504e sleep=0 local26=bb00 ffd0c0=ffc0->00504e sleep=0 local26=5d00 ffd100=ff80->006782 sleep=0 local26=0000 ffd140=ffc0->008082 sleep=0 local26=02ff ffd180=ff80->007944 sleep=0 local26=0000 ffd1c0=ff80->007d70 sleep=0 local26=0000 ffd280=ff80->007944 sleep=0 local26=0001 ffd2c0=ff80->007d70 sleep=0 local26=0000 ffdfc0=ffc0->00d6d0 sleep=0 local26=0000
[ 105.572]   [header-byte] write $ffa517 = 54 mask=00ff (pc=018446)
[ 106.074]   [header-byte] write $ffa517 = 54 mask=00ff (pc=018446)
[ 106.137] heartbeat frame=6360 tx=6803 rx=6499 fc=1 fd=10 fe=1 linkflag=82 pc=000288 a502=00 a524=0000 a525=00 a170=c2 a17f=00 txtail=0093 rxpend=0000
[ 106.137] [transport] captured=6803 flushed=6803 injected=6499 accepted=0 payload2=0 payload3=0 payload4=0 payload5=0 pump_reads=6333 bursts=1364 txcredit=0 outq=0 inq=0 watchdog=3 txseq=54 rxseq=84
[ 106.137] [epochs] local=1 peer=1 ready=true discarded_rx=0
[ 106.137] [tcb-continuations] ffa580=ff80->018392 sleep=0 local26=7710 ffa5c0=ff80->01853c sleep=0 local26=0c00 ffd000=ffc0->00d4b4 sleep=0 local26=0000 ffd040=ffc0->00daca sleep=0 local26=0000 ffd080=ffc0->00504e sleep=0 local26=0700 ffd0c0=ffc0->00504e sleep=0 local26=9900 ffd100=ff80->006782 sleep=0 local26=0000 ffd140=ffc0->008082 sleep=0 local26=00ff ffd180=ff80->007944 sleep=0 local26=0001 ffd1c0=ff80->007d70 sleep=0 local26=0000 ffd200=ff80->007944 sleep=0 local26=0000 ffd240=ff80->007d70 sleep=0 local26=0000 ffd280=ff00->0079fe sleep=2 local26=0001 ffd2c0=ff00->0079fe sleep=3 local26=0000 ffdfc0=ffc0->00d6d0 sleep=0 local26=0000
[ 106.573]   [header-byte] write $ffa517 = 54 mask=00ff (pc=018446)
[ 106.907]   [header-byte] write $ffa517 = 54 mask=00ff (pc=018446)
[ 107.138] heartbeat frame=6420 tx=6823 rx=6519 fc=1 fd=10 fe=1 linkflag=82 pc=00028a a502=00 a524=0000 a525=00 a170=c2 a17f=00 txtail=00a7 rxpend=0000
[ 107.138] [transport] captured=6823 flushed=6823 injected=6519 accepted=0 payload2=0 payload3=0 payload4=0 payload5=0 pump_reads=6393 bursts=1366 txcredit=0 outq=0 inq=0 watchdog=13 txseq=56 rxseq=86
[ 107.138] [epochs] local=1 peer=1 ready=true discarded_rx=0
[ 107.138] [tcb-continuations] ffa580=ff80->018392 sleep=0 local26=7710 ffa5c0=ff80->01853c sleep=0 local26=1200 ffd000=ffc0->00d4b4 sleep=0 local26=0000 ffd040=ffc0->00daca sleep=0 local26=0000 ffd080=ffc0->00504e sleep=0 local26=4300 ffd0c0=ffc0->005120 sleep=11 local26=0001 ffd100=ff80->006782 sleep=0 local26=0000 ffd140=ffc0->008082 sleep=0 local26=0306 ffd180=ff00->0079fe sleep=4 local26=0001 ffd1c0=ff00->0079fe sleep=5 local26=0000 ffd200=ff80->007944 sleep=0 local26=0000 ffd240=ff80->007d70 sleep=0 local26=0000 ffdfc0=ffc0->00d6d0 sleep=0 local26=0000 ffe000=ff00->0070c2 sleep=0 local26=4c00
[ 107.408]   [header-byte] write $ffa517 = 54 mask=00ff (pc=018446)
[ 107.458]   [header-byte] write $ffa517 = 54 mask=00ff (pc=018446)
[ 107.574]   [header-byte] write $ffa517 = 54 mask=00ff (pc=018446)
[ 107.875]   [header-byte] write $ffa517 = 54 mask=00ff (pc=018446)
[ 108.008]   [header-byte] write $ffa517 = 54 mask=00ff (pc=018446)
[ 108.139] heartbeat frame=6480 tx=6850 rx=6570 fc=1 fd=10 fe=1 linkflag=82 pc=000288 a502=00 a524=0000 a525=00 a170=c2 a17f=00 txtail=00c2 rxpend=0000
[ 108.139] [transport] captured=6850 flushed=6850 injected=6570 accepted=0 payload2=0 payload3=0 payload4=0 payload5=0 pump_reads=6453 bursts=1369 txcredit=0 outq=0 inq=0 watchdog=7 txseq=59 rxseq=8b
[ 108.139] [epochs] local=1 peer=1 ready=true discarded_rx=0
[ 108.139] [tcb-continuations] ffa580=ff80->018392 sleep=0 local26=7710 ffa5c0=ff80->01853c sleep=0 local26=0c00 ffd000=ffc0->00d4b4 sleep=0 local26=0000 ffd040=ffc0->00daca sleep=0 local26=0000 ffd080=ffc0->00504e sleep=0 local26=7f00 ffd0c0=ffc0->00504e sleep=0 local26=0700 ffd100=ff80->006782 sleep=0 local26=0000 ffd140=ffc0->008082 sleep=0 local26=0306 ffd180=ff00->0084b8 sleep=0 local26=0000 ffd1c0=ff80->007944 sleep=0 local26=0000 ffd200=ff80->007944 sleep=0 local26=0000 ffd240=ff80->007d70 sleep=0 local26=0000 ffd280=ff80->007d70 sleep=0 local26=0000 ffd2c0=ff00->009950 sleep=0 local26=0002 ffdfc0=ffc0->00d6d0 sleep=0 local26=0000 ffe000=ff00->0070c2 sleep=0 local26=4c00
[ 108.509]   [header-byte] write $ffa517 = 54 mask=00ff (pc=018446)
[ 109.009]   [header-byte] write $ffa517 = 54 mask=00ff (pc=018446)
[ 109.141] heartbeat frame=6540 tx=6856 rx=6576 fc=1 fd=10 fe=1 linkflag=82 pc=000288 a502=00 a524=0000 a525=00 a170=c2 a17f=00 txtail=00c8 rxpend=0000
[ 109.141] [transport] captured=6856 flushed=6856 injected=6576 accepted=0 payload2=0 payload3=0 payload4=0 payload5=0 pump_reads=6513 bursts=1371 txcredit=0 outq=0 inq=0 watchdog=7 txseq=5b rxseq=8d
[ 109.141] [epochs] local=1 peer=1 ready=true discarded_rx=0
[ 109.141] [tcb-continuations] ffa580=ff80->018392 sleep=0 local26=7710 ffa5c0=ff80->01853c sleep=0 local26=0c00 ffd000=ffc0->00d4b4 sleep=0 local26=0000 ffd040=ffc0->00daca sleep=0 local26=0000 ffd080=ffc0->00504e sleep=0 local26=bb00 ffd0c0=ffc0->00504e sleep=0 local26=4300 ffd100=ff80->006782 sleep=0 local26=0000 ffd140=ffc0->008082 sleep=0 local26=0206 ffd180=ff00->0084cc sleep=0 local26=0000 ffd1c0=ff80->007944 sleep=0 local26=0000 ffd200=ff80->007944 sleep=0 local26=0001 ffd240=ff80->007d70 sleep=0 local26=0000 ffd280=ff80->007d70 sleep=0 local26=0000 ffdfc0=ffc0->00d6d0 sleep=0 local26=0000 ffe000=ff00->0070c2 sleep=0 local26=4c00
[ 109.510]   [header-byte] write $ffa517 = 54 mask=00ff (pc=018446)
[ 110.011]   [header-byte] write $ffa517 = 54 mask=00ff (pc=018446)
[ 110.142] heartbeat frame=6600 tx=6883 rx=6582 fc=1 fd=10 fe=1 linkflag=82 pc=00028a a502=00 a524=0000 a525=00 a170=c2 a17f=00 txtail=00e3 rxpend=0000
[ 110.142] [transport] captured=6883 flushed=6883 injected=6582 accepted=0 payload2=0 payload3=0 payload4=0 payload5=0 pump_reads=6573 bursts=1374 txcredit=0 outq=0 inq=0 watchdog=7 txseq=5e rxseq=8f
[ 110.142] [epochs] local=1 peer=1 ready=true discarded_rx=0
[ 110.142] [tcb-continuations] ffa580=ff80->018392 sleep=0 local26=7710 ffa5c0=ff80->01853c sleep=0 local26=0e00 ffd000=ffc0->00d4b4 sleep=0 local26=0000 ffd040=ffc0->00daca sleep=0 local26=0000 ffd080=ffc0->00504e sleep=0 local26=2700 ffd0c0=ffc0->00504e sleep=0 local26=7f00 ffd100=ff80->006782 sleep=0 local26=0000 ffd140=ffc0->008082 sleep=0 local26=0106 ffd180=ff00->0084cc sleep=0 local26=0000 ffd1c0=ff80->007944 sleep=0 local26=0000 ffd280=ff80->007d70 sleep=0 local26=0000 ffd2c0=ff80->007944 sleep=0 local26=0000 ffd300=ff80->007d70 sleep=0 local26=0000 ffdfc0=ffc0->00d6d0 sleep=0 local26=0000
[ 110.512]   [header-byte] write $ffa517 = 54 mask=00ff (pc=018446)
[ 110.929]   [header-byte] write $ffa517 = 54 mask=00ff (pc=018446)
[ 111.046]   [header-byte] write $ffa517 = 54 mask=00ff (pc=018446)
[ 111.143] heartbeat frame=6660 tx=6889 rx=6609 fc=1 fd=10 fe=1 linkflag=82 pc=000288 a502=00 a524=0000 a525=00 a170=c2 a17f=00 txtail=00e9 rxpend=0000
[ 111.143] [transport] captured=6889 flushed=6889 injected=6609 accepted=0 payload2=0 payload3=0 payload4=0 payload5=0 pump_reads=6633 bursts=1376 txcredit=0 outq=0 inq=0 watchdog=5 txseq=60 rxseq=92
[ 111.143] [epochs] local=1 peer=1 ready=true discarded_rx=0
[ 111.143] [tcb-continuations] ffa580=ff80->018392 sleep=0 local26=7710 ffa5c0=ff80->01853c sleep=0 local26=0e00 ffd000=ffc0->00d4b4 sleep=0 local26=0000 ffd040=ffc0->00daca sleep=0 local26=0000 ffd080=ffc0->00504e sleep=0 local26=6300 ffd0c0=ffc0->00504e sleep=0 local26=bb00 ffd100=ff80->006782 sleep=0 local26=0000 ffd140=ffc0->008082 sleep=0 local26=0006 ffd180=ff00->0084cc sleep=0 local26=0000 ffd1c0=ff80->007944 sleep=0 local26=0001 ffd280=ff80->007d70 sleep=0 local26=0000 ffd2c0=ff80->007944 sleep=0 local26=0000 ffd300=ff80->007d70 sleep=0 local26=0000 ffdfc0=ffc0->00d6d0 sleep=0 local26=0000 ffe000=ff00->0070c2 sleep=0 local26=2b00
[ 111.548]   [header-byte] write $ffa517 = 54 mask=00ff (pc=018446)
[ 111.880]   [header-byte] write $ffa517 = 54 mask=00ff (pc=018446)
[ 112.015]   [header-byte] write $ffa517 = 54 mask=00ff (pc=018446)
[ 112.144] heartbeat frame=6720 tx=6916 rx=6636 fc=1 fd=10 fe=1 linkflag=82 pc=00028a a502=00 a524=0000 a525=00 a170=c2 a17f=00 txtail=0004 rxpend=0000
[ 112.144] [transport] captured=6916 flushed=6916 injected=6636 accepted=0 payload2=0 payload3=0 payload4=0 payload5=0 pump_reads=6693 bursts=1379 txcredit=0 outq=0 inq=0 watchdog=7 txseq=63 rxseq=95
[ 112.144] [epochs] local=1 peer=1 ready=true discarded_rx=0
[ 112.144] [tcb-continuations] ffa580=ff80->018392 sleep=0 local26=7710 ffa5c0=ff80->01853c sleep=0 local26=0c00 ffd000=ffc0->00d4b4 sleep=0 local26=0000 ffd040=ffc0->00daca sleep=0 local26=0000 ffd080=ffc0->00504e sleep=0 local26=9f00 ffd0c0=ffc0->00504e sleep=0 local26=0700 ffd100=ff80->006782 sleep=0 local26=0000 ffd140=ffc0->008082 sleep=0 local26=0006 ffd180=ff00->0084cc sleep=0 local26=0000 ffd1c0=ff00->0079fe sleep=2 local26=0001 ffd200=ff80->007944 sleep=0 local26=0000 ffd240=ff80->007d70 sleep=0 local26=0000 ffd280=ff00->0079fe sleep=3 local26=0000 ffd2c0=ff80->007944 sleep=0 local26=0001 ffd300=ff80->007d70 sleep=0 local26=0000 ffdfc0=ffc0->00d6d0 sleep=0 local26=0000 ffe000=ff00->0070c2 sleep=0 local26=2b00
[ 112.514]   [header-byte] write $ffa517 = 54 mask=00ff (pc=018446)
[ 113.015]   [header-byte] write $ffa517 = 54 mask=00ff (pc=018446)
[ 113.146] heartbeat frame=6780 tx=6943 rx=6642 fc=1 fd=10 fe=1 linkflag=82 pc=000288 a502=00 a524=0000 a525=00 a170=c2 a17f=00 txtail=001f rxpend=0000
[ 113.146] [transport] captured=6943 flushed=6943 injected=6642 accepted=0 payload2=0 payload3=0 payload4=0 payload5=0 pump_reads=6753 bursts=1382 txcredit=0 outq=0 inq=0 watchdog=7 txseq=66 rxseq=97
[ 113.146] [epochs] local=1 peer=1 ready=true discarded_rx=0
[ 113.146] [tcb-continuations] ffa580=ff80->018392 sleep=0 local26=7710 ffa5c0=ff80->01853c sleep=0 local26=0a00 ffd000=ffc0->00d4b4 sleep=0 local26=0000 ffd040=ffc0->00daca sleep=0 local26=0000 ffd080=ffc0->00504e sleep=0 local26=2300 ffd0c0=ffc0->00504e sleep=0 local26=4300 ffd100=ff80->006782 sleep=0 local26=0000 ffd140=ffc0->008082 sleep=0 local26=00ff ffd180=ff00->0084cc sleep=0 local26=0000 ffd200=ff80->007944 sleep=0 local26=0000 ffd240=ff80->007d70 sleep=0 local26=0000 ffd340=ff80->007944 sleep=0 local26=0000 ffd380=ff80->007d70 sleep=0 local26=0000 ffdfc0=ffc0->00d6d0 sleep=0 local26=0000 ffe000=ff00->0070c2 sleep=0 local26=2b00
[ 113.515]   [header-byte] write $ffa517 = 54 mask=00ff (pc=018446)
[ 113.982]   [header-byte] write $ffa517 = 54 mask=00ff (pc=018446)
[ 114.118]   [header-byte] write $ffa517 = 54 mask=00ff (pc=018446)
[ 114.147] heartbeat frame=6840 tx=6949 rx=6669 fc=1 fd=10 fe=1 linkflag=82 pc=00028a a502=00 a524=0000 a525=00 a170=c2 a17f=00 txtail=0025 rxpend=0000
[ 114.147] [transport] captured=6949 flushed=6949 injected=6669 accepted=0 payload2=0 payload3=0 payload4=0 payload5=0 pump_reads=6813 bursts=1384 txcredit=0 outq=0 inq=0 watchdog=1 txseq=68 rxseq=9a
[ 114.147] [epochs] local=1 peer=1 ready=true discarded_rx=0
[ 114.147] [tcb-continuations] ffa580=ff80->018392 sleep=0 local26=7710 ffa5c0=ff80->01853c sleep=0 local26=0a00 ffd000=ffc0->00d4b4 sleep=0 local26=0000 ffd040=ffc0->00daca sleep=0 local26=0000 ffd080=ffc0->00504e sleep=0 local26=5f00 ffd0c0=ffc0->00504e sleep=0 local26=7f00 ffd100=ff80->006782 sleep=0 local26=0000 ffd140=ffc0->008082 sleep=0 local26=00ff ffd180=ff00->0084cc sleep=0 local26=0000 ffd200=ff80->007944 sleep=0 local26=0000 ffd240=ff80->007d70 sleep=0 local26=0000 ffd340=ff80->007944 sleep=0 local26=0001 ffd380=ff80->007d70 sleep=0 local26=0000 ffdfc0=ffc0->00d6d0 sleep=0 local26=0000
[ 114.617]   [header-byte] write $ffa517 = 54 mask=00ff (pc=018446)
[ 115.117]   [header-byte] write $ffa517 = 54 mask=00ff (pc=018446)
[ 115.148] heartbeat frame=6900 tx=6976 rx=6675 fc=1 fd=10 fe=1 linkflag=82 pc=000288 a502=00 a524=0000 a525=00 a170=c2 a17f=00 txtail=0040 rxpend=0000
[ 115.148] [transport] captured=6976 flushed=6976 injected=6675 accepted=0 payload2=0 payload3=0 payload4=0 payload5=0 pump_reads=6873 bursts=1387 txcredit=0 outq=0 inq=0 watchdog=1 txseq=6b rxseq=9c
[ 115.148] [epochs] local=1 peer=1 ready=true discarded_rx=0
[ 115.148] [tcb-continuations] ffa580=ff80->018392 sleep=0 local26=7710 ffa5c0=ff80->01853c sleep=0 local26=0800 ffd000=ffc0->00d4b4 sleep=0 local26=0000 ffd040=ffc0->00daca sleep=0 local26=0000 ffd080=ffc0->00504e sleep=0 local26=0300 ffd0c0=ffc0->00504e sleep=0 local26=bb00 ffd100=ff80->006782 sleep=0 local26=0000 ffd140=ffc0->008082 sleep=0 local26=00ff ffd180=ff00->0084cc sleep=0 local26=0000 ffd1c0=ff80->007944 sleep=0 local26=0000 ffd200=ff80->007944 sleep=0 local26=0001 ffd240=ff80->007d70 sleep=0 local26=0000 ffd280=ff80->007d70 sleep=0 local26=0000 ffd340=ff00->0079fe sleep=7 local26=0001 ffd380=ff00->007a24 sleep=0 local26=0600 ffdfc0=ffc0->00d6d0 sleep=0 local26=0000
[ 115.351]   [header-byte] write $ffa517 = 54 mask=00ff (pc=018446)
[ 115.485]   [header-byte] write $ffa517 = 54 mask=00ff (pc=018446)
[ 115.987]   [header-byte] write $ffa517 = 54 mask=00ff (pc=018446)
[ 116.150] heartbeat frame=6960 tx=7003 rx=6702 fc=1 fd=10 fe=1 linkflag=82 pc=000288 a502=00 a524=0000 a525=00 a170=c2 a17f=00 txtail=005b rxpend=0000
[ 116.150] [transport] captured=7003 flushed=7003 injected=6702 accepted=0 payload2=0 payload3=0 payload4=0 payload5=0 pump_reads=6933 bursts=1390 txcredit=0 outq=0 inq=0 watchdog=9 txseq=6e rxseq=9f
[ 116.150] [epochs] local=1 peer=1 ready=true discarded_rx=0
[ 116.150] [tcb-continuations] ffa580=ff80->018392 sleep=0 local26=7710 ffa5c0=ff80->01853c sleep=0 local26=0e00 ffd000=ffc0->00d4b4 sleep=0 local26=0000 ffd040=ffc0->00daca sleep=0 local26=0000 ffd080=ffc0->00504e sleep=0 local26=3f00 ffd0c0=ffc0->00504e sleep=0 local26=2700 ffd100=ff80->006782 sleep=0 local26=0000 ffd140=ffc0->008082 sleep=0 local26=0203 ffd180=ff00->0084cc sleep=0 local26=0000 ffd1c0=ff80->007944 sleep=0 local26=0001 ffd280=ff80->007d70 sleep=0 local26=0000 ffd2c0=ff80->007944 sleep=0 local26=0000 ffd300=ff80->007d70 sleep=0 local26=0000 ffdfc0=ffc0->00d6d0 sleep=0 local26=0000 ffe000=ff00->0070c2 sleep=0 local26=3600
[ 116.486]   [header-byte] write $ffa517 = 54 mask=00ff (pc=018446)
[ 116.519]   [header-byte] write $ffa517 = 54 mask=00ff (pc=018446)
[ 116.652]   [header-byte] write $ffa517 = 54 mask=00ff (pc=018446)
[ 117.151] heartbeat frame=7020 tx=7030 rx=6729 fc=1 fd=10 fe=1 linkflag=82 pc=00028a a502=00 a524=0000 a525=00 a170=c2 a17f=00 txtail=0076 rxpend=0000
[ 117.151] [transport] captured=7030 flushed=7030 injected=6729 accepted=0 payload2=0 payload3=0 payload4=0 payload5=0 pump_reads=6993 bursts=1393 txcredit=0 outq=0 inq=3 watchdog=29 txseq=71 rxseq=a2
[ 117.151] [epochs] local=1 peer=1 ready=true discarded_rx=0
[ 117.151] [tcb-continuations] ffa580=ff80->018392 sleep=0 local26=7710 ffa5c0=ff80->01853c sleep=0 local26=0800 ffd000=ffc0->00d4b4 sleep=0 local26=0000 ffd040=ffc0->00daca sleep=0 local26=0000 ffd080=ffc0->00504e sleep=0 local26=0300 ffd0c0=ffc0->00504e sleep=0 local26=6300 ffd100=ff80->006782 sleep=0 local26=0000 ffd140=ffc0->008082 sleep=0 local26=0103 ffd180=ff00->0084cc sleep=0 local26=0000 ffd1c0=ff00->0079fe sleep=7 local26=0001 ffd200=ff80->007944 sleep=0 local26=0000 ffd240=ff80->007d70 sleep=0 local26=0000 ffd280=ff00->007a24 sleep=0 local26=0600 ffd2c0=ff80->007944 sleep=0 local26=0000 ffd300=ff80->007d70 sleep=0 local26=0000 ffdfc0=ffc0->00d6d0 sleep=0 local26=0000 ffe000=ff00->0070c2 sleep=0 local26=3600
[ 117.153]   [header-byte] write $ffa517 = 54 mask=00ff (pc=018446)
[ 117.654]   [header-byte] write $ffa517 = 54 mask=00ff (pc=018446)
[ 118.152] heartbeat frame=7080 tx=7036 rx=6735 fc=1 fd=10 fe=1 linkflag=82 pc=000288 a502=00 a524=0000 a525=00 a170=c2 a17f=00 txtail=007c rxpend=0000
[ 118.152] [transport] captured=7036 flushed=7036 injected=6735 accepted=0 payload2=0 payload3=0 payload4=0 payload5=0 pump_reads=7053 bursts=1395 txcredit=0 outq=0 inq=3 watchdog=29 txseq=73 rxseq=a4
[ 118.152] [epochs] local=1 peer=1 ready=true discarded_rx=0
[ 118.152] [tcb-continuations] ffa580=ff80->018392 sleep=0 local26=7710 ffa5c0=ff80->01853c sleep=0 local26=0800 ffd000=ffc0->00d4b4 sleep=0 local26=0000 ffd040=ffc0->00daca sleep=0 local26=0000 ffd080=ffc0->00504e sleep=0 local26=3f00 ffd0c0=ffc0->00504e sleep=0 local26=9f00 ffd100=ff80->006782 sleep=0 local26=0000 ffd140=ffc0->008082 sleep=0 local26=0003 ffd180=ff00->0084cc sleep=0 local26=0000 ffd200=ff80->007944 sleep=0 local26=0001 ffd240=ff80->007d70 sleep=0 local26=0000 ffd2c0=ff80->007944 sleep=0 local26=0001 ffd300=ff80->007d70 sleep=0 local26=0000 ffdfc0=ffc0->00d6d0 sleep=0 local26=0000
[ 118.155]   [header-byte] write $ffa517 = 54 mask=00ff (pc=018446)
[ 118.422]   [header-byte] write $ffa517 = 54 mask=00ff (pc=018446)
[ 118.423] [game-command] data=1b1b mask=ff00 pc=00c030 requests=00
[ 118.522]   [header-byte] write $ffa517 = 54 mask=00ff (pc=018446)
[ 118.555]   [header-byte] write $ffa517 = 54 mask=00ff (pc=018446)
[ 118.656]   [header-byte] write $ffa517 = 54 mask=00ff (pc=018446)
[ 119.153] heartbeat frame=7140 tx=7089 rx=6786 fc=1 fd=10 fe=1 linkflag=82 pc=000288 a502=00 a524=0000 a525=00 a170=c2 a17f=00 txtail=00b1 rxpend=0000
[ 119.153] [transport] captured=7089 flushed=7089 injected=6786 accepted=0 payload2=0 payload3=0 payload4=0 payload5=0 pump_reads=7113 bursts=1400 txcredit=0 outq=0 inq=3 watchdog=29 txseq=78 rxseq=a9
[ 119.153] [epochs] local=1 peer=1 ready=true discarded_rx=0
[ 119.153] [game-state] a142=04 a13e=04 a13f=0f a530=1b22 a506=0b a507=01 a508=00 a7b0=3822 a7a6=9334 script=01a51a
[ 119.153] [tcb-continuations] ffa580=ff80->018392 sleep=0 local26=7710 ffa5c0=ff80->01853c sleep=0 local26=0a00 ffd000=ffc0->00d4b4 sleep=0 local26=0000 ffd040=ffc0->00daca sleep=0 local26=0000 ffd080=ffc0->00bdcc sleep=0 local26=0006 ffd0c0=ffc0->00504e sleep=0 local26=2300 ffd100=ff80->006782 sleep=0 local26=0000 ffd140=ffc0->008082 sleep=0 local26=0003 ffd180=ff00->0084cc sleep=0 local26=0000 ffd200=ff80->007944 sleep=0 local26=0000 ffd240=ff80->007d70 sleep=0 local26=0000 ffd280=ff80->00cec4 sleep=0 local26=001a ffd340=ff80->00cec4 sleep=0 local26=0815 ffd380=ff80->00cec4 sleep=0 local26=000e ffd3c0=ff80->00cec4 sleep=0 local26=000c ffd400=ff80->00cec4 sleep=0 local26=0016 ffd440=ff80->00cec4 sleep=0 local26=0819 ffd480=ff80->00449a sleep=0 local26=0000 ffdfc0=ffc0->00d6d0 sleep=0 local26=0000 ffe000=ff00->0070c2 sleep=0 local26=4100
[ 119.156]   [header-byte] write $ffa517 = 54 mask=00ff (pc=018446)
[ 119.657]   [header-byte] write $ffa517 = 54 mask=00ff (pc=018446)
[ 119.857]   [header-byte] write $ffa517 = 54 mask=00ff (pc=018446)
[ 119.991]   [header-byte] write $ffa517 = 54 mask=00ff (pc=018446)
[ 120.074]   [header-byte] write $ffa517 = 54 mask=00ff (pc=018446)
[ 120.155] heartbeat frame=7200 tx=7146 rx=6821 fc=1 fd=10 fe=1 linkflag=82 pc=00028a a502=00 a524=0000 a525=00 a170=c2 a17f=00 txtail=00ea rxpend=0000
[ 120.155] [transport] captured=7146 flushed=7146 injected=6821 accepted=0 payload2=0 payload3=0 payload4=0 payload5=0 pump_reads=7173 bursts=1405 txcredit=0 outq=0 inq=0 watchdog=4 txseq=7d rxseq=ae
[ 120.155] [epochs] local=1 peer=1 ready=true discarded_rx=0
[ 120.155] [tcb-continuations] ffa580=ff80->018392 sleep=0 local26=7710 ffa5c0=ff80->01853c sleep=0 local26=0500 ffd000=ffc0->00d4b4 sleep=0 local26=0000 ffd040=ffc0->00daca sleep=0 local26=0000 ffd080=ffc0->00c35c sleep=0 local26=0000 ffd0c0=ffc0->00504e sleep=0 local26=5f00 ffd100=ff80->006782 sleep=0 local26=0000 ffd140=ffc0->008082 sleep=0 local26=02ff ffd180=ff00->0084cc sleep=0 local26=0000 ffd1c0=ffc0->00ca8a sleep=0 local26=0019 ffd200=ff80->007944 sleep=0 local26=0001 ffd240=ff80->007d70 sleep=0 local26=0000 ffd480=ff80->00449a sleep=0 local26=0000 ffdfc0=ffc0->00d6d0 sleep=0 local26=0000 ffe000=ff00->0070c2 sleep=0 local26=4100
[ 120.574]   [header-byte] write $ffa517 = 54 mask=00ff (pc=018446)
[ 120.974]   [header-byte] write $ffa517 = 54 mask=00ff (pc=018446)
[ 121.091]   [header-byte] write $ffa517 = 54 mask=00ff (pc=018446)
[ 121.156] heartbeat frame=7260 tx=7173 rx=6848 fc=1 fd=10 fe=1 linkflag=82 pc=00028a a502=00 a524=0000 a525=00 a170=c2 a17f=00 txtail=0005 rxpend=0000
[ 121.156] [transport] captured=7173 flushed=7173 injected=6848 accepted=0 payload2=0 payload3=0 payload4=0 payload5=0 pump_reads=7233 bursts=1408 txcredit=0 outq=0 inq=0 watchdog=3 txseq=80 rxseq=b1
[ 121.156] [epochs] local=1 peer=1 ready=true discarded_rx=0
[ 121.156] [tcb-continuations] ffa580=ff80->018392 sleep=0 local26=7710 ffa5c0=ff80->01853c sleep=0 local26=0800 ffd000=ffc0->00d4b4 sleep=0 local26=0000 ffd040=ffc0->00daca sleep=0 local26=0000 ffd080=ffc0->00c35c sleep=0 local26=0000 ffd0c0=ffc0->00504e sleep=0 local26=0300 ffd100=ff80->006782 sleep=0 local26=0000 ffd140=ffc0->008082 sleep=0 local26=00ff ffd180=ff00->0084cc sleep=0 local26=0000 ffd1c0=ffc0->00ca8a sleep=0 local26=001f ffd200=ff00->0079fe sleep=7 local26=0001 ffd240=ff00->007a24 sleep=0 local26=0600 ffd280=ff80->007944 sleep=0 local26=0000 ffd2c0=ff80->007d70 sleep=0 local26=0000 ffd480=ff80->00449a sleep=0 local26=0000 ffdfc0=ffc0->00d6d0 sleep=0 local26=0000
[ 121.592]   [header-byte] write $ffa517 = 54 mask=00ff (pc=018446)
[ 121.675]   [header-byte] write $ffa517 = 54 mask=00ff (pc=018446)
[ 121.692]   [header-byte] write $ffa517 = 54 mask=00ff (pc=018446)
[ 121.709]   [header-byte] write $ffa517 = 54 mask=00ff (pc=018446)
[ 122.157] heartbeat frame=7320 tx=7179 rx=6902 fc=1 fd=10 fe=1 linkflag=82 pc=00028a a502=00 a524=0000 a525=00 a170=c2 a17f=00 txtail=000b rxpend=0000
[ 122.157] [transport] captured=7179 flushed=7179 injected=6902 accepted=0 payload2=0 payload3=0 payload4=0 payload5=0 pump_reads=7293 bursts=1410 txcredit=0 outq=0 inq=0 watchdog=26 txseq=82 rxseq=b5
[ 122.157] [epochs] local=1 peer=1 ready=true discarded_rx=0
[ 122.157] [tcb-continuations] ffa580=ff80->018392 sleep=0 local26=7710 ffa5c0=ff80->01853c sleep=0 local26=0800 ffd000=ffc0->00d4b4 sleep=0 local26=0000 ffd040=ffc0->00daca sleep=0 local26=0000 ffd080=ffc0->00c35c sleep=0 local26=0000 ffd0c0=ffc0->00504e sleep=0 local26=3f00 ffd100=ff80->006782 sleep=0 local26=0000 ffd140=ffc0->008082 sleep=0 local26=030f ffd180=ff00->0084cc sleep=0 local26=0000 ffd1c0=ffc0->00ca8a sleep=0 local26=0004 ffd280=ff80->007944 sleep=0 local26=0001 ffd2c0=ff80->007d70 sleep=0 local26=0000 ffdfc0=ffc0->00d6d0 sleep=0 local26=0000
[ 122.210]   [header-byte] write $ffa517 = 54 mask=00ff (pc=018446)
[ 122.710]   [header-byte] write $ffa517 = 54 mask=00ff (pc=018446)
[ 122.961]   [header-byte] write $ffa517 = 54 mask=00ff (pc=018446)
[ 123.094]   [header-byte] write $ffa517 = 54 mask=00ff (pc=018446)
[ 123.159] heartbeat frame=7380 tx=7206 rx=6932 fc=1 fd=10 fe=1 linkflag=82 pc=00028a a502=00 a524=0000 a525=00 a170=c2 a17f=00 txtail=0026 rxpend=0000
[ 123.159] [transport] captured=7206 flushed=7206 injected=6932 accepted=0 payload2=0 payload3=0 payload4=0 payload5=0 pump_reads=7353 bursts=1413 txcredit=0 outq=0 inq=0 watchdog=3 txseq=85 rxseq=b9
[ 123.159] [epochs] local=1 peer=1 ready=true discarded_rx=0
[ 123.159] [tcb-continuations] ffa580=ff80->018392 sleep=0 local26=7710 ffa5c0=ff80->01853c sleep=0 local26=0800 ffd000=ffc0->00d4b4 sleep=0 local26=0000 ffd040=ffc0->00daca sleep=0 local26=0000 ffd080=ffc0->00c35c sleep=0 local26=0000 ffd0c0=ffc0->00504e sleep=0 local26=0300 ffd100=ff80->006782 sleep=0 local26=0000 ffd140=ffc0->008082 sleep=0 local26=020f ffd180=ff00->0084cc sleep=0 local26=0000 ffd1c0=ffc0->00ca8a sleep=0 local26=000a ffd200=ff80->007944 sleep=0 local26=0000 ffd240=ff80->007d70 sleep=0 local26=0000 ffd280=ff00->0079fe sleep=7 local26=0001 ffd2c0=ff00->007a24 sleep=0 local26=0600 ffdfc0=ffc0->00d6d0 sleep=0 local26=0000 ffe000=ff00->0070c2 sleep=0 local26=2b00
[ 123.595]   [header-byte] write $ffa517 = 54 mask=00ff (pc=018446)
[ 124.095]   [header-byte] write $ffa517 = 54 mask=00ff (pc=018446)
[ 124.160] heartbeat frame=7440 tx=7212 rx=6938 fc=1 fd=10 fe=1 linkflag=82 pc=000288 a502=00 a524=0000 a525=00 a170=c2 a17f=00 txtail=002c rxpend=0000
[ 124.160] [transport] captured=7212 flushed=7212 injected=6938 accepted=0 payload2=0 payload3=0 payload4=0 payload5=0 pump_reads=7413 bursts=1415 txcredit=0 outq=0 inq=0 watchdog=3 txseq=87 rxseq=bb
[ 124.160] [epochs] local=1 peer=1 ready=true discarded_rx=0
[ 124.160] [tcb-continuations] ffa580=ff80->018392 sleep=0 local26=7710 ffa5c0=ff80->01853c sleep=0 local26=0800 ffd000=ffc0->00d4b4 sleep=0 local26=0000 ffd040=ffc0->00daca sleep=0 local26=0000 ffd080=ffc0->00c35c sleep=0 local26=0000 ffd0c0=ffc0->00504e sleep=0 local26=3f00 ffd100=ff80->006782 sleep=0 local26=0000 ffd140=ffc0->008082 sleep=0 local26=020f ffd180=ff00->0084cc sleep=0 local26=0000 ffd1c0=ffc0->00cad2 sleep=0 local26=0000 ffd200=ff80->007944 sleep=0 local26=0001 ffd240=ff80->007d70 sleep=0 local26=0000 ffdfc0=ffc0->00d6d0 sleep=0 local26=0000 ffe000=ff00->0070c2 sleep=0 local26=2b00
[ 124.296]   [header-byte] write $ffa517 = 54 mask=00ff (pc=018446)
[ 124.429]   [header-byte] write $ffa517 = 54 mask=00ff (pc=018446)
[ 124.430] [game-command] data=3b3b mask=ff00 pc=00c030 requests=00
[ 124.514]   [header-byte] write $ffa517 = 54 mask=00ff (pc=018446)
[ 124.514] [game-command] data=1d1d mask=ff00 pc=00db3c requests=00
[ 124.514] [game-command] data=1313 mask=00ff pc=00db50 requests=00
[ 124.514]   [menu-state] write $ffa170 = e2e2 mask=ff00 (pc=00dc36)
[ 124.514]   [menu-state] write $ffa176 = 0000 mask=ff00 (pc=01afde)
[ 124.514]   [header-byte] write $ffa513 = 00 mask=00ff (pc=01afe6)
[ 124.515]   [header-byte] write $ffa513 = 10 mask=00ff (pc=01affe)
[ 124.515]   [header-byte] write $ffa513 = 14 mask=00ff (pc=01b044)
[ 124.537]   [header-byte] write $ffa517 = 14 mask=00ff (pc=018446)
[ 124.663] [game-command] data=0d0d mask=ff00 pc=00dccc requests=00
[ 124.680]   [header-byte] write $ffa517 = 14 mask=00ff (pc=018446)
[ 125.161] heartbeat frame=7500 tx=7268 rx=6994 fc=1 fd=10 fe=1 linkflag=82 pc=000288 a502=00 a524=0000 a525=00 a170=e2 a17f=00 txtail=0064 rxpend=0000
[ 125.161] [transport] captured=7268 flushed=7268 injected=6994 accepted=0 payload2=0 payload3=0 payload4=0 payload5=0 pump_reads=7473 bursts=1420 txcredit=0 outq=0 inq=0 watchdog=28 txseq=8c rxseq=c0
[ 125.161] [epochs] local=1 peer=1 ready=true discarded_rx=0
[ 125.161] [game-state] a142=04 a13e=04 a13f=0f a530=0d13 a506=0c a507=01 a508=00 a7b0=3822 a7a6=9334 script=01a51a
[ 125.161] [tcb-continuations] ffa580=ff80->018392 sleep=0 local26=7710 ffa5c0=ff80->01853c sleep=0 local26=1d00 ffd000=ffc0->00d4b4 sleep=0 local26=0000 ffd040=ffc0->00dd2e sleep=0 local26=0000 ffd080=ffc0->00c426 sleep=91 local26=0000 ffd0c0=ffc0->00bdcc sleep=0 local26=0006 ffd100=ff80->006782 sleep=0 local26=0000 ffd1c0=ffc0->00cad6 sleep=0 local26=0000 ffd2c0=ff80->00cec4 sleep=0 local26=001a ffd300=ff80->00cec4 sleep=0 local26=0815 ffd340=ff80->00cec4 sleep=0 local26=000e ffd380=ff80->00cec4 sleep=0 local26=000c ffd3c0=ff80->00cec4 sleep=0 local26=0016 ffd400=ff80->00cec4 sleep=0 local26=0819 ffd440=ff80->00449a sleep=0 local26=0001 ffdfc0=ffc0->00d6d0 sleep=0 local26=0000 ffe000=ff00->0070c2 sleep=0 local26=4c00
[ 125.180]   [header-byte] write $ffa517 = 14 mask=00ff (pc=018446)
[ 125.682]   [header-byte] write $ffa517 = 14 mask=00ff (pc=018446)
[ 126.115]   [header-byte] write $ffa517 = 14 mask=00ff (pc=018446)
[ 126.131]   [header-byte] write $ffa517 = 14 mask=00ff (pc=018446)
[ 126.150]   [header-byte] write $ffa517 = 14 mask=00ff (pc=018446)
[ 126.162] heartbeat frame=7560 tx=7325 rx=7051 fc=1 fd=10 fe=1 linkflag=82 pc=00028a a502=00 a524=0000 a525=00 a170=e2 a17f=00 txtail=009d rxpend=0000
[ 126.162] [transport] captured=7325 flushed=7325 injected=7051 accepted=0 payload2=0 payload3=0 payload4=0 payload5=0 pump_reads=7533 bursts=1425 txcredit=0 outq=0 inq=0 watchdog=0 txseq=91 rxseq=c5
[ 126.162] [epochs] local=1 peer=1 ready=true discarded_rx=0
[ 126.162] [tcb-continuations] ffa580=ff80->018392 sleep=0 local26=7710 ffa5c0=ff80->01853c sleep=0 local26=0500 ffd000=ffc0->00d4b4 sleep=0 local26=0000 ffd040=ffc0->00dde6 sleep=0 local26=0000 ffd080=ffc0->00c426 sleep=31 local26=0000 ffd0c0=ffc0->00c426 sleep=123 local26=0000 ffd100=ffc0->00cd98 sleep=0 local26=0000 ffd140=ffc0->00ca8a sleep=0 local26=0019 ffd1c0=ffc0->00cad6 sleep=0 local26=0000 ffdfc0=ffc0->00d6d0 sleep=0 local26=0000
[ 126.649]   [header-byte] write $ffa517 = 14 mask=00ff (pc=018446)
[ 126.982]   [header-byte] write $ffa517 = 14 mask=00ff (pc=018446)
[ 127.065] [game-command] data=4c4c mask=ff00 pc=00dec6 requests=00
[ 127.164] heartbeat frame=7620 tx=7333 rx=7059 fc=1 fd=10 fe=1 linkflag=82 pc=00028a a502=00 a524=0000 a525=00 a170=e2 a17f=00 txtail=00a5 rxpend=0000
[ 127.164] [transport] captured=7333 flushed=7333 injected=7059 accepted=0 payload2=0 payload3=0 payload4=0 payload5=0 pump_reads=7593 bursts=1427 txcredit=0 outq=0 inq=0 watchdog=10 txseq=93 rxseq=c7
[ 127.164] [epochs] local=1 peer=1 ready=true discarded_rx=0
[ 127.164] [game-state] a142=04 a13e=04 a13f=0f a530=4c13 a506=0c a507=01 a508=00 a7b0=3822 a7a6=9334 script=01a51a
[ 127.164] [tcb-continuations] ffa580=ff80->018392 sleep=0 local26=7710 ffa5c0=ff80->01853c sleep=0 local26=0500 ffd000=ffc0->00d4b4 sleep=0 local26=0000 ffd040=ffc0->00df7a sleep=0 local26=0000 ffd080=ffc0->00c4c6 sleep=0 local26=0000 ffd0c0=ffc0->00c426 sleep=63 local26=0000 ffd100=ffc0->00cd98 sleep=0 local26=0000 ffd180=ff80->01510e sleep=0 local26=0000 ffd1c0=ffc0->00cb5c sleep=0 local26=0000 ffd200=ff80->01510e sleep=0 local26=0000 ffd240=ff80->0086ee sleep=0 local26=0000 ffd280=ff80->00c936 sleep=55 local26=0000 ffdfc0=ffc0->00d6d0 sleep=0 local26=0000
[ 127.483]   [header-byte] write $ffa517 = 14 mask=00ff (pc=018446)
[ 127.984]   [header-byte] write $ffa517 = 14 mask=00ff (pc=018446)
[ 128.165] heartbeat frame=7680 tx=7339 rx=7065 fc=1 fd=10 fe=1 linkflag=82 pc=000288 a502=00 a524=0000 a525=00 a170=e2 a17f=00 txtail=00ab rxpend=0000
[ 128.165] [transport] captured=7339 flushed=7339 injected=7065 accepted=0 payload2=0 payload3=0 payload4=0 payload5=0 pump_reads=7653 bursts=1429 txcredit=0 outq=0 inq=0 watchdog=10 txseq=95 rxseq=c9
[ 128.165] [epochs] local=1 peer=1 ready=true discarded_rx=0
[ 128.165] [tcb-continuations] ffa580=ff80->018392 sleep=0 local26=7710 ffa5c0=ff80->01853c sleep=0 local26=0500 ffd000=ffc0->00d4b4 sleep=0 local26=0000 ffd040=ffc0->00df7a sleep=0 local26=0000 ffd080=ffc0->00c4c6 sleep=0 local26=0000 ffd0c0=ffc0->00c426 sleep=3 local26=0000 ffd100=ffc0->00cd98 sleep=0 local26=0000 ffd140=ff40->00c9ce sleep=0 local26=0000 ffd180=ff80->01510e sleep=0 local26=0000 ffd1c0=ffc0->00cb5c sleep=0 local26=0000 ffd200=ff80->01510e sleep=0 local26=0000 ffd240=ff80->0086ee sleep=0 local26=0000 ffd2c0=ff40->00c9ce sleep=0 local26=0000 ffd300=ff40->00c9ce sleep=0 local26=0000 ffd340=ff40->00c9ce sleep=0 local26=0000 ffd380=ff40->00c9ce sleep=0 local26=0000 ffd3c0=ff40->00c9ce sleep=0 local26=0000 ffd400=ff40->00c9ce sleep=0 local26=0000 ffd440=ff40->00c9ce sleep=0 local26=0000 ffd480=ff40->00c9ce sleep=0 local26=0000 ffd4c0=ff40->00c9ce sleep=0 local26=0000 ffd500=ff40->00c9ce sleep=0 local26=0000 ffd540=ff40->00c9ce sleep=0 local26=0000 ffd580=ff40->00c9ce sleep=0 local26=0000 ffd5c0=ff40->00c9ce sleep=0 local26=0000 ffd600=ff40->00c9ce sleep=0 local26=0000 ffd640=ff40->00c9ce sleep=0 local26=0000 ffd680=ff40->00c9ce sleep=0 local26=0000 ffd6c0=ff40->00c9ce sleep=0 local26=0000 ffd700=ff40->00c9ce sleep=0 local26=0000 ffd740=ff40->00c9ce sleep=0 local26=0000 ffd780=ff40->00c9ce sleep=0 local26=0000 ffd7c0=ff40->00c9ce sleep=0 local26=0000 ffd800=ff40->00c9ce sleep=0 local26=0000 ffd840=ff40->00c9ce sleep=0 local26=0000 ffd880=ff40->00c9ce sleep=0 local26=0000 ffd8c0=ff40->00c9ce sleep=0 local26=0000 ffd900=ff40->00c9ce sleep=0 local26=0000 ffd940=ff40->00c9ce sleep=0 local26=0000 ffd980=ff40->00c9ce sleep=0 local26=0000 ffd9c0=ff40->00c9ce sleep=0 local26=0000 ffda00=ff40->00c9ce sleep=0 local26=0000 ffda40=ff40->00c9ce sleep=0 local26=0000 ffdfc0=ffc0->00d6d0 sleep=0 local26=0000
[ 128.486]   [header-byte] write $ffa517 = 14 mask=00ff (pc=018446)
[ 128.985]   [header-byte] write $ffa517 = 14 mask=00ff (pc=018446)
[ 129.166] heartbeat frame=7740 tx=7345 rx=7071 fc=1 fd=10 fe=1 linkflag=82 pc=00028a a502=00 a524=0000 a525=00 a170=e2 a17f=00 txtail=00b1 rxpend=0000
[ 129.166] [transport] captured=7345 flushed=7345 injected=7071 accepted=0 payload2=0 payload3=0 payload4=0 payload5=0 pump_reads=7713 bursts=1431 txcredit=0 outq=0 inq=0 watchdog=10 txseq=97 rxseq=cb
[ 129.166] [epochs] local=1 peer=1 ready=true discarded_rx=0
[ 129.166] [tcb-continuations] ffa580=ff80->018392 sleep=0 local26=7710 ffa5c0=ff80->01853c sleep=0 local26=0500 ffd000=ffc0->00d4b4 sleep=0 local26=0000 ffd040=ffc0->00df7a sleep=0 local26=0000 ffd080=ffc0->00c4c6 sleep=0 local26=0000 ffd0c0=ffc0->00c46c sleep=0 local26=0000 ffd100=ffc0->00cd98 sleep=0 local26=0000 ffd140=ff40->00c9ce sleep=0 local26=0000 ffd180=ff80->01510e sleep=0 local26=0000 ffd200=ff80->01510e sleep=0 local26=0000 ffd240=ff80->0086ee sleep=0 local26=0000 ffd2c0=ff40->00c9ce sleep=0 local26=0000 ffd300=ff40->00c9ce sleep=0 local26=0000 ffd340=ff40->00c9ce sleep=0 local26=0000 ffd380=ff40->00c9ce sleep=0 local26=0000 ffd3c0=ff40->00c9ce sleep=0 local26=0000 ffd400=ff40->00c9ce sleep=0 local26=0000 ffd440=ff40->00c9ce sleep=0 local26=0000 ffd480=ff40->00c9ce sleep=0 local26=0000 ffd4c0=ff40->00c9ce sleep=0 local26=0000 ffd500=ff40->00c9ce sleep=0 local26=0000 ffd540=ff40->00c9ce sleep=0 local26=0000 ffd580=ff40->00c9ce sleep=0 local26=0000 ffd5c0=ff40->00c9ce sleep=0 local26=0000 ffd600=ff40->00c9ce sleep=0 local26=0000 ffd640=ff40->00c9ce sleep=0 local26=0000 ffd680=ff40->00c9ce sleep=0 local26=0000 ffd6c0=ff40->00c9ce sleep=0 local26=0000 ffd700=ff40->00c9ce sleep=0 local26=0000 ffd740=ff40->00c9ce sleep=0 local26=0000 ffd780=ff40->00c9ce sleep=0 local26=0000 ffd7c0=ff40->00c9ce sleep=0 local26=0000 ffd800=ff40->00c9ce sleep=0 local26=0000 ffd840=ff40->00c9ce sleep=0 local26=0000 ffd880=ff40->00c9ce sleep=0 local26=0000 ffd8c0=ff40->00c9ce sleep=0 local26=0000 ffd900=ff40->00c9ce sleep=0 local26=0000 ffd940=ff40->00c9ce sleep=0 local26=0000 ffd980=ff40->00c9ce sleep=0 local26=0000 ffd9c0=ff40->00c9ce sleep=0 local26=0000 ffda00=ff40->00c9ce sleep=0 local26=0000 ffda40=ff40->00c9ce sleep=0 local26=0000 ffdfc0=ffc0->00d6d0 sleep=0 local26=0000
[ 129.485]   [header-byte] write $ffa517 = 14 mask=00ff (pc=018446)
[ 129.986]   [header-byte] write $ffa517 = 14 mask=00ff (pc=018446)
[ 130.168] heartbeat frame=7800 tx=7351 rx=7077 fc=1 fd=10 fe=1 linkflag=82 pc=000288 a502=00 a524=0000 a525=00 a170=e2 a17f=00 txtail=00b7 rxpend=0000
[ 130.168] [transport] captured=7351 flushed=7351 injected=7077 accepted=0 payload2=0 payload3=0 payload4=0 payload5=0 pump_reads=7773 bursts=1433 txcredit=0 outq=0 inq=0 watchdog=10 txseq=99 rxseq=cd
[ 130.168] [epochs] local=1 peer=1 ready=true discarded_rx=0
[ 130.487]   [header-byte] write $ffa517 = 14 mask=00ff (pc=018446)
[ 130.988]   [header-byte] write $ffa517 = 14 mask=00ff (pc=018446)
[ 131.169] heartbeat frame=7860 tx=7357 rx=7083 fc=1 fd=10 fe=1 linkflag=82 pc=00028a a502=00 a524=0000 a525=00 a170=e2 a17f=00 txtail=00bd rxpend=0000
[ 131.169] [transport] captured=7357 flushed=7357 injected=7083 accepted=0 payload2=0 payload3=0 payload4=0 payload5=0 pump_reads=7833 bursts=1435 txcredit=0 outq=0 inq=0 watchdog=10 txseq=9b rxseq=cf
[ 131.169] [epochs] local=1 peer=1 ready=true discarded_rx=0
[ 131.488]   [header-byte] write $ffa517 = 14 mask=00ff (pc=018446)
[ 131.989]   [header-byte] write $ffa517 = 14 mask=00ff (pc=018446)
[ 132.170] heartbeat frame=7920 tx=7363 rx=7089 fc=1 fd=10 fe=1 linkflag=82 pc=00028a a502=00 a524=0000 a525=00 a170=e2 a17f=00 txtail=00c3 rxpend=0000
[ 132.170] [transport] captured=7363 flushed=7363 injected=7089 accepted=0 payload2=0 payload3=0 payload4=0 payload5=0 pump_reads=7893 bursts=1437 txcredit=0 outq=0 inq=0 watchdog=10 txseq=9d rxseq=d1
[ 132.170] [epochs] local=1 peer=1 ready=true discarded_rx=0
[ 132.489]   [header-byte] write $ffa517 = 14 mask=00ff (pc=018446)
[ 132.990]   [header-byte] write $ffa517 = 14 mask=00ff (pc=018446)
[ 133.171] heartbeat frame=7980 tx=7369 rx=7095 fc=1 fd=10 fe=1 linkflag=82 pc=000288 a502=00 a524=0000 a525=00 a170=e2 a17f=00 txtail=00c9 rxpend=0000
[ 133.171] [transport] captured=7369 flushed=7369 injected=7095 accepted=0 payload2=0 payload3=0 payload4=0 payload5=0 pump_reads=7953 bursts=1439 txcredit=0 outq=0 inq=0 watchdog=10 txseq=9f rxseq=d3
[ 133.171] [epochs] local=1 peer=1 ready=true discarded_rx=0
[ 133.491]   [header-byte] write $ffa517 = 14 mask=00ff (pc=018446)
[ 133.992]   [header-byte] write $ffa517 = 14 mask=00ff (pc=018446)
[ 134.173] heartbeat frame=8040 tx=7375 rx=7101 fc=1 fd=10 fe=1 linkflag=82 pc=000288 a502=00 a524=0000 a525=00 a170=e2 a17f=00 txtail=00cf rxpend=0000
[ 134.173] [transport] captured=7375 flushed=7375 injected=7101 accepted=0 payload2=0 payload3=0 payload4=0 payload5=0 pump_reads=8013 bursts=1441 txcredit=0 outq=0 inq=0 watchdog=10 txseq=a1 rxseq=d5
[ 134.173] [epochs] local=1 peer=1 ready=true discarded_rx=0
[ 134.492]   [header-byte] write $ffa517 = 14 mask=00ff (pc=018446)
[ 134.993]   [header-byte] write $ffa517 = 14 mask=00ff (pc=018446)
[ 135.174] heartbeat frame=8100 tx=7381 rx=7107 fc=1 fd=10 fe=1 linkflag=82 pc=00028a a502=00 a524=0000 a525=00 a170=e2 a17f=00 txtail=00d5 rxpend=0000
[ 135.174] [transport] captured=7381 flushed=7381 injected=7107 accepted=0 payload2=0 payload3=0 payload4=0 payload5=0 pump_reads=8073 bursts=1443 txcredit=0 outq=0 inq=0 watchdog=10 txseq=a3 rxseq=d7
[ 135.174] [epochs] local=1 peer=1 ready=true discarded_rx=0
[ 135.493]   [header-byte] write $ffa517 = 14 mask=00ff (pc=018446)
[ 135.610]   [menu-state] write $ffa172 = 0101 mask=ff00 (pc=0194b6)
[ 135.628]   [menu-state] write $ffa172 = 0000 mask=ff00 (pc=019418)
[ 135.628]   [menu-state] write $ffa171 = 8888 mask=00ff (pc=019420)
[ 135.628]   [header-byte] write $ffa513 = 14 mask=00ff (pc=019432)
[ 135.628]   [header-byte] write $ffa513 = 1c mask=00ff (pc=019438)
[ 135.629] [game-command] data=5c5c mask=ff00 pc=00e080 requests=80
[ 135.727]   [header-byte] write $ffa517 = 04 mask=00ff (pc=018446)
[ 135.744]   [menu-state] write $ffa171 = 0808 mask=00ff (pc=019466)
[ 135.744]   [header-byte] write $ffa513 = 0c mask=00ff (pc=019e4a)
[ 135.744]   [header-byte] write $ffa513 = 08 mask=00ff (pc=01afe6)
[ 135.744]   [header-byte] write $ffa513 = 0c mask=00ff (pc=01b044)
[ 136.175] heartbeat frame=8160 tx=7392 rx=7113 fc=1 fd=10 fe=1 linkflag=82 pc=000288 a502=00 a524=0000 a525=00 a170=e2 a17f=00 txtail=00e0 rxpend=0000
[ 136.175] [transport] captured=7392 flushed=7392 injected=7113 accepted=0 payload2=0 payload3=0 payload4=0 payload5=0 pump_reads=8133 bursts=1446 txcredit=0 outq=0 inq=0 watchdog=26 txseq=a6 rxseq=d9
[ 136.175] [epochs] local=1 peer=1 ready=true discarded_rx=0
[ 136.175] [game-state] a142=04 a13e=04 a13f=0f a530=5c13 a506=0c a507=01 a508=00 a7b0=3822 a7a6=9334 script=01a51a
[ 136.175] [tcb-continuations] ffa580=ff80->018392 sleep=0 local26=7710 ffa5c0=ff80->01853c sleep=0 local26=1900 ffd000=ffc0->00d4b4 sleep=0 local26=0000 ffd040=ffc0->00e090 sleep=0 local26=0000 ffd0c0=ffc0->00c46c sleep=0 local26=0000 ffd100=ffc0->00cd98 sleep=0 local26=0000 ffd140=ff40->00c9ce sleep=0 local26=0000 ffd180=ff80->01510e sleep=0 local26=0000 ffd200=ff80->01510e sleep=0 local26=0000 ffd2c0=ff40->00c9ce sleep=0 local26=0000 ffd300=ff40->00c9ce sleep=0 local26=0000 ffd340=ff40->00c9ce sleep=0 local26=0000 ffd380=ff40->00c9ce sleep=0 local26=0000 ffd3c0=ff40->00c9ce sleep=0 local26=0000 ffd400=ff40->00c9ce sleep=0 local26=0000 ffd440=ff40->00c9ce sleep=0 local26=0000 ffd480=ff40->00c9ce sleep=0 local26=0000 ffd4c0=ff40->00c9ce sleep=0 local26=0000 ffd500=ff40->00c9ce sleep=0 local26=0000 ffd540=ff40->00c9ce sleep=0 local26=0000 ffd580=ff40->00c9ce sleep=0 local26=0000 ffd5c0=ff40->00c9ce sleep=0 local26=0000 ffd600=ff40->00c9ce sleep=0 local26=0000 ffd640=ff40->00c9ce sleep=0 local26=0000 ffd680=ff40->00c9ce sleep=0 local26=0000 ffd6c0=ff40->00c9ce sleep=0 local26=0000 ffd700=ff40->00c9ce sleep=0 local26=0000 ffd740=ff40->00c9ce sleep=0 local26=0000 ffd780=ff40->00c9ce sleep=0 local26=0000 ffd7c0=ff40->00c9ce sleep=0 local26=0000 ffd800=ff40->00c9ce sleep=0 local26=0000 ffd840=ff40->00c9ce sleep=0 local26=0000 ffd880=ff40->00c9ce sleep=0 local26=0000 ffd8c0=ff40->00c9ce sleep=0 local26=0000 ffd900=ff40->00c9ce sleep=0 local26=0000 ffd940=ff40->00c9ce sleep=0 local26=0000 ffd980=ff40->00c9ce sleep=0 local26=0000 ffd9c0=ff40->00c9ce sleep=0 local26=0000 ffda00=ff40->00c9ce sleep=0 local26=0000 ffda40=ff40->00c9ce sleep=0 local26=0000 ffdfc0=ffc0->00d6d0 sleep=0 local26=0000
[ 136.228]   [header-byte] write $ffa517 = 04 mask=00ff (pc=018446)
[ 136.261]   [header-byte] write $ffa517 = 14 mask=00ff (pc=018446)
[ 136.277]   [menu-state] write $ffa171 = 8888 mask=00ff (pc=019466)
[ 136.278]   [header-byte] write $ffa513 = 0c mask=00ff (pc=019e4a)
[ 136.278]   [header-byte] write $ffa513 = 1c mask=00ff (pc=019e5a)
[ 136.278]   [header-byte] write $ffa513 = 08 mask=00ff (pc=01afe6)
[ 136.278]   [header-byte] write $ffa513 = 18 mask=00ff (pc=01affe)
[ 136.278]   [header-byte] write $ffa513 = 1c mask=00ff (pc=01b044)
[ 136.763]   [header-byte] write $ffa517 = 14 mask=00ff (pc=018446)
[ 137.162]   [menu-state] write $ffa172 = 0101 mask=ff00 (pc=0194b6)
[ 137.177] heartbeat frame=8220 tx=7401 rx=7122 fc=1 fd=10 fe=1 linkflag=82 pc=00028a a502=00 a524=0000 a525=00 a170=e2 a17f=00 txtail=00e9 rxpend=0000
[ 137.177] [transport] captured=7401 flushed=7401 injected=7122 accepted=0 payload2=0 payload3=0 payload4=0 payload5=0 pump_reads=8193 bursts=1449 txcredit=0 outq=0 inq=0 watchdog=24 txseq=a9 rxseq=dc
[ 137.177] [epochs] local=1 peer=1 ready=true discarded_rx=0
[ 137.177] [tcb-continuations] ffa580=ff80->018392 sleep=0 local26=7710 ffa5c0=ff80->01853c sleep=0 local26=1700 ffd000=ffc0->00d4b4 sleep=0 local26=0000 ffd040=ffc0->00e090 sleep=0 local26=0000 ffd0c0=ffc0->00c46c sleep=0 local26=0000 ffd100=ffc0->00cd98 sleep=0 local26=0000 ffd140=ff40->00c9ce sleep=0 local26=0000 ffd180=ff80->01510e sleep=0 local26=0000 ffd200=ff80->01510e sleep=0 local26=0000 ffd2c0=ff40->00c9ce sleep=0 local26=0000 ffd300=ff40->00c9ce sleep=0 local26=0000 ffd340=ff40->00c9ce sleep=0 local26=0000 ffd380=ff40->00c9ce sleep=0 local26=0000 ffd3c0=ff40->00c9ce sleep=0 local26=0000 ffd400=ff40->00c9ce sleep=0 local26=0000 ffd440=ff40->00c9ce sleep=0 local26=0000 ffd480=ff40->00c9ce sleep=0 local26=0000 ffd4c0=ff40->00c9ce sleep=0 local26=0000 ffd500=ff40->00c9ce sleep=0 local26=0000 ffd540=ff40->00c9ce sleep=0 local26=0000 ffd580=ff40->00c9ce sleep=0 local26=0000 ffd5c0=ff40->00c9ce sleep=0 local26=0000 ffd600=ff40->00c9ce sleep=0 local26=0000 ffd640=ff40->00c9ce sleep=0 local26=0000 ffd680=ff40->00c9ce sleep=0 local26=0000 ffd6c0=ff40->00c9ce sleep=0 local26=0000 ffd700=ff40->00c9ce sleep=0 local26=0000 ffd740=ff40->00c9ce sleep=0 local26=0000 ffd780=ff40->00c9ce sleep=0 local26=0000 ffd7c0=ff40->00c9ce sleep=0 local26=0000 ffd800=ff40->00c9ce sleep=0 local26=0000 ffd840=ff40->00c9ce sleep=0 local26=0000 ffd880=ff40->00c9ce sleep=0 local26=0000 ffd8c0=ff40->00c9ce sleep=0 local26=0000 ffd900=ff40->00c9ce sleep=0 local26=0000 ffd940=ff40->00c9ce sleep=0 local26=0000 ffd980=ff40->00c9ce sleep=0 local26=0000 ffd9c0=ff40->00c9ce sleep=0 local26=0000 ffda00=ff40->00c9ce sleep=0 local26=0000 ffda40=ff40->00c9ce sleep=0 local26=0000 ffdfc0=ffc0->00d6d0 sleep=0 local26=0000
[ 137.179]   [menu-state] write $ffa172 = 0000 mask=ff00 (pc=019418)
[ 137.179]   [menu-state] write $ffa171 = 8080 mask=00ff (pc=019420)
[ 137.179]   [header-byte] write $ffa513 = 14 mask=00ff (pc=019432)
[ 137.179]   [header-byte] write $ffa513 = 14 mask=00ff (pc=019438)
[ 137.262]   [header-byte] write $ffa517 = 14 mask=00ff (pc=018446)
[ 137.279]   [header-byte] write $ffa517 = 04 mask=00ff (pc=018446)
[ 137.296]   [menu-state] write $ffa171 = 0000 mask=00ff (pc=019466)
[ 137.296]   [header-byte] write $ffa513 = 04 mask=00ff (pc=019e4a)
[ 137.296]   [header-byte] write $ffa513 = 00 mask=00ff (pc=01afe6)
[ 137.296]   [header-byte] write $ffa513 = 04 mask=00ff (pc=01b044)
[ 137.780]   [header-byte] write $ffa517 = 04 mask=00ff (pc=018446)
[ 137.980]   [header-byte] write $ffa517 = 14 mask=00ff (pc=018446)
[ 137.997]   [menu-state] write $ffa171 = 8080 mask=00ff (pc=019466)
[ 137.997]   [header-byte] write $ffa513 = 04 mask=00ff (pc=019e4a)
[ 137.997]   [header-byte] write $ffa513 = 14 mask=00ff (pc=019e5a)
[ 137.997]   [header-byte] write $ffa513 = 00 mask=00ff (pc=01afe6)
[ 137.997]   [header-byte] write $ffa513 = 10 mask=00ff (pc=01affe)
[ 137.997]   [header-byte] write $ffa513 = 14 mask=00ff (pc=01b044)
[ 138.178] heartbeat frame=8280 tx=7413 rx=7134 fc=1 fd=10 fe=1 linkflag=82 pc=000288 a502=00 a524=0000 a525=00 a170=e2 a17f=00 txtail=00f5 rxpend=0000
[ 138.178] [transport] captured=7413 flushed=7413 injected=7134 accepted=0 payload2=0 payload3=0 payload4=0 payload5=0 pump_reads=8253 bursts=1453 txcredit=0 outq=0 inq=0 watchdog=11 txseq=ad rxseq=e0
[ 138.178] [epochs] local=1 peer=1 ready=true discarded_rx=0
[ 138.178] [tcb-continuations] ffa580=ff80->018392 sleep=0 local26=7710 ffa5c0=ff80->01853c sleep=0 local26=0a00 ffd000=ffc0->00d4b4 sleep=0 local26=0000 ffd040=ffc0->00e090 sleep=0 local26=0000 ffd0c0=ffc0->00c46c sleep=0 local26=0000 ffd100=ffc0->00cd98 sleep=0 local26=0000 ffd140=ff40->00c9ce sleep=0 local26=0000 ffd180=ff80->01510e sleep=0 local26=0000 ffd200=ff80->01510e sleep=0 local26=0000 ffd2c0=ff40->00c9ce sleep=0 local26=0000 ffd300=ff40->00c9ce sleep=0 local26=0000 ffd340=ff40->00c9ce sleep=0 local26=0000 ffd380=ff40->00c9ce sleep=0 local26=0000 ffd3c0=ff40->00c9ce sleep=0 local26=0000 ffd400=ff40->00c9ce sleep=0 local26=0000 ffd440=ff40->00c9ce sleep=0 local26=0000 ffd480=ff40->00c9ce sleep=0 local26=0000 ffd4c0=ff40->00c9ce sleep=0 local26=0000 ffd500=ff40->00c9ce sleep=0 local26=0000 ffd540=ff40->00c9ce sleep=0 local26=0000 ffd580=ff40->00c9ce sleep=0 local26=0000 ffd5c0=ff40->00c9ce sleep=0 local26=0000 ffd600=ff40->00c9ce sleep=0 local26=0000 ffd640=ff40->00c9ce sleep=0 local26=0000 ffd680=ff40->00c9ce sleep=0 local26=0000 ffd6c0=ff40->00c9ce sleep=0 local26=0000 ffd700=ff40->00c9ce sleep=0 local26=0000 ffd740=ff40->00c9ce sleep=0 local26=0000 ffd780=ff40->00c9ce sleep=0 local26=0000 ffd7c0=ff40->00c9ce sleep=0 local26=0000 ffd800=ff40->00c9ce sleep=0 local26=0000 ffd840=ff40->00c9ce sleep=0 local26=0000 ffd880=ff40->00c9ce sleep=0 local26=0000 ffd8c0=ff40->00c9ce sleep=0 local26=0000 ffd900=ff40->00c9ce sleep=0 local26=0000 ffd940=ff40->00c9ce sleep=0 local26=0000 ffd980=ff40->00c9ce sleep=0 local26=0000 ffd9c0=ff40->00c9ce sleep=0 local26=0000 ffda00=ff40->00c9ce sleep=0 local26=0000 ffda40=ff40->00c9ce sleep=0 local26=0000 ffdfc0=ffc0->00d6d0 sleep=0 local26=0000
[ 138.297]   [header-byte] write $ffa517 = 04 mask=00ff (pc=018446)
[ 138.314]   [menu-state] write $ffa171 = 0000 mask=00ff (pc=019466)
[ 138.314]   [header-byte] write $ffa513 = 04 mask=00ff (pc=019e4a)
[ 138.314]   [header-byte] write $ffa513 = 00 mask=00ff (pc=01afe6)
[ 138.314]   [header-byte] write $ffa513 = 04 mask=00ff (pc=01b044)
[ 138.798]   [header-byte] write $ffa517 = 04 mask=00ff (pc=018446)
[ 139.179] heartbeat frame=8340 tx=7419 rx=7140 fc=1 fd=10 fe=1 linkflag=82 pc=00028a a502=00 a524=0000 a525=00 a170=e2 a17f=00 txtail=00fb rxpend=0000
[ 139.179] [transport] captured=7419 flushed=7419 injected=7140 accepted=0 payload2=0 payload3=0 payload4=0 payload5=0 pump_reads=8313 bursts=1455 txcredit=0 outq=0 inq=0 watchdog=22 txseq=af rxseq=e2
[ 139.179] [epochs] local=1 peer=1 ready=true discarded_rx=0
[ 139.179] [tcb-continuations] ffa580=ff80->018392 sleep=0 local26=7710 ffa5c0=ff80->01853c sleep=0 local26=1500 ffd000=ffc0->00d4b4 sleep=0 local26=0000 ffd040=ffc0->00e090 sleep=0 local26=0000 ffd0c0=ffc0->00c46c sleep=0 local26=0000 ffd100=ffc0->00cd98 sleep=0 local26=0000 ffd140=ff40->00c9ce sleep=0 local26=0000 ffd180=ff80->01510e sleep=0 local26=0000 ffd200=ff80->01510e sleep=0 local26=0000 ffd2c0=ff40->00c9ce sleep=0 local26=0000 ffd300=ff40->00c9ce sleep=0 local26=0000 ffd340=ff40->00c9ce sleep=0 local26=0000 ffd380=ff40->00c9ce sleep=0 local26=0000 ffd3c0=ff40->00c9ce sleep=0 local26=0000 ffd400=ff40->00c9ce sleep=0 local26=0000 ffd440=ff40->00c9ce sleep=0 local26=0000 ffd480=ff40->00c9ce sleep=0 local26=0000 ffd4c0=ff40->00c9ce sleep=0 local26=0000 ffd500=ff40->00c9ce sleep=0 local26=0000 ffd540=ff40->00c9ce sleep=0 local26=0000 ffd580=ff40->00c9ce sleep=0 local26=0000 ffd5c0=ff40->00c9ce sleep=0 local26=0000 ffd600=ff40->00c9ce sleep=0 local26=0000 ffd640=ff40->00c9ce sleep=0 local26=0000 ffd680=ff40->00c9ce sleep=0 local26=0000 ffd6c0=ff40->00c9ce sleep=0 local26=0000 ffd700=ff40->00c9ce sleep=0 local26=0000 ffd740=ff40->00c9ce sleep=0 local26=0000 ffd780=ff40->00c9ce sleep=0 local26=0000 ffd7c0=ff40->00c9ce sleep=0 local26=0000 ffd800=ff40->00c9ce sleep=0 local26=0000 ffd840=ff40->00c9ce sleep=0 local26=0000 ffd880=ff40->00c9ce sleep=0 local26=0000 ffd8c0=ff40->00c9ce sleep=0 local26=0000 ffd900=ff40->00c9ce sleep=0 local26=0000 ffd940=ff40->00c9ce sleep=0 local26=0000 ffd980=ff40->00c9ce sleep=0 local26=0000 ffd9c0=ff40->00c9ce sleep=0 local26=0000 ffda00=ff40->00c9ce sleep=0 local26=0000 ffda40=ff40->00c9ce sleep=0 local26=0000 ffdfc0=ffc0->00d6d0 sleep=0 local26=0000
[ 139.298]   [header-byte] write $ffa517 = 04 mask=00ff (pc=018446)
[ 139.632]   [header-byte] write $ffa517 = 54 mask=00ff (pc=018446)
[ 139.632] [game-command] data=7c7c mask=ff00 pc=00e056 requests=00
[ 139.632]   [menu-state] write $ffa170 = c2c2 mask=ff00 (pc=00e06e)
[ 139.632]   [menu-state] write $ffa176 = 0000 mask=ff00 (pc=01afde)
[ 139.632]   [header-byte] write $ffa513 = 00 mask=00ff (pc=01afe6)
[ 139.632]   [header-byte] write $ffa513 = 04 mask=00ff (pc=01b044)
[ 139.649]   [menu-state] write $ffa171 = 8080 mask=00ff (pc=019466)
[ 139.649]   [header-byte] write $ffa513 = 04 mask=00ff (pc=019e4a)
[ 139.649]   [header-byte] write $ffa513 = 14 mask=00ff (pc=019e5a)
[ 139.649]   [header-byte] write $ffa513 = 00 mask=00ff (pc=01afe6)
[ 139.649]   [header-byte] write $ffa513 = 10 mask=00ff (pc=01affe)
[ 139.649]   [header-byte] write $ffa513 = 50 mask=00ff (pc=01b022)
[ 139.649]   [header-byte] write $ffa513 = 54 mask=00ff (pc=01b044)
[ 140.180] heartbeat frame=8400 tx=7430 rx=7148 fc=1 fd=10 fe=1 linkflag=82 pc=000ff2 a502=00 a524=0000 a525=00 a170=c2 a17f=00 txtail=0006 rxpend=0000
[ 140.180] [transport] captured=7430 flushed=7430 injected=7148 accepted=0 payload2=0 payload3=0 payload4=0 payload5=0 pump_reads=8373 bursts=1458 txcredit=0 outq=0 inq=0 watchdog=1 txseq=b2 rxseq=e4
[ 140.180] [epochs] local=1 peer=1 ready=true discarded_rx=0
[ 140.180] [game-state] a142=04 a13e=04 a13f=0f a530=7c13 a506=0c a507=01 a508=00 a7b0=3822 a7a6=9334 script=01a574
[ 140.180] [tcb-continuations] ffa580=ff80->018392 sleep=0 local26=7710 ffa5c0=ff80->01853c sleep=0 local26=0000
[ 140.518] [game-command] data=1616 mask=ff00 pc=00655a requests=00
[ 140.518] [game-command] data=0101 mask=00ff pc=006562 requests=00
[ 140.617]   [header-byte] write $ffa517 = 54 mask=00ff (pc=018446)
[ 140.634]   [header-byte] write $ffa517 = 54 mask=00ff (pc=018446)
[ 140.650]   [header-byte] write $ffa517 = 54 mask=00ff (pc=018446)
[ 140.667]   [header-byte] write $ffa517 = 54 mask=00ff (pc=018446)
[ 140.684]   [header-byte] write $ffa517 = 54 mask=00ff (pc=018446)
[ 140.700]   [header-byte] write $ffa517 = 54 mask=00ff (pc=018446)
[ 140.718]   [header-byte] write $ffa517 = 54 mask=00ff (pc=018446)
[ 140.734]   [header-byte] write $ffa517 = 54 mask=00ff (pc=018446)
[ 140.750]   [header-byte] write $ffa517 = 54 mask=00ff (pc=018446)
[ 140.767]   [header-byte] write $ffa517 = 54 mask=00ff (pc=018446)
[ 140.784]   [header-byte] write $ffa517 = 54 mask=00ff (pc=018446)
[ 140.801]   [header-byte] write $ffa517 = 54 mask=00ff (pc=018446)
[ 140.817]   [header-byte] write $ffa517 = 54 mask=00ff (pc=018446)
[ 140.836]   [header-byte] write $ffa517 = 54 mask=00ff (pc=018446)
[ 140.851]   [header-byte] write $ffa517 = 54 mask=00ff (pc=018446)
[ 140.867]   [header-byte] write $ffa517 = 54 mask=00ff (pc=018446)
[ 140.884]   [header-byte] write $ffa517 = 54 mask=00ff (pc=018446)
[ 140.901]   [header-byte] write $ffa517 = 54 mask=00ff (pc=018446)
[ 140.917]   [header-byte] write $ffa517 = 54 mask=00ff (pc=018446)
[ 140.934]   [header-byte] write $ffa517 = 54 mask=00ff (pc=018446)
[ 140.951]   [header-byte] write $ffa517 = 54 mask=00ff (pc=018446)
[ 140.967]   [header-byte] write $ffa517 = 54 mask=00ff (pc=018446)
[ 140.984]   [header-byte] write $ffa517 = 54 mask=00ff (pc=018446)
[ 141.001]   [header-byte] write $ffa517 = 54 mask=00ff (pc=018446)
[ 141.151]   [header-byte] write $ffa517 = 54 mask=00ff (pc=018446)
[ 141.153] [game-command] data=2828 mask=ff00 pc=005340 requests=00
[ 141.153] [game-command] data=2222 mask=00ff pc=005356 requests=00
[ 141.182] heartbeat frame=8460 tx=7443 rx=7635 fc=1 fd=10 fe=1 linkflag=82 pc=000288 a502=00 a524=0000 a525=00 a170=c2 a17f=00 txtail=0013 rxpend=0000
[ 141.182] [transport] captured=7443 flushed=7443 injected=7635 accepted=0 payload2=0 payload3=0 payload4=0 payload5=0 pump_reads=8433 bursts=1461 txcredit=0 outq=0 inq=0 watchdog=1 txseq=b5 rxseq=fd
[ 141.182] [epochs] local=1 peer=1 ready=true discarded_rx=0
[ 141.182] [game-state] a142=04 a13e=04 a13f=0f a530=2822 a506=0c a507=01 a508=00 a7b0=2822 a7a6=9334 script=01a51a
[ 141.182] [tcb-continuations] ffa580=ff80->018392 sleep=0 local26=7710 ffa5c0=ff80->01853c sleep=0 local26=0100 ffd000=ffc0->00d454 sleep=0 local26=0000 ffd040=ffc0->00daca sleep=0 local26=0000 ffd080=ffc0->004f14 sleep=0 local26=0000 ffd0c0=ffc0->004f14 sleep=0 local26=0000 ffd100=ff80->006782 sleep=0 local26=0000 ffd140=ffc0->007f6e sleep=0 local26=0000 ffd180=ff80->00539a sleep=0 local26=0200 ffd1c0=ff00->005660 sleep=0 local26=1402 ffd200=ff00->0056e4 sleep=0 local26=0000 ffd240=ff80->00539a sleep=0 local26=0200 ffd280=ff00->005660 sleep=0 local26=1402 ffd2c0=ff00->0056e4 sleep=0 local26=0000 ffd300=ff80->0086ee sleep=0 local26=0000 ffd340=ff80->0086ee sleep=0 local26=0000 ffdfc0=ffc0->00d5ca sleep=0 local26=0000
[ 141.653]   [header-byte] write $ffa517 = 54 mask=00ff (pc=018446)
[ 142.152]   [header-byte] write $ffa517 = 54 mask=00ff (pc=018446)
[ 142.183] heartbeat frame=8520 tx=7449 rx=7641 fc=1 fd=10 fe=1 linkflag=82 pc=000288 a502=00 a524=0000 a525=00 a170=c2 a17f=00 txtail=0019 rxpend=0000
[ 142.183] [transport] captured=7449 flushed=7449 injected=7641 accepted=0 payload2=0 payload3=0 payload4=0 payload5=0 pump_reads=8493 bursts=1463 txcredit=0 outq=0 inq=0 watchdog=1 txseq=b7 rxseq=ff
[ 142.183] [epochs] local=1 peer=1 ready=true discarded_rx=0
[ 142.183] [tcb-continuations] ffa580=ff80->018392 sleep=0 local26=7710 ffa5c0=ff80->01853c sleep=0 local26=0100 ffd000=ffc0->00d454 sleep=0 local26=0000 ffd040=ffc0->00daca sleep=0 local26=0000 ffd080=ffc0->004f14 sleep=0 local26=0000 ffd0c0=ffc0->004f14 sleep=0 local26=0000 ffd100=ff80->006782 sleep=0 local26=0000 ffd140=ffc0->007f6e sleep=0 local26=0000 ffd180=ff80->00539a sleep=0 local26=0200 ffd1c0=ff00->005660 sleep=0 local26=6c02 ffd200=ff00->0056e4 sleep=0 local26=0000 ffd240=ff80->00539a sleep=0 local26=0200 ffd280=ff00->005660 sleep=0 local26=6c02 ffd2c0=ff00->0056e4 sleep=0 local26=0000 ffd300=ff80->0086ee sleep=0 local26=0000 ffd340=ff80->0086ee sleep=0 local26=0000 ffdfc0=ffc0->00d5ca sleep=0 local26=0000
[ 142.653]   [header-byte] write $ffa517 = 54 mask=00ff (pc=018446)
[ 143.153]   [header-byte] write $ffa517 = 54 mask=00ff (pc=018446)
[ 143.184] heartbeat frame=8580 tx=7455 rx=7647 fc=1 fd=10 fe=1 linkflag=82 pc=00028a a502=00 a524=0000 a525=00 a170=c2 a17f=00 txtail=001f rxpend=0000
[ 143.184] [transport] captured=7455 flushed=7455 injected=7647 accepted=0 payload2=0 payload3=0 payload4=0 payload5=0 pump_reads=8553 bursts=1465 txcredit=0 outq=0 inq=0 watchdog=1 txseq=b9 rxseq=01
[ 143.184] [epochs] local=1 peer=1 ready=true discarded_rx=0
[ 143.184] [tcb-continuations] ffa580=ff80->018392 sleep=0 local26=7710 ffa5c0=ff80->01853c sleep=0 local26=0100 ffd000=ffc0->00d454 sleep=0 local26=0000 ffd040=ffc0->00daca sleep=0 local26=0000 ffd080=ffc0->004f14 sleep=0 local26=0000 ffd0c0=ffc0->004f14 sleep=0 local26=0000 ffd100=ff80->006782 sleep=0 local26=0000 ffd140=ffc0->007f6e sleep=0 local26=0000 ffd180=ff80->00539a sleep=0 local26=0200 ffd1c0=ff00->005660 sleep=0 local26=c402 ffd200=ff00->0056e4 sleep=0 local26=0000 ffd240=ff80->00539a sleep=0 local26=0200 ffd280=ff00->005660 sleep=0 local26=c402 ffd2c0=ff00->0056e4 sleep=0 local26=0000 ffd300=ff80->0086ee sleep=0 local26=0000 ffd340=ff80->0086ee sleep=0 local26=0000 ffdfc0=ffc0->00d5ca sleep=0 local26=0000
[ 143.654]   [header-byte] write $ffa517 = 54 mask=00ff (pc=018446)
[ 144.155]   [header-byte] write $ffa517 = 54 mask=00ff (pc=018446)
[ 144.186] heartbeat frame=8640 tx=7461 rx=7653 fc=1 fd=10 fe=1 linkflag=82 pc=000288 a502=00 a524=0000 a525=00 a170=c2 a17f=00 txtail=0025 rxpend=0000
[ 144.186] [transport] captured=7461 flushed=7461 injected=7653 accepted=0 payload2=0 payload3=0 payload4=0 payload5=0 pump_reads=8613 bursts=1467 txcredit=0 outq=0 inq=0 watchdog=1 txseq=bb rxseq=03
[ 144.186] [epochs] local=1 peer=1 ready=true discarded_rx=0
[ 144.186] [tcb-continuations] ffa580=ff80->018392 sleep=0 local26=7710 ffa5c0=ff80->01853c sleep=0 local26=0100 ffd000=ffc0->00d454 sleep=0 local26=0000 ffd040=ffc0->00daca sleep=0 local26=0000 ffd080=ffc0->004f14 sleep=0 local26=0000 ffd0c0=ffc0->004f14 sleep=0 local26=0000 ffd100=ff80->006782 sleep=0 local26=0000 ffd140=ffc0->007f6e sleep=0 local26=0000 ffd180=ff80->00539a sleep=0 local26=0200 ffd1c0=ff00->005660 sleep=0 local26=1c02 ffd200=ff00->0056e4 sleep=0 local26=0000 ffd240=ff80->00539a sleep=0 local26=0200 ffd280=ff00->005660 sleep=0 local26=1c02 ffd2c0=ff00->0056e4 sleep=0 local26=0000 ffd300=ff80->0086ee sleep=0 local26=0000 ffd340=ff80->0086ee sleep=0 local26=0000 ffdfc0=ffc0->00d5ca sleep=0 local26=0000
[ 144.655]   [header-byte] write $ffa517 = 54 mask=00ff (pc=018446)
[ 145.156]   [header-byte] write $ffa517 = 54 mask=00ff (pc=018446)
[ 145.187] heartbeat frame=8700 tx=7467 rx=7659 fc=1 fd=10 fe=1 linkflag=82 pc=000288 a502=00 a524=0000 a525=00 a170=c2 a17f=00 txtail=002b rxpend=0000
[ 145.187] [transport] captured=7467 flushed=7467 injected=7659 accepted=0 payload2=0 payload3=0 payload4=0 payload5=0 pump_reads=8673 bursts=1469 txcredit=0 outq=0 inq=0 watchdog=1 txseq=bd rxseq=05
[ 145.187] [epochs] local=1 peer=1 ready=true discarded_rx=0
[ 145.187] [tcb-continuations] ffa580=ff80->018392 sleep=0 local26=7710 ffa5c0=ff80->01853c sleep=0 local26=0100 ffd000=ffc0->00d454 sleep=0 local26=0000 ffd040=ffc0->00daca sleep=0 local26=0000 ffd080=ffc0->004f14 sleep=0 local26=0000 ffd0c0=ffc0->004f14 sleep=0 local26=0000 ffd100=ff80->006782 sleep=0 local26=0000 ffd140=ffc0->007f6e sleep=0 local26=0000 ffd180=ff80->00539a sleep=0 local26=0200 ffd1c0=ff00->005660 sleep=0 local26=7402 ffd200=ff00->0056e4 sleep=0 local26=0000 ffd240=ff80->00539a sleep=0 local26=0200 ffd280=ff00->005660 sleep=0 local26=7402 ffd2c0=ff00->0056e4 sleep=0 local26=0000 ffd300=ff80->0086ee sleep=0 local26=0000 ffd340=ff80->0086ee sleep=0 local26=0000 ffdfc0=ffc0->00d5ca sleep=0 local26=0000
[ 145.657]   [header-byte] write $ffa517 = 54 mask=00ff (pc=018446)
[ 146.158]   [header-byte] write $ffa517 = 54 mask=00ff (pc=018446)
[ 146.188] heartbeat frame=8760 tx=7473 rx=7665 fc=1 fd=10 fe=1 linkflag=82 pc=00028a a502=00 a524=0000 a525=00 a170=c2 a17f=00 txtail=0031 rxpend=0000
[ 146.188] [transport] captured=7473 flushed=7473 injected=7665 accepted=0 payload2=0 payload3=0 payload4=0 payload5=0 pump_reads=8733 bursts=1471 txcredit=0 outq=0 inq=0 watchdog=1 txseq=bf rxseq=07
[ 146.188] [epochs] local=1 peer=1 ready=true discarded_rx=0
[ 146.188] [tcb-continuations] ffa580=ff80->018392 sleep=0 local26=7710 ffa5c0=ff80->01853c sleep=0 local26=0100 ffd000=ffc0->00d454 sleep=0 local26=0000 ffd040=ffc0->00daca sleep=0 local26=0000 ffd080=ffc0->004f14 sleep=0 local26=0000 ffd0c0=ffc0->004f14 sleep=0 local26=0000 ffd100=ff80->006782 sleep=0 local26=0000 ffd140=ffc0->007f6e sleep=0 local26=0000 ffd180=ff80->00539a sleep=0 local26=0200 ffd1c0=ff00->005660 sleep=0 local26=cc02 ffd200=ff00->0056e4 sleep=0 local26=0000 ffd240=ff80->005454 sleep=0 local26=0200 ffd280=ff00->005660 sleep=0 local26=cc02 ffd2c0=ff00->0056e4 sleep=0 local26=0000 ffd300=ff80->0086ee sleep=0 local26=0000 ffdfc0=ffc0->00d5ca sleep=0 local26=0000
[ 146.661]   [header-byte] write $ffa517 = 54 mask=00ff (pc=018446)
[ 146.876] [game-command] data=2020 mask=00ff pc=00542a requests=00
[ 146.876] [game-command] data=2323 mask=00ff pc=005430 requests=00
[ 147.159]   [header-byte] write $ffa517 = 54 mask=00ff (pc=018446)
[ 147.190] heartbeat frame=8820 tx=7481 rx=7671 fc=1 fd=10 fe=1 linkflag=82 pc=00028a a502=00 a524=0000 a525=00 a170=c2 a17f=00 txtail=0039 rxpend=0000
[ 147.190] [transport] captured=7481 flushed=7481 injected=7671 accepted=0 payload2=0 payload3=0 payload4=0 payload5=0 pump_reads=8793 bursts=1473 txcredit=0 outq=0 inq=0 watchdog=1 txseq=c1 rxseq=09
[ 147.190] [epochs] local=1 peer=1 ready=true discarded_rx=0
[ 147.190] [game-state] a142=04 a13e=04 a13f=0f a530=2823 a506=0c a507=01 a508=00 a7b0=2822 a7a6=9334 script=01a51a
[ 147.190] [tcb-continuations] ffa580=ff80->018392 sleep=0 local26=7710 ffa5c0=ff80->01853c sleep=0 local26=1200 ffd000=ffc0->00d454 sleep=0 local26=0000 ffd040=ffc0->00daca sleep=0 local26=0000 ffd080=ffc0->004f14 sleep=0 local26=0000 ffd0c0=ffc0->004f30 sleep=0 local26=0000 ffd100=ff80->006782 sleep=0 local26=0000 ffd140=ffc0->007f6e sleep=0 local26=0000 ffd180=ff80->00539a sleep=0 local26=0300 ffd1c0=ff00->005660 sleep=0 local26=3703 ffd200=ff00->0056e4 sleep=0 local26=0000 ffd240=ff80->005526 sleep=0 local26=0200 ffd300=ff80->0086ee sleep=0 local26=0000 ffdfc0=ffc0->00d5ca sleep=0 local26=0000
[ 147.659]   [header-byte] write $ffa517 = 54 mask=00ff (pc=018446)
[ 148.160]   [header-byte] write $ffa517 = 54 mask=00ff (pc=018446)
[ 148.191] heartbeat frame=8880 tx=7487 rx=7677 fc=1 fd=10 fe=1 linkflag=82 pc=000288 a502=00 a524=0000 a525=00 a170=c2 a17f=00 txtail=003f rxpend=0000
[ 148.191] [transport] captured=7487 flushed=7487 injected=7677 accepted=0 payload2=0 payload3=0 payload4=0 payload5=0 pump_reads=8853 bursts=1475 txcredit=0 outq=0 inq=5 watchdog=1 txseq=c3 rxseq=0b
[ 148.191] [epochs] local=1 peer=1 ready=true discarded_rx=0
[ 148.191] [tcb-continuations] ffa580=ff80->018392 sleep=0 local26=7710 ffa5c0=ff80->01853c sleep=0 local26=1200 ffd000=ffc0->00d454 sleep=0 local26=0000 ffd040=ffc0->00daca sleep=0 local26=0000 ffd080=ffc0->004f14 sleep=0 local26=0000 ffd0c0=ffc0->004f30 sleep=0 local26=0000 ffd100=ff80->006782 sleep=0 local26=0000 ffd140=ffc0->007f6e sleep=0 local26=0000 ffd180=ff80->005526 sleep=0 local26=0300 ffd240=ff80->005526 sleep=0 local26=0200 ffdfc0=ffc0->00d5ca sleep=0 local26=0000
[ 148.193]   [header-byte] write $ffa517 = 54 mask=00ff (pc=018446)
[ 148.193] [game-command] data=3838 mask=ff00 pc=00d470 requests=00
[ 148.694]   [header-byte] write $ffa517 = 54 mask=00ff (pc=018446)
[ 149.192] heartbeat frame=8940 tx=7495 rx=7685 fc=1 fd=10 fe=1 linkflag=82 pc=000288 a502=00 a524=0000 a525=00 a170=c2 a17f=00 txtail=0047 rxpend=0000
[ 149.192] [transport] captured=7495 flushed=7495 injected=7685 accepted=0 payload2=0 payload3=0 payload4=0 payload5=0 pump_reads=8913 bursts=1477 txcredit=0 outq=0 inq=3 watchdog=29 txseq=c5 rxseq=0d
[ 149.192] [epochs] local=1 peer=1 ready=true discarded_rx=0
[ 149.192] [game-state] a142=04 a13e=04 a13f=0f a530=3823 a506=0c a507=01 a508=00 a7b0=3822 a7a6=9334 script=01a51a
[ 149.192] [tcb-continuations] ffa580=ff80->018392 sleep=0 local26=7710 ffa5c0=ff80->01853c sleep=0 local26=1d00 ffd000=ffc0->00d47c sleep=0 local26=0000 ffd040=ffc0->00daca sleep=0 local26=0000 ffd080=ffc0->004f30 sleep=0 local26=0000 ffd0c0=ffc0->004f30 sleep=0 local26=0000 ffd100=ff80->006782 sleep=0 local26=0000 ffd140=ffc0->007fb6 sleep=0 local26=0000 ffdfc0=ffc0->00d66e sleep=0 local26=0000
[ 149.195]   [header-byte] write $ffa517 = 54 mask=00ff (pc=018446)
[ 149.646] [game-command] data=f8f8 mask=ff00 pc=008022 requests=00
[ 149.663] [game-command] data=0b0b mask=ff00 pc=00d49c requests=00
[ 149.697]   [header-byte] write $ffa517 = 54 mask=00ff (pc=018446)
[ 149.762]   [header-byte] write $ffa517 = 54 mask=00ff (pc=018446)
[ 149.779]   [header-byte] write $ffa517 = 54 mask=00ff (pc=018446)
[ 150.193] heartbeat frame=9000 tx=7532 rx=7725 fc=1 fd=10 fe=1 linkflag=82 pc=000288 a502=00 a524=0000 a525=00 a170=c2 a17f=00 txtail=006c rxpend=0000
[ 150.193] [transport] captured=7532 flushed=7532 injected=7725 accepted=0 payload2=0 payload3=0 payload4=0 payload5=0 pump_reads=8973 bursts=1480 txcredit=0 outq=0 inq=0 watchdog=24 txseq=c8 rxseq=11
[ 150.193] [epochs] local=1 peer=1 ready=true discarded_rx=0
[ 150.193] [game-state] a142=04 a13e=04 a13f=0f a530=0b23 a506=0b a507=01 a508=00 a7b0=3822 a7a6=9334 script=01a51a
[ 150.193] [tcb-continuations] ffa580=ff80->018392 sleep=0 local26=7710 ffa5c0=ff80->01853c sleep=0 local26=1d00 ffd000=ffc0->00d4b4 sleep=0 local26=0000 ffd040=ffc0->00daca sleep=0 local26=0000 ffd080=ffc0->004f7e sleep=0 local26=0000 ffd0c0=ffc0->00504e sleep=0 local26=1a00 ffd100=ff80->006782 sleep=0 local26=0000 ffd140=ffc0->008082 sleep=0 local26=0315 ffd180=ff80->006c06 sleep=0 local26=0006 ffd1c0=ff80->004486 sleep=0 local26=0000 ffd200=ff80->006b6e sleep=0 local26=0000 ffd240=ff80->006b6e sleep=0 local26=0000 ffd280=ff80->006b6e sleep=0 local26=0000 ffd2c0=ff80->006b6e sleep=0 local26=0000 ffd300=ff80->006b6e sleep=0 local26=0000 ffd340=ff80->006b6e sleep=0 local26=0000 ffd380=ff80->007944 sleep=0 local26=0000 ffd3c0=ff80->007d70 sleep=0 local26=0000 ffdfc0=ffc0->00d6d0 sleep=0 local26=0000 ffe000=ff00->008362 sleep=0 local26=fff3 ffe040=ff00->008362 sleep=0 local26=fff3 ffe080=ff00->008362 sleep=0 local26=fff3 ffe0c0=ff00->008362 sleep=0 local26=fff3 ffe100=ff00->008362 sleep=0 local26=fff3 ffe140=ff00->008362 sleep=0 local26=fff3 ffe180=ff00->008362 sleep=0 local26=fff3 ffe1c0=ff00->008362 sleep=0 local26=fff3 ffe200=ff00->008362 sleep=0 local26=fff3 ffe240=ff00->008362 sleep=0 local26=fff3 ffe280=ff00->008362 sleep=0 local26=fff3 ffe2c0=ff00->008362 sleep=0 local26=fff3 ffe300=ff00->008362 sleep=0 local26=fff3 ffe340=ff00->008362 sleep=0 local26=fff3 ffe380=ff00->008362 sleep=0 local26=fff3 ffe3c0=ff00->008362 sleep=0 local26=fff3 ffe400=ff00->008362 sleep=0 local26=fff3 ffe440=ff00->008362 sleep=0 local26=fff3 ffe480=ff00->008362 sleep=0 local26=fff3 ffe4c0=ff00->008362 sleep=0 local26=fff3 ffe500=ff00->008362 sleep=0 local26=fff3 ffe540=ff00->008362 sleep=0 local26=fff3 ffe580=ff00->008362 sleep=0 local26=fff3 ffe5c0=ff00->008362 sleep=0 local26=fff3 ffe600=ff00->008362 sleep=0 local26=fff3 ffe640=ff00->008362 sleep=0 local26=fff3 ffe680=ff00->008362 sleep=0 local26=fff3 ffe6c0=ff00->008362 sleep=0 local26=fff3 ffe700=ff00->008362 sleep=0 local26=fff3 ffe740=ff00->008362 sleep=0 local26=fff3 ffe780=ff00->008362 sleep=0 local26=fff3 ffe7c0=ff00->008362 sleep=0 local26=fff3
[ 150.280]   [header-byte] write $ffa517 = 54 mask=00ff (pc=018446)
[ 150.780]   [header-byte] write $ffa517 = 54 mask=00ff (pc=018446)
[ 151.195] heartbeat frame=9060 tx=7555 rx=7731 fc=1 fd=10 fe=1 linkflag=82 pc=000288 a502=00 a524=0000 a525=00 a170=c2 a17f=00 txtail=0083 rxpend=0000
[ 151.195] [transport] captured=7555 flushed=7555 injected=7731 accepted=0 payload2=0 payload3=0 payload4=0 payload5=0 pump_reads=9033 bursts=1483 txcredit=0 outq=0 inq=0 watchdog=24 txseq=cb rxseq=13
[ 151.195] [epochs] local=1 peer=1 ready=true discarded_rx=0
[ 151.195] [tcb-continuations] ffa580=ff80->018392 sleep=0 local26=7710 ffa5c0=ff80->01853c sleep=0 local26=0100 ffd000=ffc0->00d4b4 sleep=0 local26=0000 ffd040=ffc0->00daca sleep=0 local26=0000 ffd080=ffc0->00504e sleep=0 local26=0100 ffd0c0=ffc0->00504e sleep=0 local26=5600 ffd100=ff80->006782 sleep=0 local26=0000 ffd140=ffc0->008082 sleep=0 local26=0215 ffd180=ff80->007944 sleep=0 local26=0000 ffd1c0=ff80->00449a sleep=0 local26=0000 ffd200=ff80->007d70 sleep=0 local26=0000 ffd380=ff80->007944 sleep=0 local26=0000 ffd3c0=ff80->007d70 sleep=0 local26=0000 ffdfc0=ffc0->00d6d0 sleep=0 local26=0000 ffe000=ff00->0070c2 sleep=0 local26=2000
[ 151.281]   [header-byte] write $ffa517 = 54 mask=00ff (pc=018446)
[ 151.783]   [header-byte] write $ffa517 = 54 mask=00ff (pc=018446)
[ 152.196] heartbeat frame=9120 tx=7561 rx=7737 fc=1 fd=10 fe=1 linkflag=82 pc=00028a a502=00 a524=0000 a525=00 a170=c2 a17f=00 txtail=0089 rxpend=0000
[ 152.196] [transport] captured=7561 flushed=7561 injected=7737 accepted=0 payload2=0 payload3=0 payload4=0 payload5=0 pump_reads=9093 bursts=1485 txcredit=0 outq=0 inq=0 watchdog=24 txseq=cd rxseq=15
[ 152.196] [epochs] local=1 peer=1 ready=true discarded_rx=0
[ 152.196] [tcb-continuations] ffa580=ff80->018392 sleep=0 local26=7710 ffa5c0=ff80->01853c sleep=0 local26=0100 ffd000=ffc0->00d4b4 sleep=0 local26=0000 ffd040=ffc0->00daca sleep=0 local26=0000 ffd080=ffc0->00504e sleep=0 local26=3d00 ffd0c0=ffc0->00504e sleep=0 local26=9200 ffd100=ff80->006782 sleep=0 local26=0000 ffd140=ffc0->008082 sleep=0 local26=0215 ffd180=ff80->007944 sleep=0 local26=0000 ffd200=ff80->007d70 sleep=0 local26=0000 ffd380=ff80->007944 sleep=0 local26=0000 ffd3c0=ff80->007d70 sleep=0 local26=0000 ffdfc0=ffc0->00d6d0 sleep=0 local26=0000 ffe000=ff00->0070c2 sleep=0 local26=2000
[ 152.282]   [header-byte] write $ffa517 = 54 mask=00ff (pc=018446)
[ 152.783]   [header-byte] write $ffa517 = 54 mask=00ff (pc=018446)
[ 153.197] heartbeat frame=9180 tx=7588 rx=7743 fc=1 fd=10 fe=1 linkflag=82 pc=000288 a502=00 a524=0000 a525=00 a170=c2 a17f=00 txtail=00a4 rxpend=0000
[ 153.197] [transport] captured=7588 flushed=7588 injected=7743 accepted=0 payload2=0 payload3=0 payload4=0 payload5=0 pump_reads=9153 bursts=1488 txcredit=0 outq=0 inq=0 watchdog=24 txseq=d0 rxseq=17
[ 153.197] [epochs] local=1 peer=1 ready=true discarded_rx=0
[ 153.197] [tcb-continuations] ffa580=ff80->018392 sleep=0 local26=7710 ffa5c0=ff80->01853c sleep=0 local26=0300 ffd000=ffc0->00d4b4 sleep=0 local26=0000 ffd040=ffc0->00daca sleep=0 local26=0000 ffd080=ffc0->004fe8 sleep=0 local26=0000 ffd0c0=ffc0->00504e sleep=0 local26=ce00 ffd100=ff80->006782 sleep=0 local26=0000 ffd140=ffc0->008082 sleep=0 local26=0115 ffd180=ff00->0079fe sleep=14 local26=0001 ffd200=ff00->0079fe sleep=12 local26=0000 ffd380=ff80->007944 sleep=0 local26=0001 ffd3c0=ff80->007d70 sleep=0 local26=0000 ffdfc0=ffc0->00d6d0 sleep=0 local26=0000 ffe000=ff00->0070c2 sleep=0 local26=2000
[ 153.283]   [header-byte] write $ffa517 = 54 mask=00ff (pc=018446)
[ 153.617]   [header-byte] write $ffa517 = 54 mask=00ff (pc=018446)
[ 153.634]   [header-byte] write $ffa517 = 54 mask=00ff (pc=018446)
[ 153.750]   [header-byte] write $ffa517 = 54 mask=00ff (pc=018446)
[ 154.199] heartbeat frame=9240 tx=7636 rx=7787 fc=1 fd=10 fe=1 linkflag=82 pc=000288 a502=00 a524=0000 a525=00 a170=c2 a17f=00 txtail=00d4 rxpend=0000
[ 154.199] [transport] captured=7636 flushed=7636 injected=7787 accepted=0 payload2=0 payload3=0 payload4=0 payload5=0 pump_reads=9213 bursts=1492 txcredit=0 outq=0 inq=0 watchdog=26 txseq=d4 rxseq=1b
[ 154.199] [epochs] local=1 peer=1 ready=true discarded_rx=0
[ 154.199] [tcb-continuations] ffa580=ff80->018392 sleep=0 local26=7710 ffa5c0=ff80->01853c sleep=0 local26=1100 ffd000=ffc0->00d4b4 sleep=0 local26=0000 ffd040=ffc0->00daca sleep=0 local26=0000 ffd080=ffc0->00504e sleep=0 local26=0c00 ffd0c0=ffc0->00504e sleep=0 local26=1a00 ffd100=ff80->006782 sleep=0 local26=0000 ffd140=ffc0->008082 sleep=0 local26=0115 ffd180=ff80->007944 sleep=0 local26=0000 ffd1c0=ff00->007a16 sleep=0 local26=0001 ffd200=ff80->007d70 sleep=0 local26=0000 ffd240=ff00->007a16 sleep=0 local26=0000 ffd280=ff80->007944 sleep=0 local26=0000 ffd2c0=ff80->007d70 sleep=0 local26=0000 ffd380=ff00->007a24 sleep=0 local26=0201 ffd3c0=ff00->007a24 sleep=0 local26=0300 ffdfc0=ffc0->00d6d0 sleep=0 local26=0000 ffe000=ff00->0070c2 sleep=0 local26=2000
[ 154.251]   [header-byte] write $ffa517 = 54 mask=00ff (pc=018446)
[ 154.752]   [header-byte] write $ffa517 = 54 mask=00ff (pc=018446)
[ 155.200] heartbeat frame=9300 tx=7642 rx=7793 fc=1 fd=10 fe=1 linkflag=82 pc=000288 a502=00 a524=0000 a525=00 a170=c2 a17f=00 txtail=00da rxpend=0000
[ 155.200] [transport] captured=7642 flushed=7642 injected=7793 accepted=0 payload2=0 payload3=0 payload4=0 payload5=0 pump_reads=9273 bursts=1494 txcredit=0 outq=0 inq=0 watchdog=26 txseq=d6 rxseq=1d
[ 155.200] [epochs] local=1 peer=1 ready=true discarded_rx=0
[ 155.200] [tcb-continuations] ffa580=ff80->018392 sleep=0 local26=7710 ffa5c0=ff80->01853c sleep=0 local26=1100 ffd000=ffc0->00d4b4 sleep=0 local26=0000 ffd040=ffc0->00daca sleep=0 local26=0000 ffd080=ffc0->00504e sleep=0 local26=4800 ffd0c0=ffc0->00504e sleep=0 local26=5600 ffd100=ff80->006782 sleep=0 local26=0000 ffd140=ffc0->008082 sleep=0 local26=02ff ffd180=ff80->007944 sleep=0 local26=0000 ffd200=ff80->007d70 sleep=0 local26=0000 ffd280=ff80->007944 sleep=0 local26=0000 ffd2c0=ff80->007d70 sleep=0 local26=0000 ffdfc0=ffc0->00d6d0 sleep=0 local26=0000
[ 155.252]   [header-byte] write $ffa517 = 54 mask=00ff (pc=018446)
[ 155.755]   [header-byte] write $ffa517 = 54 mask=00ff (pc=018446)
[ 156.201] heartbeat frame=9360 tx=7648 rx=7799 fc=1 fd=10 fe=1 linkflag=82 pc=000288 a502=00 a524=0000 a525=00 a170=c2 a17f=00 txtail=00e0 rxpend=0000
[ 156.201] [transport] captured=7648 flushed=7648 injected=7799 accepted=0 payload2=0 payload3=0 payload4=0 payload5=0 pump_reads=9333 bursts=1496 txcredit=0 outq=0 inq=0 watchdog=26 txseq=d8 rxseq=1f
[ 156.201] [epochs] local=1 peer=1 ready=true discarded_rx=0
[ 156.201] [tcb-continuations] ffa580=ff80->018392 sleep=0 local26=7710 ffa5c0=ff80->01853c sleep=0 local26=1100 ffd000=ffc0->00d4b4 sleep=0 local26=0000 ffd040=ffc0->00daca sleep=0 local26=0000 ffd080=ffc0->00504e sleep=0 local26=8400 ffd0c0=ffc0->00504e sleep=0 local26=9200 ffd100=ff80->006782 sleep=0 local26=0000 ffd140=ffc0->008082 sleep=0 local26=02ff ffd180=ff80->007944 sleep=0 local26=0001 ffd200=ff80->007d70 sleep=0 local26=0000 ffd280=ff80->007944 sleep=0 local26=0001 ffd2c0=ff80->007d70 sleep=0 local26=0000 ffdfc0=ffc0->00d6d0 sleep=0 local26=0000 ffe000=ff00->0070c2 sleep=0 local26=2000
[ 156.253]   [header-byte] write $ffa517 = 54 mask=00ff (pc=018446)
[ 156.754]   [header-byte] write $ffa517 = 54 mask=00ff (pc=018446)
[ 157.088]   [header-byte] write $ffa517 = 54 mask=00ff (pc=018446)
[ 157.105]   [header-byte] write $ffa517 = 54 mask=00ff (pc=018446)
[ 157.202] heartbeat frame=9420 tx=7675 rx=7839 fc=1 fd=10 fe=1 linkflag=82 pc=00028a a502=00 a524=0000 a525=00 a170=c2 a17f=00 txtail=00fb rxpend=0000
[ 157.202] [transport] captured=7675 flushed=7675 injected=7839 accepted=0 payload2=0 payload3=0 payload4=0 payload5=0 pump_reads=9393 bursts=1499 txcredit=0 outq=0 inq=0 watchdog=5 txseq=db rxseq=23
[ 157.202] [epochs] local=1 peer=1 ready=true discarded_rx=0
[ 157.202] [tcb-continuations] ffa580=ff80->018392 sleep=0 local26=7710 ffa5c0=ff80->01853c sleep=0 local26=1100 ffd000=ffc0->00d4b4 sleep=0 local26=0000 ffd040=ffc0->00daca sleep=0 local26=0000 ffd080=ffc0->00504e sleep=0 local26=0c00 ffd0c0=ffc0->00504e sleep=0 local26=ce00 ffd100=ff80->006782 sleep=0 local26=0000 ffd140=ffc0->008082 sleep=0 local26=01ff ffd180=ff00->007a16 sleep=0 local26=0001 ffd1c0=ff80->007944 sleep=0 local26=0000 ffd200=ff00->007a24 sleep=0 local26=0500 ffd240=ff80->007d70 sleep=0 local26=0000 ffd280=ff00->0079fe sleep=11 local26=0002 ffd2c0=ff80->007de4 sleep=0 local26=0000 ffdfc0=ffc0->00d6d0 sleep=0 local26=0000 ffe000=ff00->0070c2 sleep=0 local26=2000 ffe040=ff00->00708c sleep=0 local26=0000
[ 157.222]   [header-byte] write $ffa517 = 54 mask=00ff (pc=018446)
[ 157.723]   [header-byte] write $ffa517 = 54 mask=00ff (pc=018446)
[ 158.204] heartbeat frame=9480 tx=7705 rx=7849 fc=1 fd=10 fe=1 linkflag=82 pc=000288 a502=00 a524=0000 a525=00 a170=c2 a17f=00 txtail=0019 rxpend=0000
[ 158.204] [transport] captured=7705 flushed=7705 injected=7849 accepted=0 payload2=0 payload3=0 payload4=0 payload5=0 pump_reads=9453 bursts=1503 txcredit=0 outq=0 inq=0 watchdog=28 txseq=df rxseq=25
[ 158.204] [epochs] local=1 peer=1 ready=true discarded_rx=0
[ 158.204] [tcb-continuations] ffa580=ff80->018392 sleep=0 local26=7710 ffa5c0=ff80->01853c sleep=0 local26=0400 ffd000=ffc0->00d4b4 sleep=0 local26=0000 ffd040=ffc0->00daca sleep=0 local26=0000 ffd080=ffc0->00504e sleep=0 local26=4800 ffd0c0=ffc0->00504e sleep=0 local26=1d00 ffd100=ff80->006782 sleep=0 local26=0000 ffd140=ffc0->008082 sleep=0 local26=01ff ffd180=ff80->007944 sleep=0 local26=0000 ffd1c0=ff80->007944 sleep=0 local26=0000 ffd200=ff80->007d70 sleep=0 local26=0000 ffd240=ff80->007d70 sleep=0 local26=0000 ffd2c0=ff00->007a24 sleep=0 local26=0200 ffdfc0=ffc0->00d6d0 sleep=0 local26=0000 ffe000=ff00->0070c2 sleep=0 local26=2000 ffe040=ff00->0070c2 sleep=0 local26=4c00
[ 158.223]   [header-byte] write $ffa517 = 54 mask=00ff (pc=018446)
[ 158.723]   [header-byte] write $ffa517 = 54 mask=00ff (pc=018446)
[ 159.205] heartbeat frame=9540 tx=7711 rx=7855 fc=1 fd=10 fe=1 linkflag=82 pc=000288 a502=00 a524=0000 a525=00 a170=c2 a17f=00 txtail=001f rxpend=0000
[ 159.205] [transport] captured=7711 flushed=7711 injected=7855 accepted=0 payload2=0 payload3=0 payload4=0 payload5=0 pump_reads=9513 bursts=1505 txcredit=0 outq=0 inq=0 watchdog=28 txseq=e1 rxseq=27
[ 159.205] [epochs] local=1 peer=1 ready=true discarded_rx=0
[ 159.205] [tcb-continuations] ffa580=ff80->018392 sleep=0 local26=7710 ffa5c0=ff80->01853c sleep=0 local26=0400 ffd000=ffc0->00d4b4 sleep=0 local26=0000 ffd040=ffc0->00daca sleep=0 local26=0000 ffd080=ffc0->00504e sleep=0 local26=8400 ffd0c0=ffc0->00504e sleep=0 local26=5900 ffd100=ff80->006782 sleep=0 local26=0000 ffd140=ffc0->008082 sleep=0 local26=00ff ffd180=ff80->007944 sleep=0 local26=0000 ffd1c0=ff80->007944 sleep=0 local26=0000 ffd200=ff80->007d70 sleep=0 local26=0000 ffd240=ff80->007d70 sleep=0 local26=0000 ffdfc0=ffc0->00d6d0 sleep=0 local26=0000 ffe040=ff00->0070c2 sleep=0 local26=4c00
[ 159.224]   [header-byte] write $ffa517 = 54 mask=00ff (pc=018446)
[ 159.725]   [header-byte] write $ffa517 = 54 mask=00ff (pc=018446)
[ 160.159]   [header-byte] write $ffa517 = 54 mask=00ff (pc=018446)
[ 160.176]   [header-byte] write $ffa517 = 54 mask=00ff (pc=018446)
[ 160.206] heartbeat frame=9600 tx=7738 rx=7895 fc=1 fd=10 fe=1 linkflag=82 pc=000288 a502=00 a524=0000 a525=00 a170=c2 a17f=00 txtail=003a rxpend=0000
[ 160.206] [transport] captured=7738 flushed=7738 injected=7895 accepted=0 payload2=0 payload3=0 payload4=0 payload5=0 pump_reads=9573 bursts=1508 txcredit=0 outq=0 inq=0 watchdog=1 txseq=e4 rxseq=2b
[ 160.206] [epochs] local=1 peer=1 ready=true discarded_rx=0
[ 160.206] [tcb-continuations] ffa580=ff80->018392 sleep=0 local26=7710 ffa5c0=ff80->01853c sleep=0 local26=0a00 ffd000=ffc0->00d4b4 sleep=0 local26=0000 ffd040=ffc0->00daca sleep=0 local26=0000 ffd080=ffc0->00504e sleep=0 local26=0500 ffd0c0=ffc0->00504e sleep=0 local26=9500 ffd100=ff80->006782 sleep=0 local26=0000 ffd140=ffc0->008082 sleep=0 local26=00ff ffd180=ff80->007944 sleep=0 local26=0001 ffd1c0=ff00->0079fe sleep=7 local26=0001 ffd200=ff80->007d70 sleep=0 local26=0000 ffd240=ff00->007a24 sleep=0 local26=0600 ffd280=ff80->007944 sleep=0 local26=0000 ffd2c0=ff80->007d70 sleep=0 local26=0000 ffdfc0=ffc0->00d6d0 sleep=0 local26=0000 ffe000=ff00->00708c sleep=0 local26=0000 ffe040=ff00->0070c2 sleep=0 local26=4c00
[ 160.295]   [header-byte] write $ffa517 = 54 mask=00ff (pc=018446)
[ 160.793]   [header-byte] write $ffa517 = 54 mask=00ff (pc=018446)
[ 161.208] heartbeat frame=9660 tx=7744 rx=7905 fc=1 fd=10 fe=1 linkflag=82 pc=00028a a502=00 a524=0000 a525=00 a170=c2 a17f=00 txtail=0040 rxpend=0000
[ 161.208] [transport] captured=7744 flushed=7744 injected=7905 accepted=0 payload2=0 payload3=0 payload4=0 payload5=0 pump_reads=9633 bursts=1510 txcredit=0 outq=0 inq=0 watchdog=24 txseq=e6 rxseq=2d
[ 161.208] [epochs] local=1 peer=1 ready=true discarded_rx=0
[ 161.208] [tcb-continuations] ffa580=ff80->018392 sleep=0 local26=7710 ffa5c0=ff80->01853c sleep=0 local26=0a00 ffd000=ffc0->00d4b4 sleep=0 local26=0000 ffd040=ffc0->00daca sleep=0 local26=0000 ffd080=ffc0->00504e sleep=0 local26=4100 ffd0c0=ffc0->00504e sleep=0 local26=d100 ffd100=ff80->006782 sleep=0 local26=0000 ffd140=ffc0->008082 sleep=0 local26=0304 ffd180=ff00->0079fe sleep=20 local26=0003 ffd200=ff80->007de4 sleep=0 local26=0000 ffd280=ff80->007944 sleep=0 local26=0000 ffd2c0=ff80->007d70 sleep=0 local26=0000 ffdfc0=ffc0->00d6d0 sleep=0 local26=0000 ffe000=ff00->0070c2 sleep=0 local26=2b00
[ 161.294]   [header-byte] write $ffa517 = 54 mask=00ff (pc=018446)
[ 161.794]   [header-byte] write $ffa517 = 54 mask=00ff (pc=018446)
[ 162.209] heartbeat frame=9720 tx=7771 rx=7911 fc=1 fd=10 fe=1 linkflag=82 pc=00028a a502=00 a524=0000 a525=00 a170=c2 a17f=00 txtail=005b rxpend=0000
[ 162.209] [transport] captured=7771 flushed=7771 injected=7911 accepted=0 payload2=0 payload3=0 payload4=0 payload5=0 pump_reads=9693 bursts=1513 txcredit=0 outq=0 inq=0 watchdog=24 txseq=e9 rxseq=2f
[ 162.209] [epochs] local=1 peer=1 ready=true discarded_rx=0
[ 162.209] [tcb-continuations] ffa580=ff80->018392 sleep=0 local26=7710 ffa5c0=ff80->01853c sleep=0 local26=1900 ffd000=ffc0->00d4b4 sleep=0 local26=0000 ffd040=ffc0->00daca sleep=0 local26=0000 ffd080=ffc0->00504e sleep=0 local26=7d00 ffd0c0=ffc0->00504e sleep=0 local26=1400 ffd100=ff80->006782 sleep=0 local26=0000 ffd140=ffc0->008082 sleep=0 local26=0204 ffd1c0=ff80->007944 sleep=0 local26=0000 ffd200=ff00->007a24 sleep=0 local26=0400 ffd240=ff80->007d70 sleep=0 local26=0000 ffd280=ff80->007944 sleep=0 local26=0000 ffd2c0=ff80->007d70 sleep=0 local26=0000 ffdfc0=ffc0->00d6d0 sleep=0 local26=0000 ffe000=ff00->0070c2 sleep=0 local26=2b00 ffe040=ff00->00708c sleep=0 local26=0000
[ 162.295]   [header-byte] write $ffa517 = 54 mask=00ff (pc=018446)
[ 162.695]   [header-byte] write $ffa517 = 54 mask=00ff (pc=018446)
[ 162.712]   [header-byte] write $ffa517 = 54 mask=00ff (pc=018446)
[ 162.828]   [header-byte] write $ffa517 = 54 mask=00ff (pc=018446)
[ 163.210] heartbeat frame=9780 tx=7794 rx=7955 fc=1 fd=10 fe=1 linkflag=82 pc=00028a a502=00 a524=0000 a525=00 a170=c2 a17f=00 txtail=0072 rxpend=0000
[ 163.210] [transport] captured=7794 flushed=7794 injected=7955 accepted=0 payload2=0 payload3=0 payload4=0 payload5=0 pump_reads=9753 bursts=1516 txcredit=0 outq=0 inq=0 watchdog=22 txseq=ec rxseq=33
[ 163.210] [epochs] local=1 peer=1 ready=true discarded_rx=0
[ 163.210] [tcb-continuations] ffa580=ff80->018392 sleep=0 local26=7710 ffa5c0=ff80->01853c sleep=0 local26=0500 ffd000=ffc0->00d4b4 sleep=0 local26=0000 ffd040=ffc0->00daca sleep=0 local26=0000 ffd080=ffc0->0050ba sleep=0 local26=0000 ffd0c0=ffc0->00504e sleep=0 local26=5000 ffd100=ff80->006782 sleep=0 local26=0000 ffd140=ffc0->008082 sleep=0 local26=0104 ffd1c0=ff80->007944 sleep=0 local26=0000 ffd240=ff80->007d70 sleep=0 local26=0000 ffd280=ff00->0079fe sleep=18 local26=0001 ffd2c0=ff00->0079fe sleep=10 local26=0000 ffdfc0=ffc0->00d6d0 sleep=0 local26=0000 ffe040=ff00->0070c2 sleep=0 local26=4c00
[ 163.329]   [header-byte] write $ffa517 = 54 mask=00ff (pc=018446)
[ 163.830]   [header-byte] write $ffa517 = 54 mask=00ff (pc=018446)
[ 164.211] heartbeat frame=9840 tx=7804 rx=7961 fc=1 fd=10 fe=1 linkflag=82 pc=00028a a502=00 a524=0000 a525=00 a170=c2 a17f=00 txtail=007c rxpend=0000
[ 164.211] [transport] captured=7804 flushed=7804 injected=7961 accepted=0 payload2=0 payload3=0 payload4=0 payload5=0 pump_reads=9813 bursts=1518 txcredit=0 outq=0 inq=0 watchdog=22 txseq=ee rxseq=35
[ 164.211] [epochs] local=1 peer=1 ready=true discarded_rx=0
[ 164.211] [tcb-continuations] ffa580=ff80->018392 sleep=0 local26=7710 ffa5c0=ff80->01853c sleep=0 local26=1d00 ffd000=ffc0->00d4b4 sleep=0 local26=0000 ffd040=ffc0->00daca sleep=0 local26=0000 ffd080=ffc0->00504e sleep=0 local26=3600 ffd0c0=ffc0->00504e sleep=0 local26=8c00 ffd100=ff80->006782 sleep=0 local26=0000 ffd140=ffc0->008082 sleep=0 local26=0004 ffd180=ff80->007944 sleep=0 local26=0000 ffd1c0=ff80->007944 sleep=0 local26=0001 ffd200=ff80->007d70 sleep=0 local26=0000 ffd240=ff80->007d70 sleep=0 local26=0000 ffdfc0=ffc0->00d6d0 sleep=0 local26=0000 ffe040=ff00->0070c2 sleep=0 local26=4c00
[ 164.330]   [header-byte] write $ffa517 = 54 mask=00ff (pc=018446)
[ 164.698]   [header-byte] write $ffa517 = 54 mask=00ff (pc=018446)
[ 164.715]   [header-byte] write $ffa517 = 54 mask=00ff (pc=018446)
[ 164.832]   [header-byte] write $ffa517 = 54 mask=00ff (pc=018446)
[ 165.213] heartbeat frame=9900 tx=7831 rx=8005 fc=1 fd=10 fe=1 linkflag=82 pc=000288 a502=00 a524=0000 a525=00 a170=c2 a17f=00 txtail=0097 rxpend=0000
[ 165.213] [transport] captured=7831 flushed=7831 injected=8005 accepted=0 payload2=0 payload3=0 payload4=0 payload5=0 pump_reads=9873 bursts=1521 txcredit=0 outq=0 inq=0 watchdog=22 txseq=f1 rxseq=39
[ 165.213] [epochs] local=1 peer=1 ready=true discarded_rx=0
[ 165.213] [tcb-continuations] ffa580=ff80->018392 sleep=0 local26=7710 ffa5c0=ff80->01853c sleep=0 local26=1500 ffd000=ffc0->00d4b4 sleep=0 local26=0000 ffd040=ffc0->00daca sleep=0 local26=0000 ffd080=ffc0->00504e sleep=0 local26=7200 ffd0c0=ffc0->00504e sleep=0 local26=1000 ffd100=ff80->006782 sleep=0 local26=0000 ffd140=ffc0->008082 sleep=0 local26=08ff ffd180=ff80->007944 sleep=0 local26=0000 ffd1c0=ff00->007a24 sleep=0 local26=0501 ffd200=ff80->007d70 sleep=0 local26=0000 ffd240=ff00->007a24 sleep=0 local26=0300 ffd280=ff80->007944 sleep=0 local26=0000 ffd2c0=ff80->007d70 sleep=0 local26=0000 ffdfc0=ffc0->00d6d0 sleep=0 local26=0000 ffe000=ff00->00708c sleep=0 local26=0000
[ 165.332]   [header-byte] write $ffa517 = 54 mask=00ff (pc=018446)
[ 165.832]   [header-byte] write $ffa517 = 54 mask=00ff (pc=018446)
[ 166.033]   [header-byte] write $ffa517 = 54 mask=00ff (pc=018446)
[ 166.049]   [header-byte] write $ffa517 = 54 mask=00ff (pc=018446)
[ 166.166]   [header-byte] write $ffa517 = 54 mask=00ff (pc=018446)
[ 166.214] heartbeat frame=9960 tx=7861 rx=8052 fc=1 fd=10 fe=1 linkflag=82 pc=000288 a502=00 a524=0000 a525=00 a170=c2 a17f=00 txtail=00b5 rxpend=0000
[ 166.214] [transport] captured=7861 flushed=7861 injected=8052 accepted=0 payload2=0 payload3=0 payload4=0 payload5=0 pump_reads=9933 bursts=1525 txcredit=0 outq=0 inq=0 watchdog=2 txseq=f5 rxseq=3e
[ 166.214] [epochs] local=1 peer=1 ready=true discarded_rx=0
[ 166.214] [tcb-continuations] ffa580=ff80->018392 sleep=0 local26=7710 ffa5c0=ff80->01853c sleep=0 local26=0100 ffd000=ffc0->00d4b4 sleep=0 local26=0000 ffd040=ffc0->00daca sleep=0 local26=0000 ffd080=ffc0->00504e sleep=0 local26=1a00 ffd0c0=ffc0->00504e sleep=0 local26=4c00 ffd100=ff80->006782 sleep=0 local26=0000 ffd140=ffc0->008082 sleep=0 local26=02ff ffd180=ff00->007a24 sleep=0 local26=0301 ffd1c0=ff80->007944 sleep=0 local26=0000 ffd200=ff00->007a24 sleep=0 local26=0300 ffd240=ff80->007d70 sleep=0 local26=0000 ffd280=ff80->007944 sleep=0 local26=0000 ffd2c0=ff80->007d70 sleep=0 local26=0000 ffdfc0=ffc0->00d6d0 sleep=0 local26=0000 ffe000=ff00->0070c2 sleep=0 local26=2b00
[ 166.250]   [header-byte] write $ffa517 = 54 mask=00ff (pc=018446)
[ 166.750]   [header-byte] write $ffa517 = 54 mask=00ff (pc=018446)
[ 167.215] heartbeat frame=10020 tx=7867 rx=8060 fc=1 fd=10 fe=1 linkflag=82 pc=000288 a502=00 a524=0000 a525=00 a170=c2 a17f=00 txtail=00bb rxpend=0000
[ 167.215] [transport] captured=7867 flushed=7867 injected=8060 accepted=0 payload2=0 payload3=0 payload4=0 payload5=0 pump_reads=9993 bursts=1527 txcredit=0 outq=0 inq=0 watchdog=27 txseq=f7 rxseq=40
[ 167.215] [epochs] local=1 peer=1 ready=true discarded_rx=0
[ 167.215] [tcb-continuations] ffa580=ff80->018392 sleep=0 local26=7710 ffa5c0=ff80->01853c sleep=0 local26=0100 ffd000=ffc0->00d4b4 sleep=0 local26=0000 ffd040=ffc0->00daca sleep=0 local26=0000 ffd080=ffc0->00504e sleep=0 local26=5600 ffd0c0=ffc0->00504e sleep=0 local26=8800 ffd100=ff80->006782 sleep=0 local26=0000 ffd140=ffc0->008082 sleep=0 local26=0312 ffd1c0=ff80->0079d4 sleep=0 local26=0001 ffd240=ff80->007dfc sleep=0 local26=0000 ffd280=ff80->0079d4 sleep=0 local26=0001 ffd2c0=ff00->0079fe sleep=18 local26=0000 ffdfc0=ffc0->00d6d0 sleep=0 local26=0000 ffe000=ff00->0070c2 sleep=0 local26=2b00
[ 167.251]   [header-byte] write $ffa517 = 54 mask=00ff (pc=018446)
[ 167.751]   [header-byte] write $ffa517 = 54 mask=00ff (pc=018446)
[ 167.852]   [header-byte] write $ffa517 = 54 mask=00ff (pc=018446)
[ 167.872]   [header-byte] write $ffa517 = 54 mask=00ff (pc=018446)
[ 167.887]   [header-byte] write $ffa517 = 54 mask=00ff (pc=018446)
[ 167.902]   [header-byte] write $ffa517 = 54 mask=00ff (pc=018446)
[ 167.918]   [header-byte] write $ffa517 = 54 mask=00ff (pc=018446)
[ 167.935]   [header-byte] write $ffa517 = 54 mask=00ff (pc=018446)
[ 168.217] heartbeat frame=10080 tx=7918 rx=8168 fc=1 fd=10 fe=1 linkflag=82 pc=000288 a502=00 a524=0000 a525=00 a170=c2 a17f=00 txtail=00ee rxpend=0000
[ 168.217] [transport] captured=7918 flushed=7918 injected=8168 accepted=0 payload2=0 payload3=0 payload4=0 payload5=0 pump_reads=10053 bursts=1532 txcredit=0 outq=0 inq=0 watchdog=16 txseq=fc rxseq=48
[ 168.217] [epochs] local=1 peer=1 ready=true discarded_rx=0
[ 168.217] [tcb-continuations] ffa580=ff80->018392 sleep=0 local26=7710 ffa5c0=ff80->01853c sleep=0 local26=0b00 ffd000=ffc0->00d4b4 sleep=0 local26=0000 ffd040=ffc0->00daca sleep=0 local26=0000 ffd080=ffc0->00504e sleep=0 local26=2400 ffd0c0=ffc0->00504e sleep=0 local26=2c00 ffd100=ff80->006782 sleep=0 local26=0000 ffd140=ffc0->008082 sleep=0 local26=0212 ffd180=ff80->007944 sleep=0 local26=0000 ffd1c0=ff00->007a24 sleep=0 local26=0101 ffd200=ff80->007d70 sleep=0 local26=0000 ffd300=ff80->007944 sleep=0 local26=0000 ffd340=ff80->007d70 sleep=0 local26=0000 ffdfc0=ffc0->00d6d0 sleep=0 local26=0000 ffe000=ff00->0070c2 sleep=0 local26=2b00
[ 168.436]   [header-byte] write $ffa517 = 54 mask=00ff (pc=018446)
[ 168.937]   [header-byte] write $ffa517 = 54 mask=00ff (pc=018446)
[ 169.218] heartbeat frame=10140 tx=7924 rx=8174 fc=1 fd=10 fe=1 linkflag=82 pc=000288 a502=00 a524=0000 a525=00 a170=c2 a17f=00 txtail=00f4 rxpend=0000
[ 169.218] [transport] captured=7924 flushed=7924 injected=8174 accepted=0 payload2=0 payload3=0 payload4=0 payload5=0 pump_reads=10113 bursts=1534 txcredit=0 outq=0 inq=0 watchdog=16 txseq=fe rxseq=4a
[ 169.218] [epochs] local=1 peer=1 ready=true discarded_rx=0
[ 169.218] [tcb-continuations] ffa580=ff80->018392 sleep=0 local26=7710 ffa5c0=ff80->01853c sleep=0 local26=0b00 ffd000=ffc0->00d4b4 sleep=0 local26=0000 ffd040=ffc0->00daca sleep=0 local26=0000 ffd080=ffc0->00504e sleep=0 local26=6000 ffd0c0=ffc0->00504e sleep=0 local26=6800 ffd100=ff80->006782 sleep=0 local26=0000 ffd140=ffc0->008082 sleep=0 local26=0212 ffd180=ff80->0079d4 sleep=0 local26=0001 ffd200=ff00->0079fe sleep=18 local26=0000 ffd300=ff80->007944 sleep=0 local26=0000 ffd340=ff80->007d70 sleep=0 local26=0000 ffdfc0=ffc0->00d6d0 sleep=0 local26=0000 ffe040=ff00->0070c2 sleep=0 local26=4c00
[ 169.437]   [header-byte] write $ffa517 = 54 mask=00ff (pc=018446)
[ 169.938]   [header-byte] write $ffa517 = 54 mask=00ff (pc=018446)
[ 170.219] heartbeat frame=10200 tx=7972 rx=8180 fc=1 fd=10 fe=1 linkflag=82 pc=000288 a502=00 a524=0000 a525=00 a170=c2 a17f=00 txtail=0024 rxpend=0000
[ 170.219] [transport] captured=7972 flushed=7972 injected=8180 accepted=0 payload2=0 payload3=0 payload4=0 payload5=0 pump_reads=10173 bursts=1538 txcredit=0 outq=0 inq=0 watchdog=16 txseq=02 rxseq=4c
[ 170.219] [epochs] local=1 peer=1 ready=true discarded_rx=0
[ 170.219] [tcb-continuations] ffa580=ff80->018392 sleep=0 local26=7710 ffa5c0=ff80->01853c sleep=0 local26=1800 ffd000=ffc0->00d4b4 sleep=0 local26=0000 ffd040=ffc0->00daca sleep=0 local26=0000 ffd080=ffc0->00504e sleep=0 local26=1300 ffd0c0=ffc0->00504e sleep=0 local26=2c00 ffd100=ff80->006782 sleep=0 local26=0000 ffd140=ffc0->008082 sleep=0 local26=0112 ffd1c0=ff80->007944 sleep=0 local26=0001 ffd240=ff80->007d70 sleep=0 local26=0000 ffd280=ff80->007944 sleep=0 local26=0000 ffd2c0=ff80->007d70 sleep=0 local26=0000 ffd300=ff00->007a24 sleep=0 local26=0501 ffd340=ff00->007a24 sleep=0 local26=0300 ffdfc0=ffc0->00d6d0 sleep=0 local26=0000 ffe040=ff00->0070c2 sleep=0 local26=4c00
[ 170.438]   [header-byte] write $ffa517 = 54 mask=00ff (pc=018446)
[ 170.806] [game-command] data=2b2b mask=ff00 pc=00c030 requests=00
[ 170.825] [game-command] data=6b6b mask=ff00 pc=00e190 requests=00
[ 170.839] [game-command] data=1d1d mask=ff00 pc=00db3c requests=00
[ 170.839] [game-command] data=1010 mask=00ff pc=00db50 requests=00
[ 170.840]   [menu-state] write $ffa170 = e2e2 mask=ff00 (pc=00dc36)
[ 170.840]   [menu-state] write $ffa176 = 0000 mask=ff00 (pc=01afde)
[ 170.840]   [header-byte] write $ffa513 = 00 mask=00ff (pc=01afe6)
[ 170.840]   [header-byte] write $ffa513 = 10 mask=00ff (pc=01affe)
[ 170.840]   [header-byte] write $ffa513 = 14 mask=00ff (pc=01b044)
[ 170.911]   [header-byte] write $ffa517 = 14 mask=00ff (pc=018446)
[ 170.990] [game-command] data=0d0d mask=ff00 pc=00dccc requests=00
[ 171.056]   [header-byte] write $ffa517 = 14 mask=00ff (pc=018446)
[ 171.220] heartbeat frame=10260 tx=8036 rx=8210 fc=1 fd=10 fe=1 linkflag=82 pc=00028a a502=00 a524=0000 a525=00 a170=e2 a17f=00 txtail=0064 rxpend=0000
[ 171.220] [transport] captured=8036 flushed=8036 injected=8210 accepted=0 payload2=0 payload3=0 payload4=0 payload5=0 pump_reads=10233 bursts=1545 txcredit=0 outq=0 inq=0 watchdog=9 txseq=09 rxseq=4f
[ 171.220] [epochs] local=1 peer=1 ready=true discarded_rx=0
[ 171.220] [game-state] a142=04 a13e=04 a13f=0f a530=0d10 a506=0c a507=01 a508=00 a7b0=3822 a7a6=9334 script=01a51a
[ 171.220] [tcb-continuations] ffa580=ff80->018392 sleep=0 local26=7710 ffa5c0=ff80->01853c sleep=0 local26=0d00 ffd000=ffc0->00d4b4 sleep=0 local26=0000 ffd040=ffc0->00dd2e sleep=0 local26=0000 ffd080=ffc0->00e1c8 sleep=0 local26=3700 ffd0c0=ffc0->00bdcc sleep=0 local26=0006 ffd100=ff80->006782 sleep=0 local26=0000 ffd1c0=ff40->00e4d0 sleep=0 local26=0000 ffd200=ff80->00cea4 sleep=11 local26=001a ffd240=ff40->00e4be sleep=0 local26=001a ffd280=ff40->00e4be sleep=0 local26=000a ffd300=ff80->00cec4 sleep=0 local26=001a ffd340=ff80->00cec4 sleep=0 local26=0817 ffd380=ff80->00cec4 sleep=0 local26=0016 ffd3c0=ff80->00cec4 sleep=0 local26=001a ffd400=ff80->00cea4 sleep=7 local26=001a ffd440=ff80->00449a sleep=0 local26=0001 ffdfc0=ffc0->00d6d0 sleep=0 local26=0000 ffe000=ff00->0070c2 sleep=0 local26=2000 ffe040=ff00->0070c2 sleep=0 local26=4c00 ffe080=ff00->00e508 sleep=0 local26=0000 ffe0c0=ff00->00e508 sleep=0 local26=0000 ffe100=ff00->00e508 sleep=0 local26=0000 ffe140=ff00->00e508 sleep=0 local26=0000 ffe180=ff00->00e508 sleep=0 local26=0000 ffe1c0=ff00->00e508 sleep=0 local26=0000 ffe200=ff00->00e508 sleep=0 local26=0000 ffe240=ff00->00e508 sleep=0 local26=0000 ffe280=ff00->00e508 sleep=0 local26=0000 ffe2c0=ff00->00e508 sleep=0 local26=0000 ffe300=ff00->00e508 sleep=0 local26=0000 ffe340=ff00->00e508 sleep=0 local26=0000 ffe380=ff00->00e508 sleep=0 local26=0000 ffe3c0=ff00->00e508 sleep=0 local26=0000 ffe400=ff00->00e508 sleep=0 local26=0000 ffe440=ff00->00e508 sleep=0 local26=0000
[ 171.557]   [header-byte] write $ffa517 = 14 mask=00ff (pc=018446)
[ 172.008]   [header-byte] write $ffa517 = 14 mask=00ff (pc=018446)
[ 172.222] heartbeat frame=10320 tx=8042 rx=8218 fc=1 fd=10 fe=1 linkflag=82 pc=000288 a502=00 a524=0000 a525=00 a170=e2 a17f=00 txtail=006a rxpend=0000
[ 172.222] [transport] captured=8042 flushed=8042 injected=8218 accepted=0 payload2=0 payload3=0 payload4=0 payload5=0 pump_reads=10293 bursts=1547 txcredit=0 outq=0 inq=0 watchdog=12 txseq=0b rxseq=51
[ 172.222] [epochs] local=1 peer=1 ready=true discarded_rx=0
[ 172.222] [tcb-continuations] ffa580=ff80->018392 sleep=0 local26=7710 ffa5c0=ff80->01853c sleep=0 local26=0d00 ffd000=ffc0->00d4b4 sleep=0 local26=0000 ffd040=ffc0->00dd2e sleep=0 local26=0000 ffd080=ffc0->00e1c8 sleep=0 local26=3700 ffd0c0=ffc0->00bdcc sleep=0 local26=0002 ffd100=ff80->006782 sleep=0 local26=0000 ffd1c0=ff40->00e4e8 sleep=0 local26=0000 ffd200=ff80->00cec4 sleep=0 local26=0008 ffd400=ff80->00cec4 sleep=0 local26=0805 ffd440=ff80->00449a sleep=0 local26=0001 ffdfc0=ffc0->00d6d0 sleep=0 local26=0000 ffe000=ff00->0070c2 sleep=0 local26=2000 ffe040=ff00->00e508 sleep=0 local26=0000 ffe080=ff00->00e508 sleep=0 local26=0000 ffe100=ff00->00e508 sleep=0 local26=0000 ffe140=ff00->00e508 sleep=0 local26=0000 ffe180=ff00->00e508 sleep=0 local26=0000 ffe1c0=ff00->00e508 sleep=0 local26=0000 ffe200=ff00->00e508 sleep=0 local26=0000 ffe240=ff00->00e508 sleep=0 local26=0000 ffe280=ff00->00e508 sleep=0 local26=0000 ffe2c0=ff00->00e508 sleep=0 local26=0000 ffe300=ff00->00e508 sleep=0 local26=0000 ffe340=ff00->00e508 sleep=0 local26=0000 ffe380=ff00->00e508 sleep=0 local26=0000 ffe3c0=ff00->00e508 sleep=0 local26=0000 ffe400=ff00->00e508 sleep=0 local26=0000 ffe440=ff00->00e508 sleep=0 local26=0000 ffe480=ff00->00e508 sleep=0 local26=0000 ffe4c0=ff00->00e508 sleep=0 local26=0000 ffe500=ff00->00e508 sleep=0 local26=0000 ffe540=ff00->00e508 sleep=0 local26=0000 ffe580=ff00->00e508 sleep=0 local26=0000 ffe5c0=ff00->00e508 sleep=0 local26=0000 ffe600=ff00->00e508 sleep=0 local26=0000 ffe640=ff00->00e508 sleep=0 local26=0000 ffe680=ff00->00e508 sleep=0 local26=0000 ffe6c0=ff00->00e508 sleep=0 local26=0000 ffe700=ff00->00e508 sleep=0 local26=0000 ffe740=ff00->00e508 sleep=0 local26=0000 ffe780=ff00->00e508 sleep=0 local26=0000 ffe7c0=ff00->00e508 sleep=0 local26=0000 ffe800=ff00->00e508 sleep=0 local26=0000
[ 172.508]   [header-byte] write $ffa517 = 14 mask=00ff (pc=018446)
[ 173.008]   [header-byte] write $ffa517 = 14 mask=00ff (pc=018446)
[ 173.223] heartbeat frame=10380 tx=8096 rx=8224 fc=1 fd=10 fe=1 linkflag=82 pc=00028a a502=00 a524=0000 a525=00 a170=e2 a17f=00 txtail=00a0 rxpend=0000
[ 173.223] [transport] captured=8096 flushed=8096 injected=8224 accepted=0 payload2=0 payload3=0 payload4=0 payload5=0 pump_reads=10353 bursts=1551 txcredit=0 outq=0 inq=0 watchdog=12 txseq=0f rxseq=53
[ 173.223] [epochs] local=1 peer=1 ready=true discarded_rx=0
[ 173.223] [tcb-continuations] ffa580=ff80->018392 sleep=0 local26=7710 ffa5c0=ff80->01853c sleep=0 local26=1000 ffd000=ffc0->00d4b4 sleep=0 local26=0000 ffd040=ffc0->00de4e sleep=19 local26=0000 ffd080=ffc0->00c426 sleep=97 local26=3700 ffd0c0=ffc0->00c426 sleep=82 local26=0000 ffd100=ffc0->00cd98 sleep=0 local26=0000 ffd140=ffc0->00ca8a sleep=0 local26=0011 ffd180=ffc0->00ca24 sleep=0 local26=0000 ffd1c0=ff40->00c880 sleep=0 local26=0000 ffd200=ff40->00c880 sleep=0 local26=0000 ffd240=ff40->00c880 sleep=0 local26=0000 ffd280=ff40->00c880 sleep=0 local26=0000 ffd2c0=ff40->00c880 sleep=0 local26=0000 ffd300=ff40->00c880 sleep=0 local26=0000 ffd340=ff40->00c880 sleep=0 local26=0000 ffd380=ff40->00c880 sleep=0 local26=0000 ffd3c0=ff40->00c880 sleep=0 local26=0000 ffd400=ff40->00c880 sleep=0 local26=0000 ffd440=ff40->00c880 sleep=0 local26=0000 ffd480=ff40->00c880 sleep=0 local26=0000 ffd4c0=ff40->00c880 sleep=0 local26=0000 ffd500=ff40->00c880 sleep=0 local26=0000 ffd540=ff40->00c880 sleep=0 local26=0000 ffd580=ff40->00c880 sleep=0 local26=0000 ffd5c0=ff40->00c880 sleep=0 local26=0000 ffd600=ff40->00c880 sleep=0 local26=0000 ffd640=ff40->00c880 sleep=0 local26=0000 ffd680=ff40->00c880 sleep=0 local26=0000 ffd6c0=ff40->00c880 sleep=0 local26=0000 ffd700=ff40->00c880 sleep=0 local26=0000 ffd740=ff40->00c880 sleep=0 local26=0000 ffd780=ff40->00c880 sleep=0 local26=0000 ffd7c0=ff40->00c880 sleep=0 local26=0000 ffd800=ff40->00c880 sleep=0 local26=0000 ffd840=ff40->00c880 sleep=0 local26=0000 ffd880=ff40->00c880 sleep=0 local26=0000 ffd8c0=ff40->00c880 sleep=0 local26=0000 ffd900=ff40->00c880 sleep=0 local26=0000 ffd940=ff40->00c880 sleep=0 local26=0000 ffd980=ff40->00c880 sleep=0 local26=0000 ffd9c0=ff80->01505a sleep=0 local26=0000 ffda00=ff80->01510e sleep=0 local26=0000 ffdfc0=ffc0->00d6d0 sleep=0 local26=0000
[ 173.509]   [header-byte] write $ffa517 = 14 mask=00ff (pc=018446)
[ 173.559] [game-command] data=4c4c mask=ff00 pc=00dec6 requests=00
[ 174.010]   [header-byte] write $ffa517 = 14 mask=00ff (pc=018446)
[ 174.224] heartbeat frame=10440 tx=8107 rx=8230 fc=1 fd=10 fe=1 linkflag=82 pc=00028a a502=00 a524=0000 a525=00 a170=e2 a17f=00 txtail=00ab rxpend=0000
[ 174.224] [transport] captured=8107 flushed=8107 injected=8230 accepted=0 payload2=0 payload3=0 payload4=0 payload5=0 pump_reads=10413 bursts=1554 txcredit=0 outq=0 inq=0 watchdog=12 txseq=12 rxseq=55
[ 174.224] [epochs] local=1 peer=1 ready=true discarded_rx=0
[ 174.224] [game-state] a142=04 a13e=04 a13f=0f a530=4c10 a506=0c a507=01 a508=00 a7b0=3822 a7a6=9334 script=01a51a
[ 174.224] [tcb-continuations] ffa580=ff80->018392 sleep=0 local26=7710 ffa5c0=ff80->01853c sleep=0 local26=0900 ffd000=ffc0->00d4b4 sleep=0 local26=0000 ffd040=ffc0->00df7a sleep=0 local26=0000 ffd080=ffc0->00c426 sleep=37 local26=3700 ffd0c0=ffc0->00c426 sleep=22 local26=0000 ffd100=ffc0->00cd98 sleep=0 local26=0000 ffd180=ffc0->00cb5c sleep=0 local26=0000 ffd9c0=ff80->01505a sleep=0 local26=0000 ffda00=ff80->01510e sleep=0 local26=0000 ffda40=ff80->0086ee sleep=0 local26=0000 ffda80=ff80->00c936 sleep=21 local26=0000 ffdfc0=ffc0->00d6d0 sleep=0 local26=0000
[ 174.510]   [header-byte] write $ffa517 = 14 mask=00ff (pc=018446)
[ 175.011]   [header-byte] write $ffa517 = 14 mask=00ff (pc=018446)
[ 175.226] heartbeat frame=10500 tx=8113 rx=8236 fc=1 fd=10 fe=1 linkflag=82 pc=00028a a502=00 a524=0000 a525=00 a170=e2 a17f=00 txtail=00b1 rxpend=0000
[ 175.226] [transport] captured=8113 flushed=8113 injected=8236 accepted=0 payload2=0 payload3=0 payload4=0 payload5=0 pump_reads=10473 bursts=1556 txcredit=0 outq=0 inq=0 watchdog=12 txseq=14 rxseq=57
[ 175.226] [epochs] local=1 peer=1 ready=true discarded_rx=0
[ 175.226] [tcb-continuations] ffa580=ff80->018392 sleep=0 local26=7710 ffa5c0=ff80->01853c sleep=0 local26=0900 ffd000=ffc0->00d4b4 sleep=0 local26=0000 ffd040=ffc0->00df7a sleep=0 local26=0000 ffd080=ffc0->00c46c sleep=0 local26=3700 ffd0c0=ffc0->00c4c6 sleep=0 local26=0000 ffd100=ffc0->00cd98 sleep=0 local26=0000 ffd140=ff40->00c9ce sleep=0 local26=0000 ffd1c0=ff40->00c9ce sleep=0 local26=0000 ffd200=ff40->00c9ce sleep=0 local26=0000 ffd240=ff40->00c9ce sleep=0 local26=0000 ffd280=ff40->00c9ce sleep=0 local26=0000 ffd2c0=ff40->00c9ce sleep=0 local26=0000 ffd300=ff40->00c9ce sleep=0 local26=0000 ffd340=ff40->00c9ce sleep=0 local26=0000 ffd380=ff40->00c9ce sleep=0 local26=0000 ffd3c0=ff40->00c9ce sleep=0 local26=0000 ffd400=ff40->00c9ce sleep=0 local26=0000 ffd440=ff40->00c9ce sleep=0 local26=0000 ffd480=ff40->00c9ce sleep=0 local26=0000 ffd4c0=ff40->00c9ce sleep=0 local26=0000 ffd500=ff40->00c9ce sleep=0 local26=0000 ffd540=ff40->00c9ce sleep=0 local26=0000 ffd580=ff40->00c9ce sleep=0 local26=0000 ffd5c0=ff40->00c9ce sleep=0 local26=0000 ffd600=ff40->00c9ce sleep=0 local26=0000 ffd640=ff40->00c9ce sleep=0 local26=0000 ffd680=ff40->00c9ce sleep=0 local26=0000 ffd6c0=ff40->00c9ce sleep=0 local26=0000 ffd700=ff40->00c9ce sleep=0 local26=0000 ffd740=ff40->00c9ce sleep=0 local26=0000 ffd780=ff40->00c9ce sleep=0 local26=0000 ffd7c0=ff40->00c9ce sleep=0 local26=0000 ffd800=ff40->00c9ce sleep=0 local26=0000 ffd840=ff40->00c9ce sleep=0 local26=0000 ffd880=ff40->00c9ce sleep=0 local26=0000 ffd8c0=ff40->00c9ce sleep=0 local26=0000 ffd900=ff40->00c9ce sleep=0 local26=0000 ffd940=ff40->00c9ce sleep=0 local26=0000 ffd9c0=ff80->01505a sleep=0 local26=0000 ffda00=ff80->01510e sleep=0 local26=0000 ffda40=ff80->0086ee sleep=0 local26=0000 ffdfc0=ffc0->00d6d0 sleep=0 local26=0000
[ 175.513]   [header-byte] write $ffa517 = 14 mask=00ff (pc=018446)
[ 176.012]   [header-byte] write $ffa517 = 14 mask=00ff (pc=018446)
[ 176.227] heartbeat frame=10560 tx=8119 rx=8242 fc=1 fd=10 fe=1 linkflag=82 pc=00028a a502=00 a524=0000 a525=00 a170=e2 a17f=00 txtail=00b7 rxpend=0000
[ 176.227] [transport] captured=8119 flushed=8119 injected=8242 accepted=0 payload2=0 payload3=0 payload4=0 payload5=0 pump_reads=10533 bursts=1558 txcredit=0 outq=0 inq=0 watchdog=12 txseq=16 rxseq=59
[ 176.227] [epochs] local=1 peer=1 ready=true discarded_rx=0
[ 176.513]   [header-byte] write $ffa517 = 14 mask=00ff (pc=018446)
[ 177.013]   [header-byte] write $ffa517 = 14 mask=00ff (pc=018446)
[ 177.228] heartbeat frame=10620 tx=8125 rx=8248 fc=1 fd=10 fe=1 linkflag=82 pc=000288 a502=00 a524=0000 a525=00 a170=e2 a17f=00 txtail=00bd rxpend=0000
[ 177.228] [transport] captured=8125 flushed=8125 injected=8248 accepted=0 payload2=0 payload3=0 payload4=0 payload5=0 pump_reads=10593 bursts=1560 txcredit=0 outq=0 inq=0 watchdog=12 txseq=18 rxseq=5b
[ 177.228] [epochs] local=1 peer=1 ready=true discarded_rx=0
[ 177.514]   [header-byte] write $ffa517 = 14 mask=00ff (pc=018446)
[ 177.848]   [menu-state] write $ffa172 = 0101 mask=ff00 (pc=0194b6)
[ 177.866]   [menu-state] write $ffa172 = 0000 mask=ff00 (pc=019418)
[ 177.866]   [menu-state] write $ffa171 = 8888 mask=00ff (pc=019420)
[ 177.866]   [header-byte] write $ffa513 = 14 mask=00ff (pc=019432)
[ 177.866]   [header-byte] write $ffa513 = 1c mask=00ff (pc=019438)
[ 177.949]   [menu-state] write $ffa172 = 0101 mask=ff00 (pc=0194b6)
[ 177.966]   [menu-state] write $ffa172 = 0000 mask=ff00 (pc=019418)
[ 177.966]   [menu-state] write $ffa171 = 8080 mask=00ff (pc=019420)
[ 177.966]   [header-byte] write $ffa513 = 14 mask=00ff (pc=019432)
[ 177.966]   [header-byte] write $ffa513 = 14 mask=00ff (pc=019438)
[ 177.966]   [header-byte] write $ffa517 = 04 mask=00ff (pc=018446)
[ 177.966] [game-command] data=5c5c mask=ff00 pc=00e080 requests=80
[ 177.982]   [menu-state] write $ffa171 = 0000 mask=00ff (pc=019466)
[ 177.982]   [header-byte] write $ffa513 = 04 mask=00ff (pc=019e4a)
[ 177.982]   [header-byte] write $ffa513 = 00 mask=00ff (pc=01afe6)
[ 177.982]   [header-byte] write $ffa513 = 04 mask=00ff (pc=01b044)
[ 178.066]   [header-byte] write $ffa517 = 14 mask=00ff (pc=018446)
[ 178.082]   [menu-state] write $ffa171 = 8080 mask=00ff (pc=019466)
[ 178.082]   [header-byte] write $ffa513 = 04 mask=00ff (pc=019e4a)
[ 178.082]   [header-byte] write $ffa513 = 14 mask=00ff (pc=019e5a)
[ 178.082]   [header-byte] write $ffa513 = 00 mask=00ff (pc=01afe6)
[ 178.082]   [header-byte] write $ffa513 = 10 mask=00ff (pc=01affe)
[ 178.082]   [header-byte] write $ffa513 = 14 mask=00ff (pc=01b044)
[ 178.229] heartbeat frame=10680 tx=8142 rx=8257 fc=1 fd=10 fe=1 linkflag=82 pc=00028a a502=00 a524=0000 a525=00 a170=e2 a17f=00 txtail=00ce rxpend=0000
[ 178.229] [transport] captured=8142 flushed=8142 injected=8257 accepted=0 payload2=0 payload3=0 payload4=0 payload5=0 pump_reads=10653 bursts=1565 txcredit=0 outq=0 inq=0 watchdog=9 txseq=1d rxseq=5e
[ 178.229] [epochs] local=1 peer=1 ready=true discarded_rx=0
[ 178.229] [game-state] a142=04 a13e=04 a13f=0f a530=5c10 a506=0c a507=01 a508=00 a7b0=3822 a7a6=9334 script=01a51a
[ 178.229] [tcb-continuations] ffa580=ff80->018392 sleep=0 local26=7710 ffa5c0=ff80->01853c sleep=0 local26=0800 ffd000=ffc0->00d4b4 sleep=0 local26=0000 ffd040=ffc0->00e090 sleep=0 local26=0000 ffd080=ffc0->00c46c sleep=0 local26=3700 ffd100=ffc0->00cd98 sleep=0 local26=0000 ffd140=ff40->00c9ce sleep=0 local26=0000 ffd1c0=ff40->00c9ce sleep=0 local26=0000 ffd200=ff40->00c9ce sleep=0 local26=0000 ffd240=ff40->00c9ce sleep=0 local26=0000 ffd280=ff40->00c9ce sleep=0 local26=0000 ffd2c0=ff40->00c9ce sleep=0 local26=0000 ffd300=ff40->00c9ce sleep=0 local26=0000 ffd340=ff40->00c9ce sleep=0 local26=0000 ffd380=ff40->00c9ce sleep=0 local26=0000 ffd3c0=ff40->00c9ce sleep=0 local26=0000 ffd400=ff40->00c9ce sleep=0 local26=0000 ffd440=ff40->00c9ce sleep=0 local26=0000 ffd480=ff40->00c9ce sleep=0 local26=0000 ffd4c0=ff40->00c9ce sleep=0 local26=0000 ffd500=ff40->00c9ce sleep=0 local26=0000 ffd540=ff40->00c9ce sleep=0 local26=0000 ffd580=ff40->00c9ce sleep=0 local26=0000 ffd5c0=ff40->00c9ce sleep=0 local26=0000 ffd600=ff40->00c9ce sleep=0 local26=0000 ffd640=ff40->00c9ce sleep=0 local26=0000 ffd680=ff40->00c9ce sleep=0 local26=0000 ffd6c0=ff40->00c9ce sleep=0 local26=0000 ffd700=ff40->00c9ce sleep=0 local26=0000 ffd740=ff40->00c9ce sleep=0 local26=0000 ffd780=ff40->00c9ce sleep=0 local26=0000 ffd7c0=ff40->00c9ce sleep=0 local26=0000 ffd800=ff40->00c9ce sleep=0 local26=0000 ffd840=ff40->00c9ce sleep=0 local26=0000 ffd880=ff40->00c9ce sleep=0 local26=0000 ffd8c0=ff40->00c9ce sleep=0 local26=0000 ffd900=ff40->00c9ce sleep=0 local26=0000 ffd940=ff40->00c9ce sleep=0 local26=0000 ffd9c0=ff80->01505a sleep=0 local26=0000 ffda00=ff80->01510e sleep=0 local26=0000 ffdfc0=ffc0->00d6d0 sleep=0 local26=0000
[ 178.566]   [header-byte] write $ffa517 = 14 mask=00ff (pc=018446)
[ 179.066]   [header-byte] write $ffa517 = 14 mask=00ff (pc=018446)
[ 179.231] heartbeat frame=10740 tx=8148 rx=8263 fc=1 fd=10 fe=1 linkflag=82 pc=00028a a502=00 a524=0000 a525=00 a170=e2 a17f=00 txtail=00d4 rxpend=0000
[ 179.231] [transport] captured=8148 flushed=8148 injected=8263 accepted=0 payload2=0 payload3=0 payload4=0 payload5=0 pump_reads=10713 bursts=1567 txcredit=0 outq=0 inq=0 watchdog=9 txseq=1f rxseq=60
[ 179.231] [epochs] local=1 peer=1 ready=true discarded_rx=0
[ 179.383]   [header-byte] write $ffa517 = 04 mask=00ff (pc=018446)
[ 179.400]   [menu-state] write $ffa171 = 0000 mask=00ff (pc=019466)
[ 179.400]   [header-byte] write $ffa513 = 04 mask=00ff (pc=019e4a)
[ 179.400]   [header-byte] write $ffa513 = 00 mask=00ff (pc=01afe6)
[ 179.400]   [header-byte] write $ffa513 = 04 mask=00ff (pc=01b044)
[ 179.600]   [header-byte] write $ffa517 = 14 mask=00ff (pc=018446)
[ 179.617]   [menu-state] write $ffa171 = 8080 mask=00ff (pc=019466)
[ 179.617]   [header-byte] write $ffa513 = 04 mask=00ff (pc=019e4a)
[ 179.617]   [header-byte] write $ffa513 = 14 mask=00ff (pc=019e5a)
[ 179.617]   [header-byte] write $ffa513 = 00 mask=00ff (pc=01afe6)
[ 179.617]   [header-byte] write $ffa513 = 10 mask=00ff (pc=01affe)
[ 179.617]   [header-byte] write $ffa513 = 14 mask=00ff (pc=01b044)
[ 179.734]   [header-byte] write $ffa517 = 04 mask=00ff (pc=018446)
[ 179.750]   [menu-state] write $ffa171 = 0000 mask=00ff (pc=019466)
[ 179.750]   [header-byte] write $ffa513 = 04 mask=00ff (pc=019e4a)
[ 179.750]   [header-byte] write $ffa513 = 00 mask=00ff (pc=01afe6)
[ 179.750]   [header-byte] write $ffa513 = 04 mask=00ff (pc=01b044)
[ 180.034]   [header-byte] write $ffa517 = 14 mask=00ff (pc=018446)
[ 180.051]   [menu-state] write $ffa171 = 8080 mask=00ff (pc=019466)
[ 180.051]   [header-byte] write $ffa513 = 04 mask=00ff (pc=019e4a)
[ 180.051]   [header-byte] write $ffa513 = 14 mask=00ff (pc=019e5a)
[ 180.051]   [header-byte] write $ffa513 = 00 mask=00ff (pc=01afe6)
[ 180.051]   [header-byte] write $ffa513 = 10 mask=00ff (pc=01affe)
[ 180.051]   [header-byte] write $ffa513 = 14 mask=00ff (pc=01b044)
[ 180.232] heartbeat frame=10800 tx=8160 rx=8275 fc=1 fd=10 fe=1 linkflag=82 pc=00028a a502=00 a524=0000 a525=00 a170=e2 a17f=00 txtail=00e0 rxpend=0000
[ 180.232] [transport] captured=8160 flushed=8160 injected=8275 accepted=0 payload2=0 payload3=0 payload4=0 payload5=0 pump_reads=10773 bursts=1571 txcredit=0 outq=0 inq=0 watchdog=11 txseq=23 rxseq=64
[ 180.232] [epochs] local=1 peer=1 ready=true discarded_rx=0
[ 180.232] [tcb-continuations] ffa580=ff80->018392 sleep=0 local26=7710 ffa5c0=ff80->01853c sleep=0 local26=0a00 ffd000=ffc0->00d4b4 sleep=0 local26=0000 ffd040=ffc0->00e090 sleep=0 local26=0000 ffd080=ffc0->00c46c sleep=0 local26=3700 ffd100=ffc0->00cd98 sleep=0 local26=0000 ffd140=ff40->00c9ce sleep=0 local26=0000 ffd1c0=ff40->00c9ce sleep=0 local26=0000 ffd200=ff40->00c9ce sleep=0 local26=0000 ffd240=ff40->00c9ce sleep=0 local26=0000 ffd280=ff40->00c9ce sleep=0 local26=0000 ffd2c0=ff40->00c9ce sleep=0 local26=0000 ffd300=ff40->00c9ce sleep=0 local26=0000 ffd340=ff40->00c9ce sleep=0 local26=0000 ffd380=ff40->00c9ce sleep=0 local26=0000 ffd3c0=ff40->00c9ce sleep=0 local26=0000 ffd400=ff40->00c9ce sleep=0 local26=0000 ffd440=ff40->00c9ce sleep=0 local26=0000 ffd480=ff40->00c9ce sleep=0 local26=0000 ffd4c0=ff40->00c9ce sleep=0 local26=0000 ffd500=ff40->00c9ce sleep=0 local26=0000 ffd540=ff40->00c9ce sleep=0 local26=0000 ffd580=ff40->00c9ce sleep=0 local26=0000 ffd5c0=ff40->00c9ce sleep=0 local26=0000 ffd600=ff40->00c9ce sleep=0 local26=0000 ffd640=ff40->00c9ce sleep=0 local26=0000 ffd680=ff40->00c9ce sleep=0 local26=0000 ffd6c0=ff40->00c9ce sleep=0 local26=0000 ffd700=ff40->00c9ce sleep=0 local26=0000 ffd740=ff40->00c9ce sleep=0 local26=0000 ffd780=ff40->00c9ce sleep=0 local26=0000 ffd7c0=ff40->00c9ce sleep=0 local26=0000 ffd800=ff40->00c9ce sleep=0 local26=0000 ffd840=ff40->00c9ce sleep=0 local26=0000 ffd880=ff40->00c9ce sleep=0 local26=0000 ffd8c0=ff40->00c9ce sleep=0 local26=0000 ffd900=ff40->00c9ce sleep=0 local26=0000 ffd940=ff40->00c9ce sleep=0 local26=0000 ffd9c0=ff80->01505a sleep=0 local26=0000 ffda00=ff80->01510e sleep=0 local26=0000 ffdfc0=ffc0->00d6d0 sleep=0 local26=0000
[ 180.535]   [header-byte] write $ffa517 = 14 mask=00ff (pc=018446)
[ 181.035]   [header-byte] write $ffa517 = 14 mask=00ff (pc=018446)
[ 181.233] heartbeat frame=10860 tx=8166 rx=8281 fc=1 fd=10 fe=1 linkflag=82 pc=00028a a502=00 a524=0000 a525=00 a170=e2 a17f=00 txtail=00e6 rxpend=0000
[ 181.233] [transport] captured=8166 flushed=8166 injected=8281 accepted=0 payload2=0 payload3=0 payload4=0 payload5=0 pump_reads=10833 bursts=1573 txcredit=0 outq=0 inq=0 watchdog=11 txseq=25 rxseq=66
[ 181.233] [epochs] local=1 peer=1 ready=true discarded_rx=0
[ 181.536]   [header-byte] write $ffa517 = 14 mask=00ff (pc=018446)
[ 181.987]   [header-byte] write $ffa517 = 04 mask=00ff (pc=018446)
[ 181.987] [game-command] data=7c7c mask=ff00 pc=00e056 requests=00
[ 181.987]   [menu-state] write $ffa170 = c2c2 mask=ff00 (pc=00e06e)
[ 181.987]   [menu-state] write $ffa176 = 0000 mask=ff00 (pc=01afde)
[ 181.987]   [header-byte] write $ffa513 = 00 mask=00ff (pc=01afe6)
[ 181.987]   [header-byte] write $ffa513 = 10 mask=00ff (pc=01affe)
[ 181.987]   [header-byte] write $ffa513 = 50 mask=00ff (pc=01b022)
[ 181.987]   [header-byte] write $ffa513 = 54 mask=00ff (pc=01b044)
[ 182.003]   [menu-state] write $ffa171 = 0000 mask=00ff (pc=019466)
[ 182.003]   [header-byte] write $ffa513 = 44 mask=00ff (pc=019e4a)
[ 182.003]   [header-byte] write $ffa513 = 00 mask=00ff (pc=01afe6)
[ 182.003]   [header-byte] write $ffa513 = 04 mask=00ff (pc=01b044)
[ 182.235] heartbeat frame=10920 tx=8177 rx=8289 fc=1 fd=10 fe=1 linkflag=82 pc=000fee a502=00 a524=0000 a525=00 a170=c2 a17f=00 txtail=00f1 rxpend=0000
[ 182.235] [transport] captured=8177 flushed=8177 injected=8289 accepted=0 payload2=0 payload3=0 payload4=0 payload5=0 pump_reads=10893 bursts=1576 txcredit=0 outq=0 inq=0 watchdog=1 txseq=28 rxseq=68
[ 182.235] [epochs] local=1 peer=1 ready=true discarded_rx=0
[ 182.235] [game-state] a142=04 a13e=04 a13f=0f a530=7c10 a506=0c a507=01 a508=00 a7b0=3822 a7a6=9334 script=01a574
[ 182.235] [tcb-continuations] ffa580=ff80->018392 sleep=0 local26=7710 ffa5c0=ff80->01853c sleep=0 local26=0000
[ 182.872] [game-command] data=1616 mask=ff00 pc=00655a requests=00
[ 182.872] [game-command] data=0101 mask=00ff pc=006562 requests=00
[ 182.888]   [header-byte] write $ffa517 = 54 mask=00ff (pc=018446)
[ 182.904]   [menu-state] write $ffa171 = 8080 mask=00ff (pc=019466)
[ 182.904]   [header-byte] write $ffa513 = 04 mask=00ff (pc=019e4a)
[ 182.904]   [header-byte] write $ffa513 = 14 mask=00ff (pc=019e5a)
[ 182.904]   [header-byte] write $ffa513 = 00 mask=00ff (pc=01afe6)
[ 182.904]   [header-byte] write $ffa513 = 10 mask=00ff (pc=01affe)
[ 182.904]   [header-byte] write $ffa513 = 50 mask=00ff (pc=01b022)
[ 182.904]   [header-byte] write $ffa513 = 54 mask=00ff (pc=01b044)
[ 182.972]   [header-byte] write $ffa517 = 54 mask=00ff (pc=018446)
[ 182.987]   [header-byte] write $ffa517 = 54 mask=00ff (pc=018446)
[ 183.004]   [header-byte] write $ffa517 = 54 mask=00ff (pc=018446)
[ 183.021]   [header-byte] write $ffa517 = 54 mask=00ff (pc=018446)
[ 183.038]   [header-byte] write $ffa517 = 54 mask=00ff (pc=018446)
[ 183.054]   [header-byte] write $ffa517 = 54 mask=00ff (pc=018446)
[ 183.071]   [header-byte] write $ffa517 = 54 mask=00ff (pc=018446)
[ 183.089]   [header-byte] write $ffa517 = 54 mask=00ff (pc=018446)
[ 183.104]   [header-byte] write $ffa517 = 54 mask=00ff (pc=018446)
[ 183.121]   [header-byte] write $ffa517 = 54 mask=00ff (pc=018446)
[ 183.138]   [header-byte] write $ffa517 = 54 mask=00ff (pc=018446)
[ 183.155]   [header-byte] write $ffa517 = 54 mask=00ff (pc=018446)
[ 183.171]   [header-byte] write $ffa517 = 54 mask=00ff (pc=018446)
[ 183.188]   [header-byte] write $ffa517 = 54 mask=00ff (pc=018446)
[ 183.206]   [header-byte] write $ffa517 = 54 mask=00ff (pc=018446)
[ 183.221]   [header-byte] write $ffa517 = 54 mask=00ff (pc=018446)
[ 183.236] heartbeat frame=10980 tx=8185 rx=8612 fc=1 fd=10 fe=1 linkflag=82 pc=00028a a502=00 a524=0000 a525=00 a170=c2 a17f=00 txtail=00f9 rxpend=0000
[ 183.236] [transport] captured=8185 flushed=8185 injected=8612 accepted=0 payload2=0 payload3=0 payload4=0 payload5=0 pump_reads=10953 bursts=1578 txcredit=0 outq=0 inq=20 watchdog=0 txseq=2a rxseq=79
[ 183.236] [epochs] local=1 peer=1 ready=true discarded_rx=0
[ 183.236] [game-state] a142=04 a13e=04 a13f=0f a530=1601 a506=0c a507=01 a508=00 a7b0=0022 a7a6=9334 script=01a512
[ 183.236] [tcb-continuations] ffa580=ff80->018392 sleep=0 local26=7710 ffa5c0=ff80->01853c sleep=0 local26=1300 ffd100=ff80->006570 sleep=0 local26=0000
[ 183.238]   [header-byte] write $ffa517 = 54 mask=00ff (pc=018446)
[ 183.255]   [header-byte] write $ffa517 = 54 mask=00ff (pc=018446)
[ 183.271]   [header-byte] write $ffa517 = 54 mask=00ff (pc=018446)
[ 183.288]   [header-byte] write $ffa517 = 54 mask=00ff (pc=018446)
[ 183.305]   [header-byte] write $ffa517 = 54 mask=00ff (pc=018446)
[ 183.322]   [header-byte] write $ffa517 = 54 mask=00ff (pc=018446)
[ 183.338]   [header-byte] write $ffa517 = 54 mask=00ff (pc=018446)
[ 183.355]   [header-byte] write $ffa517 = 54 mask=00ff (pc=018446)
[ 183.505]   [header-byte] write $ffa517 = 54 mask=00ff (pc=018446)
[ 183.507] [game-command] data=2828 mask=ff00 pc=005340 requests=00
[ 183.507] [game-command] data=2323 mask=00ff pc=005356 requests=00
[ 184.006]   [header-byte] write $ffa517 = 54 mask=00ff (pc=018446)
[ 184.237] heartbeat frame=11040 tx=8196 rx=8782 fc=1 fd=10 fe=1 linkflag=82 pc=00028a a502=00 a524=0000 a525=00 a170=c2 a17f=00 txtail=0004 rxpend=0000
[ 184.237] [transport] captured=8196 flushed=8196 injected=8782 accepted=0 payload2=0 payload3=0 payload4=0 payload5=0 pump_reads=11013 bursts=1581 txcredit=0 outq=0 inq=0 watchdog=13 txseq=2d rxseq=83
[ 184.237] [epochs] local=1 peer=1 ready=true discarded_rx=0
[ 184.237] [game-state] a142=04 a13e=04 a13f=0f a530=2823 a506=0c a507=01 a508=00 a7b0=2822 a7a6=9334 script=01a51a
[ 184.237] [tcb-continuations] ffa580=ff80->018392 sleep=0 local26=7710 ffa5c0=ff80->01853c sleep=0 local26=0d00 ffd000=ffc0->00d454 sleep=0 local26=0000 ffd040=ffc0->00daca sleep=0 local26=0000 ffd080=ffc0->004f14 sleep=0 local26=0000 ffd0c0=ffc0->004f14 sleep=0 local26=0000 ffd100=ff80->006782 sleep=0 local26=0000 ffd140=ffc0->007f6e sleep=0 local26=0000 ffd180=ff80->00539a sleep=0 local26=0300 ffd1c0=ff00->005660 sleep=0 local26=e403 ffd200=ff00->0056e4 sleep=0 local26=0000 ffd240=ff80->00539a sleep=0 local26=0200 ffd280=ff00->005660 sleep=0 local26=b802 ffd2c0=ff00->0056e4 sleep=0 local26=0000 ffd300=ff80->0086ee sleep=0 local26=0000 ffd340=ff80->0086ee sleep=0 local26=0000 ffdfc0=ffc0->00d5ca sleep=0 local26=0000
[ 184.274] [game-command] data=2020 mask=00ff pc=00542a requests=00
[ 184.274] [game-command] data=2222 mask=00ff pc=005430 requests=00
[ 184.506]   [header-byte] write $ffa517 = 54 mask=00ff (pc=018446)
[ 185.007]   [header-byte] write $ffa517 = 54 mask=00ff (pc=018446)
[ 185.239] heartbeat frame=11100 tx=8204 rx=8788 fc=1 fd=10 fe=1 linkflag=82 pc=00028a a502=00 a524=0000 a525=00 a170=c2 a17f=00 txtail=000c rxpend=0000
[ 185.239] [transport] captured=8204 flushed=8204 injected=8788 accepted=0 payload2=0 payload3=0 payload4=0 payload5=0 pump_reads=11073 bursts=1583 txcredit=0 outq=0 inq=0 watchdog=13 txseq=2f rxseq=85
[ 185.239] [epochs] local=1 peer=1 ready=true discarded_rx=0
[ 185.239] [game-state] a142=04 a13e=04 a13f=0f a530=2822 a506=0c a507=01 a508=00 a7b0=2822 a7a6=9334 script=01a51a
[ 185.239] [tcb-continuations] ffa580=ff80->018392 sleep=0 local26=7710 ffa5c0=ff80->01853c sleep=0 local26=1b00 ffd000=ffc0->00d454 sleep=0 local26=0000 ffd040=ffc0->00daca sleep=0 local26=0000 ffd080=ffc0->004f14 sleep=0 local26=0000 ffd0c0=ffc0->004f14 sleep=0 local26=0000 ffd100=ff80->006782 sleep=0 local26=0000 ffd140=ffc0->007f6e sleep=0 local26=0000 ffd180=ff80->00539a sleep=0 local26=0200 ffd1c0=ff00->005660 sleep=0 local26=3e02 ffd200=ff00->0056e4 sleep=0 local26=0000 ffd240=ff80->00539a sleep=0 local26=0200 ffd280=ff00->005660 sleep=0 local26=1002 ffd2c0=ff00->0056e4 sleep=0 local26=0000 ffd300=ff80->0086ee sleep=0 local26=0000 ffd340=ff80->0086ee sleep=0 local26=0000 ffdfc0=ffc0->00d5ca sleep=0 local26=0000
[ 185.508]   [header-byte] write $ffa517 = 54 mask=00ff (pc=018446)
[ 186.009]   [header-byte] write $ffa517 = 54 mask=00ff (pc=018446)
[ 186.240] heartbeat frame=11160 tx=8210 rx=8794 fc=1 fd=10 fe=1 linkflag=82 pc=00028a a502=00 a524=0000 a525=00 a170=c2 a17f=00 txtail=0012 rxpend=0000
[ 186.240] [transport] captured=8210 flushed=8210 injected=8794 accepted=0 payload2=0 payload3=0 payload4=0 payload5=0 pump_reads=11133 bursts=1585 txcredit=0 outq=0 inq=0 watchdog=13 txseq=31 rxseq=87
[ 186.240] [epochs] local=1 peer=1 ready=true discarded_rx=0
[ 186.240] [tcb-continuations] ffa580=ff80->018392 sleep=0 local26=7710 ffa5c0=ff80->01853c sleep=0 local26=1b00 ffd000=ffc0->00d454 sleep=0 local26=0000 ffd040=ffc0->00daca sleep=0 local26=0000 ffd080=ffc0->004f14 sleep=0 local26=0000 ffd0c0=ffc0->004f14 sleep=0 local26=0000 ffd100=ff80->006782 sleep=0 local26=0000 ffd140=ffc0->007f6e sleep=0 local26=0000 ffd180=ff80->00539a sleep=0 local26=0200 ffd1c0=ff00->005660 sleep=0 local26=9602 ffd200=ff00->0056e4 sleep=0 local26=0000 ffd240=ff80->00539a sleep=0 local26=0200 ffd280=ff00->005660 sleep=0 local26=6802 ffd2c0=ff00->0056e4 sleep=0 local26=0000 ffd300=ff80->0086ee sleep=0 local26=0000 ffd340=ff80->0086ee sleep=0 local26=0000 ffdfc0=ffc0->00d5ca sleep=0 local26=0000
[ 186.509]   [header-byte] write $ffa517 = 54 mask=00ff (pc=018446)
[ 187.010]   [header-byte] write $ffa517 = 54 mask=00ff (pc=018446)
[ 187.241] heartbeat frame=11220 tx=8216 rx=8800 fc=1 fd=10 fe=1 linkflag=82 pc=000288 a502=00 a524=0000 a525=00 a170=c2 a17f=00 txtail=0018 rxpend=0000
[ 187.241] [transport] captured=8216 flushed=8216 injected=8800 accepted=0 payload2=0 payload3=0 payload4=0 payload5=0 pump_reads=11193 bursts=1587 txcredit=0 outq=0 inq=0 watchdog=13 txseq=33 rxseq=89
[ 187.241] [epochs] local=1 peer=1 ready=true discarded_rx=0
[ 187.241] [tcb-continuations] ffa580=ff80->018392 sleep=0 local26=7710 ffa5c0=ff80->01853c sleep=0 local26=1b00 ffd000=ffc0->00d454 sleep=0 local26=0000 ffd040=ffc0->00daca sleep=0 local26=0000 ffd080=ffc0->004f14 sleep=0 local26=0000 ffd0c0=ffc0->004f14 sleep=0 local26=0000 ffd100=ff80->006782 sleep=0 local26=0000 ffd140=ffc0->007f6e sleep=0 local26=0000 ffd180=ff80->00539a sleep=0 local26=0200 ffd1c0=ff00->005660 sleep=0 local26=ee02 ffd200=ff00->0056e4 sleep=0 local26=0000 ffd240=ff80->00539a sleep=0 local26=0200 ffd280=ff00->005660 sleep=0 local26=c002 ffd2c0=ff00->0056e4 sleep=0 local26=0000 ffd300=ff80->0086ee sleep=0 local26=0000 ffd340=ff80->0086ee sleep=0 local26=0000 ffdfc0=ffc0->00d5ca sleep=0 local26=0000
[ 187.511]   [header-byte] write $ffa517 = 54 mask=00ff (pc=018446)
[ 188.011]   [header-byte] write $ffa517 = 54 mask=00ff (pc=018446)
[ 188.242] heartbeat frame=11280 tx=8222 rx=8806 fc=1 fd=10 fe=1 linkflag=82 pc=00028a a502=00 a524=0000 a525=00 a170=c2 a17f=00 txtail=001e rxpend=0000
[ 188.242] [transport] captured=8222 flushed=8222 injected=8806 accepted=0 payload2=0 payload3=0 payload4=0 payload5=0 pump_reads=11253 bursts=1589 txcredit=0 outq=0 inq=0 watchdog=13 txseq=35 rxseq=8b
[ 188.242] [epochs] local=1 peer=1 ready=true discarded_rx=0
[ 188.242] [tcb-continuations] ffa580=ff80->018392 sleep=0 local26=7710 ffa5c0=ff80->01853c sleep=0 local26=1b00 ffd000=ffc0->00d454 sleep=0 local26=0000 ffd040=ffc0->00daca sleep=0 local26=0000 ffd080=ffc0->004f14 sleep=0 local26=0000 ffd0c0=ffc0->004f14 sleep=0 local26=0000 ffd100=ff80->006782 sleep=0 local26=0000 ffd140=ffc0->007f6e sleep=0 local26=0000 ffd180=ff80->00539a sleep=0 local26=0200 ffd1c0=ff00->005660 sleep=0 local26=4602 ffd200=ff00->0056e4 sleep=0 local26=0000 ffd240=ff80->00539a sleep=0 local26=0200 ffd280=ff00->005660 sleep=0 local26=1802 ffd2c0=ff00->0056e4 sleep=0 local26=0000 ffd300=ff80->0086ee sleep=0 local26=0000 ffd340=ff80->0086ee sleep=0 local26=0000 ffdfc0=ffc0->00d5ca sleep=0 local26=0000
[ 188.512]   [header-byte] write $ffa517 = 54 mask=00ff (pc=018446)
[ 189.012]   [header-byte] write $ffa517 = 54 mask=00ff (pc=018446)
[ 189.244] heartbeat frame=11340 tx=8228 rx=8812 fc=1 fd=10 fe=1 linkflag=82 pc=00028a a502=00 a524=0000 a525=00 a170=c2 a17f=00 txtail=0024 rxpend=0000
[ 189.244] [transport] captured=8228 flushed=8228 injected=8812 accepted=0 payload2=0 payload3=0 payload4=0 payload5=0 pump_reads=11313 bursts=1591 txcredit=0 outq=0 inq=0 watchdog=13 txseq=37 rxseq=8d
[ 189.244] [epochs] local=1 peer=1 ready=true discarded_rx=0
[ 189.244] [tcb-continuations] ffa580=ff80->018392 sleep=0 local26=7710 ffa5c0=ff80->01853c sleep=0 local26=1b00 ffd000=ffc0->00d454 sleep=0 local26=0000 ffd040=ffc0->00daca sleep=0 local26=0000 ffd080=ffc0->004f14 sleep=0 local26=0000 ffd0c0=ffc0->004f30 sleep=0 local26=0000 ffd100=ff80->006782 sleep=0 local26=0000 ffd140=ffc0->007f6e sleep=0 local26=0000 ffd180=ff80->00539a sleep=0 local26=0200 ffd1c0=ff00->005660 sleep=0 local26=9e02 ffd200=ff00->0056e4 sleep=0 local26=0000 ffd240=ff80->005526 sleep=0 local26=0200 ffd300=ff80->0086ee sleep=0 local26=0000 ffdfc0=ffc0->00d5ca sleep=0 local26=0000
[ 189.513]   [header-byte] write $ffa517 = 54 mask=00ff (pc=018446)
[ 190.014]   [header-byte] write $ffa517 = 54 mask=00ff (pc=018446)
[ 190.245] heartbeat frame=11400 tx=8234 rx=8818 fc=1 fd=10 fe=1 linkflag=82 pc=00028a a502=00 a524=0000 a525=00 a170=c2 a17f=00 txtail=002a rxpend=0000
[ 190.245] [transport] captured=8234 flushed=8234 injected=8818 accepted=0 payload2=0 payload3=0 payload4=0 payload5=0 pump_reads=11373 bursts=1593 txcredit=0 outq=0 inq=0 watchdog=13 txseq=39 rxseq=8f
[ 190.245] [epochs] local=1 peer=1 ready=true discarded_rx=0
[ 190.245] [tcb-continuations] ffa580=ff80->018392 sleep=0 local26=7710 ffa5c0=ff80->01853c sleep=0 local26=1b00 ffd000=ffc0->00d454 sleep=0 local26=0000 ffd040=ffc0->00daca sleep=0 local26=0000 ffd080=ffc0->004f14 sleep=0 local26=0000 ffd0c0=ffc0->004f30 sleep=0 local26=0000 ffd100=ff80->006782 sleep=0 local26=0000 ffd140=ffc0->007f6e sleep=0 local26=0000 ffd180=ff80->005454 sleep=0 local26=0200 ffd1c0=ff00->005660 sleep=0 local26=f602 ffd200=ff00->0056e4 sleep=0 local26=0000 ffd240=ff80->005526 sleep=0 local26=0200 ffdfc0=ffc0->00d5ca sleep=0 local26=0000
[ 190.514]   [header-byte] write $ffa517 = 54 mask=00ff (pc=018446)
[ 190.548]   [header-byte] write $ffa517 = 54 mask=00ff (pc=018446)
[ 190.548] [game-command] data=3838 mask=ff00 pc=00d470 requests=00
[ 191.049]   [header-byte] write $ffa517 = 54 mask=00ff (pc=018446)
[ 191.246] heartbeat frame=11460 tx=8245 rx=8829 fc=1 fd=10 fe=1 linkflag=82 pc=00028a a502=00 a524=0000 a525=00 a170=c2 a17f=00 txtail=0035 rxpend=0000
[ 191.246] [transport] captured=8245 flushed=8245 injected=8829 accepted=0 payload2=0 payload3=0 payload4=0 payload5=0 pump_reads=11433 bursts=1596 txcredit=0 outq=0 inq=0 watchdog=11 txseq=3c rxseq=92
[ 191.246] [epochs] local=1 peer=1 ready=true discarded_rx=0
[ 191.246] [game-state] a142=04 a13e=04 a13f=0f a530=3822 a506=0c a507=01 a508=00 a7b0=3822 a7a6=9334 script=01a51a
[ 191.246] [tcb-continuations] ffa580=ff80->018392 sleep=0 local26=7710 ffa5c0=ff80->01853c sleep=0 local26=0b00 ffd000=ffc0->00d47c sleep=0 local26=0000 ffd040=ffc0->00daca sleep=0 local26=0000 ffd080=ffc0->004f30 sleep=0 local26=0000 ffd0c0=ffc0->004f30 sleep=0 local26=0000 ffd100=ff80->006782 sleep=0 local26=0000 ffd140=ffc0->007fb6 sleep=0 local26=0000 ffdfc0=ffc0->00d66e sleep=0 local26=0000
[ 191.549]   [header-byte] write $ffa517 = 54 mask=00ff (pc=018446)
[ 192.000] [game-command] data=f8f8 mask=ff00 pc=008022 requests=00
[ 192.018] [game-command] data=0b0b mask=ff00 pc=00d49c requests=00
[ 192.052]   [header-byte] write $ffa517 = 54 mask=00ff (pc=018446)
[ 192.117]   [header-byte] write $ffa517 = 54 mask=00ff (pc=018446)
[ 192.133]   [header-byte] write $ffa517 = 54 mask=00ff (pc=018446)
[ 192.248] heartbeat frame=11520 tx=8282 rx=8869 fc=1 fd=10 fe=1 linkflag=82 pc=000288 a502=00 a524=0000 a525=00 a170=c2 a17f=00 txtail=005a rxpend=0000
[ 192.248] [transport] captured=8282 flushed=8282 injected=8869 accepted=0 payload2=0 payload3=0 payload4=0 payload5=0 pump_reads=11493 bursts=1599 txcredit=0 outq=0 inq=0 watchdog=6 txseq=3f rxseq=96
[ 192.248] [epochs] local=1 peer=1 ready=true discarded_rx=0
[ 192.248] [game-state] a142=04 a13e=04 a13f=0f a530=0b22 a506=0b a507=01 a508=00 a7b0=3822 a7a6=9334 script=01a51a
[ 192.248] [tcb-continuations] ffa580=ff80->018392 sleep=0 local26=7710 ffa5c0=ff80->01853c sleep=0 local26=0b00 ffd000=ffc0->00d4b4 sleep=0 local26=0000 ffd040=ffc0->00daca sleep=0 local26=0000 ffd080=ffc0->00504e sleep=0 local26=0800 ffd0c0=ffc0->00504e sleep=0 local26=0800 ffd100=ff80->006782 sleep=0 local26=0000 ffd140=ffc0->008082 sleep=0 local26=0310 ffd180=ff80->007944 sleep=0 local26=0000 ffd1c0=ff80->007d70 sleep=0 local26=0000 ffd200=ff80->007944 sleep=0 local26=0000 ffd240=ff80->007d70 sleep=0 local26=0000 ffdfc0=ffc0->00d6d0 sleep=0 local26=0000 ffe000=ff00->008362 sleep=0 local26=0005 ffe040=ff00->008362 sleep=0 local26=0005 ffe080=ff00->008362 sleep=0 local26=0005 ffe0c0=ff00->008362 sleep=0 local26=0005 ffe100=ff00->008362 sleep=0 local26=0005 ffe140=ff00->008362 sleep=0 local26=0005 ffe180=ff00->008362 sleep=0 local26=0005 ffe1c0=ff00->008362 sleep=0 local26=0005 ffe200=ff00->008362 sleep=0 local26=0005 ffe240=ff00->008362 sleep=0 local26=0005 ffe280=ff00->008362 sleep=0 local26=0005 ffe2c0=ff00->008362 sleep=0 local26=0005 ffe300=ff00->008362 sleep=0 local26=0005 ffe340=ff00->008362 sleep=0 local26=0005 ffe380=ff00->008362 sleep=0 local26=0005 ffe3c0=ff00->008362 sleep=0 local26=0005 ffe400=ff00->008362 sleep=0 local26=0005 ffe440=ff00->008362 sleep=0 local26=0005 ffe480=ff00->008362 sleep=0 local26=0005 ffe4c0=ff00->008362 sleep=0 local26=0005 ffe500=ff00->008362 sleep=0 local26=0005 ffe540=ff00->008362 sleep=0 local26=0005 ffe580=ff00->008362 sleep=0 local26=0005 ffe5c0=ff00->008362 sleep=0 local26=0005 ffe600=ff00->008362 sleep=0 local26=0005 ffe640=ff00->008362 sleep=0 local26=0005 ffe680=ff00->008362 sleep=0 local26=0005 ffe6c0=ff00->008362 sleep=0 local26=0005 ffe700=ff00->008362 sleep=0 local26=0005 ffe740=ff00->008362 sleep=0 local26=0005 ffe780=ff00->008362 sleep=0 local26=0005 ffe7c0=ff00->008362 sleep=0 local26=0005
[ 192.635]   [header-byte] write $ffa517 = 54 mask=00ff (pc=018446)
[ 193.135]   [header-byte] write $ffa517 = 54 mask=00ff (pc=018446)
[ 193.249] heartbeat frame=11580 tx=8288 rx=8875 fc=1 fd=10 fe=1 linkflag=82 pc=00028a a502=00 a524=0000 a525=00 a170=c2 a17f=00 txtail=0060 rxpend=0000
[ 193.249] [transport] captured=8288 flushed=8288 injected=8875 accepted=0 payload2=0 payload3=0 payload4=0 payload5=0 pump_reads=11553 bursts=1601 txcredit=0 outq=0 inq=0 watchdog=6 txseq=41 rxseq=98
[ 193.249] [epochs] local=1 peer=1 ready=true discarded_rx=0
[ 193.249] [tcb-continuations] ffa580=ff80->018392 sleep=0 local26=7710 ffa5c0=ff80->01853c sleep=0 local26=0b00 ffd000=ffc0->00d4b4 sleep=0 local26=0000 ffd040=ffc0->00daca sleep=0 local26=0000 ffd080=ffc0->00504e sleep=0 local26=4400 ffd0c0=ffc0->00504e sleep=0 local26=4400 ffd100=ff80->006782 sleep=0 local26=0000 ffd140=ffc0->008082 sleep=0 local26=0310 ffd180=ff80->007944 sleep=0 local26=0000 ffd1c0=ff80->007d70 sleep=0 local26=0000 ffd200=ff80->007944 sleep=0 local26=0000 ffd240=ff80->007d70 sleep=0 local26=0000 ffdfc0=ffc0->00d6d0 sleep=0 local26=0000 ffe6c0=ff00->008362 sleep=0 local26=ffc9
[ 193.635]   [header-byte] write $ffa517 = 54 mask=00ff (pc=018446)
[ 194.136]   [header-byte] write $ffa517 = 54 mask=00ff (pc=018446)
[ 194.250] heartbeat frame=11640 tx=8315 rx=8881 fc=1 fd=10 fe=1 linkflag=82 pc=000288 a502=00 a524=0000 a525=00 a170=c2 a17f=00 txtail=007b rxpend=0000
[ 194.250] [transport] captured=8315 flushed=8315 injected=8881 accepted=0 payload2=0 payload3=0 payload4=0 payload5=0 pump_reads=11613 bursts=1604 txcredit=0 outq=0 inq=0 watchdog=6 txseq=44 rxseq=9a
[ 194.250] [epochs] local=1 peer=1 ready=true discarded_rx=0
[ 194.250] [tcb-continuations] ffa580=ff80->018392 sleep=0 local26=7710 ffa5c0=ff80->01853c sleep=0 local26=1c00 ffd000=ffc0->00d4b4 sleep=0 local26=0000 ffd040=ffc0->00daca sleep=0 local26=0000 ffd080=ffc0->00504e sleep=0 local26=1700 ffd0c0=ffc0->00504e sleep=0 local26=8000 ffd100=ff80->006782 sleep=0 local26=0000 ffd140=ffc0->008082 sleep=0 local26=0210 ffd180=ff00->007a24 sleep=0 local26=0301 ffd1c0=ff00->007a24 sleep=0 local26=0300 ffd200=ff80->007944 sleep=0 local26=0000 ffd240=ff80->007d70 sleep=0 local26=0000 ffd280=ff80->007944 sleep=0 local26=0000 ffd2c0=ff80->007d70 sleep=0 local26=0000 ffdfc0=ffc0->00d6d0 sleep=0 local26=0000 ffe000=ff00->0070c2 sleep=0 local26=2000
[ 194.638]   [header-byte] write $ffa517 = 54 mask=00ff (pc=018446)
[ 195.137]   [header-byte] write $ffa517 = 54 mask=00ff (pc=018446)
[ 195.251] heartbeat frame=11700 tx=8321 rx=8887 fc=1 fd=10 fe=1 linkflag=82 pc=00028a a502=00 a524=0000 a525=00 a170=c2 a17f=00 txtail=0081 rxpend=0000
[ 195.251] [transport] captured=8321 flushed=8321 injected=8887 accepted=0 payload2=0 payload3=0 payload4=0 payload5=0 pump_reads=11673 bursts=1606 txcredit=0 outq=0 inq=0 watchdog=6 txseq=46 rxseq=9c
[ 195.251] [epochs] local=1 peer=1 ready=true discarded_rx=0
[ 195.251] [tcb-continuations] ffa580=ff80->018392 sleep=0 local26=7710 ffa5c0=ff80->01853c sleep=0 local26=1c00 ffd000=ffc0->00d4b4 sleep=0 local26=0000 ffd040=ffc0->00daca sleep=0 local26=0000 ffd080=ffc0->00504e sleep=0 local26=5300 ffd0c0=ffc0->00504e sleep=0 local26=bc00 ffd100=ff80->006782 sleep=0 local26=0000 ffd140=ffc0->008082 sleep=0 local26=0210 ffd200=ff80->007944 sleep=0 local26=0001 ffd240=ff80->007d70 sleep=0 local26=0000 ffd280=ff80->0079d4 sleep=0 local26=0001 ffd2c0=ff80->007de4 sleep=0 local26=0000 ffdfc0=ffc0->00d6d0 sleep=0 local26=0000 ffe000=ff00->0070c2 sleep=0 local26=2000
[ 195.638]   [header-byte] write $ffa517 = 54 mask=00ff (pc=018446)
[ 195.972]   [header-byte] write $ffa517 = 54 mask=00ff (pc=018446)
[ 195.988]   [header-byte] write $ffa517 = 54 mask=00ff (pc=018446)
[ 196.105]   [header-byte] write $ffa517 = 54 mask=00ff (pc=018446)
[ 196.253] heartbeat frame=11760 tx=8372 rx=8931 fc=1 fd=10 fe=1 linkflag=82 pc=000288 a502=00 a524=0000 a525=00 a170=c2 a17f=00 txtail=00b4 rxpend=0000
[ 196.253] [transport] captured=8372 flushed=8372 injected=8931 accepted=0 payload2=0 payload3=0 payload4=0 payload5=0 pump_reads=11733 bursts=1611 txcredit=0 outq=0 inq=0 watchdog=8 txseq=4b rxseq=a0
[ 196.253] [epochs] local=1 peer=1 ready=true discarded_rx=0
[ 196.253] [tcb-continuations] ffa580=ff80->018392 sleep=0 local26=7710 ffa5c0=ff80->01853c sleep=0 local26=0d00 ffd000=ffc0->00d4b4 sleep=0 local26=0000 ffd040=ffc0->00daca sleep=0 local26=0000 ffd080=ffc0->00504e sleep=0 local26=1200 ffd0c0=ffc0->00504e sleep=0 local26=0800 ffd100=ff80->006782 sleep=0 local26=0000 ffd140=ffc0->008082 sleep=0 local26=0010 ffd180=ff80->007944 sleep=0 local26=0000 ffd1c0=ff80->007d70 sleep=0 local26=0000 ffd200=ff00->0079fe sleep=1 local26=0001 ffd240=ff00->0079fe sleep=2 local26=0000 ffd280=ff00->007a24 sleep=0 local26=0101 ffd2c0=ff00->007a24 sleep=0 local26=0500 ffd300=ff80->007944 sleep=0 local26=0000 ffd340=ff80->007d70 sleep=0 local26=0000 ffdfc0=ffc0->00d6d0 sleep=0 local26=0000
[ 196.606]   [header-byte] write $ffa517 = 54 mask=00ff (pc=018446)
[ 197.106]   [header-byte] write $ffa517 = 54 mask=00ff (pc=018446)
[ 197.254] heartbeat frame=11820 tx=8378 rx=8937 fc=1 fd=10 fe=1 linkflag=82 pc=000288 a502=00 a524=0000 a525=00 a170=c2 a17f=00 txtail=00ba rxpend=0000
[ 197.254] [transport] captured=8378 flushed=8378 injected=8937 accepted=0 payload2=0 payload3=0 payload4=0 payload5=0 pump_reads=11793 bursts=1613 txcredit=0 outq=0 inq=0 watchdog=8 txseq=4d rxseq=a2
[ 197.254] [epochs] local=1 peer=1 ready=true discarded_rx=0
[ 197.254] [tcb-continuations] ffa580=ff80->018392 sleep=0 local26=7710 ffa5c0=ff80->01853c sleep=0 local26=0d00 ffd000=ffc0->00d4b4 sleep=0 local26=0000 ffd040=ffc0->00daca sleep=0 local26=0000 ffd080=ffc0->00504e sleep=0 local26=4e00 ffd0c0=ffc0->00504e sleep=0 local26=4400 ffd100=ff80->006782 sleep=0 local26=0000 ffd140=ffc0->008082 sleep=0 local26=0010 ffd180=ff00->0079fe sleep=24 local26=0001 ffd1c0=ff00->0079fe sleep=22 local26=0000 ffd300=ff80->007944 sleep=0 local26=0000 ffd340=ff80->007d70 sleep=0 local26=0000 ffdfc0=ffc0->00d6d0 sleep=0 local26=0000 ffe000=ff00->0070c2 sleep=0 local26=4100
[ 197.607]   [header-byte] write $ffa517 = 54 mask=00ff (pc=018446)
[ 198.109]   [header-byte] write $ffa517 = 54 mask=00ff (pc=018446)
[ 198.255] heartbeat frame=11880 tx=8415 rx=8943 fc=1 fd=10 fe=1 linkflag=82 pc=00028a a502=00 a524=0000 a525=00 a170=c2 a17f=00 txtail=00df rxpend=0000
[ 198.255] [transport] captured=8415 flushed=8415 injected=8943 accepted=0 payload2=0 payload3=0 payload4=0 payload5=0 pump_reads=11853 bursts=1616 txcredit=0 outq=0 inq=0 watchdog=8 txseq=50 rxseq=a4
[ 198.255] [epochs] local=1 peer=1 ready=true discarded_rx=0
[ 198.255] [tcb-continuations] ffa580=ff80->018392 sleep=0 local26=7710 ffa5c0=ff80->01853c sleep=0 local26=1c00 ffd000=ffc0->00d4b4 sleep=0 local26=0000 ffd040=ffc0->00daca sleep=0 local26=0000 ffd080=ffc0->005164 sleep=0 local26=0001 ffd0c0=ffc0->00504e sleep=0 local26=8000 ffd100=ff80->006782 sleep=0 local26=0000 ffd140=ffc0->008082 sleep=0 local26=00ff ffd200=ff80->00963c sleep=0 local26=0000 ffd240=ff00->009950 sleep=0 local26=0015 ffd300=ff80->007944 sleep=0 local26=0000 ffd340=ff80->007d70 sleep=0 local26=0000 ffdfc0=ffc0->00d6d0 sleep=0 local26=0000 ffe000=ff00->0070c2 sleep=0 local26=4100 ffe140=ff00->009ac0 sleep=0 local26=0000 ffe180=ff00->009ac0 sleep=0 local26=0000 ffe1c0=ff00->009ac0 sleep=0 local26=0000 ffe200=ff00->009ac0 sleep=0 local26=0000 ffe240=ff00->009ac0 sleep=0 local26=0000 ffe280=ff00->009ac0 sleep=0 local26=0000 ffe2c0=ff00->009ac0 sleep=0 local26=0000 ffe300=ff00->009ac0 sleep=0 local26=0000 ffe340=ff00->009ac0 sleep=0 local26=0000 ffe380=ff00->009ac0 sleep=0 local26=0000 ffe3c0=ff00->009ac0 sleep=0 local26=0000 ffe400=ff00->009ac0 sleep=0 local26=0000
[ 198.608]   [header-byte] write $ffa517 = 54 mask=00ff (pc=018446)
[ 199.109]   [header-byte] write $ffa517 = 54 mask=00ff (pc=018446)
[ 199.257] heartbeat frame=11940 tx=8459 rx=8949 fc=1 fd=10 fe=1 linkflag=82 pc=000288 a502=00 a524=0000 a525=00 a170=c2 a17f=00 txtail=000b rxpend=0000
[ 199.257] [transport] captured=8459 flushed=8459 injected=8949 accepted=0 payload2=0 payload3=0 payload4=0 payload5=0 pump_reads=11913 bursts=1620 txcredit=0 outq=0 inq=0 watchdog=8 txseq=54 rxseq=a6
[ 199.257] [epochs] local=1 peer=1 ready=true discarded_rx=0
[ 199.257] [tcb-continuations] ffa580=ff80->018392 sleep=0 local26=7710 ffa5c0=ff80->01853c sleep=0 local26=1900 ffd000=ffc0->00d4b4 sleep=0 local26=0000 ffd040=ffc0->00daca sleep=0 local26=0000 ffd080=ffc0->00504e sleep=0 local26=1400 ffd0c0=ffc0->00504e sleep=0 local26=bc00 ffd100=ff80->006782 sleep=0 local26=0000 ffd140=ffc0->008082 sleep=0 local26=0308 ffd180=ff80->007944 sleep=0 local26=0000 ffd1c0=ff80->007d70 sleep=0 local26=0000 ffd300=ff80->007944 sleep=0 local26=0001 ffd340=ff80->007d70 sleep=0 local26=0000 ffdfc0=ffc0->00d6d0 sleep=0 local26=0000
[ 199.443]   [header-byte] write $ffa517 = 54 mask=00ff (pc=018446)
[ 199.459]   [header-byte] write $ffa517 = 54 mask=00ff (pc=018446)
[ 199.576]   [header-byte] write $ffa517 = 54 mask=00ff (pc=018446)
[ 200.077]   [header-byte] write $ffa517 = 54 mask=00ff (pc=018446)
[ 200.258] heartbeat frame=12000 tx=8489 rx=8993 fc=1 fd=10 fe=1 linkflag=82 pc=00028a a502=00 a524=0000 a525=00 a170=c2 a17f=00 txtail=0029 rxpend=0000
[ 200.258] [transport] captured=8489 flushed=8489 injected=8993 accepted=0 payload2=0 payload3=0 payload4=0 payload5=0 pump_reads=11973 bursts=1624 txcredit=0 outq=0 inq=0 watchdog=10 txseq=58 rxseq=aa
[ 200.258] [epochs] local=1 peer=1 ready=true discarded_rx=0
[ 200.258] [tcb-continuations] ffa580=ff80->018392 sleep=0 local26=7710 ffa5c0=ff80->01853c sleep=0 local26=0f00 ffd000=ffc0->00d4b4 sleep=0 local26=0000 ffd040=ffc0->00daca sleep=0 local26=0000 ffd080=ffc0->00504e sleep=0 local26=5000 ffd0c0=ffc0->00504e sleep=0 local26=2800 ffd100=ff80->006782 sleep=0 local26=0000 ffd140=ffc0->008082 sleep=0 local26=0208 ffd180=ff80->007944 sleep=0 local26=0000 ffd1c0=ff80->007d70 sleep=0 local26=0000 ffd200=ff80->007944 sleep=0 local26=0000 ffd240=ff80->007d70 sleep=0 local26=0000 ffdfc0=ffc0->00d6d0 sleep=0 local26=0000 ffe000=ff00->0070c2 sleep=0 local26=2b00
[ 200.577]   [header-byte] write $ffa517 = 54 mask=00ff (pc=018446)
[ 201.078]   [header-byte] write $ffa517 = 54 mask=00ff (pc=018446)
[ 201.259] heartbeat frame=12060 tx=8512 rx=8999 fc=1 fd=10 fe=1 linkflag=82 pc=000288 a502=00 a524=0000 a525=00 a170=c2 a17f=00 txtail=0040 rxpend=0000
[ 201.259] [transport] captured=8512 flushed=8512 injected=8999 accepted=0 payload2=0 payload3=0 payload4=0 payload5=0 pump_reads=12033 bursts=1627 txcredit=0 outq=0 inq=0 watchdog=10 txseq=5b rxseq=ac
[ 201.259] [epochs] local=1 peer=1 ready=true discarded_rx=0
[ 201.259] [tcb-continuations] ffa580=ff80->018392 sleep=0 local26=7710 ffa5c0=ff80->01853c sleep=0 local26=0500 ffd000=ffc0->00d4b4 sleep=0 local26=0000 ffd040=ffc0->00daca sleep=0 local26=0000 ffd080=ffc0->005120 sleep=24 local26=0001 ffd0c0=ffc0->00504e sleep=0 local26=6400 ffd100=ff80->006782 sleep=0 local26=0000 ffd140=ffc0->008082 sleep=0 local26=0108 ffd180=ff00->0079fe sleep=18 local26=0001 ffd1c0=ff00->0079fe sleep=18 local26=0000 ffd200=ff80->007944 sleep=0 local26=0000 ffd240=ff80->007d70 sleep=0 local26=0000 ffdfc0=ffc0->00d6d0 sleep=0 local26=0000 ffe000=ff00->0070c2 sleep=0 local26=2b00
[ 201.578]   [header-byte] write $ffa517 = 54 mask=00ff (pc=018446)
[ 202.081]   [header-byte] write $ffa517 = 54 mask=00ff (pc=018446)
[ 202.260] heartbeat frame=12120 tx=8532 rx=9005 fc=1 fd=10 fe=1 linkflag=82 pc=00028a a502=00 a524=0000 a525=00 a170=c2 a17f=00 txtail=0054 rxpend=0000
[ 202.260] [transport] captured=8532 flushed=8532 injected=9005 accepted=0 payload2=0 payload3=0 payload4=0 payload5=0 pump_reads=12093 bursts=1629 txcredit=0 outq=0 inq=0 watchdog=10 txseq=5d rxseq=ae
[ 202.260] [epochs] local=1 peer=1 ready=true discarded_rx=0
[ 202.260] [tcb-continuations] ffa580=ff80->018392 sleep=0 local26=7710 ffa5c0=ff80->01853c sleep=0 local26=0600 ffd000=ffc0->00d4b4 sleep=0 local26=0000 ffd040=ffc0->00daca sleep=0 local26=0000 ffd080=ffc0->0050ba sleep=0 local26=0000 ffd0c0=ffc0->00504e sleep=0 local26=a000 ffd100=ff80->006782 sleep=0 local26=0000 ffd140=ffc0->008082 sleep=0 local26=0108 ffd200=ff80->0079d4 sleep=0 local26=0001 ffd240=ff80->007dc0 sleep=0 local26=0000 ffd280=ff80->00963c sleep=0 local26=0000 ffd2c0=ff00->009950 sleep=0 local26=000f ffdfc0=ffc0->00d6d0 sleep=0 local26=0000 ffe000=ff00->0070c2 sleep=0 local26=2b00 ffe340=ff00->009ac0 sleep=0 local26=0000 ffe380=ff00->009ac0 sleep=0 local26=0000 ffe3c0=ff00->009ac0 sleep=0 local26=0000 ffe400=ff00->009ac0 sleep=0 local26=0000
[ 202.513]   [header-byte] write $ffa517 = 54 mask=00ff (pc=018446)
[ 202.530]   [header-byte] write $ffa517 = 54 mask=00ff (pc=018446)
[ 202.647]   [header-byte] write $ffa517 = 54 mask=00ff (pc=018446)
[ 203.147]   [header-byte] write $ffa517 = 54 mask=00ff (pc=018446)
[ 203.262] heartbeat frame=12180 tx=8566 rx=9049 fc=1 fd=10 fe=1 linkflag=82 pc=00028a a502=00 a524=0000 a525=00 a170=c2 a17f=00 txtail=0076 rxpend=0000
[ 203.262] [transport] captured=8566 flushed=8566 injected=9049 accepted=0 payload2=0 payload3=0 payload4=0 payload5=0 pump_reads=12153 bursts=1633 txcredit=0 outq=0 inq=0 watchdog=6 txseq=61 rxseq=b2
[ 203.262] [epochs] local=1 peer=1 ready=true discarded_rx=0
[ 203.262] [tcb-continuations] ffa580=ff80->018392 sleep=0 local26=7710 ffa5c0=ff80->01853c sleep=0 local26=0b00 ffd000=ffc0->00d4b4 sleep=0 local26=0000 ffd040=ffc0->00daca sleep=0 local26=0000 ffd080=ffc0->00504e sleep=0 local26=3600 ffd0c0=ffc0->00504e sleep=0 local26=2400 ffd100=ff80->006782 sleep=0 local26=0000 ffd140=ffc0->008082 sleep=0 local26=0008 ffd180=ff00->0084cc sleep=0 local26=0000 ffd1c0=ff80->007944 sleep=0 local26=0000 ffd280=ff80->007d70 sleep=0 local26=0000 ffd2c0=ff80->007944 sleep=0 local26=0000 ffd300=ff80->007d70 sleep=0 local26=0000 ffdfc0=ffc0->00d6d0 sleep=0 local26=0000 ffe000=ff00->0070c2 sleep=0 local26=2b00
[ 203.648]   [header-byte] write $ffa517 = 54 mask=00ff (pc=018446)
[ 204.149]   [header-byte] write $ffa517 = 54 mask=00ff (pc=018446)
[ 204.263] heartbeat frame=12240 tx=8572 rx=9055 fc=1 fd=10 fe=1 linkflag=82 pc=000288 a502=00 a524=0000 a525=00 a170=c2 a17f=00 txtail=007c rxpend=0000
[ 204.263] [transport] captured=8572 flushed=8572 injected=9055 accepted=0 payload2=0 payload3=0 payload4=0 payload5=0 pump_reads=12213 bursts=1635 txcredit=0 outq=0 inq=0 watchdog=6 txseq=63 rxseq=b4
[ 204.263] [epochs] local=1 peer=1 ready=true discarded_rx=0
[ 204.263] [tcb-continuations] ffa580=ff80->018392 sleep=0 local26=7710 ffa5c0=ff80->01853c sleep=0 local26=0b00 ffd000=ffc0->00d4b4 sleep=0 local26=0000 ffd040=ffc0->00daca sleep=0 local26=0000 ffd080=ffc0->00504e sleep=0 local26=7200 ffd0c0=ffc0->00504e sleep=0 local26=6000 ffd100=ff80->006782 sleep=0 local26=0000 ffd140=ffc0->008082 sleep=0 local26=02ff ffd180=ff00->0084cc sleep=0 local26=0000 ffd1c0=ff80->007944 sleep=0 local26=0000 ffd280=ff80->007d70 sleep=0 local26=0000 ffd2c0=ff80->007944 sleep=0 local26=0001 ffd300=ff80->007d70 sleep=0 local26=0000 ffdfc0=ffc0->00d6d0 sleep=0 local26=0000
[ 204.649]   [header-byte] write $ffa517 = 54 mask=00ff (pc=018446)
[ 205.050]   [header-byte] write $ffa517 = 54 mask=00ff (pc=018446)
[ 205.066]   [header-byte] write $ffa517 = 54 mask=00ff (pc=018446)
[ 205.184]   [header-byte] write $ffa517 = 54 mask=00ff (pc=018446)
[ 205.264] heartbeat frame=12300 tx=8599 rx=9099 fc=1 fd=10 fe=1 linkflag=82 pc=000288 a502=00 a524=0000 a525=00 a170=c2 a17f=00 txtail=0097 rxpend=0000
[ 205.264] [transport] captured=8599 flushed=8599 injected=9099 accepted=0 payload2=0 payload3=0 payload4=0 payload5=0 pump_reads=12273 bursts=1638 txcredit=0 outq=0 inq=0 watchdog=4 txseq=66 rxseq=b8
[ 205.264] [epochs] local=1 peer=1 ready=true discarded_rx=0
[ 205.264] [tcb-continuations] ffa580=ff80->018392 sleep=0 local26=7710 ffa5c0=ff80->01853c sleep=0 local26=0900 ffd000=ffc0->00d4b4 sleep=0 local26=0000 ffd040=ffc0->00daca sleep=0 local26=0000 ffd080=ffc0->00504e sleep=0 local26=ae00 ffd0c0=ffc0->00504e sleep=0 local26=0400 ffd100=ff80->006782 sleep=0 local26=0000 ffd140=ffc0->008082 sleep=0 local26=01ff ffd180=ff00->0084cc sleep=0 local26=0000 ffd1c0=ff80->007944 sleep=0 local26=0001 ffd200=ff80->007944 sleep=0 local26=0000 ffd240=ff80->007d70 sleep=0 local26=0000 ffd280=ff80->007d70 sleep=0 local26=0000 ffd2c0=ff00->0079fe sleep=6 local26=0001 ffd300=ff00->007a24 sleep=0 local26=0600 ffdfc0=ffc0->00d6d0 sleep=0 local26=0000
[ 205.701]   [header-byte] write $ffa517 = 54 mask=00ff (pc=018446)
[ 206.185]   [header-byte] write $ffa517 = 54 mask=00ff (pc=018446)
[ 206.266] heartbeat frame=12360 tx=8626 rx=9105 fc=1 fd=10 fe=1 linkflag=82 pc=00028a a502=00 a524=0000 a525=00 a170=c2 a17f=00 txtail=00b2 rxpend=0000
[ 206.266] [transport] captured=8626 flushed=8626 injected=9105 accepted=0 payload2=0 payload3=0 payload4=0 payload5=0 pump_reads=12333 bursts=1641 txcredit=0 outq=0 inq=0 watchdog=4 txseq=69 rxseq=ba
[ 206.266] [epochs] local=1 peer=1 ready=true discarded_rx=0
[ 206.266] [tcb-continuations] ffa580=ff80->018392 sleep=0 local26=7710 ffa5c0=ff80->01853c sleep=0 local26=0700 ffd000=ffc0->00d4b4 sleep=0 local26=0000 ffd040=ffc0->00daca sleep=0 local26=0000 ffd080=ffc0->00504e sleep=0 local26=0200 ffd0c0=ffc0->00504e sleep=0 local26=4000 ffd100=ff80->006782 sleep=0 local26=0000 ffd140=ffc0->008082 sleep=0 local26=00ff ffd180=ff00->0084cc sleep=0 local26=0000 ffd1c0=ff00->0079fe sleep=8 local26=0001 ffd200=ff80->007944 sleep=0 local26=0001 ffd240=ff80->007d70 sleep=0 local26=0000 ffd280=ff00->007a16 sleep=0 local26=0000 ffd2c0=ff80->007944 sleep=0 local26=0000 ffd300=ff80->007d70 sleep=0 local26=0000 ffdfc0=ffc0->00d6d0 sleep=0 local26=0000
[ 206.685]   [header-byte] write $ffa517 = 54 mask=00ff (pc=018446)
[ 207.052]   [header-byte] write $ffa517 = 54 mask=00ff (pc=018446)
[ 207.069]   [header-byte] write $ffa517 = 54 mask=00ff (pc=018446)
[ 207.186]   [header-byte] write $ffa517 = 54 mask=00ff (pc=018446)
[ 207.267] heartbeat frame=12420 tx=8653 rx=9149 fc=1 fd=10 fe=1 linkflag=82 pc=000288 a502=00 a524=0000 a525=00 a170=c2 a17f=00 txtail=00cd rxpend=0000
[ 207.267] [transport] captured=8653 flushed=8653 injected=9149 accepted=0 payload2=0 payload3=0 payload4=0 payload5=0 pump_reads=12393 bursts=1644 txcredit=0 outq=0 inq=0 watchdog=4 txseq=6c rxseq=be
[ 207.267] [epochs] local=1 peer=1 ready=true discarded_rx=0
[ 207.267] [tcb-continuations] ffa580=ff80->018392 sleep=0 local26=7710 ffa5c0=ff80->01853c sleep=0 local26=0900 ffd000=ffc0->00d4b4 sleep=0 local26=0000 ffd040=ffc0->00daca sleep=0 local26=0000 ffd080=ffc0->00504e sleep=0 local26=3e00 ffd0c0=ffc0->00504e sleep=0 local26=0400 ffd100=ff80->006782 sleep=0 local26=0000 ffd140=ffc0->008082 sleep=0 local26=0311 ffd180=ff00->0084cc sleep=0 local26=0000 ffd1c0=ff80->007944 sleep=0 local26=0000 ffd200=ff00->0079fe sleep=6 local26=0001 ffd240=ff00->007a24 sleep=0 local26=0600 ffd280=ff80->007d70 sleep=0 local26=0000 ffd2c0=ff80->007944 sleep=0 local26=0000 ffd300=ff80->007d70 sleep=0 local26=0000 ffdfc0=ffc0->00d6d0 sleep=0 local26=0000 ffe000=ff00->0070c2 sleep=0 local26=3600
[ 207.803]   [header-byte] write $ffa517 = 54 mask=00ff (pc=018446)
[ 208.268] heartbeat frame=12480 tx=8659 rx=9152 fc=1 fd=10 fe=1 linkflag=82 pc=000288 a502=00 a524=0000 a525=00 a170=c2 a17f=00 txtail=00d3 rxpend=0000
[ 208.268] [transport] captured=8659 flushed=8659 injected=9152 accepted=0 payload2=0 payload3=0 payload4=0 payload5=0 pump_reads=12453 bursts=1646 txcredit=0 outq=0 inq=0 watchdog=27 txseq=6e rxseq=bf
[ 208.268] [epochs] local=1 peer=1 ready=true discarded_rx=0
[ 208.268] [tcb-continuations] ffa580=ff80->018392 sleep=0 local26=7710 ffa5c0=ff80->01853c sleep=0 local26=0900 ffd000=ffc0->00d4b4 sleep=0 local26=0000 ffd040=ffc0->00daca sleep=0 local26=0000 ffd080=ffc0->00504e sleep=0 local26=7a00 ffd0c0=ffc0->00504e sleep=0 local26=4000 ffd100=ff80->006782 sleep=0 local26=0000 ffd140=ffc0->008082 sleep=0 local26=0311 ffd180=ff00->0084cc sleep=0 local26=0000 ffd1c0=ff80->0079d4 sleep=0 local26=0001 ffd280=ff80->007dc0 sleep=0 local26=0000 ffd2c0=ff80->007944 sleep=0 local26=0000 ffd300=ff80->007d70 sleep=0 local26=0000 ffdfc0=ffc0->00d6d0 sleep=0 local26=0000 ffe000=ff00->0070c2 sleep=0 local26=3600
[ 208.304]   [header-byte] write $ffa517 = 54 mask=00ff (pc=018446)
[ 208.504]   [header-byte] write $ffa517 = 54 mask=00ff (pc=018446)
[ 208.521]   [header-byte] write $ffa517 = 54 mask=00ff (pc=018446)
[ 208.522] [game-command] data=2b2b mask=ff00 pc=00c030 requests=00
[ 208.638]   [header-byte] write $ffa517 = 54 mask=00ff (pc=018446)
[ 208.722]   [header-byte] write $ffa517 = 54 mask=00ff (pc=018446)
[ 208.722] [game-command] data=6b6b mask=ff00 pc=00e190 requests=00
[ 208.741] [game-command] data=1d1d mask=ff00 pc=00db3c requests=00
[ 208.741] [game-command] data=3030 mask=00ff pc=00db50 requests=00
[ 208.742]   [menu-state] write $ffa170 = e2e2 mask=ff00 (pc=00dc36)
[ 208.742]   [menu-state] write $ffa176 = 0000 mask=ff00 (pc=01afde)
[ 208.742]   [header-byte] write $ffa513 = 00 mask=00ff (pc=01afe6)
[ 208.742]   [header-byte] write $ffa513 = 10 mask=00ff (pc=01affe)
[ 208.742]   [header-byte] write $ffa513 = 14 mask=00ff (pc=01b044)
[ 208.810]   [header-byte] write $ffa517 = 14 mask=00ff (pc=018446)
[ 208.889] [game-command] data=0d0d mask=ff00 pc=00dccc requests=00
[ 208.955]   [header-byte] write $ffa517 = 14 mask=00ff (pc=018446)
[ 209.269] heartbeat frame=12540 tx=8720 rx=9228 fc=1 fd=10 fe=1 linkflag=82 pc=000288 a502=00 a524=0000 a525=00 a170=e2 a17f=00 txtail=0010 rxpend=0000
[ 209.269] [transport] captured=8720 flushed=8720 injected=9228 accepted=0 payload2=0 payload3=0 payload4=0 payload5=0 pump_reads=12513 bursts=1652 txcredit=0 outq=0 inq=0 watchdog=18 txseq=74 rxseq=c6
[ 209.269] [epochs] local=1 peer=1 ready=true discarded_rx=0
[ 209.269] [game-state] a142=04 a13e=04 a13f=0f a530=0d30 a506=0c a507=01 a508=00 a7b0=3822 a7a6=9334 script=01a51a
[ 209.269] [tcb-continuations] ffa580=ff80->018392 sleep=0 local26=7710 ffa5c0=ff80->01853c sleep=0 local26=1600 ffd000=ffc0->00d4b4 sleep=0 local26=0000 ffd040=ffc0->00dd2e sleep=0 local26=0000 ffd080=ffc0->00e1c8 sleep=0 local26=9500 ffd0c0=ffc0->00bdcc sleep=0 local26=0006 ffd100=ff80->006782 sleep=0 local26=0000 ffd180=ff40->00e4d0 sleep=0 local26=0000 ffd1c0=ff40->00e4be sleep=0 local26=0011 ffd240=ff80->00cec4 sleep=0 local26=001a ffd280=ff40->00e4be sleep=0 local26=0001 ffd340=ff80->00cec4 sleep=0 local26=0014 ffd380=ff80->00cec4 sleep=0 local26=000e ffd3c0=ff80->00cec4 sleep=0 local26=000c ffd400=ff80->00cec4 sleep=0 local26=0016 ffd440=ff80->00cec4 sleep=0 local26=0819 ffd480=ff80->00449a sleep=0 local26=0001 ffdfc0=ffc0->00d6d0 sleep=0 local26=0000 ffe000=ff00->0070c2 sleep=0 local26=3600 ffe040=ff00->00e508 sleep=0 local26=0000 ffe080=ff00->00e508 sleep=0 local26=0000 ffe0c0=ff00->00e508 sleep=0 local26=0000 ffe100=ff00->00e508 sleep=0 local26=0000 ffe140=ff00->00e508 sleep=0 local26=0000 ffe180=ff00->00e508 sleep=0 local26=0000 ffe1c0=ff00->00e508 sleep=0 local26=0000 ffe200=ff00->00e508 sleep=0 local26=0000 ffe240=ff00->00e508 sleep=0 local26=0000 ffe280=ff00->00e508 sleep=0 local26=0000 ffe2c0=ff00->00e508 sleep=0 local26=0000 ffe300=ff00->00e508 sleep=0 local26=0000 ffe340=ff00->00e508 sleep=0 local26=0000 ffe380=ff00->00e508 sleep=0 local26=0000 ffe3c0=ff00->00e508 sleep=0 local26=0000 ffe400=ff00->00e508 sleep=0 local26=0000
[ 209.456]   [header-byte] write $ffa517 = 14 mask=00ff (pc=018446)
[ 209.957]   [header-byte] write $ffa517 = 14 mask=00ff (pc=018446)
[ 210.271] heartbeat frame=12600 tx=8777 rx=9234 fc=1 fd=10 fe=1 linkflag=82 pc=00028a a502=00 a524=0000 a525=00 a170=e2 a17f=00 txtail=0049 rxpend=0000
[ 210.271] [transport] captured=8777 flushed=8777 injected=9234 accepted=0 payload2=0 payload3=0 payload4=0 payload5=0 pump_reads=12573 bursts=1657 txcredit=0 outq=0 inq=0 watchdog=18 txseq=79 rxseq=c8
[ 210.271] [epochs] local=1 peer=1 ready=true discarded_rx=0
[ 210.271] [tcb-continuations] ffa580=ff80->018392 sleep=0 local26=7710 ffa5c0=ff80->01853c sleep=0 local26=0600 ffd000=ffc0->00d4b4 sleep=0 local26=0000 ffd040=ffc0->00dd2e sleep=0 local26=0000 ffd080=ffc0->00e1c8 sleep=0 local26=9500 ffd0c0=ffc0->00c426 sleep=122 local26=0000 ffd100=ff80->006782 sleep=0 local26=0000 ffd140=ffc0->00ca8a sleep=0 local26=0018 ffd180=ff40->00e4e8 sleep=0 local26=0000 ffd480=ff80->00449a sleep=0 local26=0001 ffdfc0=ffc0->00d6d0 sleep=0 local26=0000 ffe000=ff00->0070c2 sleep=0 local26=3600 ffe100=ff00->00e508 sleep=0 local26=0000 ffe140=ff00->00e508 sleep=0 local26=0000 ffe180=ff00->00e508 sleep=0 local26=0000 ffe240=ff00->00e508 sleep=0 local26=0000 ffe2c0=ff00->00e508 sleep=0 local26=0000 ffe300=ff00->00e508 sleep=0 local26=0000 ffe340=ff00->00e508 sleep=0 local26=0000 ffe380=ff00->00e508 sleep=0 local26=0000 ffe3c0=ff00->00e508 sleep=0 local26=0000 ffe400=ff00->00e508 sleep=0 local26=0000 ffe440=ff00->00e508 sleep=0 local26=0000 ffe480=ff00->00e508 sleep=0 local26=0000 ffe4c0=ff00->00e508 sleep=0 local26=0000 ffe500=ff00->00e508 sleep=0 local26=0000 ffe540=ff00->00e508 sleep=0 local26=0000 ffe580=ff00->00e508 sleep=0 local26=0000 ffe5c0=ff00->00e508 sleep=0 local26=0000 ffe600=ff00->00e508 sleep=0 local26=0000 ffe640=ff00->00e508 sleep=0 local26=0000 ffe680=ff00->00e508 sleep=0 local26=0000 ffe6c0=ff00->00e508 sleep=0 local26=0000 ffe700=ff00->00e508 sleep=0 local26=0000 ffe740=ff00->00e508 sleep=0 local26=0000 ffe780=ff00->00e508 sleep=0 local26=0000 ffe7c0=ff00->00e508 sleep=0 local26=0000 ffe800=ff00->00e508 sleep=0 local26=0000
[ 210.324]   [header-byte] write $ffa517 = 14 mask=00ff (pc=018446)
[ 210.340]   [header-byte] write $ffa517 = 14 mask=00ff (pc=018446)
[ 210.357]   [header-byte] write $ffa517 = 14 mask=00ff (pc=018446)
[ 210.374]   [header-byte] write $ffa517 = 14 mask=00ff (pc=018446)
[ 210.390]   [header-byte] write $ffa517 = 14 mask=00ff (pc=018446)
[ 210.408]   [header-byte] write $ffa517 = 14 mask=00ff (pc=018446)
[ 210.907]   [header-byte] write $ffa517 = 14 mask=00ff (pc=018446)
[ 211.272] heartbeat frame=12660 tx=8783 rx=9339 fc=1 fd=10 fe=1 linkflag=82 pc=00028a a502=00 a524=0000 a525=00 a170=e2 a17f=00 txtail=004f rxpend=0000
[ 211.272] [transport] captured=8783 flushed=8783 injected=9339 accepted=0 payload2=0 payload3=0 payload4=0 payload5=0 pump_reads=12633 bursts=1659 txcredit=0 outq=0 inq=5 watchdog=21 txseq=7b rxseq=cf
[ 211.272] [epochs] local=1 peer=1 ready=true discarded_rx=0
[ 211.272] [tcb-continuations] ffa580=ff80->018392 sleep=0 local26=7710 ffa5c0=ff80->01853c sleep=0 local26=0600 ffd000=ffc0->00d4b4 sleep=0 local26=0000 ffd040=ffc0->00de4e sleep=10 local26=0000 ffd080=ffc0->00c426 sleep=88 local26=9500 ffd0c0=ffc0->00c426 sleep=62 local26=0000 ffd100=ffc0->00cd98 sleep=0 local26=0000 ffd140=ffc0->00ca8a sleep=0 local26=001e ffd180=ffc0->00ca24 sleep=0 local26=0000 ffd1c0=ff40->00c880 sleep=0 local26=0000 ffd200=ff40->00c880 sleep=0 local26=0000 ffd240=ff40->00c880 sleep=0 local26=0000 ffd280=ff40->00c880 sleep=0 local26=0000 ffd2c0=ff40->00c880 sleep=0 local26=0000 ffd300=ff40->00c880 sleep=0 local26=0000 ffd340=ff40->00c880 sleep=0 local26=0000 ffd380=ff40->00c880 sleep=0 local26=0000 ffd3c0=ff40->00c880 sleep=0 local26=0000 ffd400=ff40->00c880 sleep=0 local26=0000 ffd440=ff40->00c880 sleep=0 local26=0000 ffd480=ff40->00c880 sleep=0 local26=0000 ffd4c0=ff40->00c880 sleep=0 local26=0000 ffd500=ff40->00c880 sleep=0 local26=0000 ffd540=ff40->00c880 sleep=0 local26=0000 ffd580=ff40->00c880 sleep=0 local26=0000 ffd5c0=ff40->00c880 sleep=0 local26=0000 ffd600=ff40->00c880 sleep=0 local26=0000 ffd640=ff40->00c880 sleep=0 local26=0000 ffd680=ff40->00c880 sleep=0 local26=0000 ffd6c0=ff40->00c880 sleep=0 local26=0000 ffd700=ff40->00c880 sleep=0 local26=0000 ffd740=ff40->00c880 sleep=0 local26=0000 ffd780=ff40->00c880 sleep=0 local26=0000 ffd7c0=ff40->00c880 sleep=0 local26=0000 ffd800=ff40->00c880 sleep=0 local26=0000 ffd840=ff40->00c880 sleep=0 local26=0000 ffd880=ff40->00c880 sleep=0 local26=0000 ffd8c0=ff40->00c880 sleep=0 local26=0000 ffd900=ff40->00c880 sleep=0 local26=0000 ffd940=ff40->00c880 sleep=0 local26=0000 ffd980=ff40->00c880 sleep=0 local26=0000 ffd9c0=ff80->01505a sleep=0 local26=0000 ffda00=ff80->01510e sleep=0 local26=0000 ffdfc0=ffc0->00d6d0 sleep=0 local26=0000
[ 211.274]   [header-byte] write $ffa517 = 14 mask=00ff (pc=018446)
[ 211.458] [game-command] data=4c4c mask=ff00 pc=00dec6 requests=00
[ 211.776]   [header-byte] write $ffa517 = 14 mask=00ff (pc=018446)
[ 212.273] heartbeat frame=12720 tx=8791 rx=9347 fc=1 fd=10 fe=1 linkflag=82 pc=000288 a502=00 a524=0000 a525=00 a170=e2 a17f=00 txtail=0057 rxpend=0000
[ 212.273] [transport] captured=8791 flushed=8791 injected=9347 accepted=0 payload2=0 payload3=0 payload4=0 payload5=0 pump_reads=12693 bursts=1661 txcredit=0 outq=0 inq=3 watchdog=29 txseq=7d rxseq=d1
[ 212.273] [epochs] local=1 peer=1 ready=true discarded_rx=0
[ 212.273] [game-state] a142=04 a13e=04 a13f=0f a530=4c30 a506=0c a507=01 a508=00 a7b0=3822 a7a6=9334 script=01a51a
[ 212.273] [tcb-continuations] ffa580=ff80->018392 sleep=0 local26=7710 ffa5c0=ff80->01853c sleep=0 local26=1200 ffd000=ffc0->00d4b4 sleep=0 local26=0000 ffd040=ffc0->00df7a sleep=0 local26=0000 ffd080=ffc0->00c426 sleep=28 local26=9500 ffd0c0=ffc0->00c426 sleep=2 local26=0000 ffd100=ffc0->00cd98 sleep=0 local26=0000 ffd180=ffc0->00cb5c sleep=0 local26=0000 ffd9c0=ff80->01505a sleep=0 local26=0000 ffda00=ff80->01510e sleep=0 local26=0000 ffda40=ff80->0086ee sleep=0 local26=0000 ffda80=ff80->00c936 sleep=12 local26=0000 ffdfc0=ffc0->00d6d0 sleep=0 local26=0000
[ 212.276]   [header-byte] write $ffa517 = 14 mask=00ff (pc=018446)
[ 212.776]   [header-byte] write $ffa517 = 14 mask=00ff (pc=018446)
[ 213.275] heartbeat frame=12780 tx=8797 rx=9353 fc=1 fd=10 fe=1 linkflag=82 pc=00028a a502=00 a524=0000 a525=00 a170=e2 a17f=00 txtail=005d rxpend=0000
[ 213.275] [transport] captured=8797 flushed=8797 injected=9353 accepted=0 payload2=0 payload3=0 payload4=0 payload5=0 pump_reads=12753 bursts=1663 txcredit=0 outq=0 inq=3 watchdog=29 txseq=7f rxseq=d3
[ 213.275] [epochs] local=1 peer=1 ready=true discarded_rx=0
[ 213.275] [tcb-continuations] ffa580=ff80->018392 sleep=0 local26=7710 ffa5c0=ff80->01853c sleep=0 local26=1200 ffd000=ffc0->00d4b4 sleep=0 local26=0000 ffd040=ffc0->00df7a sleep=0 local26=0000 ffd080=ffc0->00c46c sleep=0 local26=9500 ffd0c0=ffc0->00c4c6 sleep=0 local26=0000 ffd100=ffc0->00cd98 sleep=0 local26=0000 ffd140=ff40->00c9ce sleep=0 local26=0000 ffd1c0=ff40->00c9ce sleep=0 local26=0000 ffd200=ff40->00c9ce sleep=0 local26=0000 ffd240=ff40->00c9ce sleep=0 local26=0000 ffd280=ff40->00c9ce sleep=0 local26=0000 ffd2c0=ff40->00c9ce sleep=0 local26=0000 ffd300=ff40->00c9ce sleep=0 local26=0000 ffd340=ff40->00c9ce sleep=0 local26=0000 ffd380=ff40->00c9ce sleep=0 local26=0000 ffd3c0=ff40->00c9ce sleep=0 local26=0000 ffd400=ff40->00c9ce sleep=0 local26=0000 ffd440=ff40->00c9ce sleep=0 local26=0000 ffd480=ff40->00c9ce sleep=0 local26=0000 ffd4c0=ff40->00c9ce sleep=0 local26=0000 ffd500=ff40->00c9ce sleep=0 local26=0000 ffd540=ff40->00c9ce sleep=0 local26=0000 ffd580=ff40->00c9ce sleep=0 local26=0000 ffd5c0=ff40->00c9ce sleep=0 local26=0000 ffd600=ff40->00c9ce sleep=0 local26=0000 ffd640=ff40->00c9ce sleep=0 local26=0000 ffd680=ff40->00c9ce sleep=0 local26=0000 ffd6c0=ff40->00c9ce sleep=0 local26=0000 ffd700=ff40->00c9ce sleep=0 local26=0000 ffd740=ff40->00c9ce sleep=0 local26=0000 ffd780=ff40->00c9ce sleep=0 local26=0000 ffd7c0=ff40->00c9ce sleep=0 local26=0000 ffd800=ff40->00c9ce sleep=0 local26=0000 ffd840=ff40->00c9ce sleep=0 local26=0000 ffd880=ff40->00c9ce sleep=0 local26=0000 ffd8c0=ff40->00c9ce sleep=0 local26=0000 ffd900=ff40->00c9ce sleep=0 local26=0000 ffd940=ff40->00c9ce sleep=0 local26=0000 ffd9c0=ff80->01505a sleep=0 local26=0000 ffda00=ff80->01510e sleep=0 local26=0000 ffda40=ff80->0086ee sleep=0 local26=0000 ffdfc0=ffc0->00d6d0 sleep=0 local26=0000
[ 213.277]   [header-byte] write $ffa517 = 14 mask=00ff (pc=018446)
[ 213.778]   [header-byte] write $ffa517 = 14 mask=00ff (pc=018446)
[ 214.276] heartbeat frame=12840 tx=8803 rx=9359 fc=1 fd=10 fe=1 linkflag=82 pc=000288 a502=00 a524=0000 a525=00 a170=e2 a17f=00 txtail=0063 rxpend=0000
[ 214.276] [transport] captured=8803 flushed=8803 injected=9359 accepted=0 payload2=0 payload3=0 payload4=0 payload5=0 pump_reads=12813 bursts=1665 txcredit=0 outq=0 inq=3 watchdog=29 txseq=81 rxseq=d5
[ 214.276] [epochs] local=1 peer=1 ready=true discarded_rx=0
[ 214.278]   [header-byte] write $ffa517 = 14 mask=00ff (pc=018446)
[ 214.779]   [header-byte] write $ffa517 = 14 mask=00ff (pc=018446)
[ 215.277] heartbeat frame=12900 tx=8809 rx=9365 fc=1 fd=10 fe=1 linkflag=82 pc=000288 a502=00 a524=0000 a525=00 a170=e2 a17f=00 txtail=0069 rxpend=0000
[ 215.277] [transport] captured=8809 flushed=8809 injected=9365 accepted=0 payload2=0 payload3=0 payload4=0 payload5=0 pump_reads=12873 bursts=1667 txcredit=0 outq=0 inq=3 watchdog=29 txseq=83 rxseq=d7
[ 215.277] [epochs] local=1 peer=1 ready=true discarded_rx=0
[ 215.279]   [header-byte] write $ffa517 = 14 mask=00ff (pc=018446)
[ 215.781]   [header-byte] write $ffa517 = 14 mask=00ff (pc=018446)
[ 216.278] heartbeat frame=12960 tx=8815 rx=9371 fc=1 fd=10 fe=1 linkflag=82 pc=000288 a502=00 a524=0000 a525=00 a170=e2 a17f=00 txtail=006f rxpend=0000
[ 216.278] [transport] captured=8815 flushed=8815 injected=9371 accepted=0 payload2=0 payload3=0 payload4=0 payload5=0 pump_reads=12933 bursts=1669 txcredit=0 outq=0 inq=3 watchdog=29 txseq=85 rxseq=d9
[ 216.278] [epochs] local=1 peer=1 ready=true discarded_rx=0
[ 216.281]   [header-byte] write $ffa517 = 14 mask=00ff (pc=018446)
[ 216.781]   [header-byte] write $ffa517 = 14 mask=00ff (pc=018446)
[ 217.280] heartbeat frame=13020 tx=8821 rx=9377 fc=1 fd=10 fe=1 linkflag=82 pc=000288 a502=00 a524=0000 a525=00 a170=e2 a17f=00 txtail=0075 rxpend=0000
[ 217.280] [transport] captured=8821 flushed=8821 injected=9377 accepted=0 payload2=0 payload3=0 payload4=0 payload5=0 pump_reads=12993 bursts=1671 txcredit=0 outq=0 inq=3 watchdog=29 txseq=87 rxseq=db
[ 217.280] [epochs] local=1 peer=1 ready=true discarded_rx=0
[ 217.282]   [header-byte] write $ffa517 = 14 mask=00ff (pc=018446)
[ 217.783]   [header-byte] write $ffa517 = 14 mask=00ff (pc=018446)
[ 218.281] heartbeat frame=13080 tx=8827 rx=9383 fc=1 fd=10 fe=1 linkflag=82 pc=000288 a502=00 a524=0000 a525=00 a170=e2 a17f=00 txtail=007b rxpend=0000
[ 218.281] [transport] captured=8827 flushed=8827 injected=9383 accepted=0 payload2=0 payload3=0 payload4=0 payload5=0 pump_reads=13053 bursts=1673 txcredit=0 outq=0 inq=3 watchdog=29 txseq=89 rxseq=dd
[ 218.281] [epochs] local=1 peer=1 ready=true discarded_rx=0
[ 218.283]   [header-byte] write $ffa517 = 14 mask=00ff (pc=018446)
[ 218.784]   [header-byte] write $ffa517 = 14 mask=00ff (pc=018446)
[ 219.282] heartbeat frame=13140 tx=8833 rx=9389 fc=1 fd=10 fe=1 linkflag=82 pc=000288 a502=00 a524=0000 a525=00 a170=e2 a17f=00 txtail=0081 rxpend=0000
[ 219.282] [transport] captured=8833 flushed=8833 injected=9389 accepted=0 payload2=0 payload3=0 payload4=0 payload5=0 pump_reads=13113 bursts=1675 txcredit=0 outq=0 inq=3 watchdog=29 txseq=8b rxseq=df
[ 219.282] [epochs] local=1 peer=1 ready=true discarded_rx=0
[ 219.285]   [header-byte] write $ffa517 = 14 mask=00ff (pc=018446)
[ 219.785]   [header-byte] write $ffa517 = 14 mask=00ff (pc=018446)
[ 220.284] heartbeat frame=13200 tx=8839 rx=9395 fc=1 fd=10 fe=1 linkflag=82 pc=00028a a502=00 a524=0000 a525=00 a170=e2 a17f=00 txtail=0087 rxpend=0000
[ 220.284] [transport] captured=8839 flushed=8839 injected=9395 accepted=0 payload2=0 payload3=0 payload4=0 payload5=0 pump_reads=13173 bursts=1677 txcredit=0 outq=0 inq=3 watchdog=29 txseq=8d rxseq=e1
[ 220.284] [epochs] local=1 peer=1 ready=true discarded_rx=0
[ 220.286]   [header-byte] write $ffa517 = 14 mask=00ff (pc=018446)
[ 221.285] heartbeat frame=13260 tx=8845 rx=9398 fc=1 fd=10 fe=1 linkflag=82 pc=00028a a502=00 a524=0000 a525=00 a170=e2 a17f=00 txtail=008d rxpend=0000
[ 221.285] [transport] captured=8845 flushed=8845 injected=9398 accepted=0 payload2=0 payload3=0 payload4=0 payload5=0 pump_reads=13233 bursts=1679 txcredit=0 outq=0 inq=0 watchdog=59 txseq=8f rxseq=e2
[ 221.285] [epochs] local=1 peer=1 ready=true discarded_rx=0
[ 221.352] === session stop ===
