[   0.000] === session start, version=0.6.0 side=A ===
[   0.000] taps installed; out=C:\Users\tbend\mame\PuyoPuyo2\run_purist_exercise_20260911_03\A_to_B.bin in=C:\Users\tbend\mame\PuyoPuyo2\run_purist_exercise_20260911_03\B_to_A.bin
[   0.000] SERVICE port fields: Service 1 | Service Mode | 1 Player Start | 2 Players Start | Coin 1 | Coin 2
[   0.017] [attack-state] address=ffa7f0 data=0000 mask=ffff pc=0181b6 protection=00
[   0.017] [attack-state] address=ffa7f4 data=0000 mask=ffff pc=0181bc protection=00
[   0.017] [attack-state] address=ffa7f8 data=0000 mask=ffff pc=0181c2 protection=00
[   0.017] [attack-state] address=ffa7fc data=0000 mask=ffff pc=0181c8 protection=00
[   0.017] [link-state] data=0000 mask=ffff pc=0181ec watchdog=343 expect=a2 rxhead=001b rxtail=001b rxpend=0000
[   0.017] [protection-state] address=ffa020 data=ff00 mask=ffff pc=000932
[   0.017]   [menu-state] write $ffa172 = 0000 mask=ffff (pc=019320)
[   0.017]   [menu-state] write $ffa170 = 0000 mask=ffff (pc=019320)
[   0.017]   [menu-state] write $ffa17c = 0000 mask=ff00 (pc=019326)
[   0.017]   [menu-state] write $ffa17f = 0000 mask=00ff (pc=01932c)
[   0.017]   [menu-state] write $ffa176 = 0000 mask=ff00 (pc=01afde)
[   0.017]   [header-byte] write $ffa513 = 00 mask=00ff (pc=01afe6)
[   0.017] [protection-checksum] data=0000 mask=ff00 pc=00040e
[   0.017] [protection-checksum] data=0000 mask=00ff pc=000414
[   0.018] [protection-state] address=ffa020 data=0000 mask=ff00 pc=000948
[   0.027]   [menu-state] write $ffa170 = 0000 mask=ff00 (pc=018062)
[   0.027]   [menu-state] write $ffa176 = 0000 mask=ff00 (pc=01afde)
[   0.027]   [header-byte] write $ffa513 = 00 mask=00ff (pc=01afe6)
[   0.162] CONTROL reset pulse start (pc=01823e, prev_bank=cmd)
[   0.162] [reset] discarded tx=0 rx=0
[   0.162] [epoch-reset] local=1 peer=0 queued_rx=0
[   0.418] [link-state] data=7f7f mask=ff00 pc=018334 watchdog=343 expect=a2 rxhead=0000 rxtail=0000 rxpend=0000
[   1.001] heartbeat frame=60 tx=0 rx=0 fc=1 fd=10 fe=0 linkflag=7f pc=000288 a502=80 a524=0000 a525=00 a170=00 a17f=00 txtail=0000 rxpend=0000
[   1.001] [transport] captured=0 flushed=0 received=0 accepted=0 payload2=0 payload3=0 payload4=0 payload5=0 pump_reads=0 bursts=0 txcredit=255 outq=0 inq=0 watchdog=343 txseq=56 rxseq=a2 rxcredit=0 protection=00 checks=0000
[   1.001] [epochs] local=1 peer=0 ready=false discarded_rx=0
[   1.001] [game-state] a142=04 a13e=00 a13f=00 a530=4323 a506=00 a507=00 a508=01 a7b0=0000 a7a6=0000 script=019f80
[   1.001] [tcb-continuations] ffa580=ff80->01833a sleep=0 local26=7710 ffa5c0=0000->000000 sleep=0 local26=0000 ffd100=ff80->01b388 sleep=129 local26=0000
[   1.018] [protection-state] address=ffa020 data=0101 mask=ff00 pc=000948
[   1.018] [protection-state] address=ffa020 data=0101 mask=00ff pc=000952
[   1.035] [protection-state] address=ffa020 data=0000 mask=00ff pc=000952
[   1.068] [protection-state] address=ffa020 data=0000 mask=ff00 pc=000948
[   1.268] [protection-state] address=ffa020 data=0101 mask=ff00 pc=000948
[   1.268] [protection-state] address=ffa020 data=0101 mask=00ff pc=000952
[   1.285] [protection-state] address=ffa020 data=0000 mask=00ff pc=000952
[   1.318] [protection-state] address=ffa020 data=0000 mask=ff00 pc=000948
[   1.519] [protection-state] address=ffa020 data=0101 mask=ff00 pc=000948
[   1.519] [protection-state] address=ffa020 data=0101 mask=00ff pc=000952
[   1.535] [protection-state] address=ffa020 data=0000 mask=00ff pc=000952
[   1.569] [protection-state] address=ffa020 data=0000 mask=ff00 pc=000948
[   1.769] [protection-state] address=ffa020 data=0101 mask=ff00 pc=000948
[   1.769] [protection-state] address=ffa020 data=0101 mask=00ff pc=000952
[   1.786] [protection-state] address=ffa020 data=0000 mask=00ff pc=000952
[   1.819] [protection-state] address=ffa020 data=0000 mask=ff00 pc=000948
[   2.003] heartbeat frame=120 tx=0 rx=0 fc=1 fd=10 fe=0 linkflag=7f pc=000288 a502=80 a524=0000 a525=00 a170=00 a17f=00 txtail=0000 rxpend=0000
[   2.003] [transport] captured=0 flushed=0 received=0 accepted=0 payload2=0 payload3=0 payload4=0 payload5=0 pump_reads=0 bursts=0 txcredit=255 outq=0 inq=0 watchdog=343 txseq=56 rxseq=a2 rxcredit=0 protection=00 checks=0000
[   2.003] [epochs] local=1 peer=0 ready=false discarded_rx=0
[   2.003] [tcb-continuations] ffa580=ff80->01833a sleep=0 local26=7710 ffa5c0=0000->000000 sleep=0 local26=0000 ffd100=ff80->01b388 sleep=69 local26=0000
[   2.520] [protection-state] address=ffa020 data=1010 mask=ff00 pc=000948
[   2.520] [protection-state] address=ffa020 data=1010 mask=00ff pc=000952
[   2.537] [protection-state] address=ffa020 data=0000 mask=00ff pc=000952
[   2.570] [protection-state] address=ffa020 data=0000 mask=ff00 pc=000948
[   3.004] heartbeat frame=180 tx=0 rx=0 fc=1 fd=10 fe=0 linkflag=7f pc=000288 a502=80 a524=0000 a525=00 a170=00 a17f=00 txtail=0000 rxpend=0000
[   3.004] [transport] captured=0 flushed=0 received=0 accepted=0 payload2=0 payload3=0 payload4=0 payload5=0 pump_reads=0 bursts=0 txcredit=255 outq=0 inq=0 watchdog=343 txseq=56 rxseq=a2 rxcredit=0 protection=00 checks=0000
[   3.004] [epochs] local=1 peer=0 ready=false discarded_rx=0
[   3.004] [tcb-continuations] ffa580=ff80->01833a sleep=0 local26=7710 ffa5c0=0000->000000 sleep=0 local26=0000 ffd100=ff80->01b388 sleep=9 local26=0000
[   3.262]   [menu-state] write $ffa170 = 0909 mask=ff00 (pc=018062)
[   3.262]   [menu-state] write $ffa176 = 0000 mask=ff00 (pc=01afde)
[   3.262]   [header-byte] write $ffa513 = 00 mask=00ff (pc=01afe6)
[   3.262]   [header-byte] write $ffa513 = 01 mask=00ff (pc=01b034)
[   3.294] [protection-checksum] data=0101 mask=00ff pc=01b0bc
[   3.294] [protection-checksum] data=0000 mask=00ff pc=01b11a
[   3.521] [protection-state] address=ffa020 data=1010 mask=ff00 pc=000948
[   3.521] [protection-state] address=ffa020 data=1010 mask=00ff pc=000952
[   3.538] [protection-state] address=ffa020 data=0000 mask=00ff pc=000952
[   3.572] [protection-state] address=ffa020 data=0000 mask=ff00 pc=000948
[   4.005] heartbeat frame=240 tx=0 rx=0 fc=1 fd=10 fe=0 linkflag=7f pc=000288 a502=80 a524=0000 a525=00 a170=09 a17f=00 txtail=0000 rxpend=0000
[   4.005] [transport] captured=0 flushed=0 received=0 accepted=0 payload2=0 payload3=0 payload4=0 payload5=0 pump_reads=0 bursts=0 txcredit=255 outq=0 inq=0 watchdog=343 txseq=56 rxseq=a2 rxcredit=0 protection=00 checks=0000
[   4.005] [epochs] local=1 peer=0 ready=false discarded_rx=0
[   4.005] [game-state] a142=04 a13e=00 a13f=00 a530=4323 a506=00 a507=00 a508=01 a7b0=0000 a7a6=0000 script=01a008
[   4.005] [tcb-continuations] ffa580=ff80->01833a sleep=0 local26=7710 ffa5c0=0000->000000 sleep=0 local26=0000 ffd100=ff80->01b4ee sleep=0 local26=0000
[   4.120]   [menu-state] write $ffa172 = 0101 mask=ff00 (pc=01b08e)
[   4.120]   [menu-state] write $ffa170 = 0808 mask=ff00 (pc=018062)
[   4.120]   [menu-state] write $ffa176 = 0000 mask=ff00 (pc=01afde)
[   4.120]   [header-byte] write $ffa513 = 00 mask=00ff (pc=01afe6)
[   4.120]   [header-byte] write $ffa513 = 01 mask=00ff (pc=01b034)
[   4.120] [game-command] data=0303 mask=ff00 pc=0188d8 requests=80
[   4.148]   [header-byte] write $ffa513 = 03 mask=00ff (pc=0189b4)
[   4.148]   [menu-state] write $ffa17f = 0000 mask=00ff (pc=0189c2)
[   4.198]   [menu-state] write $ffa172 = 0000 mask=ff00 (pc=01936a)
[   4.198]   [menu-state] write $ffa171 = 8080 mask=00ff (pc=019372)
[   4.422] [peer-reset] old=0 new=1 local=1 queued_rx=0
[   4.523] [protection-state] address=ffa020 data=2020 mask=ff00 pc=000948
[   4.523] [protection-state] address=ffa020 data=2020 mask=00ff pc=000952
[   4.539] [protection-state] address=ffa020 data=0000 mask=00ff pc=000952
[   4.573] [protection-state] address=ffa020 data=0000 mask=ff00 pc=000948
[   4.768] [epoch-ready] local=1 peer=1
[   4.768] CMD $FE -> cabinet role=1 (ROM linkflag=81)
[   4.768] [link-state] data=8181 mask=ff00 pc=018358 watchdog=343 expect=a2 rxhead=0000 rxtail=0000 rxpend=0000
[   4.768]   [header-byte] write $ffa513 = 02 mask=00ff (pc=01afe6)
[   4.768]   [header-byte] write $ffa513 = 12 mask=00ff (pc=01affe)
[   4.768]   [header-byte] write $ffa513 = 13 mask=00ff (pc=01b034)
[   4.774]   [menu-state] write $ffa173 = 8080 mask=00ff (pc=01939c)
[   4.774]   [header-byte] write $ffa517 = 00 mask=00ff (pc=018446)
[   4.774] [packet-accepted] total=1 seq=00 flags=00 status=00 pc=01845e
[   4.774]   [header-byte] write $ffa517 = 10 mask=00ff (pc=018446)
[   4.774] [packet-accepted] total=2 seq=01 flags=00 status=10 pc=01845e
[   4.774]   [header-byte] write $ffa517 = 00 mask=00ff (pc=018446)
[   4.774] [packet-accepted] total=3 seq=02 flags=00 status=00 pc=01845e
[   4.865]   [header-byte] write $ffa517 = 10 mask=00ff (pc=018446)
[   4.865] [packet-accepted] total=4 seq=03 flags=00 status=10 pc=01845e
[   5.006] heartbeat frame=300 tx=3 rx=12 fc=1 fd=10 fe=1 linkflag=81 pc=00028a a502=00 a524=0000 a525=00 a170=08 a17f=00 txtail=0003 rxpend=0000
[   5.006] [transport] captured=3 flushed=3 received=12 accepted=4 payload2=0 payload3=0 payload4=0 payload5=0 pump_reads=16 bursts=1 txcredit=0 outq=0 inq=0 watchdog=8 txseq=01 rxseq=04 rxcredit=0 protection=00 checks=0000
[   5.006] [epochs] local=1 peer=1 ready=true discarded_rx=0
[   5.006] [game-state] a142=04 a13e=01 a13f=01 a530=0323 a506=03 a507=00 a508=00 a7b0=0000 a7a6=0000 script=01a3ee
[   5.006] [tcb-continuations] ffa580=ff80->018392 sleep=0 local26=7710 ffa5c0=ff80->01853c sleep=0 local26=0e00 ffd040=ff80->018a40 sleep=0 local26=0100 ffd080=ff80->01fe6e sleep=0 local26=0000 ffd0c0=ff80->018ee4 sleep=0 local26=0000 ffd100=ff80->01fbb4 sleep=0 local26=0000 ffd140=ff80->01fbb6 sleep=0 local26=0002 ffd180=ff80->01fbb6 sleep=0 local26=00a2 ffd1c0=ff80->01fbb6 sleep=0 local26=01c2 ffd200=ff80->01fbb6 sleep=0 local26=02e2 ffd240=ff80->01902e sleep=0 local26=0000 ffd280=ff80->01ffe2 sleep=0 local26=0000 ffd2c0=ff80->020004 sleep=0 local26=0002 ffd300=ff80->020004 sleep=0 local26=0000 ffd340=ff80->01febe sleep=0 local26=0000 ffd380=ff80->01fedc sleep=0 local26=0000
[   5.359]   [header-byte] write $ffa517 = 10 mask=00ff (pc=018446)
[   5.524] [protection-state] address=ffa020 data=2020 mask=ff00 pc=000948
[   5.524] [protection-state] address=ffa020 data=2020 mask=00ff pc=000952
[   5.541] [protection-state] address=ffa020 data=0000 mask=00ff pc=000952
[   5.574] [protection-state] address=ffa020 data=0000 mask=ff00 pc=000948
[   5.860]   [header-byte] write $ffa517 = 10 mask=00ff (pc=018446)
[   6.008] heartbeat frame=360 tx=9 rx=18 fc=1 fd=10 fe=1 linkflag=81 pc=000288 a502=00 a524=0000 a525=00 a170=08 a17f=00 txtail=0009 rxpend=0000
[   6.008] [transport] captured=9 flushed=9 received=18 accepted=6 payload2=0 payload3=0 payload4=0 payload5=0 pump_reads=78 bursts=3 txcredit=0 outq=0 inq=0 watchdog=8 txseq=03 rxseq=06 rxcredit=0 protection=00 checks=0000
[   6.008] [epochs] local=1 peer=1 ready=true discarded_rx=0
[   6.008] [game-state] a142=04 a13e=02 a13f=03 a530=0323 a506=03 a507=00 a508=00 a7b0=0000 a7a6=0000 script=01a3ee
[   6.008] [tcb-continuations] ffa580=ff80->018392 sleep=0 local26=7710 ffa5c0=ff80->01853c sleep=0 local26=0e00 ffd040=ff80->018a40 sleep=0 local26=0100 ffd100=ff80->01fbb4 sleep=0 local26=0000 ffd140=ff80->01fbb6 sleep=0 local26=0002 ffd180=ff80->01fbb6 sleep=0 local26=00a2 ffd1c0=ff80->01fbb6 sleep=0 local26=01c2 ffd200=ff80->01fbb6 sleep=0 local26=02e2 ffd240=ff80->01902e sleep=0 local26=0000 ffd280=ff80->01ffe2 sleep=0 local26=0009 ffd2c0=ff80->020004 sleep=0 local26=0002 ffd300=ff80->020004 sleep=0 local26=0000
[   6.361]   [header-byte] write $ffa517 = 10 mask=00ff (pc=018446)
[   6.861]   [header-byte] write $ffa517 = 10 mask=00ff (pc=018446)
[   7.009] heartbeat frame=420 tx=15 rx=24 fc=1 fd=10 fe=1 linkflag=81 pc=000288 a502=00 a524=0000 a525=00 a170=08 a17f=00 txtail=000f rxpend=0000
[   7.009] [transport] captured=15 flushed=15 received=24 accepted=8 payload2=0 payload3=0 payload4=0 payload5=0 pump_reads=140 bursts=5 txcredit=0 outq=0 inq=0 watchdog=8 txseq=05 rxseq=08 rxcredit=0 protection=00 checks=0000
[   7.009] [epochs] local=1 peer=1 ready=true discarded_rx=0
[   7.009] [tcb-continuations] ffa580=ff80->018392 sleep=0 local26=7710 ffa5c0=ff80->01853c sleep=0 local26=0e00 ffd040=ff80->018a40 sleep=0 local26=0100 ffd100=ff80->01fbb4 sleep=0 local26=0000 ffd140=ff80->01fbb6 sleep=0 local26=0002 ffd180=ff80->01fbb6 sleep=0 local26=00a2 ffd1c0=ff80->01fbb6 sleep=0 local26=01c2 ffd200=ff80->01fbb6 sleep=0 local26=02e2 ffd240=ff80->01902e sleep=0 local26=0000 ffd280=ff80->01ffe2 sleep=0 local26=0008 ffd2c0=ff80->020004 sleep=0 local26=0002 ffd300=ff80->020004 sleep=0 local26=0000
[   7.362]   [header-byte] write $ffa517 = 10 mask=00ff (pc=018446)
[   7.612]   [header-byte] write $ffa517 = 11 mask=00ff (pc=018446)
[   7.812]   [header-byte] write $ffa517 = 13 mask=00ff (pc=018446)
[   7.812] [game-command] data=3333 mask=ff00 pc=018ae0 requests=00
[   8.010] heartbeat frame=480 tx=76 rx=33 fc=1 fd=10 fe=1 linkflag=81 pc=00028a a502=00 a524=0005 a525=05 a170=08 a17f=00 txtail=004c rxpend=0000
[   8.010] [transport] captured=76 flushed=76 received=33 accepted=11 payload2=0 payload3=0 payload4=0 payload5=0 pump_reads=203 bursts=18 txcredit=0 outq=0 inq=0 watchdog=11 txseq=13 rxseq=0b rxcredit=0 protection=00 checks=0000
[   8.010] [epochs] local=1 peer=1 ready=true discarded_rx=0
[   8.010] [game-state] a142=04 a13e=02 a13f=03 a530=3323 a506=03 a507=00 a508=00 a7b0=0000 a7a6=0000 script=01a3ee
[   8.010] [tcb-continuations] ffa580=ff80->018392 sleep=0 local26=7710 ffa5c0=ff80->01853c sleep=0 local26=0000 ffd040=ff80->018a40 sleep=0 local26=8300 ffd100=ff80->01fbb4 sleep=0 local26=0000 ffd140=ff80->01fbb6 sleep=0 local26=0002 ffd180=ff80->01fbb6 sleep=0 local26=00a2 ffd1c0=ff80->01fbb6 sleep=0 local26=01c2 ffd200=ff80->01fbb6 sleep=0 local26=02e2 ffd240=ff80->01902e sleep=0 local26=0000 ffd280=ff80->01ffe2 sleep=0 local26=0009 ffd2c0=ff80->020004 sleep=0 local26=0002 ffd300=ff80->020004 sleep=0 local26=0000
[   8.498]   [header-byte] write $ffa517 = 13 mask=00ff (pc=018446)
[   8.498] [packet-accepted] total=12 seq=0b flags=04 status=13 pc=01845e command=03 arg=23
[   8.513]   [header-byte] write $ffa517 = 13 mask=00ff (pc=018446)
[   8.513] [packet-accepted] total=13 seq=0c flags=04 status=13 pc=01845e command=03 arg=23
[   8.530]   [header-byte] write $ffa517 = 13 mask=00ff (pc=018446)
[   8.530] [packet-accepted] total=14 seq=0d flags=04 status=13 pc=01845e command=03 arg=23
[   8.547]   [header-byte] write $ffa517 = 13 mask=00ff (pc=018446)
[   8.547] [packet-accepted] total=15 seq=0e flags=04 status=13 pc=01845e command=03 arg=23
[   8.563]   [header-byte] write $ffa517 = 13 mask=00ff (pc=018446)
[   8.563] [packet-accepted] total=16 seq=0f flags=04 status=13 pc=01845e command=03 arg=23
[   8.580]   [header-byte] write $ffa517 = 13 mask=00ff (pc=018446)
[   8.580] [packet-accepted] total=17 seq=10 flags=04 status=13 pc=01845e command=03 arg=23
[   8.597]   [header-byte] write $ffa517 = 13 mask=00ff (pc=018446)
[   8.597] [packet-accepted] total=18 seq=11 flags=04 status=13 pc=01845e command=03 arg=23
[   8.613]   [header-byte] write $ffa517 = 13 mask=00ff (pc=018446)
[   8.613] [packet-accepted] total=19 seq=12 flags=04 status=13 pc=01845e command=03 arg=23
[   8.630]   [header-byte] write $ffa517 = 13 mask=00ff (pc=018446)
[   8.630] [packet-accepted] total=20 seq=13 flags=04 status=13 pc=01845e command=03 arg=23
[   8.649]   [header-byte] write $ffa517 = 13 mask=00ff (pc=018446)
[   8.649] [packet-accepted] total=21 seq=14 flags=04 status=13 pc=01845e command=03 arg=23
[   8.664]   [header-byte] write $ffa517 = 13 mask=00ff (pc=018446)
[   8.664] [packet-accepted] total=22 seq=15 flags=04 status=13 pc=01845e command=03 arg=23
[   8.680]   [header-byte] write $ffa517 = 13 mask=00ff (pc=018446)
[   8.680] [packet-accepted] total=23 seq=16 flags=04 status=13 pc=01845e command=03 arg=23
[   8.697]   [header-byte] write $ffa517 = 13 mask=00ff (pc=018446)
[   8.697] [packet-accepted] total=24 seq=17 flags=04 status=13 pc=01845e command=03 arg=23
[   8.714]   [header-byte] write $ffa517 = 13 mask=00ff (pc=018446)
[   8.714] [packet-accepted] total=25 seq=18 flags=04 status=13 pc=01845e command=03 arg=23
[   8.730]   [header-byte] write $ffa517 = 13 mask=00ff (pc=018446)
[   8.730] [packet-accepted] total=26 seq=19 flags=04 status=13 pc=01845e command=03 arg=23
[   8.747]   [header-byte] write $ffa517 = 13 mask=00ff (pc=018446)
[   8.747] [packet-accepted] total=27 seq=1a flags=04 status=13 pc=01845e command=03 arg=23
[   8.764]   [header-byte] write $ffa517 = 13 mask=00ff (pc=018446)
[   8.764] [packet-accepted] total=28 seq=1b flags=04 status=13 pc=01845e command=03 arg=23
[   8.780]   [header-byte] write $ffa517 = 13 mask=00ff (pc=018446)
[   8.780] [packet-accepted] total=29 seq=1c flags=04 status=13 pc=01845e command=03 arg=23
[   8.797]   [header-byte] write $ffa517 = 13 mask=00ff (pc=018446)
[   8.797] [packet-accepted] total=30 seq=1d flags=04 status=13 pc=01845e command=03 arg=23
[   8.814]   [header-byte] write $ffa517 = 13 mask=00ff (pc=018446)
[   8.814] [packet-accepted] total=31 seq=1e flags=04 status=13 pc=01845e command=03 arg=23
[   8.831]   [header-byte] write $ffa517 = 13 mask=00ff (pc=018446)
[   8.831] [packet-accepted] total=32 seq=1f flags=04 status=13 pc=01845e command=03 arg=23
[   8.847]   [header-byte] write $ffa517 = 13 mask=00ff (pc=018446)
[   8.847] [packet-accepted] total=33 seq=20 flags=04 status=13 pc=01845e command=03 arg=23
[   8.864]   [header-byte] write $ffa517 = 13 mask=00ff (pc=018446)
[   8.864] [packet-accepted] total=34 seq=21 flags=04 status=13 pc=01845e command=03 arg=23
[   8.881]   [header-byte] write $ffa517 = 13 mask=00ff (pc=018446)
[   8.881] [packet-accepted] total=35 seq=22 flags=04 status=13 pc=01845e command=03 arg=23
[   8.897]   [header-byte] write $ffa517 = 13 mask=00ff (pc=018446)
[   8.897] [packet-accepted] total=36 seq=23 flags=04 status=13 pc=01845e command=03 arg=23
[   8.914]   [header-byte] write $ffa517 = 13 mask=00ff (pc=018446)
[   8.914] [packet-accepted] total=37 seq=24 flags=04 status=13 pc=01845e command=03 arg=23
[   8.931]   [header-byte] write $ffa517 = 13 mask=00ff (pc=018446)
[   8.931] [packet-accepted] total=38 seq=25 flags=04 status=13 pc=01845e command=03 arg=23
[   8.947]   [header-byte] write $ffa517 = 13 mask=00ff (pc=018446)
[   8.947] [packet-accepted] total=39 seq=26 flags=04 status=13 pc=01845e command=03 arg=23
[   8.966]   [header-byte] write $ffa517 = 13 mask=00ff (pc=018446)
[   8.966] [packet-accepted] total=40 seq=27 flags=04 status=13 pc=01845e command=03 arg=23
[   8.981]   [header-byte] write $ffa517 = 13 mask=00ff (pc=018446)
[   8.981] [packet-accepted] total=41 seq=28 flags=04 status=13 pc=01845e command=03 arg=23
[   8.997]   [header-byte] write $ffa517 = 13 mask=00ff (pc=018446)
[   8.997] [packet-accepted] total=42 seq=29 flags=04 status=13 pc=01845e command=03 arg=23
[   9.012] heartbeat frame=540 tx=376 rx=188 fc=1 fd=10 fe=1 linkflag=81 pc=000288 a502=00 a524=0005 a525=05 a170=08 a17f=00 txtail=0078 rxpend=0000
[   9.012] [transport] captured=376 flushed=376 received=188 accepted=42 payload2=31 payload3=0 payload4=0 payload5=0 pump_reads=294 bursts=78 txcredit=0 outq=0 inq=0 watchdog=0 txseq=4f rxseq=2a rxcredit=5 protection=00 checks=0000
[   9.012] [epochs] local=1 peer=1 ready=true discarded_rx=0
[   9.012] [game-state] a142=04 a13e=02 a13f=03 a530=3323 a506=03 a507=00 a508=00 a7b0=0000 a7a6=0323 script=01a3ee
[   9.012] [tcb-continuations] ffa580=ff80->018392 sleep=0 local26=7710 ffa5c0=ff80->01853c sleep=0 local26=0000 ffd040=ff80->018a40 sleep=0 local26=8300 ffd100=ff80->01fbb4 sleep=0 local26=0000 ffd140=ff80->01fbb6 sleep=0 local26=0002 ffd180=ff80->01fbb6 sleep=0 local26=00a2 ffd1c0=ff80->01fbb6 sleep=0 local26=01c2 ffd200=ff80->01fbb6 sleep=0 local26=02e2 ffd240=ff80->01902e sleep=0 local26=0000 ffd280=ff80->01ffe2 sleep=0 local26=0008 ffd2c0=ff80->020004 sleep=0 local26=0002 ffd300=ff80->020004 sleep=0 local26=0000
[   9.014]   [header-byte] write $ffa517 = 13 mask=00ff (pc=018446)
[   9.014] [packet-accepted] total=43 seq=2a flags=04 status=13 pc=01845e command=03 arg=23
[   9.031]   [header-byte] write $ffa517 = 13 mask=00ff (pc=018446)
[   9.031] [packet-accepted] total=44 seq=2b flags=04 status=13 pc=01845e command=03 arg=23
[   9.049]   [header-byte] write $ffa517 = 13 mask=00ff (pc=018446)
[   9.049] [packet-accepted] total=45 seq=2c flags=04 status=13 pc=01845e command=03 arg=23
[   9.064]   [header-byte] write $ffa517 = 13 mask=00ff (pc=018446)
[   9.064] [packet-accepted] total=46 seq=2d flags=04 status=13 pc=01845e command=03 arg=23
[   9.081]   [header-byte] write $ffa517 = 13 mask=00ff (pc=018446)
[   9.081] [packet-accepted] total=47 seq=2e flags=04 status=13 pc=01845e command=03 arg=23
[   9.097]   [header-byte] write $ffa517 = 13 mask=00ff (pc=018446)
[   9.097] [packet-accepted] total=48 seq=2f flags=04 status=13 pc=01845e command=03 arg=23
[   9.114]   [header-byte] write $ffa517 = 13 mask=00ff (pc=018446)
[   9.114] [packet-accepted] total=49 seq=30 flags=04 status=13 pc=01845e command=03 arg=23
[   9.134]   [header-byte] write $ffa517 = 13 mask=00ff (pc=018446)
[   9.134] [packet-accepted] total=50 seq=31 flags=04 status=13 pc=01845e command=03 arg=23
[   9.148]   [header-byte] write $ffa517 = 13 mask=00ff (pc=018446)
[   9.148] [packet-accepted] total=51 seq=32 flags=04 status=13 pc=01845e command=03 arg=23
[   9.164]   [header-byte] write $ffa517 = 13 mask=00ff (pc=018446)
[   9.164] [packet-accepted] total=52 seq=33 flags=04 status=13 pc=01845e command=03 arg=23
[   9.181]   [header-byte] write $ffa517 = 13 mask=00ff (pc=018446)
[   9.181] [packet-accepted] total=53 seq=34 flags=04 status=13 pc=01845e command=03 arg=23
[   9.198]   [header-byte] write $ffa517 = 13 mask=00ff (pc=018446)
[   9.198] [packet-accepted] total=54 seq=35 flags=04 status=13 pc=01845e command=03 arg=23
[   9.214]   [header-byte] write $ffa517 = 13 mask=00ff (pc=018446)
[   9.214] [packet-accepted] total=55 seq=36 flags=04 status=13 pc=01845e command=03 arg=23
[   9.231]   [header-byte] write $ffa517 = 13 mask=00ff (pc=018446)
[   9.231] [packet-accepted] total=56 seq=37 flags=04 status=13 pc=01845e command=03 arg=23
[   9.248]   [header-byte] write $ffa517 = 13 mask=00ff (pc=018446)
[   9.248] [packet-accepted] total=57 seq=38 flags=04 status=13 pc=01845e command=03 arg=23
[   9.264]   [header-byte] write $ffa517 = 13 mask=00ff (pc=018446)
[   9.264] [packet-accepted] total=58 seq=39 flags=04 status=13 pc=01845e command=03 arg=23
[   9.281]   [header-byte] write $ffa517 = 13 mask=00ff (pc=018446)
[   9.281] [packet-accepted] total=59 seq=3a flags=04 status=13 pc=01845e command=03 arg=23
[   9.298]   [header-byte] write $ffa517 = 13 mask=00ff (pc=018446)
[   9.298] [packet-accepted] total=60 seq=3b flags=04 status=13 pc=01845e command=03 arg=23
[   9.315]   [header-byte] write $ffa517 = 13 mask=00ff (pc=018446)
[   9.315] [packet-accepted] total=61 seq=3c flags=04 status=13 pc=01845e command=03 arg=23
[   9.331]   [header-byte] write $ffa517 = 13 mask=00ff (pc=018446)
[   9.331] [packet-accepted] total=62 seq=3d flags=04 status=13 pc=01845e command=03 arg=23
[   9.348]   [header-byte] write $ffa517 = 13 mask=00ff (pc=018446)
[   9.348] [packet-accepted] total=63 seq=3e flags=04 status=13 pc=01845e command=03 arg=23
[   9.365]   [header-byte] write $ffa517 = 13 mask=00ff (pc=018446)
[   9.365] [packet-accepted] total=64 seq=3f flags=04 status=13 pc=01845e command=03 arg=23
[   9.381]   [header-byte] write $ffa517 = 13 mask=00ff (pc=018446)
[   9.381] [packet-accepted] total=65 seq=40 flags=04 status=13 pc=01845e command=03 arg=23
[   9.398]   [header-byte] write $ffa517 = 13 mask=00ff (pc=018446)
[   9.398] [packet-accepted] total=66 seq=41 flags=04 status=13 pc=01845e command=03 arg=23
[   9.415]   [header-byte] write $ffa517 = 13 mask=00ff (pc=018446)
[   9.415] [packet-accepted] total=67 seq=42 flags=04 status=13 pc=01845e command=03 arg=23
[   9.433]   [header-byte] write $ffa517 = 13 mask=00ff (pc=018446)
[   9.433] [packet-accepted] total=68 seq=43 flags=04 status=13 pc=01845e command=03 arg=23
[   9.448]   [header-byte] write $ffa517 = 13 mask=00ff (pc=018446)
[   9.448] [packet-accepted] total=69 seq=44 flags=04 status=13 pc=01845e command=03 arg=23
[   9.465]   [header-byte] write $ffa517 = 13 mask=00ff (pc=018446)
[   9.465] [packet-accepted] total=70 seq=45 flags=04 status=13 pc=01845e command=03 arg=23
[   9.481]   [header-byte] write $ffa517 = 13 mask=00ff (pc=018446)
[   9.481] [packet-accepted] total=71 seq=46 flags=04 status=13 pc=01845e command=03 arg=23
[   9.498]   [header-byte] write $ffa517 = 13 mask=00ff (pc=018446)
[   9.498] [packet-accepted] total=72 seq=47 flags=04 status=13 pc=01845e command=03 arg=23
[   9.515]   [header-byte] write $ffa517 = 13 mask=00ff (pc=018446)
[   9.515] [packet-accepted] total=73 seq=48 flags=04 status=13 pc=01845e command=03 arg=23
[   9.531]   [header-byte] write $ffa517 = 13 mask=00ff (pc=018446)
[   9.531] [packet-accepted] total=74 seq=49 flags=04 status=13 pc=01845e command=03 arg=23
[   9.548]   [header-byte] write $ffa517 = 13 mask=00ff (pc=018446)
[   9.548] [packet-accepted] total=75 seq=4a flags=04 status=13 pc=01845e command=03 arg=23
[   9.565]   [header-byte] write $ffa517 = 13 mask=00ff (pc=018446)
[   9.565] [packet-accepted] total=76 seq=4b flags=04 status=13 pc=01845e command=03 arg=23
[   9.581]   [header-byte] write $ffa517 = 13 mask=00ff (pc=018446)
[   9.581] [packet-accepted] total=77 seq=4c flags=04 status=13 pc=01845e command=03 arg=23
[   9.599]   [header-byte] write $ffa517 = 13 mask=00ff (pc=018446)
[   9.599] [packet-accepted] total=78 seq=4d flags=04 status=13 pc=01845e command=03 arg=23
[   9.615]   [header-byte] write $ffa517 = 13 mask=00ff (pc=018446)
[   9.615] [packet-accepted] total=79 seq=4e flags=04 status=13 pc=01845e command=03 arg=23
[   9.631]   [header-byte] write $ffa517 = 13 mask=00ff (pc=018446)
[   9.631] [packet-accepted] total=80 seq=4f flags=04 status=13 pc=01845e command=03 arg=23
[   9.648]   [header-byte] write $ffa517 = 13 mask=00ff (pc=018446)
[   9.648] [packet-accepted] total=81 seq=50 flags=04 status=13 pc=01845e command=03 arg=23
[   9.665]   [header-byte] write $ffa517 = 13 mask=00ff (pc=018446)
[   9.665] [packet-accepted] total=82 seq=51 flags=04 status=13 pc=01845e command=03 arg=23
[   9.681]   [header-byte] write $ffa517 = 13 mask=00ff (pc=018446)
[   9.681] [packet-accepted] total=83 seq=52 flags=04 status=13 pc=01845e command=03 arg=23
[   9.698]   [header-byte] write $ffa517 = 13 mask=00ff (pc=018446)
[   9.698] [packet-accepted] total=84 seq=53 flags=04 status=13 pc=01845e command=03 arg=23
[   9.715]   [header-byte] write $ffa517 = 13 mask=00ff (pc=018446)
[   9.715] [packet-accepted] total=85 seq=54 flags=04 status=13 pc=01845e command=03 arg=23
[   9.731]   [header-byte] write $ffa517 = 13 mask=00ff (pc=018446)
[   9.731] [packet-accepted] total=86 seq=55 flags=04 status=13 pc=01845e command=03 arg=23
[   9.748]   [header-byte] write $ffa517 = 13 mask=00ff (pc=018446)
[   9.748] [packet-accepted] total=87 seq=56 flags=04 status=13 pc=01845e command=03 arg=23
[   9.765]   [header-byte] write $ffa517 = 13 mask=00ff (pc=018446)
[   9.765] [packet-accepted] total=88 seq=57 flags=04 status=13 pc=01845e command=03 arg=23
[   9.781]   [header-byte] write $ffa517 = 13 mask=00ff (pc=018446)
[   9.781] [packet-accepted] total=89 seq=58 flags=04 status=13 pc=01845e command=03 arg=23
[   9.798]   [header-byte] write $ffa517 = 13 mask=00ff (pc=018446)
[   9.798] [packet-accepted] total=90 seq=59 flags=04 status=13 pc=01845e command=03 arg=23
[   9.815]   [header-byte] write $ffa517 = 13 mask=00ff (pc=018446)
[   9.815] [packet-accepted] total=91 seq=5a flags=04 status=13 pc=01845e command=03 arg=23
[   9.831]   [header-byte] write $ffa517 = 13 mask=00ff (pc=018446)
[   9.831] [packet-accepted] total=92 seq=5b flags=04 status=13 pc=01845e command=03 arg=23
[   9.848]   [header-byte] write $ffa517 = 13 mask=00ff (pc=018446)
[   9.848] [packet-accepted] total=93 seq=5c flags=04 status=13 pc=01845e command=03 arg=23
[   9.865]   [header-byte] write $ffa517 = 13 mask=00ff (pc=018446)
[   9.865] [packet-accepted] total=94 seq=5d flags=04 status=13 pc=01845e command=03 arg=23
[   9.882]   [header-byte] write $ffa517 = 13 mask=00ff (pc=018446)
[   9.882] [packet-accepted] total=95 seq=5e flags=04 status=13 pc=01845e command=03 arg=23
[   9.898]   [header-byte] write $ffa517 = 13 mask=00ff (pc=018446)
[   9.898] [packet-accepted] total=96 seq=5f flags=04 status=13 pc=01845e command=03 arg=23
[   9.917]   [header-byte] write $ffa517 = 13 mask=00ff (pc=018446)
[   9.917] [packet-accepted] total=97 seq=60 flags=04 status=13 pc=01845e command=03 arg=23
[   9.932]   [header-byte] write $ffa517 = 13 mask=00ff (pc=018446)
[   9.932] [packet-accepted] total=98 seq=61 flags=04 status=13 pc=01845e command=03 arg=23
[   9.949]   [header-byte] write $ffa517 = 13 mask=00ff (pc=018446)
[   9.949] [packet-accepted] total=99 seq=62 flags=04 status=13 pc=01845e command=03 arg=23
[   9.965]   [header-byte] write $ffa517 = 13 mask=00ff (pc=018446)
[   9.965] [packet-accepted] total=100 seq=63 flags=04 status=13 pc=01845e command=03 arg=23
[   9.982]   [header-byte] write $ffa517 = 13 mask=00ff (pc=018446)
[   9.982] [packet-accepted] total=101 seq=64 flags=04 status=13 pc=01845e command=03 arg=23
[   9.999]   [header-byte] write $ffa517 = 13 mask=00ff (pc=018446)
[   9.999] [packet-accepted] total=102 seq=65 flags=04 status=13 pc=01845e command=03 arg=23
[  10.013] heartbeat frame=600 tx=676 rx=488 fc=1 fd=10 fe=1 linkflag=81 pc=000288 a502=00 a524=0005 a525=05 a170=08 a17f=00 txtail=00a4 rxpend=0000
[  10.013] [transport] captured=676 flushed=676 received=488 accepted=102 payload2=91 payload3=0 payload4=0 payload5=0 pump_reads=414 bursts=138 txcredit=0 outq=0 inq=0 watchdog=0 txseq=8b rxseq=66 rxcredit=5 protection=00 checks=0000
[  10.013] [epochs] local=1 peer=1 ready=true discarded_rx=0
[  10.013] [tcb-continuations] ffa580=ff80->018392 sleep=0 local26=7710 ffa5c0=ff80->01853c sleep=0 local26=0000 ffd040=ff80->018a40 sleep=0 local26=8300 ffd100=ff80->01fbb4 sleep=0 local26=0000 ffd140=ff80->01fbb6 sleep=0 local26=0002 ffd180=ff80->01fbb6 sleep=0 local26=00a2 ffd1c0=ff80->01fbb6 sleep=0 local26=01c2 ffd200=ff80->01fbb6 sleep=0 local26=02e2 ffd240=ff80->01902e sleep=0 local26=0000 ffd280=ff80->01ffe2 sleep=0 local26=0007 ffd2c0=ff80->020004 sleep=0 local26=0002 ffd300=ff80->020004 sleep=0 local26=0000
[  10.015]   [header-byte] write $ffa517 = 13 mask=00ff (pc=018446)
[  10.015] [packet-accepted] total=103 seq=66 flags=04 status=13 pc=01845e command=03 arg=23
[  10.032]   [header-byte] write $ffa517 = 13 mask=00ff (pc=018446)
[  10.032] [packet-accepted] total=104 seq=67 flags=04 status=13 pc=01845e command=03 arg=23
[  10.049]   [header-byte] write $ffa517 = 13 mask=00ff (pc=018446)
[  10.049] [packet-accepted] total=105 seq=68 flags=04 status=13 pc=01845e command=03 arg=23
[  10.067]   [header-byte] write $ffa517 = 13 mask=00ff (pc=018446)
[  10.067] [packet-accepted] total=106 seq=69 flags=04 status=13 pc=01845e command=03 arg=23
[  10.082]   [header-byte] write $ffa517 = 13 mask=00ff (pc=018446)
[  10.082] [packet-accepted] total=107 seq=6a flags=04 status=13 pc=01845e command=03 arg=23
[  10.099]   [header-byte] write $ffa517 = 13 mask=00ff (pc=018446)
[  10.099] [packet-accepted] total=108 seq=6b flags=04 status=13 pc=01845e command=03 arg=23
[  10.115]   [header-byte] write $ffa517 = 13 mask=00ff (pc=018446)
[  10.115] [packet-accepted] total=109 seq=6c flags=04 status=13 pc=01845e command=03 arg=23
[  10.132]   [header-byte] write $ffa517 = 13 mask=00ff (pc=018446)
[  10.132] [packet-accepted] total=110 seq=6d flags=04 status=13 pc=01845e command=03 arg=23
[  10.149]   [header-byte] write $ffa517 = 13 mask=00ff (pc=018446)
[  10.149] [packet-accepted] total=111 seq=6e flags=04 status=13 pc=01845e command=03 arg=23
[  10.165]   [header-byte] write $ffa517 = 13 mask=00ff (pc=018446)
[  10.165] [packet-accepted] total=112 seq=6f flags=04 status=13 pc=01845e command=03 arg=23
[  10.182]   [header-byte] write $ffa517 = 13 mask=00ff (pc=018446)
[  10.182] [packet-accepted] total=113 seq=70 flags=04 status=13 pc=01845e command=03 arg=23
[  10.199]   [header-byte] write $ffa517 = 13 mask=00ff (pc=018446)
[  10.199] [packet-accepted] total=114 seq=71 flags=04 status=13 pc=01845e command=03 arg=23
[  10.215]   [header-byte] write $ffa517 = 13 mask=00ff (pc=018446)
[  10.215] [packet-accepted] total=115 seq=72 flags=04 status=13 pc=01845e command=03 arg=23
[  10.232]   [header-byte] write $ffa517 = 13 mask=00ff (pc=018446)
[  10.232] [packet-accepted] total=116 seq=73 flags=04 status=13 pc=01845e command=03 arg=23
[  10.249]   [header-byte] write $ffa517 = 13 mask=00ff (pc=018446)
[  10.249] [packet-accepted] total=117 seq=74 flags=04 status=13 pc=01845e command=03 arg=23
[  10.265]   [header-byte] write $ffa517 = 13 mask=00ff (pc=018446)
[  10.265] [packet-accepted] total=118 seq=75 flags=04 status=13 pc=01845e command=03 arg=23
[  10.282]   [header-byte] write $ffa517 = 13 mask=00ff (pc=018446)
[  10.282] [packet-accepted] total=119 seq=76 flags=04 status=13 pc=01845e command=03 arg=23
[  10.299]   [header-byte] write $ffa517 = 13 mask=00ff (pc=018446)
[  10.299] [packet-accepted] total=120 seq=77 flags=04 status=13 pc=01845e command=03 arg=23
[  10.315]   [header-byte] write $ffa517 = 13 mask=00ff (pc=018446)
[  10.315] [packet-accepted] total=121 seq=78 flags=04 status=13 pc=01845e command=03 arg=23
[  10.332]   [header-byte] write $ffa517 = 13 mask=00ff (pc=018446)
[  10.332] [packet-accepted] total=122 seq=79 flags=04 status=13 pc=01845e command=03 arg=23
[  10.349]   [header-byte] write $ffa517 = 13 mask=00ff (pc=018446)
[  10.349] [packet-accepted] total=123 seq=7a flags=04 status=13 pc=01845e command=03 arg=23
[  10.365]   [header-byte] write $ffa517 = 13 mask=00ff (pc=018446)
[  10.365] [packet-accepted] total=124 seq=7b flags=04 status=13 pc=01845e command=03 arg=23
[  10.384]   [header-byte] write $ffa517 = 13 mask=00ff (pc=018446)
[  10.384] [packet-accepted] total=125 seq=7c flags=04 status=13 pc=01845e command=03 arg=23
[  10.399]   [header-byte] write $ffa517 = 13 mask=00ff (pc=018446)
[  10.399] [packet-accepted] total=126 seq=7d flags=04 status=13 pc=01845e command=03 arg=23
[  10.416]   [header-byte] write $ffa517 = 13 mask=00ff (pc=018446)
[  10.416] [packet-accepted] total=127 seq=7e flags=04 status=13 pc=01845e command=03 arg=23
[  10.432]   [header-byte] write $ffa517 = 13 mask=00ff (pc=018446)
[  10.432] [packet-accepted] total=128 seq=7f flags=04 status=13 pc=01845e command=03 arg=23
[  10.449]   [header-byte] write $ffa517 = 13 mask=00ff (pc=018446)
[  10.449] [packet-accepted] total=129 seq=80 flags=04 status=13 pc=01845e command=03 arg=23
[  10.466]   [header-byte] write $ffa517 = 13 mask=00ff (pc=018446)
[  10.466] [packet-accepted] total=130 seq=81 flags=04 status=13 pc=01845e command=03 arg=23
[  10.482]   [header-byte] write $ffa517 = 13 mask=00ff (pc=018446)
[  10.482] [packet-accepted] total=131 seq=82 flags=04 status=13 pc=01845e command=03 arg=23
[  10.499]   [header-byte] write $ffa517 = 13 mask=00ff (pc=018446)
[  10.499] [packet-accepted] total=132 seq=83 flags=04 status=13 pc=01845e command=03 arg=23
[  10.516]   [header-byte] write $ffa517 = 13 mask=00ff (pc=018446)
[  10.516] [packet-accepted] total=133 seq=84 flags=04 status=13 pc=01845e command=03 arg=23
[  10.533]   [header-byte] write $ffa517 = 13 mask=00ff (pc=018446)
[  10.533] [packet-accepted] total=134 seq=85 flags=04 status=13 pc=01845e command=03 arg=23
[  10.552]   [header-byte] write $ffa517 = 13 mask=00ff (pc=018446)
[  10.552] [packet-accepted] total=135 seq=86 flags=04 status=13 pc=01845e command=03 arg=23
[  10.566]   [header-byte] write $ffa517 = 13 mask=00ff (pc=018446)
[  10.566] [packet-accepted] total=136 seq=87 flags=04 status=13 pc=01845e command=03 arg=23
[  10.583]   [header-byte] write $ffa517 = 13 mask=00ff (pc=018446)
[  10.583] [packet-accepted] total=137 seq=88 flags=04 status=13 pc=01845e command=03 arg=23
[  10.599]   [header-byte] write $ffa517 = 13 mask=00ff (pc=018446)
[  10.599] [packet-accepted] total=138 seq=89 flags=04 status=13 pc=01845e command=03 arg=23
[  10.616]   [header-byte] write $ffa517 = 13 mask=00ff (pc=018446)
[  10.616] [packet-accepted] total=139 seq=8a flags=04 status=13 pc=01845e command=03 arg=23
[  10.633]   [header-byte] write $ffa517 = 13 mask=00ff (pc=018446)
[  10.633] [packet-accepted] total=140 seq=8b flags=04 status=13 pc=01845e command=03 arg=23
[  10.649]   [header-byte] write $ffa517 = 13 mask=00ff (pc=018446)
[  10.649] [packet-accepted] total=141 seq=8c flags=04 status=13 pc=01845e command=03 arg=23
[  10.666]   [header-byte] write $ffa517 = 13 mask=00ff (pc=018446)
[  10.666] [packet-accepted] total=142 seq=8d flags=04 status=13 pc=01845e command=03 arg=23
[  10.683]   [header-byte] write $ffa517 = 13 mask=00ff (pc=018446)
[  10.683] [packet-accepted] total=143 seq=8e flags=04 status=13 pc=01845e command=03 arg=23
[  10.699]   [header-byte] write $ffa517 = 13 mask=00ff (pc=018446)
[  10.699] [packet-accepted] total=144 seq=8f flags=04 status=13 pc=01845e command=03 arg=23
[  10.716]   [header-byte] write $ffa517 = 13 mask=00ff (pc=018446)
[  10.716] [packet-accepted] total=145 seq=90 flags=04 status=13 pc=01845e command=03 arg=23
[  10.733]   [header-byte] write $ffa517 = 13 mask=00ff (pc=018446)
[  10.733] [packet-accepted] total=146 seq=91 flags=04 status=13 pc=01845e command=03 arg=23
[  10.750]   [header-byte] write $ffa517 = 13 mask=00ff (pc=018446)
[  10.750] [packet-accepted] total=147 seq=92 flags=04 status=13 pc=01845e command=03 arg=23
[  10.766]   [header-byte] write $ffa517 = 13 mask=00ff (pc=018446)
[  10.766] [packet-accepted] total=148 seq=93 flags=04 status=13 pc=01845e command=03 arg=23
[  10.783]   [header-byte] write $ffa517 = 13 mask=00ff (pc=018446)
[  10.783] [packet-accepted] total=149 seq=94 flags=04 status=13 pc=01845e command=03 arg=23
[  10.800]   [header-byte] write $ffa517 = 13 mask=00ff (pc=018446)
[  10.800] [packet-accepted] total=150 seq=95 flags=04 status=13 pc=01845e command=03 arg=23
[  10.816]   [header-byte] write $ffa517 = 13 mask=00ff (pc=018446)
[  10.816] [packet-accepted] total=151 seq=96 flags=04 status=13 pc=01845e command=03 arg=23
[  10.833]   [header-byte] write $ffa517 = 13 mask=00ff (pc=018446)
[  10.833] [packet-accepted] total=152 seq=97 flags=04 status=13 pc=01845e command=03 arg=23
[  10.849]   [header-byte] write $ffa517 = 13 mask=00ff (pc=018446)
[  10.850] [packet-accepted] total=153 seq=98 flags=04 status=13 pc=01845e command=03 arg=23
[  10.868]   [header-byte] write $ffa517 = 13 mask=00ff (pc=018446)
[  10.868] [packet-accepted] total=154 seq=99 flags=04 status=13 pc=01845e command=03 arg=23
[  10.883]   [header-byte] write $ffa517 = 13 mask=00ff (pc=018446)
[  10.883] [packet-accepted] total=155 seq=9a flags=04 status=13 pc=01845e command=03 arg=23
[  10.900]   [header-byte] write $ffa517 = 13 mask=00ff (pc=018446)
[  10.900] [packet-accepted] total=156 seq=9b flags=04 status=13 pc=01845e command=03 arg=23
[  10.916]   [header-byte] write $ffa517 = 13 mask=00ff (pc=018446)
[  10.916] [packet-accepted] total=157 seq=9c flags=04 status=13 pc=01845e command=03 arg=23
[  10.933]   [header-byte] write $ffa517 = 13 mask=00ff (pc=018446)
[  10.933] [packet-accepted] total=158 seq=9d flags=04 status=13 pc=01845e command=03 arg=23
[  10.950]   [header-byte] write $ffa517 = 13 mask=00ff (pc=018446)
[  10.950] [packet-accepted] total=159 seq=9e flags=04 status=13 pc=01845e command=03 arg=23
[  10.966]   [header-byte] write $ffa517 = 13 mask=00ff (pc=018446)
[  10.966] [packet-accepted] total=160 seq=9f flags=04 status=13 pc=01845e command=03 arg=23
[  10.983]   [header-byte] write $ffa517 = 13 mask=00ff (pc=018446)
[  10.983] [packet-accepted] total=161 seq=a0 flags=04 status=13 pc=01845e command=03 arg=23
[  11.000]   [header-byte] write $ffa517 = 13 mask=00ff (pc=018446)
[  11.000] [packet-accepted] total=162 seq=a1 flags=04 status=13 pc=01845e command=03 arg=23
[  11.014] heartbeat frame=660 tx=976 rx=788 fc=1 fd=10 fe=1 linkflag=81 pc=000288 a502=00 a524=0005 a525=05 a170=08 a17f=00 txtail=00d0 rxpend=0000
[  11.014] [transport] captured=976 flushed=976 received=788 accepted=162 payload2=151 payload3=0 payload4=0 payload5=0 pump_reads=534 bursts=198 txcredit=0 outq=0 inq=0 watchdog=0 txseq=c7 rxseq=a2 rxcredit=5 protection=00 checks=0000
[  11.014] [epochs] local=1 peer=1 ready=true discarded_rx=0
[  11.014] [tcb-continuations] ffa580=ff80->018392 sleep=0 local26=7710 ffa5c0=ff80->01853c sleep=0 local26=0000 ffd040=ff80->018a40 sleep=0 local26=8300 ffd100=ff80->01fbb4 sleep=0 local26=0000 ffd140=ff80->01fbb6 sleep=0 local26=0002 ffd180=ff80->01fbb6 sleep=0 local26=00a2 ffd1c0=ff80->01fbb6 sleep=0 local26=01c2 ffd200=ff80->01fbb6 sleep=0 local26=02e2 ffd240=ff80->01902e sleep=0 local26=0000 ffd280=ff80->01ffe2 sleep=0 local26=0005 ffd2c0=ff80->020004 sleep=0 local26=0002 ffd300=ff80->020004 sleep=0 local26=0000
[  11.020]   [header-byte] write $ffa517 = 13 mask=00ff (pc=018446)
[  11.020] [packet-accepted] total=163 seq=a2 flags=04 status=13 pc=01845e command=03 arg=23
[  11.033]   [header-byte] write $ffa517 = 13 mask=00ff (pc=018446)
[  11.033] [packet-accepted] total=164 seq=a3 flags=04 status=13 pc=01845e command=03 arg=23
[  11.050]   [header-byte] write $ffa517 = 13 mask=00ff (pc=018446)
[  11.050] [packet-accepted] total=165 seq=a4 flags=04 status=13 pc=01845e command=03 arg=23
[  11.067]   [header-byte] write $ffa517 = 13 mask=00ff (pc=018446)
[  11.067] [packet-accepted] total=166 seq=a5 flags=04 status=13 pc=01845e command=03 arg=23
[  11.083]   [header-byte] write $ffa517 = 13 mask=00ff (pc=018446)
[  11.083] [packet-accepted] total=167 seq=a6 flags=04 status=13 pc=01845e command=03 arg=23
[  11.100]   [header-byte] write $ffa517 = 13 mask=00ff (pc=018446)
[  11.100] [packet-accepted] total=168 seq=a7 flags=04 status=13 pc=01845e command=03 arg=23
[  11.117]   [header-byte] write $ffa517 = 13 mask=00ff (pc=018446)
[  11.117] [packet-accepted] total=169 seq=a8 flags=04 status=13 pc=01845e command=03 arg=23
[  11.134]   [header-byte] write $ffa517 = 13 mask=00ff (pc=018446)
[  11.134] [packet-accepted] total=170 seq=a9 flags=04 status=13 pc=01845e command=03 arg=23
[  11.150]   [header-byte] write $ffa517 = 13 mask=00ff (pc=018446)
[  11.150] [packet-accepted] total=171 seq=aa flags=04 status=13 pc=01845e command=03 arg=23
[  11.167]   [header-byte] write $ffa517 = 13 mask=00ff (pc=018446)
[  11.167] [packet-accepted] total=172 seq=ab flags=04 status=13 pc=01845e command=03 arg=23
[  11.184]   [header-byte] write $ffa517 = 13 mask=00ff (pc=018446)
[  11.184] [packet-accepted] total=173 seq=ac flags=04 status=13 pc=01845e command=03 arg=23
[  11.200]   [header-byte] write $ffa517 = 13 mask=00ff (pc=018446)
[  11.200] [packet-accepted] total=174 seq=ad flags=04 status=13 pc=01845e command=03 arg=23
[  11.217]   [header-byte] write $ffa517 = 13 mask=00ff (pc=018446)
[  11.217] [packet-accepted] total=175 seq=ae flags=04 status=13 pc=01845e command=03 arg=23
[  11.234]   [header-byte] write $ffa517 = 13 mask=00ff (pc=018446)
[  11.234] [packet-accepted] total=176 seq=af flags=04 status=13 pc=01845e command=03 arg=23
[  11.250]   [header-byte] write $ffa517 = 13 mask=00ff (pc=018446)
[  11.250] [packet-accepted] total=177 seq=b0 flags=04 status=13 pc=01845e command=03 arg=23
[  11.267]   [header-byte] write $ffa517 = 13 mask=00ff (pc=018446)
[  11.267] [packet-accepted] total=178 seq=b1 flags=04 status=13 pc=01845e command=03 arg=23
[  11.284]   [header-byte] write $ffa517 = 13 mask=00ff (pc=018446)
[  11.284] [packet-accepted] total=179 seq=b2 flags=04 status=13 pc=01845e command=03 arg=23
[  11.300]   [header-byte] write $ffa517 = 13 mask=00ff (pc=018446)
[  11.300] [packet-accepted] total=180 seq=b3 flags=04 status=13 pc=01845e command=03 arg=23
[  11.317]   [header-byte] write $ffa517 = 13 mask=00ff (pc=018446)
[  11.317] [packet-accepted] total=181 seq=b4 flags=04 status=13 pc=01845e command=03 arg=23
[  11.335]   [header-byte] write $ffa517 = 13 mask=00ff (pc=018446)
[  11.335] [packet-accepted] total=182 seq=b5 flags=04 status=13 pc=01845e command=03 arg=23
[  11.350]   [header-byte] write $ffa517 = 13 mask=00ff (pc=018446)
[  11.350] [packet-accepted] total=183 seq=b6 flags=04 status=13 pc=01845e command=03 arg=23
[  11.367]   [header-byte] write $ffa517 = 13 mask=00ff (pc=018446)
[  11.367] [packet-accepted] total=184 seq=b7 flags=04 status=13 pc=01845e command=03 arg=23
[  11.384]   [header-byte] write $ffa517 = 13 mask=00ff (pc=018446)
[  11.384] [packet-accepted] total=185 seq=b8 flags=04 status=13 pc=01845e command=03 arg=23
[  11.400]   [header-byte] write $ffa517 = 13 mask=00ff (pc=018446)
[  11.400] [packet-accepted] total=186 seq=b9 flags=04 status=13 pc=01845e command=03 arg=23
[  11.417]   [header-byte] write $ffa517 = 13 mask=00ff (pc=018446)
[  11.417] [packet-accepted] total=187 seq=ba flags=04 status=13 pc=01845e command=03 arg=23
[  11.434]   [header-byte] write $ffa517 = 13 mask=00ff (pc=018446)
[  11.434] [packet-accepted] total=188 seq=bb flags=04 status=13 pc=01845e command=03 arg=23
[  11.451]   [header-byte] write $ffa517 = 13 mask=00ff (pc=018446)
[  11.451] [packet-accepted] total=189 seq=bc flags=04 status=13 pc=01845e command=03 arg=23
[  11.467]   [header-byte] write $ffa517 = 13 mask=00ff (pc=018446)
[  11.467] [packet-accepted] total=190 seq=bd flags=04 status=13 pc=01845e command=03 arg=23
[  11.484]   [header-byte] write $ffa517 = 13 mask=00ff (pc=018446)
[  11.484] [packet-accepted] total=191 seq=be flags=04 status=13 pc=01845e command=03 arg=23
[  11.501]   [header-byte] write $ffa517 = 13 mask=00ff (pc=018446)
[  11.501] [packet-accepted] total=192 seq=bf flags=04 status=13 pc=01845e command=03 arg=23
[  11.517]   [header-byte] write $ffa517 = 13 mask=00ff (pc=018446)
[  11.517] [packet-accepted] total=193 seq=c0 flags=04 status=13 pc=01845e command=03 arg=23
[  11.534]   [header-byte] write $ffa517 = 13 mask=00ff (pc=018446)
[  11.534] [packet-accepted] total=194 seq=c1 flags=04 status=13 pc=01845e command=03 arg=23
[  11.550]   [header-byte] write $ffa517 = 13 mask=00ff (pc=018446)
[  11.550] [packet-accepted] total=195 seq=c2 flags=04 status=13 pc=01845e command=03 arg=23
[  11.567]   [header-byte] write $ffa517 = 13 mask=00ff (pc=018446)
[  11.567] [packet-accepted] total=196 seq=c3 flags=04 status=13 pc=01845e command=03 arg=23
[  11.584]   [header-byte] write $ffa517 = 13 mask=00ff (pc=018446)
[  11.584] [packet-accepted] total=197 seq=c4 flags=04 status=13 pc=01845e command=03 arg=23
[  11.600]   [header-byte] write $ffa517 = 13 mask=00ff (pc=018446)
[  11.600] [packet-accepted] total=198 seq=c5 flags=04 status=13 pc=01845e command=03 arg=23
[  11.617]   [header-byte] write $ffa517 = 13 mask=00ff (pc=018446)
[  11.617] [packet-accepted] total=199 seq=c6 flags=04 status=13 pc=01845e command=03 arg=23
[  11.634]   [header-byte] write $ffa517 = 13 mask=00ff (pc=018446)
[  11.634] [packet-accepted] total=200 seq=c7 flags=04 status=13 pc=01845e command=03 arg=23
[  11.651]   [header-byte] write $ffa517 = 13 mask=00ff (pc=018446)
[  11.651] [packet-accepted] total=201 seq=c8 flags=04 status=13 pc=01845e command=03 arg=23
[  11.667]   [header-byte] write $ffa517 = 13 mask=00ff (pc=018446)
[  11.667] [packet-accepted] total=202 seq=c9 flags=04 status=13 pc=01845e command=03 arg=23
[  11.684]   [header-byte] write $ffa517 = 13 mask=00ff (pc=018446)
[  11.684] [packet-accepted] total=203 seq=ca flags=04 status=13 pc=01845e command=03 arg=23
[  11.700]   [header-byte] write $ffa517 = 13 mask=00ff (pc=018446)
[  11.700] [packet-accepted] total=204 seq=cb flags=04 status=13 pc=01845e command=03 arg=23
[  11.717]   [header-byte] write $ffa517 = 13 mask=00ff (pc=018446)
[  11.717] [packet-accepted] total=205 seq=cc flags=04 status=13 pc=01845e command=03 arg=23
[  11.734]   [header-byte] write $ffa517 = 13 mask=00ff (pc=018446)
[  11.734] [packet-accepted] total=206 seq=cd flags=04 status=13 pc=01845e command=03 arg=23
[  11.750]   [header-byte] write $ffa517 = 13 mask=00ff (pc=018446)
[  11.750] [packet-accepted] total=207 seq=ce flags=04 status=13 pc=01845e command=03 arg=23
[  11.767]   [header-byte] write $ffa517 = 13 mask=00ff (pc=018446)
[  11.767] [packet-accepted] total=208 seq=cf flags=04 status=13 pc=01845e command=03 arg=23
[  11.784]   [header-byte] write $ffa517 = 13 mask=00ff (pc=018446)
[  11.784] [packet-accepted] total=209 seq=d0 flags=04 status=13 pc=01845e command=03 arg=23
[  11.800]   [header-byte] write $ffa517 = 13 mask=00ff (pc=018446)
[  11.800] [packet-accepted] total=210 seq=d1 flags=04 status=13 pc=01845e command=03 arg=23
[  11.817]   [header-byte] write $ffa517 = 13 mask=00ff (pc=018446)
[  11.817] [packet-accepted] total=211 seq=d2 flags=04 status=13 pc=01845e command=03 arg=23
[  11.834]   [header-byte] write $ffa517 = 13 mask=00ff (pc=018446)
[  11.834] [packet-accepted] total=212 seq=d3 flags=04 status=13 pc=01845e command=03 arg=23
[  11.851]   [header-byte] write $ffa517 = 13 mask=00ff (pc=018446)
[  11.851] [packet-accepted] total=213 seq=d4 flags=04 status=13 pc=01845e command=03 arg=23
[  11.867]   [header-byte] write $ffa517 = 13 mask=00ff (pc=018446)
[  11.867] [packet-accepted] total=214 seq=d5 flags=04 status=13 pc=01845e command=03 arg=23
[  11.884]   [header-byte] write $ffa517 = 13 mask=00ff (pc=018446)
[  11.884] [packet-accepted] total=215 seq=d6 flags=04 status=13 pc=01845e command=03 arg=23
[  11.901]   [header-byte] write $ffa517 = 13 mask=00ff (pc=018446)
[  11.901] [packet-accepted] total=216 seq=d7 flags=04 status=13 pc=01845e command=03 arg=23
[  11.917]   [header-byte] write $ffa517 = 13 mask=00ff (pc=018446)
[  11.917] [packet-accepted] total=217 seq=d8 flags=04 status=13 pc=01845e command=03 arg=23
[  11.934]   [header-byte] write $ffa517 = 13 mask=00ff (pc=018446)
[  11.934] [packet-accepted] total=218 seq=d9 flags=04 status=13 pc=01845e command=03 arg=23
[  11.951]   [header-byte] write $ffa517 = 13 mask=00ff (pc=018446)
[  11.951] [packet-accepted] total=219 seq=da flags=04 status=13 pc=01845e command=03 arg=23
[  11.969]   [header-byte] write $ffa517 = 13 mask=00ff (pc=018446)
[  11.969] [packet-accepted] total=220 seq=db flags=04 status=13 pc=01845e command=03 arg=23
[  11.984]   [header-byte] write $ffa517 = 13 mask=00ff (pc=018446)
[  11.984] [packet-accepted] total=221 seq=dc flags=04 status=13 pc=01845e command=03 arg=23
[  12.001]   [header-byte] write $ffa517 = 13 mask=00ff (pc=018446)
[  12.001] [packet-accepted] total=222 seq=dd flags=04 status=13 pc=01845e command=03 arg=23
[  12.015] heartbeat frame=720 tx=1276 rx=1088 fc=1 fd=10 fe=1 linkflag=81 pc=00028a a502=00 a524=0005 a525=05 a170=08 a17f=00 txtail=00fc rxpend=0000
[  12.015] [transport] captured=1276 flushed=1276 received=1088 accepted=222 payload2=211 payload3=0 payload4=0 payload5=0 pump_reads=654 bursts=258 txcredit=0 outq=0 inq=0 watchdog=0 txseq=03 rxseq=de rxcredit=5 protection=00 checks=0000
[  12.015] [epochs] local=1 peer=1 ready=true discarded_rx=0
[  12.015] [tcb-continuations] ffa580=ff80->018392 sleep=0 local26=7710 ffa5c0=ff80->01853c sleep=0 local26=0000 ffd040=ff80->018a40 sleep=0 local26=8300 ffd100=ff80->01fbb4 sleep=0 local26=0000 ffd140=ff80->01fbb6 sleep=0 local26=0002 ffd180=ff80->01fbb6 sleep=0 local26=00a2 ffd1c0=ff80->01fbb6 sleep=0 local26=01c2 ffd200=ff80->01fbb6 sleep=0 local26=02e2 ffd240=ff80->01902e sleep=0 local26=0000 ffd280=ff80->01ffe2 sleep=0 local26=0004 ffd2c0=ff80->020004 sleep=0 local26=0002 ffd300=ff80->020004 sleep=0 local26=0000
[  12.018]   [header-byte] write $ffa517 = 13 mask=00ff (pc=018446)
[  12.018] [packet-accepted] total=223 seq=de flags=04 status=13 pc=01845e command=03 arg=23
[  12.034]   [header-byte] write $ffa517 = 13 mask=00ff (pc=018446)
[  12.034] [packet-accepted] total=224 seq=df flags=04 status=13 pc=01845e command=03 arg=23
[  12.052]   [header-byte] write $ffa517 = 13 mask=00ff (pc=018446)
[  12.052] [packet-accepted] total=225 seq=e0 flags=04 status=13 pc=01845e command=03 arg=23
[  12.068]   [header-byte] write $ffa517 = 13 mask=00ff (pc=018446)
[  12.068] [packet-accepted] total=226 seq=e1 flags=04 status=13 pc=01845e command=03 arg=23
[  12.084]   [header-byte] write $ffa517 = 13 mask=00ff (pc=018446)
[  12.084] [packet-accepted] total=227 seq=e2 flags=04 status=13 pc=01845e command=03 arg=23
[  12.101]   [header-byte] write $ffa517 = 13 mask=00ff (pc=018446)
[  12.101] [packet-accepted] total=228 seq=e3 flags=04 status=13 pc=01845e command=03 arg=23
[  12.118]   [header-byte] write $ffa517 = 13 mask=00ff (pc=018446)
[  12.118] [packet-accepted] total=229 seq=e4 flags=04 status=13 pc=01845e command=03 arg=23
[  12.134]   [header-byte] write $ffa517 = 13 mask=00ff (pc=018446)
[  12.134] [packet-accepted] total=230 seq=e5 flags=04 status=13 pc=01845e command=03 arg=23
[  12.151]   [header-byte] write $ffa517 = 13 mask=00ff (pc=018446)
[  12.151] [packet-accepted] total=231 seq=e6 flags=04 status=13 pc=01845e command=03 arg=23
[  12.168]   [header-byte] write $ffa517 = 13 mask=00ff (pc=018446)
[  12.168] [packet-accepted] total=232 seq=e7 flags=04 status=13 pc=01845e command=03 arg=23
[  12.184]   [header-byte] write $ffa517 = 13 mask=00ff (pc=018446)
[  12.184] [packet-accepted] total=233 seq=e8 flags=04 status=13 pc=01845e command=03 arg=23
[  12.201]   [header-byte] write $ffa517 = 13 mask=00ff (pc=018446)
[  12.201] [packet-accepted] total=234 seq=e9 flags=04 status=13 pc=01845e command=03 arg=23
[  12.218]   [header-byte] write $ffa517 = 13 mask=00ff (pc=018446)
[  12.218] [packet-accepted] total=235 seq=ea flags=04 status=13 pc=01845e command=03 arg=23
[  12.235]   [header-byte] write $ffa517 = 13 mask=00ff (pc=018446)
[  12.235] [packet-accepted] total=236 seq=eb flags=04 status=13 pc=01845e command=03 arg=23
[  12.251]   [header-byte] write $ffa517 = 13 mask=00ff (pc=018446)
[  12.251] [packet-accepted] total=237 seq=ec flags=04 status=13 pc=01845e command=03 arg=23
[  12.268]   [header-byte] write $ffa517 = 13 mask=00ff (pc=018446)
[  12.268] [packet-accepted] total=238 seq=ed flags=04 status=13 pc=01845e command=03 arg=23
[  12.285]   [header-byte] write $ffa517 = 13 mask=00ff (pc=018446)
[  12.285] [packet-accepted] total=239 seq=ee flags=04 status=13 pc=01845e command=03 arg=23
[  12.301]   [header-byte] write $ffa517 = 13 mask=00ff (pc=018446)
[  12.301] [packet-accepted] total=240 seq=ef flags=04 status=13 pc=01845e command=03 arg=23
[  12.318]   [header-byte] write $ffa517 = 13 mask=00ff (pc=018446)
[  12.318] [packet-accepted] total=241 seq=f0 flags=04 status=13 pc=01845e command=03 arg=23
[  12.335]   [header-byte] write $ffa517 = 13 mask=00ff (pc=018446)
[  12.335] [packet-accepted] total=242 seq=f1 flags=04 status=13 pc=01845e command=03 arg=23
[  12.351]   [header-byte] write $ffa517 = 13 mask=00ff (pc=018446)
[  12.351] [packet-accepted] total=243 seq=f2 flags=04 status=13 pc=01845e command=03 arg=23
[  12.368]   [header-byte] write $ffa517 = 13 mask=00ff (pc=018446)
[  12.368] [packet-accepted] total=244 seq=f3 flags=04 status=13 pc=01845e command=03 arg=23
[  12.385]   [header-byte] write $ffa517 = 13 mask=00ff (pc=018446)
[  12.385] [packet-accepted] total=245 seq=f4 flags=04 status=13 pc=01845e command=03 arg=23
[  12.401]   [header-byte] write $ffa517 = 13 mask=00ff (pc=018446)
[  12.401] [packet-accepted] total=246 seq=f5 flags=04 status=13 pc=01845e command=03 arg=23
[  12.418]   [header-byte] write $ffa517 = 13 mask=00ff (pc=018446)
[  12.418] [packet-accepted] total=247 seq=f6 flags=04 status=13 pc=01845e command=03 arg=23
[  12.435]   [header-byte] write $ffa517 = 13 mask=00ff (pc=018446)
[  12.435] [packet-accepted] total=248 seq=f7 flags=04 status=13 pc=01845e command=03 arg=23
[  12.453]   [header-byte] write $ffa517 = 13 mask=00ff (pc=018446)
[  12.453] [packet-accepted] total=249 seq=f8 flags=04 status=13 pc=01845e command=03 arg=23
[  12.468]   [header-byte] write $ffa517 = 13 mask=00ff (pc=018446)
[  12.468] [packet-accepted] total=250 seq=f9 flags=04 status=13 pc=01845e command=03 arg=23
[  12.485]   [header-byte] write $ffa517 = 13 mask=00ff (pc=018446)
[  12.485] [packet-accepted] total=251 seq=fa flags=04 status=13 pc=01845e command=03 arg=23
[  12.502]   [header-byte] write $ffa517 = 13 mask=00ff (pc=018446)
[  12.502] [packet-accepted] total=252 seq=fb flags=04 status=13 pc=01845e command=03 arg=23
[  12.518]   [header-byte] write $ffa517 = 13 mask=00ff (pc=018446)
[  12.518] [packet-accepted] total=253 seq=fc flags=04 status=13 pc=01845e command=03 arg=23
[  12.535]   [header-byte] write $ffa517 = 13 mask=00ff (pc=018446)
[  12.535] [packet-accepted] total=254 seq=fd flags=04 status=13 pc=01845e command=03 arg=23
[  12.552]   [header-byte] write $ffa517 = 13 mask=00ff (pc=018446)
[  12.552] [packet-accepted] total=255 seq=fe flags=04 status=13 pc=01845e command=03 arg=23
[  12.568]   [header-byte] write $ffa517 = 13 mask=00ff (pc=018446)
[  12.568] [packet-accepted] total=256 seq=ff flags=04 status=13 pc=01845e command=03 arg=23
[  12.585]   [header-byte] write $ffa517 = 13 mask=00ff (pc=018446)
[  12.585] [packet-accepted] total=257 seq=00 flags=04 status=13 pc=01845e command=03 arg=23
[  12.603]   [header-byte] write $ffa517 = 13 mask=00ff (pc=018446)
[  12.603] [packet-accepted] total=258 seq=01 flags=04 status=13 pc=01845e command=03 arg=23
[  12.619]   [header-byte] write $ffa517 = 13 mask=00ff (pc=018446)
[  12.619] [packet-accepted] total=259 seq=02 flags=04 status=13 pc=01845e command=03 arg=23
[  12.635]   [header-byte] write $ffa517 = 13 mask=00ff (pc=018446)
[  12.636] [packet-accepted] total=260 seq=03 flags=04 status=13 pc=01845e command=03 arg=23
[  12.652]   [header-byte] write $ffa517 = 13 mask=00ff (pc=018446)
[  12.652] [packet-accepted] total=261 seq=04 flags=04 status=13 pc=01845e command=03 arg=23
[  12.669]   [header-byte] write $ffa517 = 13 mask=00ff (pc=018446)
[  12.669] [packet-accepted] total=262 seq=05 flags=04 status=13 pc=01845e command=03 arg=23
[  12.686]   [header-byte] write $ffa517 = 13 mask=00ff (pc=018446)
[  12.686] [packet-accepted] total=263 seq=06 flags=04 status=13 pc=01845e command=03 arg=23
[  12.702]   [header-byte] write $ffa517 = 13 mask=00ff (pc=018446)
[  12.702] [packet-accepted] total=264 seq=07 flags=04 status=13 pc=01845e command=03 arg=23
[  12.719]   [header-byte] write $ffa517 = 13 mask=00ff (pc=018446)
[  12.719] [packet-accepted] total=265 seq=08 flags=04 status=13 pc=01845e command=03 arg=23
[  12.736]   [header-byte] write $ffa517 = 13 mask=00ff (pc=018446)
[  12.736] [packet-accepted] total=266 seq=09 flags=04 status=13 pc=01845e command=03 arg=23
[  12.752]   [header-byte] write $ffa517 = 13 mask=00ff (pc=018446)
[  12.752] [packet-accepted] total=267 seq=0a flags=04 status=13 pc=01845e command=03 arg=23
[  12.771]   [header-byte] write $ffa517 = 13 mask=00ff (pc=018446)
[  12.771] [packet-accepted] total=268 seq=0b flags=04 status=13 pc=01845e command=03 arg=23
[  12.786]   [header-byte] write $ffa517 = 13 mask=00ff (pc=018446)
[  12.786] [packet-accepted] total=269 seq=0c flags=04 status=13 pc=01845e command=03 arg=23
[  12.802]   [header-byte] write $ffa517 = 13 mask=00ff (pc=018446)
[  12.802] [packet-accepted] total=270 seq=0d flags=04 status=13 pc=01845e command=03 arg=23
[  12.819]   [header-byte] write $ffa517 = 13 mask=00ff (pc=018446)
[  12.819] [packet-accepted] total=271 seq=0e flags=04 status=13 pc=01845e command=03 arg=23
[  12.836]   [header-byte] write $ffa517 = 13 mask=00ff (pc=018446)
[  12.836] [packet-accepted] total=272 seq=0f flags=04 status=13 pc=01845e command=03 arg=23
[  12.852]   [header-byte] write $ffa517 = 13 mask=00ff (pc=018446)
[  12.852] [packet-accepted] total=273 seq=10 flags=04 status=13 pc=01845e command=13 arg=23
[  12.869]   [header-byte] write $ffa517 = 13 mask=00ff (pc=018446)
[  12.869] [packet-accepted] total=274 seq=11 flags=04 status=13 pc=01845e command=13 arg=23
[  12.886]   [header-byte] write $ffa517 = 13 mask=00ff (pc=018446)
[  12.886] [packet-accepted] total=275 seq=12 flags=04 status=13 pc=01845e command=13 arg=23
[  12.902]   [header-byte] write $ffa517 = 13 mask=00ff (pc=018446)
[  12.902] [packet-accepted] total=276 seq=13 flags=04 status=13 pc=01845e command=13 arg=23
[  12.921]   [header-byte] write $ffa517 = 13 mask=00ff (pc=018446)
[  12.921] [packet-accepted] total=277 seq=14 flags=04 status=13 pc=01845e command=13 arg=23
[  12.936]   [header-byte] write $ffa517 = 13 mask=00ff (pc=018446)
[  12.936] [packet-accepted] total=278 seq=15 flags=04 status=13 pc=01845e command=13 arg=23
[  12.953]   [header-byte] write $ffa517 = 13 mask=00ff (pc=018446)
[  12.953] [packet-accepted] total=279 seq=16 flags=04 status=13 pc=01845e command=13 arg=23
[  12.969]   [header-byte] write $ffa517 = 13 mask=00ff (pc=018446)
[  12.969] [packet-accepted] total=280 seq=17 flags=04 status=13 pc=01845e command=13 arg=23
[  12.986]   [header-byte] write $ffa517 = 13 mask=00ff (pc=018446)
[  12.986] [packet-accepted] total=281 seq=18 flags=04 status=13 pc=01845e command=13 arg=23
[  13.003]   [header-byte] write $ffa517 = 13 mask=00ff (pc=018446)
[  13.003] [packet-accepted] total=282 seq=19 flags=04 status=13 pc=01845e command=13 arg=23
[  13.017] heartbeat frame=780 tx=1576 rx=1388 fc=1 fd=10 fe=1 linkflag=81 pc=00028a a502=00 a524=0005 a525=05 a170=08 a17f=00 txtail=0028 rxpend=0000
[  13.017] [transport] captured=1576 flushed=1576 received=1388 accepted=282 payload2=271 payload3=0 payload4=0 payload5=0 pump_reads=774 bursts=318 txcredit=0 outq=0 inq=0 watchdog=0 txseq=3f rxseq=1a rxcredit=5 protection=00 checks=0000
[  13.017] [epochs] local=1 peer=1 ready=true discarded_rx=0
[  13.017] [game-state] a142=04 a13e=02 a13f=03 a530=3323 a506=03 a507=00 a508=00 a7b0=0000 a7a6=1323 script=01a3ee
[  13.017] [tcb-continuations] ffa580=ff80->018392 sleep=0 local26=7710 ffa5c0=ff80->01853c sleep=0 local26=0000 ffd040=ff80->018a40 sleep=0 local26=8300 ffd100=ff80->01fbb4 sleep=0 local26=0000 ffd140=ff80->01fbb6 sleep=0 local26=0002 ffd180=ff80->01fbb6 sleep=0 local26=00a2 ffd1c0=ff80->01fbb6 sleep=0 local26=01c2 ffd200=ff80->01fbb6 sleep=0 local26=02e2 ffd240=ff80->01902e sleep=0 local26=0000 ffd280=ff80->01ffe2 sleep=0 local26=0003 ffd2c0=ff80->020004 sleep=0 local26=0002 ffd300=ff80->020004 sleep=0 local26=0000
[  13.019]   [header-byte] write $ffa517 = 13 mask=00ff (pc=018446)
[  13.019] [packet-accepted] total=283 seq=1a flags=04 status=13 pc=01845e command=13 arg=23
[  13.036]   [header-byte] write $ffa517 = 13 mask=00ff (pc=018446)
[  13.036] [packet-accepted] total=284 seq=1b flags=04 status=13 pc=01845e command=13 arg=23
[  13.053]   [header-byte] write $ffa517 = 13 mask=00ff (pc=018446)
[  13.053] [packet-accepted] total=285 seq=1c flags=04 status=13 pc=01845e command=13 arg=23
[  13.069]   [header-byte] write $ffa517 = 13 mask=00ff (pc=018446)
[  13.069] [packet-accepted] total=286 seq=1d flags=04 status=13 pc=01845e command=13 arg=23
[  13.086]   [header-byte] write $ffa517 = 13 mask=00ff (pc=018446)
[  13.086] [packet-accepted] total=287 seq=1e flags=04 status=13 pc=01845e command=13 arg=23
[  13.103]   [header-byte] write $ffa517 = 13 mask=00ff (pc=018446)
[  13.103] [packet-accepted] total=288 seq=1f flags=04 status=13 pc=01845e command=13 arg=23
[  13.119]   [header-byte] write $ffa517 = 13 mask=00ff (pc=018446)
[  13.120] [packet-accepted] total=289 seq=20 flags=04 status=13 pc=01845e command=13 arg=23
[  13.136]   [header-byte] write $ffa517 = 13 mask=00ff (pc=018446)
[  13.136] [packet-accepted] total=290 seq=21 flags=04 status=13 pc=01845e command=13 arg=23
[  13.153]   [header-byte] write $ffa517 = 13 mask=00ff (pc=018446)
[  13.153] [packet-accepted] total=291 seq=22 flags=04 status=13 pc=01845e command=13 arg=23
[  13.169]   [header-byte] write $ffa517 = 13 mask=00ff (pc=018446)
[  13.169] [packet-accepted] total=292 seq=23 flags=04 status=13 pc=01845e command=13 arg=23
[  13.186]   [header-byte] write $ffa517 = 13 mask=00ff (pc=018446)
[  13.186] [packet-accepted] total=293 seq=24 flags=04 status=13 pc=01845e command=13 arg=23
[  13.203]   [header-byte] write $ffa517 = 13 mask=00ff (pc=018446)
[  13.203] [packet-accepted] total=294 seq=25 flags=04 status=13 pc=01845e command=13 arg=23
[  13.219]   [header-byte] write $ffa517 = 13 mask=00ff (pc=018446)
[  13.219] [packet-accepted] total=295 seq=26 flags=04 status=13 pc=01845e command=13 arg=23
[  13.238]   [header-byte] write $ffa517 = 13 mask=00ff (pc=018446)
[  13.238] [packet-accepted] total=296 seq=27 flags=04 status=13 pc=01845e command=13 arg=23
[  13.253]   [header-byte] write $ffa517 = 13 mask=00ff (pc=018446)
[  13.253] [packet-accepted] total=297 seq=28 flags=04 status=13 pc=01845e command=13 arg=23
[  13.270]   [header-byte] write $ffa517 = 13 mask=00ff (pc=018446)
[  13.270] [packet-accepted] total=298 seq=29 flags=04 status=13 pc=01845e command=13 arg=23
[  13.286]   [header-byte] write $ffa517 = 13 mask=00ff (pc=018446)
[  13.286] [packet-accepted] total=299 seq=2a flags=04 status=13 pc=01845e command=13 arg=23
[  13.303]   [header-byte] write $ffa517 = 13 mask=00ff (pc=018446)
[  13.303] [packet-accepted] total=300 seq=2b flags=04 status=13 pc=01845e command=13 arg=23
[  13.320]   [header-byte] write $ffa517 = 13 mask=00ff (pc=018446)
[  13.320] [packet-accepted] total=301 seq=2c flags=04 status=13 pc=01845e command=13 arg=23
[  13.336]   [header-byte] write $ffa517 = 13 mask=00ff (pc=018446)
[  13.336] [packet-accepted] total=302 seq=2d flags=04 status=13 pc=01845e command=13 arg=23
[  13.353]   [header-byte] write $ffa517 = 13 mask=00ff (pc=018446)
[  13.353] [packet-accepted] total=303 seq=2e flags=04 status=13 pc=01845e command=13 arg=23
[  13.370]   [header-byte] write $ffa517 = 13 mask=00ff (pc=018446)
[  13.370] [packet-accepted] total=304 seq=2f flags=04 status=13 pc=01845e command=13 arg=23
[  13.386]   [header-byte] write $ffa517 = 13 mask=00ff (pc=018446)
[  13.386] [packet-accepted] total=305 seq=30 flags=04 status=13 pc=01845e command=13 arg=23
[  13.404]   [header-byte] write $ffa517 = 13 mask=00ff (pc=018446)
[  13.404] [packet-accepted] total=306 seq=31 flags=04 status=13 pc=01845e command=13 arg=23
[  13.420]   [header-byte] write $ffa517 = 13 mask=00ff (pc=018446)
[  13.420] [packet-accepted] total=307 seq=32 flags=04 status=13 pc=01845e command=13 arg=23
[  13.436]   [header-byte] write $ffa517 = 13 mask=00ff (pc=018446)
[  13.436] [packet-accepted] total=308 seq=33 flags=04 status=13 pc=01845e command=13 arg=23
[  13.453]   [header-byte] write $ffa517 = 13 mask=00ff (pc=018446)
[  13.453] [packet-accepted] total=309 seq=34 flags=04 status=13 pc=01845e command=13 arg=23
[  13.470]   [header-byte] write $ffa517 = 13 mask=00ff (pc=018446)
[  13.470] [packet-accepted] total=310 seq=35 flags=04 status=13 pc=01845e command=13 arg=23
[  13.486]   [header-byte] write $ffa517 = 13 mask=00ff (pc=018446)
[  13.486] [packet-accepted] total=311 seq=36 flags=04 status=13 pc=01845e command=13 arg=23
[  13.503]   [header-byte] write $ffa517 = 13 mask=00ff (pc=018446)
[  13.503] [packet-accepted] total=312 seq=37 flags=04 status=13 pc=01845e command=13 arg=23
[  13.520]   [header-byte] write $ffa517 = 13 mask=00ff (pc=018446)
[  13.520] [packet-accepted] total=313 seq=38 flags=04 status=13 pc=01845e command=13 arg=23
[  13.536]   [header-byte] write $ffa517 = 13 mask=00ff (pc=018446)
[  13.536] [packet-accepted] total=314 seq=39 flags=04 status=13 pc=01845e command=13 arg=23
[  13.554]   [header-byte] write $ffa517 = 13 mask=00ff (pc=018446)
[  13.554] [packet-accepted] total=315 seq=3a flags=04 status=13 pc=01845e command=13 arg=23
[  13.570]   [header-byte] write $ffa517 = 13 mask=00ff (pc=018446)
[  13.570] [packet-accepted] total=316 seq=3b flags=04 status=13 pc=01845e command=13 arg=23
[  13.586]   [header-byte] write $ffa517 = 13 mask=00ff (pc=018446)
[  13.586] [packet-accepted] total=317 seq=3c flags=04 status=13 pc=01845e command=13 arg=23
[  13.603]   [header-byte] write $ffa517 = 13 mask=00ff (pc=018446)
[  13.603] [packet-accepted] total=318 seq=3d flags=04 status=13 pc=01845e command=13 arg=23
[  13.620]   [header-byte] write $ffa517 = 13 mask=00ff (pc=018446)
[  13.620] [packet-accepted] total=319 seq=3e flags=04 status=13 pc=01845e command=13 arg=23
[  13.636]   [header-byte] write $ffa517 = 13 mask=00ff (pc=018446)
[  13.636] [packet-accepted] total=320 seq=3f flags=04 status=13 pc=01845e command=13 arg=23
[  13.653]   [header-byte] write $ffa517 = 13 mask=00ff (pc=018446)
[  13.653] [packet-accepted] total=321 seq=40 flags=04 status=13 pc=01845e command=13 arg=23
[  13.670]   [header-byte] write $ffa517 = 13 mask=00ff (pc=018446)
[  13.670] [packet-accepted] total=322 seq=41 flags=04 status=13 pc=01845e command=13 arg=23
[  13.686]   [header-byte] write $ffa517 = 13 mask=00ff (pc=018446)
[  13.686] [packet-accepted] total=323 seq=42 flags=04 status=13 pc=01845e command=13 arg=23
[  13.705]   [header-byte] write $ffa517 = 13 mask=00ff (pc=018446)
[  13.705] [packet-accepted] total=324 seq=43 flags=04 status=13 pc=01845e command=13 arg=23
[  13.720]   [header-byte] write $ffa517 = 13 mask=00ff (pc=018446)
[  13.720] [packet-accepted] total=325 seq=44 flags=04 status=13 pc=01845e command=13 arg=23
[  13.737]   [header-byte] write $ffa517 = 13 mask=00ff (pc=018446)
[  13.737] [packet-accepted] total=326 seq=45 flags=04 status=13 pc=01845e command=13 arg=23
[  13.753]   [header-byte] write $ffa517 = 13 mask=00ff (pc=018446)
[  13.753] [packet-accepted] total=327 seq=46 flags=04 status=13 pc=01845e command=13 arg=23
[  13.770]   [header-byte] write $ffa517 = 13 mask=00ff (pc=018446)
[  13.770] [packet-accepted] total=328 seq=47 flags=04 status=13 pc=01845e command=13 arg=23
[  13.787]   [header-byte] write $ffa517 = 13 mask=00ff (pc=018446)
[  13.787] [packet-accepted] total=329 seq=48 flags=04 status=13 pc=01845e command=13 arg=23
[  13.803]   [header-byte] write $ffa517 = 13 mask=00ff (pc=018446)
[  13.803] [packet-accepted] total=330 seq=49 flags=04 status=13 pc=01845e command=13 arg=23
[  13.820]   [header-byte] write $ffa517 = 13 mask=00ff (pc=018446)
[  13.820] [packet-accepted] total=331 seq=4a flags=04 status=13 pc=01845e command=13 arg=23
[  13.837]   [header-byte] write $ffa517 = 13 mask=00ff (pc=018446)
[  13.837] [packet-accepted] total=332 seq=4b flags=04 status=13 pc=01845e command=13 arg=23
[  13.853]   [header-byte] write $ffa517 = 13 mask=00ff (pc=018446)
[  13.853] [packet-accepted] total=333 seq=4c flags=04 status=13 pc=01845e command=13 arg=23
[  13.873]   [header-byte] write $ffa517 = 13 mask=00ff (pc=018446)
[  13.873] [packet-accepted] total=334 seq=4d flags=04 status=13 pc=01845e command=13 arg=23
[  13.887]   [header-byte] write $ffa517 = 13 mask=00ff (pc=018446)
[  13.887] [packet-accepted] total=335 seq=4e flags=04 status=13 pc=01845e command=13 arg=23
[  13.904]   [header-byte] write $ffa517 = 13 mask=00ff (pc=018446)
[  13.904] [packet-accepted] total=336 seq=4f flags=04 status=13 pc=01845e command=13 arg=23
[  13.920]   [header-byte] write $ffa517 = 13 mask=00ff (pc=018446)
[  13.920] [packet-accepted] total=337 seq=50 flags=04 status=13 pc=01845e command=13 arg=23
[  13.937]   [header-byte] write $ffa517 = 13 mask=00ff (pc=018446)
[  13.937] [packet-accepted] total=338 seq=51 flags=04 status=13 pc=01845e command=13 arg=23
[  13.954]   [header-byte] write $ffa517 = 13 mask=00ff (pc=018446)
[  13.954] [packet-accepted] total=339 seq=52 flags=04 status=13 pc=01845e command=13 arg=23
[  13.970]   [header-byte] write $ffa517 = 13 mask=00ff (pc=018446)
[  13.970] [packet-accepted] total=340 seq=53 flags=04 status=13 pc=01845e command=13 arg=23
[  13.987]   [header-byte] write $ffa517 = 13 mask=00ff (pc=018446)
[  13.987] [packet-accepted] total=341 seq=54 flags=04 status=13 pc=01845e command=13 arg=23
[  14.004]   [header-byte] write $ffa517 = 13 mask=00ff (pc=018446)
[  14.004] [packet-accepted] total=342 seq=55 flags=04 status=13 pc=01845e command=13 arg=23
[  14.018] heartbeat frame=840 tx=1876 rx=1688 fc=1 fd=10 fe=1 linkflag=81 pc=00028a a502=00 a524=0005 a525=05 a170=08 a17f=00 txtail=0054 rxpend=0000
[  14.018] [transport] captured=1876 flushed=1876 received=1688 accepted=342 payload2=331 payload3=0 payload4=0 payload5=0 pump_reads=894 bursts=378 txcredit=0 outq=0 inq=0 watchdog=0 txseq=7b rxseq=56 rxcredit=5 protection=00 checks=0000
[  14.018] [epochs] local=1 peer=1 ready=true discarded_rx=0
[  14.018] [tcb-continuations] ffa580=ff80->018392 sleep=0 local26=7710 ffa5c0=ff80->01853c sleep=0 local26=0000 ffd040=ff80->018a40 sleep=0 local26=8300 ffd100=ff80->01fbb4 sleep=0 local26=0000 ffd140=ff80->01fbb6 sleep=0 local26=0002 ffd180=ff80->01fbb6 sleep=0 local26=00a2 ffd1c0=ff80->01fbb6 sleep=0 local26=01c2 ffd200=ff80->01fbb6 sleep=0 local26=02e2 ffd240=ff80->01902e sleep=0 local26=0000 ffd280=ff80->01ffe2 sleep=0 local26=0001 ffd2c0=ff80->020004 sleep=0 local26=0002 ffd300=ff80->020004 sleep=0 local26=0000
[  14.020]   [header-byte] write $ffa517 = 13 mask=00ff (pc=018446)
[  14.020] [packet-accepted] total=343 seq=56 flags=04 status=13 pc=01845e command=13 arg=23
[  14.037]   [header-byte] write $ffa517 = 13 mask=00ff (pc=018446)
[  14.037] [packet-accepted] total=344 seq=57 flags=04 status=13 pc=01845e command=13 arg=23
[  14.054]   [header-byte] write $ffa517 = 13 mask=00ff (pc=018446)
[  14.054] [packet-accepted] total=345 seq=58 flags=04 status=13 pc=01845e command=13 arg=23
[  14.070]   [header-byte] write $ffa517 = 13 mask=00ff (pc=018446)
[  14.070] [packet-accepted] total=346 seq=59 flags=04 status=13 pc=01845e command=13 arg=23
[  14.087]   [header-byte] write $ffa517 = 13 mask=00ff (pc=018446)
[  14.087] [packet-accepted] total=347 seq=5a flags=04 status=13 pc=01845e command=13 arg=23
[  14.104]   [header-byte] write $ffa517 = 13 mask=00ff (pc=018446)
[  14.104] [packet-accepted] total=348 seq=5b flags=04 status=13 pc=01845e command=13 arg=23
[  14.120]   [header-byte] write $ffa517 = 13 mask=00ff (pc=018446)
[  14.120] [packet-accepted] total=349 seq=5c flags=04 status=13 pc=01845e command=13 arg=23
[  14.137]   [header-byte] write $ffa517 = 13 mask=00ff (pc=018446)
[  14.137] [packet-accepted] total=350 seq=5d flags=04 status=13 pc=01845e command=13 arg=23
[  14.154]   [header-byte] write $ffa517 = 13 mask=00ff (pc=018446)
[  14.154] [packet-accepted] total=351 seq=5e flags=04 status=13 pc=01845e command=13 arg=23
[  14.170]   [header-byte] write $ffa517 = 13 mask=00ff (pc=018446)
[  14.170] [packet-accepted] total=352 seq=5f flags=04 status=13 pc=01845e command=13 arg=23
[  14.189]   [header-byte] write $ffa517 = 13 mask=00ff (pc=018446)
[  14.189] [packet-accepted] total=353 seq=60 flags=04 status=13 pc=01845e command=13 arg=23
[  14.204]   [header-byte] write $ffa517 = 13 mask=00ff (pc=018446)
[  14.204] [packet-accepted] total=354 seq=61 flags=04 status=13 pc=01845e command=13 arg=23
[  14.221]   [header-byte] write $ffa517 = 13 mask=00ff (pc=018446)
[  14.221] [packet-accepted] total=355 seq=62 flags=04 status=13 pc=01845e command=13 arg=23
[  14.237]   [header-byte] write $ffa517 = 13 mask=00ff (pc=018446)
[  14.237] [packet-accepted] total=356 seq=63 flags=04 status=13 pc=01845e command=13 arg=23
[  14.254]   [header-byte] write $ffa517 = 13 mask=00ff (pc=018446)
[  14.254] [packet-accepted] total=357 seq=64 flags=04 status=13 pc=01845e command=13 arg=23
[  14.271]   [header-byte] write $ffa517 = 13 mask=00ff (pc=018446)
[  14.271] [packet-accepted] total=358 seq=65 flags=04 status=13 pc=01845e command=13 arg=23
[  14.287]   [header-byte] write $ffa517 = 13 mask=00ff (pc=018446)
[  14.287] [packet-accepted] total=359 seq=66 flags=04 status=13 pc=01845e command=13 arg=23
[  14.304]   [header-byte] write $ffa517 = 13 mask=00ff (pc=018446)
[  14.304] [packet-accepted] total=360 seq=67 flags=04 status=13 pc=01845e command=13 arg=23
[  14.321]   [header-byte] write $ffa517 = 13 mask=00ff (pc=018446)
[  14.321] [packet-accepted] total=361 seq=68 flags=04 status=13 pc=01845e command=13 arg=23
[  14.339]   [header-byte] write $ffa517 = 13 mask=00ff (pc=018446)
[  14.339] [packet-accepted] total=362 seq=69 flags=04 status=13 pc=01845e command=13 arg=23
[  14.354]   [header-byte] write $ffa517 = 13 mask=00ff (pc=018446)
[  14.354] [packet-accepted] total=363 seq=6a flags=04 status=13 pc=01845e command=13 arg=23
[  14.371]   [header-byte] write $ffa517 = 13 mask=00ff (pc=018446)
[  14.371] [packet-accepted] total=364 seq=6b flags=04 status=13 pc=01845e command=13 arg=23
[  14.388]   [header-byte] write $ffa517 = 13 mask=00ff (pc=018446)
[  14.388] [packet-accepted] total=365 seq=6c flags=04 status=13 pc=01845e command=13 arg=23
[  14.404]   [header-byte] write $ffa517 = 13 mask=00ff (pc=018446)
[  14.404] [packet-accepted] total=366 seq=6d flags=04 status=13 pc=01845e command=13 arg=23
[  14.421]   [header-byte] write $ffa517 = 13 mask=00ff (pc=018446)
[  14.421] [packet-accepted] total=367 seq=6e flags=04 status=13 pc=01845e command=13 arg=23
[  14.438]   [header-byte] write $ffa517 = 13 mask=00ff (pc=018446)
[  14.438] [packet-accepted] total=368 seq=6f flags=04 status=13 pc=01845e command=13 arg=23
[  14.454]   [header-byte] write $ffa517 = 13 mask=00ff (pc=018446)
[  14.454] [packet-accepted] total=369 seq=70 flags=04 status=13 pc=01845e command=13 arg=23
[  14.471]   [header-byte] write $ffa517 = 13 mask=00ff (pc=018446)
[  14.471] [packet-accepted] total=370 seq=71 flags=04 status=13 pc=01845e command=13 arg=23
[  14.488]   [header-byte] write $ffa517 = 13 mask=00ff (pc=018446)
[  14.488] [packet-accepted] total=371 seq=72 flags=04 status=13 pc=01845e command=13 arg=23
[  14.505]   [header-byte] write $ffa517 = 13 mask=00ff (pc=018446)
[  14.505] [packet-accepted] total=372 seq=73 flags=04 status=13 pc=01845e command=13 arg=23
[  14.521]   [header-byte] write $ffa517 = 13 mask=00ff (pc=018446)
[  14.521] [packet-accepted] total=373 seq=74 flags=04 status=13 pc=01845e command=13 arg=23
[  14.538]   [header-byte] write $ffa517 = 13 mask=00ff (pc=018446)
[  14.538] [packet-accepted] total=374 seq=75 flags=04 status=13 pc=01845e command=13 arg=23
[  14.555]   [header-byte] write $ffa517 = 13 mask=00ff (pc=018446)
[  14.555] [packet-accepted] total=375 seq=76 flags=04 status=13 pc=01845e command=13 arg=23
[  14.571]   [header-byte] write $ffa517 = 13 mask=00ff (pc=018446)
[  14.571] [packet-accepted] total=376 seq=77 flags=04 status=13 pc=01845e command=13 arg=23
[  14.588]   [header-byte] write $ffa517 = 13 mask=00ff (pc=018446)
[  14.588] [packet-accepted] total=377 seq=78 flags=04 status=13 pc=01845e command=13 arg=23
[  14.605]   [header-byte] write $ffa517 = 13 mask=00ff (pc=018446)
[  14.605] [packet-accepted] total=378 seq=79 flags=04 status=13 pc=01845e command=13 arg=23
[  14.621]   [header-byte] write $ffa517 = 13 mask=00ff (pc=018446)
[  14.621] [packet-accepted] total=379 seq=7a flags=04 status=13 pc=01845e command=13 arg=23
[  14.638]   [header-byte] write $ffa517 = 13 mask=00ff (pc=018446)
[  14.638] [packet-accepted] total=380 seq=7b flags=04 status=13 pc=01845e command=13 arg=23
[  14.656]   [header-byte] write $ffa517 = 13 mask=00ff (pc=018446)
[  14.656] [packet-accepted] total=381 seq=7c flags=04 status=13 pc=01845e command=13 arg=23
[  14.671]   [header-byte] write $ffa517 = 13 mask=00ff (pc=018446)
[  14.671] [packet-accepted] total=382 seq=7d flags=04 status=13 pc=01845e command=13 arg=23
[  14.688]   [header-byte] write $ffa517 = 13 mask=00ff (pc=018446)
[  14.688] [packet-accepted] total=383 seq=7e flags=04 status=13 pc=01845e command=13 arg=23
[  14.705]   [header-byte] write $ffa517 = 13 mask=00ff (pc=018446)
[  14.705] [packet-accepted] total=384 seq=7f flags=04 status=13 pc=01845e command=13 arg=23
[  14.721]   [header-byte] write $ffa517 = 13 mask=00ff (pc=018446)
[  14.721] [packet-accepted] total=385 seq=80 flags=04 status=13 pc=01845e command=13 arg=23
[  14.738]   [header-byte] write $ffa517 = 13 mask=00ff (pc=018446)
[  14.738] [packet-accepted] total=386 seq=81 flags=04 status=13 pc=01845e command=13 arg=23
[  14.755]   [header-byte] write $ffa517 = 13 mask=00ff (pc=018446)
[  14.755] [packet-accepted] total=387 seq=82 flags=04 status=13 pc=01845e command=13 arg=23
[  14.771]   [header-byte] write $ffa517 = 13 mask=00ff (pc=018446)
[  14.771] [packet-accepted] total=388 seq=83 flags=04 status=13 pc=01845e command=13 arg=23
[  14.788]   [header-byte] write $ffa517 = 13 mask=00ff (pc=018446)
[  14.788] [packet-accepted] total=389 seq=84 flags=04 status=13 pc=01845e command=13 arg=23
[  14.805]   [header-byte] write $ffa517 = 13 mask=00ff (pc=018446)
[  14.805] [packet-accepted] total=390 seq=85 flags=04 status=13 pc=01845e command=13 arg=23
[  14.824]   [header-byte] write $ffa517 = 13 mask=00ff (pc=018446)
[  14.824] [packet-accepted] total=391 seq=86 flags=04 status=13 pc=01845e command=13 arg=23
[  14.838]   [header-byte] write $ffa517 = 13 mask=00ff (pc=018446)
[  14.838] [packet-accepted] total=392 seq=87 flags=04 status=13 pc=01845e command=13 arg=23
[  14.855]   [header-byte] write $ffa517 = 13 mask=00ff (pc=018446)
[  14.855] [packet-accepted] total=393 seq=88 flags=04 status=13 pc=01845e command=73 arg=23
[  14.855] [game-command] data=7373 mask=ff00 pc=018b72 requests=04
[  14.888]   [header-byte] write $ffa517 = 13 mask=00ff (pc=018446)
[  14.888] [packet-accepted] total=394 seq=89 flags=04 status=13 pc=01845e command=83 arg=34
[  14.888] [game-command] data=3434 mask=00ff pc=018c2c requests=00
[  14.888] [game-command] data=8383 mask=ff00 pc=018c34 requests=00
[  15.019] heartbeat frame=900 tx=2141 rx=1948 fc=1 fd=10 fe=1 linkflag=81 pc=00028a a502=00 a524=0000 a525=00 a170=08 a17f=00 txtail=005d rxpend=0000
[  15.019] [transport] captured=2141 flushed=2141 received=1948 accepted=394 payload2=383 payload3=0 payload4=0 payload5=0 pump_reads=1006 bursts=431 txcredit=0 outq=0 inq=0 watchdog=7 txseq=af rxseq=8a rxcredit=0 protection=00 checks=0000
[  15.019] [epochs] local=1 peer=1 ready=true discarded_rx=0
[  15.019] [game-state] a142=04 a13e=04 a13f=0f a530=8334 a506=03 a507=01 a508=00 a7b0=0000 a7a6=8334 script=01a3ee
[  15.019] [tcb-continuations] ffa580=ff80->018392 sleep=0 local26=7710 ffa5c0=ff80->01853c sleep=0 local26=0700 ffd040=ff80->018cc8 sleep=13 local26=8300 ffd100=ff80->01fbb4 sleep=0 local26=0000 ffd140=ff80->01fbb6 sleep=0 local26=0002 ffd180=ff80->01fbb6 sleep=0 local26=00a2 ffd1c0=ff80->01fbb6 sleep=0 local26=01c2 ffd200=ff80->01fbb6 sleep=0 local26=02e2 ffd240=ff80->01902e sleep=0 local26=0000
[  15.389]   [header-byte] write $ffa517 = 13 mask=00ff (pc=018446)
[  15.889]   [header-byte] write $ffa517 = 13 mask=00ff (pc=018446)
[  16.021] heartbeat frame=960 tx=2147 rx=1954 fc=1 fd=10 fe=1 linkflag=81 pc=00028a a502=00 a524=0000 a525=00 a170=08 a17f=00 txtail=0063 rxpend=0000
[  16.021] [transport] captured=2147 flushed=2147 received=1954 accepted=396 payload2=383 payload3=0 payload4=0 payload5=0 pump_reads=1068 bursts=433 txcredit=0 outq=0 inq=0 watchdog=7 txseq=b1 rxseq=8c rxcredit=0 protection=00 checks=0000
[  16.021] [epochs] local=1 peer=1 ready=true discarded_rx=0
[  16.021] [tcb-continuations] ffa580=ff80->018392 sleep=0 local26=7710 ffa5c0=ff80->01853c sleep=0 local26=0700 ffd040=ff80->018d1a sleep=134 local26=8300 ffd100=ff80->01fbb4 sleep=0 local26=0000 ffd140=ff80->01fbb6 sleep=0 local26=0002 ffd180=ff80->01fbb6 sleep=0 local26=00a2 ffd1c0=ff80->01fbb6 sleep=0 local26=01c2 ffd200=ff80->01fbb6 sleep=0 local26=02e2 ffd240=ff80->01902e sleep=0 local26=0000 ffd280=ff80->027726 sleep=0 local26=0001
[  16.037] [protection-state] address=ffa020 data=2020 mask=ff00 pc=000948
[  16.037] [protection-state] address=ffa020 data=2020 mask=00ff pc=000952
[  16.054] [protection-state] address=ffa020 data=0000 mask=00ff pc=000952
[  16.088] [protection-state] address=ffa020 data=0000 mask=ff00 pc=000948
[  16.357]   [header-byte] write $ffa517 = 10 mask=00ff (pc=018446)
[  16.357] [packet-accepted] total=397 seq=8c flags=04 status=10 pc=01845e command=93 arg=34
[  16.373] [game-command] data=9393 mask=ff00 pc=018d36 requests=00
[  16.373]   [header-byte] write $ffa513 = 10 mask=00ff (pc=018d50)
[  16.390] [game-command] data=0404 mask=ff00 pc=018d6e requests=00
[  16.390] [game-command] data=0000 mask=00ff pc=018d76 requests=00
[  16.480]   [menu-state] write $ffa170 = 0000 mask=ff00 (pc=01afb6)
[  16.481]   [menu-state] write $ffa170 = 8282 mask=ff00 (pc=01afd8)
[  16.481]   [menu-state] write $ffa176 = 0000 mask=ff00 (pc=01afde)
[  16.481]   [header-byte] write $ffa513 = 00 mask=00ff (pc=01afe6)
[  16.481]   [header-byte] write $ffa513 = 10 mask=00ff (pc=01affe)
[  16.481]   [header-byte] write $ffa513 = 50 mask=00ff (pc=01b022)
[  16.481]   [header-byte] write $ffa513 = 54 mask=00ff (pc=01b044)
[  16.481]   [menu-state] write $ffa170 = c2c2 mask=ff00 (pc=01a87a)
[  16.481]   [menu-state] write $ffa170 = c2c2 mask=ff00 (pc=01a87c)
[  16.481]   [menu-state] write $ffa170 = 4040 mask=ff00 (pc=01afb6)
[  16.481]   [menu-state] write $ffa170 = c2c2 mask=ff00 (pc=01afd8)
[  16.481]   [menu-state] write $ffa176 = 0000 mask=ff00 (pc=01afde)
[  16.481]   [header-byte] write $ffa513 = 00 mask=00ff (pc=01afe6)
[  16.481]   [header-byte] write $ffa513 = 10 mask=00ff (pc=01affe)
[  16.481]   [header-byte] write $ffa513 = 50 mask=00ff (pc=01b022)
[  16.481]   [header-byte] write $ffa513 = 54 mask=00ff (pc=01b044)
[  16.814]   [header-byte] write $ffa517 = 54 mask=00ff (pc=018446)
[  16.891]   [header-byte] write $ffa517 = 54 mask=00ff (pc=018446)
[  16.891] [packet-accepted] total=399 seq=8e flags=04 status=54 pc=01845e command=04 arg=00
[  16.908]   [header-byte] write $ffa517 = 54 mask=00ff (pc=018446)
[  16.908] [packet-accepted] total=400 seq=8f flags=04 status=54 pc=01845e command=04 arg=00
[  16.924]   [header-byte] write $ffa517 = 54 mask=00ff (pc=018446)
[  16.924] [packet-accepted] total=401 seq=90 flags=04 status=54 pc=01845e command=04 arg=00
[  16.941]   [header-byte] write $ffa517 = 54 mask=00ff (pc=018446)
[  16.941] [packet-accepted] total=402 seq=91 flags=04 status=54 pc=01845e command=04 arg=00
[  16.957]   [header-byte] write $ffa517 = 54 mask=00ff (pc=018446)
[  16.957] [packet-accepted] total=403 seq=92 flags=04 status=54 pc=01845e command=04 arg=00
[  16.976]   [header-byte] write $ffa517 = 54 mask=00ff (pc=018446)
[  16.976] [packet-accepted] total=404 seq=93 flags=04 status=54 pc=01845e command=04 arg=00
[  16.991]   [header-byte] write $ffa517 = 54 mask=00ff (pc=018446)
[  16.991] [packet-accepted] total=405 seq=94 flags=04 status=54 pc=01845e command=04 arg=00
[  17.008]   [header-byte] write $ffa517 = 54 mask=00ff (pc=018446)
[  17.008] [packet-accepted] total=406 seq=95 flags=04 status=54 pc=01845e command=04 arg=00
[  17.022] heartbeat frame=1020 tx=2160 rx=2002 fc=1 fd=10 fe=1 linkflag=81 pc=00028a a502=00 a524=0000 a525=00 a170=c2 a17f=00 txtail=0070 rxpend=0000
[  17.022] [transport] captured=2160 flushed=2160 received=2002 accepted=406 payload2=392 payload3=0 payload4=0 payload5=0 pump_reads=1138 bursts=435 txcredit=0 outq=0 inq=0 watchdog=0 txseq=b4 rxseq=96 rxcredit=5 protection=00 checks=0000
[  17.022] [epochs] local=1 peer=1 ready=true discarded_rx=0
[  17.022] [game-state] a142=04 a13e=04 a13f=0f a530=0400 a506=03 a507=01 a508=00 a7b0=0000 a7a6=9334 script=01f7f6
[  17.022] [tcb-continuations] ffa580=ff80->018392 sleep=0 local26=7710 ffa5c0=ff80->01853c sleep=0 local26=0c00 ffd100=ff80->0241de sleep=0 local26=0000 ffd140=ff80->023f9e sleep=0 local26=0000 ffd180=ff80->023c40 sleep=0 local26=0000 ffd1c0=ff80->023c70 sleep=0 local26=0002 ffd200=ff80->023c70 sleep=0 local26=0000 ffd240=ff80->023c08 sleep=0 local26=0000
[  17.024]   [header-byte] write $ffa517 = 54 mask=00ff (pc=018446)
[  17.024] [packet-accepted] total=407 seq=96 flags=04 status=54 pc=01845e command=04 arg=00
[  17.041]   [header-byte] write $ffa517 = 54 mask=00ff (pc=018446)
[  17.041] [packet-accepted] total=408 seq=97 flags=04 status=54 pc=01845e command=04 arg=00
[  17.058]   [header-byte] write $ffa517 = 54 mask=00ff (pc=018446)
[  17.058] [packet-accepted] total=409 seq=98 flags=04 status=54 pc=01845e command=04 arg=00
[  17.074]   [header-byte] write $ffa517 = 54 mask=00ff (pc=018446)
[  17.074] [packet-accepted] total=410 seq=99 flags=04 status=54 pc=01845e command=04 arg=00
[  17.091]   [header-byte] write $ffa517 = 54 mask=00ff (pc=018446)
[  17.091] [packet-accepted] total=411 seq=9a flags=04 status=54 pc=01845e command=04 arg=00
[  17.108]   [header-byte] write $ffa517 = 54 mask=00ff (pc=018446)
[  17.108] [packet-accepted] total=412 seq=9b flags=04 status=54 pc=01845e command=04 arg=00
[  17.126]   [header-byte] write $ffa517 = 54 mask=00ff (pc=018446)
[  17.126] [packet-accepted] total=413 seq=9c flags=04 status=54 pc=01845e command=04 arg=00
[  17.141]   [header-byte] write $ffa517 = 54 mask=00ff (pc=018446)
[  17.141] [packet-accepted] total=414 seq=9d flags=04 status=54 pc=01845e command=04 arg=00
[  17.158]   [header-byte] write $ffa517 = 54 mask=00ff (pc=018446)
[  17.158] [packet-accepted] total=415 seq=9e flags=04 status=54 pc=01845e command=04 arg=00
[  17.175]   [header-byte] write $ffa517 = 54 mask=00ff (pc=018446)
[  17.175] [packet-accepted] total=416 seq=9f flags=04 status=54 pc=01845e command=04 arg=00
[  17.191]   [header-byte] write $ffa517 = 54 mask=00ff (pc=018446)
[  17.191] [packet-accepted] total=417 seq=a0 flags=04 status=54 pc=01845e command=04 arg=00
[  17.208]   [header-byte] write $ffa517 = 54 mask=00ff (pc=018446)
[  17.208] [packet-accepted] total=418 seq=a1 flags=04 status=54 pc=01845e command=04 arg=00
[  17.225]   [header-byte] write $ffa517 = 54 mask=00ff (pc=018446)
[  17.225] [packet-accepted] total=419 seq=a2 flags=04 status=54 pc=01845e command=04 arg=00
[  17.241]   [header-byte] write $ffa517 = 54 mask=00ff (pc=018446)
[  17.241] [packet-accepted] total=420 seq=a3 flags=04 status=54 pc=01845e command=04 arg=00
[  17.258]   [header-byte] write $ffa517 = 54 mask=00ff (pc=018446)
[  17.258] [packet-accepted] total=421 seq=a4 flags=04 status=54 pc=01845e command=04 arg=00
[  17.275]   [header-byte] write $ffa517 = 54 mask=00ff (pc=018446)
[  17.275] [packet-accepted] total=422 seq=a5 flags=04 status=54 pc=01845e command=04 arg=00
[  17.293]   [header-byte] write $ffa517 = 54 mask=00ff (pc=018446)
[  17.293] [packet-accepted] total=423 seq=a6 flags=04 status=54 pc=01845e command=04 arg=00
[  17.308]   [header-byte] write $ffa517 = 54 mask=00ff (pc=018446)
[  17.308] [packet-accepted] total=424 seq=a7 flags=04 status=54 pc=01845e command=04 arg=00
[  17.325]   [header-byte] write $ffa517 = 54 mask=00ff (pc=018446)
[  17.325] [packet-accepted] total=425 seq=a8 flags=04 status=54 pc=01845e command=04 arg=00
[  17.341]   [header-byte] write $ffa517 = 54 mask=00ff (pc=018446)
[  17.341] [packet-accepted] total=426 seq=a9 flags=04 status=54 pc=01845e command=04 arg=00
[  17.358]   [header-byte] write $ffa517 = 54 mask=00ff (pc=018446)
[  17.358] [packet-accepted] total=427 seq=aa flags=04 status=54 pc=01845e command=04 arg=00
[  17.375]   [header-byte] write $ffa517 = 54 mask=00ff (pc=018446)
[  17.375] [packet-accepted] total=428 seq=ab flags=04 status=54 pc=01845e command=04 arg=00
[  17.392]   [header-byte] write $ffa517 = 54 mask=00ff (pc=018446)
[  17.392] [packet-accepted] total=429 seq=ac flags=04 status=54 pc=01845e command=04 arg=00
[  17.408]   [header-byte] write $ffa517 = 54 mask=00ff (pc=018446)
[  17.408] [packet-accepted] total=430 seq=ad flags=04 status=54 pc=01845e command=04 arg=00
[  17.425]   [header-byte] write $ffa517 = 54 mask=00ff (pc=018446)
[  17.425] [packet-accepted] total=431 seq=ae flags=04 status=54 pc=01845e command=04 arg=00
[  17.442]   [header-byte] write $ffa517 = 54 mask=00ff (pc=018446)
[  17.442] [packet-accepted] total=432 seq=af flags=04 status=54 pc=01845e command=04 arg=00
[  17.458]   [header-byte] write $ffa517 = 54 mask=00ff (pc=018446)
[  17.458] [packet-accepted] total=433 seq=b0 flags=04 status=54 pc=01845e command=04 arg=00
[  17.475]   [header-byte] write $ffa517 = 54 mask=00ff (pc=018446)
[  17.475] [packet-accepted] total=434 seq=b1 flags=04 status=54 pc=01845e command=04 arg=00
[  17.492]   [header-byte] write $ffa517 = 54 mask=00ff (pc=018446)
[  17.492] [packet-accepted] total=435 seq=b2 flags=04 status=54 pc=01845e command=04 arg=00
[  17.508]   [header-byte] write $ffa517 = 54 mask=00ff (pc=018446)
[  17.508] [packet-accepted] total=436 seq=b3 flags=04 status=54 pc=01845e command=04 arg=00
[  17.525]   [header-byte] write $ffa517 = 54 mask=00ff (pc=018446)
[  17.525] [packet-accepted] total=437 seq=b4 flags=04 status=54 pc=01845e command=04 arg=00
[  17.542]   [header-byte] write $ffa517 = 54 mask=00ff (pc=018446)
[  17.542] [packet-accepted] total=438 seq=b5 flags=04 status=54 pc=01845e command=04 arg=00
[  17.558]   [header-byte] write $ffa517 = 54 mask=00ff (pc=018446)
[  17.558] [packet-accepted] total=439 seq=b6 flags=04 status=54 pc=01845e command=04 arg=00
[  17.575]   [header-byte] write $ffa517 = 54 mask=00ff (pc=018446)
[  17.575] [packet-accepted] total=440 seq=b7 flags=04 status=54 pc=01845e command=04 arg=00
[  17.592]   [header-byte] write $ffa517 = 54 mask=00ff (pc=018446)
[  17.592] [packet-accepted] total=441 seq=b8 flags=04 status=54 pc=01845e command=04 arg=00
[  17.610]   [header-byte] write $ffa517 = 54 mask=00ff (pc=018446)
[  17.610] [packet-accepted] total=442 seq=b9 flags=04 status=54 pc=01845e command=04 arg=00
[  17.625]   [header-byte] write $ffa517 = 54 mask=00ff (pc=018446)
[  17.625] [packet-accepted] total=443 seq=ba flags=04 status=54 pc=01845e command=04 arg=00
[  17.642]   [header-byte] write $ffa517 = 54 mask=00ff (pc=018446)
[  17.642] [packet-accepted] total=444 seq=bb flags=04 status=54 pc=01845e command=04 arg=00
[  17.659]   [header-byte] write $ffa517 = 54 mask=00ff (pc=018446)
[  17.659] [packet-accepted] total=445 seq=bc flags=04 status=54 pc=01845e command=04 arg=00
[  17.675]   [header-byte] write $ffa517 = 54 mask=00ff (pc=018446)
[  17.675] [packet-accepted] total=446 seq=bd flags=04 status=54 pc=01845e command=04 arg=00
[  17.692]   [header-byte] write $ffa517 = 54 mask=00ff (pc=018446)
[  17.692] [packet-accepted] total=447 seq=be flags=04 status=54 pc=01845e command=04 arg=00
[  17.709]   [header-byte] write $ffa517 = 54 mask=00ff (pc=018446)
[  17.709] [packet-accepted] total=448 seq=bf flags=04 status=54 pc=01845e command=04 arg=00
[  17.725]   [header-byte] write $ffa517 = 54 mask=00ff (pc=018446)
[  17.725] [packet-accepted] total=449 seq=c0 flags=04 status=54 pc=01845e command=04 arg=00
[  17.742]   [header-byte] write $ffa517 = 54 mask=00ff (pc=018446)
[  17.742] [packet-accepted] total=450 seq=c1 flags=04 status=54 pc=01845e command=04 arg=00
[  17.760]   [header-byte] write $ffa517 = 54 mask=00ff (pc=018446)
[  17.760] [packet-accepted] total=451 seq=c2 flags=04 status=54 pc=01845e command=04 arg=00
[  17.775]   [header-byte] write $ffa517 = 54 mask=00ff (pc=018446)
[  17.775] [packet-accepted] total=452 seq=c3 flags=04 status=54 pc=01845e command=04 arg=00
[  17.792]   [header-byte] write $ffa517 = 54 mask=00ff (pc=018446)
[  17.792] [packet-accepted] total=453 seq=c4 flags=04 status=54 pc=01845e command=04 arg=00
[  17.809]   [header-byte] write $ffa517 = 54 mask=00ff (pc=018446)
[  17.809] [packet-accepted] total=454 seq=c5 flags=04 status=54 pc=01845e command=04 arg=00
[  17.825]   [header-byte] write $ffa517 = 54 mask=00ff (pc=018446)
[  17.825] [packet-accepted] total=455 seq=c6 flags=04 status=54 pc=01845e command=04 arg=00
[  17.842]   [header-byte] write $ffa517 = 54 mask=00ff (pc=018446)
[  17.842] [packet-accepted] total=456 seq=c7 flags=04 status=54 pc=01845e command=84 arg=00
[  17.842] [game-command] data=8484 mask=ff00 pc=02429a requests=00
[  17.860]   [header-byte] write $ffa517 = 54 mask=00ff (pc=018446)
[  17.860] [packet-accepted] total=457 seq=c8 flags=04 status=54 pc=01845e command=04 arg=00
[  17.875]   [header-byte] write $ffa517 = 54 mask=00ff (pc=018446)
[  17.875] [packet-accepted] total=458 seq=c9 flags=04 status=54 pc=01845e command=04 arg=00
[  17.892]   [header-byte] write $ffa517 = 54 mask=00ff (pc=018446)
[  17.892] [packet-accepted] total=459 seq=ca flags=04 status=54 pc=01845e command=04 arg=00
[  17.909]   [header-byte] write $ffa517 = 54 mask=00ff (pc=018446)
[  17.909] [packet-accepted] total=460 seq=cb flags=04 status=54 pc=01845e command=04 arg=00
[  18.023] heartbeat frame=1080 tx=2171 rx=2272 fc=1 fd=10 fe=1 linkflag=81 pc=000288 a502=00 a524=0000 a525=00 a170=c2 a17f=00 txtail=007b rxpend=0000
[  18.023] [transport] captured=2171 flushed=2171 received=2272 accepted=460 payload2=446 payload3=0 payload4=0 payload5=0 pump_reads=1252 bursts=438 txcredit=0 outq=0 inq=0 watchdog=6 txseq=b7 rxseq=cc rxcredit=0 protection=00 checks=0000
[  18.023] [epochs] local=1 peer=1 ready=true discarded_rx=0
[  18.023] [game-state] a142=04 a13e=04 a13f=0f a530=8400 a506=03 a507=01 a508=00 a7b0=0000 a7a6=9334 script=01f7f6
[  18.023] [tcb-continuations] ffa580=ff80->018392 sleep=0 local26=7710 ffa5c0=ff80->01853c sleep=0 local26=0a00 ffd100=ff80->0242ae sleep=0 local26=0000 ffd140=ff80->02417c sleep=1 local26=0000 ffd240=ff80->023c3e sleep=0 local26=0000
[  18.409]   [header-byte] write $ffa517 = 54 mask=00ff (pc=018446)
[  18.910]   [header-byte] write $ffa517 = 54 mask=00ff (pc=018446)
[  19.024] heartbeat frame=1140 tx=2177 rx=2278 fc=1 fd=10 fe=1 linkflag=81 pc=000288 a502=00 a524=0000 a525=00 a170=c2 a17f=00 txtail=0081 rxpend=0000
[  19.024] [transport] captured=2177 flushed=2177 received=2278 accepted=462 payload2=446 payload3=0 payload4=0 payload5=0 pump_reads=1314 bursts=440 txcredit=0 outq=0 inq=0 watchdog=6 txseq=b9 rxseq=ce rxcredit=0 protection=00 checks=0000
[  19.024] [epochs] local=1 peer=1 ready=true discarded_rx=0
[  19.024] [game-state] a142=04 a13e=04 a13f=0f a530=8400 a506=03 a507=01 a508=00 a7b0=0000 a7a6=9334 script=01f7fc
[  19.024] [tcb-continuations] ffa580=ff80->018392 sleep=0 local26=7710 ffa5c0=ff80->01853c sleep=0 local26=0a00 ffd100=ff80->0242ae sleep=0 local26=0000 ffd240=ff80->023c3e sleep=0 local26=0000
[  19.861]   [header-byte] write $ffa517 = 54 mask=00ff (pc=018446)
[  19.861] [packet-accepted] total=463 seq=ce flags=04 status=54 pc=01845e command=16 arg=01
[  20.026] heartbeat frame=1200 tx=2340 rx=2283 fc=1 fd=10 fe=1 linkflag=81 pc=000288 a502=00 a524=0014 a525=14 a170=c2 a17f=00 txtail=0024 rxpend=0000
[  20.026] [transport] captured=2340 flushed=2340 received=2283 accepted=463 payload2=447 payload3=0 payload4=0 payload5=0 pump_reads=1375 bursts=449 txcredit=0 outq=0 inq=0 watchdog=9 txseq=c3 rxseq=cf rxcredit=0 protection=00 checks=0000
[  20.026] [epochs] local=1 peer=1 ready=true discarded_rx=0
[  20.026] [game-state] a142=04 a13e=04 a13f=0f a530=8400 a506=03 a507=01 a508=00 a7b0=0022 a7a6=9334 script=01a512
[  20.026] [tcb-continuations] ffa580=ff80->018392 sleep=0 local26=7710 ffa5c0=ff80->01853c sleep=0 local26=0000 ffd100=ff80->0064da sleep=0 local26=0009
[  20.262] [game-command] data=2626 mask=ff00 pc=006530 requests=20
[  20.262] [game-command] data=0101 mask=00ff pc=006538 requests=20
[  20.362]   [header-byte] write $ffa517 = 54 mask=00ff (pc=018446)
[  20.414] [game-command] data=2828 mask=ff00 pc=005340 requests=00
[  20.414] [game-command] data=2222 mask=00ff pc=005356 requests=00
[  20.496]   [header-byte] write $ffa517 = 54 mask=00ff (pc=018446)
[  20.496] [packet-accepted] total=465 seq=d0 flags=04 status=54 pc=01845e command=28 arg=22
[  20.996]   [header-byte] write $ffa517 = 54 mask=00ff (pc=018446)
[  21.027] heartbeat frame=1260 tx=2670 rx=2294 fc=1 fd=10 fe=1 linkflag=81 pc=00028a a502=00 a524=0000 a525=00 a170=c2 a17f=00 txtail=006e rxpend=0000
[  21.027] [transport] captured=2670 flushed=2670 received=2294 accepted=466 payload2=448 payload3=0 payload4=0 payload5=0 pump_reads=1438 bursts=467 txcredit=0 outq=0 inq=0 watchdog=1 txseq=d4 rxseq=d2 rxcredit=0 protection=00 checks=0000
[  21.027] [epochs] local=1 peer=1 ready=true discarded_rx=0
[  21.027] [game-state] a142=04 a13e=04 a13f=0f a530=2822 a506=03 a507=01 a508=00 a7b0=2822 a7a6=9334 script=01a51a
[  21.027] [tcb-continuations] ffa580=ff80->018392 sleep=0 local26=7710 ffa5c0=ff80->01853c sleep=0 local26=0600 ffd000=ffc0->00d454 sleep=0 local26=0000 ffd040=ffc0->00daca sleep=0 local26=0000 ffd080=ffc0->004f14 sleep=0 local26=0000 ffd0c0=ffc0->004f14 sleep=0 local26=0000 ffd100=ff80->006782 sleep=0 local26=0000 ffd140=ffc0->007f6e sleep=0 local26=0000 ffd180=ff80->00539a sleep=0 local26=0200 ffd1c0=ff00->005660 sleep=0 local26=7202 ffd200=ff00->0056e4 sleep=0 local26=0000 ffd240=ff80->00539a sleep=0 local26=0200 ffd280=ff00->005660 sleep=0 local26=7202 ffd2c0=ff00->0056e4 sleep=0 local26=0000 ffd300=ff80->0086ee sleep=0 local26=0000 ffd340=ff80->0086ee sleep=0 local26=0000 ffdfc0=ffc0->00d5ca sleep=0 local26=0000
[  21.447]   [header-byte] write $ffa517 = 54 mask=00ff (pc=018446)
[  21.447] [packet-accepted] total=467 seq=d2 flags=04 status=54 pc=01845e command=38 arg=22
[  21.947]   [header-byte] write $ffa517 = 54 mask=00ff (pc=018446)
[  22.028] heartbeat frame=1320 tx=2676 rx=2302 fc=1 fd=10 fe=1 linkflag=81 pc=000288 a502=00 a524=0000 a525=00 a170=c2 a17f=00 txtail=0074 rxpend=0000
[  22.028] [transport] captured=2676 flushed=2676 received=2302 accepted=468 payload2=449 payload3=0 payload4=0 payload5=0 pump_reads=1500 bursts=469 txcredit=0 outq=0 inq=0 watchdog=4 txseq=d6 rxseq=d4 rxcredit=0 protection=00 checks=0000
[  22.028] [epochs] local=1 peer=1 ready=true discarded_rx=0
[  22.028] [game-state] a142=04 a13e=04 a13f=0f a530=2822 a506=03 a507=01 a508=00 a7b0=3822 a7a6=9334 script=01a51a
[  22.028] [tcb-continuations] ffa580=ff80->018392 sleep=0 local26=7710 ffa5c0=ff80->01853c sleep=0 local26=0600 ffd000=ffc0->00d454 sleep=0 local26=0000 ffd040=ffc0->00daca sleep=0 local26=0000 ffd080=ffc0->004f14 sleep=0 local26=0000 ffd0c0=ffc0->004f14 sleep=0 local26=0000 ffd100=ff80->006782 sleep=0 local26=0000 ffd140=ffc0->007f6e sleep=0 local26=0000 ffd180=ff80->00539a sleep=0 local26=0200 ffd1c0=ff00->005660 sleep=0 local26=ca02 ffd200=ff00->0056e4 sleep=0 local26=0000 ffd240=ff80->00539a sleep=0 local26=0200 ffd280=ff00->005660 sleep=0 local26=ca02 ffd2c0=ff00->0056e4 sleep=0 local26=0000 ffd300=ff80->0086ee sleep=0 local26=0000 ffd340=ff80->0086ee sleep=0 local26=0000 ffdfc0=ffc0->00d66e sleep=0 local26=0000
[  22.448]   [header-byte] write $ffa517 = 54 mask=00ff (pc=018446)
[  22.949]   [header-byte] write $ffa517 = 54 mask=00ff (pc=018446)
[  23.030] heartbeat frame=1380 tx=2682 rx=2308 fc=1 fd=10 fe=1 linkflag=81 pc=000288 a502=00 a524=0000 a525=00 a170=c2 a17f=00 txtail=007a rxpend=0000
[  23.030] [transport] captured=2682 flushed=2682 received=2308 accepted=470 payload2=449 payload3=0 payload4=0 payload5=0 pump_reads=1562 bursts=471 txcredit=0 outq=0 inq=0 watchdog=4 txseq=d8 rxseq=d6 rxcredit=0 protection=00 checks=0000
[  23.030] [epochs] local=1 peer=1 ready=true discarded_rx=0
[  23.030] [tcb-continuations] ffa580=ff80->018392 sleep=0 local26=7710 ffa5c0=ff80->01853c sleep=0 local26=0600 ffd000=ffc0->00d454 sleep=0 local26=0000 ffd040=ffc0->00daca sleep=0 local26=0000 ffd080=ffc0->004f14 sleep=0 local26=0000 ffd0c0=ffc0->004f14 sleep=0 local26=0000 ffd100=ff80->006782 sleep=0 local26=0000 ffd140=ffc0->007f6e sleep=0 local26=0000 ffd180=ff80->00539a sleep=0 local26=0200 ffd1c0=ff00->005660 sleep=0 local26=2202 ffd200=ff00->0056e4 sleep=0 local26=0000 ffd240=ff80->00539a sleep=0 local26=0200 ffd280=ff00->005660 sleep=0 local26=2202 ffd2c0=ff00->0056e4 sleep=0 local26=0000 ffd300=ff80->0086ee sleep=0 local26=0000 ffd340=ff80->0086ee sleep=0 local26=0000 ffdfc0=ffc0->00d66e sleep=0 local26=0000
[  23.449]   [header-byte] write $ffa517 = 54 mask=00ff (pc=018446)
[  23.950]   [header-byte] write $ffa517 = 54 mask=00ff (pc=018446)
[  24.031] heartbeat frame=1440 tx=2688 rx=2314 fc=1 fd=10 fe=1 linkflag=81 pc=00028a a502=00 a524=0000 a525=00 a170=c2 a17f=00 txtail=0080 rxpend=0000
[  24.031] [transport] captured=2688 flushed=2688 received=2314 accepted=472 payload2=449 payload3=0 payload4=0 payload5=0 pump_reads=1624 bursts=473 txcredit=0 outq=0 inq=0 watchdog=4 txseq=da rxseq=d8 rxcredit=0 protection=00 checks=0000
[  24.031] [epochs] local=1 peer=1 ready=true discarded_rx=0
[  24.031] [tcb-continuations] ffa580=ff80->018392 sleep=0 local26=7710 ffa5c0=ff80->01853c sleep=0 local26=0600 ffd000=ffc0->00d454 sleep=0 local26=0000 ffd040=ffc0->00daca sleep=0 local26=0000 ffd080=ffc0->004f14 sleep=0 local26=0000 ffd0c0=ffc0->004f14 sleep=0 local26=0000 ffd100=ff80->006782 sleep=0 local26=0000 ffd140=ffc0->007f6e sleep=0 local26=0000 ffd180=ff80->00539a sleep=0 local26=0200 ffd1c0=ff00->005660 sleep=0 local26=7a02 ffd200=ff00->0056e4 sleep=0 local26=0000 ffd240=ff80->00539a sleep=0 local26=0200 ffd280=ff00->005660 sleep=0 local26=7a02 ffd2c0=ff00->0056e4 sleep=0 local26=0000 ffd300=ff80->0086ee sleep=0 local26=0000 ffd340=ff80->0086ee sleep=0 local26=0000 ffdfc0=ffc0->00d66e sleep=0 local26=0000
[  24.452]   [header-byte] write $ffa517 = 54 mask=00ff (pc=018446)
[  24.951]   [header-byte] write $ffa517 = 54 mask=00ff (pc=018446)
[  25.032] heartbeat frame=1500 tx=2694 rx=2320 fc=1 fd=10 fe=1 linkflag=81 pc=00028a a502=00 a524=0000 a525=00 a170=c2 a17f=00 txtail=0086 rxpend=0000
[  25.032] [transport] captured=2694 flushed=2694 received=2320 accepted=474 payload2=449 payload3=0 payload4=0 payload5=0 pump_reads=1686 bursts=475 txcredit=0 outq=0 inq=0 watchdog=4 txseq=dc rxseq=da rxcredit=0 protection=00 checks=0000
[  25.032] [epochs] local=1 peer=1 ready=true discarded_rx=0
[  25.032] [tcb-continuations] ffa580=ff80->018392 sleep=0 local26=7710 ffa5c0=ff80->01853c sleep=0 local26=0600 ffd000=ffc0->00d454 sleep=0 local26=0000 ffd040=ffc0->00daca sleep=0 local26=0000 ffd080=ffc0->004f14 sleep=0 local26=0000 ffd0c0=ffc0->004f14 sleep=0 local26=0000 ffd100=ff80->006782 sleep=0 local26=0000 ffd140=ffc0->007f6e sleep=0 local26=0000 ffd180=ff80->00539a sleep=0 local26=0200 ffd1c0=ff00->005660 sleep=0 local26=d202 ffd200=ff00->0056e4 sleep=0 local26=0000 ffd240=ff80->00539a sleep=0 local26=0200 ffd280=ff00->005660 sleep=0 local26=d202 ffd2c0=ff00->0056e4 sleep=0 local26=0000 ffd300=ff80->0086ee sleep=0 local26=0000 ffd340=ff80->0086ee sleep=0 local26=0000 ffdfc0=ffc0->00d66e sleep=0 local26=0000
[  25.452]   [header-byte] write $ffa517 = 54 mask=00ff (pc=018446)
[  25.952]   [header-byte] write $ffa517 = 54 mask=00ff (pc=018446)
[  26.034] heartbeat frame=1560 tx=2700 rx=2326 fc=1 fd=10 fe=1 linkflag=81 pc=000288 a502=00 a524=0000 a525=00 a170=c2 a17f=00 txtail=008c rxpend=0000
[  26.034] [transport] captured=2700 flushed=2700 received=2326 accepted=476 payload2=449 payload3=0 payload4=0 payload5=0 pump_reads=1748 bursts=477 txcredit=0 outq=0 inq=0 watchdog=4 txseq=de rxseq=dc rxcredit=0 protection=00 checks=0000
[  26.034] [epochs] local=1 peer=1 ready=true discarded_rx=0
[  26.034] [tcb-continuations] ffa580=ff80->018392 sleep=0 local26=7710 ffa5c0=ff80->01853c sleep=0 local26=0600 ffd000=ffc0->00d454 sleep=0 local26=0000 ffd040=ffc0->00daca sleep=0 local26=0000 ffd080=ffc0->004f14 sleep=0 local26=0000 ffd0c0=ffc0->004f14 sleep=0 local26=0000 ffd100=ff80->006782 sleep=0 local26=0000 ffd140=ffc0->007f6e sleep=0 local26=0000 ffd180=ff80->00539a sleep=0 local26=0200 ffd1c0=ff00->005660 sleep=0 local26=2a02 ffd200=ff00->0056e4 sleep=0 local26=0000 ffd240=ff80->00539a sleep=0 local26=0200 ffd280=ff00->005660 sleep=0 local26=2a02 ffd2c0=ff00->0056e4 sleep=0 local26=0000 ffd300=ff80->0086ee sleep=0 local26=0000 ffd340=ff80->0086ee sleep=0 local26=0000 ffdfc0=ffc0->00d66e sleep=0 local26=0000
[  26.370]   [header-byte] write $ffa517 = 5c mask=00ff (pc=018446)
[  26.386]   [menu-state] write $ffa171 = 0808 mask=00ff (pc=0193da)
[  26.386]   [header-byte] write $ffa513 = 44 mask=00ff (pc=019e4a)
[  26.386]   [header-byte] write $ffa513 = 00 mask=00ff (pc=01afe6)
[  26.386]   [header-byte] write $ffa513 = 04 mask=00ff (pc=01b044)
[  26.486]   [header-byte] write $ffa517 = 0c mask=00ff (pc=018446)
[  26.987]   [header-byte] write $ffa517 = 0c mask=00ff (pc=018446)
[  27.035] heartbeat frame=1620 tx=2706 rx=2335 fc=1 fd=10 fe=1 linkflag=81 pc=000288 a502=00 a524=0000 a525=00 a170=c2 a17f=00 txtail=0092 rxpend=0000
[  27.035] [transport] captured=2706 flushed=2706 received=2335 accepted=479 payload2=449 payload3=0 payload4=0 payload5=0 pump_reads=1811 bursts=479 txcredit=0 outq=0 inq=0 watchdog=2 txseq=e0 rxseq=df rxcredit=0 protection=00 checks=0000
[  27.035] [epochs] local=1 peer=1 ready=true discarded_rx=0
[  27.035] [tcb-continuations] ffa580=ff80->018392 sleep=0 local26=7710 ffa5c0=ff80->01853c sleep=0 local26=0800 ffd000=ffc0->00d454 sleep=0 local26=0000 ffd040=ffc0->00daca sleep=0 local26=0000 ffd080=ffc0->004f14 sleep=0 local26=0000 ffd0c0=ffc0->004f14 sleep=0 local26=0000 ffd100=ff80->006782 sleep=0 local26=0000 ffd140=ffc0->007f6e sleep=0 local26=0000 ffd180=ff80->005454 sleep=0 local26=0200 ffd1c0=ff00->005660 sleep=0 local26=8202 ffd200=ff00->0056e4 sleep=0 local26=0000 ffd240=ff80->005454 sleep=0 local26=0200 ffd280=ff00->005660 sleep=0 local26=8202 ffd2c0=ff00->0056e4 sleep=0 local26=0000 ffdfc0=ffc0->00d66e sleep=0 local26=0000
[  27.454] [game-command] data=3838 mask=ff00 pc=00d470 requests=00
[  27.488]   [header-byte] write $ffa517 = 0c mask=00ff (pc=018446)
[  27.488] [packet-accepted] total=480 seq=df flags=00 status=0c pc=01845e
[  27.989]   [header-byte] write $ffa517 = 0c mask=00ff (pc=018446)
[  28.036] heartbeat frame=1680 tx=2717 rx=2341 fc=1 fd=10 fe=1 linkflag=81 pc=000288 a502=00 a524=0000 a525=00 a170=c2 a17f=00 txtail=009d rxpend=0000
[  28.036] [transport] captured=2717 flushed=2717 received=2341 accepted=481 payload2=449 payload3=0 payload4=0 payload5=0 pump_reads=1873 bursts=482 txcredit=0 outq=0 inq=0 watchdog=2 txseq=e3 rxseq=e1 rxcredit=0 protection=00 checks=0000
[  28.036] [epochs] local=1 peer=1 ready=true discarded_rx=0
[  28.036] [game-state] a142=04 a13e=04 a13f=0f a530=3822 a506=03 a507=01 a508=00 a7b0=3822 a7a6=9334 script=01a51a
[  28.036] [tcb-continuations] ffa580=ff80->018392 sleep=0 local26=7710 ffa5c0=ff80->01853c sleep=0 local26=0400 ffd000=ffc0->00d47c sleep=0 local26=0000 ffd040=ffc0->00daca sleep=0 local26=0000 ffd080=ffc0->004f30 sleep=0 local26=0000 ffd0c0=ffc0->004f30 sleep=0 local26=0000 ffd100=ff80->006782 sleep=0 local26=0000 ffd140=ffc0->007fb6 sleep=0 local26=0000 ffdfc0=ffc0->00d66e sleep=0 local26=0000
[  28.489]   [header-byte] write $ffa517 = 0c mask=00ff (pc=018446)
[  28.907] [game-command] data=f8f8 mask=ff00 pc=008022 requests=00
[  28.924] [game-command] data=0b0b mask=ff00 pc=00d49c requests=00
[  28.990]   [header-byte] write $ffa517 = 0c mask=00ff (pc=018446)
[  29.023]   [header-byte] write $ffa517 = 0c mask=00ff (pc=018446)
[  29.023] [packet-accepted] total=484 seq=e3 flags=10 status=0c pc=01845e
[  29.037] heartbeat frame=1740 tx=2754 rx=2364 fc=1 fd=10 fe=1 linkflag=81 pc=00028a a502=00 a524=0000 a525=00 a170=c2 a17f=00 txtail=00c2 rxpend=0000
[  29.037] [transport] captured=2754 flushed=2754 received=2364 accepted=484 payload2=449 payload3=0 payload4=1 payload5=0 pump_reads=1936 bursts=485 txcredit=0 outq=0 inq=0 watchdog=0 txseq=e6 rxseq=e4 rxcredit=17 protection=00 checks=0000
[  29.037] [epochs] local=1 peer=1 ready=true discarded_rx=0
[  29.037] [game-state] a142=04 a13e=04 a13f=0f a530=0b22 a506=0b a507=01 a508=00 a7b0=3822 a7a6=9334 script=01a51a
[  29.037] [tcb-continuations] ffa580=ff80->018392 sleep=0 local26=7710 ffa5c0=ff80->01853c sleep=0 local26=0400 ffd000=ffc0->00d4b4 sleep=0 local26=0000 ffd040=ffc0->00daca sleep=0 local26=0000 ffd080=ffc0->00504e sleep=0 local26=0100 ffd0c0=ffc0->00504e sleep=0 local26=0100 ffd100=ff80->006782 sleep=0 local26=0000 ffd140=ffc0->008082 sleep=0 local26=0000 ffd180=ff80->007944 sleep=0 local26=0000 ffd1c0=ff80->007d70 sleep=0 local26=0000 ffd200=ff80->007944 sleep=0 local26=0000 ffd240=ff80->007d70 sleep=0 local26=0000 ffdfc0=ffc0->00d6d0 sleep=0 local26=0000 ffe000=ff00->008362 sleep=0 local26=000c ffe040=ff00->008362 sleep=0 local26=000c ffe080=ff00->008362 sleep=0 local26=000c ffe0c0=ff00->008362 sleep=0 local26=000c ffe100=ff00->008362 sleep=0 local26=000c ffe140=ff00->008362 sleep=0 local26=000c ffe180=ff00->008362 sleep=0 local26=000c ffe1c0=ff00->008362 sleep=0 local26=000c ffe200=ff00->008362 sleep=0 local26=000c ffe240=ff00->008362 sleep=0 local26=000c ffe280=ff00->008362 sleep=0 local26=000c ffe2c0=ff00->008362 sleep=0 local26=000c ffe300=ff00->008362 sleep=0 local26=000c ffe340=ff00->008362 sleep=0 local26=000c ffe380=ff00->008362 sleep=0 local26=000c ffe3c0=ff00->008362 sleep=0 local26=000c ffe400=ff00->008362 sleep=0 local26=000c ffe440=ff00->008362 sleep=0 local26=000c ffe480=ff00->008362 sleep=0 local26=000c ffe4c0=ff00->008362 sleep=0 local26=000c ffe500=ff00->008362 sleep=0 local26=000c ffe540=ff00->008362 sleep=0 local26=000c ffe580=ff00->008362 sleep=0 local26=000c ffe5c0=ff00->008362 sleep=0 local26=000c ffe600=ff00->008362 sleep=0 local26=000c ffe640=ff00->008362 sleep=0 local26=000c ffe680=ff00->008362 sleep=0 local26=000c ffe6c0=ff00->008362 sleep=0 local26=000c ffe700=ff00->008362 sleep=0 local26=000c ffe740=ff00->008362 sleep=0 local26=000c ffe780=ff00->008362 sleep=0 local26=000c ffe7c0=ff00->008362 sleep=0 local26=000c
[  29.040]   [header-byte] write $ffa517 = 0c mask=00ff (pc=018446)
[  29.040] [packet-accepted] total=485 seq=e4 flags=10 status=0c pc=01845e
[  29.541]   [header-byte] write $ffa517 = 0c mask=00ff (pc=018446)
[  29.841] [attack-state] address=ffa7e4 data=8080 mask=ff00 pc=0050ce protection=00
[  29.842] [attack-state] address=ffa7e4 data=0000 mask=ff00 pc=00da56 protection=00
[  29.874] [attack-state] address=ffa7e0 data=8080 mask=ff00 pc=0050ce protection=00
[  29.876] [attack-state] address=ffa7e0 data=0000 mask=ff00 pc=00da56 protection=00
[  29.958]   [header-byte] write $ffa517 = 0c mask=00ff (pc=018446)
[  29.958] [packet-accepted] total=487 seq=e6 flags=10 status=0c pc=01845e
[  29.976]   [header-byte] write $ffa517 = 0c mask=00ff (pc=018446)
[  29.976] [packet-accepted] total=488 seq=e7 flags=10 status=0c pc=01845e
[  30.039] heartbeat frame=1800 tx=2805 rx=2418 fc=1 fd=10 fe=1 linkflag=81 pc=00028a a502=00 a524=0000 a525=00 a170=c2 a17f=00 txtail=00f5 rxpend=0000
[  30.039] [transport] captured=2805 flushed=2805 received=2418 accepted=488 payload2=449 payload3=0 payload4=4 payload5=0 pump_reads=2000 bursts=490 txcredit=0 outq=0 inq=0 watchdog=3 txseq=eb rxseq=e8 rxcredit=0 protection=00 checks=0000
[  30.039] [epochs] local=1 peer=1 ready=true discarded_rx=0
[  30.039] [tcb-continuations] ffa580=ff80->018392 sleep=0 local26=7710 ffa5c0=ff80->01853c sleep=0 local26=0900 ffd000=ffc0->00d4b4 sleep=0 local26=0000 ffd040=ffc0->00daca sleep=0 local26=0000 ffd080=ffc0->00504e sleep=0 local26=0400 ffd0c0=ffc0->00504e sleep=0 local26=0600 ffd100=ff80->006782 sleep=0 local26=0000 ffd140=ffc0->008082 sleep=0 local26=0316 ffd180=ff00->0079fe sleep=6 local26=0001 ffd1c0=ff00->0079fe sleep=4 local26=0000 ffd200=ff00->0079fe sleep=4 local26=0001 ffd240=ff00->0079fe sleep=2 local26=0000 ffd280=ff80->007944 sleep=0 local26=0000 ffd2c0=ff80->007d70 sleep=0 local26=0000 ffd300=ff80->007944 sleep=0 local26=0000 ffd340=ff80->007d70 sleep=0 local26=0000 ffdfc0=ffc0->00d6d0 sleep=0 local26=0000 ffe100=ff00->008362 sleep=0 local26=ffd0 ffe280=ff00->008362 sleep=0 local26=ffd0 ffe640=ff00->008362 sleep=0 local26=ffd0 ffe680=ff00->008362 sleep=0 local26=ffd0 ffe6c0=ff00->008362 sleep=0 local26=ffd0
[  30.074]   [header-byte] write $ffa517 = 0c mask=00ff (pc=018446)
[  30.074] [packet-accepted] total=489 seq=e8 flags=08 status=0c pc=01845e attack=8000,ffff
[  30.074] [attack-state] address=ffa7f0 data=8080 mask=ff00 pc=018638 protection=00
[  30.074] [attack-state] address=ffa7f8 data=8080 mask=ff00 pc=01863c protection=00
[  30.108]   [header-byte] write $ffa517 = 0c mask=00ff (pc=018446)
[  30.108] [packet-accepted] total=490 seq=e9 flags=08 status=0c pc=01845e attack=ffff,8000
[  30.108] [attack-state] address=ffa7f4 data=8080 mask=ff00 pc=018638 protection=00
[  30.108] [attack-state] address=ffa7fc data=8080 mask=ff00 pc=01863c protection=00
[  30.608]   [header-byte] write $ffa517 = 0c mask=00ff (pc=018446)
[  30.792] [attack-state] address=ffa7e0 data=8080 mask=ff00 pc=0050ce protection=00
[  30.792] [attack-state] address=ffa7e4 data=8080 mask=ff00 pc=0050ce protection=00
[  30.793] [attack-state] address=ffa7e0 data=0000 mask=ff00 pc=00da56 protection=00
[  30.793] [attack-state] address=ffa7e4 data=0000 mask=ff00 pc=00da56 protection=00
[  31.040] heartbeat frame=1860 tx=2849 rx=2435 fc=1 fd=10 fe=1 linkflag=81 pc=00028a a502=00 a524=0000 a525=00 a170=c2 a17f=00 txtail=0021 rxpend=0000
[  31.040] [transport] captured=2849 flushed=2849 received=2435 accepted=491 payload2=449 payload3=2 payload4=4 payload5=0 pump_reads=2063 bursts=494 txcredit=0 outq=0 inq=0 watchdog=25 txseq=ef rxseq=eb rxcredit=17 protection=00 checks=0000
[  31.040] [epochs] local=1 peer=1 ready=true discarded_rx=0
[  31.040] [tcb-continuations] ffa580=ff80->018392 sleep=0 local26=7710 ffa5c0=ff80->01853c sleep=0 local26=0e00 ffd000=ffc0->00d4b4 sleep=0 local26=0000 ffd040=ffc0->00daca sleep=0 local26=0000 ffd080=ffc0->00504e sleep=0 local26=0900 ffd0c0=ffc0->00504e sleep=0 local26=0900 ffd100=ff80->006782 sleep=0 local26=0000 ffd140=ffc0->008082 sleep=0 local26=0216 ffd180=ff80->007944 sleep=0 local26=0000 ffd1c0=ff80->007d70 sleep=0 local26=0000 ffd200=ff80->007944 sleep=0 local26=0000 ffd240=ff80->007d70 sleep=0 local26=0000 ffd280=ff00->0079fe sleep=1 local26=0001 ffd2c0=ff00->007a24 sleep=0 local26=0600 ffd300=ff00->0079fe sleep=1 local26=0001 ffd340=ff00->007a24 sleep=0 local26=0600 ffdfc0=ffc0->00d6d0 sleep=0 local26=0000 ffe000=ff00->0070c2 sleep=0 local26=4c00
[  31.042]   [header-byte] write $ffa517 = 0c mask=00ff (pc=018446)
[  31.042] [packet-accepted] total=492 seq=eb flags=10 status=0c pc=01845e
[  31.060]   [header-byte] write $ffa517 = 0c mask=00ff (pc=018446)
[  31.060] [packet-accepted] total=493 seq=ec flags=10 status=0c pc=01845e
[  31.176]   [header-byte] write $ffa517 = 0c mask=00ff (pc=018446)
[  31.176] [packet-accepted] total=494 seq=ed flags=08 status=0c pc=01845e attack=8000,8000
[  31.678]   [header-byte] write $ffa517 = 0c mask=00ff (pc=018446)
[  31.745] [attack-state] address=ffa7e4 data=8080 mask=ff00 pc=0050ce protection=00
[  31.746] [attack-state] address=ffa7e4 data=0000 mask=ff00 pc=00da56 protection=00
[  31.860] [attack-state] address=ffa7e0 data=8080 mask=ff00 pc=0050ce protection=00
[  31.862] [attack-state] address=ffa7e0 data=0000 mask=ff00 pc=00da56 protection=00
[  32.010]   [header-byte] write $ffa517 = 0c mask=00ff (pc=018446)
[  32.010] [packet-accepted] total=496 seq=ef flags=10 status=0c pc=01845e
[  32.041] heartbeat frame=1920 tx=2900 rx=2496 fc=1 fd=10 fe=1 linkflag=81 pc=00028a a502=00 a524=0000 a525=00 a170=c2 a17f=00 txtail=0054 rxpend=0000
[  32.041] [transport] captured=2900 flushed=2900 received=2496 accepted=496 payload2=449 payload3=3 payload4=7 payload5=0 pump_reads=2128 bursts=499 txcredit=0 outq=0 inq=0 watchdog=1 txseq=f4 rxseq=f0 rxcredit=0 protection=00 checks=0000
[  32.041] [epochs] local=1 peer=1 ready=true discarded_rx=0
[  32.041] [tcb-continuations] ffa580=ff80->018392 sleep=0 local26=7710 ffa5c0=ff80->01853c sleep=0 local26=0a00 ffd000=ffc0->00d4b4 sleep=0 local26=0000 ffd040=ffc0->00daca sleep=0 local26=0000 ffd080=ffc0->00504e sleep=0 local26=0500 ffd0c0=ffc0->00504e sleep=0 local26=0c00 ffd100=ff80->006782 sleep=0 local26=0000 ffd140=ffc0->008082 sleep=0 local26=0216 ffd180=ff00->0079fe sleep=5 local26=0001 ffd1c0=ff00->0079fe sleep=3 local26=0000 ffd200=ff00->007a24 sleep=0 local26=0601 ffd240=ff00->007a24 sleep=0 local26=0600 ffd280=ff80->007944 sleep=0 local26=0000 ffd2c0=ff80->007d70 sleep=0 local26=0000 ffd300=ff80->007944 sleep=0 local26=0000 ffd340=ff80->007d70 sleep=0 local26=0000 ffdfc0=ffc0->00d6d0 sleep=0 local26=0000 ffe000=ff00->0070c2 sleep=0 local26=4c00
[  32.110]   [header-byte] write $ffa517 = 0c mask=00ff (pc=018446)
[  32.110] [packet-accepted] total=497 seq=f0 flags=10 status=0c pc=01845e
[  32.127]   [header-byte] write $ffa517 = 0c mask=00ff (pc=018446)
[  32.127] [packet-accepted] total=498 seq=f1 flags=08 status=0c pc=01845e attack=8000,ffff
[  32.244]   [header-byte] write $ffa517 = 0c mask=00ff (pc=018446)
[  32.244] [packet-accepted] total=499 seq=f2 flags=08 status=0c pc=01845e attack=ffff,8000
[  32.745]   [header-byte] write $ffa517 = 0c mask=00ff (pc=018446)
[  32.912]   [header-byte] write $ffa517 = 0c mask=00ff (pc=018446)
[  32.912] [packet-accepted] total=501 seq=f4 flags=10 status=0c pc=01845e
[  33.043] heartbeat frame=1980 tx=2937 rx=2547 fc=1 fd=10 fe=1 linkflag=81 pc=000288 a502=00 a524=0000 a525=00 a170=c2 a17f=00 txtail=0079 rxpend=0000
[  33.043] [transport] captured=2937 flushed=2937 received=2547 accepted=501 payload2=449 payload3=5 payload4=9 payload5=0 pump_reads=2193 bursts=502 txcredit=0 outq=0 inq=0 watchdog=7 txseq=f7 rxseq=f5 rxcredit=0 protection=00 checks=0000
[  33.043] [epochs] local=1 peer=1 ready=true discarded_rx=0
[  33.043] [tcb-continuations] ffa580=ff80->018392 sleep=0 local26=7710 ffa5c0=ff80->01853c sleep=0 local26=1200 ffd000=ffc0->00d4b4 sleep=0 local26=0000 ffd040=ffc0->00daca sleep=0 local26=0000 ffd080=ffc0->005120 sleep=11 local26=0001 ffd0c0=ffc0->005120 sleep=8 local26=0001 ffd100=ff80->006782 sleep=0 local26=0000 ffd140=ffc0->008082 sleep=0 local26=0116 ffd280=ff00->0079fe sleep=2 local26=0001 ffd2c0=ff00->007a16 sleep=0 local26=0000 ffd300=ff00->0079fe sleep=5 local26=0001 ffd340=ff00->0079fe sleep=3 local26=0000 ffdfc0=ffc0->00d6d0 sleep=0 local26=0000 ffe000=ff00->0070c2 sleep=0 local26=4c00 ffe040=ff00->0070c2 sleep=0 local26=4100
[  33.063]   [header-byte] write $ffa517 = 0c mask=00ff (pc=018446)
[  33.063] [packet-accepted] total=502 seq=f5 flags=10 status=0c pc=01845e
[  33.182] [protection-state] address=ffa024 data=7878 mask=ff00 pc=007848
[  33.182] [garbage-calculation] protection=00 score=005b divisor=0078 task=ffd0c0 pc=00784e
[  33.229] [garbage-calculation] protection=00 score=0058 divisor=0078 task=ffd080 pc=00784e
[  33.562]   [header-byte] write $ffa517 = 0c mask=00ff (pc=018446)
[  34.044] heartbeat frame=2040 tx=2943 rx=2567 fc=1 fd=10 fe=1 linkflag=81 pc=00028a a502=00 a524=0011 a525=11 a170=c2 a17f=00 txtail=007f rxpend=0000
[  34.044] [transport] captured=2943 flushed=2943 received=2567 accepted=503 payload2=449 payload3=5 payload4=10 payload5=0 pump_reads=2255 bursts=504 txcredit=0 outq=0 inq=0 watchdog=28 txseq=fa rxseq=f7 rxcredit=0 protection=00 checks=0000
[  34.044] [epochs] local=1 peer=1 ready=true discarded_rx=0
[  34.044] [tcb-continuations] ffa580=ff80->018392 sleep=0 local26=7710 ffa5c0=ff80->01853c sleep=0 local26=0000 ffd000=ffc0->00d4b4 sleep=0 local26=0000 ffd040=ffc0->00daca sleep=0 local26=0000 ffd080=ffc0->005164 sleep=0 local26=0001 ffd0c0=ffc0->005082 sleep=0 local26=0001 ffd100=ff80->006782 sleep=0 local26=0000 ffd140=ffc0->008082 sleep=0 local26=0116 ffd180=ff80->00963c sleep=0 local26=0000 ffd200=ff80->00963c sleep=0 local26=0000 ffd240=ff00->009950 sleep=0 local26=0002 ffdfc0=ffc0->00d6d0 sleep=0 local26=0000 ffe000=ff00->0070c2 sleep=0 local26=4c00 ffe040=ff00->0070c2 sleep=0 local26=4100 ffe180=ff00->0070c2 sleep=0 local26=2b00 ffe880=ff00->0070c2 sleep=0 local26=2000
[  34.063]   [header-byte] write $ffa517 = 0c mask=00ff (pc=018446)
[  34.165] [attack-state] address=ffa7e4 data=8080 mask=ff00 pc=0050ce protection=00
[  34.166] [attack-state] address=ffa7e4 data=0000 mask=ff00 pc=00da56 protection=00
[  34.263]   [header-byte] write $ffa517 = 0c mask=00ff (pc=018446)
[  34.263] [packet-accepted] total=505 seq=f8 flags=10 status=0c pc=01845e
[  34.280] [attack-state] address=ffa7e0 data=8080 mask=ff00 pc=0050ce protection=00
[  34.282] [attack-state] address=ffa7e0 data=0000 mask=ff00 pc=00da56 protection=00
[  34.397]   [header-byte] write $ffa517 = 0c mask=00ff (pc=018446)
[  34.397] [packet-accepted] total=506 seq=f9 flags=08 status=0c pc=01845e attack=8000,ffff
[  34.415]   [header-byte] write $ffa517 = 0c mask=00ff (pc=018446)
[  34.415] [packet-accepted] total=507 seq=fa flags=10 status=0c pc=01845e
[  34.547]   [header-byte] write $ffa517 = 0c mask=00ff (pc=018446)
[  34.547] [packet-accepted] total=508 seq=fb flags=08 status=0c pc=01845e attack=ffff,8000
[  35.045] heartbeat frame=2100 tx=2994 rx=2618 fc=1 fd=10 fe=1 linkflag=81 pc=000288 a502=00 a524=0000 a525=00 a170=c2 a17f=00 txtail=00b2 rxpend=0000
[  35.045] [transport] captured=2994 flushed=2994 received=2618 accepted=508 payload2=449 payload3=7 payload4=12 payload5=0 pump_reads=2320 bursts=509 txcredit=0 outq=0 inq=0 watchdog=29 txseq=fe rxseq=fc rxcredit=3 protection=00 checks=0000
[  35.045] [epochs] local=1 peer=1 ready=true discarded_rx=0
[  35.045] [tcb-continuations] ffa580=ff80->018392 sleep=0 local26=7710 ffa5c0=ff80->01853c sleep=0 local26=0f00 ffd000=ffc0->00d4b4 sleep=0 local26=0000 ffd040=ffc0->00daca sleep=0 local26=0000 ffd080=ffc0->00504e sleep=0 local26=2800 ffd0c0=ffc0->00504e sleep=0 local26=2f00 ffd100=ff80->006782 sleep=0 local26=0000 ffd140=ffc0->008082 sleep=0 local26=0016 ffd180=ff80->0079d4 sleep=0 local26=0001 ffd1c0=ff80->007dfc sleep=0 local26=0000 ffd200=ff80->0079d4 sleep=0 local26=0001 ffd240=ff80->007dfc sleep=0 local26=0000 ffdfc0=ffc0->00d6d0 sleep=0 local26=0000 ffe000=ff00->0070c2 sleep=0 local26=4c00
[  35.049]   [header-byte] write $ffa517 = 0c mask=00ff (pc=018446)
[  35.231] [attack-state] address=ffa7e0 data=8080 mask=ff00 pc=0050ce protection=00
[  35.231] [attack-state] address=ffa7e4 data=8080 mask=ff00 pc=0050ce protection=00
[  35.233] [attack-state] address=ffa7e0 data=0000 mask=ff00 pc=00da56 protection=00
[  35.233] [attack-state] address=ffa7e4 data=0000 mask=ff00 pc=00da56 protection=00
[  35.265]   [header-byte] write $ffa517 = 0c mask=00ff (pc=018446)
[  35.265] [packet-accepted] total=510 seq=fd flags=10 status=0c pc=01845e
[  35.366]   [header-byte] write $ffa517 = 0c mask=00ff (pc=018446)
[  35.366] [packet-accepted] total=511 seq=fe flags=10 status=0c pc=01845e
[  35.401]   [header-byte] write $ffa517 = 0c mask=00ff (pc=018446)
[  35.401] [packet-accepted] total=512 seq=ff flags=08 status=0c pc=01845e attack=8000,ffff
[  35.500]   [header-byte] write $ffa517 = 0c mask=00ff (pc=018446)
[  35.500] [packet-accepted] total=513 seq=00 flags=08 status=0c pc=01845e attack=ffff,8000
[  35.999]   [header-byte] write $ffa517 = 0c mask=00ff (pc=018446)
[  36.046] heartbeat frame=2160 tx=3038 rx=2672 fc=1 fd=10 fe=1 linkflag=81 pc=000288 a502=00 a524=0000 a525=00 a170=c2 a17f=00 txtail=00de rxpend=0000
[  36.046] [transport] captured=3038 flushed=3038 received=2672 accepted=514 payload2=449 payload3=9 payload4=14 payload5=0 pump_reads=2386 bursts=513 txcredit=0 outq=0 inq=0 watchdog=2 txseq=02 rxseq=02 rxcredit=0 protection=00 checks=0000
[  36.046] [epochs] local=1 peer=1 ready=true discarded_rx=0
[  36.046] [tcb-continuations] ffa580=ff80->018392 sleep=0 local26=7710 ffa5c0=ff80->01853c sleep=0 local26=1200 ffd000=ffc0->00d4b4 sleep=0 local26=0000 ffd040=ffc0->00daca sleep=0 local26=0000 ffd080=ffc0->00504e sleep=0 local26=2b00 ffd0c0=ffc0->00504e sleep=0 local26=2b00 ffd100=ff80->006782 sleep=0 local26=0000 ffd140=ffc0->008082 sleep=0 local26=00ff ffd280=ff80->0079d4 sleep=0 local26=0001 ffd2c0=ff80->007dfc sleep=0 local26=0000 ffd300=ff00->0079fe sleep=24 local26=0001 ffd340=ff00->0079fe sleep=22 local26=0000 ffdfc0=ffc0->00d6d0 sleep=0 local26=0000 ffe000=ff00->0070c2 sleep=0 local26=4c00
[  36.184] [attack-state] address=ffa7e4 data=8080 mask=ff00 pc=0050ce protection=00
[  36.186] [attack-state] address=ffa7e4 data=0000 mask=ff00 pc=00da56 protection=00
[  36.217]   [header-byte] write $ffa517 = 0c mask=00ff (pc=018446)
[  36.217] [packet-accepted] total=515 seq=02 flags=10 status=0c pc=01845e
[  36.299] [attack-state] address=ffa7e0 data=8080 mask=ff00 pc=0050ce protection=00
[  36.301] [attack-state] address=ffa7e0 data=0000 mask=ff00 pc=00da56 protection=00
[  36.349]   [header-byte] write $ffa517 = 0c mask=00ff (pc=018446)
[  36.349] [packet-accepted] total=516 seq=03 flags=08 status=0c pc=01845e attack=8000,ffff
[  36.433]   [header-byte] write $ffa517 = 0c mask=00ff (pc=018446)
[  36.433] [packet-accepted] total=517 seq=04 flags=10 status=0c pc=01845e
[  36.568]   [header-byte] write $ffa517 = 0c mask=00ff (pc=018446)
[  36.568] [packet-accepted] total=518 seq=05 flags=08 status=0c pc=01845e attack=ffff,8000
[  37.048] heartbeat frame=2220 tx=3089 rx=2720 fc=1 fd=10 fe=1 linkflag=81 pc=000288 a502=00 a524=0000 a525=00 a170=c2 a17f=00 txtail=0011 rxpend=0000
[  37.048] [transport] captured=3089 flushed=3089 received=2720 accepted=518 payload2=449 payload3=11 payload4=16 payload5=0 pump_reads=2450 bursts=518 txcredit=0 outq=0 inq=0 watchdog=28 txseq=07 rxseq=06 rxcredit=0 protection=00 checks=0000
[  37.048] [epochs] local=1 peer=1 ready=true discarded_rx=0
[  37.048] [tcb-continuations] ffa580=ff80->018392 sleep=0 local26=7710 ffa5c0=ff80->01853c sleep=0 local26=0e00 ffd000=ffc0->00d4b4 sleep=0 local26=0000 ffd040=ffc0->00daca sleep=0 local26=0000 ffd080=ffc0->00504e sleep=0 local26=2700 ffd0c0=ffc0->00504e sleep=0 local26=2e00 ffd100=ff80->006782 sleep=0 local26=0000 ffd140=ffc0->008082 sleep=0 local26=0315 ffd180=ff80->0079d4 sleep=0 local26=0001 ffd1c0=ff80->007dfc sleep=0 local26=0000 ffd200=ff80->0079d4 sleep=0 local26=0001 ffd240=ff80->007dfc sleep=0 local26=0000 ffdfc0=ffc0->00d6d0 sleep=0 local26=0000
[  37.067]   [header-byte] write $ffa517 = 0c mask=00ff (pc=018446)
[  37.284]   [header-byte] write $ffa517 = 0c mask=00ff (pc=018446)
[  37.284] [packet-accepted] total=520 seq=07 flags=10 status=0c pc=01845e
[  37.286] [attack-state] address=ffa7e4 data=8080 mask=ff00 pc=0050ce protection=00
[  37.288] [attack-state] address=ffa7e4 data=0000 mask=ff00 pc=00da56 protection=00
[  37.351]   [header-byte] write $ffa517 = 0c mask=00ff (pc=018446)
[  37.351] [packet-accepted] total=521 seq=08 flags=10 status=0c pc=01845e
[  37.401] [attack-state] address=ffa7e0 data=8080 mask=ff00 pc=0050ce protection=00
[  37.403] [attack-state] address=ffa7e0 data=0000 mask=ff00 pc=00da56 protection=00
[  37.418]   [header-byte] write $ffa517 = 0c mask=00ff (pc=018446)
[  37.418] [packet-accepted] total=522 seq=09 flags=08 status=0c pc=01845e attack=8000,ffff
[  37.484]   [header-byte] write $ffa517 = 0c mask=00ff (pc=018446)
[  37.484] [packet-accepted] total=523 seq=0a flags=08 status=0c pc=01845e attack=ffff,8000
[  37.985]   [header-byte] write $ffa517 = 0c mask=00ff (pc=018446)
[  38.049] heartbeat frame=2280 tx=3140 rx=2774 fc=1 fd=10 fe=1 linkflag=81 pc=00028a a502=00 a524=0011 a525=11 a170=c2 a17f=00 txtail=0044 rxpend=0000
[  38.049] [transport] captured=3140 flushed=3140 received=2774 accepted=524 payload2=449 payload3=13 payload4=18 payload5=0 pump_reads=2516 bursts=523 txcredit=0 outq=0 inq=0 watchdog=3 txseq=0d rxseq=0c rxcredit=0 protection=00 checks=0000
[  38.049] [epochs] local=1 peer=1 ready=true discarded_rx=0
[  38.049] [tcb-continuations] ffa580=ff80->018392 sleep=0 local26=7710 ffa5c0=ff80->01853c sleep=0 local26=0000 ffd000=ffc0->00d4b4 sleep=0 local26=0000 ffd040=ffc0->00daca sleep=0 local26=0000 ffd080=ffc0->00504e sleep=0 local26=2100 ffd0c0=ffc0->005082 sleep=0 local26=2800 ffd100=ff80->006782 sleep=0 local26=0000 ffd140=ffc0->008082 sleep=0 local26=0215 ffd200=ff00->007a24 sleep=0 local26=0101 ffd280=ff00->0079fe sleep=23 local26=0001 ffd2c0=ff00->0079fe sleep=21 local26=0000 ffd300=ff80->0079d4 sleep=0 local26=0001 ffd340=ff80->007dfc sleep=0 local26=0000 ffdfc0=ffc0->00d6d0 sleep=0 local26=0000 ffe000=ff00->0070c2 sleep=0 local26=3600
[  38.302]   [header-byte] write $ffa517 = 0c mask=00ff (pc=018446)
[  38.302] [packet-accepted] total=525 seq=0c flags=10 status=0c pc=01845e
[  38.352]   [header-byte] write $ffa517 = 0c mask=00ff (pc=018446)
[  38.352] [packet-accepted] total=526 seq=0d flags=10 status=0c pc=01845e
[  38.536] [garbage-calculation] protection=00 score=00b4 divisor=0078 task=ffd0c0 pc=00784e
[  38.537] [attack-state] address=ffa7e4 data=0101 mask=ff00 pc=007576 protection=00
[  38.541] [attack-state] address=ffa7e4 data=0000 mask=ff00 pc=00da56 protection=00
[  38.686] [garbage-calculation] protection=00 score=00b1 divisor=0078 task=ffd080 pc=00784e
[  38.686] [attack-state] address=ffa7e0 data=0101 mask=ff00 pc=007576 protection=00
[  38.691] [attack-state] address=ffa7e0 data=0000 mask=ff00 pc=00da56 protection=00
[  38.786]   [header-byte] write $ffa517 = 0c mask=00ff (pc=018446)
[  38.786] [packet-accepted] total=527 seq=0e flags=08 status=0c pc=01845e attack=0000,ffff
[  38.786] [attack-state] address=ffa7f0 data=0101 mask=ff00 pc=018648 protection=00
[  38.787] [attack-state] address=ffa7f0 data=0001 mask=ffff pc=00d96c protection=00
[  38.853]   [header-byte] write $ffa517 = 0c mask=00ff (pc=018446)
[  38.853] [packet-accepted] total=528 seq=0f flags=08 status=0c pc=01845e attack=ffff,0000
[  38.853] [attack-state] address=ffa7f4 data=0101 mask=ff00 pc=018648 protection=00
[  38.853] [attack-state] address=ffa7f4 data=0001 mask=ffff pc=00d99e protection=00
[  39.050] heartbeat frame=2340 tx=3188 rx=2822 fc=1 fd=10 fe=1 linkflag=81 pc=00028a a502=00 a524=0000 a525=00 a170=c2 a17f=00 txtail=0074 rxpend=0000
[  39.050] [transport] captured=3188 flushed=3188 received=2822 accepted=528 payload2=449 payload3=15 payload4=20 payload5=0 pump_reads=2580 bursts=527 txcredit=0 outq=0 inq=0 watchdog=11 txseq=10 rxseq=10 rxcredit=0 protection=00 checks=0000
[  39.050] [epochs] local=1 peer=1 ready=true discarded_rx=0
[  39.050] [tcb-continuations] ffa580=ff80->018392 sleep=0 local26=7710 ffa5c0=ff80->01853c sleep=0 local26=1500 ffd000=ffc0->00d4b4 sleep=0 local26=0000 ffd040=ffc0->00daca sleep=0 local26=0000 ffd080=ffc0->00514e sleep=3 local26=0001 ffd0c0=ffc0->005164 sleep=0 local26=0001 ffd100=ff80->006782 sleep=0 local26=0000 ffd140=ffc0->008082 sleep=0 local26=0215 ffd180=ff80->00963c sleep=0 local26=0000 ffd1c0=ff00->009950 sleep=0 local26=0014 ffd200=ff80->00963c sleep=0 local26=0000 ffd240=ff00->009950 sleep=0 local26=001d ffd280=ff80->00980a sleep=0 local26=0000 ffd380=ff80->00980a sleep=0 local26=0000 ffdfc0=ffc0->00d6d0 sleep=0 local26=0000 ffe000=ff00->0070c2 sleep=0 local26=3600 ffe240=ff00->009ac0 sleep=0 local26=0000 ffe280=ff00->009ac0 sleep=0 local26=0000 ffe2c0=ff00->009ac0 sleep=0 local26=0000 ffe300=ff00->009ac0 sleep=0 local26=0000 ffe340=ff00->009ac0 sleep=0 local26=0000 ffe380=ff00->009ac0 sleep=0 local26=0000 ffe3c0=ff00->009ac0 sleep=0 local26=0000 ffe400=ff00->009ac0 sleep=0 local26=0000 ffe440=ff00->009ac0 sleep=0 local26=0000 ffe480=ff00->009ac0 sleep=0 local26=0000 ffe4c0=ff00->009ac0 sleep=0 local26=0000 ffe500=ff00->009ac0 sleep=0 local26=0000 ffe540=ff00->009ac0 sleep=0 local26=0000 ffe580=ff00->009ac0 sleep=0 local26=0000 ffe5c0=ff00->009ac0 sleep=0 local26=0000 ffe600=ff00->009ac0 sleep=0 local26=0000 ffe640=ff00->009ac0 sleep=0 local26=0000 ffe680=ff00->009ac0 sleep=0 local26=0000 ffe6c0=ff00->009ac0 sleep=0 local26=0000 ffe700=ff00->009ac0 sleep=0 local26=0000 ffe740=ff00->009ac0 sleep=0 local26=0000 ffe780=ff00->009ac0 sleep=0 local26=0000 ffe7c0=ff00->009ac0 sleep=0 local26=0000 ffe800=ff00->009ac0 sleep=0 local26=0000 ffe840=ff00->0070c2 sleep=0 local26=4100 ffe880=ff00->0070c2 sleep=0 local26=2000
[  39.355]   [header-byte] write $ffa517 = 0c mask=00ff (pc=018446)
[  39.521] [attack-state] address=ffa7e4 data=8080 mask=ff00 pc=0050ce protection=00
[  39.522] [attack-state] address=ffa7e4 data=0000 mask=ff00 pc=00da56 protection=00
[  39.670] [attack-state] address=ffa7e0 data=8080 mask=ff00 pc=0050ce protection=00
[  39.672] [attack-state] address=ffa7e0 data=0000 mask=ff00 pc=00da56 protection=00
[  39.704]   [header-byte] write $ffa517 = 0c mask=00ff (pc=018446)
[  39.704] [packet-accepted] total=530 seq=11 flags=10 status=0c pc=01845e
[  39.754]   [header-byte] write $ffa517 = 0c mask=00ff (pc=018446)
[  39.754] [packet-accepted] total=531 seq=12 flags=10 status=0c pc=01845e
[  39.823]   [header-byte] write $ffa517 = 0c mask=00ff (pc=018446)
[  39.823] [packet-accepted] total=532 seq=13 flags=08 status=0c pc=01845e attack=8000,ffff
[  39.824] [attack-state] address=ffa7f0 data=8080 mask=ff00 pc=018638 protection=00
[  39.824] [attack-state] address=ffa7f0 data=0000 mask=00ff pc=00d992 protection=00
[  39.826] [attack-state] address=ffa7f0 data=0000 mask=ffff pc=00982c protection=00
[  39.826] [attack-state] address=ffa7f8 data=0000 mask=ffff pc=009842 protection=00
[  39.887]   [header-byte] write $ffa517 = 0c mask=00ff (pc=018446)
[  39.887] [packet-accepted] total=533 seq=14 flags=08 status=0c pc=01845e attack=ffff,8000
[  39.887] [attack-state] address=ffa7f4 data=8080 mask=ff00 pc=018638 protection=00
[  39.887] [attack-state] address=ffa7f4 data=0000 mask=00ff pc=00d9c6 protection=00
[  39.889] [attack-state] address=ffa7f4 data=0000 mask=ffff pc=00982c protection=00
[  39.890] [attack-state] address=ffa7fc data=0000 mask=ffff pc=009842 protection=00
[  40.052] heartbeat frame=2400 tx=3239 rx=2873 fc=1 fd=10 fe=1 linkflag=81 pc=00028a a502=00 a524=0000 a525=00 a170=c2 a17f=00 txtail=00a7 rxpend=0000
[  40.052] [transport] captured=3239 flushed=3239 received=2873 accepted=533 payload2=449 payload3=17 payload4=22 payload5=0 pump_reads=2645 bursts=532 txcredit=0 outq=0 inq=0 watchdog=9 txseq=15 rxseq=15 rxcredit=0 protection=00 checks=0000
[  40.052] [epochs] local=1 peer=1 ready=true discarded_rx=0
[  40.052] [tcb-continuations] ffa580=ff80->018392 sleep=0 local26=7710 ffa5c0=ff80->01853c sleep=0 local26=1600 ffd000=ffc0->00d4b4 sleep=0 local26=0000 ffd040=ffc0->00daca sleep=0 local26=0000 ffd080=ffc0->00504e sleep=0 local26=1100 ffd0c0=ffc0->00504e sleep=0 local26=1a00 ffd100=ff80->006782 sleep=0 local26=0000 ffd140=ffc0->008082 sleep=0 local26=0115 ffd180=ff80->007944 sleep=0 local26=0001 ffd1c0=ff80->007d70 sleep=0 local26=0000 ffd200=ff80->007944 sleep=0 local26=0000 ffd240=ff80->007d70 sleep=0 local26=0000 ffdfc0=ffc0->00d6d0 sleep=0 local26=0000
[  40.388]   [header-byte] write $ffa517 = 0c mask=00ff (pc=018446)
[  40.473] [attack-state] address=ffa7e4 data=8080 mask=ff00 pc=0050ce protection=00
[  40.475] [attack-state] address=ffa7e4 data=0000 mask=ff00 pc=00da56 protection=00
[  40.588] [attack-state] address=ffa7e0 data=8080 mask=ff00 pc=0050ce protection=00
[  40.590] [attack-state] address=ffa7e0 data=0000 mask=ff00 pc=00da56 protection=00
[  40.655]   [header-byte] write $ffa517 = 0c mask=00ff (pc=018446)
[  40.655] [packet-accepted] total=535 seq=16 flags=10 status=0c pc=01845e
[  40.672]   [header-byte] write $ffa517 = 0c mask=00ff (pc=018446)
[  40.672] [packet-accepted] total=536 seq=17 flags=10 status=0c pc=01845e
[  40.772]   [header-byte] write $ffa517 = 0c mask=00ff (pc=018446)
[  40.772] [packet-accepted] total=537 seq=18 flags=08 status=0c pc=01845e attack=8000,ffff
[  40.772] [attack-state] address=ffa7f0 data=8080 mask=ff00 pc=018638 protection=00
[  40.772] [attack-state] address=ffa7f8 data=8080 mask=ff00 pc=01863c protection=00
[  40.805]   [header-byte] write $ffa517 = 0c mask=00ff (pc=018446)
[  40.805] [packet-accepted] total=538 seq=19 flags=08 status=0c pc=01845e attack=ffff,8000
[  40.805] [attack-state] address=ffa7f4 data=8080 mask=ff00 pc=018638 protection=00
[  40.805] [attack-state] address=ffa7fc data=8080 mask=ff00 pc=01863c protection=00
[  41.053] heartbeat frame=2460 tx=3290 rx=2924 fc=1 fd=10 fe=1 linkflag=81 pc=000288 a502=00 a524=0000 a525=00 a170=c2 a17f=00 txtail=00da rxpend=0000
[  41.053] [transport] captured=3290 flushed=3290 received=2924 accepted=538 payload2=449 payload3=19 payload4=24 payload5=0 pump_reads=2710 bursts=537 txcredit=0 outq=0 inq=0 watchdog=14 txseq=1a rxseq=1a rxcredit=0 protection=00 checks=0000
[  41.053] [epochs] local=1 peer=1 ready=true discarded_rx=0
[  41.053] [tcb-continuations] ffa580=ff80->018392 sleep=0 local26=7710 ffa5c0=ff80->01853c sleep=0 local26=1b00 ffd000=ffc0->00d4b4 sleep=0 local26=0000 ffd040=ffc0->00daca sleep=0 local26=0000 ffd080=ffc0->00504e sleep=0 local26=1600 ffd0c0=ffc0->00504e sleep=0 local26=1d00 ffd100=ff80->006782 sleep=0 local26=0000 ffd140=ffc0->008082 sleep=0 local26=0015 ffd180=ff00->007a24 sleep=0 local26=0201 ffd1c0=ff00->007a24 sleep=0 local26=0100 ffd200=ff00->007a24 sleep=0 local26=0401 ffd240=ff00->007a24 sleep=0 local26=0300 ffd280=ff80->007944 sleep=0 local26=0000 ffd2c0=ff80->007d70 sleep=0 local26=0000 ffd300=ff80->007944 sleep=0 local26=0000 ffd340=ff80->007d70 sleep=0 local26=0000 ffdfc0=ffc0->00d6d0 sleep=0 local26=0000
[  41.306]   [header-byte] write $ffa517 = 0c mask=00ff (pc=018446)
[  41.473] [attack-state] address=ffa7e4 data=8080 mask=ff00 pc=0050ce protection=00
[  41.474] [attack-state] address=ffa7e4 data=0000 mask=ff00 pc=00da56 protection=00
[  41.506] [attack-state] address=ffa7e0 data=8080 mask=ff00 pc=0050ce protection=00
[  41.507] [attack-state] address=ffa7e0 data=0000 mask=ff00 pc=00da56 protection=00
[  41.523]   [header-byte] write $ffa517 = 0c mask=00ff (pc=018446)
[  41.523] [packet-accepted] total=540 seq=1b flags=10 status=0c pc=01845e
[  41.590]   [header-byte] write $ffa517 = 0c mask=00ff (pc=018446)
[  41.590] [packet-accepted] total=541 seq=1c flags=10 status=0c pc=01845e
[  41.656]   [header-byte] write $ffa517 = 0c mask=00ff (pc=018446)
[  41.656] [packet-accepted] total=542 seq=1d flags=08 status=0c pc=01845e attack=8000,ffff
[  41.723]   [header-byte] write $ffa517 = 0c mask=00ff (pc=018446)
[  41.723] [packet-accepted] total=543 seq=1e flags=08 status=0c pc=01845e attack=ffff,8000
[  42.054] heartbeat frame=2520 tx=3344 rx=2975 fc=1 fd=10 fe=1 linkflag=81 pc=000288 a502=00 a524=0000 a525=00 a170=c2 a17f=00 txtail=0010 rxpend=0000
[  42.054] [transport] captured=3344 flushed=3344 received=2975 accepted=543 payload2=449 payload3=21 payload4=26 payload5=0 pump_reads=2775 bursts=543 txcredit=0 outq=0 inq=0 watchdog=19 txseq=20 rxseq=1f rxcredit=0 protection=00 checks=0000
[  42.054] [epochs] local=1 peer=1 ready=true discarded_rx=0
[  42.054] [tcb-continuations] ffa580=ff80->018392 sleep=0 local26=7710 ffa5c0=ff80->01853c sleep=0 local26=0200 ffd000=ffc0->00d4b4 sleep=0 local26=0000 ffd040=ffc0->00daca sleep=0 local26=0000 ffd080=ffc0->00504e sleep=0 local26=1b00 ffd0c0=ffc0->00504e sleep=0 local26=1d00 ffd100=ff80->006782 sleep=0 local26=0000 ffd140=ffc0->008082 sleep=0 local26=02ff ffd180=ff80->007944 sleep=0 local26=0000 ffd1c0=ff80->007d70 sleep=0 local26=0000 ffd200=ff80->007944 sleep=0 local26=0000 ffd240=ff80->007d70 sleep=0 local26=0000 ffd280=ff00->007a24 sleep=0 local26=0201 ffd2c0=ff00->007a24 sleep=0 local26=0200 ffd300=ff00->007a24 sleep=0 local26=0201 ffd340=ff00->007a24 sleep=0 local26=0200 ffdfc0=ffc0->00d6d0 sleep=0 local26=0000
[  42.223]   [header-byte] write $ffa517 = 0c mask=00ff (pc=018446)
[  42.474] [attack-state] address=ffa7e4 data=8080 mask=ff00 pc=0050ce protection=00
[  42.475] [attack-state] address=ffa7e4 data=0000 mask=ff00 pc=00da56 protection=00
[  42.509] [attack-state] address=ffa7e0 data=8080 mask=ff00 pc=0050ce protection=00
[  42.510] [attack-state] address=ffa7e0 data=0000 mask=ff00 pc=00da56 protection=00
[  42.591]   [header-byte] write $ffa517 = 0c mask=00ff (pc=018446)
[  42.591] [packet-accepted] total=545 seq=20 flags=10 status=0c pc=01845e
[  42.609]   [header-byte] write $ffa517 = 0c mask=00ff (pc=018446)
[  42.609] [packet-accepted] total=546 seq=21 flags=10 status=0c pc=01845e
[  42.724]   [header-byte] write $ffa517 = 0c mask=00ff (pc=018446)
[  42.724] [packet-accepted] total=547 seq=22 flags=08 status=0c pc=01845e attack=8000,8000
[  43.055] heartbeat frame=2580 tx=3395 rx=3019 fc=1 fd=10 fe=1 linkflag=81 pc=000288 a502=00 a524=0000 a525=00 a170=c2 a17f=00 txtail=0043 rxpend=0000
[  43.055] [transport] captured=3395 flushed=3395 received=3019 accepted=547 payload2=449 payload3=22 payload4=28 payload5=0 pump_reads=2839 bursts=548 txcredit=0 outq=0 inq=0 watchdog=19 txseq=25 rxseq=23 rxcredit=0 protection=00 checks=0000
[  43.055] [epochs] local=1 peer=1 ready=true discarded_rx=0
[  43.055] [tcb-continuations] ffa580=ff80->018392 sleep=0 local26=7710 ffa5c0=ff80->01853c sleep=0 local26=0200 ffd000=ffc0->00d4b4 sleep=0 local26=0000 ffd040=ffc0->00daca sleep=0 local26=0000 ffd080=ffc0->00504e sleep=0 local26=1b00 ffd0c0=ffc0->00504e sleep=0 local26=1d00 ffd100=ff80->006782 sleep=0 local26=0000 ffd140=ffc0->008082 sleep=0 local26=02ff ffd180=ff00->007a24 sleep=0 local26=0201 ffd1c0=ff00->007a24 sleep=0 local26=0200 ffd200=ff00->007a24 sleep=0 local26=0201 ffd240=ff00->007a24 sleep=0 local26=0200 ffd280=ff80->0079d4 sleep=0 local26=0001 ffd2c0=ff80->007dfc sleep=0 local26=0000 ffd300=ff80->0079d4 sleep=0 local26=0001 ffd340=ff80->007dfc sleep=0 local26=0000 ffdfc0=ffc0->00d6d0 sleep=0 local26=0000 ffe000=ff00->0070c2 sleep=0 local26=2b00
[  43.225]   [header-byte] write $ffa517 = 0c mask=00ff (pc=018446)
[  43.358] [attack-state] address=ffa7e4 data=8080 mask=ff00 pc=0050ce protection=00
[  43.360] [attack-state] address=ffa7e4 data=0000 mask=ff00 pc=00da56 protection=00
[  43.392] [attack-state] address=ffa7e0 data=8080 mask=ff00 pc=0050ce protection=00
[  43.393] [attack-state] address=ffa7e0 data=0000 mask=ff00 pc=00da56 protection=00
[  43.475]   [header-byte] write $ffa517 = 0c mask=00ff (pc=018446)
[  43.475] [packet-accepted] total=549 seq=24 flags=10 status=0c pc=01845e
[  43.609]   [header-byte] write $ffa517 = 0c mask=00ff (pc=018446)
[  43.609] [packet-accepted] total=550 seq=25 flags=08 status=0c pc=01845e attack=8000,ffff
[  43.676]   [header-byte] write $ffa517 = 0c mask=00ff (pc=018446)
[  43.676] [packet-accepted] total=551 seq=26 flags=10 status=0c pc=01845e
[  43.794]   [header-byte] write $ffa517 = 0c mask=00ff (pc=018446)
[  43.794] [packet-accepted] total=552 seq=27 flags=08 status=0c pc=01845e attack=ffff,8000
[  44.057] heartbeat frame=2640 tx=3446 rx=3070 fc=1 fd=10 fe=1 linkflag=81 pc=000288 a502=00 a524=0000 a525=00 a170=c2 a17f=00 txtail=0076 rxpend=0000
[  44.057] [transport] captured=3446 flushed=3446 received=3070 accepted=552 payload2=449 payload3=24 payload4=30 payload5=0 pump_reads=2904 bursts=553 txcredit=0 outq=0 inq=0 watchdog=15 txseq=2a rxseq=28 rxcredit=0 protection=00 checks=0000
[  44.057] [epochs] local=1 peer=1 ready=true discarded_rx=0
[  44.057] [tcb-continuations] ffa580=ff80->018392 sleep=0 local26=7710 ffa5c0=ff80->01853c sleep=0 local26=0900 ffd000=ffc0->00d4b4 sleep=0 local26=0000 ffd040=ffc0->00daca sleep=0 local26=0000 ffd080=ffc0->00504e sleep=0 local26=2200 ffd0c0=ffc0->00504e sleep=0 local26=2400 ffd100=ff80->006782 sleep=0 local26=0000 ffd140=ffc0->008082 sleep=0 local26=01ff ffd180=ff80->0079d4 sleep=0 local26=0001 ffd1c0=ff80->007dfc sleep=0 local26=0000 ffd200=ff80->0079d4 sleep=0 local26=0001 ffd240=ff80->007dfc sleep=0 local26=0000 ffd300=ff00->007a24 sleep=0 local26=0101 ffdfc0=ffc0->00d6d0 sleep=0 local26=0000 ffe000=ff00->0070c2 sleep=0 local26=2b00
[  44.210] [attack-state] address=ffa7e0 data=8080 mask=ff00 pc=0050ce protection=00
[  44.211] [attack-state] address=ffa7e0 data=0000 mask=ff00 pc=00da56 protection=00
[  44.243] [attack-state] address=ffa7e4 data=8080 mask=ff00 pc=0050ce protection=00
[  44.244] [attack-state] address=ffa7e4 data=0000 mask=ff00 pc=00da56 protection=00
[  44.293]   [header-byte] write $ffa517 = 0c mask=00ff (pc=018446)
[  44.378]   [header-byte] write $ffa517 = 0c mask=00ff (pc=018446)
[  44.378] [packet-accepted] total=554 seq=29 flags=10 status=0c pc=01845e
[  44.477]   [header-byte] write $ffa517 = 0c mask=00ff (pc=018446)
[  44.477] [packet-accepted] total=555 seq=2a flags=10 status=0c pc=01845e
[  44.495]   [header-byte] write $ffa517 = 0c mask=00ff (pc=018446)
[  44.495] [packet-accepted] total=556 seq=2b flags=08 status=0c pc=01845e attack=8000,ffff
[  44.611]   [header-byte] write $ffa517 = 0c mask=00ff (pc=018446)
[  44.611] [packet-accepted] total=557 seq=2c flags=08 status=0c pc=01845e attack=ffff,8000
[  45.058] heartbeat frame=2700 tx=3497 rx=3121 fc=1 fd=10 fe=1 linkflag=81 pc=00028a a502=00 a524=0000 a525=00 a170=c2 a17f=00 txtail=00a9 rxpend=0000
[  45.058] [transport] captured=3497 flushed=3497 received=3121 accepted=557 payload2=449 payload3=26 payload4=32 payload5=0 pump_reads=2969 bursts=558 txcredit=0 outq=0 inq=0 watchdog=26 txseq=2f rxseq=2d rxcredit=0 protection=00 checks=0000
[  45.058] [epochs] local=1 peer=1 ready=true discarded_rx=0
[  45.058] [tcb-continuations] ffa580=ff80->018392 sleep=0 local26=7710 ffa5c0=ff80->01853c sleep=0 local26=1200 ffd000=ffc0->00d4b4 sleep=0 local26=0000 ffd040=ffc0->00daca sleep=0 local26=0000 ffd080=ffc0->00504e sleep=0 local26=2d00 ffd0c0=ffc0->00504e sleep=0 local26=2b00 ffd100=ff80->006782 sleep=0 local26=0000 ffd140=ffc0->008082 sleep=0 local26=01ff ffd280=ff80->0079d4 sleep=0 local26=0001 ffd2c0=ff00->0079fe sleep=23 local26=0000 ffd300=ff80->0079d4 sleep=0 local26=0001 ffd340=ff80->007dfc sleep=0 local26=0000 ffdfc0=ffc0->00d6d0 sleep=0 local26=0000 ffe000=ff00->0070c2 sleep=0 local26=2b00 ffe040=ff00->0070c2 sleep=0 local26=2000
[  45.111]   [header-byte] write $ffa517 = 0c mask=00ff (pc=018446)
[  45.378]   [header-byte] write $ffa517 = 0c mask=00ff (pc=018446)
[  45.378] [packet-accepted] total=559 seq=2e flags=10 status=0c pc=01845e
[  45.478]   [header-byte] write $ffa517 = 0c mask=00ff (pc=018446)
[  45.478] [packet-accepted] total=560 seq=2f flags=10 status=0c pc=01845e
[  45.578] [garbage-calculation] protection=00 score=00a5 divisor=0078 task=ffd080 pc=00784e
[  45.578] [attack-state] address=ffa7e2 data=0002 mask=ffff pc=007564 protection=00
[  45.578] [attack-state] address=ffa7e0 data=0101 mask=ff00 pc=007576 protection=00
[  45.584] [attack-state] address=ffa7e2 data=0000 mask=ffff pc=00da54 protection=00
[  45.584] [attack-state] address=ffa7e0 data=0000 mask=ff00 pc=00da56 protection=00
[  45.612] [garbage-calculation] protection=00 score=00a7 divisor=0078 task=ffd0c0 pc=00784e
[  45.978]   [header-byte] write $ffa517 = 0c mask=00ff (pc=018446)
[  46.059] heartbeat frame=2760 tx=3538 rx=3161 fc=1 fd=10 fe=1 linkflag=81 pc=00028a a502=00 a524=0000 a525=00 a170=c2 a17f=00 txtail=00d2 rxpend=0000
[  46.059] [transport] captured=3538 flushed=3538 received=3161 accepted=561 payload2=449 payload3=26 payload4=34 payload5=0 pump_reads=3033 bursts=561 txcredit=0 outq=0 inq=0 watchdog=4 txseq=32 rxseq=31 rxcredit=0 protection=00 checks=0000
[  46.059] [epochs] local=1 peer=1 ready=true discarded_rx=0
[  46.059] [tcb-continuations] ffa580=ff80->018392 sleep=0 local26=7710 ffa5c0=ff80->01853c sleep=0 local26=1c00 ffd000=ffc0->00d4b4 sleep=0 local26=0000 ffd040=ffc0->00daca sleep=0 local26=0000 ffd080=ffc0->005164 sleep=0 local26=0001 ffd0c0=ffc0->005164 sleep=0 local26=0001 ffd100=ff80->006782 sleep=0 local26=0000 ffd140=ffc0->008082 sleep=0 local26=00ff ffd180=ff80->0095b6 sleep=0 local26=000d ffd1c0=ff00->009950 sleep=0 local26=0016 ffd200=ff80->0094f8 sleep=7 local26=ffff ffd240=ff00->009950 sleep=0 local26=0018 ffd280=ff00->00989e sleep=0 local26=005a ffdfc0=ffc0->00d6d0 sleep=0 local26=0000 ffe000=ff00->009714 sleep=0 local26=0000 ffe040=ff00->0070c2 sleep=0 local26=2000 ffe080=ff00->009714 sleep=0 local26=0000 ffe0c0=ff00->009714 sleep=0 local26=0000 ffe100=ff00->009714 sleep=0 local26=0000 ffe140=ff00->009ac0 sleep=0 local26=0000 ffe180=ff00->009ac0 sleep=0 local26=0000 ffe1c0=ff00->009ac0 sleep=0 local26=0000 ffe200=ff00->0070c2 sleep=0 local26=4100 ffe240=ff00->009ac0 sleep=0 local26=0000 ffe280=ff00->009ac0 sleep=0 local26=0000 ffe2c0=ff00->009ac0 sleep=0 local26=0000 ffe300=ff00->009ac0 sleep=0 local26=0000 ffe340=ff00->009ac0 sleep=0 local26=0000 ffe380=ff00->009ac0 sleep=0 local26=0000 ffe3c0=ff00->009ac0 sleep=0 local26=0000 ffe400=ff00->009ac0 sleep=0 local26=0000 ffe440=ff00->009ac0 sleep=0 local26=0000 ffe480=ff00->009ac0 sleep=0 local26=0000 ffe4c0=ff00->009ac0 sleep=0 local26=0000 ffe500=ff00->009ac0 sleep=0 local26=0000 ffe540=ff00->009ac0 sleep=0 local26=0000 ffe580=ff00->009ac0 sleep=0 local26=0000 ffe5c0=ff00->009ac0 sleep=0 local26=0000 ffe600=ff00->009ac0 sleep=0 local26=0000 ffe640=ff00->009ac0 sleep=0 local26=0000 ffe680=ff00->009ac0 sleep=0 local26=0000 ffe6c0=ff00->009ac0 sleep=0 local26=0000 ffe700=ff00->009ac0 sleep=0 local26=0000 ffe740=ff00->009ac0 sleep=0 local26=0000 ffe780=ff00->009ac0 sleep=0 local26=0000 ffe7c0=ff00->009ac0 sleep=0 local26=0000 ffe800=ff00->009ac0 sleep=0 local26=0000 ffe840=ff00->009714 sleep=0 local26=0000 ffe880=ff00->009714 sleep=0 local26=0000 ffe8c0=ff00->009714 sleep=0 local26=0000 ffe900=ff00->009714 sleep=0 local26=0000
[  46.480]   [header-byte] write $ffa517 = 0c mask=00ff (pc=018446)
[  46.546] [attack-state] address=ffa7e0 data=8080 mask=ff00 pc=0050ce protection=00
[  46.547] [attack-state] address=ffa7e0 data=0000 mask=ff00 pc=00da56 protection=00
[  46.580] [attack-state] address=ffa7e4 data=8080 mask=ff00 pc=0050ce protection=00
[  46.583] [attack-state] address=ffa7e4 data=0000 mask=ff00 pc=00da56 protection=00
[  46.698]   [header-byte] write $ffa517 = 0c mask=00ff (pc=018446)
[  46.698] [packet-accepted] total=563 seq=32 flags=10 status=0c pc=01845e
[  46.815]   [header-byte] write $ffa517 = 0c mask=00ff (pc=018446)
[  46.815] [packet-accepted] total=564 seq=33 flags=10 status=0c pc=01845e
[  46.830]   [header-byte] write $ffa517 = 0c mask=00ff (pc=018446)
[  46.830] [packet-accepted] total=565 seq=34 flags=08 status=0c pc=01845e attack=8000,ffff
[  46.947]   [header-byte] write $ffa517 = 0c mask=00ff (pc=018446)
[  46.947] [packet-accepted] total=566 seq=35 flags=08 status=0c pc=01845e attack=ffff,8000
[  47.061] heartbeat frame=2820 tx=3589 rx=3212 fc=1 fd=10 fe=1 linkflag=81 pc=00028a a502=00 a524=0000 a525=00 a170=c2 a17f=00 txtail=0005 rxpend=0000
[  47.061] [transport] captured=3589 flushed=3589 received=3212 accepted=566 payload2=449 payload3=28 payload4=36 payload5=0 pump_reads=3098 bursts=566 txcredit=0 outq=0 inq=0 watchdog=6 txseq=37 rxseq=36 rxcredit=0 protection=00 checks=0000
[  47.061] [epochs] local=1 peer=1 ready=true discarded_rx=0
[  47.061] [tcb-continuations] ffa580=ff80->018392 sleep=0 local26=7710 ffa5c0=ff80->01853c sleep=0 local26=1c00 ffd000=ffc0->00d4b4 sleep=0 local26=0000 ffd040=ffc0->00daca sleep=0 local26=0000 ffd080=ffc0->00504e sleep=0 local26=1900 ffd0c0=ffc0->004f7e sleep=0 local26=0000 ffd100=ff80->006782 sleep=0 local26=0000 ffd140=ffc0->008082 sleep=0 local26=00ff ffd1c0=ff80->006c06 sleep=0 local26=0001 ffd240=ff80->006b6e sleep=0 local26=0000 ffd280=ff00->00989e sleep=0 local26=001e ffd2c0=ff80->007944 sleep=0 local26=0000 ffd300=ff80->007d70 sleep=0 local26=0000 ffdfc0=ffc0->00d6d0 sleep=0 local26=0000 ffe0c0=ff00->009714 sleep=0 local26=0000 ffe100=ff00->009714 sleep=0 local26=0000 ffe140=ff00->0070c2 sleep=0 local26=2b00 ffe840=ff00->009714 sleep=0 local26=0000 ffe880=ff00->009714 sleep=0 local26=0000 ffe8c0=ff00->009714 sleep=0 local26=0000 ffe900=ff00->009714 sleep=0 local26=0000
[  47.447]   [header-byte] write $ffa517 = 0c mask=00ff (pc=018446)
[  47.731]   [header-byte] write $ffa517 = 0c mask=00ff (pc=018446)
[  47.731] [packet-accepted] total=568 seq=37 flags=10 status=0c pc=01845e
[  47.915]   [header-byte] write $ffa517 = 0c mask=00ff (pc=018446)
[  47.915] [packet-accepted] total=569 seq=38 flags=10 status=0c pc=01845e
[  47.916] [garbage-calculation] protection=00 score=009b divisor=0078 task=ffd080 pc=00784e
[  47.916] [attack-state] address=ffa7e0 data=0101 mask=ff00 pc=007576 protection=00
[  47.921] [attack-state] address=ffa7e0 data=0000 mask=ff00 pc=00da56 protection=00
[  48.062] heartbeat frame=2880 tx=3633 rx=3249 fc=1 fd=10 fe=1 linkflag=81 pc=00028a a502=00 a524=0000 a525=00 a170=c2 a17f=00 txtail=0031 rxpend=0000
[  48.062] [transport] captured=3633 flushed=3633 received=3249 accepted=569 payload2=449 payload3=28 payload4=38 payload5=0 pump_reads=3161 bursts=570 txcredit=0 outq=0 inq=0 watchdog=8 txseq=3b rxseq=39 rxcredit=0 protection=00 checks=0000
[  48.062] [epochs] local=1 peer=1 ready=true discarded_rx=0
[  48.062] [tcb-continuations] ffa580=ff80->018392 sleep=0 local26=7710 ffa5c0=ff80->01853c sleep=0 local26=0800 ffd000=ffc0->00d4b4 sleep=0 local26=0000 ffd040=ffc0->00daca sleep=0 local26=0000 ffd080=ffc0->00514e sleep=16 local26=0001 ffd0c0=ffc0->00504e sleep=0 local26=1d00 ffd100=ff80->006782 sleep=0 local26=0000 ffd140=ffc0->008082 sleep=0 local26=0205 ffd180=ff80->0079d4 sleep=0 local26=0001 ffd1c0=ff80->007dfc sleep=0 local26=0000 ffd200=ff80->00963c sleep=0 local26=0000 ffd240=ff00->007a24 sleep=0 local26=0200 ffd280=ff00->009950 sleep=0 local26=002a ffd2c0=ff00->007a24 sleep=0 local26=0301 ffd300=ff00->007a24 sleep=0 local26=0200 ffdfc0=ffc0->00d6d0 sleep=0 local26=0000 ffe000=ff00->009ac0 sleep=0 local26=0000 ffe040=ff00->009ac0 sleep=0 local26=0000 ffe080=ff00->009ac0 sleep=0 local26=0000 ffe0c0=ff00->009ac0 sleep=0 local26=0000 ffe100=ff00->009ac0 sleep=0 local26=0000 ffe140=ff00->0070c2 sleep=0 local26=2b00 ffe180=ff00->009ac0 sleep=0 local26=0000 ffe1c0=ff00->009ac0 sleep=0 local26=0000 ffe200=ff00->009ac0 sleep=0 local26=0000 ffe240=ff00->009ac0 sleep=0 local26=0000 ffe280=ff00->009ac0 sleep=0 local26=0000 ffe2c0=ff00->009ac0 sleep=0 local26=0000 ffe300=ff00->009ac0 sleep=0 local26=0000 ffe340=ff00->009ab2 sleep=3 local26=0000 ffe380=ff00->009ab2 sleep=3 local26=0000 ffe3c0=ff00->009ab2 sleep=3 local26=0000 ffe400=ff00->009ab2 sleep=3 local26=0000
[  48.415]   [header-byte] write $ffa517 = 0c mask=00ff (pc=018446)
[  48.515]   [header-byte] write $ffa517 = 0c mask=00ff (pc=018446)
[  48.515] [packet-accepted] total=571 seq=3a flags=10 status=0c pc=01845e
[  48.515] [attack-state] address=ffa7e0 data=8080 mask=ff00 pc=0050ce protection=00
[  48.518] [attack-state] address=ffa7e0 data=0000 mask=ff00 pc=00da56 protection=00
[  48.582]   [header-byte] write $ffa517 = 0c mask=00ff (pc=018446)
[  48.582] [packet-accepted] total=572 seq=3b flags=10 status=0c pc=01845e
[  48.665] [garbage-calculation] protection=00 score=00ee divisor=0078 task=ffd0c0 pc=00784e
[  48.665] [attack-state] address=ffa7e6 data=0002 mask=ffff pc=007564 protection=00
[  48.665] [attack-state] address=ffa7e4 data=0101 mask=ff00 pc=007576 protection=00
[  48.670] [attack-state] address=ffa7e6 data=0000 mask=ffff pc=00da54 protection=00
[  48.670] [attack-state] address=ffa7e4 data=0000 mask=ff00 pc=00da56 protection=00
[  49.063] heartbeat frame=2940 tx=3681 rx=3286 fc=1 fd=10 fe=1 linkflag=81 pc=00028a a502=00 a524=0000 a525=00 a170=c2 a17f=00 txtail=0061 rxpend=0000
[  49.063] [transport] captured=3681 flushed=3681 received=3286 accepted=572 payload2=449 payload3=28 payload4=40 payload5=0 pump_reads=3224 bursts=574 txcredit=0 outq=0 inq=0 watchdog=28 txseq=3f rxseq=3c rxcredit=0 protection=00 checks=0000
[  49.063] [epochs] local=1 peer=1 ready=true discarded_rx=0
[  49.063] [tcb-continuations] ffa580=ff80->018392 sleep=0 local26=7710 ffa5c0=ff80->01853c sleep=0 local26=1700 ffd000=ffc0->00d4b4 sleep=0 local26=0000 ffd040=ffc0->00daca sleep=0 local26=0000 ffd080=ffc0->00504e sleep=0 local26=1b00 ffd0c0=ffc0->00514e sleep=1 local26=0001 ffd100=ff80->006782 sleep=0 local26=0000 ffd140=ffc0->008082 sleep=0 local26=0105 ffd200=ff80->007944 sleep=0 local26=0000 ffd240=ff80->007d70 sleep=0 local26=0000 ffd2c0=ff80->0095b6 sleep=0 local26=0012 ffd300=ff00->009950 sleep=0 local26=001b ffdfc0=ffc0->00d6d0 sleep=0 local26=0000 ffe000=ff00->009ac0 sleep=0 local26=0000 ffe040=ff00->009ac0 sleep=0 local26=0000 ffe080=ff00->009ac0 sleep=0 local26=0000 ffe0c0=ff00->009ac0 sleep=0 local26=0000 ffe100=ff00->009ac0 sleep=0 local26=0000 ffe140=ff00->009ac0 sleep=0 local26=0000 ffe180=ff00->009ac0 sleep=0 local26=0000 ffe1c0=ff00->009ac0 sleep=0 local26=0000 ffe200=ff00->009ac0 sleep=0 local26=0000 ffe240=ff00->009ac0 sleep=0 local26=0000 ffe280=ff00->009ac0 sleep=0 local26=0000 ffe2c0=ff00->009ac0 sleep=0 local26=0000 ffe300=ff00->009ac0 sleep=0 local26=0000 ffe340=ff00->009ac0 sleep=0 local26=0000 ffe380=ff00->009ac0 sleep=0 local26=0000 ffe3c0=ff00->009ac0 sleep=0 local26=0000 ffe400=ff00->009ac0 sleep=0 local26=0000 ffe440=ff00->009ac0 sleep=0 local26=0000 ffe480=ff00->009ac0 sleep=0 local26=0000 ffe4c0=ff00->009ac0 sleep=0 local26=0000 ffe500=ff00->009ac0 sleep=0 local26=0000 ffe540=ff00->009ac0 sleep=0 local26=0000 ffe580=ff00->009ac0 sleep=0 local26=0000 ffe5c0=ff00->009ac0 sleep=0 local26=0000
[  49.083]   [header-byte] write $ffa517 = 0c mask=00ff (pc=018446)
[  49.483]   [header-byte] write $ffa517 = 0c mask=00ff (pc=018446)
[  49.483] [packet-accepted] total=574 seq=3d flags=10 status=0c pc=01845e
[  49.550]   [header-byte] write $ffa517 = 0c mask=00ff (pc=018446)
[  49.550] [packet-accepted] total=575 seq=3e flags=10 status=0c pc=01845e
[  49.583] [attack-state] address=ffa7e0 data=8080 mask=ff00 pc=0050ce protection=00
[  49.585] [attack-state] address=ffa7e0 data=0000 mask=ff00 pc=00da56 protection=00
[  49.621]   [header-byte] write $ffa517 = 0c mask=00ff (pc=018446)
[  49.621] [packet-accepted] total=576 seq=3f flags=08 status=0c pc=01845e attack=8000,ffff
[  49.667] [attack-state] address=ffa7e4 data=8080 mask=ff00 pc=0050ce protection=00
[  49.669] [attack-state] address=ffa7e4 data=0000 mask=ff00 pc=00da56 protection=00
[  49.683]   [header-byte] write $ffa517 = 0c mask=00ff (pc=018446)
[  49.684] [packet-accepted] total=577 seq=40 flags=08 status=0c pc=01845e attack=ffff,8000
[  50.064] heartbeat frame=3000 tx=3732 rx=3337 fc=1 fd=10 fe=1 linkflag=81 pc=00028a a502=00 a524=0000 a525=00 a170=c2 a17f=00 txtail=0094 rxpend=0000
[  50.064] [transport] captured=3732 flushed=3732 received=3337 accepted=577 payload2=449 payload3=30 payload4=42 payload5=0 pump_reads=3289 bursts=579 txcredit=0 outq=0 inq=0 watchdog=22 txseq=44 rxseq=41 rxcredit=0 protection=00 checks=0000
[  50.064] [epochs] local=1 peer=1 ready=true discarded_rx=0
[  50.064] [tcb-continuations] ffa580=ff80->018392 sleep=0 local26=7710 ffa5c0=ff80->01853c sleep=0 local26=1700 ffd000=ffc0->00d4b4 sleep=0 local26=0000 ffd040=ffc0->00daca sleep=0 local26=0000 ffd080=ffc0->00504e sleep=0 local26=1700 ffd0c0=ffc0->00504e sleep=0 local26=1200 ffd100=ff80->006782 sleep=0 local26=0000 ffd140=ffc0->008082 sleep=0 local26=0105 ffd180=ff80->007944 sleep=0 local26=0001 ffd1c0=ff80->007d70 sleep=0 local26=0000 ffd200=ff00->007a24 sleep=0 local26=0301 ffd240=ff00->007a24 sleep=0 local26=0300 ffd280=ff80->007944 sleep=0 local26=0000 ffd300=ff80->007d70 sleep=0 local26=0000 ffdfc0=ffc0->00d6d0 sleep=0 local26=0000 ffe000=ff00->0070c2 sleep=0 local26=2000
[  50.184]   [header-byte] write $ffa517 = 0c mask=00ff (pc=018446)
[  50.435]   [header-byte] write $ffa517 = 0c mask=00ff (pc=018446)
[  50.435] [packet-accepted] total=579 seq=42 flags=10 status=0c pc=01845e
[  50.484]   [header-byte] write $ffa517 = 0c mask=00ff (pc=018446)
[  50.484] [packet-accepted] total=580 seq=43 flags=10 status=0c pc=01845e
[  50.553] [attack-state] address=ffa7e4 data=8080 mask=ff00 pc=0050ce protection=00
[  50.555] [attack-state] address=ffa7e4 data=0000 mask=ff00 pc=00da56 protection=00
[  50.567]   [header-byte] write $ffa517 = 0c mask=00ff (pc=018446)
[  50.567] [packet-accepted] total=581 seq=44 flags=08 status=0c pc=01845e attack=ffff,8000
[  50.617]   [header-byte] write $ffa517 = 0c mask=00ff (pc=018446)
[  50.617] [packet-accepted] total=582 seq=45 flags=08 status=0c pc=01845e attack=8000,ffff
[  50.834] [garbage-calculation] protection=00 score=0062 divisor=0078 task=ffd080 pc=00784e
[  51.066] heartbeat frame=3060 tx=3776 rx=3388 fc=1 fd=10 fe=1 linkflag=81 pc=00028a a502=00 a524=0003 a525=03 a170=c2 a17f=00 txtail=00c0 rxpend=0000
[  51.066] [transport] captured=3776 flushed=3776 received=3388 accepted=582 payload2=449 payload3=32 payload4=44 payload5=0 pump_reads=3354 bursts=583 txcredit=0 outq=0 inq=0 watchdog=26 txseq=49 rxseq=46 rxcredit=0 protection=00 checks=0000
[  51.066] [epochs] local=1 peer=1 ready=true discarded_rx=0
[  51.066] [tcb-continuations] ffa580=ff80->018392 sleep=0 local26=7710 ffa5c0=ff80->01853c sleep=0 local26=0000 ffd000=ffc0->00d4b4 sleep=0 local26=0000 ffd040=ffc0->00daca sleep=0 local26=0000 ffd080=ffc0->00514e sleep=11 local26=0001 ffd0c0=ffc0->00504e sleep=0 local26=1900 ffd100=ff80->006782 sleep=0 local26=0000 ffd140=ffc0->008082 sleep=0 local26=08ff ffd180=ff00->007a24 sleep=0 local26=0201 ffd1c0=ff00->007a24 sleep=0 local26=0100 ffd200=ff80->0079d4 sleep=0 local26=0001 ffd240=ff80->007dfc sleep=0 local26=0000 ffd280=ff00->007a24 sleep=0 local26=0301 ffd2c0=ff80->00963c sleep=0 local26=0000 ffd300=ff00->007a24 sleep=0 local26=0200 ffd340=ff00->009950 sleep=0 local26=0025 ffdfc0=ffc0->00d6d0 sleep=0 local26=0000 ffe000=ff00->0070c2 sleep=0 local26=2000 ffe040=ff00->009ac0 sleep=0 local26=0000 ffe080=ff00->009ac0 sleep=0 local26=0000 ffe0c0=ff00->009ac0 sleep=0 local26=0000 ffe100=ff00->009ac0 sleep=0 local26=0000 ffe140=ff00->009ac0 sleep=0 local26=0000 ffe180=ff00->009ac0 sleep=0 local26=0000 ffe1c0=ff00->009ac0 sleep=0 local26=0000 ffe200=ff00->009ac0 sleep=0 local26=0000 ffe240=ff00->009ac0 sleep=0 local26=0000 ffe280=ff00->009ac0 sleep=0 local26=0000 ffe2c0=ff00->009ac0 sleep=0 local26=0000 ffe300=ff00->009ac0 sleep=0 local26=0000 ffe340=ff00->009ab2 sleep=2 local26=0000 ffe380=ff00->009ab2 sleep=2 local26=0000 ffe3c0=ff00->009ab2 sleep=2 local26=0000 ffe400=ff00->009ab2 sleep=2 local26=0000
[  51.118]   [header-byte] write $ffa517 = 0c mask=00ff (pc=018446)
[  51.619]   [header-byte] write $ffa517 = 0c mask=00ff (pc=018446)
[  51.686]   [header-byte] write $ffa517 = 0c mask=00ff (pc=018446)
[  51.686] [packet-accepted] total=585 seq=48 flags=10 status=0c pc=01845e
[  51.736]   [header-byte] write $ffa517 = 0c mask=00ff (pc=018446)
[  51.736] [packet-accepted] total=586 seq=49 flags=10 status=0c pc=01845e
[  51.803] [garbage-calculation] protection=00 score=00b5 divisor=0078 task=ffd0c0 pc=00784e
[  51.803] [attack-state] address=ffa7e4 data=0101 mask=ff00 pc=007576 protection=00
[  51.807] [attack-state] address=ffa7e4 data=0000 mask=ff00 pc=00da56 protection=00
[  51.870] [attack-state] address=ffa7e0 data=8080 mask=ff00 pc=0050ce protection=00
[  51.873] [attack-state] address=ffa7e0 data=0000 mask=ff00 pc=00da56 protection=00
[  52.067] heartbeat frame=3120 tx=3827 rx=3428 fc=1 fd=10 fe=1 linkflag=81 pc=00028a a502=00 a524=0000 a525=00 a170=c2 a17f=00 txtail=00f3 rxpend=0000
[  52.067] [transport] captured=3827 flushed=3827 received=3428 accepted=586 payload2=449 payload3=32 payload4=46 payload5=0 pump_reads=3418 bursts=588 txcredit=0 outq=0 inq=0 watchdog=19 txseq=4d rxseq=4a rxcredit=0 protection=00 checks=0000
[  52.067] [epochs] local=1 peer=1 ready=true discarded_rx=0
[  52.067] [tcb-continuations] ffa580=ff80->018392 sleep=0 local26=7710 ffa5c0=ff80->01853c sleep=0 local26=0b00 ffd000=ffc0->00d4b4 sleep=0 local26=0000 ffd040=ffc0->00daca sleep=0 local26=0000 ffd080=ffc0->004f7e sleep=0 local26=0000 ffd0c0=ffc0->00514e sleep=9 local26=0001 ffd100=ff80->006782 sleep=0 local26=0000 ffd140=ffc0->008082 sleep=0 local26=03ff ffd180=ff80->00963c sleep=0 local26=0000 ffd1c0=ff00->009950 sleep=0 local26=0023 ffd200=ff00->007a24 sleep=0 local26=0101 ffd240=ff00->007a24 sleep=0 local26=0100 ffd280=ff80->006c06 sleep=0 local26=0002 ffd300=ff80->006b6e sleep=0 local26=0000 ffd340=ff80->006b6e sleep=0 local26=0000 ffdfc0=ffc0->00d6d0 sleep=0 local26=0000 ffe000=ff00->009ac0 sleep=0 local26=0000 ffe040=ff00->009ac0 sleep=0 local26=0000 ffe080=ff00->009ac0 sleep=0 local26=0000 ffe0c0=ff00->009ac0 sleep=0 local26=0000 ffe100=ff00->009ac0 sleep=0 local26=0000 ffe140=ff00->009ac0 sleep=0 local26=0000 ffe180=ff00->009ac0 sleep=0 local26=0000 ffe1c0=ff00->009ac0 sleep=0 local26=0000 ffe200=ff00->009ac0 sleep=0 local26=0000 ffe240=ff00->009ac0 sleep=0 local26=0000 ffe280=ff00->009ac0 sleep=0 local26=0000 ffe2c0=ff00->009ac0 sleep=0 local26=0000 ffe300=ff00->009ab6 sleep=0 local26=0000 ffe340=ff00->009ab6 sleep=0 local26=0000 ffe380=ff00->009ab6 sleep=0 local26=0000 ffe3c0=ff00->009ab6 sleep=0 local26=0000 ffe440=ff00->0070c2 sleep=0 local26=4c00 ffe480=ff00->0070c2 sleep=0 local26=4100
[  52.237]   [header-byte] write $ffa517 = 0c mask=00ff (pc=018446)
[  52.337]   [header-byte] write $ffa517 = 0c mask=00ff (pc=018446)
[  52.337] [packet-accepted] total=588 seq=4b flags=10 status=0c pc=01845e
[  52.353]   [header-byte] write $ffa517 = 0c mask=00ff (pc=018446)
[  52.353] [packet-accepted] total=589 seq=4c flags=10 status=0c pc=01845e
[  52.487]   [header-byte] write $ffa517 = 0c mask=00ff (pc=018446)
[  52.487] [packet-accepted] total=590 seq=4d flags=08 status=0c pc=01845e attack=ffff,8000
[  52.804] [attack-state] address=ffa7e4 data=8080 mask=ff00 pc=0050ce protection=00
[  52.806] [attack-state] address=ffa7e4 data=0000 mask=ff00 pc=00da56 protection=00
[  52.837]   [header-byte] write $ffa517 = 0c mask=00ff (pc=018446)
[  52.837] [packet-accepted] total=591 seq=4e flags=08 status=0c pc=01845e attack=0002,ffff
[  52.837] [attack-state] address=ffa7f0 data=0101 mask=ff00 pc=018648 protection=00
[  52.837] [attack-state] address=ffa7f2 data=0002 mask=ffff pc=01864c protection=00
[  52.837] [attack-state] address=ffa7fa data=0002 mask=ffff pc=018650 protection=00
[  52.838] [attack-state] address=ffa7f0 data=0001 mask=ffff pc=00d96c protection=00
[  53.068] heartbeat frame=3180 tx=3888 rx=3479 fc=1 fd=10 fe=1 linkflag=81 pc=00028a a502=00 a524=0000 a525=00 a170=c2 a17f=00 txtail=0030 rxpend=0000
[  53.068] [transport] captured=3888 flushed=3888 received=3479 accepted=591 payload2=449 payload3=34 payload4=48 payload5=0 pump_reads=3483 bursts=593 txcredit=0 outq=0 inq=0 watchdog=13 txseq=52 rxseq=4f rxcredit=0 protection=00 checks=0000
[  53.068] [epochs] local=1 peer=1 ready=true discarded_rx=0
[  53.068] [tcb-continuations] ffa580=ff80->018392 sleep=0 local26=7710 ffa5c0=ff80->01853c sleep=0 local26=0600 ffd000=ffc0->00d4b4 sleep=0 local26=0000 ffd040=ffc0->00daca sleep=0 local26=0000 ffd080=ffc0->00504e sleep=0 local26=0700 ffd0c0=ffc0->00504e sleep=0 local26=0a00 ffd100=ff80->006782 sleep=0 local26=0000 ffd140=ffc0->008082 sleep=0 local26=0316 ffd180=ff80->00975a sleep=0 local26=000d ffd1c0=ff80->007944 sleep=0 local26=0000 ffd200=ff80->007d70 sleep=0 local26=0000 ffd240=ff80->007944 sleep=0 local26=0000 ffd280=ff80->007d70 sleep=0 local26=0000 ffd300=ff00->007a24 sleep=0 local26=0600 ffd340=ff00->007a24 sleep=0 local26=0500 ffdfc0=ffc0->00d6d0 sleep=0 local26=0000 ffe440=ff00->0070c2 sleep=0 local26=4c00
[  53.171]   [header-byte] write $ffa517 = 0c mask=00ff (pc=018446)
[  53.171] [packet-accepted] total=592 seq=4f flags=10 status=0c pc=01845e
[  53.204]   [header-byte] write $ffa517 = 0c mask=00ff (pc=018446)
[  53.204] [packet-accepted] total=593 seq=50 flags=10 status=0c pc=01845e
[  53.305]   [header-byte] write $ffa517 = 0c mask=00ff (pc=018446)
[  53.305] [packet-accepted] total=594 seq=51 flags=08 status=0c pc=01845e attack=ffff,8000
[  53.755]   [header-byte] write $ffa517 = 0c mask=00ff (pc=018446)
[  53.755] [packet-accepted] total=595 seq=52 flags=10 status=0c pc=01845e
[  53.872]   [header-byte] write $ffa517 = 0c mask=00ff (pc=018446)
[  53.872] [packet-accepted] total=596 seq=53 flags=08 status=0c pc=01845e attack=8000,ffff
[  53.872] [attack-state] address=ffa7f0 data=8080 mask=ff00 pc=018638 protection=00
[  53.872] [attack-state] address=ffa7f0 data=0000 mask=00ff pc=00d992 protection=00
[  53.876] [attack-state] address=ffa7f2 data=0000 mask=ffff pc=00982c protection=00
[  53.876] [attack-state] address=ffa7f0 data=0000 mask=ffff pc=00982c protection=00
[  53.876] [attack-state] address=ffa7fa data=0000 mask=ffff pc=009842 protection=00
[  53.876] [attack-state] address=ffa7f8 data=0000 mask=ffff pc=009842 protection=00
[  54.005]   [header-byte] write $ffa517 = 0c mask=00ff (pc=018446)
[  54.005] [packet-accepted] total=597 seq=54 flags=10 status=0c pc=01845e
[  54.040] [garbage-calculation] protection=00 score=00c7 divisor=0078 task=ffd080 pc=00784e
[  54.058] [garbage-calculation] protection=00 score=00a2 divisor=0078 task=ffd0c0 pc=00784e
[  54.070] heartbeat frame=3240 tx=3925 rx=3561 fc=1 fd=10 fe=1 linkflag=81 pc=00028a a502=00 a524=0003 a525=03 a170=c2 a17f=00 txtail=0055 rxpend=0000
[  54.070] [transport] captured=3925 flushed=3925 received=3561 accepted=597 payload2=449 payload3=36 payload4=52 payload5=0 pump_reads=3549 bursts=596 txcredit=0 outq=0 inq=0 watchdog=3 txseq=56 rxseq=55 rxcredit=0 protection=00 checks=0000
[  54.070] [epochs] local=1 peer=1 ready=true discarded_rx=0
[  54.070] [tcb-continuations] ffa580=ff80->018392 sleep=0 local26=7710 ffa5c0=ff80->01853c sleep=0 local26=0000 ffd000=ffc0->00d4b4 sleep=0 local26=0000 ffd040=ffc0->00daca sleep=0 local26=0000 ffd080=ffc0->00514e sleep=23 local26=0001 ffd0c0=ffc0->00514e sleep=24 local26=0001 ffd100=ff80->006782 sleep=0 local26=0000 ffd140=ffc0->008082 sleep=0 local26=0316 ffd180=ff80->009390 sleep=8 local26=0000 ffd1c0=ff00->007a24 sleep=0 local26=0501 ffd200=ff00->007a24 sleep=0 local26=0400 ffd240=ff00->007a24 sleep=0 local26=0501 ffd280=ff00->007a24 sleep=0 local26=0500 ffd2c0=ff00->009950 sleep=0 local26=0031 ffd300=ff80->009386 sleep=0 local26=0000 ffd340=ff00->009950 sleep=0 local26=0032 ffdfc0=ffc0->00d6d0 sleep=0 local26=0000 ffe000=ff00->009ab2 sleep=3 local26=0000 ffe040=ff00->009ab2 sleep=3 local26=0000 ffe080=ff00->009ab2 sleep=3 local26=0000 ffe0c0=ff00->009ab2 sleep=3 local26=0000 ffe100=ff00->009ab2 sleep=4 local26=0000 ffe140=ff00->009ab2 sleep=4 local26=0000 ffe180=ff00->009ab2 sleep=4 local26=0000 ffe1c0=ff00->009ab2 sleep=4 local26=0000
[  54.510]   [header-byte] write $ffa517 = 0c mask=00ff (pc=018446)
[  54.624]   [header-byte] write $ffa517 = 0c mask=00ff (pc=018446)
[  54.624] [packet-accepted] total=599 seq=56 flags=10 status=0c pc=01845e
[  54.657] [attack-state] address=ffa7e4 data=8080 mask=ff00 pc=0050ce protection=00
[  54.660] [attack-state] address=ffa7e4 data=0000 mask=ff00 pc=00da56 protection=00
[  55.009] [attack-state] address=ffa7e0 data=8080 mask=ff00 pc=0050ce protection=00
[  55.011] [attack-state] address=ffa7e0 data=0000 mask=ff00 pc=00da56 protection=00
[  55.071] heartbeat frame=3300 tx=3993 rx=3581 fc=1 fd=10 fe=1 linkflag=81 pc=00028a a502=00 a524=0000 a525=00 a170=c2 a17f=00 txtail=0099 rxpend=0000
[  55.071] [transport] captured=3993 flushed=3993 received=3581 accepted=599 payload2=449 payload3=36 payload4=53 payload5=0 pump_reads=3611 bursts=602 txcredit=0 outq=0 inq=0 watchdog=26 txseq=5b rxseq=57 rxcredit=0 protection=00 checks=0000
[  55.071] [epochs] local=1 peer=1 ready=true discarded_rx=0
[  55.071] [tcb-continuations] ffa580=ff80->018392 sleep=0 local26=7710 ffa5c0=ff80->01853c sleep=0 local26=0300 ffd000=ffc0->00d4b4 sleep=0 local26=0000 ffd040=ffc0->00daca sleep=0 local26=0000 ffd080=ffc0->004f7e sleep=0 local26=0000 ffd0c0=ffc0->004f7e sleep=0 local26=0000 ffd100=ff80->006782 sleep=0 local26=0000 ffd140=ffc0->008082 sleep=0 local26=0216 ffd180=ff80->00962a sleep=0 local26=ffff ffd1c0=ff00->00989e sleep=0 local26=0037 ffd200=ff00->00989e sleep=0 local26=0039 ffd240=ff80->006c06 sleep=0 local26=0001 ffd280=ff80->006b6e sleep=0 local26=0000 ffd2c0=ff80->006c06 sleep=0 local26=0001 ffd300=ff80->00962a sleep=0 local26=ffff ffd340=ff80->006b6e sleep=0 local26=0000 ffdfc0=ffc0->00d6d0 sleep=0 local26=0000 ffe800=ff00->0070c2 sleep=0 local26=4c00 ffe840=ff00->009714 sleep=0 local26=0000 ffe880=ff00->009714 sleep=0 local26=0000 ffe8c0=ff00->009714 sleep=0 local26=0000 ffe900=ff00->009714 sleep=0 local26=0000 ffe940=ff00->009714 sleep=0 local26=0000 ffe980=ff00->009714 sleep=0 local26=0000 ffe9c0=ff00->009714 sleep=0 local26=0000 ffea40=ff00->0070c2 sleep=0 local26=4100 ffea80=ff00->009714 sleep=0 local26=0000 ffeac0=ff00->009714 sleep=0 local26=0000 ffeb00=ff00->009714 sleep=0 local26=0000 ffeb40=ff00->009714 sleep=0 local26=0000 ffeb80=ff00->009714 sleep=0 local26=0000 ffebc0=ff00->009714 sleep=0 local26=0000 ffec00=ff00->009714 sleep=0 local26=0000 ffec40=ff00->009714 sleep=0 local26=0000
[  55.124]   [header-byte] write $ffa517 = 0c mask=00ff (pc=018446)
[  55.124] [packet-accepted] total=600 seq=57 flags=00 status=0c pc=01845e
[  55.374]   [header-byte] write $ffa517 = 0c mask=00ff (pc=018446)
[  55.374] [packet-accepted] total=601 seq=58 flags=10 status=0c pc=01845e
[  55.391]   [header-byte] write $ffa517 = 0c mask=00ff (pc=018446)
[  55.391] [packet-accepted] total=602 seq=59 flags=10 status=0c pc=01845e
[  55.508]   [header-byte] write $ffa517 = 0c mask=00ff (pc=018446)
[  55.508] [packet-accepted] total=603 seq=5a flags=08 status=0c pc=01845e attack=ffff,8000
[  55.992]   [header-byte] write $ffa517 = 0c mask=00ff (pc=018446)
[  55.992] [packet-accepted] total=604 seq=5b flags=10 status=0c pc=01845e
[  56.025]   [header-byte] write $ffa517 = 0c mask=00ff (pc=018446)
[  56.025] [packet-accepted] total=605 seq=5c flags=10 status=0c pc=01845e
[  56.072] heartbeat frame=3360 tx=4013 rx=3659 fc=1 fd=10 fe=1 linkflag=81 pc=000288 a502=00 a524=0000 a525=00 a170=c2 a17f=00 txtail=00ad rxpend=0000
[  56.072] [transport] captured=4013 flushed=4013 received=3659 accepted=605 payload2=449 payload3=37 payload4=57 payload5=0 pump_reads=3677 bursts=604 txcredit=0 outq=0 inq=0 watchdog=2 txseq=5d rxseq=5d rxcredit=0 protection=00 checks=0000
[  56.072] [epochs] local=1 peer=1 ready=true discarded_rx=0
[  56.072] [tcb-continuations] ffa580=ff80->018392 sleep=0 local26=7710 ffa5c0=ff80->01853c sleep=0 local26=1a00 ffd000=ffc0->00d4b4 sleep=0 local26=0000 ffd040=ffc0->00daca sleep=0 local26=0000 ffd080=ffc0->004fac sleep=0 local26=0000 ffd0c0=ffc0->00504e sleep=0 local26=1a00 ffd100=ff80->006782 sleep=0 local26=0000 ffd140=ffc0->008082 sleep=0 local26=0116 ffd180=ff80->007944 sleep=0 local26=0000 ffd240=ff80->007d70 sleep=0 local26=0000 ffd280=ff00->007a24 sleep=0 local26=0300 ffd340=ff00->0079fe sleep=14 local26=0000 ffdfc0=ffc0->00d6d0 sleep=0 local26=0000 ffea40=ff00->0070c2 sleep=0 local26=4100
[  56.492]   [header-byte] write $ffa517 = 0c mask=00ff (pc=018446)
[  56.492] [packet-accepted] total=606 seq=5d flags=08 status=0c pc=01845e attack=0004,ffff
[  56.492] [attack-state] address=ffa7f0 data=0101 mask=ff00 pc=018648 protection=00
[  56.492] [attack-state] address=ffa7f2 data=0004 mask=ffff pc=01864c protection=00
[  56.492] [attack-state] address=ffa7fa data=0004 mask=ffff pc=018650 protection=00
[  56.492] [attack-state] address=ffa7f0 data=0001 mask=ffff pc=00d96c protection=00
[  56.592]   [header-byte] write $ffa517 = 0c mask=00ff (pc=018446)
[  56.592] [packet-accepted] total=607 seq=5e flags=10 status=0c pc=01845e
[  56.611] [attack-state] address=ffa7e4 data=8080 mask=ff00 pc=0050ce protection=00
[  56.612] [attack-state] address=ffa7e4 data=0000 mask=ff00 pc=00da56 protection=00
[  56.959]   [header-byte] write $ffa517 = 0c mask=00ff (pc=018446)
[  56.959] [packet-accepted] total=608 seq=5f flags=10 status=0c pc=01845e
[  56.959] [attack-state] address=ffa7e0 data=8080 mask=ff00 pc=0050ce protection=00
[  56.961] [attack-state] address=ffa7e0 data=0000 mask=ff00 pc=00da56 protection=00
[  57.073] heartbeat frame=3420 tx=4078 rx=3700 fc=1 fd=10 fe=1 linkflag=81 pc=000288 a502=00 a524=0000 a525=00 a170=c2 a17f=00 txtail=00ee rxpend=0000
[  57.073] [transport] captured=4078 flushed=4078 received=3700 accepted=608 payload2=449 payload3=38 payload4=59 payload5=0 pump_reads=3740 bursts=609 txcredit=0 outq=0 inq=0 watchdog=6 txseq=62 rxseq=60 rxcredit=0 protection=00 checks=0000
[  57.073] [epochs] local=1 peer=1 ready=true discarded_rx=0
[  57.073] [tcb-continuations] ffa580=ff80->018392 sleep=0 local26=7710 ffa5c0=ff80->01853c sleep=0 local26=0600 ffd000=ffc0->00d4b4 sleep=0 local26=0000 ffd040=ffc0->00daca sleep=0 local26=0000 ffd080=ffc0->00504e sleep=0 local26=0100 ffd0c0=ffc0->00504e sleep=0 local26=1600 ffd100=ff80->006782 sleep=0 local26=0000 ffd140=ffc0->008082 sleep=0 local26=0016 ffd180=ff00->007a24 sleep=0 local26=0401 ffd1c0=ff00->0079fe sleep=9 local26=0001 ffd200=ff00->0079fe sleep=7 local26=0000 ffd240=ff00->007a24 sleep=0 local26=0300 ffd280=ff80->00975a sleep=0 local26=0020 ffd2c0=ff80->007944 sleep=0 local26=0000 ffd300=ff80->007d70 sleep=0 local26=0000 ffd340=ff80->007944 sleep=0 local26=0000 ffd380=ff80->007d70 sleep=0 local26=0000 ffdfc0=ffc0->00d6d0 sleep=0 local26=0000 ffea40=ff00->0070c2 sleep=0 local26=4100
[  57.093]   [header-byte] write $ffa517 = 0c mask=00ff (pc=018446)
[  57.093] [packet-accepted] total=609 seq=60 flags=08 status=0c pc=01845e attack=8000,ffff
[  57.093] [attack-state] address=ffa7f0 data=8080 mask=ff00 pc=018638 protection=00
[  57.093] [attack-state] address=ffa7f8 data=8080 mask=ff00 pc=01863c protection=00
[  57.093] [attack-state] address=ffa7f0 data=0000 mask=00ff pc=00d992 protection=00
[  57.210]   [header-byte] write $ffa517 = 0c mask=00ff (pc=018446)
[  57.210] [packet-accepted] total=610 seq=61 flags=10 status=0c pc=01845e
[  57.227]   [header-byte] write $ffa517 = 0c mask=00ff (pc=018446)
[  57.227] [packet-accepted] total=611 seq=62 flags=10 status=0c pc=01845e
[  57.312] [attack-state] address=ffa7f2 data=0000 mask=ffff pc=00982c protection=00
[  57.312] [attack-state] address=ffa7f0 data=0000 mask=ffff pc=00982c protection=00
[  57.312] [attack-state] address=ffa7fa data=0000 mask=ffff pc=009842 protection=00
[  57.312] [attack-state] address=ffa7f8 data=0000 mask=ffff pc=009842 protection=00
[  57.326]   [header-byte] write $ffa517 = 0c mask=00ff (pc=018446)
[  57.326] [packet-accepted] total=612 seq=63 flags=08 status=0c pc=01845e attack=ffff,8000
[  57.610] [attack-state] address=ffa7e4 data=8080 mask=ff00 pc=0050ce protection=00
[  57.614] [attack-state] address=ffa7e4 data=0000 mask=ff00 pc=00da56 protection=00
[  57.827]   [header-byte] write $ffa517 = 0c mask=00ff (pc=018446)
[  57.910]   [header-byte] write $ffa517 = 0c mask=00ff (pc=018446)
[  57.910] [packet-accepted] total=614 seq=65 flags=10 status=0c pc=01845e
[  58.027] [attack-state] address=ffa7e0 data=8080 mask=ff00 pc=0050ce protection=00
[  58.030] [attack-state] address=ffa7e0 data=0000 mask=ff00 pc=00da56 protection=00
[  58.044]   [header-byte] write $ffa517 = 0c mask=00ff (pc=018446)
[  58.044] [packet-accepted] total=615 seq=66 flags=08 status=0c pc=01845e attack=8000,ffff
[  58.044] [attack-state] address=ffa7f0 data=8080 mask=ff00 pc=018638 protection=00
[  58.044] [attack-state] address=ffa7f8 data=8080 mask=ff00 pc=01863c protection=00
[  58.075] heartbeat frame=3480 tx=4129 rx=3775 fc=1 fd=10 fe=1 linkflag=81 pc=000288 a502=00 a524=0000 a525=00 a170=c2 a17f=00 txtail=0021 rxpend=0000
[  58.075] [transport] captured=4129 flushed=4129 received=3775 accepted=615 payload2=449 payload3=41 payload4=62 payload5=0 pump_reads=3807 bursts=614 txcredit=0 outq=0 inq=0 watchdog=1 txseq=67 rxseq=67 rxcredit=0 protection=00 checks=0000
[  58.075] [epochs] local=1 peer=1 ready=true discarded_rx=0
[  58.075] [tcb-continuations] ffa580=ff80->018392 sleep=0 local26=7710 ffa5c0=ff80->01853c sleep=0 local26=0200 ffd000=ffc0->00d4b4 sleep=0 local26=0000 ffd040=ffc0->00daca sleep=0 local26=0000 ffd080=ffc0->004f7e sleep=0 local26=0000 ffd0c0=ffc0->004f7e sleep=0 local26=0000 ffd100=ff80->006782 sleep=0 local26=0000 ffd140=ffc0->008082 sleep=0 local26=00ff ffd180=ff80->006c06 sleep=0 local26=0004 ffd1c0=ff80->006c06 sleep=0 local26=0004 ffd200=ff80->004486 sleep=0 local26=0001 ffd240=ff80->006b6e sleep=0 local26=0000 ffd280=ff80->006b6e sleep=0 local26=0000 ffd2c0=ff00->007a24 sleep=0 local26=0401 ffd300=ff00->007a24 sleep=0 local26=0300 ffd340=ff00->0079fe sleep=13 local26=0001 ffd380=ff00->0079fe sleep=11 local26=0000 ffd3c0=ff80->006b6e sleep=0 local26=0000 ffd400=ff80->006b6e sleep=0 local26=0000 ffd440=ff80->004486 sleep=0 local26=0000 ffd480=ff80->006b6e sleep=0 local26=0000 ffd4c0=ff80->006b6e sleep=0 local26=0000 ffd500=ff80->006b6e sleep=0 local26=0000 ffd540=ff80->006b6e sleep=0 local26=0000 ffdfc0=ffc0->00d6d0 sleep=0 local26=0000 ffe000=ff00->0070c2 sleep=0 local26=2000 ffea40=ff00->0070c2 sleep=0 local26=4100
[  58.545]   [header-byte] write $ffa517 = 0c mask=00ff (pc=018446)
[  58.561]   [header-byte] write $ffa517 = 0c mask=00ff (pc=018446)
[  58.561] [packet-accepted] total=617 seq=68 flags=10 status=0c pc=01845e
[  58.579]   [header-byte] write $ffa517 = 0c mask=00ff (pc=018446)
[  58.579] [packet-accepted] total=618 seq=69 flags=10 status=0c pc=01845e
[  58.862]   [header-byte] write $ffa517 = 0c mask=00ff (pc=018446)
[  58.862] [packet-accepted] total=619 seq=6a flags=10 status=0c pc=01845e
[  58.995]   [header-byte] write $ffa517 = 0c mask=00ff (pc=018446)
[  58.995] [packet-accepted] total=620 seq=6b flags=08 status=0c pc=01845e attack=8000,ffff
[  59.076] heartbeat frame=3540 tx=4166 rx=3836 fc=1 fd=10 fe=1 linkflag=81 pc=000288 a502=00 a524=0000 a525=00 a170=c2 a17f=00 txtail=0046 rxpend=0000
[  59.076] [transport] captured=4166 flushed=4166 received=3836 accepted=620 payload2=449 payload3=42 payload4=65 payload5=0 pump_reads=3872 bursts=617 txcredit=0 outq=0 inq=0 watchdog=4 txseq=6a rxseq=6c rxcredit=0 protection=00 checks=0000
[  59.076] [epochs] local=1 peer=1 ready=true discarded_rx=0
[  59.076] [tcb-continuations] ffa580=ff80->018392 sleep=0 local26=7710 ffa5c0=ff80->01853c sleep=0 local26=0900 ffd000=ffc0->00d4b4 sleep=0 local26=0000 ffd040=ffc0->00daca sleep=0 local26=0000 ffd080=ffc0->004f7e sleep=0 local26=0000 ffd0c0=ffc0->00504e sleep=0 local26=0a00 ffd100=ff80->006782 sleep=0 local26=0000 ffd140=ffc0->008082 sleep=0 local26=00ff ffd180=ff80->007944 sleep=0 local26=0000 ffd1c0=ff80->006c06 sleep=0 local26=0000 ffd200=ff80->007d70 sleep=0 local26=0000 ffd240=ff00->007a24 sleep=0 local26=0200 ffd280=ff00->007a24 sleep=0 local26=0100 ffd3c0=ff00->007a24 sleep=0 local26=0400 ffd400=ff00->007a24 sleep=0 local26=0300 ffd440=ff80->00449a sleep=0 local26=0000 ffd480=ff00->0079fe sleep=4 local26=0000 ffd4c0=ff00->0079fe sleep=13 local26=0000 ffd500=ff00->0079fe sleep=4 local26=0000 ffd540=ff00->0079fe sleep=7 local26=0000 ffdfc0=ffc0->00d6d0 sleep=0 local26=0000 ffe000=ff00->0070c2 sleep=0 local26=2000 ffe040=ff00->0070c2 sleep=0 local26=2b00
[  59.329]   [header-byte] write $ffa517 = 0c mask=00ff (pc=018446)
[  59.329] [packet-accepted] total=621 seq=6c flags=10 status=0c pc=01845e
[  59.345]   [header-byte] write $ffa517 = 0c mask=00ff (pc=018446)
[  59.345] [packet-accepted] total=622 seq=6d flags=10 status=0c pc=01845e
[  59.462]   [header-byte] write $ffa517 = 0c mask=00ff (pc=018446)
[  59.462] [packet-accepted] total=623 seq=6e flags=08 status=0c pc=01845e attack=ffff,8000
[  59.779]   [header-byte] write $ffa517 = 0c mask=00ff (pc=018446)
[  59.779] [packet-accepted] total=624 seq=6f flags=10 status=0c pc=01845e
[  59.813] [attack-state] address=ffa7e4 data=8080 mask=ff00 pc=0050ce protection=00
[  59.815] [attack-state] address=ffa7e4 data=0000 mask=ff00 pc=00da56 protection=00
[  59.913]   [header-byte] write $ffa517 = 0c mask=00ff (pc=018446)
[  59.913] [packet-accepted] total=625 seq=70 flags=08 status=0c pc=01845e attack=8000,ffff
[  60.077] heartbeat frame=3600 tx=4224 rx=3901 fc=1 fd=10 fe=1 linkflag=81 pc=00028a a502=00 a524=0000 a525=00 a170=c2 a17f=00 txtail=0080 rxpend=0000
[  60.077] [transport] captured=4224 flushed=4224 received=3901 accepted=625 payload2=449 payload3=44 payload4=68 payload5=0 pump_reads=3937 bursts=621 txcredit=0 outq=0 inq=0 watchdog=9 txseq=6e rxseq=71 rxcredit=0 protection=00 checks=0000
[  60.077] [epochs] local=1 peer=1 ready=true discarded_rx=0
[  60.077] [tcb-continuations] ffa580=ff80->018392 sleep=0 local26=7710 ffa5c0=ff80->01853c sleep=0 local26=0f00 ffd000=ffc0->00d4b4 sleep=0 local26=0000 ffd040=ffc0->00daca sleep=0 local26=0000 ffd080=ffc0->00504e sleep=0 local26=2d00 ffd0c0=ffc0->00504e sleep=0 local26=0a00 ffd100=ff80->006782 sleep=0 local26=0000 ffd140=ffc0->008082 sleep=0 local26=0313 ffd180=ff00->007a16 sleep=0 local26=0001 ffd1c0=ff80->0079d4 sleep=0 local26=0001 ffd200=ff00->007a16 sleep=0 local26=0000 ffd240=ff00->0079fe sleep=23 local26=0000 ffd280=ff80->007944 sleep=0 local26=0000 ffd2c0=ff80->007d70 sleep=0 local26=0000 ffdfc0=ffc0->00d6d0 sleep=0 local26=0000 ffe000=ff00->0070c2 sleep=0 local26=2000 ffe040=ff00->0070c2 sleep=0 local26=2b00
[  60.282]   [header-byte] write $ffa517 = 0c mask=00ff (pc=018446)
[  60.282] [packet-accepted] total=626 seq=71 flags=10 status=0c pc=01845e
[  60.397]   [header-byte] write $ffa517 = 0c mask=00ff (pc=018446)
[  60.397] [packet-accepted] total=627 seq=72 flags=08 status=0c pc=01845e attack=ffff,8000
[  60.597] [garbage-calculation] protection=00 score=00ca divisor=0078 task=ffd080 pc=00784e
[  60.597] [attack-state] address=ffa7e2 data=0002 mask=ffff pc=007564 protection=00
[  60.597] [attack-state] address=ffa7e0 data=0101 mask=ff00 pc=007576 protection=00
[  60.602] [attack-state] address=ffa7e2 data=0000 mask=ffff pc=00da54 protection=00
[  60.602] [attack-state] address=ffa7e0 data=0000 mask=ff00 pc=00da56 protection=00
[  60.664]   [header-byte] write $ffa517 = 0c mask=00ff (pc=018446)
[  60.664] [packet-accepted] total=628 seq=73 flags=10 status=0c pc=01845e
[  60.799]   [header-byte] write $ffa517 = 0c mask=00ff (pc=018446)
[  60.799] [packet-accepted] total=629 seq=74 flags=08 status=0c pc=01845e attack=8000,ffff
[  61.065] [garbage-calculation] protection=00 score=00e1 divisor=0078 task=ffd0c0 pc=00784e
[  61.079] heartbeat frame=3660 tx=4265 rx=3949 fc=1 fd=10 fe=1 linkflag=81 pc=00028a a502=00 a524=0000 a525=00 a170=c2 a17f=00 txtail=00a9 rxpend=0000
[  61.079] [transport] captured=4265 flushed=4265 received=3949 accepted=629 payload2=449 payload3=46 payload4=70 payload5=0 pump_reads=4001 bursts=624 txcredit=0 outq=0 inq=0 watchdog=16 txseq=71 rxseq=75 rxcredit=17 protection=00 checks=0000
[  61.079] [epochs] local=1 peer=1 ready=true discarded_rx=0
[  61.079] [tcb-continuations] ffa580=ff80->018392 sleep=0 local26=7710 ffa5c0=ff80->01853c sleep=0 local26=1c00 ffd000=ffc0->00d4b4 sleep=0 local26=0000 ffd040=ffc0->00daca sleep=0 local26=0000 ffd080=ffc0->005164 sleep=0 local26=0001 ffd0c0=ffc0->00514e sleep=24 local26=0001 ffd100=ff80->006782 sleep=0 local26=0000 ffd140=ffc0->008082 sleep=0 local26=0213 ffd180=ff80->0095b6 sleep=0 local26=000d ffd1c0=ff80->009386 sleep=0 local26=0000 ffd200=ff00->009950 sleep=0 local26=0016 ffd240=ff00->009950 sleep=0 local26=0032 ffd280=ff00->007a24 sleep=0 local26=0501 ffd2c0=ff00->007a24 sleep=0 local26=0400 ffdfc0=ffc0->00d6d0 sleep=0 local26=0000 ffe000=ff00->009ab2 sleep=4 local26=0000 ffe040=ff00->0070c2 sleep=0 local26=2b00 ffe080=ff00->009ab2 sleep=4 local26=0000 ffe0c0=ff00->009ab2 sleep=4 local26=0000 ffe100=ff00->009ab2 sleep=4 local26=0000 ffe140=ff00->009ac0 sleep=0 local26=0000 ffe180=ff00->009ac0 sleep=0 local26=0000 ffe1c0=ff00->009ac0 sleep=0 local26=0000 ffe200=ff00->009ac0 sleep=0 local26=0000 ffe240=ff00->009ac0 sleep=0 local26=0000 ffe280=ff00->009ac0 sleep=0 local26=0000 ffe2c0=ff00->009ac0 sleep=0 local26=0000 ffe300=ff00->009ac0 sleep=0 local26=0000 ffe340=ff00->009ac0 sleep=0 local26=0000 ffe380=ff00->009ac0 sleep=0 local26=0000 ffe3c0=ff00->009ac0 sleep=0 local26=0000 ffe400=ff00->009ac0 sleep=0 local26=0000 ffe440=ff00->0070c2 sleep=0 local26=2000
[  61.082]   [header-byte] write $ffa517 = 0c mask=00ff (pc=018446)
[  61.082] [packet-accepted] total=630 seq=75 flags=10 status=0c pc=01845e
[  61.500]   [header-byte] write $ffa517 = 0c mask=00ff (pc=018446)
[  61.500] [packet-accepted] total=631 seq=76 flags=10 status=0c pc=01845e
[  61.582]   [header-byte] write $ffa517 = 0c mask=00ff (pc=018446)
[  61.582] [packet-accepted] total=632 seq=77 flags=08 status=0c pc=01845e attack=ffff,0003
[  61.582] [attack-state] address=ffa7f4 data=0101 mask=ff00 pc=018648 protection=00
[  61.582] [attack-state] address=ffa7f6 data=0003 mask=ffff pc=01864c protection=00
[  61.582] [attack-state] address=ffa7fe data=0003 mask=ffff pc=018650 protection=00
[  61.583] [attack-state] address=ffa7f4 data=0001 mask=ffff pc=00d99e protection=00
[  61.617] [attack-state] address=ffa7e0 data=8080 mask=ff00 pc=0050ce protection=00
[  61.620] [attack-state] address=ffa7e0 data=0000 mask=ff00 pc=00da56 protection=00
[  62.080] heartbeat frame=3720 tx=4309 rx=3990 fc=1 fd=10 fe=1 linkflag=81 pc=000288 a502=00 a524=0000 a525=00 a170=c2 a17f=00 txtail=00d5 rxpend=0000
[  62.080] [transport] captured=4309 flushed=4309 received=3990 accepted=632 payload2=449 payload3=47 payload4=72 payload5=0 pump_reads=4064 bursts=628 txcredit=0 outq=0 inq=0 watchdog=29 txseq=75 rxseq=78 rxcredit=3 protection=00 checks=0000
[  62.080] [epochs] local=1 peer=1 ready=true discarded_rx=0
[  62.080] [tcb-continuations] ffa580=ff80->018392 sleep=0 local26=7710 ffa5c0=ff80->01853c sleep=0 local26=0500 ffd000=ffc0->00d4b4 sleep=0 local26=0000 ffd040=ffc0->00daca sleep=0 local26=0000 ffd080=ffc0->00504e sleep=0 local26=1600 ffd0c0=ffc0->0050b6 sleep=2 local26=0000 ffd100=ff80->006782 sleep=0 local26=0000 ffd140=ffc0->008082 sleep=0 local26=0113 ffd1c0=ff80->00962a sleep=0 local26=ffff ffd200=ff00->00989e sleep=0 local26=0038 ffd280=ff80->00975a sleep=0 local26=001d ffd2c0=ff80->0079d4 sleep=0 local26=0001 ffd300=ff80->007dc0 sleep=0 local26=0000 ffdfc0=ffc0->00d6d0 sleep=0 local26=0000 ffe040=ff00->0070c2 sleep=0 local26=2b00 ffe480=ff00->009714 sleep=0 local26=0000 ffe4c0=ff00->009714 sleep=0 local26=0000 ffe500=ff00->009714 sleep=0 local26=0000 ffe540=ff00->009714 sleep=0 local26=0000 ffe580=ff00->009714 sleep=0 local26=0000 ffe5c0=ff00->009714 sleep=0 local26=0000 ffe600=ff00->009714 sleep=0 local26=0000 ffe640=ff00->009714 sleep=0 local26=0000
[  62.083]   [header-byte] write $ffa517 = 0c mask=00ff (pc=018446)
[  62.116] [attack-state] address=ffa7e4 data=8080 mask=ff00 pc=0050ce protection=00
[  62.119] [attack-state] address=ffa7e4 data=0000 mask=ff00 pc=00da56 protection=00
[  62.450]   [header-byte] write $ffa517 = 0c mask=00ff (pc=018446)
[  62.450] [packet-accepted] total=634 seq=79 flags=10 status=0c pc=01845e
[  62.467]   [header-byte] write $ffa517 = 0c mask=00ff (pc=018446)
[  62.467] [packet-accepted] total=635 seq=7a flags=10 status=0c pc=01845e
[  62.483]   [header-byte] write $ffa517 = 0c mask=00ff (pc=018446)
[  62.483] [packet-accepted] total=636 seq=7b flags=10 status=0c pc=01845e
[  62.583]   [header-byte] write $ffa517 = 0c mask=00ff (pc=018446)
[  62.583] [packet-accepted] total=637 seq=7c flags=08 status=0c pc=01845e attack=8000,8000
[  62.584] [attack-state] address=ffa7f4 data=8080 mask=ff00 pc=018638 protection=00
[  62.584] [attack-state] address=ffa7f4 data=0000 mask=00ff pc=00d9c6 protection=00
[  62.586] [attack-state] address=ffa7f6 data=0000 mask=ffff pc=00982c protection=00
[  62.586] [attack-state] address=ffa7f4 data=0000 mask=ffff pc=00982c protection=00
[  62.586] [attack-state] address=ffa7fe data=0000 mask=ffff pc=009842 protection=00
[  62.586] [attack-state] address=ffa7fc data=0000 mask=ffff pc=009842 protection=00
[  62.800] [garbage-calculation] protection=00 score=011b divisor=0078 task=ffd080 pc=00784e
[  63.081] heartbeat frame=3780 tx=4336 rx=4051 fc=1 fd=10 fe=1 linkflag=81 pc=00028a a502=00 a524=0000 a525=00 a170=c2 a17f=00 txtail=00f0 rxpend=0000
[  63.081] [transport] captured=4336 flushed=4336 received=4051 accepted=637 payload2=449 payload3=48 payload4=75 payload5=0 pump_reads=4129 bursts=631 txcredit=0 outq=0 inq=0 watchdog=29 txseq=78 rxseq=7d rxcredit=3 protection=00 checks=0000
[  63.081] [epochs] local=1 peer=1 ready=true discarded_rx=0
[  63.081] [tcb-continuations] ffa580=ff80->018392 sleep=0 local26=7710 ffa5c0=ff80->01853c sleep=0 local26=1000 ffd000=ffc0->00d4b4 sleep=0 local26=0000 ffd040=ffc0->00daca sleep=0 local26=0000 ffd080=ffc0->00514e sleep=8 local26=0001 ffd0c0=ffc0->004f7e sleep=0 local26=0000 ffd100=ff80->006782 sleep=0 local26=0000 ffd140=ffc0->008082 sleep=0 local26=0113 ffd180=ff80->006c06 sleep=0 local26=0000 ffd1c0=ff80->0093e6 sleep=0 local26=0009 ffd240=ff00->0079fe sleep=16 local26=0000 ffd280=ff00->009950 sleep=0 local26=0022 ffd2c0=ff00->007a24 sleep=0 local26=0101 ffd300=ff00->007a24 sleep=0 local26=0100 ffdfc0=ffc0->00d6d0 sleep=0 local26=0000 ffe000=ff00->009ac0 sleep=0 local26=0000 ffe040=ff00->0070c2 sleep=0 local26=2b00 ffe080=ff00->009ac0 sleep=0 local26=0000 ffe0c0=ff00->009ac0 sleep=0 local26=0000 ffe100=ff00->009ac0 sleep=0 local26=0000 ffe140=ff00->009ac0 sleep=0 local26=0000 ffe180=ff00->009ac0 sleep=0 local26=0000 ffe1c0=ff00->009ac0 sleep=0 local26=0000 ffe200=ff00->009ac0 sleep=0 local26=0000 ffe240=ff00->009ac0 sleep=0 local26=0000 ffe280=ff00->009ac0 sleep=0 local26=0000 ffe2c0=ff00->009ac0 sleep=0 local26=0000 ffe300=ff00->009ac0 sleep=0 local26=0000 ffe340=ff00->009ac0 sleep=0 local26=0000 ffe380=ff00->009ac0 sleep=0 local26=0000 ffe3c0=ff00->009ac0 sleep=0 local26=0000 ffe400=ff00->009ac0 sleep=0 local26=0000
[  63.084]   [header-byte] write $ffa517 = 0c mask=00ff (pc=018446)
[  63.335]   [header-byte] write $ffa517 = 0c mask=00ff (pc=018446)
[  63.335] [packet-accepted] total=639 seq=7e flags=10 status=0c pc=01845e
[  63.351]   [header-byte] write $ffa517 = 0c mask=00ff (pc=018446)
[  63.351] [packet-accepted] total=640 seq=7f flags=10 status=0c pc=01845e
[  63.468]   [header-byte] write $ffa517 = 0c mask=00ff (pc=018446)
[  63.468] [packet-accepted] total=641 seq=80 flags=08 status=0c pc=01845e attack=ffff,8000
[  63.468] [attack-state] address=ffa7f4 data=8080 mask=ff00 pc=018638 protection=00
[  63.468] [attack-state] address=ffa7fc data=8080 mask=ff00 pc=01863c protection=00
[  63.968]   [header-byte] write $ffa517 = 0c mask=00ff (pc=018446)
[  64.083] heartbeat frame=3840 tx=4407 rx=4098 fc=1 fd=10 fe=1 linkflag=81 pc=000288 a502=00 a524=0000 a525=00 a170=c2 a17f=00 txtail=0037 rxpend=0000
[  64.083] [transport] captured=4407 flushed=4407 received=4098 accepted=642 payload2=449 payload3=49 payload4=77 payload5=0 pump_reads=4194 bursts=636 txcredit=0 outq=0 inq=0 watchdog=6 txseq=7d rxseq=82 rxcredit=0 protection=00 checks=0000
[  64.083] [epochs] local=1 peer=1 ready=true discarded_rx=0
[  64.083] [tcb-continuations] ffa580=ff80->018392 sleep=0 local26=7710 ffa5c0=ff80->01853c sleep=0 local26=0600 ffd000=ffc0->00d4b4 sleep=0 local26=0000 ffd040=ffc0->00daca sleep=0 local26=0000 ffd080=ffc0->005120 sleep=6 local26=0001 ffd0c0=ffc0->005120 sleep=22 local26=0001 ffd100=ff80->006782 sleep=0 local26=0000 ffd140=ffc0->008082 sleep=0 local26=0013 ffd180=ff00->0079fe sleep=16 local26=0001 ffd200=ff00->0079fe sleep=16 local26=0000 ffd2c0=ff00->00989e sleep=0 local26=0028 ffdfc0=ffc0->00d6d0 sleep=0 local26=0000 ffe040=ff00->0070c2 sleep=0 local26=2b00 ffe440=ff00->0070c2 sleep=0 local26=4100 ffe480=ff00->0070c2 sleep=0 local26=2000 ffe4c0=ff00->009714 sleep=0 local26=0000 ffe500=ff00->009714 sleep=0 local26=0000 ffe540=ff00->009714 sleep=0 local26=0000 ffe580=ff00->009714 sleep=0 local26=0000 ffe5c0=ff00->009714 sleep=0 local26=0000 ffe600=ff00->009714 sleep=0 local26=0000 ffe640=ff00->009714 sleep=0 local26=0000
[  64.152]   [header-byte] write $ffa517 = 0c mask=00ff (pc=018446)
[  64.152] [packet-accepted] total=643 seq=82 flags=10 status=0c pc=01845e
[  64.169]   [header-byte] write $ffa517 = 0c mask=00ff (pc=018446)
[  64.169] [packet-accepted] total=644 seq=83 flags=10 status=0c pc=01845e
[  64.186] [garbage-calculation] protection=00 score=02fb divisor=0078 task=ffd080 pc=00784e
[  64.186] [attack-state] address=ffa7e2 data=0003 mask=ffff pc=007564 protection=00
[  64.186] [attack-state] address=ffa7e0 data=0101 mask=ff00 pc=007576 protection=00
[  64.192] [attack-state] address=ffa7e2 data=0000 mask=ffff pc=00da54 protection=00
[  64.192] [attack-state] address=ffa7e0 data=0000 mask=ff00 pc=00da56 protection=00
[  64.285]   [header-byte] write $ffa517 = 0c mask=00ff (pc=018446)
[  64.285] [packet-accepted] total=645 seq=84 flags=08 status=0c pc=01845e attack=ffff,8000
[  64.453] [garbage-calculation] protection=00 score=00ce divisor=0078 task=ffd0c0 pc=00784e
[  64.703]   [header-byte] write $ffa517 = 0c mask=00ff (pc=018446)
[  64.703] [packet-accepted] total=646 seq=85 flags=10 status=0c pc=01845e
[  64.786] [attack-state] address=ffa7e0 data=8080 mask=ff00 pc=0050ce protection=00
[  64.789] [attack-state] address=ffa7e0 data=0000 mask=ff00 pc=00da56 protection=00
[  64.836]   [header-byte] write $ffa517 = 0c mask=00ff (pc=018446)
[  64.836] [packet-accepted] total=647 seq=86 flags=08 status=0c pc=01845e attack=8000,ffff
[  65.053] [attack-state] address=ffa7e4 data=8080 mask=ff00 pc=0050ce protection=00
[  65.057] [attack-state] address=ffa7e4 data=0000 mask=ff00 pc=00da56 protection=00
[  65.084] heartbeat frame=3900 tx=4462 rx=4163 fc=1 fd=10 fe=1 linkflag=81 pc=00028a a502=00 a524=0000 a525=00 a170=c2 a17f=00 txtail=006e rxpend=0000
[  65.084] [transport] captured=4462 flushed=4462 received=4163 accepted=647 payload2=449 payload3=51 payload4=80 payload5=0 pump_reads=4259 bursts=641 txcredit=0 outq=0 inq=0 watchdog=14 txseq=82 rxseq=87 rxcredit=0 protection=00 checks=0000
[  65.084] [epochs] local=1 peer=1 ready=true discarded_rx=0
[  65.084] [tcb-continuations] ffa580=ff80->018392 sleep=0 local26=7710 ffa5c0=ff80->01853c sleep=0 local26=0100 ffd000=ffc0->00d4b4 sleep=0 local26=0000 ffd040=ffc0->00daca sleep=0 local26=0000 ffd080=ffc0->00504e sleep=0 local26=0c00 ffd0c0=ffc0->004f7e sleep=0 local26=0000 ffd100=ff80->006782 sleep=0 local26=0000 ffd140=ffc0->008082 sleep=0 local26=00ff ffd180=ff80->007944 sleep=0 local26=0000 ffd1c0=ff80->009546 sleep=0 local26=000c ffd200=ff80->007d70 sleep=0 local26=0000 ffd240=ff80->006c06 sleep=0 local26=0003 ffd280=ff80->00962a sleep=0 local26=ffff ffd2c0=ff00->00989e sleep=0 local26=004f ffd300=ff00->009950 sleep=0 local26=000d ffd340=ff00->00989e sleep=0 local26=003f ffd380=ff80->006b6e sleep=0 local26=0000 ffd3c0=ff80->006b6e sleep=0 local26=0000 ffd400=ff80->006b6e sleep=0 local26=0000 ffdfc0=ffc0->00d6d0 sleep=0 local26=0000 ffe000=ff00->009714 sleep=0 local26=0000 ffe040=ff00->009714 sleep=0 local26=0000 ffe080=ff00->009714 sleep=0 local26=0000 ffe0c0=ff00->009714 sleep=0 local26=0000 ffe100=ff00->009714 sleep=0 local26=0000 ffe140=ff00->009714 sleep=0 local26=0000 ffe180=ff00->009714 sleep=0 local26=0000 ffe1c0=ff00->009714 sleep=0 local26=0000 ffe200=ff00->0070c2 sleep=0 local26=2000 ffe700=ff00->009714 sleep=0 local26=0000 ffe740=ff00->009714 sleep=0 local26=0000 ffe780=ff00->009714 sleep=0 local26=0000 ffe7c0=ff00->009714 sleep=0 local26=0000 ffe800=ff00->009714 sleep=0 local26=0000 ffe840=ff00->009714 sleep=0 local26=0000 ffe880=ff00->009714 sleep=0 local26=0000 ffe8c0=ff00->009714 sleep=0 local26=0000 ffe900=ff00->009ac0 sleep=0 local26=0000 ffe940=ff00->009ac0 sleep=0 local26=0000 ffe980=ff00->009ac0 sleep=0 local26=0000 ffe9c0=ff00->009ac0 sleep=0 local26=0000
[  65.120]   [header-byte] write $ffa517 = 0c mask=00ff (pc=018446)
[  65.120] [packet-accepted] total=648 seq=87 flags=10 status=0c pc=01845e
[  65.137]   [header-byte] write $ffa517 = 0c mask=00ff (pc=018446)
[  65.137] [packet-accepted] total=649 seq=88 flags=10 status=0c pc=01845e
[  65.604]   [header-byte] write $ffa517 = 0c mask=00ff (pc=018446)
[  65.604] [packet-accepted] total=650 seq=89 flags=10 status=0c pc=01845e
[  65.720]   [header-byte] write $ffa517 = 0c mask=00ff (pc=018446)
[  65.720] [packet-accepted] total=651 seq=8a flags=08 status=0c pc=01845e attack=8000,ffff
[  65.837] [attack-state] address=ffa7e0 data=8080 mask=ff00 pc=0050ce protection=00
[  65.839] [attack-state] address=ffa7e0 data=0000 mask=ff00 pc=00da56 protection=00
[  66.085] heartbeat frame=3960 tx=4489 rx=4221 fc=1 fd=10 fe=1 linkflag=81 pc=000288 a502=00 a524=0000 a525=00 a170=c2 a17f=00 txtail=0089 rxpend=0000
[  66.085] [transport] captured=4489 flushed=4489 received=4221 accepted=651 payload2=449 payload3=52 payload4=83 payload5=0 pump_reads=4323 bursts=644 txcredit=0 outq=0 inq=0 watchdog=21 txseq=85 rxseq=8b rxcredit=0 protection=00 checks=0000
[  66.085] [epochs] local=1 peer=1 ready=true discarded_rx=0
[  66.085] [tcb-continuations] ffa580=ff80->018392 sleep=0 local26=7710 ffa5c0=ff80->01853c sleep=0 local26=0e00 ffd000=ffc0->00d4b4 sleep=0 local26=0000 ffd040=ffc0->00daca sleep=0 local26=0000 ffd080=ffc0->00504e sleep=0 local26=0900 ffd0c0=ffc0->004f7e sleep=0 local26=0000 ffd100=ff80->006782 sleep=0 local26=0000 ffd140=ffc0->008082 sleep=0 local26=00ff ffd180=ff00->0079fe sleep=1 local26=0001 ffd1c0=ff80->007944 sleep=0 local26=0000 ffd200=ff00->007a24 sleep=0 local26=0600 ffd240=ff80->006c06 sleep=0 local26=0000 ffd280=ff80->007d70 sleep=0 local26=0000 ffd2c0=ff00->00989e sleep=0 local26=0013 ffd340=ff00->00989e sleep=0 local26=0003 ffd380=ff00->0079fe sleep=4 local26=0000 ffd3c0=ff00->0079fe sleep=14 local26=0000 ffd400=ff00->0079fe sleep=14 local26=0000 ffdfc0=ffc0->00d6d0 sleep=0 local26=0000 ffe200=ff00->0070c2 sleep=0 local26=2000
[  66.221]   [header-byte] write $ffa517 = 0c mask=00ff (pc=018446)
[  66.472]   [header-byte] write $ffa517 = 0c mask=00ff (pc=018446)
[  66.472] [packet-accepted] total=653 seq=8c flags=10 status=0c pc=01845e
[  66.488]   [header-byte] write $ffa517 = 0c mask=00ff (pc=018446)
[  66.488] [packet-accepted] total=654 seq=8d flags=10 status=0c pc=01845e
[  66.605]   [header-byte] write $ffa517 = 0c mask=00ff (pc=018446)
[  66.605] [packet-accepted] total=655 seq=8e flags=08 status=0c pc=01845e attack=ffff,8000
[  66.755] [attack-state] address=ffa7e0 data=8080 mask=ff00 pc=0050ce protection=00
[  66.757] [attack-state] address=ffa7e0 data=0000 mask=ff00 pc=00da56 protection=00
[  66.905]   [header-byte] write $ffa517 = 0c mask=00ff (pc=018446)
[  66.905] [packet-accepted] total=656 seq=8f flags=10 status=0c pc=01845e
[  67.086] heartbeat frame=4020 tx=4547 rx=4282 fc=1 fd=10 fe=1 linkflag=81 pc=000288 a502=00 a524=0000 a525=00 a170=c2 a17f=00 txtail=00c3 rxpend=0000
[  67.086] [transport] captured=4547 flushed=4547 received=4282 accepted=656 payload2=449 payload3=53 payload4=86 payload5=0 pump_reads=4388 bursts=648 txcredit=0 outq=0 inq=0 watchdog=10 txseq=89 rxseq=90 rxcredit=0 protection=00 checks=0000
[  67.086] [epochs] local=1 peer=1 ready=true discarded_rx=0
[  67.086] [tcb-continuations] ffa580=ff80->018392 sleep=0 local26=7710 ffa5c0=ff80->01853c sleep=0 local26=1300 ffd000=ffc0->00d4b4 sleep=0 local26=0000 ffd040=ffc0->00daca sleep=0 local26=0000 ffd080=ffc0->00504e sleep=0 local26=0e00 ffd0c0=ffc0->00504e sleep=0 local26=3000 ffd100=ff80->006782 sleep=0 local26=0000 ffd140=ffc0->008082 sleep=0 local26=00ff ffd180=ff80->007944 sleep=0 local26=0000 ffd1c0=ff00->007a24 sleep=0 local26=0601 ffd200=ff80->007d70 sleep=0 local26=0000 ffd240=ff80->0079d4 sleep=0 local26=0001 ffd280=ff00->007a24 sleep=0 local26=0500 ffd300=ff00->0079fe sleep=24 local26=0000 ffdfc0=ffc0->00d6d0 sleep=0 local26=0000 ffe000=ff00->0070c2 sleep=0 local26=4100 ffe200=ff00->0070c2 sleep=0 local26=2000
[  67.256] [attack-state] address=ffa7e4 data=8080 mask=ff00 pc=0050ce protection=00
[  67.259] [attack-state] address=ffa7e4 data=0000 mask=ff00 pc=00da56 protection=00
[  67.405]   [header-byte] write $ffa517 = 0c mask=00ff (pc=018446)
[  67.606]   [header-byte] write $ffa517 = 0c mask=00ff (pc=018446)
[  67.606] [packet-accepted] total=658 seq=91 flags=10 status=0c pc=01845e
[  67.623]   [header-byte] write $ffa517 = 0c mask=00ff (pc=018446)
[  67.623] [packet-accepted] total=659 seq=92 flags=10 status=0c pc=01845e
[  67.640]   [header-byte] write $ffa517 = 0c mask=00ff (pc=018446)
[  67.640] [packet-accepted] total=660 seq=93 flags=10 status=0c pc=01845e
[  67.640] [attack-state] address=ffa7e0 data=8080 mask=ff00 pc=0050ce protection=00
[  67.641] [attack-state] address=ffa7e0 data=0000 mask=ff00 pc=00da56 protection=00
[  68.088] heartbeat frame=4080 tx=4595 rx=4336 fc=1 fd=10 fe=1 linkflag=81 pc=00028a a502=00 a524=0000 a525=00 a170=c2 a17f=00 txtail=00f3 rxpend=0000
[  68.088] [transport] captured=4595 flushed=4595 received=4336 accepted=660 payload2=449 payload3=53 payload4=89 payload5=0 pump_reads=4452 bursts=652 txcredit=0 outq=0 inq=0 watchdog=26 txseq=8d rxseq=94 rxcredit=0 protection=00 checks=0000
[  68.088] [epochs] local=1 peer=1 ready=true discarded_rx=0
[  68.088] [tcb-continuations] ffa580=ff80->018392 sleep=0 local26=7710 ffa5c0=ff80->01853c sleep=0 local26=1a00 ffd000=ffc0->00d4b4 sleep=0 local26=0000 ffd040=ffc0->00daca sleep=0 local26=0000 ffd080=ffc0->00504e sleep=0 local26=1500 ffd0c0=ffc0->004f7e sleep=0 local26=0000 ffd100=ff80->006782 sleep=0 local26=0000 ffd140=ffc0->008082 sleep=0 local26=00ff ffd180=ff00->007a24 sleep=0 local26=0401 ffd1c0=ff80->007944 sleep=0 local26=0000 ffd200=ff00->007a24 sleep=0 local26=0300 ffd280=ff80->007d70 sleep=0 local26=0000 ffd2c0=ff80->006c06 sleep=0 local26=0000 ffd340=ff00->0079fe sleep=13 local26=0000 ffd380=ff00->0079fe sleep=23 local26=0000 ffdfc0=ffc0->00d6d0 sleep=0 local26=0000 ffe000=ff00->0070c2 sleep=0 local26=4100
[  68.107]   [header-byte] write $ffa517 = 0c mask=00ff (pc=018446)
[  68.107] [packet-accepted] total=661 seq=94 flags=08 status=0c pc=01845e attack=0000,ffff
[  68.107] [attack-state] address=ffa7f0 data=0101 mask=ff00 pc=018648 protection=00
[  68.107] [attack-state] address=ffa7f0 data=0001 mask=ffff pc=00d96c protection=00
[  68.207]   [header-byte] write $ffa517 = 0c mask=00ff (pc=018446)
[  68.207] [packet-accepted] total=662 seq=95 flags=10 status=0c pc=01845e
[  68.224]   [header-byte] write $ffa517 = 0c mask=00ff (pc=018446)
[  68.224] [packet-accepted] total=663 seq=96 flags=10 status=0c pc=01845e
[  68.340]   [header-byte] write $ffa517 = 0c mask=00ff (pc=018446)
[  68.340] [packet-accepted] total=664 seq=97 flags=08 status=0c pc=01845e attack=ffff,8000
[  68.842]   [header-byte] write $ffa517 = 0c mask=00ff (pc=018446)
[  68.925] [garbage-calculation] protection=00 score=0082 divisor=0078 task=ffd080 pc=00784e
[  68.925] [attack-state] address=ffa7e2 data=0001 mask=ffff pc=007564 protection=00
[  68.925] [attack-state] address=ffa7e0 data=0101 mask=ff00 pc=007576 protection=00
[  68.929] [attack-state] address=ffa7e2 data=0000 mask=ffff pc=00da54 protection=00
[  68.929] [attack-state] address=ffa7e0 data=0000 mask=ff00 pc=00da56 protection=00
[  68.992]   [header-byte] write $ffa517 = 0c mask=00ff (pc=018446)
[  68.992] [packet-accepted] total=666 seq=99 flags=10 status=0c pc=01845e
[  69.008]   [header-byte] write $ffa517 = 0c mask=00ff (pc=018446)
[  69.008] [packet-accepted] total=667 seq=9a flags=10 status=0c pc=01845e
[  69.089] heartbeat frame=4140 tx=4656 rx=4421 fc=1 fd=10 fe=1 linkflag=81 pc=00028a a502=00 a524=0011 a525=11 a170=c2 a17f=00 txtail=0030 rxpend=0000
[  69.089] [transport] captured=4656 flushed=4656 received=4421 accepted=667 payload2=449 payload3=55 payload4=93 payload5=0 pump_reads=4519 bursts=657 txcredit=0 outq=0 inq=0 watchdog=4 txseq=93 rxseq=9b rxcredit=0 protection=00 checks=0000
[  69.089] [epochs] local=1 peer=1 ready=true discarded_rx=0
[  69.089] [tcb-continuations] ffa580=ff80->018392 sleep=0 local26=7710 ffa5c0=ff80->01853c sleep=0 local26=0000 ffd000=ffc0->00d4b4 sleep=0 local26=0000 ffd040=ffc0->00daca sleep=0 local26=0000 ffd080=ffc0->00514e sleep=15 local26=0001 ffd0c0=ffc0->00508e sleep=0 local26=0000 ffd100=ff80->006782 sleep=0 local26=0000 ffd140=ffc0->008082 sleep=0 local26=00ff ffd180=ff00->0079fe sleep=22 local26=0001 ffd1c0=ff00->007a24 sleep=0 local26=0301 ffd200=ff00->0079fe sleep=20 local26=0000 ffd240=ff80->00980a sleep=0 local26=0000 ffd280=ff00->007a24 sleep=0 local26=0200 ffd2c0=ff80->00939c sleep=0 local26=0000 ffd300=ff00->009950 sleep=0 local26=0029 ffdfc0=ffc0->00d6d0 sleep=0 local26=0000 ffe000=ff00->009ac0 sleep=0 local26=0000 ffe040=ff00->0070c2 sleep=0 local26=3600 ffe080=ff00->009ac0 sleep=0 local26=0000 ffe0c0=ff00->009ac0 sleep=0 local26=0000 ffe100=ff00->009ac0 sleep=0 local26=0000 ffe140=ff00->009ac0 sleep=0 local26=0000 ffe180=ff00->009ac0 sleep=0 local26=0000 ffe1c0=ff00->009ac0 sleep=0 local26=0000 ffe200=ff00->009ac0 sleep=0 local26=0000 ffe240=ff00->009ab2 sleep=2 local26=0000 ffe280=ff00->009ab2 sleep=2 local26=0000 ffe2c0=ff00->009ab2 sleep=2 local26=0000 ffe300=ff00->009ab2 sleep=2 local26=0000
[  69.125]   [header-byte] write $ffa517 = 0c mask=00ff (pc=018446)
[  69.125] [packet-accepted] total=668 seq=9b flags=08 status=0c pc=01845e attack=8000,8000
[  69.125] [attack-state] address=ffa7f0 data=8080 mask=ff00 pc=018638 protection=00
[  69.125] [attack-state] address=ffa7f0 data=0000 mask=00ff pc=00d992 protection=00
[  69.127] [attack-state] address=ffa7f0 data=0000 mask=ffff pc=00982c protection=00
[  69.127] [attack-state] address=ffa7f8 data=0000 mask=ffff pc=009842 protection=00
[  69.194] [attack-state] address=ffa7e4 data=8080 mask=ff00 pc=0050ce protection=00
[  69.196] [attack-state] address=ffa7e4 data=0000 mask=ff00 pc=00da56 protection=00
[  69.625]   [header-byte] write $ffa517 = 0c mask=00ff (pc=018446)
[  69.809]   [header-byte] write $ffa517 = 0c mask=00ff (pc=018446)
[  69.809] [packet-accepted] total=670 seq=9d flags=10 status=0c pc=01845e
[  69.926]   [header-byte] write $ffa517 = 0c mask=00ff (pc=018446)
[  69.926] [packet-accepted] total=671 seq=9e flags=10 status=0c pc=01845e
[  69.943]   [header-byte] write $ffa517 = 0c mask=00ff (pc=018446)
[  69.943] [packet-accepted] total=672 seq=9f flags=08 status=0c pc=01845e attack=ffff,8000
[  69.943] [attack-state] address=ffa7e0 data=8080 mask=ff00 pc=0050ce protection=00
[  69.944] [attack-state] address=ffa7e0 data=0000 mask=ff00 pc=00da56 protection=00
[  70.043]   [header-byte] write $ffa517 = 0c mask=00ff (pc=018446)
[  70.043] [packet-accepted] total=673 seq=a0 flags=08 status=0c pc=01845e attack=8000,ffff
[  70.043] [attack-state] address=ffa7f0 data=8080 mask=ff00 pc=018638 protection=00
[  70.043] [attack-state] address=ffa7f8 data=8080 mask=ff00 pc=01863c protection=00
[  70.090] heartbeat frame=4200 tx=4707 rx=4479 fc=1 fd=10 fe=1 linkflag=81 pc=000288 a502=00 a524=0011 a525=11 a170=c2 a17f=00 txtail=0063 rxpend=0000
[  70.090] [transport] captured=4707 flushed=4707 received=4479 accepted=673 payload2=449 payload3=58 payload4=95 payload5=0 pump_reads=4585 bursts=662 txcredit=0 outq=0 inq=0 watchdog=2 txseq=98 rxseq=a1 rxcredit=0 protection=00 checks=0000
[  70.090] [epochs] local=1 peer=1 ready=true discarded_rx=0
[  70.090] [tcb-continuations] ffa580=ff80->018392 sleep=0 local26=7710 ffa5c0=ff80->01853c sleep=0 local26=0000 ffd000=ffc0->00d4b4 sleep=0 local26=0000 ffd040=ffc0->00daca sleep=0 local26=0000 ffd080=ffc0->00504e sleep=0 local26=0300 ffd0c0=ffc0->00508e sleep=0 local26=0000 ffd100=ff80->006782 sleep=0 local26=0000 ffd140=ffc0->008082 sleep=0 local26=030a ffd180=ff80->007944 sleep=0 local26=0000 ffd1c0=ff00->0079fe sleep=22 local26=0001 ffd200=ff80->007d70 sleep=0 local26=0000 ffd240=ff00->0079fe sleep=20 local26=0000 ffd2c0=ff80->00962a sleep=0 local26=ffff ffdfc0=ffc0->00d6d0 sleep=0 local26=0000 ffe040=ff00->0070c2 sleep=0 local26=3600 ffe440=ff00->0070c2 sleep=0 local26=2b00 ffe480=ff00->0070c2 sleep=0 local26=2000
[  70.193] [attack-state] address=ffa7e4 data=8080 mask=ff00 pc=0050ce protection=00
[  70.196] [attack-state] address=ffa7e4 data=0000 mask=ff00 pc=00da56 protection=00
[  70.543]   [header-byte] write $ffa517 = 0c mask=00ff (pc=018446)
[  70.744]   [header-byte] write $ffa517 = 0c mask=00ff (pc=018446)
[  70.744] [packet-accepted] total=675 seq=a2 flags=10 status=0c pc=01845e
[  70.877]   [header-byte] write $ffa517 = 0c mask=00ff (pc=018446)
[  70.877] [packet-accepted] total=676 seq=a3 flags=08 status=0c pc=01845e attack=ffff,8000
[  70.945] [attack-state] address=ffa7e0 data=8080 mask=ff00 pc=0050ce protection=00
[  70.947] [attack-state] address=ffa7e0 data=0000 mask=ff00 pc=00da56 protection=00
[  71.011]   [header-byte] write $ffa517 = 0c mask=00ff (pc=018446)
[  71.011] [packet-accepted] total=677 seq=a4 flags=10 status=0c pc=01845e
[  71.092] heartbeat frame=4260 tx=4758 rx=4523 fc=1 fd=10 fe=1 linkflag=81 pc=00028a a502=00 a524=0000 a525=00 a170=c2 a17f=00 txtail=0096 rxpend=0000
[  71.092] [transport] captured=4758 flushed=4758 received=4523 accepted=677 payload2=449 payload3=59 payload4=97 payload5=0 pump_reads=4649 bursts=667 txcredit=0 outq=0 inq=0 watchdog=4 txseq=9c rxseq=a5 rxcredit=0 protection=00 checks=0000
[  71.092] [epochs] local=1 peer=1 ready=true discarded_rx=0
[  71.092] [tcb-continuations] ffa580=ff80->018392 sleep=0 local26=7710 ffa5c0=ff80->01853c sleep=0 local26=0800 ffd000=ffc0->00d4b4 sleep=0 local26=0000 ffd040=ffc0->00daca sleep=0 local26=0000 ffd080=ffc0->00504e sleep=0 local26=0300 ffd0c0=ffc0->004fac sleep=0 local26=0000 ffd100=ff80->006782 sleep=0 local26=0000 ffd140=ffc0->008082 sleep=0 local26=020a ffd180=ff00->0079fe sleep=7 local26=0001 ffd1c0=ff80->007944 sleep=0 local26=0000 ffd200=ff00->0079fe sleep=7 local26=0000 ffd240=ff80->007d70 sleep=0 local26=0000 ffd2c0=ff00->0079fe sleep=14 local26=0000 ffdfc0=ffc0->00d6d0 sleep=0 local26=0000
[  71.513]   [header-byte] write $ffa517 = 0c mask=00ff (pc=018446)
[  71.762]   [header-byte] write $ffa517 = 0c mask=00ff (pc=018446)
[  71.762] [packet-accepted] total=679 seq=a6 flags=10 status=0c pc=01845e
[  71.795]   [header-byte] write $ffa517 = 0c mask=00ff (pc=018446)
[  71.795] [packet-accepted] total=680 seq=a7 flags=10 status=0c pc=01845e
[  71.880] [attack-state] address=ffa7e4 data=8080 mask=ff00 pc=0050ce protection=00
[  71.881] [attack-state] address=ffa7e4 data=0000 mask=ff00 pc=00da56 protection=00
[  71.928]   [header-byte] write $ffa517 = 0c mask=00ff (pc=018446)
[  71.928] [packet-accepted] total=681 seq=a8 flags=08 status=0c pc=01845e attack=8000,ffff
[  72.093] heartbeat frame=4320 tx=4836 rx=4567 fc=1 fd=10 fe=1 linkflag=81 pc=000288 a502=00 a524=0000 a525=00 a170=c2 a17f=00 txtail=00e4 rxpend=0000
[  72.093] [transport] captured=4836 flushed=4836 received=4567 accepted=681 payload2=449 payload3=60 payload4=99 payload5=0 pump_reads=4713 bursts=673 txcredit=0 outq=0 inq=0 watchdog=9 txseq=a2 rxseq=a9 rxcredit=0 protection=00 checks=0000
[  72.093] [epochs] local=1 peer=1 ready=true discarded_rx=0
[  72.093] [tcb-continuations] ffa580=ff80->018392 sleep=0 local26=7710 ffa5c0=ff80->01853c sleep=0 local26=0c00 ffd000=ffc0->00d4b4 sleep=0 local26=0000 ffd040=ffc0->00daca sleep=0 local26=0000 ffd080=ffc0->005120 sleep=8 local26=0001 ffd0c0=ffc0->00504e sleep=0 local26=0700 ffd100=ff80->006782 sleep=0 local26=0000 ffd140=ffc0->008082 sleep=0 local26=020a ffd180=ff80->007944 sleep=0 local26=0000 ffd1c0=ff00->0079fe sleep=2 local26=0001 ffd200=ff80->007d70 sleep=0 local26=0000 ffd240=ff00->007a16 sleep=0 local26=0000 ffd280=ff00->0079fe sleep=3 local26=0001 ffd300=ff00->0079fe sleep=3 local26=0000 ffdfc0=ffc0->00d6d0 sleep=0 local26=0000
[  72.229] [garbage-calculation] protection=00 score=0049 divisor=0078 task=ffd080 pc=00784e
[  72.312]   [header-byte] write $ffa517 = 0c mask=00ff (pc=018446)
[  72.312] [packet-accepted] total=682 seq=a9 flags=10 status=0c pc=01845e
[  72.664] [attack-state] address=ffa7e4 data=8080 mask=ff00 pc=0050ce protection=00
[  72.665] [attack-state] address=ffa7e4 data=0000 mask=ff00 pc=00da56 protection=00
[  72.730]   [header-byte] write $ffa517 = 0c mask=00ff (pc=018446)
[  72.730] [packet-accepted] total=683 seq=aa flags=10 status=0c pc=01845e
[  72.813]   [header-byte] write $ffa517 = 0c mask=00ff (pc=018446)
[  72.813] [packet-accepted] total=684 seq=ab flags=08 status=0c pc=01845e attack=ffff,0001
[  72.813] [attack-state] address=ffa7f4 data=0101 mask=ff00 pc=018648 protection=00
[  72.813] [attack-state] address=ffa7f6 data=0001 mask=ffff pc=01864c protection=00
[  72.813] [attack-state] address=ffa7fe data=0001 mask=ffff pc=018650 protection=00
[  72.813] [attack-state] address=ffa7f4 data=0001 mask=ffff pc=00d99e protection=00
[  72.847]   [header-byte] write $ffa517 = 0c mask=00ff (pc=018446)
[  72.847] [packet-accepted] total=685 seq=ac flags=08 status=0c pc=01845e attack=8000,ffff
[  73.094] heartbeat frame=4380 tx=4863 rx=4615 fc=1 fd=10 fe=1 linkflag=81 pc=000288 a502=00 a524=0000 a525=00 a170=c2 a17f=00 txtail=00ff rxpend=0000
[  73.094] [transport] captured=4863 flushed=4863 received=4615 accepted=685 payload2=449 payload3=62 payload4=101 payload5=0 pump_reads=4777 bursts=676 txcredit=0 outq=0 inq=0 watchdog=14 txseq=a5 rxseq=ad rxcredit=0 protection=00 checks=0000
[  73.094] [epochs] local=1 peer=1 ready=true discarded_rx=0
[  73.094] [tcb-continuations] ffa580=ff80->018392 sleep=0 local26=7710 ffa5c0=ff80->01853c sleep=0 local26=1900 ffd000=ffc0->00d4b4 sleep=0 local26=0000 ffd040=ffc0->00daca sleep=0 local26=0000 ffd080=ffc0->00517c sleep=0 local26=0001 ffd0c0=ffc0->00504e sleep=0 local26=1400 ffd100=ff80->006782 sleep=0 local26=0000 ffd140=ffc0->008082 sleep=0 local26=010a ffd180=ff00->007a24 sleep=0 local26=0401 ffd1c0=ff80->0079d4 sleep=0 local26=0001 ffd200=ff00->007a24 sleep=0 local26=0400 ffd240=ff80->007dc0 sleep=0 local26=0000 ffd280=ff80->00975a sleep=0 local26=0010 ffd2c0=ff80->00963c sleep=0 local26=0000 ffdfc0=ffc0->00d6d0 sleep=0 local26=0000 ffe400=ff00->0070c2 sleep=0 local26=4100 ffe440=ff00->0070c2 sleep=0 local26=2000
[  73.230] [attack-state] address=ffa7e0 data=8080 mask=ff00 pc=0050ce protection=00
[  73.232] [attack-state] address=ffa7e0 data=0000 mask=ff00 pc=00da56 protection=00
[  73.280]   [header-byte] write $ffa517 = 0c mask=00ff (pc=018446)
[  73.280] [packet-accepted] total=686 seq=ad flags=10 status=0c pc=01845e
[  73.413]   [header-byte] write $ffa517 = 0c mask=00ff (pc=018446)
[  73.413] [packet-accepted] total=687 seq=ae flags=08 status=0c pc=01845e attack=ffff,8000
[  73.414] [attack-state] address=ffa7f4 data=8080 mask=ff00 pc=018638 protection=00
[  73.414] [attack-state] address=ffa7f4 data=0000 mask=00ff pc=00d9c6 protection=00
[  73.480] [attack-state] address=ffa7e4 data=8080 mask=ff00 pc=0050ce protection=00
[  73.482] [attack-state] address=ffa7e4 data=0000 mask=ff00 pc=00da56 protection=00
[  73.547]   [header-byte] write $ffa517 = 0c mask=00ff (pc=018446)
[  73.547] [packet-accepted] total=688 seq=af flags=10 status=0c pc=01845e
[  73.632] [attack-state] address=ffa7f6 data=0000 mask=ffff pc=00982c protection=00
[  73.632] [attack-state] address=ffa7f4 data=0000 mask=ffff pc=00982c protection=00
[  73.632] [attack-state] address=ffa7fe data=0000 mask=ffff pc=009842 protection=00
[  73.632] [attack-state] address=ffa7fc data=0000 mask=ffff pc=009842 protection=00
[  73.664]   [header-byte] write $ffa517 = 0c mask=00ff (pc=018446)
[  73.664] [packet-accepted] total=689 seq=b0 flags=08 status=0c pc=01845e attack=8000,ffff
[  74.095] heartbeat frame=4440 tx=4928 rx=4663 fc=1 fd=10 fe=1 linkflag=81 pc=000288 a502=00 a524=0000 a525=00 a170=c2 a17f=00 txtail=0040 rxpend=0000
[  74.095] [transport] captured=4928 flushed=4928 received=4663 accepted=689 payload2=449 payload3=64 payload4=103 payload5=0 pump_reads=4841 bursts=681 txcredit=0 outq=0 inq=0 watchdog=25 txseq=aa rxseq=b1 rxcredit=17 protection=00 checks=0000
[  74.095] [epochs] local=1 peer=1 ready=true discarded_rx=0
[  74.095] [tcb-continuations] ffa580=ff80->018392 sleep=0 local26=7710 ffa5c0=ff80->01853c sleep=0 local26=0600 ffd000=ffc0->00d4b4 sleep=0 local26=0000 ffd040=ffc0->00daca sleep=0 local26=0000 ffd080=ffc0->0050b6 sleep=1 local26=0000 ffd0c0=ffc0->00504e sleep=0 local26=1f00 ffd100=ff80->006782 sleep=0 local26=0000 ffd140=ffc0->008082 sleep=0 local26=000a ffd180=ff80->0079d4 sleep=0 local26=0001 ffd1c0=ff00->007a24 sleep=0 local26=0101 ffd200=ff00->0079fe sleep=17 local26=0001 ffd240=ff00->007a24 sleep=0 local26=0100 ffd2c0=ff00->0079fe sleep=15 local26=0000 ffd300=ff80->007dfc sleep=0 local26=0000 ffdfc0=ffc0->00d6d0 sleep=0 local26=0000
[  74.098]   [header-byte] write $ffa517 = 0c mask=00ff (pc=018446)
[  74.098] [packet-accepted] total=690 seq=b1 flags=10 status=0c pc=01845e
[  74.115] [attack-state] address=ffa7e0 data=8080 mask=ff00 pc=0050ce protection=00
[  74.117] [attack-state] address=ffa7e0 data=0000 mask=ff00 pc=00da56 protection=00
[  74.231]   [header-byte] write $ffa517 = 0c mask=00ff (pc=018446)
[  74.231] [packet-accepted] total=691 seq=b2 flags=08 status=0c pc=01845e attack=ffff,8000
[  74.231] [attack-state] address=ffa7f4 data=8080 mask=ff00 pc=018638 protection=00
[  74.231] [attack-state] address=ffa7fc data=8080 mask=ff00 pc=01863c protection=00
[  74.381] [attack-state] address=ffa7e4 data=8080 mask=ff00 pc=0050ce protection=00
[  74.384] [attack-state] address=ffa7e4 data=0000 mask=ff00 pc=00da56 protection=00
[  74.682]   [header-byte] write $ffa517 = 0c mask=00ff (pc=018446)
[  74.682] [packet-accepted] total=692 seq=b3 flags=10 status=0c pc=01845e
[  74.849]   [header-byte] write $ffa517 = 0c mask=00ff (pc=018446)
[  74.849] [packet-accepted] total=693 seq=b4 flags=10 status=0c pc=01845e
[  75.097] heartbeat frame=4500 tx=4962 rx=4721 fc=1 fd=10 fe=1 linkflag=81 pc=000288 a502=00 a524=0011 a525=11 a170=c2 a17f=00 txtail=0062 rxpend=0000
[  75.097] [transport] captured=4962 flushed=4962 received=4721 accepted=693 payload2=449 payload3=65 payload4=106 payload5=0 pump_reads=4905 bursts=685 txcredit=0 outq=0 inq=0 watchdog=14 txseq=af rxseq=b5 rxcredit=0 protection=00 checks=0000
[  75.097] [epochs] local=1 peer=1 ready=true discarded_rx=0
[  75.097] [tcb-continuations] ffa580=ff80->018392 sleep=0 local26=7710 ffa5c0=ff80->01853c sleep=0 local26=0000 ffd000=ffc0->00d4b4 sleep=0 local26=0000 ffd040=ffc0->00daca sleep=0 local26=0000 ffd080=ffc0->00504e sleep=0 local26=0000 ffd0c0=ffc0->004f7e sleep=0 local26=0000 ffd100=ff80->006782 sleep=0 local26=0000 ffd140=ffc0->008082 sleep=0 local26=03ff ffd180=ff80->007944 sleep=0 local26=0000 ffd1c0=ff80->006c06 sleep=0 local26=0000 ffd200=ff80->007d70 sleep=0 local26=0000 ffd240=ff00->0079fe sleep=17 local26=0000 ffd340=ff00->0079fe sleep=10 local26=0000 ffdfc0=ffc0->00d6d0 sleep=0 local26=0000 ffe000=ff00->0070c2 sleep=0 local26=3600
[  75.349]   [header-byte] write $ffa517 = 0c mask=00ff (pc=018446)
[  75.349] [packet-accepted] total=694 seq=b5 flags=08 status=0c pc=01845e attack=ffff,0001
[  75.349] [attack-state] address=ffa7f4 data=0101 mask=ff00 pc=018648 protection=00
[  75.349] [attack-state] address=ffa7f6 data=0001 mask=ffff pc=01864c protection=00
[  75.349] [attack-state] address=ffa7fe data=0001 mask=ffff pc=018650 protection=00
[  75.349] [attack-state] address=ffa7f4 data=0001 mask=ffff pc=00d99e protection=00
[  75.433]   [header-byte] write $ffa517 = 0c mask=00ff (pc=018446)
[  75.433] [packet-accepted] total=695 seq=b6 flags=10 status=0c pc=01845e
[  75.450]   [header-byte] write $ffa517 = 0c mask=00ff (pc=018446)
[  75.450] [packet-accepted] total=696 seq=b7 flags=10 status=0c pc=01845e
[  75.817]   [header-byte] write $ffa517 = 0c mask=00ff (pc=018446)
[  75.817] [packet-accepted] total=697 seq=b8 flags=10 status=0c pc=01845e
[  75.952]   [header-byte] write $ffa517 = 0c mask=00ff (pc=018446)
[  75.952] [packet-accepted] total=698 seq=b9 flags=08 status=0c pc=01845e attack=ffff,8000
[  75.952] [attack-state] address=ffa7f4 data=8080 mask=ff00 pc=018638 protection=00
[  75.952] [attack-state] address=ffa7f4 data=0000 mask=00ff pc=00d9c6 protection=00
[  76.098] heartbeat frame=4560 tx=5047 rx=4786 fc=1 fd=10 fe=1 linkflag=81 pc=00028a a502=00 a524=0000 a525=00 a170=c2 a17f=00 txtail=00b7 rxpend=0000
[  76.098] [transport] captured=5047 flushed=5047 received=4786 accepted=698 payload2=449 payload3=67 payload4=109 payload5=0 pump_reads=4970 bursts=690 txcredit=0 outq=0 inq=0 watchdog=8 txseq=b3 rxseq=ba rxcredit=0 protection=00 checks=0000
[  76.098] [epochs] local=1 peer=1 ready=true discarded_rx=0
[  76.098] [tcb-continuations] ffa580=ff80->018392 sleep=0 local26=7710 ffa5c0=ff80->01853c sleep=0 local26=1300 ffd000=ffc0->00d4b4 sleep=0 local26=0000 ffd040=ffc0->00daca sleep=0 local26=0000 ffd080=ffc0->005120 sleep=5 local26=0001 ffd0c0=ffc0->005120 sleep=10 local26=0001 ffd100=ff80->006782 sleep=0 local26=0000 ffd140=ffc0->008082 sleep=0 local26=02ff ffd180=ff00->007a24 sleep=0 local26=0601 ffd1c0=ff00->0079fe sleep=4 local26=0001 ffd200=ff00->007a24 sleep=0 local26=0600 ffd280=ff00->0079fe sleep=2 local26=0000 ffd2c0=ff80->00975a sleep=0 local26=0020 ffdfc0=ffc0->00d6d0 sleep=0 local26=0000 ffe000=ff00->0070c2 sleep=0 local26=3600
[  76.171] [attack-state] address=ffa7f6 data=0000 mask=ffff pc=00982c protection=00
[  76.171] [attack-state] address=ffa7f4 data=0000 mask=ffff pc=00982c protection=00
[  76.171] [attack-state] address=ffa7fe data=0000 mask=ffff pc=009842 protection=00
[  76.171] [attack-state] address=ffa7fc data=0000 mask=ffff pc=009842 protection=00
[  76.185] [garbage-calculation] protection=00 score=00eb divisor=0078 task=ffd080 pc=00784e
[  76.268] [garbage-calculation] protection=00 score=00fd divisor=0078 task=ffd0c0 pc=00784e
[  76.269] [attack-state] address=ffa7e6 data=0002 mask=ffff pc=007564 protection=00
[  76.269] [attack-state] address=ffa7e4 data=0101 mask=ff00 pc=007576 protection=00
[  76.273] [attack-state] address=ffa7e6 data=0000 mask=ffff pc=00da54 protection=00
[  76.273] [attack-state] address=ffa7e4 data=0000 mask=ff00 pc=00da56 protection=00
[  76.401]   [header-byte] write $ffa517 = 0c mask=00ff (pc=018446)
[  76.401] [packet-accepted] total=699 seq=ba flags=10 status=0c pc=01845e
[  76.419]   [header-byte] write $ffa517 = 0c mask=00ff (pc=018446)
[  76.419] [packet-accepted] total=700 seq=bb flags=10 status=0c pc=01845e
[  76.536]   [header-byte] write $ffa517 = 0c mask=00ff (pc=018446)
[  76.536] [packet-accepted] total=701 seq=bc flags=08 status=0c pc=01845e attack=8000,ffff
[  76.637]   [header-byte] write $ffa517 = 0c mask=00ff (pc=018446)
[  76.637] [packet-accepted] total=702 seq=bd flags=10 status=0c pc=01845e
[  76.868] [attack-state] address=ffa7e4 data=8080 mask=ff00 pc=0050ce protection=00
[  76.870] [attack-state] address=ffa7e4 data=0000 mask=ff00 pc=00da56 protection=00
[  77.099] heartbeat frame=4620 tx=5095 rx=4844 fc=1 fd=10 fe=1 linkflag=81 pc=000288 a502=00 a524=0011 a525=11 a170=c2 a17f=00 txtail=00e7 rxpend=0000
[  77.099] [transport] captured=5095 flushed=5095 received=4844 accepted=702 payload2=449 payload3=68 payload4=112 payload5=0 pump_reads=5034 bursts=694 txcredit=0 outq=0 inq=0 watchdog=27 txseq=b8 rxseq=be rxcredit=0 protection=00 checks=0000
[  77.099] [epochs] local=1 peer=1 ready=true discarded_rx=0
[  77.099] [tcb-continuations] ffa580=ff80->018392 sleep=0 local26=7710 ffa5c0=ff80->01853c sleep=0 local26=0000 ffd000=ffc0->00d4b4 sleep=0 local26=0000 ffd040=ffc0->00daca sleep=0 local26=0000 ffd080=ffc0->00508e sleep=0 local26=0000 ffd0c0=ffc0->00504e sleep=0 local26=0800 ffd100=ff80->006782 sleep=0 local26=0000 ffd140=ffc0->008082 sleep=0 local26=00ff ffd180=ff00->00989e sleep=0 local26=003f ffd1c0=ff00->00989e sleep=0 local26=0044 ffd200=ff80->007944 sleep=0 local26=0000 ffd240=ff80->00962a sleep=0 local26=ffff ffd280=ff80->007d70 sleep=0 local26=0000 ffd300=ff80->009546 sleep=0 local26=0010 ffd340=ff00->009950 sleep=0 local26=0001 ffdfc0=ffc0->00d6d0 sleep=0 local26=0000 ffe040=ff00->009714 sleep=0 local26=0000 ffe080=ff00->009714 sleep=0 local26=0000 ffe0c0=ff00->009714 sleep=0 local26=0000 ffe100=ff00->009714 sleep=0 local26=0000 ffe140=ff00->009714 sleep=0 local26=0000 ffe180=ff00->009714 sleep=0 local26=0000 ffe1c0=ff00->009714 sleep=0 local26=0000 ffe200=ff00->009714 sleep=0 local26=0000 ffe840=ff00->0070c2 sleep=0 local26=2000 ffe880=ff00->009714 sleep=0 local26=0000 ffe8c0=ff00->009714 sleep=0 local26=0000 ffe900=ff00->009714 sleep=0 local26=0000 ffe940=ff00->009714 sleep=0 local26=0000 ffe980=ff00->009714 sleep=0 local26=0000 ffe9c0=ff00->009714 sleep=0 local26=0000 ffea00=ff00->009714 sleep=0 local26=0000 ffea40=ff00->009714 sleep=0 local26=0000
[  77.135]   [header-byte] write $ffa517 = 0c mask=00ff (pc=018446)
[  77.202] [attack-state] address=ffa7e0 data=8080 mask=ff00 pc=0050ce protection=00
[  77.204] [attack-state] address=ffa7e0 data=0000 mask=ff00 pc=00da56 protection=00
[  77.302]   [header-byte] write $ffa517 = 0c mask=00ff (pc=018446)
[  77.302] [packet-accepted] total=704 seq=bf flags=10 status=0c pc=01845e
[  77.419]   [header-byte] write $ffa517 = 0c mask=00ff (pc=018446)
[  77.419] [packet-accepted] total=705 seq=c0 flags=08 status=0c pc=01845e attack=8000,ffff
[  77.805] [attack-state] address=ffa7e4 data=8080 mask=ff00 pc=0050ce protection=00
[  77.806] [attack-state] address=ffa7e4 data=0000 mask=ff00 pc=00da56 protection=00
[  77.921]   [header-byte] write $ffa517 = 0c mask=00ff (pc=018446)
[  78.003]   [header-byte] write $ffa517 = 0c mask=00ff (pc=018446)
[  78.003] [packet-accepted] total=707 seq=c2 flags=10 status=0c pc=01845e
[  78.019]   [header-byte] write $ffa517 = 0c mask=00ff (pc=018446)
[  78.019] [packet-accepted] total=708 seq=c3 flags=10 status=0c pc=01845e
[  78.101] heartbeat frame=4680 tx=5160 rx=4908 fc=1 fd=10 fe=1 linkflag=81 pc=00028a a502=00 a524=0000 a525=00 a170=c2 a17f=00 txtail=0028 rxpend=0000
[  78.101] [transport] captured=5160 flushed=5160 received=4908 accepted=708 payload2=449 payload3=69 payload4=115 payload5=0 pump_reads=5100 bursts=699 txcredit=0 outq=0 inq=0 watchdog=4 txseq=bc rxseq=c4 rxcredit=0 protection=00 checks=0000
[  78.101] [epochs] local=1 peer=1 ready=true discarded_rx=0
[  78.101] [tcb-continuations] ffa580=ff80->018392 sleep=0 local26=7710 ffa5c0=ff80->01853c sleep=0 local26=0800 ffd000=ffc0->00d4b4 sleep=0 local26=0000 ffd040=ffc0->00daca sleep=0 local26=0000 ffd080=ffc0->005120 sleep=21 local26=0001 ffd0c0=ffc0->00504e sleep=0 local26=0c00 ffd100=ff80->006782 sleep=0 local26=0000 ffd140=ffc0->008082 sleep=0 local26=0217 ffd180=ff00->00989e sleep=0 local26=0003 ffd1c0=ff00->00989e sleep=0 local26=0008 ffd200=ff00->007a24 sleep=0 local26=0601 ffd240=ff80->007944 sleep=0 local26=0000 ffd280=ff00->007a24 sleep=0 local26=0600 ffd2c0=ff00->0079fe sleep=15 local26=0001 ffd340=ff00->0079fe sleep=13 local26=0000 ffd380=ff80->007d70 sleep=0 local26=0000 ffdfc0=ffc0->00d6d0 sleep=0 local26=0000
[  78.136]   [header-byte] write $ffa517 = 0c mask=00ff (pc=018446)
[  78.136] [packet-accepted] total=709 seq=c4 flags=08 status=0c pc=01845e attack=ffff,8000
[  78.136] [attack-state] address=ffa7f4 data=8080 mask=ff00 pc=018638 protection=00
[  78.136] [attack-state] address=ffa7fc data=8080 mask=ff00 pc=01863c protection=00
[  78.453] [garbage-calculation] protection=00 score=00e3 divisor=0078 task=ffd080 pc=00784e
[  78.537]   [header-byte] write $ffa517 = 0c mask=00ff (pc=018446)
[  78.537] [packet-accepted] total=710 seq=c5 flags=10 status=0c pc=01845e
[  78.988]   [header-byte] write $ffa517 = 0c mask=00ff (pc=018446)
[  78.988] [packet-accepted] total=711 seq=c6 flags=10 status=0c pc=01845e
[  78.989] [garbage-calculation] protection=00 score=0082 divisor=0078 task=ffd0c0 pc=00784e
[  78.989] [attack-state] address=ffa7e4 data=0101 mask=ff00 pc=007576 protection=00
[  78.994] [attack-state] address=ffa7e4 data=0000 mask=ff00 pc=00da56 protection=00
[  79.102] heartbeat frame=4740 tx=5187 rx=4949 fc=1 fd=10 fe=1 linkflag=81 pc=00028a a502=00 a524=0000 a525=00 a170=c2 a17f=00 txtail=0043 rxpend=0000
[  79.102] [transport] captured=5187 flushed=5187 received=4949 accepted=711 payload2=449 payload3=70 payload4=117 payload5=0 pump_reads=5163 bursts=702 txcredit=0 outq=0 inq=0 watchdog=6 txseq=bf rxseq=c7 rxcredit=0 protection=00 checks=0000
[  79.102] [epochs] local=1 peer=1 ready=true discarded_rx=0
[  79.102] [tcb-continuations] ffa580=ff80->018392 sleep=0 local26=7710 ffa5c0=ff80->01853c sleep=0 local26=0600 ffd000=ffc0->00d4b4 sleep=0 local26=0000 ffd040=ffc0->00daca sleep=0 local26=0000 ffd080=ffc0->005164 sleep=0 local26=0001 ffd0c0=ffc0->00514e sleep=18 local26=0001 ffd100=ff80->006782 sleep=0 local26=0000 ffd140=ffc0->008082 sleep=0 local26=0117 ffd180=ff80->00962a sleep=0 local26=ffff ffd1c0=ff00->009950 sleep=0 local26=000c ffd200=ff00->00989e sleep=0 local26=004e ffd240=ff00->007a24 sleep=0 local26=0301 ffd280=ff80->00962a sleep=0 local26=0000 ffd2c0=ff00->009950 sleep=0 local26=002c ffd380=ff00->007a24 sleep=0 local26=0300 ffdfc0=ffc0->00d6d0 sleep=0 local26=0000 ffe000=ff00->0070c2 sleep=0 local26=4c00 ffe040=ff00->009ac0 sleep=0 local26=0000 ffe080=ff00->009ac0 sleep=0 local26=0000 ffe0c0=ff00->009ac0 sleep=0 local26=0000 ffe100=ff00->009ac0 sleep=0 local26=0000 ffe140=ff00->009ac0 sleep=0 local26=0000 ffe180=ff00->009ac0 sleep=0 local26=0000 ffe1c0=ff00->009ac0 sleep=0 local26=0000 ffe200=ff00->009ac0 sleep=0 local26=0000 ffe240=ff00->0070c2 sleep=0 local26=2000 ffe280=ff00->009ab2 sleep=1 local26=0000 ffe2c0=ff00->009ab2 sleep=1 local26=0000 ffe300=ff00->009ab2 sleep=1 local26=0000 ffe340=ff00->009ab2 sleep=1 local26=0000 ffe540=ff00->009714 sleep=0 local26=0000 ffe580=ff00->009714 sleep=0 local26=0000 ffe5c0=ff00->009714 sleep=0 local26=0000 ffe600=ff00->009714 sleep=0 local26=0000 ffe640=ff00->009714 sleep=0 local26=0000 ffe680=ff00->009714 sleep=0 local26=0000 ffe6c0=ff00->009714 sleep=0 local26=0000 ffe700=ff00->009714 sleep=0 local26=0000
[  79.272]   [header-byte] write $ffa517 = 0c mask=00ff (pc=018446)
[  79.272] [packet-accepted] total=712 seq=c7 flags=10 status=0c pc=01845e
[  79.289]   [header-byte] write $ffa517 = 0c mask=00ff (pc=018446)
[  79.289] [packet-accepted] total=713 seq=c8 flags=10 status=0c pc=01845e
[  79.441] [attack-state] address=ffa7e0 data=8080 mask=ff00 pc=0050ce protection=00
[  79.444] [attack-state] address=ffa7e0 data=0000 mask=ff00 pc=00da56 protection=00
[  79.589]   [header-byte] write $ffa517 = 0c mask=00ff (pc=018446)
[  79.589] [packet-accepted] total=714 seq=c9 flags=10 status=0c pc=01845e
[  79.589] [attack-state] address=ffa7e4 data=8080 mask=ff00 pc=0050ce protection=00
[  79.591] [attack-state] address=ffa7e4 data=0000 mask=ff00 pc=00da56 protection=00
[  79.622]   [header-byte] write $ffa517 = 0c mask=00ff (pc=018446)
[  79.622] [packet-accepted] total=715 seq=ca flags=10 status=0c pc=01845e
[  79.722]   [header-byte] write $ffa517 = 0c mask=00ff (pc=018446)
[  79.722] [packet-accepted] total=716 seq=cb flags=08 status=0c pc=01845e attack=ffff,8000
[  79.772]   [header-byte] write $ffa517 = 0c mask=00ff (pc=018446)
[  79.772] [packet-accepted] total=717 seq=cc flags=08 status=0c pc=01845e attack=0003,ffff
[  79.772] [attack-state] address=ffa7f0 data=0101 mask=ff00 pc=018648 protection=00
[  79.772] [attack-state] address=ffa7f2 data=0003 mask=ffff pc=01864c protection=00
[  79.772] [attack-state] address=ffa7fa data=0003 mask=ffff pc=018650 protection=00
[  79.772] [attack-state] address=ffa7f0 data=0001 mask=ffff pc=00d96c protection=00
[  80.103] heartbeat frame=4800 tx=5252 rx=5031 fc=1 fd=10 fe=1 linkflag=81 pc=00028a a502=00 a524=0003 a525=03 a170=c2 a17f=00 txtail=0084 rxpend=0000
[  80.103] [transport] captured=5252 flushed=5252 received=5031 accepted=717 payload2=449 payload3=72 payload4=121 payload5=0 pump_reads=5229 bursts=707 txcredit=0 outq=0 inq=0 watchdog=19 txseq=c5 rxseq=cd rxcredit=0 protection=00 checks=0000
[  80.103] [epochs] local=1 peer=1 ready=true discarded_rx=0
[  80.103] [tcb-continuations] ffa580=ff80->018392 sleep=0 local26=7710 ffa5c0=ff80->01853c sleep=0 local26=0000 ffd000=ffc0->00d4b4 sleep=0 local26=0000 ffd040=ffc0->00daca sleep=0 local26=0000 ffd080=ffc0->004f7e sleep=0 local26=0000 ffd0c0=ffc0->00504e sleep=0 local26=1900 ffd100=ff80->006782 sleep=0 local26=0000 ffd140=ffc0->008082 sleep=0 local26=0117 ffd180=ff80->0079d4 sleep=0 local26=0001 ffd1c0=ff80->006c06 sleep=0 local26=0001 ffd200=ff00->00989e sleep=0 local26=0012 ffd240=ff80->006b6e sleep=0 local26=0000 ffd280=ff80->007dfc sleep=0 local26=0000 ffd300=ff80->00975a sleep=0 local26=0013 ffdfc0=ffc0->00d6d0 sleep=0 local26=0000 ffe000=ff00->0070c2 sleep=0 local26=4c00 ffe040=ff00->0070c2 sleep=0 local26=4100
[  80.239]   [header-byte] write $ffa517 = 0c mask=00ff (pc=018446)
[  80.239] [packet-accepted] total=718 seq=cd flags=10 status=0c pc=01845e
[  80.257]   [header-byte] write $ffa517 = 0c mask=00ff (pc=018446)
[  80.257] [packet-accepted] total=719 seq=ce flags=10 status=0c pc=01845e
[  80.374]   [header-byte] write $ffa517 = 0c mask=00ff (pc=018446)
[  80.374] [packet-accepted] total=720 seq=cf flags=08 status=0c pc=01845e attack=8000,ffff
[  80.374] [attack-state] address=ffa7f0 data=8080 mask=ff00 pc=018638 protection=00
[  80.374] [attack-state] address=ffa7f0 data=0000 mask=00ff pc=00d992 protection=00
[  80.406]   [header-byte] write $ffa517 = 0c mask=00ff (pc=018446)
[  80.406] [packet-accepted] total=721 seq=d0 flags=10 status=0c pc=01845e
[  80.540]   [header-byte] write $ffa517 = 0c mask=00ff (pc=018446)
[  80.540] [packet-accepted] total=722 seq=d1 flags=08 status=0c pc=01845e attack=ffff,8000
[  80.592] [attack-state] address=ffa7f2 data=0000 mask=ffff pc=00982c protection=00
[  80.592] [attack-state] address=ffa7f0 data=0000 mask=ffff pc=00982c protection=00
[  80.592] [attack-state] address=ffa7fa data=0000 mask=ffff pc=009842 protection=00
[  80.592] [attack-state] address=ffa7f8 data=0000 mask=ffff pc=009842 protection=00
[  80.773] [garbage-calculation] protection=00 score=009f divisor=0078 task=ffd0c0 pc=00784e
[  81.041]   [header-byte] write $ffa517 = 0c mask=00ff (pc=018446)
[  81.104] heartbeat frame=4860 tx=5292 rx=5099 fc=1 fd=10 fe=1 linkflag=81 pc=000288 a502=00 a524=0000 a525=00 a170=c2 a17f=00 txtail=00ac rxpend=0000
[  81.104] [transport] captured=5292 flushed=5292 received=5099 accepted=723 payload2=449 payload3=74 payload4=124 payload5=0 pump_reads=5295 bursts=711 txcredit=0 outq=0 inq=0 watchdog=3 txseq=c8 rxseq=d3 rxcredit=0 protection=00 checks=0000
[  81.104] [epochs] local=1 peer=1 ready=true discarded_rx=0
[  81.104] [tcb-continuations] ffa580=ff80->018392 sleep=0 local26=7710 ffa5c0=ff80->01853c sleep=0 local26=0500 ffd000=ffc0->00d4b4 sleep=0 local26=0000 ffd040=ffc0->00daca sleep=0 local26=0000 ffd080=ffc0->00504e sleep=0 local26=2300 ffd0c0=ffc0->00514e sleep=5 local26=0001 ffd100=ff80->006782 sleep=0 local26=0000 ffd140=ffc0->008082 sleep=0 local26=0017 ffd1c0=ff80->0079d4 sleep=0 local26=0001 ffd200=ff80->007dfc sleep=0 local26=0000 ffd2c0=ff80->0093e6 sleep=0 local26=0006 ffd300=ff00->009950 sleep=0 local26=001f ffdfc0=ffc0->00d6d0 sleep=0 local26=0000 ffe000=ff00->0070c2 sleep=0 local26=4c00 ffe040=ff00->0070c2 sleep=0 local26=4100 ffe080=ff00->009ac0 sleep=0 local26=0000 ffe0c0=ff00->009ac0 sleep=0 local26=0000 ffe100=ff00->009ac0 sleep=0 local26=0000 ffe140=ff00->009ac0 sleep=0 local26=0000 ffe180=ff00->009ac0 sleep=0 local26=0000 ffe1c0=ff00->009ac0 sleep=0 local26=0000 ffe200=ff00->009ac0 sleep=0 local26=0000 ffe240=ff00->009ac0 sleep=0 local26=0000 ffe280=ff00->009ac0 sleep=0 local26=0000 ffe2c0=ff00->009ac0 sleep=0 local26=0000 ffe300=ff00->009ac0 sleep=0 local26=0000 ffe340=ff00->009ac0 sleep=0 local26=0000 ffe380=ff00->009ac0 sleep=0 local26=0000 ffe3c0=ff00->009ac0 sleep=0 local26=0000 ffe400=ff00->009ac0 sleep=0 local26=0000 ffe440=ff00->009ac0 sleep=0 local26=0000
[  81.124]   [header-byte] write $ffa517 = 0c mask=00ff (pc=018446)
[  81.124] [packet-accepted] total=724 seq=d3 flags=10 status=0c pc=01845e
[  81.525]   [header-byte] write $ffa517 = 0c mask=00ff (pc=018446)
[  81.525] [packet-accepted] total=725 seq=d4 flags=10 status=0c pc=01845e
[  81.625]   [header-byte] write $ffa517 = 0c mask=00ff (pc=018446)
[  81.625] [packet-accepted] total=726 seq=d5 flags=08 status=0c pc=01845e attack=0001,ffff
[  81.625] [attack-state] address=ffa7f0 data=0101 mask=ff00 pc=018648 protection=00
[  81.625] [attack-state] address=ffa7f2 data=0001 mask=ffff pc=01864c protection=00
[  81.625] [attack-state] address=ffa7fa data=0001 mask=ffff pc=018650 protection=00
[  81.625] [attack-state] address=ffa7f0 data=0001 mask=ffff pc=00d96c protection=00
[  81.792] [garbage-calculation] protection=00 score=009e divisor=0078 task=ffd080 pc=00784e
[  82.106] heartbeat frame=4920 tx=5343 rx=5140 fc=1 fd=10 fe=1 linkflag=81 pc=000288 a502=00 a524=0000 a525=00 a170=c2 a17f=00 txtail=00df rxpend=0000
[  82.106] [transport] captured=5343 flushed=5343 received=5140 accepted=726 payload2=449 payload3=75 payload4=126 payload5=0 pump_reads=5358 bursts=714 txcredit=0 outq=0 inq=0 watchdog=28 txseq=cb rxseq=d6 rxcredit=0 protection=00 checks=0000
[  82.106] [epochs] local=1 peer=1 ready=true discarded_rx=0
[  82.106] [tcb-continuations] ffa580=ff80->018392 sleep=0 local26=7710 ffa5c0=ff80->01853c sleep=0 local26=1700 ffd000=ffc0->00d4b4 sleep=0 local26=0000 ffd040=ffc0->00daca sleep=0 local26=0000 ffd080=ffc0->00514e sleep=6 local26=0001 ffd0c0=ffc0->005120 sleep=4 local26=0001 ffd100=ff80->006782 sleep=0 local26=0000 ffd140=ffc0->008082 sleep=0 local26=01ff ffd180=ff00->00989e sleep=0 local26=0026 ffd240=ff80->00975a sleep=0 local26=001c ffd280=ff80->0093e6 sleep=0 local26=0007 ffd300=ff00->009950 sleep=0 local26=0020 ffdfc0=ffc0->00d6d0 sleep=0 local26=0000 ffe000=ff00->0070c2 sleep=0 local26=4c00 ffe040=ff00->0070c2 sleep=0 local26=4100 ffe080=ff00->009ac0 sleep=0 local26=0000 ffe0c0=ff00->009ac0 sleep=0 local26=0000 ffe100=ff00->009ac0 sleep=0 local26=0000 ffe140=ff00->009ac0 sleep=0 local26=0000 ffe180=ff00->009ac0 sleep=0 local26=0000 ffe1c0=ff00->009ac0 sleep=0 local26=0000 ffe200=ff00->009ac0 sleep=0 local26=0000 ffe240=ff00->009ac0 sleep=0 local26=0000 ffe280=ff00->009ac0 sleep=0 local26=0000 ffe2c0=ff00->009ac0 sleep=0 local26=0000 ffe300=ff00->009ac0 sleep=0 local26=0000 ffe340=ff00->009ac0 sleep=0 local26=0000 ffe380=ff00->009ac0 sleep=0 local26=0000 ffe3c0=ff00->009ac0 sleep=0 local26=0000 ffe400=ff00->009ac0 sleep=0 local26=0000 ffe440=ff00->009ac0 sleep=0 local26=0000 ffe500=ff00->009714 sleep=0 local26=0000 ffe540=ff00->009714 sleep=0 local26=0000 ffe580=ff00->009714 sleep=0 local26=0000 ffe5c0=ff00->009714 sleep=0 local26=0000 ffe600=ff00->009714 sleep=0 local26=0000 ffe640=ff00->009714 sleep=0 local26=0000
[  82.125]   [header-byte] write $ffa517 = 0c mask=00ff (pc=018446)
[  82.176] [garbage-calculation] protection=00 score=02f7 divisor=0078 task=ffd0c0 pc=00784e
[  82.176] [attack-state] address=ffa7fa data=0000 mask=ffff pc=0074d0 protection=00
[  82.176] [attack-state] address=ffa7e6 data=0003 mask=ffff pc=007564 protection=00
[  82.176] [attack-state] address=ffa7e4 data=0101 mask=ff00 pc=007576 protection=00
[  82.181] [attack-state] address=ffa7e6 data=0000 mask=ffff pc=00da54 protection=00
[  82.181] [attack-state] address=ffa7e4 data=0000 mask=ff00 pc=00da56 protection=00
[  82.208]   [header-byte] write $ffa517 = 0c mask=00ff (pc=018446)
[  82.208] [packet-accepted] total=728 seq=d7 flags=10 status=0c pc=01845e
[  82.326]   [header-byte] write $ffa517 = 0c mask=00ff (pc=018446)
[  82.326] [packet-accepted] total=729 seq=d8 flags=08 status=0c pc=01845e attack=ffff,8000
[  82.392] [attack-state] address=ffa7e0 data=8080 mask=ff00 pc=0050ce protection=00
[  82.397] [attack-state] address=ffa7e0 data=0000 mask=ff00 pc=00da56 protection=00
[  82.494]   [header-byte] write $ffa517 = 0c mask=00ff (pc=018446)
[  82.494] [packet-accepted] total=730 seq=d9 flags=10 status=0c pc=01845e
[  82.776] [attack-state] address=ffa7e4 data=8080 mask=ff00 pc=0050ce protection=00
[  82.778] [attack-state] address=ffa7e4 data=0000 mask=ff00 pc=00da56 protection=00
[  82.946]   [header-byte] write $ffa517 = 0c mask=00ff (pc=018446)
[  82.946] [packet-accepted] total=731 seq=da flags=10 status=0c pc=01845e
[  83.077]   [header-byte] write $ffa517 = 0c mask=00ff (pc=018446)
[  83.077] [packet-accepted] total=732 seq=db flags=08 status=0c pc=01845e attack=ffff,8000
[  83.107] heartbeat frame=4980 tx=5398 rx=5208 fc=1 fd=10 fe=1 linkflag=81 pc=00028a a502=00 a524=0000 a525=00 a170=c2 a17f=00 txtail=0016 rxpend=0000
[  83.107] [transport] captured=5398 flushed=5398 received=5208 accepted=732 payload2=449 payload3=77 payload4=129 payload5=0 pump_reads=5424 bursts=719 txcredit=0 outq=0 inq=0 watchdog=1 txseq=d0 rxseq=dc rxcredit=0 protection=00 checks=0000
[  83.107] [epochs] local=1 peer=1 ready=true discarded_rx=0
[  83.107] [tcb-continuations] ffa580=ff80->018392 sleep=0 local26=7710 ffa5c0=ff80->01853c sleep=0 local26=1300 ffd000=ffc0->00d4b4 sleep=0 local26=0000 ffd040=ffc0->00daca sleep=0 local26=0000 ffd080=ffc0->004f7e sleep=0 local26=0000 ffd0c0=ffc0->00504e sleep=0 local26=0e00 ffd100=ff80->006782 sleep=0 local26=0000 ffd140=ffc0->008082 sleep=0 local26=00ff ffd180=ff80->007944 sleep=0 local26=0000 ffd1c0=ff80->009546 sleep=0 local26=000a ffd240=ff80->00980a sleep=0 local26=0020 ffd2c0=ff00->00989e sleep=0 local26=0026 ffd300=ff80->007d70 sleep=0 local26=0000 ffd340=ff80->006c06 sleep=0 local26=0002 ffd380=ff80->006b6e sleep=0 local26=0000 ffd3c0=ff80->006b6e sleep=0 local26=0000 ffd400=ff00->00989e sleep=0 local26=003d ffdfc0=ffc0->00d6d0 sleep=0 local26=0000 ffe000=ff00->0070c2 sleep=0 local26=4c00 ffe040=ff00->0070c2 sleep=0 local26=4100 ffe2c0=ff00->009714 sleep=0 local26=0000 ffe300=ff00->009714 sleep=0 local26=0000 ffe340=ff00->009714 sleep=0 local26=0000 ffe380=ff00->009714 sleep=0 local26=0000 ffe3c0=ff00->009714 sleep=0 local26=0000 ffe400=ff00->009714 sleep=0 local26=0000 ffe440=ff00->009714 sleep=0 local26=0000 ffe700=ff00->0070c2 sleep=0 local26=2b00 ffe840=ff00->009714 sleep=0 local26=0000 ffe880=ff00->009714 sleep=0 local26=0000 ffe8c0=ff00->009714 sleep=0 local26=0000 ffe900=ff00->009714 sleep=0 local26=0000 ffe940=ff00->009714 sleep=0 local26=0000 ffe980=ff00->009714 sleep=0 local26=0000 ffe9c0=ff00->009714 sleep=0 local26=0000
[  83.460]   [header-byte] write $ffa517 = 0c mask=00ff (pc=018446)
[  83.460] [packet-accepted] total=733 seq=dc flags=10 status=0c pc=01845e
[  83.594]   [header-byte] write $ffa517 = 0c mask=00ff (pc=018446)
[  83.594] [packet-accepted] total=734 seq=dd flags=08 status=0c pc=01845e attack=8000,ffff
[  83.594] [attack-state] address=ffa7f0 data=8080 mask=ff00 pc=018638 protection=00
[  83.594] [attack-state] address=ffa7f8 data=8080 mask=ff00 pc=01863c protection=00
[  83.594] [attack-state] address=ffa7f0 data=0000 mask=00ff pc=00d992 protection=00
[  83.596] [attack-state] address=ffa7f2 data=0000 mask=ffff pc=00982c protection=00
[  83.596] [attack-state] address=ffa7f0 data=0000 mask=ffff pc=00982c protection=00
[  83.596] [attack-state] address=ffa7f8 data=0000 mask=ffff pc=009842 protection=00
[  83.727] [attack-state] address=ffa7e4 data=8080 mask=ff00 pc=0050ce protection=00
[  83.729] [attack-state] address=ffa7e4 data=0000 mask=ff00 pc=00da56 protection=00
[  83.811]   [header-byte] write $ffa517 = 0c mask=00ff (pc=018446)
[  83.811] [packet-accepted] total=735 seq=de flags=10 status=0c pc=01845e
[  83.944]   [header-byte] write $ffa517 = 0c mask=00ff (pc=018446)
[  83.944] [packet-accepted] total=736 seq=df flags=08 status=0c pc=01845e attack=ffff,8000
[  84.108] heartbeat frame=5040 tx=5442 rx=5256 fc=1 fd=10 fe=1 linkflag=81 pc=00028a a502=00 a524=0000 a525=00 a170=c2 a17f=00 txtail=0042 rxpend=0000
[  84.108] [transport] captured=5442 flushed=5442 received=5256 accepted=736 payload2=449 payload3=79 payload4=131 payload5=0 pump_reads=5488 bursts=723 txcredit=0 outq=0 inq=0 watchdog=9 txseq=d4 rxseq=e0 rxcredit=0 protection=00 checks=0000
[  84.108] [epochs] local=1 peer=1 ready=true discarded_rx=0
[  84.108] [tcb-continuations] ffa580=ff80->018392 sleep=0 local26=7710 ffa5c0=ff80->01853c sleep=0 local26=1600 ffd000=ffc0->00d4b4 sleep=0 local26=0000 ffd040=ffc0->00daca sleep=0 local26=0000 ffd080=ffc0->00504e sleep=0 local26=2400 ffd0c0=ffc0->00504e sleep=0 local26=1100 ffd100=ff80->006782 sleep=0 local26=0000 ffd140=ffc0->008082 sleep=0 local26=031a ffd180=ff00->007a24 sleep=0 local26=0501 ffd1c0=ff80->007944 sleep=0 local26=0000 ffd200=ff80->0079d4 sleep=0 local26=0001 ffd240=ff80->007d70 sleep=0 local26=0000 ffd280=ff80->007dfc sleep=0 local26=0000 ffd300=ff00->007a24 sleep=0 local26=0400 ffd400=ff00->00989e sleep=0 local26=0001 ffdfc0=ffc0->00d6d0 sleep=0 local26=0000 ffe000=ff00->0070c2 sleep=0 local26=4c00 ffe700=ff00->0070c2 sleep=0 local26=2b00
[  84.294] [attack-state] address=ffa7e0 data=8080 mask=ff00 pc=0050ce protection=00
[  84.298] [attack-state] address=ffa7e0 data=0000 mask=ff00 pc=00da56 protection=00
[  84.378]   [header-byte] write $ffa517 = 0c mask=00ff (pc=018446)
[  84.378] [packet-accepted] total=737 seq=e0 flags=10 status=0c pc=01845e
[  84.511]   [header-byte] write $ffa517 = 0c mask=00ff (pc=018446)
[  84.511] [packet-accepted] total=738 seq=e1 flags=08 status=0c pc=01845e attack=8000,ffff
[  84.511] [attack-state] address=ffa7f0 data=8080 mask=ff00 pc=018638 protection=00
[  84.511] [attack-state] address=ffa7f8 data=8080 mask=ff00 pc=01863c protection=00
[  84.913] [garbage-calculation] protection=00 score=0099 divisor=0078 task=ffd0c0 pc=00784e
[  84.913] [attack-state] address=ffa7e6 data=0001 mask=ffff pc=007564 protection=00
[  84.913] [attack-state] address=ffa7e4 data=0101 mask=ff00 pc=007576 protection=00
[  84.917] [attack-state] address=ffa7e6 data=0000 mask=ffff pc=00da54 protection=00
[  84.917] [attack-state] address=ffa7e4 data=0000 mask=ff00 pc=00da56 protection=00
[  84.945]   [header-byte] write $ffa517 = 0c mask=00ff (pc=018446)
[  84.945] [packet-accepted] total=739 seq=e2 flags=10 status=0c pc=01845e
[  85.110] heartbeat frame=5100 tx=5490 rx=5297 fc=1 fd=10 fe=1 linkflag=81 pc=000288 a502=00 a524=0000 a525=00 a170=c2 a17f=00 txtail=0072 rxpend=0000
[  85.110] [transport] captured=5490 flushed=5490 received=5297 accepted=739 payload2=449 payload3=80 payload4=133 payload5=0 pump_reads=5551 bursts=727 txcredit=0 outq=0 inq=0 watchdog=9 txseq=d8 rxseq=e3 rxcredit=0 protection=00 checks=0000
[  85.110] [epochs] local=1 peer=1 ready=true discarded_rx=0
[  85.110] [tcb-continuations] ffa580=ff80->018392 sleep=0 local26=7710 ffa5c0=ff80->01853c sleep=0 local26=0b00 ffd000=ffc0->00d4b4 sleep=0 local26=0000 ffd040=ffc0->00daca sleep=0 local26=0000 ffd080=ffc0->004f7e sleep=0 local26=0000 ffd0c0=ffc0->00514e sleep=13 local26=0001 ffd100=ff80->006782 sleep=0 local26=0000 ffd140=ffc0->008082 sleep=0 local26=031a ffd180=ff80->0095b6 sleep=0 local26=001e ffd1c0=ff00->007a24 sleep=0 local26=0201 ffd240=ff00->007a24 sleep=0 local26=0200 ffd2c0=ff80->006c06 sleep=0 local26=0002 ffd300=ff00->009950 sleep=0 local26=0027 ffd340=ff80->00449a sleep=0 local26=0000 ffd380=ff80->006b6e sleep=0 local26=0000 ffd3c0=ff80->006b6e sleep=0 local26=0000 ffd400=ff00->0079fe sleep=24 local26=0000 ffd440=ff00->0079fe sleep=23 local26=0000 ffdfc0=ffc0->00d6d0 sleep=0 local26=0000 ffe000=ff00->009ac0 sleep=0 local26=0000 ffe040=ff00->009ac0 sleep=0 local26=0000 ffe080=ff00->009ac0 sleep=0 local26=0000 ffe0c0=ff00->009ac0 sleep=0 local26=0000 ffe100=ff00->009ac0 sleep=0 local26=0000 ffe140=ff00->009ac0 sleep=0 local26=0000 ffe180=ff00->009ac0 sleep=0 local26=0000 ffe1c0=ff00->009ac0 sleep=0 local26=0000 ffe200=ff00->009ab6 sleep=0 local26=0000 ffe240=ff00->009ab6 sleep=0 local26=0000 ffe280=ff00->009ab6 sleep=0 local26=0000 ffe2c0=ff00->009ab6 sleep=0 local26=0000 ffe300=ff00->009ab2 sleep=4 local26=0000 ffe340=ff00->009ab2 sleep=4 local26=0000 ffe380=ff00->009ab2 sleep=4 local26=0000 ffe3c0=ff00->009ab2 sleep=4 local26=0000
[  85.264]   [header-byte] write $ffa517 = 0c mask=00ff (pc=018446)
[  85.264] [packet-accepted] total=740 seq=e3 flags=10 status=0c pc=01845e
[  85.381]   [header-byte] write $ffa517 = 0c mask=00ff (pc=018446)
[  85.381] [packet-accepted] total=741 seq=e4 flags=10 status=0c pc=01845e
[  85.396]   [header-byte] write $ffa517 = 0c mask=00ff (pc=018446)
[  85.396] [packet-accepted] total=742 seq=e5 flags=10 status=0c pc=01845e
[  85.513]   [header-byte] write $ffa517 = 0c mask=00ff (pc=018446)
[  85.513] [packet-accepted] total=743 seq=e6 flags=08 status=0c pc=01845e attack=ffff,8000
[  85.763]   [header-byte] write $ffa517 = 0c mask=00ff (pc=018446)
[  85.763] [packet-accepted] total=744 seq=e7 flags=08 status=0c pc=01845e attack=0005,ffff
[  85.763] [attack-state] address=ffa7f0 data=0101 mask=ff00 pc=018648 protection=00
[  85.763] [attack-state] address=ffa7f2 data=0005 mask=ffff pc=01864c protection=00
[  85.763] [attack-state] address=ffa7fa data=0005 mask=ffff pc=018650 protection=00
[  85.763] [attack-state] address=ffa7f0 data=0001 mask=ffff pc=00d96c protection=00
[  85.947] [attack-state] address=ffa7e4 data=8080 mask=ff00 pc=0050ce protection=00
[  85.949] [attack-state] address=ffa7e4 data=0000 mask=ff00 pc=00da56 protection=00
[  86.030]   [header-byte] write $ffa517 = 0c mask=00ff (pc=018446)
[  86.030] [packet-accepted] total=745 seq=e8 flags=10 status=0c pc=01845e
[  86.111] heartbeat frame=5160 tx=5551 rx=5379 fc=1 fd=10 fe=1 linkflag=81 pc=000288 a502=00 a524=0000 a525=00 a170=c2 a17f=00 txtail=00af rxpend=0000
[  86.111] [transport] captured=5551 flushed=5551 received=5379 accepted=745 payload2=449 payload3=82 payload4=137 payload5=0 pump_reads=5617 bursts=732 txcredit=0 outq=0 inq=0 watchdog=4 txseq=dd rxseq=e9 rxcredit=0 protection=00 checks=0000
[  86.111] [epochs] local=1 peer=1 ready=true discarded_rx=0
[  86.111] [tcb-continuations] ffa580=ff80->018392 sleep=0 local26=7710 ffa5c0=ff80->01853c sleep=0 local26=0900 ffd000=ffc0->00d4b4 sleep=0 local26=0000 ffd040=ffc0->00daca sleep=0 local26=0000 ffd080=ffc0->00504e sleep=0 local26=1e00 ffd0c0=ffc0->00504e sleep=0 local26=0400 ffd100=ff80->006782 sleep=0 local26=0000 ffd140=ffc0->008082 sleep=0 local26=021a ffd180=ff80->00962a sleep=0 local26=ffff ffd1c0=ff80->007944 sleep=0 local26=0000 ffd200=ff80->007d70 sleep=0 local26=0000 ffd240=ff80->00975a sleep=0 local26=0014 ffd280=ff80->007944 sleep=0 local26=0000 ffd2c0=ff80->007d70 sleep=0 local26=0000 ffdfc0=ffc0->00d6d0 sleep=0 local26=0000 ffe000=ff00->0070c2 sleep=0 local26=2000 ffe400=ff00->0070c2 sleep=0 local26=4c00 ffe440=ff00->0070c2 sleep=0 local26=4100
[  86.164]   [header-byte] write $ffa517 = 0c mask=00ff (pc=018446)
[  86.164] [packet-accepted] total=746 seq=e9 flags=08 status=0c pc=01845e attack=ffff,8000
[  86.247]   [header-byte] write $ffa517 = 0c mask=00ff (pc=018446)
[  86.247] [packet-accepted] total=747 seq=ea flags=10 status=0c pc=01845e
[  86.364]   [header-byte] write $ffa517 = 0c mask=00ff (pc=018446)
[  86.364] [packet-accepted] total=748 seq=eb flags=08 status=0c pc=01845e attack=8000,ffff
[  86.364] [attack-state] address=ffa7f0 data=8080 mask=ff00 pc=018638 protection=00
[  86.364] [attack-state] address=ffa7f0 data=0000 mask=00ff pc=00d992 protection=00
[  86.564] [attack-state] address=ffa7e0 data=8080 mask=ff00 pc=0050ce protection=00
[  86.567] [attack-state] address=ffa7e0 data=0000 mask=ff00 pc=00da56 protection=00
[  86.582] [attack-state] address=ffa7f2 data=0000 mask=ffff pc=00982c protection=00
[  86.582] [attack-state] address=ffa7f0 data=0000 mask=ffff pc=00982c protection=00
[  86.582] [attack-state] address=ffa7fa data=0000 mask=ffff pc=009842 protection=00
[  86.582] [attack-state] address=ffa7f8 data=0000 mask=ffff pc=009842 protection=00
[  86.831] [attack-state] address=ffa7e4 data=8080 mask=ff00 pc=0050ce protection=00
[  86.835] [attack-state] address=ffa7e4 data=0000 mask=ff00 pc=00da56 protection=00
[  86.864]   [header-byte] write $ffa517 = 0c mask=00ff (pc=018446)
[  86.881]   [header-byte] write $ffa517 = 0c mask=00ff (pc=018446)
[  86.881] [packet-accepted] total=750 seq=ed flags=10 status=0c pc=01845e
[  87.112] heartbeat frame=5220 tx=5599 rx=5430 fc=1 fd=10 fe=1 linkflag=81 pc=00028a a502=00 a524=0000 a525=00 a170=c2 a17f=00 txtail=00df rxpend=0000
[  87.112] [transport] captured=5599 flushed=5599 received=5430 accepted=750 payload2=449 payload3=84 payload4=139 payload5=0 pump_reads=5682 bursts=736 txcredit=0 outq=0 inq=0 watchdog=13 txseq=e1 rxseq=ee rxcredit=0 protection=00 checks=0000
[  87.112] [epochs] local=1 peer=1 ready=true discarded_rx=0
[  87.112] [tcb-continuations] ffa580=ff80->018392 sleep=0 local26=7710 ffa5c0=ff80->01853c sleep=0 local26=1000 ffd000=ffc0->00d4b4 sleep=0 local26=0000 ffd040=ffc0->00daca sleep=0 local26=0000 ffd080=ffc0->004f7e sleep=0 local26=0000 ffd0c0=ffc0->004f7e sleep=0 local26=0000 ffd100=ff80->006782 sleep=0 local26=0000 ffd140=ffc0->008082 sleep=0 local26=011a ffd180=ff80->006c06 sleep=0 local26=0001 ffd1c0=ff00->007a24 sleep=0 local26=0201 ffd200=ff00->007a24 sleep=0 local26=0200 ffd240=ff80->006c06 sleep=0 local26=0005 ffd280=ff00->007a24 sleep=0 local26=0601 ffd2c0=ff00->007a24 sleep=0 local26=0600 ffd300=ff80->006b6e sleep=0 local26=0000 ffd340=ff80->004486 sleep=0 local26=0001 ffd380=ff80->006b6e sleep=0 local26=0000 ffd3c0=ff80->006b6e sleep=0 local26=0000 ffd400=ff80->006b6e sleep=0 local26=0000 ffd440=ff80->006b6e sleep=0 local26=0000 ffd480=ff80->006b6e sleep=0 local26=0000 ffdfc0=ffc0->00d6d0 sleep=0 local26=0000 ffe000=ff00->0070c2 sleep=0 local26=2000
[  87.298]   [header-byte] write $ffa517 = 0c mask=00ff (pc=018446)
[  87.298] [packet-accepted] total=751 seq=ee flags=10 status=0c pc=01845e
[  87.416]   [header-byte] write $ffa517 = 0c mask=00ff (pc=018446)
[  87.416] [packet-accepted] total=752 seq=ef flags=08 status=0c pc=01845e attack=8000,ffff
[  87.416] [attack-state] address=ffa7f0 data=8080 mask=ff00 pc=018638 protection=00
[  87.416] [attack-state] address=ffa7f8 data=8080 mask=ff00 pc=01863c protection=00
[  87.482]   [header-byte] write $ffa517 = 0c mask=00ff (pc=018446)
[  87.482] [packet-accepted] total=753 seq=f0 flags=10 status=0c pc=01845e
[  87.600]   [header-byte] write $ffa517 = 0c mask=00ff (pc=018446)
[  87.600] [packet-accepted] total=754 seq=f1 flags=08 status=0c pc=01845e attack=ffff,8000
[  88.099]   [header-byte] write $ffa517 = 0c mask=00ff (pc=018446)
[  88.113] heartbeat frame=5280 tx=5619 rx=5481 fc=1 fd=10 fe=1 linkflag=81 pc=000288 a502=00 a524=0000 a525=00 a170=c2 a17f=00 txtail=00f3 rxpend=0000
[  88.113] [transport] captured=5619 flushed=5619 received=5481 accepted=755 payload2=449 payload3=86 payload4=141 payload5=0 pump_reads=5747 bursts=738 txcredit=0 outq=0 inq=0 watchdog=0 txseq=e3 rxseq=f3 rxcredit=0 protection=00 checks=0000
[  88.113] [epochs] local=1 peer=1 ready=true discarded_rx=0
[  88.113] [tcb-continuations] ffa580=ff80->018392 sleep=0 local26=7710 ffa5c0=ff80->01853c sleep=0 local26=1d00 ffd000=ffc0->00d4b4 sleep=0 local26=0000 ffd040=ffc0->00daca sleep=0 local26=0000 ffd080=ffc0->00504e sleep=0 local26=1d00 ffd0c0=ffc0->004fac sleep=0 local26=0000 ffd100=ff80->006782 sleep=0 local26=0000 ffd140=ffc0->008082 sleep=0 local26=011a ffd180=ff80->0079d4 sleep=0 local26=0001 ffd1c0=ff80->007dfc sleep=0 local26=0000 ffd300=ff00->007a24 sleep=0 local26=0200 ffd380=ff00->007a24 sleep=0 local26=0200 ffd3c0=ff00->007a24 sleep=0 local26=0300 ffd400=ff00->007a24 sleep=0 local26=0600 ffd440=ff00->007a24 sleep=0 local26=0600 ffd480=ff00->007a24 sleep=0 local26=0600 ffdfc0=ffc0->00d6d0 sleep=0 local26=0000 ffe000=ff00->0070c2 sleep=0 local26=2000
[  88.351]   [header-byte] write $ffa517 = 0c mask=00ff (pc=018446)
[  88.351] [packet-accepted] total=756 seq=f3 flags=10 status=0c pc=01845e
[  88.416] [attack-state] address=ffa7e0 data=8080 mask=ff00 pc=0050ce protection=00
[  88.420] [attack-state] address=ffa7e0 data=0000 mask=ff00 pc=00da56 protection=00
[  88.466]   [header-byte] write $ffa517 = 0c mask=00ff (pc=018446)
[  88.466] [packet-accepted] total=757 seq=f4 flags=08 status=0c pc=01845e attack=8000,ffff
[  88.600]   [header-byte] write $ffa517 = 0c mask=00ff (pc=018446)
[  88.600] [packet-accepted] total=758 seq=f5 flags=10 status=0c pc=01845e
[  89.084] [attack-state] address=ffa7e4 data=8080 mask=ff00 pc=0050ce protection=00
[  89.086] [attack-state] address=ffa7e4 data=0000 mask=ff00 pc=00da56 protection=00
[  89.101]   [header-byte] write $ffa517 = 0c mask=00ff (pc=018446)
[  89.115] heartbeat frame=5340 tx=5707 rx=5525 fc=1 fd=10 fe=1 linkflag=81 pc=000288 a502=00 a524=0000 a525=00 a170=c2 a17f=00 txtail=004b rxpend=0000
[  89.115] [transport] captured=5707 flushed=5707 received=5525 accepted=759 payload2=449 payload3=87 payload4=143 payload5=0 pump_reads=5811 bursts=746 txcredit=0 outq=0 inq=0 watchdog=0 txseq=eb rxseq=f7 rxcredit=0 protection=00 checks=0000
[  89.115] [epochs] local=1 peer=1 ready=true discarded_rx=0
[  89.115] [tcb-continuations] ffa580=ff80->018392 sleep=0 local26=7710 ffa5c0=ff80->01853c sleep=0 local26=0100 ffd000=ffc0->00d4b4 sleep=0 local26=0000 ffd040=ffc0->00daca sleep=0 local26=0000 ffd080=ffc0->004f7e sleep=0 local26=0000 ffd0c0=ffc0->004fac sleep=0 local26=0000 ffd100=ff80->006782 sleep=0 local26=0000 ffd140=ffc0->008082 sleep=0 local26=001a ffd200=ff00->0079fe sleep=14 local26=0001 ffd240=ff00->0079fe sleep=12 local26=0000 ffd280=ff80->006c06 sleep=0 local26=0004 ffd2c0=ff80->00449a sleep=0 local26=0000 ffd300=ff80->006b6e sleep=0 local26=0000 ffd340=ff80->006b6e sleep=0 local26=0000 ffd380=ff00->0079fe sleep=23 local26=0000 ffd3c0=ff80->006b6e sleep=0 local26=0000 ffd4c0=ff80->006b6e sleep=0 local26=0000 ffdfc0=ffc0->00d6d0 sleep=0 local26=0000 ffe000=ff00->0070c2 sleep=0 local26=2000
[  89.151]   [header-byte] write $ffa517 = 0c mask=00ff (pc=018446)
[  89.151] [packet-accepted] total=760 seq=f7 flags=10 status=0c pc=01845e
[  89.267]   [header-byte] write $ffa517 = 0c mask=00ff (pc=018446)
[  89.267] [packet-accepted] total=761 seq=f8 flags=10 status=0c pc=01845e
[  89.284]   [header-byte] write $ffa517 = 0c mask=00ff (pc=018446)
[  89.284] [packet-accepted] total=762 seq=f9 flags=08 status=0c pc=01845e attack=ffff,8000
[  89.384]   [header-byte] write $ffa517 = 0c mask=00ff (pc=018446)
[  89.384] [packet-accepted] total=763 seq=fa flags=08 status=0c pc=01845e attack=8000,ffff
[  89.801]   [header-byte] write $ffa517 = 0c mask=00ff (pc=018446)
[  89.801] [packet-accepted] total=764 seq=fb flags=10 status=0c pc=01845e
[  89.937]   [header-byte] write $ffa517 = 0c mask=00ff (pc=018446)
[  89.937] [packet-accepted] total=765 seq=fc flags=08 status=0c pc=01845e attack=ffff,8000
[  89.968] [attack-state] address=ffa7e4 data=8080 mask=ff00 pc=0050ce protection=00
[  89.970] [attack-state] address=ffa7e4 data=0000 mask=ff00 pc=00da56 protection=00
[  90.116] heartbeat frame=5400 tx=5768 rx=5597 fc=1 fd=10 fe=1 linkflag=81 pc=000288 a502=00 a524=0000 a525=00 a170=c2 a17f=00 txtail=0088 rxpend=0000
[  90.116] [transport] captured=5768 flushed=5768 received=5597 accepted=765 payload2=449 payload3=90 payload4=146 payload5=0 pump_reads=5877 bursts=751 txcredit=0 outq=0 inq=0 watchdog=10 txseq=f0 rxseq=fd rxcredit=0 protection=00 checks=0000
[  90.116] [epochs] local=1 peer=1 ready=true discarded_rx=0
[  90.116] [tcb-continuations] ffa580=ff80->018392 sleep=0 local26=7710 ffa5c0=ff80->01853c sleep=0 local26=0800 ffd000=ffc0->00d4b4 sleep=0 local26=0000 ffd040=ffc0->00daca sleep=0 local26=0000 ffd080=ffc0->00504e sleep=0 local26=1800 ffd0c0=ffc0->00504e sleep=0 local26=0300 ffd100=ff80->006782 sleep=0 local26=0000 ffd140=ffc0->008082 sleep=0 local26=001a ffd180=ff00->0079fe sleep=7 local26=0001 ffd1c0=ff00->0079fe sleep=5 local26=0000 ffd200=ff80->007944 sleep=0 local26=0000 ffd240=ff80->007d70 sleep=0 local26=0000 ffd280=ff80->007944 sleep=0 local26=0000 ffd2c0=ff80->007d70 sleep=0 local26=0000 ffdfc0=ffc0->00d6d0 sleep=0 local26=0000 ffe000=ff00->0070c2 sleep=0 local26=2b00
[  90.171]   [header-byte] write $ffa517 = 0c mask=00ff (pc=018446)
[  90.171] [packet-accepted] total=766 seq=fd flags=10 status=0c pc=01845e
[  90.503]   [header-byte] write $ffa517 = 0c mask=00ff (pc=018446)
[  90.503] [packet-accepted] total=767 seq=fe flags=10 status=0c pc=01845e
[  90.553] [attack-state] address=ffa7e0 data=8080 mask=ff00 pc=0050ce protection=00
[  90.554] [attack-state] address=ffa7e0 data=0000 mask=ff00 pc=00da56 protection=00
[  90.636]   [header-byte] write $ffa517 = 0c mask=00ff (pc=018446)
[  90.636] [packet-accepted] total=768 seq=ff flags=08 status=0c pc=01845e attack=ffff,8000
[  90.669]   [header-byte] write $ffa517 = 0c mask=00ff (pc=018446)
[  90.669] [packet-accepted] total=769 seq=00 flags=08 status=0c pc=01845e attack=0001,ffff
[  90.669] [attack-state] address=ffa7f0 data=0101 mask=ff00 pc=018648 protection=00
[  90.669] [attack-state] address=ffa7f2 data=0001 mask=ffff pc=01864c protection=00
[  90.669] [attack-state] address=ffa7fa data=0001 mask=ffff pc=018650 protection=00
[  90.669] [attack-state] address=ffa7f0 data=0001 mask=ffff pc=00d96c protection=00
[  90.903] [attack-state] address=ffa7e4 data=8080 mask=ff00 pc=0050ce protection=00
[  90.905] [attack-state] address=ffa7e4 data=0000 mask=ff00 pc=00da56 protection=00
[  91.117] heartbeat frame=5460 tx=5816 rx=5645 fc=1 fd=10 fe=1 linkflag=81 pc=000288 a502=00 a524=0000 a525=00 a170=c2 a17f=00 txtail=00b8 rxpend=0000
[  91.117] [transport] captured=5816 flushed=5816 received=5645 accepted=769 payload2=449 payload3=92 payload4=148 payload5=0 pump_reads=5941 bursts=755 txcredit=0 outq=0 inq=0 watchdog=26 txseq=f4 rxseq=01 rxcredit=0 protection=00 checks=0000
[  91.117] [epochs] local=1 peer=1 ready=true discarded_rx=0
[  91.117] [tcb-continuations] ffa580=ff80->018392 sleep=0 local26=7710 ffa5c0=ff80->01853c sleep=0 local26=0c00 ffd000=ffc0->00d4b4 sleep=0 local26=0000 ffd040=ffc0->00daca sleep=0 local26=0000 ffd080=ffc0->00504e sleep=0 local26=1c00 ffd0c0=ffc0->00504e sleep=0 local26=0700 ffd100=ff80->006782 sleep=0 local26=0000 ffd140=ffc0->008082 sleep=0 local26=00ff ffd180=ff80->00975a sleep=0 local26=001a ffd1c0=ff80->0079d4 sleep=0 local26=0001 ffd200=ff00->0079fe sleep=3 local26=0001 ffd240=ff00->0079fe sleep=1 local26=0000 ffd280=ff00->007a24 sleep=0 local26=0201 ffd2c0=ff00->007a24 sleep=0 local26=0200 ffd300=ff80->007dfc sleep=0 local26=0000 ffd340=ff80->007944 sleep=0 local26=0000 ffd380=ff80->007d70 sleep=0 local26=0000 ffdfc0=ffc0->00d6d0 sleep=0 local26=0000 ffe000=ff00->0070c2 sleep=0 local26=2b00 ffe040=ff00->0070c2 sleep=0 local26=4100
[  91.170]   [header-byte] write $ffa517 = 0c mask=00ff (pc=018446)
[  91.370] [attack-state] address=ffa7e0 data=8080 mask=ff00 pc=0050ce protection=00
[  91.372] [attack-state] address=ffa7e0 data=0000 mask=ff00 pc=00da56 protection=00
[  91.504]   [header-byte] write $ffa517 = 0c mask=00ff (pc=018446)
[  91.504] [packet-accepted] total=771 seq=02 flags=10 status=0c pc=01845e
[  91.537]   [header-byte] write $ffa517 = 0c mask=00ff (pc=018446)
[  91.537] [packet-accepted] total=772 seq=03 flags=10 status=0c pc=01845e
[  91.637]   [header-byte] write $ffa517 = 0c mask=00ff (pc=018446)
[  91.637] [packet-accepted] total=773 seq=04 flags=08 status=0c pc=01845e attack=ffff,8000
[  91.670]   [header-byte] write $ffa517 = 0c mask=00ff (pc=018446)
[  91.670] [packet-accepted] total=774 seq=05 flags=08 status=0c pc=01845e attack=8000,ffff
[  91.671] [attack-state] address=ffa7f0 data=8080 mask=ff00 pc=018638 protection=00
[  91.671] [attack-state] address=ffa7f0 data=0000 mask=00ff pc=00d992 protection=00
[  91.672] [attack-state] address=ffa7f2 data=0000 mask=ffff pc=00982c protection=00
[  91.672] [attack-state] address=ffa7f0 data=0000 mask=ffff pc=00982c protection=00
[  91.672] [attack-state] address=ffa7fa data=0000 mask=ffff pc=009842 protection=00
[  91.672] [attack-state] address=ffa7f8 data=0000 mask=ffff pc=009842 protection=00
[  91.720] [attack-state] address=ffa7e4 data=8080 mask=ff00 pc=0050ce protection=00
[  91.723] [attack-state] address=ffa7e4 data=0000 mask=ff00 pc=00da56 protection=00
[  92.088]   [header-byte] write $ffa517 = 0c mask=00ff (pc=018446)
[  92.088] [packet-accepted] total=775 seq=06 flags=10 status=0c pc=01845e
[  92.119] heartbeat frame=5520 tx=5881 rx=5713 fc=1 fd=10 fe=1 linkflag=81 pc=00028a a502=00 a524=0000 a525=00 a170=c2 a17f=00 txtail=00f9 rxpend=0000
[  92.119] [transport] captured=5881 flushed=5881 received=5713 accepted=775 payload2=449 payload3=94 payload4=151 payload5=0 pump_reads=6007 bursts=760 txcredit=0 outq=0 inq=0 watchdog=1 txseq=f9 rxseq=07 rxcredit=0 protection=00 checks=0000
[  92.119] [epochs] local=1 peer=1 ready=true discarded_rx=0
[  92.119] [tcb-continuations] ffa580=ff80->018392 sleep=0 local26=7710 ffa5c0=ff80->01853c sleep=0 local26=0400 ffd000=ffc0->00d4b4 sleep=0 local26=0000 ffd040=ffc0->00daca sleep=0 local26=0000 ffd080=ffc0->0050b6 sleep=2 local26=0000 ffd0c0=ffc0->004f7e sleep=0 local26=0000 ffd100=ff80->006782 sleep=0 local26=0000 ffd140=ffc0->008082 sleep=0 local26=031a ffd180=ff80->006c06 sleep=0 local26=0001 ffd200=ff80->006b6e sleep=0 local26=0000 ffd280=ff00->0079fe sleep=18 local26=0001 ffd2c0=ff00->0079fe sleep=16 local26=0000 ffd340=ff00->007a24 sleep=0 local26=0501 ffd380=ff00->007a24 sleep=0 local26=0400 ffdfc0=ffc0->00d6d0 sleep=0 local26=0000 ffe000=ff00->0070c2 sleep=0 local26=2b00 ffe040=ff00->0070c2 sleep=0 local26=4100
[  92.155] [attack-state] address=ffa7e0 data=8080 mask=ff00 pc=0050ce protection=00
[  92.157] [attack-state] address=ffa7e0 data=0000 mask=ff00 pc=00da56 protection=00
[  92.505]   [header-byte] write $ffa517 = 0c mask=00ff (pc=018446)
[  92.505] [packet-accepted] total=776 seq=07 flags=10 status=0c pc=01845e
[  92.588]   [header-byte] write $ffa517 = 0c mask=00ff (pc=018446)
[  92.588] [packet-accepted] total=777 seq=08 flags=08 status=0c pc=01845e attack=ffff,0001
[  92.588] [attack-state] address=ffa7f4 data=0101 mask=ff00 pc=018648 protection=00
[  92.588] [attack-state] address=ffa7f6 data=0001 mask=ffff pc=01864c protection=00
[  92.588] [attack-state] address=ffa7fe data=0001 mask=ffff pc=018650 protection=00
[  92.588] [attack-state] address=ffa7f4 data=0001 mask=ffff pc=00d99e protection=00
[  92.621]   [header-byte] write $ffa517 = 0c mask=00ff (pc=018446)
[  92.621] [packet-accepted] total=778 seq=09 flags=08 status=0c pc=01845e attack=8000,ffff
[  92.621] [attack-state] address=ffa7f0 data=8080 mask=ff00 pc=018638 protection=00
[  92.621] [attack-state] address=ffa7f8 data=8080 mask=ff00 pc=01863c protection=00
[  93.120] heartbeat frame=5580 tx=5925 rx=5744 fc=1 fd=10 fe=1 linkflag=81 pc=000288 a502=00 a524=0000 a525=00 a170=c2 a17f=00 txtail=0025 rxpend=0000
[  93.120] [transport] captured=5925 flushed=5925 received=5744 accepted=778 payload2=449 payload3=96 payload4=152 payload5=0 pump_reads=6070 bursts=764 txcredit=0 outq=0 inq=0 watchdog=29 txseq=fd rxseq=0a rxcredit=3 protection=00 checks=0000
[  93.120] [epochs] local=1 peer=1 ready=true discarded_rx=0
[  93.120] [tcb-continuations] ffa580=ff80->018392 sleep=0 local26=7710 ffa5c0=ff80->01853c sleep=0 local26=0200 ffd000=ffc0->00d4b4 sleep=0 local26=0000 ffd040=ffc0->00daca sleep=0 local26=0000 ffd080=ffc0->005014 sleep=0 local26=0000 ffd0c0=ffc0->0050b6 sleep=4 local26=0000 ffd100=ff80->006782 sleep=0 local26=0000 ffd140=ffc0->008082 sleep=0 local26=021a ffd180=ff00->0079fe sleep=20 local26=0001 ffd240=ff00->0079fe sleep=11 local26=0000 ffd300=ff00->0079fe sleep=18 local26=0000 ffd340=ff80->00975a sleep=0 local26=001f ffdfc0=ffc0->00d6d0 sleep=0 local26=0000 ffe000=ff00->0070c2 sleep=0 local26=2b00 ffe080=ff00->0070c2 sleep=0 local26=2000
[  93.122]   [header-byte] write $ffa517 = 0c mask=00ff (pc=018446)
[  93.190] [attack-state] address=ffa7e4 data=8080 mask=ff00 pc=0050ce protection=00
[  93.192] [attack-state] address=ffa7e4 data=0000 mask=ff00 pc=00da56 protection=00
[  93.389]   [header-byte] write $ffa517 = 0c mask=00ff (pc=018446)
[  93.389] [packet-accepted] total=780 seq=0b flags=10 status=0c pc=01845e
[  93.473]   [header-byte] write $ffa517 = 0c mask=00ff (pc=018446)
[  93.473] [packet-accepted] total=781 seq=0c flags=10 status=0c pc=01845e
[  93.606]   [header-byte] write $ffa517 = 0c mask=00ff (pc=018446)
[  93.606] [packet-accepted] total=782 seq=0d flags=08 status=0c pc=01845e attack=ffff,8000
[  93.606] [attack-state] address=ffa7f4 data=8080 mask=ff00 pc=018638 protection=00
[  93.606] [attack-state] address=ffa7f4 data=0000 mask=00ff pc=00d9c6 protection=00
[  93.608] [attack-state] address=ffa7f6 data=0000 mask=ffff pc=00982c protection=00
[  93.608] [attack-state] address=ffa7f4 data=0000 mask=ffff pc=00982c protection=00
[  93.608] [attack-state] address=ffa7fe data=0000 mask=ffff pc=009842 protection=00
[  93.608] [attack-state] address=ffa7fc data=0000 mask=ffff pc=009842 protection=00
[  93.990] [attack-state] address=ffa7e0 data=8080 mask=ff00 pc=0050ce protection=00
[  93.992] [attack-state] address=ffa7e0 data=0000 mask=ff00 pc=00da56 protection=00
[  94.057] [attack-state] address=ffa7e4 data=8080 mask=ff00 pc=0050ce protection=00
[  94.060] [attack-state] address=ffa7e4 data=0000 mask=ff00 pc=00da56 protection=00
[  94.107]   [header-byte] write $ffa517 = 0c mask=00ff (pc=018446)
[  94.121] heartbeat frame=5640 tx=6000 rx=5791 fc=1 fd=10 fe=1 linkflag=81 pc=000288 a502=00 a524=0000 a525=00 a170=c2 a17f=00 txtail=0070 rxpend=0000
[  94.121] [transport] captured=6000 flushed=6000 received=5791 accepted=783 payload2=449 payload3=97 payload4=154 payload5=0 pump_reads=6135 bursts=771 txcredit=0 outq=0 inq=0 watchdog=0 txseq=04 rxseq=0f rxcredit=0 protection=00 checks=0000
[  94.121] [epochs] local=1 peer=1 ready=true discarded_rx=0
[  94.121] [tcb-continuations] ffa580=ff80->018392 sleep=0 local26=7710 ffa5c0=ff80->01853c sleep=0 local26=0300 ffd000=ffc0->00d4b4 sleep=0 local26=0000 ffd040=ffc0->00daca sleep=0 local26=0000 ffd080=ffc0->004f7e sleep=0 local26=0000 ffd0c0=ffc0->004f7e sleep=0 local26=0000 ffd100=ff80->006782 sleep=0 local26=0000 ffd140=ffc0->008082 sleep=0 local26=011a ffd180=ff80->006c06 sleep=0 local26=0001 ffd1c0=ff00->0079fe sleep=8 local26=0001 ffd200=ff00->0079fe sleep=6 local26=0000 ffd240=ff80->006b6e sleep=0 local26=0000 ffd280=ff00->0079fe sleep=12 local26=0001 ffd2c0=ff00->0079fe sleep=10 local26=0000 ffd300=ff80->006c06 sleep=0 local26=0001 ffd340=ff80->006b6e sleep=0 local26=0000 ffdfc0=ffc0->00d6d0 sleep=0 local26=0000 ffe000=ff00->0070c2 sleep=0 local26=2b00 ffe080=ff00->0070c2 sleep=0 local26=2000
[  94.274]   [header-byte] write $ffa517 = 0c mask=00ff (pc=018446)
[  94.274] [packet-accepted] total=784 seq=0f flags=10 status=0c pc=01845e
[  94.407]   [header-byte] write $ffa517 = 0c mask=00ff (pc=018446)
[  94.407] [packet-accepted] total=785 seq=10 flags=08 status=0c pc=01845e attack=ffff,8000
[  94.407] [attack-state] address=ffa7f4 data=8080 mask=ff00 pc=018638 protection=00
[  94.407] [attack-state] address=ffa7fc data=8080 mask=ff00 pc=01863c protection=00
[  94.742]   [header-byte] write $ffa517 = 0c mask=00ff (pc=018446)
[  94.742] [packet-accepted] total=786 seq=11 flags=10 status=0c pc=01845e
[  94.858]   [header-byte] write $ffa517 = 0c mask=00ff (pc=018446)
[  94.858] [packet-accepted] total=787 seq=12 flags=08 status=0c pc=01845e attack=8000,ffff
[  95.122] heartbeat frame=5700 tx=6037 rx=5839 fc=1 fd=10 fe=1 linkflag=81 pc=000288 a502=00 a524=0000 a525=00 a170=c2 a17f=00 txtail=0095 rxpend=0000
[  95.122] [transport] captured=6037 flushed=6037 received=5839 accepted=787 payload2=449 payload3=99 payload4=156 payload5=0 pump_reads=6199 bursts=774 txcredit=0 outq=0 inq=0 watchdog=15 txseq=07 rxseq=13 rxcredit=0 protection=00 checks=0000
[  95.122] [epochs] local=1 peer=1 ready=true discarded_rx=0
[  95.122] [tcb-continuations] ffa580=ff80->018392 sleep=0 local26=7710 ffa5c0=ff80->01853c sleep=0 local26=0f00 ffd000=ffc0->00d4b4 sleep=0 local26=0000 ffd040=ffc0->00daca sleep=0 local26=0000 ffd080=ffc0->00504e sleep=0 local26=1000 ffd0c0=ffc0->00504e sleep=0 local26=1300 ffd100=ff80->006782 sleep=0 local26=0000 ffd140=ffc0->008082 sleep=0 local26=001a ffd180=ff80->0079d4 sleep=0 local26=0001 ffd1c0=ff80->007dfc sleep=0 local26=0000 ffd200=ff80->007944 sleep=0 local26=0000 ffd240=ff00->007a24 sleep=0 local26=0500 ffd280=ff80->007d70 sleep=0 local26=0000 ffd340=ff00->007a24 sleep=0 local26=0400 ffdfc0=ffc0->00d6d0 sleep=0 local26=0000 ffe000=ff00->0070c2 sleep=0 local26=2b00 ffe080=ff00->0070c2 sleep=0 local26=2000
[  95.359]   [header-byte] write $ffa517 = 0c mask=00ff (pc=018446)
[  95.625]   [header-byte] write $ffa517 = 0c mask=00ff (pc=018446)
[  95.625] [packet-accepted] total=789 seq=14 flags=10 status=0c pc=01845e
[  95.659] [attack-state] address=ffa7e0 data=8080 mask=ff00 pc=0050ce protection=00
[  95.662] [attack-state] address=ffa7e0 data=0000 mask=ff00 pc=00da56 protection=00
[  95.826] [garbage-calculation] protection=00 score=00c3 divisor=0078 task=ffd0c0 pc=00784e
[  95.826] [attack-state] address=ffa7e6 data=0001 mask=ffff pc=007564 protection=00
[  95.826] [attack-state] address=ffa7e4 data=0101 mask=ff00 pc=007576 protection=00
[  95.831] [attack-state] address=ffa7e6 data=0000 mask=ffff pc=00da54 protection=00
[  95.831] [attack-state] address=ffa7e4 data=0000 mask=ff00 pc=00da56 protection=00
[  95.943]   [header-byte] write $ffa517 = 0c mask=00ff (pc=018446)
[  95.943] [packet-accepted] total=790 seq=15 flags=10 status=0c pc=01845e
[  96.110]   [header-byte] write $ffa517 = 0c mask=00ff (pc=018446)
[  96.110] [packet-accepted] total=791 seq=16 flags=08 status=0c pc=01845e attack=ffff,0001
[  96.110] [attack-state] address=ffa7f4 data=0101 mask=ff00 pc=018648 protection=00
[  96.110] [attack-state] address=ffa7f6 data=0001 mask=ffff pc=01864c protection=00
[  96.110] [attack-state] address=ffa7fe data=0001 mask=ffff pc=018650 protection=00
[  96.110] [attack-state] address=ffa7f4 data=0001 mask=ffff pc=00d99e protection=00
[  96.124] heartbeat frame=5760 tx=6085 rx=5883 fc=1 fd=10 fe=1 linkflag=81 pc=000288 a502=00 a524=0000 a525=00 a170=c2 a17f=00 txtail=00c5 rxpend=0000
[  96.124] [transport] captured=6085 flushed=6085 received=5883 accepted=791 payload2=449 payload3=100 payload4=158 payload5=0 pump_reads=6263 bursts=778 txcredit=0 outq=0 inq=0 watchdog=0 txseq=0b rxseq=17 rxcredit=0 protection=00 checks=0000
[  96.124] [epochs] local=1 peer=1 ready=true discarded_rx=0
[  96.124] [tcb-continuations] ffa580=ff80->018392 sleep=0 local26=7710 ffa5c0=ff80->01853c sleep=0 local26=1100 ffd000=ffc0->00d4b4 sleep=0 local26=0000 ffd040=ffc0->00daca sleep=0 local26=0000 ffd080=ffc0->00504e sleep=0 local26=1600 ffd0c0=ffc0->00514e sleep=7 local26=0001 ffd100=ff80->006782 sleep=0 local26=0000 ffd140=ffc0->008082 sleep=0 local26=00ff ffd180=ff00->007a24 sleep=0 local26=0101 ffd1c0=ff80->00975a sleep=0 local26=0000 ffd200=ff00->007a24 sleep=0 local26=0401 ffd240=ff80->0079d4 sleep=0 local26=0001 ffd280=ff00->007a24 sleep=0 local26=0300 ffd2c0=ff80->007dfc sleep=0 local26=0000 ffd300=ff80->0095b6 sleep=0 local26=0018 ffd340=ff00->009950 sleep=0 local26=0021 ffdfc0=ffc0->00d6d0 sleep=0 local26=0000 ffe000=ff00->009ac0 sleep=0 local26=0000 ffe040=ff00->009ac0 sleep=0 local26=0000 ffe080=ff00->009ac0 sleep=0 local26=0000 ffe0c0=ff00->009ac0 sleep=0 local26=0000 ffe100=ff00->009ac0 sleep=0 local26=0000 ffe140=ff00->009ac0 sleep=0 local26=0000 ffe180=ff00->009ac0 sleep=0 local26=0000 ffe1c0=ff00->009ac0 sleep=0 local26=0000 ffe200=ff00->009ac0 sleep=0 local26=0000 ffe240=ff00->009ac0 sleep=0 local26=0000 ffe280=ff00->009ac0 sleep=0 local26=0000 ffe2c0=ff00->009ac0 sleep=0 local26=0000 ffe300=ff00->009ac0 sleep=0 local26=0000 ffe340=ff00->009ac0 sleep=0 local26=0000 ffe380=ff00->009ac0 sleep=0 local26=0000 ffe3c0=ff00->009ac0 sleep=0 local26=0000
[  96.427] [attack-state] address=ffa7e4 data=8080 mask=ff00 pc=0050ce protection=00
[  96.429] [attack-state] address=ffa7e4 data=0000 mask=ff00 pc=00da56 protection=00
[  96.444] [attack-state] address=ffa7e0 data=8080 mask=ff00 pc=0050ce protection=00
[  96.447] [attack-state] address=ffa7e0 data=0000 mask=ff00 pc=00da56 protection=00
[  96.610]   [header-byte] write $ffa517 = 0c mask=00ff (pc=018446)
[  96.727]   [header-byte] write $ffa517 = 0c mask=00ff (pc=018446)
[  96.727] [packet-accepted] total=793 seq=18 flags=10 status=0c pc=01845e
[  96.844]   [header-byte] write $ffa517 = 0c mask=00ff (pc=018446)
[  96.844] [packet-accepted] total=794 seq=19 flags=08 status=0c pc=01845e attack=8000,ffff
[  97.011]   [header-byte] write $ffa517 = 0c mask=00ff (pc=018446)
[  97.011] [packet-accepted] total=795 seq=1a flags=10 status=0c pc=01845e
[  97.125] heartbeat frame=5820 tx=6187 rx=5927 fc=1 fd=10 fe=1 linkflag=81 pc=00028a a502=00 a524=0000 a525=00 a170=c2 a17f=00 txtail=002b rxpend=0000
[  97.125] [transport] captured=6187 flushed=6187 received=5927 accepted=795 payload2=449 payload3=101 payload4=160 payload5=0 pump_reads=6327 bursts=786 txcredit=0 outq=0 inq=0 watchdog=6 txseq=13 rxseq=1b rxcredit=7 protection=00 checks=0000
[  97.125] [epochs] local=1 peer=1 ready=true discarded_rx=0
[  97.125] [tcb-continuations] ffa580=ff80->018392 sleep=0 local26=7710 ffa5c0=ff80->01853c sleep=0 local26=0400 ffd000=ffc0->00d4b4 sleep=0 local26=0000 ffd040=ffc0->00daca sleep=0 local26=0000 ffd080=ffc0->005120 sleep=24 local26=0001 ffd0c0=ffc0->0050b6 sleep=1 local26=0000 ffd100=ff80->006782 sleep=0 local26=0000 ffd140=ffc0->008082 sleep=0 local26=0319 ffd180=ff00->0079fe sleep=17 local26=0001 ffd1c0=ff80->00980a sleep=0 local26=0020 ffd200=ff00->0079fe sleep=15 local26=0000 ffd280=ff00->0079fe sleep=18 local26=0001 ffd380=ff00->0079fe sleep=16 local26=0000 ffdfc0=ffc0->00d6d0 sleep=0 local26=0000 ffe000=ff00->0070c2 sleep=0 local26=4100
[  97.127]   [header-byte] write $ffa517 = 0c mask=00ff (pc=018446)
[  97.127] [packet-accepted] total=796 seq=1b flags=08 status=0c pc=01845e attack=ffff,8000
[  97.127] [attack-state] address=ffa7f4 data=8080 mask=ff00 pc=018638 protection=00
[  97.127] [attack-state] address=ffa7f4 data=0000 mask=00ff pc=00d9c6 protection=00
[  97.130] [attack-state] address=ffa7f6 data=0000 mask=ffff pc=00982c protection=00
[  97.130] [attack-state] address=ffa7f4 data=0000 mask=ffff pc=00982c protection=00
[  97.130] [attack-state] address=ffa7fe data=0000 mask=ffff pc=009842 protection=00
[  97.130] [attack-state] address=ffa7fc data=0000 mask=ffff pc=009842 protection=00
[  97.147] [attack-state] address=ffa7e4 data=8080 mask=ff00 pc=0050ce protection=00
[  97.149] [attack-state] address=ffa7e4 data=0000 mask=ff00 pc=00da56 protection=00
[  97.528] [garbage-calculation] protection=00 score=00da divisor=0078 task=ffd080 pc=00784e
[  97.613]   [header-byte] write $ffa517 = 0c mask=00ff (pc=018446)
[  97.613] [packet-accepted] total=797 seq=1c flags=10 status=0c pc=01845e
[  97.745]   [header-byte] write $ffa517 = 0c mask=00ff (pc=018446)
[  97.745] [packet-accepted] total=798 seq=1d flags=08 status=0c pc=01845e attack=ffff,8000
[  97.745] [attack-state] address=ffa7f4 data=8080 mask=ff00 pc=018638 protection=00
[  97.745] [attack-state] address=ffa7fc data=8080 mask=ff00 pc=01863c protection=00
[  97.847]   [header-byte] write $ffa517 = 0c mask=00ff (pc=018446)
[  97.847] [packet-accepted] total=799 seq=1e flags=10 status=0c pc=01845e
[  98.126] heartbeat frame=5880 tx=6214 rx=5975 fc=1 fd=10 fe=1 linkflag=81 pc=000288 a502=00 a524=0000 a525=00 a170=c2 a17f=00 txtail=0046 rxpend=0000
[  98.126] [transport] captured=6214 flushed=6214 received=5975 accepted=799 payload2=449 payload3=103 payload4=162 payload5=0 pump_reads=6391 bursts=789 txcredit=0 outq=0 inq=0 watchdog=16 txseq=16 rxseq=1f rxcredit=0 protection=00 checks=0000
[  98.126] [epochs] local=1 peer=1 ready=true discarded_rx=0
[  98.126] [tcb-continuations] ffa580=ff80->018392 sleep=0 local26=7710 ffa5c0=ff80->01853c sleep=0 local26=0c00 ffd000=ffc0->00d4b4 sleep=0 local26=0000 ffd040=ffc0->00daca sleep=0 local26=0000 ffd080=ffc0->005164 sleep=0 local26=0001 ffd0c0=ffc0->00504e sleep=0 local26=0c00 ffd100=ff80->006782 sleep=0 local26=0000 ffd140=ffc0->008082 sleep=0 local26=0219 ffd180=ff80->007944 sleep=0 local26=0000 ffd1c0=ff80->007d70 sleep=0 local26=0000 ffd200=ff00->00989e sleep=0 local26=0052 ffd240=ff00->007a24 sleep=0 local26=0600 ffd2c0=ff80->00962a sleep=0 local26=ffff ffd300=ff00->009950 sleep=0 local26=000f ffdfc0=ffc0->00d6d0 sleep=0 local26=0000 ffe000=ff00->0070c2 sleep=0 local26=4100 ffe340=ff00->009ac0 sleep=0 local26=0000 ffe380=ff00->009ac0 sleep=0 local26=0000 ffe3c0=ff00->009ac0 sleep=0 local26=0000 ffe400=ff00->009ac0 sleep=0 local26=0000 ffe440=ff00->0070c2 sleep=0 local26=2b00 ffe480=ff00->009714 sleep=0 local26=0000 ffe4c0=ff00->009714 sleep=0 local26=0000 ffe500=ff00->009714 sleep=0 local26=0000 ffe540=ff00->009714 sleep=0 local26=0000 ffe580=ff00->009714 sleep=0 local26=0000 ffe5c0=ff00->009714 sleep=0 local26=0000 ffe600=ff00->009714 sleep=0 local26=0000 ffe640=ff00->009714 sleep=0 local26=0000
[  98.196]   [header-byte] write $ffa517 = 0c mask=00ff (pc=018446)
[  98.196] [packet-accepted] total=800 seq=1f flags=10 status=0c pc=01845e
[  98.563]   [header-byte] write $ffa517 = 0c mask=00ff (pc=018446)
[  98.563] [packet-accepted] total=801 seq=20 flags=10 status=0c pc=01845e
[  98.679]   [header-byte] write $ffa517 = 0c mask=00ff (pc=018446)
[  98.679] [packet-accepted] total=802 seq=21 flags=08 status=0c pc=01845e attack=8000,ffff
[  98.913] [garbage-calculation] protection=00 score=0652 divisor=0078 task=ffd080 pc=00784e
[  98.913] [attack-state] address=ffa7e2 data=0008 mask=ffff pc=007564 protection=00
[  98.913] [attack-state] address=ffa7e0 data=0101 mask=ff00 pc=007576 protection=00
[  98.919] [attack-state] address=ffa7e2 data=0000 mask=ffff pc=00da54 protection=00
[  98.919] [attack-state] address=ffa7e0 data=0000 mask=ff00 pc=00da56 protection=00
[  98.947] [garbage-calculation] protection=00 score=00b3 divisor=0078 task=ffd0c0 pc=00784e
[  99.128] heartbeat frame=5940 tx=6258 rx=6016 fc=1 fd=10 fe=1 linkflag=81 pc=00028a a502=00 a524=0000 a525=00 a170=c2 a17f=00 txtail=0072 rxpend=0000
[  99.128] [transport] captured=6258 flushed=6258 received=6016 accepted=802 payload2=449 payload3=104 payload4=164 payload5=0 pump_reads=6454 bursts=793 txcredit=0 outq=0 inq=0 watchdog=26 txseq=1a rxseq=22 rxcredit=0 protection=00 checks=0000
[  99.128] [epochs] local=1 peer=1 ready=true discarded_rx=0
[  99.128] [tcb-continuations] ffa580=ff80->018392 sleep=0 local26=7710 ffa5c0=ff80->01853c sleep=0 local26=0c00 ffd000=ffc0->00d4b4 sleep=0 local26=0000 ffd040=ffc0->00daca sleep=0 local26=0000 ffd080=ffc0->00514e sleep=12 local26=0001 ffd0c0=ffc0->00514e sleep=14 local26=0001 ffd100=ff80->006782 sleep=0 local26=0000 ffd140=ffc0->008082 sleep=0 local26=0119 ffd180=ff00->007a24 sleep=0 local26=0201 ffd1c0=ff00->007a24 sleep=0 local26=0200 ffd200=ff00->00989e sleep=0 local26=0016 ffd240=ff80->0093e6 sleep=0 local26=000d ffd280=ff00->009950 sleep=0 local26=0026 ffd2c0=ff80->0093e6 sleep=0 local26=000f ffd300=ff00->009950 sleep=0 local26=0028 ffdfc0=ffc0->00d6d0 sleep=0 local26=0000 ffe000=ff00->0070c2 sleep=0 local26=4100 ffe040=ff00->009ac0 sleep=0 local26=0000 ffe080=ff00->009ac0 sleep=0 local26=0000 ffe0c0=ff00->009ac0 sleep=0 local26=0000 ffe100=ff00->009ac0 sleep=0 local26=0000 ffe140=ff00->009ac0 sleep=0 local26=0000 ffe180=ff00->009ac0 sleep=0 local26=0000 ffe1c0=ff00->009ac0 sleep=0 local26=0000 ffe200=ff00->009ac0 sleep=0 local26=0000 ffe240=ff00->009ac0 sleep=0 local26=0000 ffe280=ff00->009ac0 sleep=0 local26=0000 ffe2c0=ff00->009ac0 sleep=0 local26=0000 ffe300=ff00->009ac0 sleep=0 local26=0000 ffe340=ff00->009ac0 sleep=0 local26=0000 ffe380=ff00->009ac0 sleep=0 local26=0000 ffe3c0=ff00->009ac0 sleep=0 local26=0000 ffe400=ff00->009ac0 sleep=0 local26=0000 ffe440=ff00->009ac0 sleep=0 local26=0000 ffe480=ff00->009ac0 sleep=0 local26=0000 ffe4c0=ff00->009ac0 sleep=0 local26=0000 ffe500=ff00->009ac0 sleep=0 local26=0000 ffe540=ff00->009ab2 sleep=1 local26=0000 ffe580=ff00->009ab2 sleep=1 local26=0000 ffe5c0=ff00->009ab2 sleep=1 local26=0000 ffe600=ff00->009ab2 sleep=1 local26=0000 ffe640=ff00->009ab2 sleep=3 local26=0000 ffe680=ff00->009ab2 sleep=3 local26=0000 ffe6c0=ff00->009ab2 sleep=3 local26=0000 ffe700=ff00->009ab2 sleep=3 local26=0000
[  99.180]   [header-byte] write $ffa517 = 0c mask=00ff (pc=018446)
[  99.548]   [header-byte] write $ffa517 = 0c mask=00ff (pc=018446)
[  99.548] [packet-accepted] total=804 seq=23 flags=10 status=0c pc=01845e
[  99.665]   [header-byte] write $ffa517 = 0c mask=00ff (pc=018446)
[  99.665] [packet-accepted] total=805 seq=24 flags=10 status=0c pc=01845e
[  99.681]   [header-byte] write $ffa517 = 0c mask=00ff (pc=018446)
[  99.681] [packet-accepted] total=806 seq=25 flags=08 status=0c pc=01845e attack=ffff,8000
[  99.932] [attack-state] address=ffa7e0 data=8080 mask=ff00 pc=0050ce protection=00
[  99.935] [attack-state] address=ffa7e0 data=0000 mask=ff00 pc=00da56 protection=00
[ 100.129] heartbeat frame=6000 tx=6336 rx=6060 fc=1 fd=10 fe=1 linkflag=81 pc=00028a a502=00 a524=0000 a525=00 a170=c2 a17f=00 txtail=00c0 rxpend=0000
[ 100.129] [transport] captured=6336 flushed=6336 received=6060 accepted=806 payload2=449 payload3=105 payload4=166 payload5=0 pump_reads=6518 bursts=799 txcredit=0 outq=0 inq=0 watchdog=26 txseq=20 rxseq=26 rxcredit=0 protection=00 checks=0000
[ 100.129] [epochs] local=1 peer=1 ready=true discarded_rx=0
[ 100.129] [tcb-continuations] ffa580=ff80->018392 sleep=0 local26=7710 ffa5c0=ff80->01853c sleep=0 local26=0b00 ffd000=ffc0->00d4b4 sleep=0 local26=0000 ffd040=ffc0->00daca sleep=0 local26=0000 ffd080=ffc0->00504e sleep=0 local26=0600 ffd0c0=ffc0->005120 sleep=12 local26=0001 ffd100=ff80->006782 sleep=0 local26=0000 ffd140=ffc0->008082 sleep=0 local26=0119 ffd180=ff00->00989e sleep=0 local26=002d ffd1c0=ff00->00989e sleep=0 local26=002f ffd200=ff80->007944 sleep=0 local26=0000 ffd240=ff80->00962a sleep=0 local26=ffff ffd280=ff80->007d70 sleep=0 local26=0000 ffdfc0=ffc0->00d6d0 sleep=0 local26=0000 ffe000=ff00->0070c2 sleep=0 local26=4100 ffe0c0=ff00->009714 sleep=0 local26=0000 ffe100=ff00->009714 sleep=0 local26=0000 ffe240=ff00->0070c2 sleep=0 local26=2000 ffe840=ff00->009714 sleep=0 local26=0000 ffe880=ff00->009714 sleep=0 local26=0000 ffe8c0=ff00->009714 sleep=0 local26=0000 ffe900=ff00->009714 sleep=0 local26=0000 ffe940=ff00->009714 sleep=0 local26=0000 ffe980=ff00->009714 sleep=0 local26=0000 ffe9c0=ff00->009714 sleep=0 local26=0000 ffea00=ff00->009714 sleep=0 local26=0000 ffea40=ff00->0070c2 sleep=0 local26=4c00 ffea80=ff00->009714 sleep=0 local26=0000 ffeac0=ff00->009714 sleep=0 local26=0000 ffeb00=ff00->009714 sleep=0 local26=0000 ffeb40=ff00->009714 sleep=0 local26=0000
[ 100.182]   [header-byte] write $ffa517 = 0c mask=00ff (pc=018446)
[ 100.199]   [header-byte] write $ffa517 = 0c mask=00ff (pc=018446)
[ 100.199] [packet-accepted] total=808 seq=27 flags=10 status=0c pc=01845e
[ 100.332]   [header-byte] write $ffa517 = 0c mask=00ff (pc=018446)
[ 100.332] [packet-accepted] total=809 seq=28 flags=08 status=0c pc=01845e attack=ffff,8000
[ 100.333] [garbage-calculation] protection=00 score=07bb divisor=0078 task=ffd0c0 pc=00784e
[ 100.333] [attack-state] address=ffa7e6 data=0006 mask=ffff pc=007564 protection=00
[ 100.333] [attack-state] address=ffa7e4 data=0101 mask=ff00 pc=007576 protection=00
[ 100.338] [attack-state] address=ffa7e6 data=0000 mask=ffff pc=00da54 protection=00
[ 100.338] [attack-state] address=ffa7e4 data=0000 mask=ff00 pc=00da56 protection=00
[ 100.431]   [header-byte] write $ffa517 = 0c mask=00ff (pc=018446)
[ 100.431] [packet-accepted] total=810 seq=29 flags=10 status=0c pc=01845e
[ 100.749] [attack-state] address=ffa7e0 data=8080 mask=ff00 pc=0050ce protection=00
[ 100.752] [attack-state] address=ffa7e0 data=0000 mask=ff00 pc=00da56 protection=00
[ 100.933]   [header-byte] write $ffa517 = 0c mask=00ff (pc=018446)
[ 101.130] heartbeat frame=6060 tx=6384 rx=6107 fc=1 fd=10 fe=1 linkflag=81 pc=00028a a502=00 a524=0000 a525=00 a170=c2 a17f=00 txtail=00f0 rxpend=0000
[ 101.130] [transport] captured=6384 flushed=6384 received=6107 accepted=811 payload2=449 payload3=106 payload4=168 payload5=0 pump_reads=6583 bursts=803 txcredit=0 outq=0 inq=0 watchdog=11 txseq=24 rxseq=2b rxcredit=0 protection=00 checks=0000
[ 101.130] [epochs] local=1 peer=1 ready=true discarded_rx=0
[ 101.130] [tcb-continuations] ffa580=ff80->018392 sleep=0 local26=7710 ffa5c0=ff80->01853c sleep=0 local26=1600 ffd000=ffc0->00d4b4 sleep=0 local26=0000 ffd040=ffc0->00daca sleep=0 local26=0000 ffd080=ffc0->00504e sleep=0 local26=1100 ffd0c0=ffc0->005164 sleep=0 local26=0001 ffd100=ff80->006782 sleep=0 local26=0000 ffd140=ffc0->008082 sleep=0 local26=0019 ffd200=ff00->007a24 sleep=0 local26=0501 ffd240=ff00->00989e sleep=0 local26=0046 ffd280=ff00->007a24 sleep=0 local26=0400 ffd2c0=ff80->009546 sleep=0 local26=0012 ffd300=ff00->009950 sleep=0 local26=0003 ffd340=ff80->007944 sleep=0 local26=0000 ffd380=ff80->007d70 sleep=0 local26=0000 ffdfc0=ffc0->00d6d0 sleep=0 local26=0000 ffe000=ff00->0070c2 sleep=0 local26=4100 ffe440=ff00->0070c2 sleep=0 local26=2000 ffe480=ff00->009714 sleep=0 local26=0000 ffe4c0=ff00->009714 sleep=0 local26=0000 ffe500=ff00->009714 sleep=0 local26=0000 ffe540=ff00->009714 sleep=0 local26=0000 ffe580=ff00->009714 sleep=0 local26=0000 ffe5c0=ff00->009714 sleep=0 local26=0000 ffe600=ff00->009714 sleep=0 local26=0000 ffe640=ff00->009714 sleep=0 local26=0000
[ 101.317]   [header-byte] write $ffa517 = 0c mask=00ff (pc=018446)
[ 101.317] [packet-accepted] total=812 seq=2b flags=14 status=0c pc=01845e command=2b arg=22
[ 101.353] [attack-state] address=ffa7e4 data=8080 mask=ff00 pc=0050ce protection=00
[ 101.355] [attack-state] address=ffa7e4 data=0000 mask=ff00 pc=00da56 protection=00
[ 101.567] [attack-state] address=ffa7e0 data=8080 mask=ff00 pc=0050ce protection=00
[ 101.571] [attack-state] address=ffa7e0 data=0000 mask=ff00 pc=00da56 protection=00
[ 101.819]   [header-byte] write $ffa517 = 0c mask=00ff (pc=018446)
[ 101.834]   [header-byte] write $ffa517 = 0c mask=00ff (pc=018446)
[ 101.834] [packet-accepted] total=814 seq=2d flags=10 status=0c pc=01845e
[ 101.951]   [header-byte] write $ffa517 = 0c mask=00ff (pc=018446)
[ 101.951] [packet-accepted] total=815 seq=2e flags=08 status=0c pc=01845e attack=8000,ffff
[ 102.132] heartbeat frame=6120 tx=6469 rx=6153 fc=1 fd=10 fe=1 linkflag=81 pc=00028a a502=00 a524=0000 a525=00 a170=c2 a17f=00 txtail=0045 rxpend=0000
[ 102.132] [transport] captured=6469 flushed=6469 received=6153 accepted=815 payload2=450 payload3=107 payload4=170 payload5=0 pump_reads=6647 bursts=810 txcredit=0 outq=0 inq=0 watchdog=10 txseq=2b rxseq=2f rxcredit=0 protection=00 checks=0000
[ 102.132] [epochs] local=1 peer=1 ready=true discarded_rx=0
[ 102.132] [tcb-continuations] ffa580=ff80->018392 sleep=0 local26=7710 ffa5c0=ff80->01853c sleep=0 local26=0100 ffd000=ffc0->00d4b4 sleep=0 local26=0000 ffd040=ffc0->00daca sleep=0 local26=0000 ffd080=ffc0->004f7e sleep=0 local26=0000 ffd0c0=ffc0->00508e sleep=0 local26=0000 ffd100=ff80->006782 sleep=0 local26=0000 ffd140=ffc0->008082 sleep=0 local26=00ff ffd180=ff00->0079fe sleep=22 local26=0001 ffd1c0=ff00->0079fe sleep=20 local26=0000 ffd200=ff80->006c06 sleep=0 local26=0006 ffd240=ff00->00989e sleep=0 local26=000a ffd280=ff80->004486 sleep=0 local26=0000 ffd300=ff80->006b6e sleep=0 local26=0000 ffd340=ff00->007a24 sleep=0 local26=0201 ffd380=ff00->007a24 sleep=0 local26=0200 ffd3c0=ff80->006b6e sleep=0 local26=0000 ffd400=ff80->006b6e sleep=0 local26=0000 ffd440=ff80->006b6e sleep=0 local26=0000 ffd480=ff80->006b6e sleep=0 local26=0000 ffd4c0=ff80->006b6e sleep=0 local26=0000 ffdfc0=ffc0->00d6d0 sleep=0 local26=0000 ffe000=ff00->0070c2 sleep=0 local26=4100
[ 102.234] [attack-state] address=ffa7e4 data=8080 mask=ff00 pc=0050ce protection=00
[ 102.236] [attack-state] address=ffa7e4 data=0000 mask=ff00 pc=00da56 protection=00
[ 102.451]   [header-byte] write $ffa517 = 0c mask=00ff (pc=018446)
[ 102.919]   [header-byte] write $ffa517 = 0c mask=00ff (pc=018446)
[ 102.919] [packet-accepted] total=817 seq=30 flags=10 status=0c pc=01845e
[ 102.935]   [header-byte] write $ffa517 = 0c mask=00ff (pc=018446)
[ 102.935] [packet-accepted] total=818 seq=31 flags=10 status=0c pc=01845e
[ 102.952]   [header-byte] write $ffa517 = 0c mask=00ff (pc=018446)
[ 102.952] [packet-accepted] total=819 seq=32 flags=10 status=0c pc=01845e
[ 103.052] [attack-state] address=ffa7e4 data=8080 mask=ff00 pc=0050ce protection=00
[ 103.053] [attack-state] address=ffa7e4 data=0000 mask=ff00 pc=00da56 protection=00
[ 103.133] heartbeat frame=6180 tx=6520 rx=6207 fc=1 fd=10 fe=1 linkflag=81 pc=000288 a502=00 a524=0000 a525=00 a170=c2 a17f=00 txtail=0078 rxpend=0000
[ 103.133] [transport] captured=6520 flushed=6520 received=6207 accepted=819 payload2=450 payload3=107 payload4=173 payload5=0 pump_reads=6711 bursts=815 txcredit=0 outq=0 inq=0 watchdog=10 txseq=30 rxseq=33 rxcredit=0 protection=00 checks=0000
[ 103.133] [epochs] local=1 peer=1 ready=true discarded_rx=0
[ 103.133] [tcb-continuations] ffa580=ff80->018392 sleep=0 local26=7710 ffa5c0=ff80->01853c sleep=0 local26=0400 ffd000=ffc0->00d4b4 sleep=0 local26=0000 ffd040=ffc0->00daca sleep=0 local26=0000 ffd080=ffc0->00504e sleep=0 local26=1000 ffd0c0=ffc0->005014 sleep=0 local26=0000 ffd100=ff80->006782 sleep=0 local26=0000 ffd140=ffc0->008082 sleep=0 local26=00ff ffd200=ff80->007944 sleep=0 local26=0001 ffd240=ff00->0079fe sleep=11 local26=0001 ffd280=ff80->007d70 sleep=0 local26=0000 ffd2c0=ff00->0079fe sleep=9 local26=0000 ffdfc0=ffc0->00d6d0 sleep=0 local26=0000
[ 103.452]   [header-byte] write $ffa517 = 0c mask=00ff (pc=018446)
[ 103.452] [packet-accepted] total=820 seq=33 flags=10 status=0c pc=01845e
[ 103.486]   [header-byte] write $ffa517 = 0c mask=00ff (pc=018446)
[ 103.486] [packet-accepted] total=821 seq=34 flags=10 status=0c pc=01845e
[ 103.553] [attack-state] address=ffa7e0 data=8080 mask=ff00 pc=0050ce protection=00
[ 103.555] [attack-state] address=ffa7e0 data=0000 mask=ff00 pc=00da56 protection=00
[ 103.936] [attack-state] address=ffa7e4 data=8080 mask=ff00 pc=0050ce protection=00
[ 103.938] [attack-state] address=ffa7e4 data=0000 mask=ff00 pc=00da56 protection=00
[ 103.987]   [header-byte] write $ffa517 = 0c mask=00ff (pc=018446)
[ 104.070]   [header-byte] write $ffa517 = 0c mask=00ff (pc=018446)
[ 104.070] [packet-accepted] total=823 seq=36 flags=10 status=0c pc=01845e
[ 104.134] heartbeat frame=6240 tx=6568 rx=6261 fc=1 fd=10 fe=1 linkflag=81 pc=00028a a502=00 a524=0000 a525=00 a170=c2 a17f=00 txtail=00a8 rxpend=0000
[ 104.134] [transport] captured=6568 flushed=6568 received=6261 accepted=823 payload2=450 payload3=107 payload4=176 payload5=0 pump_reads=6775 bursts=819 txcredit=0 outq=0 inq=0 watchdog=3 txseq=34 rxseq=37 rxcredit=0 protection=00 checks=0000
[ 104.134] [epochs] local=1 peer=1 ready=true discarded_rx=0
[ 104.134] [tcb-continuations] ffa580=ff80->018392 sleep=0 local26=7710 ffa5c0=ff80->01853c sleep=0 local26=0b00 ffd000=ffc0->00d4b4 sleep=0 local26=0000 ffd040=ffc0->00daca sleep=0 local26=0000 ffd080=ffc0->00504e sleep=0 local26=1d00 ffd0c0=ffc0->00504e sleep=0 local26=0600 ffd100=ff80->006782 sleep=0 local26=0000 ffd140=ffc0->008082 sleep=0 local26=030d ffd180=ff00->0079fe sleep=4 local26=0001 ffd1c0=ff00->0079fe sleep=2 local26=0000 ffd200=ff00->007a24 sleep=0 local26=0201 ffd240=ff80->007944 sleep=0 local26=0000 ffd280=ff00->007a24 sleep=0 local26=0100 ffd2c0=ff80->007d70 sleep=0 local26=0000 ffd300=ff80->0079d4 sleep=0 local26=0001 ffd340=ff80->007dfc sleep=0 local26=0000 ffdfc0=ffc0->00d6d0 sleep=0 local26=0000
[ 104.186]   [header-byte] write $ffa517 = 0c mask=00ff (pc=018446)
[ 104.186] [packet-accepted] total=824 seq=37 flags=08 status=0c pc=01845e attack=8000,ffff
[ 104.372] [attack-state] address=ffa7e0 data=8080 mask=ff00 pc=0050ce protection=00
[ 104.373] [attack-state] address=ffa7e0 data=0000 mask=ff00 pc=00da56 protection=00
[ 104.688]   [header-byte] write $ffa517 = 0c mask=00ff (pc=018446)
[ 104.954]   [header-byte] write $ffa517 = 0c mask=00ff (pc=018446)
[ 104.954] [packet-accepted] total=826 seq=39 flags=10 status=0c pc=01845e
[ 105.054] [garbage-calculation] protection=00 score=0085 divisor=0078 task=ffd0c0 pc=00784e
[ 105.054] [attack-state] address=ffa7e6 data=0002 mask=ffff pc=007564 protection=00
[ 105.054] [attack-state] address=ffa7e4 data=0101 mask=ff00 pc=007576 protection=00
[ 105.058] [attack-state] address=ffa7e6 data=0000 mask=ffff pc=00da54 protection=00
[ 105.058] [attack-state] address=ffa7e4 data=0000 mask=ff00 pc=00da56 protection=00
[ 105.088] [attack-state] address=ffa7e0 data=8080 mask=ff00 pc=0050ce protection=00
[ 105.090] [attack-state] address=ffa7e0 data=0000 mask=ff00 pc=00da56 protection=00
[ 105.135] heartbeat frame=6300 tx=6640 rx=6288 fc=1 fd=10 fe=1 linkflag=81 pc=00028a a502=00 a524=0000 a525=00 a170=c2 a17f=00 txtail=00f0 rxpend=0000
[ 105.135] [transport] captured=6640 flushed=6640 received=6288 accepted=826 payload2=450 payload3=108 payload4=177 payload5=0 pump_reads=6838 bursts=825 txcredit=0 outq=0 inq=0 watchdog=10 txseq=3a rxseq=3a rxcredit=0 protection=00 checks=0000
[ 105.135] [epochs] local=1 peer=1 ready=true discarded_rx=0
[ 105.135] [tcb-continuations] ffa580=ff80->018392 sleep=0 local26=7710 ffa5c0=ff80->01853c sleep=0 local26=0200 ffd000=ffc0->00d4b4 sleep=0 local26=0000 ffd040=ffc0->00daca sleep=0 local26=0000 ffd080=ffc0->004fbc sleep=0 local26=0000 ffd0c0=ffc0->00514e sleep=20 local26=0001 ffd100=ff80->006782 sleep=0 local26=0000 ffd140=ffc0->008082 sleep=0 local26=020d ffd180=ff80->009390 sleep=5 local26=0000 ffd1c0=ff00->009950 sleep=0 local26=002e ffd200=ff00->0079fe sleep=13 local26=0001 ffd240=ff00->007a24 sleep=0 local26=0401 ffd280=ff00->0079fe sleep=11 local26=0000 ffd2c0=ff00->007a24 sleep=0 local26=0300 ffdfc0=ffc0->00d6d0 sleep=0 local26=0000 ffe000=ff00->0070c2 sleep=0 local26=2000 ffe040=ff00->009ab6 sleep=0 local26=0000 ffe080=ff00->009ab6 sleep=0 local26=0000 ffe0c0=ff00->009ab6 sleep=0 local26=0000 ffe100=ff00->009ab6 sleep=0 local26=0000 ffe140=ff00->009ab2 sleep=3 local26=0000 ffe180=ff00->009ab2 sleep=3 local26=0000 ffe1c0=ff00->009ab2 sleep=3 local26=0000 ffe200=ff00->009ab2 sleep=3 local26=0000
[ 105.455]   [header-byte] write $ffa517 = 0c mask=00ff (pc=018446)
[ 105.655] [attack-state] address=ffa7e4 data=8080 mask=ff00 pc=0050ce protection=00
[ 105.657] [attack-state] address=ffa7e4 data=0000 mask=ff00 pc=00da56 protection=00
[ 105.806] [attack-state] address=ffa7e0 data=8080 mask=ff00 pc=0050ce protection=00
[ 105.809] [attack-state] address=ffa7e0 data=0000 mask=ff00 pc=00da56 protection=00
[ 105.956]   [header-byte] write $ffa517 = 0c mask=00ff (pc=018446)
[ 106.137] heartbeat frame=6360 tx=6705 rx=6294 fc=1 fd=10 fe=1 linkflag=81 pc=000288 a502=00 a524=0000 a525=00 a170=c2 a17f=00 txtail=0031 rxpend=0000
[ 106.137] [transport] captured=6705 flushed=6705 received=6294 accepted=828 payload2=450 payload3=108 payload4=177 payload5=0 pump_reads=6900 bursts=830 txcredit=0 outq=0 inq=0 watchdog=10 txseq=3f rxseq=3c rxcredit=0 protection=00 checks=0000
[ 106.137] [epochs] local=1 peer=1 ready=true discarded_rx=0
[ 106.137] [tcb-continuations] ffa580=ff80->018392 sleep=0 local26=7710 ffa5c0=ff80->01853c sleep=0 local26=1300 ffd000=ffc0->00d4b4 sleep=0 local26=0000 ffd040=ffc0->00daca sleep=0 local26=0000 ffd080=ffc0->004f7e sleep=0 local26=0000 ffd0c0=ffc0->00504e sleep=0 local26=1700 ffd100=ff80->006782 sleep=0 local26=0000 ffd140=ffc0->008082 sleep=0 local26=010d ffd180=ff80->00962a sleep=0 local26=ffff ffd200=ff80->006c06 sleep=0 local26=0002 ffd240=ff80->007944 sleep=0 local26=0001 ffd280=ff80->007d70 sleep=0 local26=0000 ffd2c0=ff80->006b6e sleep=0 local26=0000 ffd300=ff00->007a24 sleep=0 local26=0601 ffd340=ff00->007a24 sleep=0 local26=0500 ffd380=ff80->006b6e sleep=0 local26=0000 ffdfc0=ffc0->00d6d0 sleep=0 local26=0000 ffe000=ff00->0070c2 sleep=0 local26=2000
[ 106.323]   [header-byte] write $ffa517 = 0c mask=00ff (pc=018446)
[ 106.323] [packet-accepted] total=829 seq=3c flags=10 status=0c pc=01845e
[ 106.358]   [header-byte] write $ffa517 = 0c mask=00ff (pc=018446)
[ 106.358] [packet-accepted] total=830 seq=3d flags=10 status=0c pc=01845e
[ 106.456]   [header-byte] write $ffa517 = 0c mask=00ff (pc=018446)
[ 106.456] [packet-accepted] total=831 seq=3e flags=08 status=0c pc=01845e attack=8000,ffff
[ 106.539] [attack-state] address=ffa7e4 data=8080 mask=ff00 pc=0050ce protection=00
[ 106.541] [attack-state] address=ffa7e4 data=0000 mask=ff00 pc=00da56 protection=00
[ 106.957]   [header-byte] write $ffa517 = 0c mask=00ff (pc=018446)
[ 107.138] heartbeat frame=6420 tx=6766 rx=6338 fc=1 fd=10 fe=1 linkflag=81 pc=00028a a502=00 a524=0000 a525=00 a170=c2 a17f=00 txtail=006e rxpend=0000
[ 107.138] [transport] captured=6766 flushed=6766 received=6338 accepted=832 payload2=450 payload3=109 payload4=179 payload5=0 pump_reads=6964 bursts=835 txcredit=0 outq=0 inq=0 watchdog=10 txseq=44 rxseq=40 rxcredit=0 protection=00 checks=0000
[ 107.138] [epochs] local=1 peer=1 ready=true discarded_rx=0
[ 107.138] [tcb-continuations] ffa580=ff80->018392 sleep=0 local26=7710 ffa5c0=ff80->01853c sleep=0 local26=1b00 ffd000=ffc0->00d4b4 sleep=0 local26=0000 ffd040=ffc0->00daca sleep=0 local26=0000 ffd080=ffc0->00504e sleep=0 local26=1d00 ffd0c0=ffc0->00504e sleep=0 local26=1e00 ffd100=ff80->006782 sleep=0 local26=0000 ffd140=ffc0->008082 sleep=0 local26=010d ffd180=ff80->0079d4 sleep=0 local26=0001 ffd1c0=ff00->0079fe sleep=23 local26=0000 ffd200=ff00->0079fe sleep=24 local26=0001 ffd240=ff00->007a24 sleep=0 local26=0201 ffd280=ff00->007a24 sleep=0 local26=0100 ffd2c0=ff00->007a24 sleep=0 local26=0100 ffd300=ff00->0079fe sleep=22 local26=0000 ffdfc0=ffc0->00d6d0 sleep=0 local26=0000
[ 107.207]   [header-byte] write $ffa517 = 0c mask=00ff (pc=018446)
[ 107.207] [packet-accepted] total=833 seq=40 flags=10 status=0c pc=01845e
[ 107.274] [attack-state] address=ffa7e0 data=8080 mask=ff00 pc=0050ce protection=00
[ 107.275] [attack-state] address=ffa7e0 data=0000 mask=ff00 pc=00da56 protection=00
[ 107.294] [attack-state] address=ffa7e4 data=8080 mask=ff00 pc=0050ce protection=00
[ 107.295] [attack-state] address=ffa7e4 data=0000 mask=ff00 pc=00da56 protection=00
[ 107.341]   [header-byte] write $ffa517 = 0c mask=00ff (pc=018446)
[ 107.341] [packet-accepted] total=834 seq=41 flags=08 status=0c pc=01845e attack=8000,ffff
[ 107.841]   [header-byte] write $ffa517 = 0c mask=00ff (pc=018446)
[ 108.009] [attack-state] address=ffa7e4 data=8080 mask=ff00 pc=0050ce protection=00
[ 108.010] [attack-state] address=ffa7e4 data=0000 mask=ff00 pc=00da56 protection=00
[ 108.139] heartbeat frame=6480 tx=6872 rx=6365 fc=1 fd=10 fe=1 linkflag=81 pc=00028a a502=00 a524=0000 a525=00 a170=c2 a17f=00 txtail=00d8 rxpend=0000
[ 108.139] [transport] captured=6872 flushed=6872 received=6365 accepted=835 payload2=450 payload3=110 payload4=180 payload5=0 pump_reads=7027 bursts=843 txcredit=0 outq=0 inq=0 watchdog=17 txseq=4c rxseq=43 rxcredit=0 protection=00 checks=0000
[ 108.139] [epochs] local=1 peer=1 ready=true discarded_rx=0
[ 108.139] [tcb-continuations] ffa580=ff80->018392 sleep=0 local26=7710 ffa5c0=ff80->01853c sleep=0 local26=0700 ffd000=ffc0->00d4b4 sleep=0 local26=0000 ffd040=ffc0->00daca sleep=0 local26=0000 ffd080=ffc0->005120 sleep=9 local26=0001 ffd0c0=ffc0->00504e sleep=0 local26=0200 ffd100=ff80->006782 sleep=0 local26=0000 ffd140=ffc0->008082 sleep=0 local26=000d ffd180=ff80->007944 sleep=0 local26=0000 ffd1c0=ff80->007d70 sleep=0 local26=0000 ffd240=ff00->0079fe sleep=3 local26=0001 ffd280=ff00->0079fe sleep=1 local26=0000 ffd2c0=ff00->0079fe sleep=8 local26=0001 ffd340=ff00->0079fe sleep=6 local26=0000 ffdfc0=ffc0->00d6d0 sleep=0 local26=0000
[ 108.192]   [header-byte] write $ffa517 = 0c mask=00ff (pc=018446)
[ 108.192] [packet-accepted] total=836 seq=43 flags=10 status=0c pc=01845e
[ 108.292] [garbage-calculation] protection=00 score=0131 divisor=0078 task=ffd080 pc=00784e
[ 108.292] [attack-state] address=ffa7e2 data=0002 mask=ffff pc=007564 protection=00
[ 108.292] [attack-state] address=ffa7e0 data=0101 mask=ff00 pc=007576 protection=00
[ 108.297] [attack-state] address=ffa7e2 data=0000 mask=ffff pc=00da54 protection=00
[ 108.297] [attack-state] address=ffa7e0 data=0000 mask=ff00 pc=00da56 protection=00
[ 108.325]   [header-byte] write $ffa517 = 0c mask=00ff (pc=018446)
[ 108.325] [packet-accepted] total=837 seq=44 flags=08 status=0c pc=01845e attack=8000,ffff
[ 108.760] [attack-state] address=ffa7e4 data=8080 mask=ff00 pc=0050ce protection=00
[ 108.762] [attack-state] address=ffa7e4 data=0000 mask=ff00 pc=00da56 protection=00
[ 108.826]   [header-byte] write $ffa517 = 0c mask=00ff (pc=018446)
[ 108.893] [attack-state] address=ffa7e0 data=8080 mask=ff00 pc=0050ce protection=00
[ 108.895] [attack-state] address=ffa7e0 data=0000 mask=ff00 pc=00da56 protection=00
[ 109.141] heartbeat frame=6540 tx=6944 rx=6392 fc=1 fd=10 fe=1 linkflag=81 pc=000288 a502=00 a524=0000 a525=00 a170=c2 a17f=00 txtail=0020 rxpend=0000
[ 109.141] [transport] captured=6944 flushed=6944 received=6392 accepted=838 payload2=450 payload3=111 payload4=181 payload5=0 pump_reads=7090 bursts=849 txcredit=0 outq=0 inq=0 watchdog=18 txseq=52 rxseq=46 rxcredit=0 protection=00 checks=0000
[ 109.141] [epochs] local=1 peer=1 ready=true discarded_rx=0
[ 109.141] [tcb-continuations] ffa580=ff80->018392 sleep=0 local26=7710 ffa5c0=ff80->01853c sleep=0 local26=0e00 ffd000=ffc0->00d4b4 sleep=0 local26=0000 ffd040=ffc0->00daca sleep=0 local26=0000 ffd080=ffc0->00504e sleep=0 local26=0900 ffd0c0=ffc0->00504e sleep=0 local26=1100 ffd100=ff80->006782 sleep=0 local26=0000 ffd140=ffc0->008082 sleep=0 local26=02ff ffd180=ff00->007a24 sleep=0 local26=0501 ffd1c0=ff00->007a24 sleep=0 local26=0400 ffd200=ff80->00962a sleep=0 local26=ffff ffd240=ff80->007944 sleep=0 local26=0000 ffd280=ff80->007d70 sleep=0 local26=0000 ffd2c0=ff80->007944 sleep=0 local26=0000 ffd340=ff80->007d70 sleep=0 local26=0000 ffdfc0=ffc0->00d6d0 sleep=0 local26=0000 ffe200=ff00->0070c2 sleep=0 local26=4100
[ 109.177]   [header-byte] write $ffa517 = 0c mask=00ff (pc=018446)
[ 109.177] [packet-accepted] total=839 seq=46 flags=10 status=0c pc=01845e
[ 109.194]   [header-byte] write $ffa517 = 0c mask=00ff (pc=018446)
[ 109.194] [packet-accepted] total=840 seq=47 flags=10 status=0c pc=01845e
[ 109.644] [attack-state] address=ffa7e0 data=8080 mask=ff00 pc=0050ce protection=00
[ 109.647] [attack-state] address=ffa7e0 data=0000 mask=ff00 pc=00da56 protection=00
[ 109.694]   [header-byte] write $ffa517 = 0c mask=00ff (pc=018446)
[ 109.944] [garbage-calculation] protection=00 score=00ed divisor=0078 task=ffd0c0 pc=00784e
[ 110.142] heartbeat frame=6600 tx=6988 rx=6429 fc=1 fd=10 fe=1 linkflag=81 pc=00028a a502=00 a524=0000 a525=00 a170=c2 a17f=00 txtail=004c rxpend=0000
[ 110.142] [transport] captured=6988 flushed=6988 received=6429 accepted=841 payload2=450 payload3=111 payload4=183 payload5=0 pump_reads=7153 bursts=853 txcredit=0 outq=0 inq=0 watchdog=26 txseq=56 rxseq=49 rxcredit=17 protection=00 checks=0000
[ 110.142] [epochs] local=1 peer=1 ready=true discarded_rx=0
[ 110.142] [tcb-continuations] ffa580=ff80->018392 sleep=0 local26=7710 ffa5c0=ff80->01853c sleep=0 local26=1d00 ffd000=ffc0->00d4b4 sleep=0 local26=0000 ffd040=ffc0->00daca sleep=0 local26=0000 ffd080=ffc0->00504e sleep=0 local26=1800 ffd0c0=ffc0->00514e sleep=13 local26=0001 ffd100=ff80->006782 sleep=0 local26=0000 ffd140=ffc0->008082 sleep=0 local26=01ff ffd180=ff80->0079d4 sleep=0 local26=0001 ffd1c0=ff80->007dfc sleep=0 local26=0000 ffd200=ff80->0093e6 sleep=0 local26=000e ffd240=ff00->007a24 sleep=0 local26=0201 ffd280=ff00->007a24 sleep=0 local26=0200 ffd2c0=ff00->007a24 sleep=0 local26=0301 ffd300=ff00->009950 sleep=0 local26=0027 ffd340=ff00->007a24 sleep=0 local26=0300 ffdfc0=ffc0->00d6d0 sleep=0 local26=0000 ffe000=ff00->009ac0 sleep=0 local26=0000 ffe040=ff00->009ac0 sleep=0 local26=0000 ffe080=ff00->009ac0 sleep=0 local26=0000 ffe0c0=ff00->009ac0 sleep=0 local26=0000 ffe100=ff00->009ac0 sleep=0 local26=0000 ffe140=ff00->009ac0 sleep=0 local26=0000 ffe180=ff00->009ac0 sleep=0 local26=0000 ffe1c0=ff00->009ac0 sleep=0 local26=0000 ffe200=ff00->0070c2 sleep=0 local26=4100 ffe240=ff00->009ab6 sleep=0 local26=0000 ffe280=ff00->009ab6 sleep=0 local26=0000 ffe2c0=ff00->009ab6 sleep=0 local26=0000 ffe300=ff00->009ab6 sleep=0 local26=0000 ffe340=ff00->009ab2 sleep=4 local26=0000 ffe380=ff00->009ab2 sleep=4 local26=0000 ffe3c0=ff00->009ab2 sleep=4 local26=0000 ffe400=ff00->009ab2 sleep=4 local26=0000
[ 110.145]   [header-byte] write $ffa517 = 0c mask=00ff (pc=018446)
[ 110.145] [packet-accepted] total=842 seq=49 flags=10 status=0c pc=01845e
[ 110.162]   [header-byte] write $ffa517 = 0c mask=00ff (pc=018446)
[ 110.162] [packet-accepted] total=843 seq=4a flags=10 status=0c pc=01845e
[ 110.278]   [header-byte] write $ffa517 = 0c mask=00ff (pc=018446)
[ 110.278] [packet-accepted] total=844 seq=4b flags=08 status=0c pc=01845e attack=8000,ffff
[ 110.462] [attack-state] address=ffa7e0 data=8080 mask=ff00 pc=0050ce protection=00
[ 110.464] [attack-state] address=ffa7e0 data=0000 mask=ff00 pc=00da56 protection=00
[ 110.779]   [header-byte] write $ffa517 = 0c mask=00ff (pc=018446)
[ 110.963] [attack-state] address=ffa7e4 data=8080 mask=ff00 pc=0050ce protection=00
[ 110.965] [attack-state] address=ffa7e4 data=0000 mask=ff00 pc=00da56 protection=00
[ 111.143] heartbeat frame=6660 tx=7056 rx=6473 fc=1 fd=10 fe=1 linkflag=81 pc=000288 a502=00 a524=0011 a525=11 a170=c2 a17f=00 txtail=0090 rxpend=0000
[ 111.143] [transport] captured=7056 flushed=7056 received=6473 accepted=845 payload2=450 payload3=112 payload4=185 payload5=0 pump_reads=7217 bursts=859 txcredit=0 outq=0 inq=0 watchdog=21 txseq=5d rxseq=4d rxcredit=0 protection=00 checks=0000
[ 111.143] [epochs] local=1 peer=1 ready=true discarded_rx=0
[ 111.143] [tcb-continuations] ffa580=ff80->018392 sleep=0 local26=7710 ffa5c0=ff80->01853c sleep=0 local26=0000 ffd000=ffc0->00d4b4 sleep=0 local26=0000 ffd040=ffc0->00daca sleep=0 local26=0000 ffd080=ffc0->00508e sleep=0 local26=0000 ffd0c0=ffc0->004f7e sleep=0 local26=0000 ffd100=ff80->006782 sleep=0 local26=0000 ffd140=ffc0->008082 sleep=0 local26=00ff ffd240=ff00->00989e sleep=0 local26=002d ffd280=ff00->0079fe sleep=22 local26=0001 ffd2c0=ff00->0079fe sleep=20 local26=0000 ffd300=ff80->006c06 sleep=0 local26=0001 ffd340=ff80->006b6e sleep=0 local26=0000 ffdfc0=ffc0->00d6d0 sleep=0 local26=0000 ffe200=ff00->0070c2 sleep=0 local26=4100 ffe440=ff00->0070c2 sleep=0 local26=2000 ffe4c0=ff00->009714 sleep=0 local26=0000 ffe500=ff00->009714 sleep=0 local26=0000 ffe540=ff00->009714 sleep=0 local26=0000 ffe580=ff00->009714 sleep=0 local26=0000 ffe5c0=ff00->009714 sleep=0 local26=0000 ffe600=ff00->009714 sleep=0 local26=0000 ffe640=ff00->009714 sleep=0 local26=0000
[ 111.246] [attack-state] address=ffa7e0 data=8080 mask=ff00 pc=0050ce protection=00
[ 111.248] [attack-state] address=ffa7e0 data=0000 mask=ff00 pc=00da56 protection=00
[ 111.263]   [header-byte] write $ffa517 = 0c mask=00ff (pc=018446)
[ 111.263] [packet-accepted] total=846 seq=4d flags=10 status=0c pc=01845e
[ 111.763]   [header-byte] write $ffa517 = 0c mask=00ff (pc=018446)
[ 111.897] [attack-state] address=ffa7e0 data=8080 mask=ff00 pc=0050ce protection=00
[ 111.899] [attack-state] address=ffa7e0 data=0000 mask=ff00 pc=00da56 protection=00
[ 112.047]   [header-byte] write $ffa517 = 0c mask=00ff (pc=018446)
[ 112.047] [packet-accepted] total=848 seq=4f flags=10 status=0c pc=01845e
[ 112.144] heartbeat frame=6720 tx=7124 rx=6510 fc=1 fd=10 fe=1 linkflag=81 pc=00028a a502=00 a524=0000 a525=00 a170=c2 a17f=00 txtail=00d4 rxpend=0000
[ 112.144] [transport] captured=7124 flushed=7124 received=6510 accepted=848 payload2=450 payload3=112 payload4=187 payload5=0 pump_reads=7280 bursts=865 txcredit=0 outq=0 inq=0 watchdog=5 txseq=62 rxseq=50 rxcredit=0 protection=00 checks=0000
[ 112.144] [epochs] local=1 peer=1 ready=true discarded_rx=0
[ 112.144] [tcb-continuations] ffa580=ff80->018392 sleep=0 local26=7710 ffa5c0=ff80->01853c sleep=0 local26=0e00 ffd000=ffc0->00d4b4 sleep=0 local26=0000 ffd040=ffc0->00daca sleep=0 local26=0000 ffd080=ffc0->00504e sleep=0 local26=0900 ffd0c0=ffc0->00504e sleep=0 local26=1200 ffd100=ff80->006782 sleep=0 local26=0000 ffd140=ffc0->008082 sleep=0 local26=0313 ffd180=ff00->0079fe sleep=1 local26=0001 ffd1c0=ff00->0079fe sleep=1 local26=0000 ffd200=ff80->0079d4 sleep=0 local26=0001 ffd240=ff80->007944 sleep=0 local26=0001 ffd280=ff80->007d70 sleep=0 local26=0000 ffd300=ff80->007dfc sleep=0 local26=0000 ffd340=ff00->007a24 sleep=0 local26=0500 ffdfc0=ffc0->00d6d0 sleep=0 local26=0000 ffe200=ff00->0070c2 sleep=0 local26=4100
[ 112.164]   [header-byte] write $ffa517 = 0c mask=00ff (pc=018446)
[ 112.164] [packet-accepted] total=849 seq=50 flags=08 status=0c pc=01845e attack=8000,ffff
[ 112.498] [attack-state] address=ffa7e4 data=8080 mask=ff00 pc=0050ce protection=00
[ 112.499] [attack-state] address=ffa7e4 data=0000 mask=ff00 pc=00da56 protection=00
[ 112.664]   [header-byte] write $ffa517 = 0c mask=00ff (pc=018446)
[ 112.915] [garbage-calculation] protection=00 score=0083 divisor=0078 task=ffd080 pc=00784e
[ 112.915] [attack-state] address=ffa7e2 data=0002 mask=ffff pc=007564 protection=00
[ 112.915] [attack-state] address=ffa7e0 data=0101 mask=ff00 pc=007576 protection=00
[ 112.919] [attack-state] address=ffa7e2 data=0000 mask=ffff pc=00da54 protection=00
[ 112.919] [attack-state] address=ffa7e0 data=0000 mask=ff00 pc=00da56 protection=00
[ 113.031]   [header-byte] write $ffa517 = 0c mask=00ff (pc=018446)
[ 113.031] [packet-accepted] total=851 seq=52 flags=10 status=0c pc=01845e
[ 113.146] heartbeat frame=6780 tx=7189 rx=6537 fc=1 fd=10 fe=1 linkflag=81 pc=00028a a502=00 a524=0000 a525=00 a170=c2 a17f=00 txtail=0015 rxpend=0000
[ 113.146] [transport] captured=7189 flushed=7189 received=6537 accepted=851 payload2=450 payload3=113 payload4=188 payload5=0 pump_reads=7343 bursts=870 txcredit=0 outq=0 inq=0 watchdog=6 txseq=67 rxseq=53 rxcredit=7 protection=00 checks=0000
[ 113.146] [epochs] local=1 peer=1 ready=true discarded_rx=0
[ 113.146] [tcb-continuations] ffa580=ff80->018392 sleep=0 local26=7710 ffa5c0=ff80->01853c sleep=0 local26=0300 ffd000=ffc0->00d4b4 sleep=0 local26=0000 ffd040=ffc0->00daca sleep=0 local26=0000 ffd080=ffc0->00514e sleep=11 local26=0001 ffd0c0=ffc0->005104 sleep=0 local26=0001 ffd100=ff80->006782 sleep=0 local26=0000 ffd140=ffc0->008082 sleep=0 local26=0213 ffd180=ff00->0079fe sleep=20 local26=0001 ffd1c0=ff00->0079fe sleep=18 local26=0000 ffd200=ff00->007a24 sleep=0 local26=0101 ffd240=ff00->007a24 sleep=0 local26=0201 ffd280=ff00->007a24 sleep=0 local26=0100 ffd2c0=ff80->0095b6 sleep=0 local26=001c ffd340=ff00->009950 sleep=0 local26=0025 ffdfc0=ffc0->00d6d0 sleep=0 local26=0000 ffe000=ff00->009ac0 sleep=0 local26=0000 ffe040=ff00->009ac0 sleep=0 local26=0000 ffe080=ff00->009ac0 sleep=0 local26=0000 ffe0c0=ff00->009ac0 sleep=0 local26=0000 ffe100=ff00->009ac0 sleep=0 local26=0000 ffe140=ff00->009ac0 sleep=0 local26=0000 ffe180=ff00->009ac0 sleep=0 local26=0000 ffe1c0=ff00->009ac0 sleep=0 local26=0000 ffe200=ff00->009ac0 sleep=0 local26=0000 ffe240=ff00->009ac0 sleep=0 local26=0000 ffe280=ff00->009ac0 sleep=0 local26=0000 ffe2c0=ff00->009ac0 sleep=0 local26=0000 ffe300=ff00->009ab2 sleep=2 local26=0000 ffe340=ff00->009ab2 sleep=2 local26=0000 ffe380=ff00->009ab2 sleep=2 local26=0000 ffe3c0=ff00->009ab2 sleep=2 local26=0000
[ 113.148]   [header-byte] write $ffa517 = 0c mask=00ff (pc=018446)
[ 113.148] [packet-accepted] total=852 seq=53 flags=08 status=0c pc=01845e attack=8000,ffff
[ 113.583] [garbage-calculation] protection=00 score=00dd divisor=0078 task=ffd0c0 pc=00784e
[ 113.649]   [header-byte] write $ffa517 = 0c mask=00ff (pc=018446)
[ 113.966]   [header-byte] write $ffa517 = 0c mask=00ff (pc=018446)
[ 113.966] [packet-accepted] total=854 seq=55 flags=10 status=0c pc=01845e
[ 113.983]   [header-byte] write $ffa517 = 0c mask=00ff (pc=018446)
[ 113.983] [packet-accepted] total=855 seq=56 flags=10 status=0c pc=01845e
[ 114.100]   [header-byte] write $ffa517 = 0c mask=00ff (pc=018446)
[ 114.100] [packet-accepted] total=856 seq=57 flags=08 status=0c pc=01845e attack=8000,ffff
[ 114.147] heartbeat frame=6840 tx=7209 rx=6588 fc=1 fd=10 fe=1 linkflag=81 pc=00028a a502=00 a524=0000 a525=00 a170=c2 a17f=00 txtail=0029 rxpend=0000
[ 114.147] [transport] captured=7209 flushed=7209 received=6588 accepted=856 payload2=450 payload3=115 payload4=190 payload5=0 pump_reads=7408 bursts=872 txcredit=0 outq=0 inq=0 watchdog=2 txseq=69 rxseq=58 rxcredit=0 protection=00 checks=0000
[ 114.147] [epochs] local=1 peer=1 ready=true discarded_rx=0
[ 114.147] [tcb-continuations] ffa580=ff80->018392 sleep=0 local26=7710 ffa5c0=ff80->01853c sleep=0 local26=1500 ffd000=ffc0->00d4b4 sleep=0 local26=0000 ffd040=ffc0->00daca sleep=0 local26=0000 ffd080=ffc0->005120 sleep=7 local26=0001 ffd0c0=ffc0->005164 sleep=0 local26=0001 ffd100=ff80->006782 sleep=0 local26=0000 ffd140=ffc0->008082 sleep=0 local26=0213 ffd180=ff00->00989e sleep=0 local26=0054 ffd200=ff80->009502 sleep=0 local26=ffff ffd240=ff00->009950 sleep=0 local26=0011 ffdfc0=ffc0->00d6d0 sleep=0 local26=0000 ffe200=ff00->009ac0 sleep=0 local26=0000 ffe240=ff00->009ac0 sleep=0 local26=0000 ffe280=ff00->009ac0 sleep=0 local26=0000 ffe2c0=ff00->009ac0 sleep=0 local26=0000 ffe300=ff00->009ac0 sleep=0 local26=0000 ffe340=ff00->009ac0 sleep=0 local26=0000 ffe380=ff00->009ac0 sleep=0 local26=0000 ffe3c0=ff00->009ac0 sleep=0 local26=0000 ffe400=ff00->0070c2 sleep=0 local26=2000 ffe440=ff00->0070c2 sleep=0 local26=4c00 ffe480=ff00->009714 sleep=0 local26=0000 ffe4c0=ff00->009714 sleep=0 local26=0000 ffe500=ff00->009714 sleep=0 local26=0000 ffe540=ff00->009714 sleep=0 local26=0000 ffe580=ff00->009714 sleep=0 local26=0000 ffe5c0=ff00->009714 sleep=0 local26=0000 ffe600=ff00->009714 sleep=0 local26=0000 ffe640=ff00->009714 sleep=0 local26=0000
[ 114.266] [garbage-calculation] protection=00 score=02db divisor=0078 task=ffd080 pc=00784e
[ 114.267] [attack-state] address=ffa7e2 data=0004 mask=ffff pc=007564 protection=00
[ 114.267] [attack-state] address=ffa7e0 data=0101 mask=ff00 pc=007576 protection=00
[ 114.272] [attack-state] address=ffa7e2 data=0000 mask=ffff pc=00da54 protection=00
[ 114.272] [attack-state] address=ffa7e0 data=0000 mask=ff00 pc=00da56 protection=00
[ 114.552] [attack-state] address=ffa7e4 data=8080 mask=ff00 pc=0050ce protection=00
[ 114.553] [attack-state] address=ffa7e4 data=0000 mask=ff00 pc=00da56 protection=00
[ 114.601]   [header-byte] write $ffa517 = 0c mask=00ff (pc=018446)
[ 114.869] [attack-state] address=ffa7e0 data=8080 mask=ff00 pc=0050ce protection=00
[ 114.871] [attack-state] address=ffa7e0 data=0000 mask=ff00 pc=00da56 protection=00
[ 114.918]   [header-byte] write $ffa517 = 0c mask=00ff (pc=018446)
[ 114.918] [packet-accepted] total=858 seq=59 flags=10 status=0c pc=01845e
[ 115.148] heartbeat frame=6900 tx=7281 rx=6608 fc=1 fd=10 fe=1 linkflag=81 pc=00028a a502=00 a524=0000 a525=00 a170=c2 a17f=00 txtail=0071 rxpend=0000
[ 115.148] [transport] captured=7281 flushed=7281 received=6608 accepted=858 payload2=450 payload3=115 payload4=191 payload5=0 pump_reads=7470 bursts=878 txcredit=0 outq=0 inq=0 watchdog=13 txseq=6f rxseq=5a rxcredit=0 protection=00 checks=0000
[ 115.148] [epochs] local=1 peer=1 ready=true discarded_rx=0
[ 115.148] [tcb-continuations] ffa580=ff80->018392 sleep=0 local26=7710 ffa5c0=ff80->01853c sleep=0 local26=1000 ffd000=ffc0->00d4b4 sleep=0 local26=0000 ffd040=ffc0->00daca sleep=0 local26=0000 ffd080=ffc0->00504e sleep=0 local26=0b00 ffd0c0=ffc0->00504e sleep=0 local26=1e00 ffd100=ff80->006782 sleep=0 local26=0000 ffd140=ffc0->008082 sleep=0 local26=0113 ffd180=ff00->00989e sleep=0 local26=0018 ffd1c0=ff80->00962a sleep=0 local26=ffff ffd200=ff80->007944 sleep=0 local26=0001 ffd240=ff80->0079d4 sleep=0 local26=0001 ffd2c0=ff80->007dfc sleep=0 local26=0000 ffd300=ff80->007d70 sleep=0 local26=0000 ffdfc0=ffc0->00d6d0 sleep=0 local26=0000
[ 115.336] [attack-state] address=ffa7e4 data=8080 mask=ff00 pc=0050ce protection=00
[ 115.340] [attack-state] address=ffa7e4 data=0000 mask=ff00 pc=00da56 protection=00
[ 115.418]   [header-byte] write $ffa517 = 0c mask=00ff (pc=018446)
[ 115.518] [attack-state] address=ffa7e0 data=8080 mask=ff00 pc=0050ce protection=00
[ 115.520] [attack-state] address=ffa7e0 data=0000 mask=ff00 pc=00da56 protection=00
[ 115.919]   [header-byte] write $ffa517 = 0c mask=00ff (pc=018446)
[ 116.150] heartbeat frame=6960 tx=7383 rx=6614 fc=1 fd=10 fe=1 linkflag=81 pc=000288 a502=00 a524=0000 a525=00 a170=c2 a17f=00 txtail=00d7 rxpend=0000
[ 116.150] [transport] captured=7383 flushed=7383 received=6614 accepted=860 payload2=450 payload3=115 payload4=191 payload5=0 pump_reads=7532 bursts=886 txcredit=0 outq=0 inq=0 watchdog=13 txseq=77 rxseq=5c rxcredit=0 protection=00 checks=0000
[ 116.150] [epochs] local=1 peer=1 ready=true discarded_rx=0
[ 116.150] [tcb-continuations] ffa580=ff80->018392 sleep=0 local26=7710 ffa5c0=ff80->01853c sleep=0 local26=0100 ffd000=ffc0->00d4b4 sleep=0 local26=0000 ffd040=ffc0->00daca sleep=0 local26=0000 ffd080=ffc0->005096 sleep=0 local26=0001 ffd0c0=ffc0->004f7e sleep=0 local26=0000 ffd100=ff80->006782 sleep=0 local26=0000 ffd140=ffc0->008082 sleep=0 local26=0013 ffd180=ff00->0079fe sleep=21 local26=0001 ffd1c0=ff00->0079fe sleep=19 local26=0000 ffd200=ff00->007a24 sleep=0 local26=0101 ffd280=ff80->006c06 sleep=0 local26=0000 ffd300=ff00->007a24 sleep=0 local26=0100 ffd340=ff80->00449a sleep=0 local26=0001 ffd380=ff00->0079fe sleep=11 local26=0000 ffd3c0=ff00->0079fe sleep=14 local26=0000 ffd400=ff00->0079fe sleep=12 local26=0000 ffd440=ff00->0079fe sleep=6 local26=0000 ffd480=ff00->0079fe sleep=10 local26=0000 ffdfc0=ffc0->00d6d0 sleep=0 local26=0000
[ 116.269]   [header-byte] write $ffa517 = 0c mask=00ff (pc=018446)
[ 116.269] [packet-accepted] total=861 seq=5c flags=10 status=0c pc=01845e
[ 116.286]   [header-byte] write $ffa517 = 0c mask=00ff (pc=018446)
[ 116.286] [packet-accepted] total=862 seq=5d flags=10 status=0c pc=01845e
[ 116.403]   [header-byte] write $ffa517 = 0c mask=00ff (pc=018446)
[ 116.403] [packet-accepted] total=863 seq=5e flags=08 status=0c pc=01845e attack=8000,ffff
[ 116.604] [garbage-calculation] protection=00 score=003f divisor=0078 task=ffd080 pc=00784e
[ 116.903]   [header-byte] write $ffa517 = 0c mask=00ff (pc=018446)
[ 117.104] [attack-state] address=ffa7e4 data=8080 mask=ff00 pc=0050ce protection=00
[ 117.106] [attack-state] address=ffa7e4 data=0000 mask=ff00 pc=00da56 protection=00
[ 117.151] heartbeat frame=7020 tx=7458 rx=6658 fc=1 fd=10 fe=1 linkflag=81 pc=000288 a502=00 a524=0000 a525=00 a170=c2 a17f=00 txtail=0022 rxpend=0000
[ 117.151] [transport] captured=7458 flushed=7458 received=6658 accepted=864 payload2=450 payload3=116 payload4=193 payload5=0 pump_reads=7596 bursts=891 txcredit=0 outq=0 inq=0 watchdog=14 txseq=7c rxseq=60 rxcredit=0 protection=00 checks=0000
[ 117.151] [epochs] local=1 peer=1 ready=true discarded_rx=0
[ 117.151] [tcb-continuations] ffa580=ff80->018392 sleep=0 local26=7710 ffa5c0=ff80->01853c sleep=0 local26=0200 ffd000=ffc0->00d4b4 sleep=0 local26=0000 ffd040=ffc0->00daca sleep=0 local26=0000 ffd080=ffc0->005164 sleep=0 local26=0001 ffd0c0=ffc0->004fbc sleep=0 local26=0000 ffd100=ff80->006782 sleep=0 local26=0000 ffd140=ffc0->008082 sleep=0 local26=0013 ffd200=ff00->0079fe sleep=13 local26=0001 ffd240=ff00->0079fe sleep=11 local26=0000 ffd280=ff80->00963c sleep=0 local26=0000 ffd2c0=ff00->009950 sleep=0 local26=0012 ffdfc0=ffc0->00d6d0 sleep=0 local26=0000 ffe000=ff00->0070c2 sleep=0 local26=2000 ffe200=ff00->009ac0 sleep=0 local26=0000 ffe240=ff00->009ac0 sleep=0 local26=0000 ffe280=ff00->009ac0 sleep=0 local26=0000 ffe2c0=ff00->009ac0 sleep=0 local26=0000 ffe300=ff00->009ac0 sleep=0 local26=0000 ffe340=ff00->009ac0 sleep=0 local26=0000 ffe380=ff00->009ac0 sleep=0 local26=0000 ffe3c0=ff00->009ac0 sleep=0 local26=0000 ffe400=ff00->0070c2 sleep=0 local26=4c00
[ 117.404]   [header-byte] write $ffa517 = 0c mask=00ff (pc=018446)
[ 117.571] [attack-state] address=ffa7e0 data=8080 mask=ff00 pc=0050ce protection=00
[ 117.572] [attack-state] address=ffa7e0 data=0000 mask=ff00 pc=00da56 protection=00
[ 117.671]   [header-byte] write $ffa517 = 0c mask=00ff (pc=018446)
[ 117.671] [packet-accepted] total=866 seq=61 flags=10 status=0c pc=01845e
[ 117.687]   [header-byte] write $ffa517 = 0c mask=00ff (pc=018446)
[ 117.687] [packet-accepted] total=867 seq=62 flags=10 status=0c pc=01845e
[ 117.921] [attack-state] address=ffa7e4 data=8080 mask=ff00 pc=0050ce protection=00
[ 117.922] [attack-state] address=ffa7e4 data=0000 mask=ff00 pc=00da56 protection=00
[ 118.152] heartbeat frame=7080 tx=7574 rx=6695 fc=1 fd=10 fe=1 linkflag=81 pc=00028a a502=00 a524=0000 a525=00 a170=c2 a17f=00 txtail=0096 rxpend=0000
[ 118.152] [transport] captured=7574 flushed=7574 received=6695 accepted=867 payload2=450 payload3=116 payload4=195 payload5=0 pump_reads=7659 bursts=899 txcredit=0 outq=0 inq=0 watchdog=27 txseq=84 rxseq=63 rxcredit=0 protection=00 checks=0000
[ 118.152] [epochs] local=1 peer=1 ready=true discarded_rx=0
[ 118.152] [tcb-continuations] ffa580=ff80->018392 sleep=0 local26=7710 ffa5c0=ff80->01853c sleep=0 local26=0200 ffd000=ffc0->00d4b4 sleep=0 local26=0000 ffd040=ffc0->00daca sleep=0 local26=0000 ffd080=ffc0->005104 sleep=0 local26=0001 ffd0c0=ffc0->00504e sleep=0 local26=0800 ffd100=ff80->006782 sleep=0 local26=0000 ffd140=ffc0->008082 sleep=0 local26=00ff ffd180=ff00->0079fe sleep=2 local26=0001 ffd1c0=ff00->007a16 sleep=0 local26=0000 ffd200=ff80->007944 sleep=0 local26=0001 ffd240=ff80->007d70 sleep=0 local26=0000 ffd280=ff00->0079fe sleep=20 local26=0001 ffd2c0=ff00->0079fe sleep=20 local26=0000 ffdfc0=ffc0->00d6d0 sleep=0 local26=0000 ffe000=ff00->0070c2 sleep=0 local26=2000 ffe040=ff00->0070c2 sleep=0 local26=2b00
[ 118.188]   [header-byte] write $ffa517 = 0c mask=00ff (pc=018446)
[ 118.389]   [header-byte] write $ffa517 = 0c mask=00ff (pc=018446)
[ 118.389] [packet-accepted] total=869 seq=64 flags=10 status=0c pc=01845e
[ 118.522]   [header-byte] write $ffa517 = 0c mask=00ff (pc=018446)
[ 118.522] [packet-accepted] total=870 seq=65 flags=08 status=0c pc=01845e attack=8000,ffff
[ 118.590] [garbage-calculation] protection=00 score=018f divisor=0078 task=ffd080 pc=00784e
[ 118.590] [attack-state] address=ffa7e2 data=0002 mask=ffff pc=007564 protection=00
[ 118.590] [attack-state] address=ffa7e0 data=0101 mask=ff00 pc=007576 protection=00
[ 118.597] [attack-state] address=ffa7e2 data=0000 mask=ffff pc=00da54 protection=00
[ 118.597] [attack-state] address=ffa7e0 data=0000 mask=ff00 pc=00da56 protection=00
[ 118.942] [garbage-calculation] protection=00 score=0109 divisor=0078 task=ffd0c0 pc=00784e
[ 119.023]   [header-byte] write $ffa517 = 0c mask=00ff (pc=018446)
[ 119.153] heartbeat frame=7140 tx=7601 rx=6725 fc=1 fd=10 fe=1 linkflag=81 pc=00028a a502=00 a524=0000 a525=00 a170=c2 a17f=00 txtail=00b1 rxpend=0000
[ 119.153] [transport] captured=7601 flushed=7601 received=6725 accepted=871 payload2=450 payload3=117 payload4=196 payload5=0 pump_reads=7723 bursts=902 txcredit=0 outq=0 inq=0 watchdog=7 txseq=87 rxseq=67 rxcredit=0 protection=00 checks=0000
[ 119.153] [epochs] local=1 peer=1 ready=true discarded_rx=0
[ 119.153] [tcb-continuations] ffa580=ff80->018392 sleep=0 local26=7710 ffa5c0=ff80->01853c sleep=0 local26=0300 ffd000=ffc0->00d4b4 sleep=0 local26=0000 ffd040=ffc0->00daca sleep=0 local26=0000 ffd080=ffc0->005164 sleep=0 local26=0001 ffd0c0=ffc0->00514e sleep=12 local26=0001 ffd100=ff80->006782 sleep=0 local26=0000 ffd140=ffc0->008082 sleep=0 local26=00ff ffd180=ff80->0093e6 sleep=0 local26=000d ffd1c0=ff80->0095b6 sleep=0 local26=0008 ffd200=ff00->007a24 sleep=0 local26=0201 ffd240=ff00->007a24 sleep=0 local26=0100 ffd280=ff00->009950 sleep=0 local26=0026 ffd300=ff00->009950 sleep=0 local26=0011 ffdfc0=ffc0->00d6d0 sleep=0 local26=0000 ffe000=ff00->0070c2 sleep=0 local26=2000 ffe040=ff00->0070c2 sleep=0 local26=2b00 ffe080=ff00->009ac0 sleep=0 local26=0000 ffe0c0=ff00->009ac0 sleep=0 local26=0000 ffe100=ff00->009ac0 sleep=0 local26=0000 ffe140=ff00->009ac0 sleep=0 local26=0000 ffe180=ff00->009ac0 sleep=0 local26=0000 ffe1c0=ff00->009ab2 sleep=3 local26=0000 ffe200=ff00->009ab2 sleep=3 local26=0000 ffe240=ff00->009ab2 sleep=3 local26=0000 ffe280=ff00->009ac0 sleep=0 local26=0000 ffe2c0=ff00->009ab2 sleep=3 local26=0000 ffe4c0=ff00->009ac0 sleep=0 local26=0000 ffe500=ff00->009ac0 sleep=0 local26=0000 ffe540=ff00->009ac0 sleep=0 local26=0000 ffe580=ff00->009ac0 sleep=0 local26=0000 ffe5c0=ff00->009ac0 sleep=0 local26=0000 ffe600=ff00->009ac0 sleep=0 local26=0000 ffe640=ff00->009ac0 sleep=0 local26=0000 ffe680=ff00->009ac0 sleep=0 local26=0000 ffe6c0=ff00->009ac0 sleep=0 local26=0000 ffe700=ff00->009ac0 sleep=0 local26=0000 ffe740=ff00->009ac0 sleep=0 local26=0000 ffe780=ff00->009ac0 sleep=0 local26=0000 ffe7c0=ff00->009ac0 sleep=0 local26=0000
[ 119.223]   [header-byte] write $ffa517 = 0c mask=00ff (pc=018446)
[ 119.223] [packet-accepted] total=872 seq=67 flags=10 status=0c pc=01845e
[ 119.340]   [header-byte] write $ffa517 = 0c mask=00ff (pc=018446)
[ 119.340] [packet-accepted] total=873 seq=68 flags=08 status=0c pc=01845e attack=8000,ffff
[ 119.642] [attack-state] address=ffa7e0 data=8080 mask=ff00 pc=0050ce protection=00
[ 119.644] [attack-state] address=ffa7e0 data=0000 mask=ff00 pc=00da56 protection=00
[ 119.841]   [header-byte] write $ffa517 = 0c mask=00ff (pc=018446)
[ 119.958] [attack-state] address=ffa7e4 data=8080 mask=ff00 pc=0050ce protection=00
[ 119.960] [attack-state] address=ffa7e4 data=0000 mask=ff00 pc=00da56 protection=00
[ 120.005] === session stop ===
