[   0.000] === session start, version=0.5.0 side=A ===
[   0.000] taps installed; out=C:\Users\tbend\mame\PuyoPuyo2\run_original05_exercise_20260911_04\A_to_B.bin in=C:\Users\tbend\mame\PuyoPuyo2\run_original05_exercise_20260911_04\B_to_A.bin
[   0.000] SERVICE port fields: Service Mode | Coin 1 | Service 1 | Coin 2 | 2 Players Start | 1 Player Start
[   0.017] [link-state] data=0000 mask=ffff pc=0181ec watchdog=343 expect=a2 rxhead=001b rxtail=001b rxpend=0000
[   0.017]   [menu-state] write $ffa172 = 0000 mask=ffff (pc=019320)
[   0.017]   [menu-state] write $ffa170 = 0000 mask=ffff (pc=019320)
[   0.017]   [menu-state] write $ffa17c = 0000 mask=ff00 (pc=019326)
[   0.017]   [menu-state] write $ffa17f = 0000 mask=00ff (pc=01932c)
[   0.017]   [menu-state] write $ffa176 = 0000 mask=ff00 (pc=01afde)
[   0.017]   [header-byte] write $ffa513 = 00 mask=00ff (pc=01afe6)
[   0.027]   [menu-state] write $ffa170 = 0000 mask=ff00 (pc=018062)
[   0.027]   [menu-state] write $ffa176 = 0000 mask=ff00 (pc=01afde)
[   0.027]   [header-byte] write $ffa513 = 00 mask=00ff (pc=01afe6)
[   0.162] CONTROL reset pulse start (pc=01823e, prev_bank=cmd)
[   0.162] [reset] discarded tx=0 rx=0
[   0.162] [epoch-reset] local=1 peer=0 queued_rx=0
[   0.418] [link-state] data=7f7f mask=ff00 pc=018334 watchdog=343 expect=a2 rxhead=0000 rxtail=0000 rxpend=0000
[   1.001] heartbeat frame=60 tx=0 rx=0 fc=1 fd=10 fe=0 linkflag=7f pc=000288 a502=80 a524=0000 a525=00 a170=00 a17f=00 txtail=0000 rxpend=0000
[   1.001] [transport] captured=0 flushed=0 injected=0 accepted=0 payload2=0 payload3=0 payload4=0 payload5=0 pump_reads=0 bursts=0 txcredit=255 outq=0 inq=0 watchdog=343 txseq=56 rxseq=a2
[   1.001] [epochs] local=1 peer=0 ready=false discarded_rx=0
[   1.001] [game-state] a142=04 a13e=00 a13f=00 a530=4323 a506=00 a507=00 a508=01 a7b0=0000 a7a6=0000 script=019f80
[   1.001] [tcb-continuations] ffa580=ff80->01833a sleep=0 local26=7710 ffa5c0=0000->000000 sleep=0 local26=0000 ffd100=ff80->01b388 sleep=129 local26=0000
[   2.003] heartbeat frame=120 tx=0 rx=0 fc=1 fd=10 fe=0 linkflag=7f pc=000288 a502=80 a524=0000 a525=00 a170=00 a17f=00 txtail=0000 rxpend=0000
[   2.003] [transport] captured=0 flushed=0 injected=0 accepted=0 payload2=0 payload3=0 payload4=0 payload5=0 pump_reads=0 bursts=0 txcredit=255 outq=0 inq=0 watchdog=343 txseq=56 rxseq=a2
[   2.003] [epochs] local=1 peer=0 ready=false discarded_rx=0
[   2.003] [tcb-continuations] ffa580=ff80->01833a sleep=0 local26=7710 ffa5c0=0000->000000 sleep=0 local26=0000 ffd100=ff80->01b388 sleep=69 local26=0000
[   3.004] heartbeat frame=180 tx=0 rx=0 fc=1 fd=10 fe=0 linkflag=7f pc=000288 a502=80 a524=0000 a525=00 a170=00 a17f=00 txtail=0000 rxpend=0000
[   3.004] [transport] captured=0 flushed=0 injected=0 accepted=0 payload2=0 payload3=0 payload4=0 payload5=0 pump_reads=0 bursts=0 txcredit=255 outq=0 inq=0 watchdog=343 txseq=56 rxseq=a2
[   3.004] [epochs] local=1 peer=0 ready=false discarded_rx=0
[   3.004] [tcb-continuations] ffa580=ff80->01833a sleep=0 local26=7710 ffa5c0=0000->000000 sleep=0 local26=0000 ffd100=ff80->01b388 sleep=9 local26=0000
[   3.262]   [menu-state] write $ffa170 = 0909 mask=ff00 (pc=018062)
[   3.262]   [menu-state] write $ffa176 = 0000 mask=ff00 (pc=01afde)
[   3.262]   [header-byte] write $ffa513 = 00 mask=00ff (pc=01afe6)
[   3.262]   [header-byte] write $ffa513 = 01 mask=00ff (pc=01b034)
[   4.005] heartbeat frame=240 tx=0 rx=0 fc=1 fd=10 fe=0 linkflag=7f pc=000288 a502=80 a524=0000 a525=00 a170=09 a17f=00 txtail=0000 rxpend=0000
[   4.005] [transport] captured=0 flushed=0 injected=0 accepted=0 payload2=0 payload3=0 payload4=0 payload5=0 pump_reads=0 bursts=0 txcredit=255 outq=0 inq=0 watchdog=343 txseq=56 rxseq=a2
[   4.005] [epochs] local=1 peer=0 ready=false discarded_rx=0
[   4.005] [game-state] a142=04 a13e=00 a13f=00 a530=4323 a506=00 a507=00 a508=01 a7b0=0000 a7a6=0000 script=01a008
[   4.005] [tcb-continuations] ffa580=ff80->01833a sleep=0 local26=7710 ffa5c0=0000->000000 sleep=0 local26=0000 ffd100=ff80->01b4ee sleep=0 local26=0000
[   4.120]   [menu-state] write $ffa172 = 0101 mask=ff00 (pc=01b08e)
[   4.120]   [menu-state] write $ffa170 = 0808 mask=ff00 (pc=018062)
[   4.120]   [menu-state] write $ffa176 = 0000 mask=ff00 (pc=01afde)
[   4.120]   [header-byte] write $ffa513 = 00 mask=00ff (pc=01afe6)
[   4.120]   [header-byte] write $ffa513 = 01 mask=00ff (pc=01b034)
[   4.120] [game-command] data=0303 mask=ff00 pc=0188d8 requests=80
[   4.148]   [header-byte] write $ffa513 = 03 mask=00ff (pc=0189b4)
[   4.148]   [menu-state] write $ffa17f = 0000 mask=00ff (pc=0189c2)
[   4.172] [peer-reset] old=0 new=1 local=1 queued_rx=0
[   4.198]   [menu-state] write $ffa172 = 0000 mask=ff00 (pc=01936a)
[   4.198]   [menu-state] write $ffa171 = 8080 mask=00ff (pc=019372)
[   4.456] [epoch-ready] local=1 peer=1
[   4.456] CMD $FE -> cabinet role=1 (ROM linkflag=81)
[   4.456] [link-state] data=8181 mask=ff00 pc=018358 watchdog=343 expect=a2 rxhead=0000 rxtail=0000 rxpend=0000
[   4.457]   [header-byte] write $ffa513 = 02 mask=00ff (pc=01afe6)
[   4.457]   [header-byte] write $ffa513 = 12 mask=00ff (pc=01affe)
[   4.457]   [header-byte] write $ffa513 = 13 mask=00ff (pc=01b034)
[   4.473]   [menu-state] write $ffa173 = 8080 mask=00ff (pc=01939c)
[   4.489]   [inject] pending_before=0 wrote=[00 00 00] expect_seq=00
[   4.506]   [inject] pending_before=3 wrote=[01 00 10] expect_seq=00
[   4.518]   [header-byte] write $ffa517 = 00 mask=00ff (pc=018446)
[   4.519]   [header-byte] write $ffa517 = 10 mask=00ff (pc=018446)
[   4.523]   [inject] pending_before=0 wrote=[02 00 00] expect_seq=02
[   4.523]   [header-byte] write $ffa517 = 00 mask=00ff (pc=018446)
[   4.556]   [inject] pending_before=0 wrote=[03 00 10] expect_seq=03
[   4.557]   [header-byte] write $ffa517 = 10 mask=00ff (pc=018446)
[   5.006] heartbeat frame=300 tx=3 rx=12 fc=1 fd=10 fe=1 linkflag=81 pc=00028a a502=00 a524=0000 a525=00 a170=08 a17f=00 txtail=0003 rxpend=0000
[   5.006] [transport] captured=3 flushed=3 injected=12 accepted=0 payload2=0 payload3=0 payload4=0 payload5=0 pump_reads=32 bursts=1 txcredit=0 outq=0 inq=0 watchdog=15 txseq=01 rxseq=04
[   5.006] [epochs] local=1 peer=1 ready=true discarded_rx=0
[   5.006] [game-state] a142=04 a13e=01 a13f=01 a530=0323 a506=03 a507=00 a508=00 a7b0=0000 a7a6=0000 script=01a3ee
[   5.006] [tcb-continuations] ffa580=ff80->018392 sleep=0 local26=7710 ffa5c0=ff80->01853c sleep=0 local26=1400 ffd040=ff80->018a40 sleep=0 local26=0100 ffd080=ff80->01fe6e sleep=0 local26=0000 ffd0c0=ff80->018ee4 sleep=0 local26=0000 ffd100=ff80->01fbb4 sleep=0 local26=0000 ffd140=ff80->01fbb6 sleep=0 local26=0002 ffd180=ff80->01fbb6 sleep=0 local26=00a2 ffd1c0=ff80->01fbb6 sleep=0 local26=01c2 ffd200=ff80->01fbb6 sleep=0 local26=02e2 ffd240=ff80->01902e sleep=0 local26=0000 ffd280=ff80->01ffe2 sleep=0 local26=0000 ffd2c0=ff80->020004 sleep=0 local26=0002 ffd300=ff80->020004 sleep=0 local26=0000 ffd340=ff80->01febe sleep=0 local26=0000 ffd380=ff80->01fedc sleep=0 local26=0000
[   5.057]   [inject] pending_before=0 wrote=[04 00 10] expect_seq=04
[   5.059]   [header-byte] write $ffa517 = 10 mask=00ff (pc=018446)
[   5.557]   [inject] pending_before=0 wrote=[05 00 10] expect_seq=05
[   5.560]   [header-byte] write $ffa517 = 10 mask=00ff (pc=018446)
[   6.008] heartbeat frame=360 tx=9 rx=18 fc=1 fd=10 fe=1 linkflag=81 pc=000288 a502=00 a524=0000 a525=00 a170=08 a17f=00 txtail=0009 rxpend=0000
[   6.008] [transport] captured=9 flushed=9 injected=18 accepted=0 payload2=0 payload3=0 payload4=0 payload5=0 pump_reads=92 bursts=3 txcredit=0 outq=0 inq=0 watchdog=26 txseq=03 rxseq=06
[   6.008] [epochs] local=1 peer=1 ready=true discarded_rx=0
[   6.008] [game-state] a142=04 a13e=02 a13f=03 a530=0323 a506=03 a507=00 a508=00 a7b0=0000 a7a6=0000 script=01a3ee
[   6.008] [tcb-continuations] ffa580=ff80->018392 sleep=0 local26=7710 ffa5c0=ff80->01853c sleep=0 local26=1400 ffd040=ff80->018a40 sleep=0 local26=0100 ffd100=ff80->01fbb4 sleep=0 local26=0000 ffd140=ff80->01fbb6 sleep=0 local26=0002 ffd180=ff80->01fbb6 sleep=0 local26=00a2 ffd1c0=ff80->01fbb6 sleep=0 local26=01c2 ffd200=ff80->01fbb6 sleep=0 local26=02e2 ffd240=ff80->01902e sleep=0 local26=0000 ffd280=ff80->01ffe2 sleep=0 local26=0009 ffd2c0=ff80->020004 sleep=0 local26=0002 ffd300=ff80->020004 sleep=0 local26=0000
[   6.058]   [inject] pending_before=0 wrote=[06 00 10] expect_seq=06
[   6.060]   [header-byte] write $ffa517 = 10 mask=00ff (pc=018446)
[   6.559]   [inject] pending_before=0 wrote=[07 00 10] expect_seq=07
[   6.560]   [header-byte] write $ffa517 = 10 mask=00ff (pc=018446)
[   7.009] heartbeat frame=420 tx=15 rx=24 fc=1 fd=10 fe=1 linkflag=81 pc=000288 a502=00 a524=0000 a525=00 a170=08 a17f=00 txtail=000f rxpend=0000
[   7.009] [transport] captured=15 flushed=15 injected=24 accepted=0 payload2=0 payload3=0 payload4=0 payload5=0 pump_reads=152 bursts=5 txcredit=0 outq=0 inq=0 watchdog=26 txseq=05 rxseq=08
[   7.009] [epochs] local=1 peer=1 ready=true discarded_rx=0
[   7.009] [tcb-continuations] ffa580=ff80->018392 sleep=0 local26=7710 ffa5c0=ff80->01853c sleep=0 local26=1400 ffd040=ff80->018a40 sleep=0 local26=0100 ffd100=ff80->01fbb4 sleep=0 local26=0000 ffd140=ff80->01fbb6 sleep=0 local26=0002 ffd180=ff80->01fbb6 sleep=0 local26=00a2 ffd1c0=ff80->01fbb6 sleep=0 local26=01c2 ffd200=ff80->01fbb6 sleep=0 local26=02e2 ffd240=ff80->01902e sleep=0 local26=0000 ffd280=ff80->01ffe2 sleep=0 local26=0008 ffd2c0=ff80->020004 sleep=0 local26=0002 ffd300=ff80->020004 sleep=0 local26=0000
[   7.059]   [inject] pending_before=0 wrote=[08 00 10] expect_seq=08
[   7.063]   [header-byte] write $ffa517 = 10 mask=00ff (pc=018446)
[   7.360]   [inject] pending_before=0 wrote=[09 00 11] expect_seq=09
[   7.362]   [header-byte] write $ffa517 = 11 mask=00ff (pc=018446)
[   7.560]   [inject] pending_before=0 wrote=[0a 00 13] expect_seq=0a
[   7.562]   [header-byte] write $ffa517 = 13 mask=00ff (pc=018446)
[   7.562] [game-command] data=3333 mask=ff00 pc=018ae0 requests=00
[   8.010] heartbeat frame=480 tx=148 rx=33 fc=1 fd=10 fe=1 linkflag=81 pc=000288 a502=00 a524=0005 a525=05 a170=08 a17f=00 txtail=0094 rxpend=0000
[   8.010] [transport] captured=148 flushed=148 injected=33 accepted=0 payload2=0 payload3=0 payload4=0 payload5=0 pump_reads=212 bursts=32 txcredit=0 outq=0 inq=0 watchdog=26 txseq=21 rxseq=0b
[   8.010] [epochs] local=1 peer=1 ready=true discarded_rx=0
[   8.010] [game-state] a142=04 a13e=02 a13f=03 a530=3323 a506=03 a507=00 a508=00 a7b0=0000 a7a6=0000 script=01a3ee
[   8.010] [tcb-continuations] ffa580=ff80->018392 sleep=0 local26=7710 ffa5c0=ff80->01853c sleep=0 local26=0000 ffd040=ff80->018a40 sleep=0 local26=8300 ffd100=ff80->01fbb4 sleep=0 local26=0000 ffd140=ff80->01fbb6 sleep=0 local26=0002 ffd180=ff80->01fbb6 sleep=0 local26=00a2 ffd1c0=ff80->01fbb6 sleep=0 local26=01c2 ffd200=ff80->01fbb6 sleep=0 local26=02e2 ffd240=ff80->01902e sleep=0 local26=0000 ffd280=ff80->01ffe2 sleep=0 local26=0009 ffd2c0=ff80->020004 sleep=0 local26=0002 ffd300=ff80->020004 sleep=0 local26=0000
[   8.294]   [inject] pending_before=0 wrote=[0b 04 13 03 23] expect_seq=0b
[   8.296]   [header-byte] write $ffa517 = 13 mask=00ff (pc=018446)
[   8.311]   [inject] pending_before=0 wrote=[0c 04 13 03 23] expect_seq=0c
[   8.313]   [header-byte] write $ffa517 = 13 mask=00ff (pc=018446)
[   8.330]   [header-byte] write $ffa517 = 13 mask=00ff (pc=018446)
[   8.346]   [header-byte] write $ffa517 = 13 mask=00ff (pc=018446)
[   8.363]   [header-byte] write $ffa517 = 13 mask=00ff (pc=018446)
[   8.380]   [header-byte] write $ffa517 = 13 mask=00ff (pc=018446)
[   8.396]   [header-byte] write $ffa517 = 13 mask=00ff (pc=018446)
[   8.413]   [header-byte] write $ffa517 = 13 mask=00ff (pc=018446)
[   8.430]   [header-byte] write $ffa517 = 13 mask=00ff (pc=018446)
[   8.446]   [header-byte] write $ffa517 = 13 mask=00ff (pc=018446)
[   8.463]   [header-byte] write $ffa517 = 13 mask=00ff (pc=018446)
[   8.480]   [header-byte] write $ffa517 = 13 mask=00ff (pc=018446)
[   8.498]   [header-byte] write $ffa517 = 13 mask=00ff (pc=018446)
[   8.513]   [header-byte] write $ffa517 = 13 mask=00ff (pc=018446)
[   8.530]   [header-byte] write $ffa517 = 13 mask=00ff (pc=018446)
[   8.547]   [header-byte] write $ffa517 = 13 mask=00ff (pc=018446)
[   8.580]   [header-byte] write $ffa517 = 13 mask=00ff (pc=018446)
[   8.580]   [header-byte] write $ffa517 = 13 mask=00ff (pc=018446)
[   8.597]   [header-byte] write $ffa517 = 13 mask=00ff (pc=018446)
[   8.613]   [header-byte] write $ffa517 = 13 mask=00ff (pc=018446)
[   8.630]   [header-byte] write $ffa517 = 13 mask=00ff (pc=018446)
[   8.649]   [header-byte] write $ffa517 = 13 mask=00ff (pc=018446)
[   8.664]   [header-byte] write $ffa517 = 13 mask=00ff (pc=018446)
[   8.680]   [header-byte] write $ffa517 = 13 mask=00ff (pc=018446)
[   8.697]   [header-byte] write $ffa517 = 13 mask=00ff (pc=018446)
[   8.714]   [header-byte] write $ffa517 = 13 mask=00ff (pc=018446)
[   8.730]   [header-byte] write $ffa517 = 13 mask=00ff (pc=018446)
[   8.747]   [header-byte] write $ffa517 = 13 mask=00ff (pc=018446)
[   8.764]   [header-byte] write $ffa517 = 13 mask=00ff (pc=018446)
[   8.780]   [header-byte] write $ffa517 = 13 mask=00ff (pc=018446)
[   8.814]   [header-byte] write $ffa517 = 13 mask=00ff (pc=018446)
[   8.814]   [header-byte] write $ffa517 = 13 mask=00ff (pc=018446)
[   8.830]   [header-byte] write $ffa517 = 13 mask=00ff (pc=018446)
[   8.847]   [header-byte] write $ffa517 = 13 mask=00ff (pc=018446)
[   8.864]   [header-byte] write $ffa517 = 13 mask=00ff (pc=018446)
[   8.881]   [header-byte] write $ffa517 = 13 mask=00ff (pc=018446)
[   8.897]   [header-byte] write $ffa517 = 13 mask=00ff (pc=018446)
[   8.914]   [header-byte] write $ffa517 = 13 mask=00ff (pc=018446)
[   8.931]   [header-byte] write $ffa517 = 13 mask=00ff (pc=018446)
[   8.947]   [header-byte] write $ffa517 = 13 mask=00ff (pc=018446)
[   8.966]   [header-byte] write $ffa517 = 13 mask=00ff (pc=018446)
[   8.981]   [header-byte] write $ffa517 = 13 mask=00ff (pc=018446)
[   8.997]   [header-byte] write $ffa517 = 13 mask=00ff (pc=018446)
[   9.012] heartbeat frame=540 tx=448 rx=248 fc=1 fd=10 fe=1 linkflag=81 pc=00028a a502=00 a524=0005 a525=05 a170=08 a17f=00 txtail=00c0 rxpend=0000
[   9.012] [transport] captured=448 flushed=448 injected=248 accepted=0 payload2=0 payload3=0 payload4=0 payload5=0 pump_reads=272 bursts=92 txcredit=0 outq=0 inq=5 watchdog=0 txseq=5d rxseq=36
[   9.012] [epochs] local=1 peer=1 ready=true discarded_rx=0
[   9.012] [game-state] a142=04 a13e=02 a13f=03 a530=3323 a506=03 a507=00 a508=00 a7b0=0000 a7a6=0323 script=01a3ee
[   9.012] [tcb-continuations] ffa580=ff80->018392 sleep=0 local26=7710 ffa5c0=ff80->01853c sleep=0 local26=0000 ffd040=ff80->018a40 sleep=0 local26=8300 ffd100=ff80->01fbb4 sleep=0 local26=0000 ffd140=ff80->01fbb6 sleep=0 local26=0002 ffd180=ff80->01fbb6 sleep=0 local26=00a2 ffd1c0=ff80->01fbb6 sleep=0 local26=01c2 ffd200=ff80->01fbb6 sleep=0 local26=02e2 ffd240=ff80->01902e sleep=0 local26=0000 ffd280=ff80->01ffe2 sleep=0 local26=0008 ffd2c0=ff80->020004 sleep=0 local26=0002 ffd300=ff80->020004 sleep=0 local26=0000
[   9.014]   [header-byte] write $ffa517 = 13 mask=00ff (pc=018446)
[   9.031]   [header-byte] write $ffa517 = 13 mask=00ff (pc=018446)
[   9.064]   [header-byte] write $ffa517 = 13 mask=00ff (pc=018446)
[   9.064]   [header-byte] write $ffa517 = 13 mask=00ff (pc=018446)
[   9.081]   [header-byte] write $ffa517 = 13 mask=00ff (pc=018446)
[   9.097]   [header-byte] write $ffa517 = 13 mask=00ff (pc=018446)
[   9.114]   [header-byte] write $ffa517 = 13 mask=00ff (pc=018446)
[   9.134]   [header-byte] write $ffa517 = 13 mask=00ff (pc=018446)
[   9.148]   [header-byte] write $ffa517 = 13 mask=00ff (pc=018446)
[   9.164]   [header-byte] write $ffa517 = 13 mask=00ff (pc=018446)
[   9.181]   [header-byte] write $ffa517 = 13 mask=00ff (pc=018446)
[   9.198]   [header-byte] write $ffa517 = 13 mask=00ff (pc=018446)
[   9.214]   [header-byte] write $ffa517 = 13 mask=00ff (pc=018446)
[   9.231]   [header-byte] write $ffa517 = 13 mask=00ff (pc=018446)
[   9.248]   [header-byte] write $ffa517 = 13 mask=00ff (pc=018446)
[   9.264]   [header-byte] write $ffa517 = 13 mask=00ff (pc=018446)
[   9.298]   [header-byte] write $ffa517 = 13 mask=00ff (pc=018446)
[   9.298]   [header-byte] write $ffa517 = 13 mask=00ff (pc=018446)
[   9.315]   [header-byte] write $ffa517 = 13 mask=00ff (pc=018446)
[   9.331]   [header-byte] write $ffa517 = 13 mask=00ff (pc=018446)
[   9.348]   [header-byte] write $ffa517 = 13 mask=00ff (pc=018446)
[   9.365]   [header-byte] write $ffa517 = 13 mask=00ff (pc=018446)
[   9.381]   [header-byte] write $ffa517 = 13 mask=00ff (pc=018446)
[   9.415]   [header-byte] write $ffa517 = 13 mask=00ff (pc=018446)
[   9.415]   [header-byte] write $ffa517 = 13 mask=00ff (pc=018446)
[   9.433]   [header-byte] write $ffa517 = 13 mask=00ff (pc=018446)
[   9.448]   [header-byte] write $ffa517 = 13 mask=00ff (pc=018446)
[   9.465]   [header-byte] write $ffa517 = 13 mask=00ff (pc=018446)
[   9.481]   [header-byte] write $ffa517 = 13 mask=00ff (pc=018446)
[   9.498]   [header-byte] write $ffa517 = 13 mask=00ff (pc=018446)
[   9.515]   [header-byte] write $ffa517 = 13 mask=00ff (pc=018446)
[   9.531]   [header-byte] write $ffa517 = 13 mask=00ff (pc=018446)
[   9.548]   [header-byte] write $ffa517 = 13 mask=00ff (pc=018446)
[   9.565]   [header-byte] write $ffa517 = 13 mask=00ff (pc=018446)
[   9.581]   [header-byte] write $ffa517 = 13 mask=00ff (pc=018446)
[   9.599]   [header-byte] write $ffa517 = 13 mask=00ff (pc=018446)
[   9.631]   [header-byte] write $ffa517 = 13 mask=00ff (pc=018446)
[   9.631]   [header-byte] write $ffa517 = 13 mask=00ff (pc=018446)
[   9.648]   [header-byte] write $ffa517 = 13 mask=00ff (pc=018446)
[   9.665]   [header-byte] write $ffa517 = 13 mask=00ff (pc=018446)
[   9.681]   [header-byte] write $ffa517 = 13 mask=00ff (pc=018446)
[   9.698]   [header-byte] write $ffa517 = 13 mask=00ff (pc=018446)
[   9.715]   [header-byte] write $ffa517 = 13 mask=00ff (pc=018446)
[   9.731]   [header-byte] write $ffa517 = 13 mask=00ff (pc=018446)
[   9.748]   [header-byte] write $ffa517 = 13 mask=00ff (pc=018446)
[   9.765]   [header-byte] write $ffa517 = 13 mask=00ff (pc=018446)
[   9.781]   [header-byte] write $ffa517 = 13 mask=00ff (pc=018446)
[   9.798]   [header-byte] write $ffa517 = 13 mask=00ff (pc=018446)
[   9.815]   [header-byte] write $ffa517 = 13 mask=00ff (pc=018446)
[   9.831]   [header-byte] write $ffa517 = 13 mask=00ff (pc=018446)
[   9.848]   [header-byte] write $ffa517 = 13 mask=00ff (pc=018446)
[   9.865]   [header-byte] write $ffa517 = 13 mask=00ff (pc=018446)
[   9.881]   [header-byte] write $ffa517 = 13 mask=00ff (pc=018446)
[   9.898]   [header-byte] write $ffa517 = 13 mask=00ff (pc=018446)
[   9.917]   [header-byte] write $ffa517 = 13 mask=00ff (pc=018446)
[   9.932]   [header-byte] write $ffa517 = 13 mask=00ff (pc=018446)
[   9.948]   [header-byte] write $ffa517 = 13 mask=00ff (pc=018446)
[   9.965]   [header-byte] write $ffa517 = 13 mask=00ff (pc=018446)
[   9.982]   [header-byte] write $ffa517 = 13 mask=00ff (pc=018446)
[   9.999]   [header-byte] write $ffa517 = 13 mask=00ff (pc=018446)
[  10.013] heartbeat frame=600 tx=748 rx=548 fc=1 fd=10 fe=1 linkflag=81 pc=00028a a502=00 a524=0005 a525=05 a170=08 a17f=00 txtail=00ec rxpend=0000
[  10.013] [transport] captured=748 flushed=748 injected=548 accepted=0 payload2=0 payload3=0 payload4=0 payload5=0 pump_reads=332 bursts=152 txcredit=0 outq=0 inq=5 watchdog=0 txseq=99 rxseq=72
[  10.013] [epochs] local=1 peer=1 ready=true discarded_rx=0
[  10.013] [tcb-continuations] ffa580=ff80->018392 sleep=0 local26=7710 ffa5c0=ff80->01853c sleep=0 local26=0000 ffd040=ff80->018a40 sleep=0 local26=8300 ffd100=ff80->01fbb4 sleep=0 local26=0000 ffd140=ff80->01fbb6 sleep=0 local26=0002 ffd180=ff80->01fbb6 sleep=0 local26=00a2 ffd1c0=ff80->01fbb6 sleep=0 local26=01c2 ffd200=ff80->01fbb6 sleep=0 local26=02e2 ffd240=ff80->01902e sleep=0 local26=0000 ffd280=ff80->01ffe2 sleep=0 local26=0007 ffd2c0=ff80->020004 sleep=0 local26=0002 ffd300=ff80->020004 sleep=0 local26=0000
[  10.015]   [header-byte] write $ffa517 = 13 mask=00ff (pc=018446)
[  10.032]   [header-byte] write $ffa517 = 13 mask=00ff (pc=018446)
[  10.049]   [header-byte] write $ffa517 = 13 mask=00ff (pc=018446)
[  10.067]   [header-byte] write $ffa517 = 13 mask=00ff (pc=018446)
[  10.082]   [header-byte] write $ffa517 = 13 mask=00ff (pc=018446)
[  10.099]   [header-byte] write $ffa517 = 13 mask=00ff (pc=018446)
[  10.115]   [header-byte] write $ffa517 = 13 mask=00ff (pc=018446)
[  10.132]   [header-byte] write $ffa517 = 13 mask=00ff (pc=018446)
[  10.149]   [header-byte] write $ffa517 = 13 mask=00ff (pc=018446)
[  10.165]   [header-byte] write $ffa517 = 13 mask=00ff (pc=018446)
[  10.182]   [header-byte] write $ffa517 = 13 mask=00ff (pc=018446)
[  10.199]   [header-byte] write $ffa517 = 13 mask=00ff (pc=018446)
[  10.215]   [header-byte] write $ffa517 = 13 mask=00ff (pc=018446)
[  10.232]   [header-byte] write $ffa517 = 13 mask=00ff (pc=018446)
[  10.249]   [header-byte] write $ffa517 = 13 mask=00ff (pc=018446)
[  10.282]   [header-byte] write $ffa517 = 13 mask=00ff (pc=018446)
[  10.282]   [header-byte] write $ffa517 = 13 mask=00ff (pc=018446)
[  10.299]   [header-byte] write $ffa517 = 13 mask=00ff (pc=018446)
[  10.315]   [header-byte] write $ffa517 = 13 mask=00ff (pc=018446)
[  10.332]   [header-byte] write $ffa517 = 13 mask=00ff (pc=018446)
[  10.349]   [header-byte] write $ffa517 = 13 mask=00ff (pc=018446)
[  10.365]   [header-byte] write $ffa517 = 13 mask=00ff (pc=018446)
[  10.384]   [header-byte] write $ffa517 = 13 mask=00ff (pc=018446)
[  10.399]   [header-byte] write $ffa517 = 13 mask=00ff (pc=018446)
[  10.416]   [header-byte] write $ffa517 = 13 mask=00ff (pc=018446)
[  10.432]   [header-byte] write $ffa517 = 13 mask=00ff (pc=018446)
[  10.449]   [header-byte] write $ffa517 = 13 mask=00ff (pc=018446)
[  10.466]   [header-byte] write $ffa517 = 13 mask=00ff (pc=018446)
[  10.482]   [header-byte] write $ffa517 = 13 mask=00ff (pc=018446)
[  10.499]   [header-byte] write $ffa517 = 13 mask=00ff (pc=018446)
[  10.516]   [header-byte] write $ffa517 = 13 mask=00ff (pc=018446)
[  10.532]   [header-byte] write $ffa517 = 13 mask=00ff (pc=018446)
[  10.552]   [header-byte] write $ffa517 = 13 mask=00ff (pc=018446)
[  10.566]   [header-byte] write $ffa517 = 13 mask=00ff (pc=018446)
[  10.583]   [header-byte] write $ffa517 = 13 mask=00ff (pc=018446)
[  10.599]   [header-byte] write $ffa517 = 13 mask=00ff (pc=018446)
[  10.616]   [header-byte] write $ffa517 = 13 mask=00ff (pc=018446)
[  10.649]   [header-byte] write $ffa517 = 13 mask=00ff (pc=018446)
[  10.649]   [header-byte] write $ffa517 = 13 mask=00ff (pc=018446)
[  10.666]   [header-byte] write $ffa517 = 13 mask=00ff (pc=018446)
[  10.683]   [header-byte] write $ffa517 = 13 mask=00ff (pc=018446)
[  10.699]   [header-byte] write $ffa517 = 13 mask=00ff (pc=018446)
[  10.716]   [header-byte] write $ffa517 = 13 mask=00ff (pc=018446)
[  10.733]   [header-byte] write $ffa517 = 13 mask=00ff (pc=018446)
[  10.749]   [header-byte] write $ffa517 = 13 mask=00ff (pc=018446)
[  10.766]   [header-byte] write $ffa517 = 13 mask=00ff (pc=018446)
[  10.783]   [header-byte] write $ffa517 = 13 mask=00ff (pc=018446)
[  10.799]   [header-byte] write $ffa517 = 13 mask=00ff (pc=018446)
[  10.816]   [header-byte] write $ffa517 = 13 mask=00ff (pc=018446)
[  10.833]   [header-byte] write $ffa517 = 13 mask=00ff (pc=018446)
[  10.849]   [header-byte] write $ffa517 = 13 mask=00ff (pc=018446)
[  10.868]   [header-byte] write $ffa517 = 13 mask=00ff (pc=018446)
[  10.883]   [header-byte] write $ffa517 = 13 mask=00ff (pc=018446)
[  10.900]   [header-byte] write $ffa517 = 13 mask=00ff (pc=018446)
[  10.916]   [header-byte] write $ffa517 = 13 mask=00ff (pc=018446)
[  10.933]   [header-byte] write $ffa517 = 13 mask=00ff (pc=018446)
[  10.950]   [header-byte] write $ffa517 = 13 mask=00ff (pc=018446)
[  10.966]   [header-byte] write $ffa517 = 13 mask=00ff (pc=018446)
[  10.983]   [header-byte] write $ffa517 = 13 mask=00ff (pc=018446)
[  11.000]   [header-byte] write $ffa517 = 13 mask=00ff (pc=018446)
[  11.014] heartbeat frame=660 tx=1048 rx=848 fc=1 fd=10 fe=1 linkflag=81 pc=00028a a502=00 a524=0005 a525=05 a170=08 a17f=00 txtail=0018 rxpend=0000
[  11.014] [transport] captured=1048 flushed=1048 injected=848 accepted=0 payload2=0 payload3=0 payload4=0 payload5=0 pump_reads=392 bursts=212 txcredit=0 outq=0 inq=5 watchdog=0 txseq=d5 rxseq=ae
[  11.014] [epochs] local=1 peer=1 ready=true discarded_rx=0
[  11.014] [tcb-continuations] ffa580=ff80->018392 sleep=0 local26=7710 ffa5c0=ff80->01853c sleep=0 local26=0000 ffd040=ff80->018a40 sleep=0 local26=8300 ffd100=ff80->01fbb4 sleep=0 local26=0000 ffd140=ff80->01fbb6 sleep=0 local26=0002 ffd180=ff80->01fbb6 sleep=0 local26=00a2 ffd1c0=ff80->01fbb6 sleep=0 local26=01c2 ffd200=ff80->01fbb6 sleep=0 local26=02e2 ffd240=ff80->01902e sleep=0 local26=0000 ffd280=ff80->01ffe2 sleep=0 local26=0005 ffd2c0=ff80->020004 sleep=0 local26=0002 ffd300=ff80->020004 sleep=0 local26=0000
[  11.020]   [header-byte] write $ffa517 = 13 mask=00ff (pc=018446)
[  11.033]   [header-byte] write $ffa517 = 13 mask=00ff (pc=018446)
[  11.050]   [header-byte] write $ffa517 = 13 mask=00ff (pc=018446)
[  11.067]   [header-byte] write $ffa517 = 13 mask=00ff (pc=018446)
[  11.100]   [header-byte] write $ffa517 = 13 mask=00ff (pc=018446)
[  11.100]   [header-byte] write $ffa517 = 13 mask=00ff (pc=018446)
[  11.117]   [header-byte] write $ffa517 = 13 mask=00ff (pc=018446)
[  11.133]   [header-byte] write $ffa517 = 13 mask=00ff (pc=018446)
[  11.150]   [header-byte] write $ffa517 = 13 mask=00ff (pc=018446)
[  11.167]   [header-byte] write $ffa517 = 13 mask=00ff (pc=018446)
[  11.184]   [header-byte] write $ffa517 = 13 mask=00ff (pc=018446)
[  11.200]   [header-byte] write $ffa517 = 13 mask=00ff (pc=018446)
[  11.217]   [header-byte] write $ffa517 = 13 mask=00ff (pc=018446)
[  11.234]   [header-byte] write $ffa517 = 13 mask=00ff (pc=018446)
[  11.250]   [header-byte] write $ffa517 = 13 mask=00ff (pc=018446)
[  11.267]   [header-byte] write $ffa517 = 13 mask=00ff (pc=018446)
[  11.284]   [header-byte] write $ffa517 = 13 mask=00ff (pc=018446)
[  11.300]   [header-byte] write $ffa517 = 13 mask=00ff (pc=018446)
[  11.317]   [header-byte] write $ffa517 = 13 mask=00ff (pc=018446)
[  11.335]   [header-byte] write $ffa517 = 13 mask=00ff (pc=018446)
[  11.350]   [header-byte] write $ffa517 = 13 mask=00ff (pc=018446)
[  11.367]   [header-byte] write $ffa517 = 13 mask=00ff (pc=018446)
[  11.384]   [header-byte] write $ffa517 = 13 mask=00ff (pc=018446)
[  11.400]   [header-byte] write $ffa517 = 13 mask=00ff (pc=018446)
[  11.417]   [header-byte] write $ffa517 = 13 mask=00ff (pc=018446)
[  11.434]   [header-byte] write $ffa517 = 13 mask=00ff (pc=018446)
[  11.451]   [header-byte] write $ffa517 = 13 mask=00ff (pc=018446)
[  11.467]   [header-byte] write $ffa517 = 13 mask=00ff (pc=018446)
[  11.484]   [header-byte] write $ffa517 = 13 mask=00ff (pc=018446)
[  11.501]   [header-byte] write $ffa517 = 13 mask=00ff (pc=018446)
[  11.517]   [header-byte] write $ffa517 = 13 mask=00ff (pc=018446)
[  11.534]   [header-byte] write $ffa517 = 13 mask=00ff (pc=018446)
[  11.550]   [header-byte] write $ffa517 = 13 mask=00ff (pc=018446)
[  11.567]   [header-byte] write $ffa517 = 13 mask=00ff (pc=018446)
[  11.584]   [header-byte] write $ffa517 = 13 mask=00ff (pc=018446)
[  11.600]   [header-byte] write $ffa517 = 13 mask=00ff (pc=018446)
[  11.617]   [header-byte] write $ffa517 = 13 mask=00ff (pc=018446)
[  11.634]   [header-byte] write $ffa517 = 13 mask=00ff (pc=018446)
[  11.650]   [header-byte] write $ffa517 = 13 mask=00ff (pc=018446)
[  11.667]   [header-byte] write $ffa517 = 13 mask=00ff (pc=018446)
[  11.684]   [header-byte] write $ffa517 = 13 mask=00ff (pc=018446)
[  11.717]   [header-byte] write $ffa517 = 13 mask=00ff (pc=018446)
[  11.717]   [header-byte] write $ffa517 = 13 mask=00ff (pc=018446)
[  11.734]   [header-byte] write $ffa517 = 13 mask=00ff (pc=018446)
[  11.750]   [header-byte] write $ffa517 = 13 mask=00ff (pc=018446)
[  11.767]   [header-byte] write $ffa517 = 13 mask=00ff (pc=018446)
[  11.784]   [header-byte] write $ffa517 = 13 mask=00ff (pc=018446)
[  11.800]   [header-byte] write $ffa517 = 13 mask=00ff (pc=018446)
[  11.817]   [header-byte] write $ffa517 = 13 mask=00ff (pc=018446)
[  11.834]   [header-byte] write $ffa517 = 13 mask=00ff (pc=018446)
[  11.851]   [header-byte] write $ffa517 = 13 mask=00ff (pc=018446)
[  11.867]   [header-byte] write $ffa517 = 13 mask=00ff (pc=018446)
[  11.884]   [header-byte] write $ffa517 = 13 mask=00ff (pc=018446)
[  11.901]   [header-byte] write $ffa517 = 13 mask=00ff (pc=018446)
[  11.917]   [header-byte] write $ffa517 = 13 mask=00ff (pc=018446)
[  11.934]   [header-byte] write $ffa517 = 13 mask=00ff (pc=018446)
[  11.951]   [header-byte] write $ffa517 = 13 mask=00ff (pc=018446)
[  11.969]   [header-byte] write $ffa517 = 13 mask=00ff (pc=018446)
[  11.984]   [header-byte] write $ffa517 = 13 mask=00ff (pc=018446)
[  12.001]   [header-byte] write $ffa517 = 13 mask=00ff (pc=018446)
[  12.015] heartbeat frame=720 tx=1348 rx=1148 fc=1 fd=10 fe=1 linkflag=81 pc=000288 a502=00 a524=0005 a525=05 a170=08 a17f=00 txtail=0044 rxpend=0000
[  12.015] [transport] captured=1348 flushed=1348 injected=1148 accepted=0 payload2=0 payload3=0 payload4=0 payload5=0 pump_reads=452 bursts=272 txcredit=0 outq=0 inq=5 watchdog=0 txseq=11 rxseq=ea
[  12.015] [epochs] local=1 peer=1 ready=true discarded_rx=0
[  12.015] [tcb-continuations] ffa580=ff80->018392 sleep=0 local26=7710 ffa5c0=ff80->01853c sleep=0 local26=0000 ffd040=ff80->018a40 sleep=0 local26=8300 ffd100=ff80->01fbb4 sleep=0 local26=0000 ffd140=ff80->01fbb6 sleep=0 local26=0002 ffd180=ff80->01fbb6 sleep=0 local26=00a2 ffd1c0=ff80->01fbb6 sleep=0 local26=01c2 ffd200=ff80->01fbb6 sleep=0 local26=02e2 ffd240=ff80->01902e sleep=0 local26=0000 ffd280=ff80->01ffe2 sleep=0 local26=0004 ffd2c0=ff80->020004 sleep=0 local26=0002 ffd300=ff80->020004 sleep=0 local26=0000
[  12.018]   [header-byte] write $ffa517 = 13 mask=00ff (pc=018446)
[  12.034]   [header-byte] write $ffa517 = 13 mask=00ff (pc=018446)
[  12.052]   [header-byte] write $ffa517 = 13 mask=00ff (pc=018446)
[  12.068]   [header-byte] write $ffa517 = 13 mask=00ff (pc=018446)
[  12.084]   [header-byte] write $ffa517 = 13 mask=00ff (pc=018446)
[  12.101]   [header-byte] write $ffa517 = 13 mask=00ff (pc=018446)
[  12.118]   [header-byte] write $ffa517 = 13 mask=00ff (pc=018446)
[  12.134]   [header-byte] write $ffa517 = 13 mask=00ff (pc=018446)
[  12.151]   [header-byte] write $ffa517 = 13 mask=00ff (pc=018446)
[  12.168]   [header-byte] write $ffa517 = 13 mask=00ff (pc=018446)
[  12.184]   [header-byte] write $ffa517 = 13 mask=00ff (pc=018446)
[  12.201]   [header-byte] write $ffa517 = 13 mask=00ff (pc=018446)
[  12.218]   [header-byte] write $ffa517 = 13 mask=00ff (pc=018446)
[  12.234]   [header-byte] write $ffa517 = 13 mask=00ff (pc=018446)
[  12.251]   [header-byte] write $ffa517 = 13 mask=00ff (pc=018446)
[  12.268]   [header-byte] write $ffa517 = 13 mask=00ff (pc=018446)
[  12.285]   [header-byte] write $ffa517 = 13 mask=00ff (pc=018446)
[  12.301]   [header-byte] write $ffa517 = 13 mask=00ff (pc=018446)
[  12.318]   [header-byte] write $ffa517 = 13 mask=00ff (pc=018446)
[  12.351]   [header-byte] write $ffa517 = 13 mask=00ff (pc=018446)
[  12.351]   [header-byte] write $ffa517 = 13 mask=00ff (pc=018446)
[  12.368]   [header-byte] write $ffa517 = 13 mask=00ff (pc=018446)
[  12.385]   [header-byte] write $ffa517 = 13 mask=00ff (pc=018446)
[  12.401]   [header-byte] write $ffa517 = 13 mask=00ff (pc=018446)
[  12.418]   [header-byte] write $ffa517 = 13 mask=00ff (pc=018446)
[  12.435]   [header-byte] write $ffa517 = 13 mask=00ff (pc=018446)
[  12.452]   [header-byte] write $ffa517 = 13 mask=00ff (pc=018446)
[  12.468]   [header-byte] write $ffa517 = 13 mask=00ff (pc=018446)
[  12.485]   [header-byte] write $ffa517 = 13 mask=00ff (pc=018446)
[  12.502]   [header-byte] write $ffa517 = 13 mask=00ff (pc=018446)
[  12.518]   [header-byte] write $ffa517 = 13 mask=00ff (pc=018446)
[  12.535]   [header-byte] write $ffa517 = 13 mask=00ff (pc=018446)
[  12.552]   [header-byte] write $ffa517 = 13 mask=00ff (pc=018446)
[  12.568]   [header-byte] write $ffa517 = 13 mask=00ff (pc=018446)
[  12.585]   [header-byte] write $ffa517 = 13 mask=00ff (pc=018446)
[  12.603]   [header-byte] write $ffa517 = 13 mask=00ff (pc=018446)
[  12.619]   [header-byte] write $ffa517 = 13 mask=00ff (pc=018446)
[  12.635]   [header-byte] write $ffa517 = 13 mask=00ff (pc=018446)
[  12.652]   [header-byte] write $ffa517 = 13 mask=00ff (pc=018446)
[  12.669]   [header-byte] write $ffa517 = 13 mask=00ff (pc=018446)
[  12.685]   [header-byte] write $ffa517 = 13 mask=00ff (pc=018446)
[  12.702]   [header-byte] write $ffa517 = 13 mask=00ff (pc=018446)
[  12.719]   [header-byte] write $ffa517 = 13 mask=00ff (pc=018446)
[  12.735]   [header-byte] write $ffa517 = 13 mask=00ff (pc=018446)
[  12.752]   [header-byte] write $ffa517 = 13 mask=00ff (pc=018446)
[  12.771]   [header-byte] write $ffa517 = 13 mask=00ff (pc=018446)
[  12.786]   [header-byte] write $ffa517 = 13 mask=00ff (pc=018446)
[  12.802]   [header-byte] write $ffa517 = 13 mask=00ff (pc=018446)
[  12.819]   [header-byte] write $ffa517 = 13 mask=00ff (pc=018446)
[  12.836]   [header-byte] write $ffa517 = 13 mask=00ff (pc=018446)
[  12.852]   [header-byte] write $ffa517 = 13 mask=00ff (pc=018446)
[  12.869]   [header-byte] write $ffa517 = 13 mask=00ff (pc=018446)
[  12.886]   [header-byte] write $ffa517 = 13 mask=00ff (pc=018446)
[  12.902]   [header-byte] write $ffa517 = 13 mask=00ff (pc=018446)
[  12.921]   [header-byte] write $ffa517 = 13 mask=00ff (pc=018446)
[  12.953]   [header-byte] write $ffa517 = 13 mask=00ff (pc=018446)
[  12.953]   [header-byte] write $ffa517 = 13 mask=00ff (pc=018446)
[  12.969]   [header-byte] write $ffa517 = 13 mask=00ff (pc=018446)
[  12.986]   [header-byte] write $ffa517 = 13 mask=00ff (pc=018446)
[  13.003]   [header-byte] write $ffa517 = 13 mask=00ff (pc=018446)
[  13.017] heartbeat frame=780 tx=1648 rx=1448 fc=1 fd=10 fe=1 linkflag=81 pc=000288 a502=00 a524=0005 a525=05 a170=08 a17f=00 txtail=0070 rxpend=0000
[  13.017] [transport] captured=1648 flushed=1648 injected=1448 accepted=0 payload2=0 payload3=0 payload4=0 payload5=0 pump_reads=512 bursts=332 txcredit=0 outq=0 inq=5 watchdog=0 txseq=4d rxseq=26
[  13.017] [epochs] local=1 peer=1 ready=true discarded_rx=0
[  13.017] [game-state] a142=04 a13e=02 a13f=03 a530=3323 a506=03 a507=00 a508=00 a7b0=0000 a7a6=1323 script=01a3ee
[  13.017] [tcb-continuations] ffa580=ff80->018392 sleep=0 local26=7710 ffa5c0=ff80->01853c sleep=0 local26=0000 ffd040=ff80->018a40 sleep=0 local26=8300 ffd100=ff80->01fbb4 sleep=0 local26=0000 ffd140=ff80->01fbb6 sleep=0 local26=0002 ffd180=ff80->01fbb6 sleep=0 local26=00a2 ffd1c0=ff80->01fbb6 sleep=0 local26=01c2 ffd200=ff80->01fbb6 sleep=0 local26=02e2 ffd240=ff80->01902e sleep=0 local26=0000 ffd280=ff80->01ffe2 sleep=0 local26=0003 ffd2c0=ff80->020004 sleep=0 local26=0002 ffd300=ff80->020004 sleep=0 local26=0000
[  13.019]   [header-byte] write $ffa517 = 13 mask=00ff (pc=018446)
[  13.036]   [header-byte] write $ffa517 = 13 mask=00ff (pc=018446)
[  13.053]   [header-byte] write $ffa517 = 13 mask=00ff (pc=018446)
[  13.069]   [header-byte] write $ffa517 = 13 mask=00ff (pc=018446)
[  13.086]   [header-byte] write $ffa517 = 13 mask=00ff (pc=018446)
[  13.103]   [header-byte] write $ffa517 = 13 mask=00ff (pc=018446)
[  13.119]   [header-byte] write $ffa517 = 13 mask=00ff (pc=018446)
[  13.136]   [header-byte] write $ffa517 = 13 mask=00ff (pc=018446)
[  13.153]   [header-byte] write $ffa517 = 13 mask=00ff (pc=018446)
[  13.169]   [header-byte] write $ffa517 = 13 mask=00ff (pc=018446)
[  13.186]   [header-byte] write $ffa517 = 13 mask=00ff (pc=018446)
[  13.203]   [header-byte] write $ffa517 = 13 mask=00ff (pc=018446)
[  13.219]   [header-byte] write $ffa517 = 13 mask=00ff (pc=018446)
[  13.238]   [header-byte] write $ffa517 = 13 mask=00ff (pc=018446)
[  13.253]   [header-byte] write $ffa517 = 13 mask=00ff (pc=018446)
[  13.286]   [header-byte] write $ffa517 = 13 mask=00ff (pc=018446)
[  13.286]   [header-byte] write $ffa517 = 13 mask=00ff (pc=018446)
[  13.303]   [header-byte] write $ffa517 = 13 mask=00ff (pc=018446)
[  13.320]   [header-byte] write $ffa517 = 13 mask=00ff (pc=018446)
[  13.336]   [header-byte] write $ffa517 = 13 mask=00ff (pc=018446)
[  13.353]   [header-byte] write $ffa517 = 13 mask=00ff (pc=018446)
[  13.370]   [header-byte] write $ffa517 = 13 mask=00ff (pc=018446)
[  13.386]   [header-byte] write $ffa517 = 13 mask=00ff (pc=018446)
[  13.404]   [header-byte] write $ffa517 = 13 mask=00ff (pc=018446)
[  13.419]   [header-byte] write $ffa517 = 13 mask=00ff (pc=018446)
[  13.436]   [header-byte] write $ffa517 = 13 mask=00ff (pc=018446)
[  13.453]   [header-byte] write $ffa517 = 13 mask=00ff (pc=018446)
[  13.470]   [header-byte] write $ffa517 = 13 mask=00ff (pc=018446)
[  13.486]   [header-byte] write $ffa517 = 13 mask=00ff (pc=018446)
[  13.503]   [header-byte] write $ffa517 = 13 mask=00ff (pc=018446)
[  13.520]   [header-byte] write $ffa517 = 13 mask=00ff (pc=018446)
[  13.536]   [header-byte] write $ffa517 = 13 mask=00ff (pc=018446)
[  13.554]   [header-byte] write $ffa517 = 13 mask=00ff (pc=018446)
[  13.570]   [header-byte] write $ffa517 = 13 mask=00ff (pc=018446)
[  13.586]   [header-byte] write $ffa517 = 13 mask=00ff (pc=018446)
[  13.603]   [header-byte] write $ffa517 = 13 mask=00ff (pc=018446)
[  13.620]   [header-byte] write $ffa517 = 13 mask=00ff (pc=018446)
[  13.636]   [header-byte] write $ffa517 = 13 mask=00ff (pc=018446)
[  13.653]   [header-byte] write $ffa517 = 13 mask=00ff (pc=018446)
[  13.670]   [header-byte] write $ffa517 = 13 mask=00ff (pc=018446)
[  13.686]   [header-byte] write $ffa517 = 13 mask=00ff (pc=018446)
[  13.705]   [header-byte] write $ffa517 = 13 mask=00ff (pc=018446)
[  13.720]   [header-byte] write $ffa517 = 13 mask=00ff (pc=018446)
[  13.737]   [header-byte] write $ffa517 = 13 mask=00ff (pc=018446)
[  13.753]   [header-byte] write $ffa517 = 13 mask=00ff (pc=018446)
[  13.770]   [header-byte] write $ffa517 = 13 mask=00ff (pc=018446)
[  13.787]   [header-byte] write $ffa517 = 13 mask=00ff (pc=018446)
[  13.803]   [header-byte] write $ffa517 = 13 mask=00ff (pc=018446)
[  13.820]   [header-byte] write $ffa517 = 13 mask=00ff (pc=018446)
[  13.837]   [header-byte] write $ffa517 = 13 mask=00ff (pc=018446)
[  13.853]   [header-byte] write $ffa517 = 13 mask=00ff (pc=018446)
[  13.873]   [header-byte] write $ffa517 = 13 mask=00ff (pc=018446)
[  13.887]   [header-byte] write $ffa517 = 13 mask=00ff (pc=018446)
[  13.904]   [header-byte] write $ffa517 = 13 mask=00ff (pc=018446)
[  13.920]   [header-byte] write $ffa517 = 13 mask=00ff (pc=018446)
[  13.937]   [header-byte] write $ffa517 = 13 mask=00ff (pc=018446)
[  13.954]   [header-byte] write $ffa517 = 13 mask=00ff (pc=018446)
[  13.970]   [header-byte] write $ffa517 = 13 mask=00ff (pc=018446)
[  13.987]   [header-byte] write $ffa517 = 13 mask=00ff (pc=018446)
[  14.004]   [header-byte] write $ffa517 = 13 mask=00ff (pc=018446)
[  14.018] heartbeat frame=840 tx=1948 rx=1748 fc=1 fd=10 fe=1 linkflag=81 pc=00028a a502=00 a524=0005 a525=05 a170=08 a17f=00 txtail=009c rxpend=0000
[  14.018] [transport] captured=1948 flushed=1948 injected=1748 accepted=0 payload2=0 payload3=0 payload4=0 payload5=0 pump_reads=572 bursts=392 txcredit=0 outq=0 inq=0 watchdog=0 txseq=89 rxseq=62
[  14.018] [epochs] local=1 peer=1 ready=true discarded_rx=0
[  14.018] [tcb-continuations] ffa580=ff80->018392 sleep=0 local26=7710 ffa5c0=ff80->01853c sleep=0 local26=0000 ffd040=ff80->018a40 sleep=0 local26=8300 ffd100=ff80->01fbb4 sleep=0 local26=0000 ffd140=ff80->01fbb6 sleep=0 local26=0002 ffd180=ff80->01fbb6 sleep=0 local26=00a2 ffd1c0=ff80->01fbb6 sleep=0 local26=01c2 ffd200=ff80->01fbb6 sleep=0 local26=02e2 ffd240=ff80->01902e sleep=0 local26=0000 ffd280=ff80->01ffe2 sleep=0 local26=0001 ffd2c0=ff80->020004 sleep=0 local26=0002 ffd300=ff80->020004 sleep=0 local26=0000
[  14.037]   [header-byte] write $ffa517 = 13 mask=00ff (pc=018446)
[  14.037]   [header-byte] write $ffa517 = 13 mask=00ff (pc=018446)
[  14.070]   [header-byte] write $ffa517 = 13 mask=00ff (pc=018446)
[  14.070]   [header-byte] write $ffa517 = 13 mask=00ff (pc=018446)
[  14.087]   [header-byte] write $ffa517 = 13 mask=00ff (pc=018446)
[  14.104]   [header-byte] write $ffa517 = 13 mask=00ff (pc=018446)
[  14.120]   [header-byte] write $ffa517 = 13 mask=00ff (pc=018446)
[  14.137]   [header-byte] write $ffa517 = 13 mask=00ff (pc=018446)
[  14.154]   [header-byte] write $ffa517 = 13 mask=00ff (pc=018446)
[  14.170]   [header-byte] write $ffa517 = 13 mask=00ff (pc=018446)
[  14.189]   [header-byte] write $ffa517 = 13 mask=00ff (pc=018446)
[  14.204]   [header-byte] write $ffa517 = 13 mask=00ff (pc=018446)
[  14.221]   [header-byte] write $ffa517 = 13 mask=00ff (pc=018446)
[  14.237]   [header-byte] write $ffa517 = 13 mask=00ff (pc=018446)
[  14.254]   [header-byte] write $ffa517 = 13 mask=00ff (pc=018446)
[  14.271]   [header-byte] write $ffa517 = 13 mask=00ff (pc=018446)
[  14.287]   [header-byte] write $ffa517 = 13 mask=00ff (pc=018446)
[  14.304]   [header-byte] write $ffa517 = 13 mask=00ff (pc=018446)
[  14.321]   [header-byte] write $ffa517 = 13 mask=00ff (pc=018446)
[  14.339]   [header-byte] write $ffa517 = 13 mask=00ff (pc=018446)
[  14.354]   [header-byte] write $ffa517 = 13 mask=00ff (pc=018446)
[  14.371]   [header-byte] write $ffa517 = 13 mask=00ff (pc=018446)
[  14.388]   [header-byte] write $ffa517 = 13 mask=00ff (pc=018446)
[  14.404]   [header-byte] write $ffa517 = 13 mask=00ff (pc=018446)
[  14.421]   [header-byte] write $ffa517 = 13 mask=00ff (pc=018446)
[  14.438]   [header-byte] write $ffa517 = 13 mask=00ff (pc=018446)
[  14.454]   [header-byte] write $ffa517 = 13 mask=00ff (pc=018446)
[  14.471]   [header-byte] write $ffa517 = 13 mask=00ff (pc=018446)
[  14.488]   [header-byte] write $ffa517 = 13 mask=00ff (pc=018446)
[  14.504]   [header-byte] write $ffa517 = 13 mask=00ff (pc=018446)
[  14.521]   [header-byte] write $ffa517 = 13 mask=00ff (pc=018446)
[  14.538]   [header-byte] write $ffa517 = 13 mask=00ff (pc=018446)
[  14.554]   [header-byte] write $ffa517 = 13 mask=00ff (pc=018446)
[  14.571]   [header-byte] write $ffa517 = 13 mask=00ff (pc=018446)
[  14.588]   [header-byte] write $ffa517 = 13 mask=00ff (pc=018446)
[  14.605]   [header-byte] write $ffa517 = 13 mask=00ff (pc=018446)
[  14.605] [game-command] data=7373 mask=ff00 pc=018b72 requests=04
[  14.638]   [header-byte] write $ffa517 = 13 mask=00ff (pc=018446)
[  14.638] [game-command] data=3434 mask=00ff pc=018c2c requests=00
[  14.638] [game-command] data=8383 mask=ff00 pc=018c34 requests=00
[  15.019] heartbeat frame=900 tx=2138 rx=1933 fc=1 fd=10 fe=1 linkflag=81 pc=00028a a502=00 a524=0000 a525=00 a170=08 a17f=00 txtail=005a rxpend=0000
[  15.019] [transport] captured=2138 flushed=2138 injected=1933 accepted=0 payload2=0 payload3=0 payload4=0 payload5=0 pump_reads=632 bursts=430 txcredit=0 outq=0 inq=0 watchdog=22 txseq=ae rxseq=87
[  15.019] [epochs] local=1 peer=1 ready=true discarded_rx=0
[  15.019] [game-state] a142=04 a13e=04 a13f=0f a530=8334 a506=03 a507=01 a508=00 a7b0=0000 a7a6=8334 script=01a3ee
[  15.019] [tcb-continuations] ffa580=ff80->018392 sleep=0 local26=7710 ffa5c0=ff80->01853c sleep=0 local26=1600 ffd040=ff80->018d1a sleep=179 local26=8300 ffd100=ff80->01fbb4 sleep=0 local26=0000 ffd140=ff80->01fbb6 sleep=0 local26=0002 ffd180=ff80->01fbb6 sleep=0 local26=00a2 ffd1c0=ff80->01fbb6 sleep=0 local26=01c2 ffd200=ff80->01fbb6 sleep=0 local26=02e2 ffd240=ff80->01902e sleep=0 local26=0000 ffd280=ff80->027726 sleep=0 local26=0001
[  15.055] [game-command] data=9393 mask=ff00 pc=018d36 requests=00
[  15.055]   [header-byte] write $ffa513 = 10 mask=00ff (pc=018d50)
[  15.072] [game-command] data=0404 mask=ff00 pc=018d6e requests=00
[  15.072] [game-command] data=0000 mask=00ff pc=018d76 requests=00
[  15.140]   [header-byte] write $ffa517 = 13 mask=00ff (pc=018446)
[  15.162]   [menu-state] write $ffa170 = 0000 mask=ff00 (pc=01afb6)
[  15.162]   [menu-state] write $ffa170 = 8282 mask=ff00 (pc=01afd8)
[  15.162]   [menu-state] write $ffa176 = 0000 mask=ff00 (pc=01afde)
[  15.162]   [header-byte] write $ffa513 = 00 mask=00ff (pc=01afe6)
[  15.162]   [header-byte] write $ffa513 = 10 mask=00ff (pc=01affe)
[  15.162]   [header-byte] write $ffa513 = 50 mask=00ff (pc=01b022)
[  15.162]   [header-byte] write $ffa513 = 54 mask=00ff (pc=01b044)
[  15.162]   [menu-state] write $ffa170 = c2c2 mask=ff00 (pc=01a87a)
[  15.162]   [menu-state] write $ffa170 = c2c2 mask=ff00 (pc=01a87c)
[  15.162]   [menu-state] write $ffa170 = 4040 mask=ff00 (pc=01afb6)
[  15.162]   [menu-state] write $ffa170 = c2c2 mask=ff00 (pc=01afd8)
[  15.162]   [menu-state] write $ffa176 = 0000 mask=ff00 (pc=01afde)
[  15.162]   [header-byte] write $ffa513 = 00 mask=00ff (pc=01afe6)
[  15.162]   [header-byte] write $ffa513 = 10 mask=00ff (pc=01affe)
[  15.162]   [header-byte] write $ffa513 = 50 mask=00ff (pc=01b022)
[  15.162]   [header-byte] write $ffa513 = 54 mask=00ff (pc=01b044)
[  15.495]   [header-byte] write $ffa517 = 10 mask=00ff (pc=018446)
[  15.589]   [header-byte] write $ffa517 = 54 mask=00ff (pc=018446)
[  15.606]   [header-byte] write $ffa517 = 5c mask=00ff (pc=018446)
[  15.622]   [menu-state] write $ffa171 = 0808 mask=00ff (pc=0193da)
[  15.622]   [header-byte] write $ffa513 = 44 mask=00ff (pc=019e4a)
[  15.622]   [header-byte] write $ffa513 = 00 mask=00ff (pc=01afe6)
[  15.622]   [header-byte] write $ffa513 = 04 mask=00ff (pc=01b044)
[  15.622]   [header-byte] write $ffa517 = 5c mask=00ff (pc=018446)
[  15.639]   [header-byte] write $ffa517 = 5c mask=00ff (pc=018446)
[  15.657]   [header-byte] write $ffa517 = 5c mask=00ff (pc=018446)
[  15.672]   [header-byte] write $ffa517 = 5c mask=00ff (pc=018446)
[  15.689]   [header-byte] write $ffa517 = 5c mask=00ff (pc=018446)
[  15.706]   [header-byte] write $ffa517 = 5c mask=00ff (pc=018446)
[  15.739]   [header-byte] write $ffa517 = 0c mask=00ff (pc=018446)
[  15.739]   [header-byte] write $ffa517 = 0c mask=00ff (pc=018446)
[  15.756]   [header-byte] write $ffa517 = 0c mask=00ff (pc=018446)
[  15.773]   [header-byte] write $ffa517 = 0c mask=00ff (pc=018446)
[  15.789]   [header-byte] write $ffa517 = 0c mask=00ff (pc=018446)
[  15.808]   [header-byte] write $ffa517 = 0c mask=00ff (pc=018446)
[  15.823]   [header-byte] write $ffa517 = 0c mask=00ff (pc=018446)
[  15.839]   [header-byte] write $ffa517 = 0c mask=00ff (pc=018446)
[  15.856]   [header-byte] write $ffa517 = 0c mask=00ff (pc=018446)
[  15.873]   [header-byte] write $ffa517 = 0c mask=00ff (pc=018446)
[  15.890]   [header-byte] write $ffa517 = 0c mask=00ff (pc=018446)
[  15.906]   [header-byte] write $ffa517 = 0c mask=00ff (pc=018446)
[  15.923]   [header-byte] write $ffa517 = 0c mask=00ff (pc=018446)
[  15.940]   [header-byte] write $ffa517 = 0c mask=00ff (pc=018446)
[  15.956]   [header-byte] write $ffa517 = 0c mask=00ff (pc=018446)
[  15.975]   [header-byte] write $ffa517 = 0c mask=00ff (pc=018446)
[  15.990]   [header-byte] write $ffa517 = 0c mask=00ff (pc=018446)
[  16.021] heartbeat frame=960 tx=2154 rx=2064 fc=1 fd=10 fe=1 linkflag=81 pc=00028a a502=00 a524=0000 a525=00 a170=c2 a17f=00 txtail=006a rxpend=0000
[  16.021] [transport] captured=2154 flushed=2154 injected=2064 accepted=0 payload2=0 payload3=0 payload4=0 payload5=0 pump_reads=692 bursts=433 txcredit=0 outq=0 inq=10 watchdog=1 txseq=b2 rxseq=a2
[  16.021] [epochs] local=1 peer=1 ready=true discarded_rx=0
[  16.021] [game-state] a142=04 a13e=04 a13f=0f a530=0400 a506=03 a507=01 a508=00 a7b0=0000 a7a6=9334 script=01f7f6
[  16.021] [tcb-continuations] ffa580=ff80->018392 sleep=0 local26=7710 ffa5c0=ff80->01853c sleep=0 local26=1700 ffd100=ff80->0241de sleep=0 local26=0000 ffd140=ff80->023f9e sleep=0 local26=0000 ffd180=ff80->023c40 sleep=0 local26=0000 ffd1c0=ff80->023c70 sleep=0 local26=0002 ffd200=ff80->023c70 sleep=0 local26=0000 ffd240=ff80->023c08 sleep=0 local26=0000
[  16.023]   [header-byte] write $ffa517 = 0c mask=00ff (pc=018446)
[  16.023]   [header-byte] write $ffa517 = 0c mask=00ff (pc=018446)
[  16.040]   [menu-state] write $ffa172 = 0101 mask=ff00 (pc=0194b6)
[  16.040]   [header-byte] write $ffa517 = 0c mask=00ff (pc=018446)
[  16.056]   [menu-state] write $ffa172 = 0000 mask=ff00 (pc=0193f4)
[  16.056]   [menu-state] write $ffa171 = 8888 mask=00ff (pc=0193fc)
[  16.056]   [header-byte] write $ffa513 = 04 mask=00ff (pc=019e4a)
[  16.056]   [header-byte] write $ffa513 = 14 mask=00ff (pc=019e5a)
[  16.056]   [header-byte] write $ffa513 = 00 mask=00ff (pc=01afe6)
[  16.056]   [header-byte] write $ffa513 = 10 mask=00ff (pc=01affe)
[  16.056]   [header-byte] write $ffa513 = 50 mask=00ff (pc=01b022)
[  16.056]   [header-byte] write $ffa513 = 54 mask=00ff (pc=01b044)
[  16.057]   [header-byte] write $ffa517 = 0c mask=00ff (pc=018446)
[  16.073]   [header-byte] write $ffa517 = 0c mask=00ff (pc=018446)
[  16.090]   [header-byte] write $ffa517 = 0c mask=00ff (pc=018446)
[  16.090] [game-command] data=8484 mask=ff00 pc=02429a requests=00
[  16.108]   [header-byte] write $ffa517 = 0c mask=00ff (pc=018446)
[  16.124]   [header-byte] write $ffa517 = 0c mask=00ff (pc=018446)
[  16.140]   [header-byte] write $ffa517 = 0c mask=00ff (pc=018446)
[  16.157]   [header-byte] write $ffa517 = 5c mask=00ff (pc=018446)
[  16.657]   [header-byte] write $ffa517 = 5c mask=00ff (pc=018446)
[  17.022] heartbeat frame=1020 tx=2165 rx=2117 fc=1 fd=10 fe=1 linkflag=81 pc=000288 a502=00 a524=0000 a525=00 a170=c2 a17f=00 txtail=0075 rxpend=0000
[  17.022] [transport] captured=2165 flushed=2165 injected=2117 accepted=0 payload2=0 payload3=0 payload4=0 payload5=0 pump_reads=752 bursts=436 txcredit=0 outq=0 inq=0 watchdog=21 txseq=b5 rxseq=ad
[  17.022] [epochs] local=1 peer=1 ready=true discarded_rx=0
[  17.022] [game-state] a142=04 a13e=04 a13f=0f a530=8400 a506=03 a507=01 a508=00 a7b0=0000 a7a6=9334 script=01f7fc
[  17.022] [tcb-continuations] ffa580=ff80->018392 sleep=0 local26=7710 ffa5c0=ff80->01853c sleep=0 local26=1900 ffd100=ff80->0242ae sleep=0 local26=0000 ffd240=ff80->023c3e sleep=0 local26=0000
[  17.158]   [header-byte] write $ffa517 = 5c mask=00ff (pc=018446)
[  18.023] heartbeat frame=1080 tx=2168 rx=2120 fc=1 fd=10 fe=1 linkflag=81 pc=00028a a502=00 a524=0000 a525=00 a170=c2 a17f=00 txtail=0078 rxpend=0000
[  18.023] [transport] captured=2168 flushed=2168 injected=2120 accepted=0 payload2=0 payload3=0 payload4=0 payload5=0 pump_reads=812 bursts=437 txcredit=0 outq=0 inq=0 watchdog=22 txseq=b6 rxseq=ae
[  18.023] [epochs] local=1 peer=1 ready=true discarded_rx=0
[  18.023] [game-state] a142=04 a13e=04 a13f=0f a530=8400 a506=03 a507=01 a508=00 a7b0=0000 a7a6=9334 script=01a4da
[  18.023] [tcb-continuations] ffa580=ff80->018392 sleep=0 local26=7710 ffa5c0=ff80->01853c sleep=0 local26=1a00
[  18.109]   [header-byte] write $ffa517 = 5c mask=00ff (pc=018446)
[  18.510] [game-command] data=2626 mask=ff00 pc=006530 requests=20
[  18.510] [game-command] data=0101 mask=00ff pc=006538 requests=20
[  18.610]   [header-byte] write $ffa517 = 5c mask=00ff (pc=018446)
[  18.661] [game-command] data=2828 mask=ff00 pc=005340 requests=00
[  18.661] [game-command] data=2222 mask=00ff pc=005356 requests=00
[  18.743]   [header-byte] write $ffa517 = 5c mask=00ff (pc=018446)
[  19.024] heartbeat frame=1140 tx=2658 rx=2133 fc=1 fd=10 fe=1 linkflag=81 pc=00028a a502=00 a524=0000 a525=00 a170=c2 a17f=00 txtail=0062 rxpend=0000
[  19.024] [transport] captured=2658 flushed=2658 injected=2133 accepted=0 payload2=0 payload3=0 payload4=0 payload5=0 pump_reads=872 bursts=463 txcredit=0 outq=0 inq=0 watchdog=16 txseq=d0 rxseq=b1
[  19.024] [epochs] local=1 peer=1 ready=true discarded_rx=0
[  19.024] [game-state] a142=04 a13e=04 a13f=0f a530=2822 a506=03 a507=01 a508=00 a7b0=2822 a7a6=9334 script=01a51a
[  19.024] [tcb-continuations] ffa580=ff80->018392 sleep=0 local26=7710 ffa5c0=ff80->01853c sleep=0 local26=1500 ffd000=ffc0->00d454 sleep=0 local26=0000 ffd040=ffc0->00daca sleep=0 local26=0000 ffd080=ffc0->004f14 sleep=0 local26=0000 ffd0c0=ffc0->004f14 sleep=0 local26=0000 ffd100=ff80->006782 sleep=0 local26=0000 ffd140=ffc0->007f6e sleep=0 local26=0000 ffd180=ff80->00539a sleep=0 local26=0200 ffd1c0=ff00->005660 sleep=0 local26=dc02 ffd200=ff00->0056e4 sleep=0 local26=0000 ffd240=ff80->00539a sleep=0 local26=0200 ffd280=ff00->005660 sleep=0 local26=dc02 ffd2c0=ff00->0056e4 sleep=0 local26=0000 ffd300=ff80->0086ee sleep=0 local26=0000 ffd340=ff80->0086ee sleep=0 local26=0000 ffdfc0=ffc0->00d5ca sleep=0 local26=0000
[  19.244]   [header-byte] write $ffa517 = 5c mask=00ff (pc=018446)
[  19.695]   [header-byte] write $ffa517 = 5c mask=00ff (pc=018446)
[  20.026] heartbeat frame=1200 tx=2664 rx=2141 fc=1 fd=10 fe=1 linkflag=81 pc=000288 a502=00 a524=0000 a525=00 a170=c2 a17f=00 txtail=0068 rxpend=0000
[  20.026] [transport] captured=2664 flushed=2664 injected=2141 accepted=0 payload2=0 payload3=0 payload4=0 payload5=0 pump_reads=932 bursts=465 txcredit=0 outq=0 inq=0 watchdog=19 txseq=d2 rxseq=b3
[  20.026] [epochs] local=1 peer=1 ready=true discarded_rx=0
[  20.026] [game-state] a142=04 a13e=04 a13f=0f a530=2822 a506=03 a507=01 a508=00 a7b0=3822 a7a6=9334 script=01a51a
[  20.026] [tcb-continuations] ffa580=ff80->018392 sleep=0 local26=7710 ffa5c0=ff80->01853c sleep=0 local26=1500 ffd000=ffc0->00d454 sleep=0 local26=0000 ffd040=ffc0->00daca sleep=0 local26=0000 ffd080=ffc0->004f14 sleep=0 local26=0000 ffd0c0=ffc0->004f14 sleep=0 local26=0000 ffd100=ff80->006782 sleep=0 local26=0000 ffd140=ffc0->007f6e sleep=0 local26=0000 ffd180=ff80->0054b2 sleep=0 local26=0200 ffd240=ff80->0054b2 sleep=0 local26=0200 ffdfc0=ffc0->00d66e sleep=0 local26=0000
[  20.145] [game-command] data=3838 mask=ff00 pc=00d470 requests=00
[  20.195]   [header-byte] write $ffa517 = 5c mask=00ff (pc=018446)
[  20.597]   [header-byte] write $ffa517 = 5c mask=00ff (pc=018446)
[  20.612]   [header-byte] write $ffa517 = 5c mask=00ff (pc=018446)
[  20.629]   [header-byte] write $ffa517 = 5c mask=00ff (pc=018446)
[  21.027] heartbeat frame=1260 tx=2672 rx=2159 fc=1 fd=10 fe=1 linkflag=81 pc=00028a a502=00 a524=0000 a525=00 a170=c2 a17f=00 txtail=0070 rxpend=0000
[  21.027] [transport] captured=2672 flushed=2672 injected=2159 accepted=0 payload2=0 payload3=0 payload4=0 payload5=0 pump_reads=992 bursts=467 txcredit=0 outq=0 inq=0 watchdog=23 txseq=d4 rxseq=b7
[  21.027] [epochs] local=1 peer=1 ready=true discarded_rx=0
[  21.027] [game-state] a142=04 a13e=04 a13f=0f a530=3822 a506=03 a507=01 a508=00 a7b0=0022 a7a6=9334 script=01a51a
[  21.027] [tcb-continuations] ffa580=ff80->018392 sleep=0 local26=7710 ffa5c0=ff80->01853c sleep=0 local26=1600 ffd000=ffc0->00d47c sleep=0 local26=0000 ffd040=ffc0->00daca sleep=0 local26=0000 ffd080=ffc0->004f30 sleep=0 local26=0000 ffd0c0=ffc0->004f30 sleep=0 local26=0000 ffd100=ff80->006782 sleep=0 local26=0000 ffd140=ffc0->007fb6 sleep=0 local26=0000 ffdfc0=ffc0->00d66e sleep=0 local26=0000
[  21.130]   [header-byte] write $ffa517 = 5c mask=00ff (pc=018446)
[  21.299] [game-command] data=f8f8 mask=ff00 pc=008022 requests=00
[  21.314] [game-command] data=0b0b mask=ff00 pc=00d49c requests=00
[  21.330]   [header-byte] write $ffa517 = 5c mask=00ff (pc=018446)
[  21.347]   [header-byte] write $ffa517 = 5c mask=00ff (pc=018446)
[  21.848]   [header-byte] write $ffa517 = 5c mask=00ff (pc=018446)
[  22.028] heartbeat frame=1320 tx=2712 rx=2199 fc=1 fd=10 fe=1 linkflag=81 pc=000288 a502=00 a524=0000 a525=00 a170=c2 a17f=00 txtail=0098 rxpend=0000
[  22.028] [transport] captured=2712 flushed=2712 injected=2199 accepted=0 payload2=0 payload3=0 payload4=0 payload5=0 pump_reads=1052 bursts=471 txcredit=0 outq=0 inq=0 watchdog=10 txseq=d8 rxseq=bb
[  22.028] [epochs] local=1 peer=1 ready=true discarded_rx=0
[  22.028] [game-state] a142=04 a13e=04 a13f=0f a530=0b22 a506=0b a507=01 a508=00 a7b0=0022 a7a6=9334 script=01a51a
[  22.028] [tcb-continuations] ffa580=ff80->018392 sleep=0 local26=7710 ffa5c0=ff80->01853c sleep=0 local26=0a00 ffd000=ffc0->00d4b4 sleep=0 local26=0000 ffd040=ffc0->00daca sleep=0 local26=0000 ffd080=ffc0->00504e sleep=0 local26=2500 ffd0c0=ffc0->00504e sleep=0 local26=2500 ffd100=ff80->006782 sleep=0 local26=0000 ffd140=ffc0->008082 sleep=0 local26=0304 ffd180=ff80->0079d4 sleep=0 local26=0001 ffd1c0=ff80->007dfc sleep=0 local26=0000 ffd200=ff80->0079d4 sleep=0 local26=0001 ffd240=ff80->007dfc sleep=0 local26=0000 ffdfc0=ffc0->00d6d0 sleep=0 local26=0000 ffe040=ff00->008362 sleep=0 local26=ffe8 ffe080=ff00->008362 sleep=0 local26=ffe8 ffe0c0=ff00->008362 sleep=0 local26=ffe8 ffe100=ff00->008362 sleep=0 local26=ffe8 ffe140=ff00->008362 sleep=0 local26=ffe8 ffe180=ff00->008362 sleep=0 local26=ffe8 ffe1c0=ff00->008362 sleep=0 local26=ffe8 ffe200=ff00->008362 sleep=0 local26=ffe8 ffe240=ff00->008362 sleep=0 local26=ffe8 ffe280=ff00->008362 sleep=0 local26=ffe8 ffe2c0=ff00->008362 sleep=0 local26=ffe8 ffe300=ff00->008362 sleep=0 local26=ffe8 ffe380=ff00->008362 sleep=0 local26=ffe8 ffe3c0=ff00->008362 sleep=0 local26=ffe8 ffe500=ff00->008362 sleep=0 local26=ffe8 ffe540=ff00->008362 sleep=0 local26=ffe8 ffe580=ff00->008362 sleep=0 local26=ffe8 ffe5c0=ff00->008362 sleep=0 local26=ffe8 ffe600=ff00->008362 sleep=0 local26=ffe8 ffe640=ff00->008362 sleep=0 local26=ffe8 ffe680=ff00->008362 sleep=0 local26=ffe8 ffe6c0=ff00->008362 sleep=0 local26=ffe8 ffe700=ff00->008362 sleep=0 local26=ffe8 ffe740=ff00->008362 sleep=0 local26=ffe8 ffe780=ff00->008362 sleep=0 local26=ffe8
[  22.348]   [header-byte] write $ffa517 = 5c mask=00ff (pc=018446)
[  22.849]   [header-byte] write $ffa517 = 5c mask=00ff (pc=018446)
[  23.030] heartbeat frame=1380 tx=2763 rx=2205 fc=1 fd=10 fe=1 linkflag=81 pc=00028a a502=00 a524=0000 a525=00 a170=c2 a17f=00 txtail=00cb rxpend=0000
[  23.030] [transport] captured=2763 flushed=2763 injected=2205 accepted=0 payload2=0 payload3=0 payload4=0 payload5=0 pump_reads=1112 bursts=476 txcredit=0 outq=0 inq=0 watchdog=10 txseq=dd rxseq=bd
[  23.030] [epochs] local=1 peer=1 ready=true discarded_rx=0
[  23.030] [tcb-continuations] ffa580=ff80->018392 sleep=0 local26=7710 ffa5c0=ff80->01853c sleep=0 local26=0f00 ffd000=ffc0->00d4b4 sleep=0 local26=0000 ffd040=ffc0->00daca sleep=0 local26=0000 ffd080=ffc0->00504e sleep=0 local26=2800 ffd0c0=ffc0->00504e sleep=0 local26=2a00 ffd100=ff80->006782 sleep=0 local26=0000 ffd140=ffc0->008082 sleep=0 local26=0204 ffd280=ff80->0079d4 sleep=0 local26=0001 ffd2c0=ff00->0079fe sleep=23 local26=0000 ffd300=ff80->0079d4 sleep=0 local26=0001 ffd340=ff00->0079fe sleep=23 local26=0000 ffdfc0=ffc0->00d6d0 sleep=0 local26=0000
[  23.349]   [header-byte] write $ffa517 = 5c mask=00ff (pc=018446)
[  23.850]   [header-byte] write $ffa517 = 5c mask=00ff (pc=018446)
[  24.031] heartbeat frame=1440 tx=2807 rx=2211 fc=1 fd=10 fe=1 linkflag=81 pc=00028a a502=00 a524=0011 a525=11 a170=c2 a17f=00 txtail=00f7 rxpend=0000
[  24.031] [transport] captured=2807 flushed=2807 injected=2211 accepted=0 payload2=0 payload3=0 payload4=0 payload5=0 pump_reads=1172 bursts=480 txcredit=0 outq=0 inq=0 watchdog=10 txseq=e2 rxseq=bf
[  24.031] [epochs] local=1 peer=1 ready=true discarded_rx=0
[  24.031] [tcb-continuations] ffa580=ff80->018392 sleep=0 local26=7710 ffa5c0=ff80->01853c sleep=0 local26=0000 ffd000=ffc0->00d4b4 sleep=0 local26=0000 ffd040=ffc0->00daca sleep=0 local26=0000 ffd080=ffc0->00504e sleep=0 local26=2d00 ffd0c0=ffc0->00508e sleep=0 local26=0000 ffd100=ff80->006782 sleep=0 local26=0000 ffd140=ffc0->008082 sleep=0 local26=0104 ffd180=ff80->0079d4 sleep=0 local26=0001 ffd1c0=ff80->007dfc sleep=0 local26=0000 ffd200=ff00->0079fe sleep=22 local26=0001 ffd240=ff00->0079fe sleep=20 local26=0000 ffdfc0=ffc0->00d6d0 sleep=0 local26=0000
[  24.350]   [header-byte] write $ffa517 = 5c mask=00ff (pc=018446)
[  24.500]   [header-byte] write $ffa517 = 5c mask=00ff (pc=018446)
[  24.518]   [header-byte] write $ffa517 = 5c mask=00ff (pc=018446)
[  24.617]   [header-byte] write $ffa517 = 5c mask=00ff (pc=018446)
[  24.651]   [header-byte] write $ffa517 = 5c mask=00ff (pc=018446)
[  25.032] heartbeat frame=1500 tx=2858 rx=2262 fc=1 fd=10 fe=1 linkflag=81 pc=00028a a502=00 a524=0000 a525=00 a170=c2 a17f=00 txtail=002a rxpend=0000
[  25.032] [transport] captured=2858 flushed=2858 injected=2262 accepted=0 payload2=0 payload3=0 payload4=0 payload5=0 pump_reads=1232 bursts=485 txcredit=0 outq=0 inq=0 watchdog=22 txseq=e6 rxseq=c4
[  25.032] [epochs] local=1 peer=1 ready=true discarded_rx=0
[  25.032] [tcb-continuations] ffa580=ff80->018392 sleep=0 local26=7710 ffa5c0=ff80->01853c sleep=0 local26=1000 ffd000=ffc0->00d4b4 sleep=0 local26=0000 ffd040=ffc0->00daca sleep=0 local26=0000 ffd080=ffc0->00504e sleep=0 local26=2900 ffd0c0=ffc0->00504e sleep=0 local26=3000 ffd100=ff80->006782 sleep=0 local26=0000 ffd140=ffc0->008082 sleep=0 local26=0104 ffd280=ff80->0079d4 sleep=0 local26=0001 ffd2c0=ff00->0079fe sleep=24 local26=0000 ffd300=ff80->0079d4 sleep=0 local26=0001 ffd340=ff80->007dfc sleep=0 local26=0000 ffdfc0=ffc0->00d6d0 sleep=0 local26=0000
[  25.151]   [header-byte] write $ffa517 = 5c mask=00ff (pc=018446)
[  25.569]   [header-byte] write $ffa517 = 5c mask=00ff (pc=018446)
[  25.619]   [header-byte] write $ffa517 = 5c mask=00ff (pc=018446)
[  25.702]   [header-byte] write $ffa517 = 5c mask=00ff (pc=018446)
[  25.752]   [header-byte] write $ffa517 = 5c mask=00ff (pc=018446)
[  26.034] heartbeat frame=1560 tx=2895 rx=2313 fc=1 fd=10 fe=1 linkflag=81 pc=00028a a502=00 a524=0000 a525=00 a170=c2 a17f=00 txtail=004f rxpend=0000
[  26.034] [transport] captured=2895 flushed=2895 injected=2313 accepted=0 payload2=0 payload3=0 payload4=0 payload5=0 pump_reads=1292 bursts=488 txcredit=0 outq=0 inq=0 watchdog=16 txseq=e9 rxseq=c9
[  26.034] [epochs] local=1 peer=1 ready=true discarded_rx=0
[  26.034] [tcb-continuations] ffa580=ff80->018392 sleep=0 local26=7710 ffa5c0=ff80->01853c sleep=0 local26=1800 ffd000=ffc0->00d4b4 sleep=0 local26=0000 ffd040=ffc0->00daca sleep=0 local26=0000 ffd080=ffc0->005156 sleep=0 local26=0001 ffd0c0=ffc0->005164 sleep=0 local26=0001 ffd100=ff80->006782 sleep=0 local26=0000 ffd140=ffc0->008082 sleep=0 local26=0004 ffd180=ff80->00963c sleep=0 local26=0000 ffd1c0=ff00->009950 sleep=0 local26=0017 ffd200=ff80->00963c sleep=0 local26=0000 ffd240=ff00->009950 sleep=0 local26=001a ffdfc0=ffc0->00d6d0 sleep=0 local26=0000 ffe100=ff00->0070c2 sleep=0 local26=2b00 ffe140=ff00->009ac0 sleep=0 local26=0000 ffe180=ff00->009ac0 sleep=0 local26=0000 ffe1c0=ff00->009ac0 sleep=0 local26=0000 ffe200=ff00->009ac0 sleep=0 local26=0000 ffe240=ff00->009ac0 sleep=0 local26=0000 ffe280=ff00->009ac0 sleep=0 local26=0000 ffe2c0=ff00->009ac0 sleep=0 local26=0000 ffe340=ff00->009ac0 sleep=0 local26=0000 ffe380=ff00->009ac0 sleep=0 local26=0000 ffe3c0=ff00->009ac0 sleep=0 local26=0000 ffe400=ff00->009ac0 sleep=0 local26=0000 ffe440=ff00->009ac0 sleep=0 local26=0000 ffe480=ff00->009ac0 sleep=0 local26=0000 ffe4c0=ff00->009ac0 sleep=0 local26=0000 ffe500=ff00->009ac0 sleep=0 local26=0000 ffe540=ff00->009ac0 sleep=0 local26=0000 ffe580=ff00->009ac0 sleep=0 local26=0000 ffe5c0=ff00->009ac0 sleep=0 local26=0000 ffe600=ff00->009ac0 sleep=0 local26=0000 ffe640=ff00->009ac0 sleep=0 local26=0000 ffe680=ff00->009ac0 sleep=0 local26=0000 ffe6c0=ff00->009ac0 sleep=0 local26=0000 ffe700=ff00->009ac0 sleep=0 local26=0000 ffe740=ff00->009ac0 sleep=0 local26=0000 ffe780=ff00->009ac0 sleep=0 local26=0000 ffe7c0=ff00->009ac0 sleep=0 local26=0000 ffe800=ff00->0070c2 sleep=0 local26=2000
[  26.119]   [header-byte] write $ffa517 = 54 mask=00ff (pc=018446)
[  26.136]   [menu-state] write $ffa171 = 0000 mask=00ff (pc=0193da)
[  26.136]   [header-byte] write $ffa513 = 44 mask=00ff (pc=019e4a)
[  26.136]   [header-byte] write $ffa513 = 00 mask=00ff (pc=01afe6)
[  26.136]   [header-byte] write $ffa513 = 04 mask=00ff (pc=01b044)
[  26.237]   [header-byte] write $ffa517 = 04 mask=00ff (pc=018446)
[  26.570]   [header-byte] write $ffa517 = 04 mask=00ff (pc=018446)
[  26.620]   [header-byte] write $ffa517 = 04 mask=00ff (pc=018446)
[  26.703]   [header-byte] write $ffa517 = 04 mask=00ff (pc=018446)
[  26.753]   [header-byte] write $ffa517 = 04 mask=00ff (pc=018446)
[  27.035] heartbeat frame=1620 tx=2949 rx=2367 fc=1 fd=10 fe=1 linkflag=81 pc=00028a a502=00 a524=0000 a525=00 a170=c2 a17f=00 txtail=0085 rxpend=0000
[  27.035] [transport] captured=2949 flushed=2949 injected=2367 accepted=0 payload2=0 payload3=0 payload4=0 payload5=0 pump_reads=1352 bursts=494 txcredit=0 outq=0 inq=0 watchdog=16 txseq=ef rxseq=cf
[  27.035] [epochs] local=1 peer=1 ready=true discarded_rx=0
[  27.035] [tcb-continuations] ffa580=ff80->018392 sleep=0 local26=7710 ffa5c0=ff80->01853c sleep=0 local26=1500 ffd000=ffc0->00d4b4 sleep=0 local26=0000 ffd040=ffc0->00daca sleep=0 local26=0000 ffd080=ffc0->00504e sleep=0 local26=1000 ffd0c0=ffc0->00504e sleep=0 local26=1700 ffd100=ff80->006782 sleep=0 local26=0000 ffd140=ffc0->008082 sleep=0 local26=0004 ffd180=ff80->007944 sleep=0 local26=0000 ffd1c0=ff80->007d70 sleep=0 local26=0000 ffd200=ff80->007944 sleep=0 local26=0000 ffd240=ff80->007d70 sleep=0 local26=0000 ffdfc0=ffc0->00d6d0 sleep=0 local26=0000
[  27.254]   [header-byte] write $ffa517 = 04 mask=00ff (pc=018446)
[  27.488]   [header-byte] write $ffa517 = 04 mask=00ff (pc=018446)
[  27.589]   [header-byte] write $ffa517 = 04 mask=00ff (pc=018446)
[  28.036] heartbeat frame=1680 tx=2993 rx=2404 fc=1 fd=10 fe=1 linkflag=81 pc=00028a a502=00 a524=0000 a525=00 a170=c2 a17f=00 txtail=00b1 rxpend=0000
[  28.036] [transport] captured=2993 flushed=2993 injected=2404 accepted=0 payload2=0 payload3=0 payload4=0 payload5=0 pump_reads=1412 bursts=498 txcredit=0 outq=0 inq=0 watchdog=26 txseq=f3 rxseq=d2
[  28.036] [epochs] local=1 peer=1 ready=true discarded_rx=0
[  28.036] [tcb-continuations] ffa580=ff80->018392 sleep=0 local26=7710 ffa5c0=ff80->01853c sleep=0 local26=1800 ffd000=ffc0->00d4b4 sleep=0 local26=0000 ffd040=ffc0->00daca sleep=0 local26=0000 ffd080=ffc0->00504e sleep=0 local26=1300 ffd0c0=ffc0->00504e sleep=0 local26=1300 ffd100=ff80->006782 sleep=0 local26=0000 ffd140=ffc0->008082 sleep=0 local26=04ff ffd180=ff00->007a24 sleep=0 local26=0401 ffd1c0=ff00->007a24 sleep=0 local26=0400 ffd200=ff00->007a24 sleep=0 local26=0401 ffd240=ff00->007a24 sleep=0 local26=0400 ffd280=ff80->007944 sleep=0 local26=0000 ffd2c0=ff80->007d70 sleep=0 local26=0000 ffd300=ff80->007944 sleep=0 local26=0000 ffd340=ff80->007d70 sleep=0 local26=0000 ffdfc0=ffc0->00d6d0 sleep=0 local26=0000
[  28.105]   [header-byte] write $ffa517 = 04 mask=00ff (pc=018446)
[  28.589]   [header-byte] write $ffa517 = 04 mask=00ff (pc=018446)
[  28.840]   [header-byte] write $ffa517 = 04 mask=00ff (pc=018446)
[  28.940]   [header-byte] write $ffa517 = 04 mask=00ff (pc=018446)
[  28.973]   [header-byte] write $ffa517 = 04 mask=00ff (pc=018446)
[  29.037] heartbeat frame=1740 tx=3044 rx=2451 fc=1 fd=10 fe=1 linkflag=81 pc=000288 a502=00 a524=0000 a525=00 a170=c2 a17f=00 txtail=00e4 rxpend=0000
[  29.037] [transport] captured=3044 flushed=3044 injected=2451 accepted=0 payload2=0 payload3=0 payload4=0 payload5=0 pump_reads=1472 bursts=503 txcredit=0 outq=0 inq=0 watchdog=3 txseq=f8 rxseq=d7
[  29.037] [epochs] local=1 peer=1 ready=true discarded_rx=0
[  29.037] [tcb-continuations] ffa580=ff80->018392 sleep=0 local26=7710 ffa5c0=ff80->01853c sleep=0 local26=1400 ffd000=ffc0->00d4b4 sleep=0 local26=0000 ffd040=ffc0->00daca sleep=0 local26=0000 ffd080=ffc0->00504e sleep=0 local26=0f00 ffd0c0=ffc0->00504e sleep=0 local26=1600 ffd100=ff80->006782 sleep=0 local26=0000 ffd140=ffc0->008082 sleep=0 local26=0316 ffd180=ff80->007944 sleep=0 local26=0000 ffd1c0=ff80->007d70 sleep=0 local26=0000 ffd200=ff80->007944 sleep=0 local26=0000 ffd240=ff80->007d70 sleep=0 local26=0000 ffd280=ff00->007a24 sleep=0 local26=0501 ffd2c0=ff00->007a24 sleep=0 local26=0500 ffd300=ff00->007a24 sleep=0 local26=0401 ffd340=ff00->007a24 sleep=0 local26=0300 ffdfc0=ffc0->00d6d0 sleep=0 local26=0000 ffe000=ff00->0070c2 sleep=0 local26=2b00
[  29.056]   [header-byte] write $ffa517 = 04 mask=00ff (pc=018446)
[  29.557]   [header-byte] write $ffa517 = 04 mask=00ff (pc=018446)
[  29.841]   [header-byte] write $ffa517 = 04 mask=00ff (pc=018446)
[  29.891]   [header-byte] write $ffa517 = 04 mask=00ff (pc=018446)
[  29.974]   [header-byte] write $ffa517 = 04 mask=00ff (pc=018446)
[  30.008]   [header-byte] write $ffa517 = 04 mask=00ff (pc=018446)
[  30.039] heartbeat frame=1800 tx=3095 rx=2509 fc=1 fd=10 fe=1 linkflag=81 pc=00028a a502=00 a524=0000 a525=00 a170=c2 a17f=00 txtail=0017 rxpend=0000
[  30.039] [transport] captured=3095 flushed=3095 injected=2509 accepted=0 payload2=0 payload3=0 payload4=0 payload5=0 pump_reads=1532 bursts=508 txcredit=0 outq=0 inq=0 watchdog=1 txseq=fd rxseq=dd
[  30.039] [epochs] local=1 peer=1 ready=true discarded_rx=0
[  30.039] [tcb-continuations] ffa580=ff80->018392 sleep=0 local26=7710 ffa5c0=ff80->01853c sleep=0 local26=0e00 ffd000=ffc0->00d4b4 sleep=0 local26=0000 ffd040=ffc0->00daca sleep=0 local26=0000 ffd080=ffc0->00504e sleep=0 local26=0900 ffd0c0=ffc0->00504e sleep=0 local26=1000 ffd100=ff80->006782 sleep=0 local26=0000 ffd140=ffc0->008082 sleep=0 local26=0216 ffd180=ff00->007a24 sleep=0 local26=0501 ffd1c0=ff00->007a24 sleep=0 local26=0500 ffd200=ff00->0079fe sleep=1 local26=0001 ffd240=ff00->007a24 sleep=0 local26=0600 ffd280=ff80->007944 sleep=0 local26=0000 ffd2c0=ff80->007d70 sleep=0 local26=0000 ffd300=ff80->007944 sleep=0 local26=0000 ffd340=ff80->007d70 sleep=0 local26=0000 ffdfc0=ffc0->00d6d0 sleep=0 local26=0000 ffe000=ff00->0070c2 sleep=0 local26=2b00
[  30.510]   [header-byte] write $ffa517 = 04 mask=00ff (pc=018446)
[  30.792]   [header-byte] write $ffa517 = 04 mask=00ff (pc=018446)
[  30.926]   [header-byte] write $ffa517 = 04 mask=00ff (pc=018446)
[  30.944]   [header-byte] write $ffa517 = 04 mask=00ff (pc=018446)
[  31.040] heartbeat frame=1860 tx=3139 rx=2553 fc=1 fd=10 fe=1 linkflag=81 pc=000288 a502=00 a524=0000 a525=00 a170=c2 a17f=00 txtail=0043 rxpend=0000
[  31.040] [transport] captured=3139 flushed=3139 injected=2553 accepted=0 payload2=0 payload3=0 payload4=0 payload5=0 pump_reads=1592 bursts=512 txcredit=0 outq=0 inq=0 watchdog=5 txseq=01 rxseq=e1
[  31.040] [epochs] local=1 peer=1 ready=true discarded_rx=0
[  31.040] [tcb-continuations] ffa580=ff80->018392 sleep=0 local26=7710 ffa5c0=ff80->01853c sleep=0 local26=0600 ffd000=ffc0->00d4b4 sleep=0 local26=0000 ffd040=ffc0->00daca sleep=0 local26=0000 ffd080=ffc0->005120 sleep=2 local26=0001 ffd0c0=ffc0->00514e sleep=18 local26=0001 ffd100=ff80->006782 sleep=0 local26=0000 ffd140=ffc0->008082 sleep=0 local26=0116 ffd180=ff80->00962a sleep=0 local26=0000 ffd1c0=ff00->009950 sleep=0 local26=002c ffd280=ff00->007a24 sleep=0 local26=0301 ffd2c0=ff00->007a24 sleep=0 local26=0300 ffd300=ff00->007a24 sleep=0 local26=0601 ffd340=ff00->007a24 sleep=0 local26=0500 ffdfc0=ffc0->00d6d0 sleep=0 local26=0000 ffe000=ff00->0070c2 sleep=0 local26=2b00 ffe040=ff00->009ac0 sleep=0 local26=0000 ffe080=ff00->009ac0 sleep=0 local26=0000 ffe0c0=ff00->009ac0 sleep=0 local26=0000 ffe100=ff00->009ac0 sleep=0 local26=0000 ffe140=ff00->009ab2 sleep=1 local26=0000 ffe180=ff00->009ab2 sleep=1 local26=0000 ffe1c0=ff00->009ab2 sleep=1 local26=0000 ffe200=ff00->009ab2 sleep=1 local26=0000
[  31.078]   [header-byte] write $ffa517 = 04 mask=00ff (pc=018446)
[  31.576]   [header-byte] write $ffa517 = 04 mask=00ff (pc=018446)
[  31.860]   [header-byte] write $ffa517 = 04 mask=00ff (pc=018446)
[  31.894]   [header-byte] write $ffa517 = 04 mask=00ff (pc=018446)
[  31.994]   [header-byte] write $ffa517 = 04 mask=00ff (pc=018446)
[  32.041] heartbeat frame=1920 tx=3190 rx=2604 fc=1 fd=10 fe=1 linkflag=81 pc=00028a a502=00 a524=0000 a525=00 a170=c2 a17f=00 txtail=0076 rxpend=0000
[  32.041] [transport] captured=3190 flushed=3190 injected=2604 accepted=0 payload2=0 payload3=0 payload4=0 payload5=0 pump_reads=1652 bursts=517 txcredit=0 outq=0 inq=0 watchdog=2 txseq=06 rxseq=e6
[  32.041] [epochs] local=1 peer=1 ready=true discarded_rx=0
[  32.041] [tcb-continuations] ffa580=ff80->018392 sleep=0 local26=7710 ffa5c0=ff80->01853c sleep=0 local26=0600 ffd000=ffc0->00d4b4 sleep=0 local26=0000 ffd040=ffc0->00daca sleep=0 local26=0000 ffd080=ffc0->0050b6 sleep=1 local26=0000 ffd0c0=ffc0->00504e sleep=0 local26=0200 ffd100=ff80->006782 sleep=0 local26=0000 ffd140=ffc0->008082 sleep=0 local26=0016 ffd180=ff80->007944 sleep=0 local26=0000 ffd1c0=ff80->007d70 sleep=0 local26=0000 ffd200=ff80->00963c sleep=0 local26=0000 ffdfc0=ffc0->00d6d0 sleep=0 local26=0000 ffe000=ff00->0070c2 sleep=0 local26=2b00 ffe840=ff00->0070c2 sleep=0 local26=4100 ffe880=ff00->0070c2 sleep=0 local26=2000
[  32.494]   [header-byte] write $ffa517 = 04 mask=00ff (pc=018446)
[  32.861]   [header-byte] write $ffa517 = 04 mask=00ff (pc=018446)
[  32.878]   [header-byte] write $ffa517 = 04 mask=00ff (pc=018446)
[  33.043] heartbeat frame=1980 tx=3248 rx=2641 fc=1 fd=10 fe=1 linkflag=81 pc=000288 a502=00 a524=0000 a525=00 a170=c2 a17f=00 txtail=00b0 rxpend=0000
[  33.043] [transport] captured=3248 flushed=3248 injected=2641 accepted=0 payload2=0 payload3=0 payload4=0 payload5=0 pump_reads=1712 bursts=523 txcredit=0 outq=0 inq=0 watchdog=9 txseq=0c rxseq=e9
[  33.043] [epochs] local=1 peer=1 ready=true discarded_rx=0
[  33.043] [tcb-continuations] ffa580=ff80->018392 sleep=0 local26=7710 ffa5c0=ff80->01853c sleep=0 local26=0300 ffd000=ffc0->00d4b4 sleep=0 local26=0000 ffd040=ffc0->00daca sleep=0 local26=0000 ffd080=ffc0->004fe8 sleep=0 local26=0000 ffd0c0=ffc0->00504e sleep=0 local26=0500 ffd100=ff80->006782 sleep=0 local26=0000 ffd140=ffc0->008082 sleep=0 local26=00ff ffd180=ff00->0079fe sleep=5 local26=0001 ffd1c0=ff00->0079fe sleep=3 local26=0000 ffd200=ff00->0079fe sleep=12 local26=0001 ffd240=ff00->0079fe sleep=10 local26=0000 ffd280=ff80->007944 sleep=0 local26=0000 ffd2c0=ff80->007d70 sleep=0 local26=0000 ffdfc0=ffc0->00d6d0 sleep=0 local26=0000
[  33.362]   [header-byte] write $ffa517 = 04 mask=00ff (pc=018446)
[  33.863]   [header-byte] write $ffa517 = 04 mask=00ff (pc=018446)
[  34.044] heartbeat frame=2040 tx=3299 rx=2651 fc=1 fd=10 fe=1 linkflag=81 pc=000288 a502=00 a524=0000 a525=00 a170=c2 a17f=00 txtail=00e3 rxpend=0000
[  34.044] [transport] captured=3299 flushed=3299 injected=2651 accepted=0 payload2=0 payload3=0 payload4=0 payload5=0 pump_reads=1772 bursts=528 txcredit=0 outq=0 inq=0 watchdog=10 txseq=11 rxseq=eb
[  34.044] [epochs] local=1 peer=1 ready=true discarded_rx=0
[  34.044] [tcb-continuations] ffa580=ff80->018392 sleep=0 local26=7710 ffa5c0=ff80->01853c sleep=0 local26=0800 ffd000=ffc0->00d4b4 sleep=0 local26=0000 ffd040=ffc0->00daca sleep=0 local26=0000 ffd080=ffc0->00504e sleep=0 local26=0300 ffd0c0=ffc0->00504e sleep=0 local26=0500 ffd100=ff80->006782 sleep=0 local26=0000 ffd140=ffc0->008082 sleep=0 local26=00ff ffd180=ff80->007944 sleep=0 local26=0000 ffd1c0=ff80->007d70 sleep=0 local26=0000 ffd200=ff80->007944 sleep=0 local26=0000 ffd240=ff80->007d70 sleep=0 local26=0000 ffd280=ff00->0079fe sleep=5 local26=0001 ffd2c0=ff00->0079fe sleep=5 local26=0000 ffd300=ff00->0079fe sleep=7 local26=0001 ffd340=ff00->0079fe sleep=5 local26=0000 ffd380=ff80->00980a sleep=0 local26=0000 ffd3c0=ff80->00980a sleep=0 local26=0000 ffdfc0=ffc0->00d6d0 sleep=0 local26=0000
[  34.280]   [header-byte] write $ffa517 = 04 mask=00ff (pc=018446)
[  34.280]   [header-byte] write $ffa517 = 04 mask=00ff (pc=018446)
[  34.397]   [header-byte] write $ffa517 = 04 mask=00ff (pc=018446)
[  34.898]   [header-byte] write $ffa517 = 04 mask=00ff (pc=018446)
[  35.045] heartbeat frame=2100 tx=3350 rx=2695 fc=1 fd=10 fe=1 linkflag=81 pc=000288 a502=00 a524=0000 a525=00 a170=c2 a17f=00 txtail=0016 rxpend=0000
[  35.045] [transport] captured=3350 flushed=3350 injected=2695 accepted=0 payload2=0 payload3=0 payload4=0 payload5=0 pump_reads=1832 bursts=533 txcredit=0 outq=0 inq=0 watchdog=8 txseq=16 rxseq=ef
[  35.045] [epochs] local=1 peer=1 ready=true discarded_rx=0
[  35.045] [tcb-continuations] ffa580=ff80->018392 sleep=0 local26=7710 ffa5c0=ff80->01853c sleep=0 local26=0800 ffd000=ffc0->00d4b4 sleep=0 local26=0000 ffd040=ffc0->00daca sleep=0 local26=0000 ffd080=ffc0->00504e sleep=0 local26=0300 ffd0c0=ffc0->00504e sleep=0 local26=0500 ffd100=ff80->006782 sleep=0 local26=0000 ffd140=ffc0->008082 sleep=0 local26=0317 ffd180=ff00->0079fe sleep=5 local26=0001 ffd1c0=ff00->0079fe sleep=5 local26=0000 ffd200=ff00->0079fe sleep=7 local26=0001 ffd240=ff00->0079fe sleep=7 local26=0000 ffd280=ff80->007944 sleep=0 local26=0000 ffd2c0=ff80->007d70 sleep=0 local26=0000 ffd300=ff80->007944 sleep=0 local26=0000 ffd340=ff80->007d70 sleep=0 local26=0000 ffdfc0=ffc0->00d6d0 sleep=0 local26=0000 ffe000=ff00->0070c2 sleep=0 local26=3600
[  35.181]   [header-byte] write $ffa517 = 04 mask=00ff (pc=018446)
[  35.231]   [header-byte] write $ffa517 = 04 mask=00ff (pc=018446)
[  35.315]   [header-byte] write $ffa517 = 04 mask=00ff (pc=018446)
[  35.365]   [header-byte] write $ffa517 = 04 mask=00ff (pc=018446)
[  35.849]   [header-byte] write $ffa517 = 04 mask=00ff (pc=018446)
[  36.046] heartbeat frame=2160 tx=3401 rx=2746 fc=1 fd=10 fe=1 linkflag=81 pc=00028a a502=00 a524=0000 a525=00 a170=c2 a17f=00 txtail=0049 rxpend=0000
[  36.046] [transport] captured=3401 flushed=3401 injected=2746 accepted=0 payload2=0 payload3=0 payload4=0 payload5=0 pump_reads=1892 bursts=538 txcredit=0 outq=0 inq=0 watchdog=11 txseq=1b rxseq=f4
[  36.046] [epochs] local=1 peer=1 ready=true discarded_rx=0
[  36.046] [tcb-continuations] ffa580=ff80->018392 sleep=0 local26=7710 ffa5c0=ff80->01853c sleep=0 local26=0f00 ffd000=ffc0->00d4b4 sleep=0 local26=0000 ffd040=ffc0->00daca sleep=0 local26=0000 ffd080=ffc0->00504e sleep=0 local26=0a00 ffd0c0=ffc0->00504e sleep=0 local26=0c00 ffd100=ff80->006782 sleep=0 local26=0000 ffd140=ffc0->008082 sleep=0 local26=0217 ffd180=ff80->007944 sleep=0 local26=0000 ffd1c0=ff80->007d70 sleep=0 local26=0000 ffd200=ff80->007944 sleep=0 local26=0000 ffd240=ff80->007d70 sleep=0 local26=0000 ffd280=ff00->007a24 sleep=0 local26=0601 ffd2c0=ff00->007a24 sleep=0 local26=0600 ffd300=ff00->007a16 sleep=0 local26=0001 ffd340=ff00->007a24 sleep=0 local26=0600 ffdfc0=ffc0->00d6d0 sleep=0 local26=0000 ffe000=ff00->0070c2 sleep=0 local26=3600
[  36.099]   [header-byte] write $ffa517 = 04 mask=00ff (pc=018446)
[  36.116]   [header-byte] write $ffa517 = 04 mask=00ff (pc=018446)
[  36.233]   [header-byte] write $ffa517 = 04 mask=00ff (pc=018446)
[  36.734]   [header-byte] write $ffa517 = 04 mask=00ff (pc=018446)
[  37.048] heartbeat frame=2220 tx=3452 rx=2790 fc=1 fd=10 fe=1 linkflag=81 pc=00028a a502=00 a524=0000 a525=00 a170=c2 a17f=00 txtail=007c rxpend=0000
[  37.048] [transport] captured=3452 flushed=3452 injected=2790 accepted=0 payload2=0 payload3=0 payload4=0 payload5=0 pump_reads=1952 bursts=543 txcredit=0 outq=0 inq=0 watchdog=18 txseq=20 rxseq=f8
[  37.048] [epochs] local=1 peer=1 ready=true discarded_rx=0
[  37.048] [tcb-continuations] ffa580=ff80->018392 sleep=0 local26=7710 ffa5c0=ff80->01853c sleep=0 local26=1800 ffd000=ffc0->00d4b4 sleep=0 local26=0000 ffd040=ffc0->00daca sleep=0 local26=0000 ffd080=ffc0->00504e sleep=0 local26=1500 ffd0c0=ffc0->00504e sleep=0 local26=1300 ffd100=ff80->006782 sleep=0 local26=0000 ffd140=ffc0->008082 sleep=0 local26=0117 ffd180=ff00->007a24 sleep=0 local26=0401 ffd1c0=ff00->007a24 sleep=0 local26=0400 ffd200=ff00->007a24 sleep=0 local26=0401 ffd240=ff00->007a24 sleep=0 local26=0400 ffd280=ff80->007944 sleep=0 local26=0000 ffd2c0=ff80->007d70 sleep=0 local26=0000 ffd300=ff80->007944 sleep=0 local26=0000 ffd340=ff80->007d70 sleep=0 local26=0000 ffdfc0=ffc0->00d6d0 sleep=0 local26=0000 ffe000=ff00->0070c2 sleep=0 local26=3600 ffe040=ff00->0070c2 sleep=0 local26=4100
[  37.117]   [header-byte] write $ffa517 = 04 mask=00ff (pc=018446)
[  37.167]   [header-byte] write $ffa517 = 04 mask=00ff (pc=018446)
[  37.234]   [header-byte] write $ffa517 = 04 mask=00ff (pc=018446)
[  37.301]   [header-byte] write $ffa517 = 04 mask=00ff (pc=018446)
[  37.801]   [header-byte] write $ffa517 = 04 mask=00ff (pc=018446)
[  38.049] heartbeat frame=2280 tx=3496 rx=2841 fc=1 fd=10 fe=1 linkflag=81 pc=00028a a502=00 a524=0000 a525=00 a170=c2 a17f=00 txtail=00a8 rxpend=0000
[  38.049] [transport] captured=3496 flushed=3496 injected=2841 accepted=0 payload2=0 payload3=0 payload4=0 payload5=0 pump_reads=2012 bursts=547 txcredit=0 outq=0 inq=17 watchdog=14 txseq=24 rxseq=fd
[  38.049] [epochs] local=1 peer=1 ready=true discarded_rx=0
[  38.049] [tcb-continuations] ffa580=ff80->018392 sleep=0 local26=7710 ffa5c0=ff80->01853c sleep=0 local26=0400 ffd000=ffc0->00d4b4 sleep=0 local26=0000 ffd040=ffc0->00daca sleep=0 local26=0000 ffd080=ffc0->00514e sleep=20 local26=0001 ffd0c0=ffc0->00514e sleep=22 local26=0001 ffd100=ff80->006782 sleep=0 local26=0000 ffd140=ffc0->008082 sleep=0 local26=0117 ffd180=ff80->009390 sleep=5 local26=0000 ffd1c0=ff00->009950 sleep=0 local26=002e ffd200=ff80->009390 sleep=7 local26=0000 ffd240=ff00->009950 sleep=0 local26=0030 ffd280=ff00->007a24 sleep=0 local26=0401 ffd2c0=ff00->007a24 sleep=0 local26=0300 ffd300=ff00->007a24 sleep=0 local26=0401 ffd340=ff00->007a24 sleep=0 local26=0400 ffdfc0=ffc0->00d6d0 sleep=0 local26=0000 ffe000=ff00->0070c2 sleep=0 local26=3600 ffe040=ff00->0070c2 sleep=0 local26=4100 ffe080=ff00->009ab6 sleep=0 local26=0000 ffe0c0=ff00->009ab6 sleep=0 local26=0000 ffe100=ff00->009ab6 sleep=0 local26=0000 ffe140=ff00->009ab6 sleep=0 local26=0000 ffe180=ff00->009ab2 sleep=2 local26=0000 ffe1c0=ff00->009ab2 sleep=2 local26=0000 ffe200=ff00->009ab2 sleep=2 local26=0000 ffe240=ff00->009ab2 sleep=2 local26=0000 ffe280=ff00->009ab2 sleep=3 local26=0000 ffe2c0=ff00->009ab2 sleep=3 local26=0000 ffe300=ff00->009ab2 sleep=3 local26=0000 ffe340=ff00->009ab2 sleep=3 local26=0000
[  38.052]   [header-byte] write $ffa517 = 04 mask=00ff (pc=018446)
[  38.168]   [header-byte] write $ffa517 = 04 mask=00ff (pc=018446)
[  38.186]   [header-byte] write $ffa517 = 04 mask=00ff (pc=018446)
[  38.304]   [header-byte] write $ffa517 = 04 mask=00ff (pc=018446)
[  38.803]   [header-byte] write $ffa517 = 04 mask=00ff (pc=018446)
[  38.936]   [header-byte] write $ffa517 = 04 mask=00ff (pc=018446)
[  38.987]   [header-byte] write $ffa517 = 04 mask=00ff (pc=018446)
[  39.050] heartbeat frame=2340 tx=3547 rx=2926 fc=1 fd=10 fe=1 linkflag=81 pc=00028a a502=00 a524=0000 a525=00 a170=c2 a17f=00 txtail=00db rxpend=0000
[  39.050] [transport] captured=3547 flushed=3547 injected=2926 accepted=0 payload2=0 payload3=0 payload4=0 payload5=0 pump_reads=2072 bursts=552 txcredit=0 outq=0 inq=0 watchdog=3 txseq=29 rxseq=04
[  39.050] [epochs] local=1 peer=1 ready=true discarded_rx=0
[  39.050] [tcb-continuations] ffa580=ff80->018392 sleep=0 local26=7710 ffa5c0=ff80->01853c sleep=0 local26=0400 ffd000=ffc0->00d4b4 sleep=0 local26=0000 ffd040=ffc0->00daca sleep=0 local26=0000 ffd080=ffc0->00504e sleep=0 local26=0100 ffd0c0=ffc0->004f7e sleep=0 local26=0000 ffd100=ff80->006782 sleep=0 local26=0000 ffd140=ffc0->008082 sleep=0 local26=0017 ffd180=ff80->00962a sleep=0 local26=ffff ffd1c0=ff80->006c06 sleep=0 local26=0001 ffd200=ff80->00962a sleep=0 local26=ffff ffd240=ff80->006b6e sleep=0 local26=0000 ffd280=ff00->00989e sleep=0 local26=0036 ffd2c0=ff80->007944 sleep=0 local26=0000 ffd300=ff80->007d70 sleep=0 local26=0000 ffdfc0=ffc0->00d6d0 sleep=0 local26=0000 ffe040=ff00->0070c2 sleep=0 local26=4100 ffe080=ff00->009714 sleep=0 local26=0000 ffe0c0=ff00->009714 sleep=0 local26=0000 ffe100=ff00->009714 sleep=0 local26=0000 ffe140=ff00->009714 sleep=0 local26=0000 ffe240=ff00->009714 sleep=0 local26=0000 ffe880=ff00->0070c2 sleep=0 local26=4c00 ffe8c0=ff00->009714 sleep=0 local26=0000 ffe900=ff00->009714 sleep=0 local26=0000 ffe940=ff00->009714 sleep=0 local26=0000
[  39.070]   [header-byte] write $ffa517 = 04 mask=00ff (pc=018446)
[  39.120]   [header-byte] write $ffa517 = 04 mask=00ff (pc=018446)
[  39.621]   [header-byte] write $ffa517 = 04 mask=00ff (pc=018446)
[  40.052] heartbeat frame=2400 tx=3584 rx=2943 fc=1 fd=10 fe=1 linkflag=81 pc=00028a a502=00 a524=0000 a525=00 a170=c2 a17f=00 txtail=0000 rxpend=0000
[  40.052] [transport] captured=3584 flushed=3584 injected=2943 accepted=0 payload2=0 payload3=0 payload4=0 payload5=0 pump_reads=2132 bursts=555 txcredit=0 outq=0 inq=0 watchdog=25 txseq=2c rxseq=07
[  40.052] [epochs] local=1 peer=1 ready=true discarded_rx=0
[  40.052] [tcb-continuations] ffa580=ff80->018392 sleep=0 local26=7710 ffa5c0=ff80->01853c sleep=0 local26=0500 ffd000=ffc0->00d4b4 sleep=0 local26=0000 ffd040=ffc0->00daca sleep=0 local26=0000 ffd080=ffc0->005120 sleep=15 local26=0001 ffd0c0=ffc0->00504e sleep=0 local26=0500 ffd100=ff80->006782 sleep=0 local26=0000 ffd140=ffc0->008082 sleep=0 local26=0017 ffd180=ff80->007944 sleep=0 local26=0000 ffd1c0=ff80->007d70 sleep=0 local26=0000 ffd240=ff00->0079fe sleep=5 local26=0000 ffd2c0=ff00->0079fe sleep=9 local26=0001 ffd300=ff00->0079fe sleep=7 local26=0000 ffdfc0=ffc0->00d6d0 sleep=0 local26=0000 ffe040=ff00->0070c2 sleep=0 local26=4100 ffe880=ff00->0070c2 sleep=0 local26=4c00
[  40.121]   [header-byte] write $ffa517 = 04 mask=00ff (pc=018446)
[  40.173]   [header-byte] write $ffa517 = 04 mask=00ff (pc=018446)
[  40.188]   [header-byte] write $ffa517 = 04 mask=00ff (pc=018446)
[  40.204]   [header-byte] write $ffa517 = 04 mask=00ff (pc=018446)
[  40.238]   [header-byte] write $ffa517 = 04 mask=00ff (pc=018446)
[  40.738]   [header-byte] write $ffa517 = 04 mask=00ff (pc=018446)
[  40.955]   [header-byte] write $ffa517 = 04 mask=00ff (pc=018446)
[  40.989]   [header-byte] write $ffa517 = 04 mask=00ff (pc=018446)
[  41.053] heartbeat frame=2460 tx=3632 rx=3051 fc=1 fd=10 fe=1 linkflag=81 pc=00028a a502=00 a524=0000 a525=00 a170=c2 a17f=00 txtail=0030 rxpend=0000
[  41.053] [transport] captured=3632 flushed=3632 injected=3051 accepted=0 payload2=0 payload3=0 payload4=0 payload5=0 pump_reads=2192 bursts=559 txcredit=0 outq=0 inq=0 watchdog=3 txseq=30 rxseq=0f
[  41.053] [epochs] local=1 peer=1 ready=true discarded_rx=0
[  41.053] [tcb-continuations] ffa580=ff80->018392 sleep=0 local26=7710 ffa5c0=ff80->01853c sleep=0 local26=0800 ffd000=ffc0->00d4b4 sleep=0 local26=0000 ffd040=ffc0->00daca sleep=0 local26=0000 ffd080=ffc0->00504e sleep=0 local26=0300 ffd0c0=ffc0->005128 sleep=0 local26=0001 ffd100=ff80->006782 sleep=0 local26=0000 ffd140=ffc0->008082 sleep=0 local26=02ff ffd180=ff00->007a24 sleep=0 local26=0501 ffd1c0=ff00->007a24 sleep=0 local26=0500 ffd200=ff80->007944 sleep=0 local26=0000 ffd240=ff80->007d70 sleep=0 local26=0000 ffd280=ff00->009950 sleep=0 local26=0006 ffdfc0=ffc0->00d6d0 sleep=0 local26=0000 ffe040=ff00->0070c2 sleep=0 local26=4100 ffe880=ff00->0070c2 sleep=0 local26=4c00
[  41.490]   [header-byte] write $ffa517 = 04 mask=00ff (pc=018446)
[  41.990]   [header-byte] write $ffa517 = 04 mask=00ff (pc=018446)
[  42.054] heartbeat frame=2520 tx=3683 rx=3057 fc=1 fd=10 fe=1 linkflag=81 pc=000288 a502=00 a524=0000 a525=00 a170=c2 a17f=00 txtail=0063 rxpend=0000
[  42.054] [transport] captured=3683 flushed=3683 injected=3057 accepted=0 payload2=0 payload3=0 payload4=0 payload5=0 pump_reads=2252 bursts=564 txcredit=0 outq=0 inq=0 watchdog=3 txseq=35 rxseq=11
[  42.054] [epochs] local=1 peer=1 ready=true discarded_rx=0
[  42.054] [tcb-continuations] ffa580=ff80->018392 sleep=0 local26=7710 ffa5c0=ff80->01853c sleep=0 local26=0400 ffd000=ffc0->00d4b4 sleep=0 local26=0000 ffd040=ffc0->00daca sleep=0 local26=0000 ffd080=ffc0->005014 sleep=0 local26=0000 ffd0c0=ffc0->0050ba sleep=0 local26=0000 ffd100=ff80->006782 sleep=0 local26=0000 ffd140=ffc0->008082 sleep=0 local26=00ff ffd200=ff00->0079fe sleep=11 local26=0001 ffd240=ff00->0079fe sleep=9 local26=0000 ffd2c0=ff80->00962a sleep=0 local26=ffff ffdfc0=ffc0->00d6d0 sleep=0 local26=0000 ffe000=ff00->0070c2 sleep=0 local26=2b00 ffe040=ff00->0070c2 sleep=0 local26=4100 ffe880=ff00->0070c2 sleep=0 local26=4c00
[  42.290]   [header-byte] write $ffa517 = 04 mask=00ff (pc=018446)
[  42.307]   [header-byte] write $ffa517 = 04 mask=00ff (pc=018446)
[  42.324]   [header-byte] write $ffa517 = 04 mask=00ff (pc=018446)
[  42.424]   [header-byte] write $ffa517 = 04 mask=00ff (pc=018446)
[  42.941]   [header-byte] write $ffa517 = 04 mask=00ff (pc=018446)
[  43.055] heartbeat frame=2580 tx=3734 rx=3118 fc=1 fd=10 fe=1 linkflag=81 pc=00028a a502=00 a524=0000 a525=00 a170=c2 a17f=00 txtail=0096 rxpend=0000
[  43.055] [transport] captured=3734 flushed=3734 injected=3118 accepted=0 payload2=0 payload3=0 payload4=0 payload5=0 pump_reads=2312 bursts=569 txcredit=0 outq=0 inq=0 watchdog=6 txseq=3a rxseq=16
[  43.055] [epochs] local=1 peer=1 ready=true discarded_rx=0
[  43.055] [tcb-continuations] ffa580=ff80->018392 sleep=0 local26=7710 ffa5c0=ff80->01853c sleep=0 local26=0600 ffd000=ffc0->00d4b4 sleep=0 local26=0000 ffd040=ffc0->00daca sleep=0 local26=0000 ffd080=ffc0->005120 sleep=10 local26=0001 ffd0c0=ffc0->00504e sleep=0 local26=0100 ffd100=ff80->006782 sleep=0 local26=0000 ffd140=ffc0->008082 sleep=0 local26=031d ffd180=ff00->0079fe sleep=4 local26=0001 ffd1c0=ff00->0079fe sleep=2 local26=0000 ffd200=ff80->007944 sleep=0 local26=0000 ffd240=ff80->007d70 sleep=0 local26=0000 ffd280=ff00->0079fe sleep=9 local26=0001 ffd300=ff00->0079fe sleep=7 local26=0000 ffdfc0=ffc0->00d6d0 sleep=0 local26=0000 ffe000=ff00->0070c2 sleep=0 local26=2b00 ffe880=ff00->0070c2 sleep=0 local26=4c00
[  43.425]   [header-byte] write $ffa517 = 04 mask=00ff (pc=018446)
[  43.475]   [header-byte] write $ffa517 = 04 mask=00ff (pc=018446)
[  43.525]   [header-byte] write $ffa517 = 04 mask=00ff (pc=018446)
[  44.026]   [header-byte] write $ffa517 = 04 mask=00ff (pc=018446)
[  44.057] heartbeat frame=2640 tx=3754 rx=3158 fc=1 fd=10 fe=1 linkflag=81 pc=00028a a502=00 a524=0000 a525=00 a170=c2 a17f=00 txtail=00aa rxpend=0000
[  44.057] [transport] captured=3754 flushed=3754 injected=3158 accepted=0 payload2=0 payload3=0 payload4=0 payload5=0 pump_reads=2372 bursts=571 txcredit=0 outq=0 inq=0 watchdog=1 txseq=3c rxseq=1a
[  44.057] [epochs] local=1 peer=1 ready=true discarded_rx=0
[  44.057] [tcb-continuations] ffa580=ff80->018392 sleep=0 local26=7710 ffa5c0=ff80->01853c sleep=0 local26=1400 ffd000=ffc0->00d4b4 sleep=0 local26=0000 ffd040=ffc0->00daca sleep=0 local26=0000 ffd080=ffc0->005164 sleep=0 local26=0001 ffd0c0=ffc0->005120 sleep=8 local26=0001 ffd100=ff80->006782 sleep=0 local26=0000 ffd140=ffc0->008082 sleep=0 local26=031d ffd200=ff00->0079fe sleep=2 local26=0001 ffd240=ff00->007a16 sleep=0 local26=0000 ffd2c0=ff80->00963c sleep=0 local26=0000 ffd340=ff00->009950 sleep=0 local26=0001 ffdfc0=ffc0->00d6d0 sleep=0 local26=0000 ffe440=ff00->0070c2 sleep=0 local26=4100 ffe880=ff00->0070c2 sleep=0 local26=4c00
[  44.143]   [header-byte] write $ffa517 = 04 mask=00ff (pc=018446)
[  44.309]   [header-byte] write $ffa517 = 04 mask=00ff (pc=018446)
[  44.660]   [header-byte] write $ffa517 = 04 mask=00ff (pc=018446)
[  45.058] heartbeat frame=2700 tx=3788 rx=3199 fc=1 fd=10 fe=1 linkflag=81 pc=00028a a502=00 a524=0000 a525=00 a170=c2 a17f=00 txtail=00cc rxpend=0000
[  45.058] [transport] captured=3788 flushed=3788 injected=3199 accepted=0 payload2=0 payload3=0 payload4=0 payload5=0 pump_reads=2432 bursts=575 txcredit=0 outq=0 inq=0 watchdog=23 txseq=40 rxseq=1d
[  45.058] [epochs] local=1 peer=1 ready=true discarded_rx=0
[  45.058] [tcb-continuations] ffa580=ff80->018392 sleep=0 local26=7710 ffa5c0=ff80->01853c sleep=0 local26=1100 ffd000=ffc0->00d4b4 sleep=0 local26=0000 ffd040=ffc0->00daca sleep=0 local26=0000 ffd080=ffc0->004f7e sleep=0 local26=0000 ffd0c0=ffc0->00517c sleep=0 local26=0001 ffd100=ff80->006782 sleep=0 local26=0000 ffd140=ffc0->008082 sleep=0 local26=011d ffd180=ff80->00963c sleep=0 local26=0000 ffd200=ff80->00975a sleep=0 local26=0017 ffd280=ff80->006c06 sleep=0 local26=0000 ffd300=ff00->0079fe sleep=19 local26=0000 ffd340=ff00->0079fe sleep=22 local26=0000 ffdfc0=ffc0->00d6d0 sleep=0 local26=0000 ffe400=ff00->0070c2 sleep=0 local26=4c00
[  45.111]   [header-byte] write $ffa517 = 04 mask=00ff (pc=018446)
[  45.244]   [header-byte] write $ffa517 = 04 mask=00ff (pc=018446)
[  45.261]   [header-byte] write $ffa517 = 04 mask=00ff (pc=018446)
[  45.394]   [header-byte] write $ffa517 = 04 mask=00ff (pc=018446)
[  45.895]   [header-byte] write $ffa517 = 04 mask=00ff (pc=018446)
[  46.028]   [header-byte] write $ffa517 = 04 mask=00ff (pc=018446)
[  46.059] heartbeat frame=2760 tx=3883 rx=3267 fc=1 fd=10 fe=1 linkflag=81 pc=000288 a502=00 a524=0000 a525=00 a170=c2 a17f=00 txtail=002b rxpend=0000
[  46.059] [transport] captured=3883 flushed=3883 injected=3267 accepted=0 payload2=0 payload3=0 payload4=0 payload5=0 pump_reads=2492 bursts=582 txcredit=0 outq=0 inq=0 watchdog=1 txseq=47 rxseq=23
[  46.059] [epochs] local=1 peer=1 ready=true discarded_rx=0
[  46.059] [tcb-continuations] ffa580=ff80->018392 sleep=0 local26=7710 ffa5c0=ff80->01853c sleep=0 local26=0200 ffd000=ffc0->00d4b4 sleep=0 local26=0000 ffd040=ffc0->00daca sleep=0 local26=0000 ffd080=ffc0->005096 sleep=0 local26=0001 ffd0c0=ffc0->005120 sleep=23 local26=0001 ffd100=ff80->006782 sleep=0 local26=0000 ffd140=ffc0->008082 sleep=0 local26=001d ffd180=ff00->0079fe sleep=17 local26=0001 ffd1c0=ff00->0079fe sleep=15 local26=0000 ffd240=ff00->0079fe sleep=21 local26=0001 ffd280=ff00->0079fe sleep=19 local26=0000 ffdfc0=ffc0->00d6d0 sleep=0 local26=0000
[  46.128]   [header-byte] write $ffa517 = 04 mask=00ff (pc=018446)
[  46.412]   [header-byte] write $ffa517 = 04 mask=00ff (pc=018446)
[  46.880]   [header-byte] write $ffa517 = 04 mask=00ff (pc=018446)
[  47.014]   [header-byte] write $ffa517 = 04 mask=00ff (pc=018446)
[  47.061] heartbeat frame=2820 tx=3903 rx=3315 fc=1 fd=10 fe=1 linkflag=81 pc=000288 a502=00 a524=0007 a525=07 a170=c2 a17f=00 txtail=003f rxpend=0000
[  47.061] [transport] captured=3903 flushed=3903 injected=3315 accepted=0 payload2=0 payload3=0 payload4=0 payload5=0 pump_reads=2552 bursts=584 txcredit=0 outq=0 inq=0 watchdog=2 txseq=4a rxseq=27
[  47.061] [epochs] local=1 peer=1 ready=true discarded_rx=0
[  47.061] [tcb-continuations] ffa580=ff80->018392 sleep=0 local26=7710 ffa5c0=ff80->01853c sleep=0 local26=0000 ffd000=ffc0->00d4b4 sleep=0 local26=0000 ffd040=ffc0->00daca sleep=0 local26=0000 ffd080=ffc0->005164 sleep=0 local26=0001 ffd0c0=ffc0->004f7e sleep=0 local26=0000 ffd100=ff80->006782 sleep=0 local26=0000 ffd140=ffc0->008082 sleep=0 local26=00ff ffd180=ff00->00989e sleep=0 local26=0055 ffd1c0=ff80->006c06 sleep=0 local26=0002 ffd240=ff80->006b6e sleep=0 local26=0000 ffd280=ff80->006b6e sleep=0 local26=0000 ffd2c0=ff00->009950 sleep=0 local26=000e ffd300=ff80->0094f8 sleep=1 local26=ffff ffd340=ff00->009950 sleep=0 local26=0012 ffdfc0=ffc0->00d6d0 sleep=0 local26=0000 ffe000=ff00->0070c2 sleep=0 local26=4c00 ffe040=ff00->009714 sleep=0 local26=0000 ffe080=ff00->009714 sleep=0 local26=0000 ffe0c0=ff00->009714 sleep=0 local26=0000 ffe400=ff00->0070c2 sleep=0 local26=2b00 ffe640=ff00->009ac0 sleep=0 local26=0000 ffe680=ff00->009ac0 sleep=0 local26=0000 ffe6c0=ff00->009ac0 sleep=0 local26=0000 ffe700=ff00->009ac0 sleep=0 local26=0000 ffe740=ff00->009ac0 sleep=0 local26=0000 ffe780=ff00->009ac0 sleep=0 local26=0000 ffe7c0=ff00->009ac0 sleep=0 local26=0000 ffe800=ff00->009ac0 sleep=0 local26=0000 ffe840=ff00->009ac0 sleep=0 local26=0000 ffe880=ff00->009ac0 sleep=0 local26=0000 ffe8c0=ff00->009ac0 sleep=0 local26=0000 ffe900=ff00->009ac0 sleep=0 local26=0000 ffe940=ff00->009714 sleep=0 local26=0000 ffe980=ff00->009714 sleep=0 local26=0000 ffe9c0=ff00->009714 sleep=0 local26=0000 ffea00=ff00->009714 sleep=0 local26=0000 ffea40=ff00->009714 sleep=0 local26=0000
[  47.197]   [header-byte] write $ffa517 = 04 mask=00ff (pc=018446)
[  47.331]   [header-byte] write $ffa517 = 04 mask=00ff (pc=018446)
[  47.831]   [header-byte] write $ffa517 = 04 mask=00ff (pc=018446)
[  47.898]   [header-byte] write $ffa517 = 04 mask=00ff (pc=018446)
[  48.015]   [header-byte] write $ffa517 = 04 mask=00ff (pc=018446)
[  48.062] heartbeat frame=2880 tx=3954 rx=3376 fc=1 fd=10 fe=1 linkflag=81 pc=00028a a502=00 a524=0000 a525=00 a170=c2 a17f=00 txtail=0072 rxpend=0000
[  48.062] [transport] captured=3954 flushed=3954 injected=3376 accepted=0 payload2=0 payload3=0 payload4=0 payload5=0 pump_reads=2612 bursts=589 txcredit=0 outq=0 inq=0 watchdog=2 txseq=4e rxseq=2c
[  48.062] [epochs] local=1 peer=1 ready=true discarded_rx=0
[  48.062] [tcb-continuations] ffa580=ff80->018392 sleep=0 local26=7710 ffa5c0=ff80->01853c sleep=0 local26=0400 ffd000=ffc0->00d4b4 sleep=0 local26=0000 ffd040=ffc0->00daca sleep=0 local26=0000 ffd080=ffc0->004f7e sleep=0 local26=0000 ffd0c0=ffc0->004f7e sleep=0 local26=0000 ffd100=ff80->006782 sleep=0 local26=0000 ffd140=ffc0->008082 sleep=0 local26=00ff ffd180=ff00->00989e sleep=0 local26=0019 ffd1c0=ff80->006c06 sleep=0 local26=0000 ffd200=ff80->006c06 sleep=0 local26=0001 ffd240=ff00->0079fe sleep=8 local26=0000 ffd280=ff00->0079fe sleep=12 local26=0000 ffd2c0=ff80->006b6e sleep=0 local26=0000 ffdfc0=ffc0->00d6d0 sleep=0 local26=0000 ffe400=ff00->0070c2 sleep=0 local26=2b00
[  48.381]   [header-byte] write $ffa517 = 04 mask=00ff (pc=018446)
[  48.515]   [header-byte] write $ffa517 = 04 mask=00ff (pc=018446)
[  48.882]   [header-byte] write $ffa517 = 04 mask=00ff (pc=018446)
[  48.999]   [header-byte] write $ffa517 = 04 mask=00ff (pc=018446)
[  49.063] heartbeat frame=2940 tx=4005 rx=3414 fc=1 fd=10 fe=1 linkflag=81 pc=000288 a502=00 a524=0000 a525=00 a170=c2 a17f=00 txtail=00a5 rxpend=0000
[  49.063] [transport] captured=4005 flushed=4005 injected=3414 accepted=0 payload2=0 payload3=0 payload4=0 payload5=0 pump_reads=2672 bursts=592 txcredit=0 outq=0 inq=0 watchdog=3 txseq=51 rxseq=30
[  49.063] [epochs] local=1 peer=1 ready=true discarded_rx=0
[  49.063] [tcb-continuations] ffa580=ff80->018392 sleep=0 local26=7710 ffa5c0=ff80->01853c sleep=0 local26=0300 ffd000=ffc0->00d4b4 sleep=0 local26=0000 ffd040=ffc0->00daca sleep=0 local26=0000 ffd080=ffc0->00504e sleep=0 local26=1b00 ffd0c0=ffc0->0050b6 sleep=4 local26=0000 ffd100=ff80->006782 sleep=0 local26=0000 ffd140=ffc0->008082 sleep=0 local26=0303 ffd180=ff80->00975a sleep=0 local26=0020 ffd1c0=ff00->0079fe sleep=20 local26=0001 ffd200=ff80->0079d4 sleep=0 local26=0001 ffd2c0=ff00->007a24 sleep=0 local26=0200 ffd300=ff00->0079fe sleep=18 local26=0000 ffd380=ff80->007dfc sleep=0 local26=0000 ffdfc0=ffc0->00d6d0 sleep=0 local26=0000
[  49.433]   [header-byte] write $ffa517 = 04 mask=00ff (pc=018446)
[  49.549]   [header-byte] write $ffa517 = 04 mask=00ff (pc=018446)
[  49.917]   [header-byte] write $ffa517 = 04 mask=00ff (pc=018446)
[  50.064] heartbeat frame=3000 tx=4056 rx=3455 fc=1 fd=10 fe=1 linkflag=81 pc=000288 a502=00 a524=0000 a525=00 a170=c2 a17f=00 txtail=00d8 rxpend=0000
[  50.064] [transport] captured=4056 flushed=4056 injected=3455 accepted=0 payload2=0 payload3=0 payload4=0 payload5=0 pump_reads=2732 bursts=597 txcredit=0 outq=0 inq=0 watchdog=8 txseq=56 rxseq=33
[  50.064] [epochs] local=1 peer=1 ready=true discarded_rx=0
[  50.064] [tcb-continuations] ffa580=ff80->018392 sleep=0 local26=7710 ffa5c0=ff80->01853c sleep=0 local26=0300 ffd000=ffc0->00d4b4 sleep=0 local26=0000 ffd040=ffc0->00daca sleep=0 local26=0000 ffd080=ffc0->00504e sleep=0 local26=2000 ffd0c0=ffc0->0050b6 sleep=4 local26=0000 ffd100=ff80->006782 sleep=0 local26=0000 ffd140=ffc0->008082 sleep=0 local26=0203 ffd200=ff00->007a24 sleep=0 local26=0101 ffd240=ff00->0079fe sleep=20 local26=0001 ffd280=ff00->0079fe sleep=18 local26=0000 ffd2c0=ff80->007944 sleep=0 local26=0001 ffd340=ff80->007d70 sleep=0 local26=0000 ffd380=ff00->007a24 sleep=0 local26=0100 ffdfc0=ffc0->00d6d0 sleep=0 local26=0000
[  50.333]   [header-byte] write $ffa517 = 04 mask=00ff (pc=018446)
[  50.818]   [header-byte] write $ffa517 = 04 mask=00ff (pc=018446)
[  51.066] heartbeat frame=3060 tx=4090 rx=3475 fc=1 fd=10 fe=1 linkflag=81 pc=000288 a502=00 a524=0000 a525=00 a170=c2 a17f=00 txtail=00fa rxpend=0000
[  51.066] [transport] captured=4090 flushed=4090 injected=3475 accepted=0 payload2=0 payload3=0 payload4=0 payload5=0 pump_reads=2792 bursts=601 txcredit=0 outq=0 inq=0 watchdog=14 txseq=5a rxseq=35
[  51.066] [epochs] local=1 peer=1 ready=true discarded_rx=0
[  51.066] [tcb-continuations] ffa580=ff80->018392 sleep=0 local26=7710 ffa5c0=ff80->01853c sleep=0 local26=0700 ffd000=ffc0->00d4b4 sleep=0 local26=0000 ffd040=ffc0->00daca sleep=0 local26=0000 ffd080=ffc0->004f7e sleep=0 local26=0000 ffd0c0=ffc0->004f7e sleep=0 local26=0000 ffd100=ff80->006782 sleep=0 local26=0000 ffd140=ffc0->008082 sleep=0 local26=0203 ffd180=ff80->006c06 sleep=0 local26=0000 ffd1c0=ff00->0079fe sleep=12 local26=0000 ffd200=ff00->0079fe sleep=11 local26=0000 ffd2c0=ff00->007a24 sleep=0 local26=0101 ffd300=ff80->006c06 sleep=0 local26=0002 ffd340=ff00->007a24 sleep=0 local26=0100 ffd380=ff80->006b6e sleep=0 local26=0000 ffd3c0=ff80->006b6e sleep=0 local26=0000 ffdfc0=ffc0->00d6d0 sleep=0 local26=0000 ffe000=ff00->0070c2 sleep=0 local26=3600
[  51.319]   [header-byte] write $ffa517 = 04 mask=00ff (pc=018446)
[  51.452]   [header-byte] write $ffa517 = 04 mask=00ff (pc=018446)
[  51.685]   [header-byte] write $ffa517 = 04 mask=00ff (pc=018446)
[  51.703]   [header-byte] write $ffa517 = 04 mask=00ff (pc=018446)
[  52.067] heartbeat frame=3120 tx=4165 rx=3533 fc=1 fd=10 fe=1 linkflag=81 pc=00028a a502=00 a524=0000 a525=00 a170=c2 a17f=00 txtail=0045 rxpend=0000
[  52.067] [transport] captured=4165 flushed=4165 injected=3533 accepted=0 payload2=0 payload3=0 payload4=0 payload5=0 pump_reads=2852 bursts=606 txcredit=0 outq=0 inq=0 watchdog=21 txseq=5f rxseq=39
[  52.067] [epochs] local=1 peer=1 ready=true discarded_rx=0
[  52.067] [tcb-continuations] ffa580=ff80->018392 sleep=0 local26=7710 ffa5c0=ff80->01853c sleep=0 local26=0600 ffd000=ffc0->00d4b4 sleep=0 local26=0000 ffd040=ffc0->00daca sleep=0 local26=0000 ffd080=ffc0->00504e sleep=0 local26=1c00 ffd0c0=ffc0->00504e sleep=0 local26=0100 ffd100=ff80->006782 sleep=0 local26=0000 ffd140=ffc0->008082 sleep=0 local26=0103 ffd180=ff00->0079fe sleep=9 local26=0001 ffd1c0=ff80->007944 sleep=0 local26=0000 ffd200=ff80->007d70 sleep=0 local26=0000 ffd240=ff00->0079fe sleep=7 local26=0000 ffd280=ff80->007944 sleep=0 local26=0000 ffd2c0=ff80->007d70 sleep=0 local26=0000 ffd380=ff00->007a24 sleep=0 local26=0100 ffdfc0=ffc0->00d6d0 sleep=0 local26=0000 ffe000=ff00->0070c2 sleep=0 local26=3600 ffe040=ff00->0070c2 sleep=0 local26=4100
[  52.186]   [header-byte] write $ffa517 = 04 mask=00ff (pc=018446)
[  52.503]   [header-byte] write $ffa517 = 04 mask=00ff (pc=018446)
[  52.653]   [header-byte] write $ffa517 = 04 mask=00ff (pc=018446)
[  52.770]   [header-byte] write $ffa517 = 04 mask=00ff (pc=018446)
[  53.068] heartbeat frame=3180 tx=4213 rx=3581 fc=1 fd=10 fe=1 linkflag=81 pc=000288 a502=00 a524=0000 a525=00 a170=c2 a17f=00 txtail=0075 rxpend=0000
[  53.068] [transport] captured=4213 flushed=4213 injected=3581 accepted=0 payload2=0 payload3=0 payload4=0 payload5=0 pump_reads=2912 bursts=610 txcredit=0 outq=0 inq=0 watchdog=17 txseq=63 rxseq=3d
[  53.068] [epochs] local=1 peer=1 ready=true discarded_rx=0
[  53.068] [tcb-continuations] ffa580=ff80->018392 sleep=0 local26=7710 ffa5c0=ff80->01853c sleep=0 local26=1100 ffd000=ffc0->00d4b4 sleep=0 local26=0000 ffd040=ffc0->00daca sleep=0 local26=0000 ffd080=ffc0->00504e sleep=0 local26=1800 ffd0c0=ffc0->00504e sleep=0 local26=0c00 ffd100=ff80->006782 sleep=0 local26=0000 ffd140=ffc0->008082 sleep=0 local26=0003 ffd180=ff80->007944 sleep=0 local26=0000 ffd1c0=ff00->007a24 sleep=0 local26=0601 ffd200=ff00->007a24 sleep=0 local26=0600 ffd240=ff80->007d70 sleep=0 local26=0000 ffd280=ff00->007a24 sleep=0 local26=0301 ffd2c0=ff00->007a24 sleep=0 local26=0300 ffd340=ff80->007944 sleep=0 local26=0000 ffd380=ff80->007d70 sleep=0 local26=0000 ffdfc0=ffc0->00d6d0 sleep=0 local26=0000 ffe000=ff00->0070c2 sleep=0 local26=3600 ffe040=ff00->0070c2 sleep=0 local26=4100
[  53.204]   [header-byte] write $ffa517 = 04 mask=00ff (pc=018446)
[  53.321]   [header-byte] write $ffa517 = 04 mask=00ff (pc=018446)
[  53.605]   [header-byte] write $ffa517 = 04 mask=00ff (pc=018446)
[  53.722]   [header-byte] write $ffa517 = 04 mask=00ff (pc=018446)
[  54.070] heartbeat frame=3240 tx=4291 rx=3629 fc=1 fd=10 fe=1 linkflag=81 pc=000288 a502=00 a524=0000 a525=00 a170=c2 a17f=00 txtail=00c3 rxpend=0000
[  54.070] [transport] captured=4291 flushed=4291 injected=3629 accepted=0 payload2=0 payload3=0 payload4=0 payload5=0 pump_reads=2972 bursts=616 txcredit=0 outq=0 inq=0 watchdog=20 txseq=69 rxseq=41
[  54.070] [epochs] local=1 peer=1 ready=true discarded_rx=0
[  54.070] [tcb-continuations] ffa580=ff80->018392 sleep=0 local26=7710 ffa5c0=ff80->01853c sleep=0 local26=1a00 ffd000=ffc0->00d4b4 sleep=0 local26=0000 ffd040=ffc0->00daca sleep=0 local26=0000 ffd080=ffc0->004f7e sleep=0 local26=0000 ffd0c0=ffc0->005120 sleep=2 local26=0001 ffd100=ff80->006782 sleep=0 local26=0000 ffd140=ffc0->008082 sleep=0 local26=03ff ffd180=ff00->007a24 sleep=0 local26=0301 ffd1c0=ff80->006c06 sleep=0 local26=0004 ffd200=ff80->004486 sleep=0 local26=0000 ffd240=ff00->007a24 sleep=0 local26=0200 ffd280=ff80->006b6e sleep=0 local26=0000 ffd2c0=ff80->006b6e sleep=0 local26=0000 ffd300=ff80->006b6e sleep=0 local26=0000 ffd340=ff00->007a24 sleep=0 local26=0601 ffd380=ff00->007a24 sleep=0 local26=0500 ffd3c0=ff80->006b6e sleep=0 local26=0000 ffdfc0=ffc0->00d6d0 sleep=0 local26=0000 ffe040=ff00->0070c2 sleep=0 local26=4100
[  54.223]   [header-byte] write $ffa517 = 04 mask=00ff (pc=018446)
[  54.559]   [header-byte] write $ffa517 = 04 mask=00ff (pc=018446)
[  54.657]   [header-byte] write $ffa517 = 04 mask=00ff (pc=018446)
[  54.690]   [header-byte] write $ffa517 = 04 mask=00ff (pc=018446)
[  55.071] heartbeat frame=3300 tx=4369 rx=3673 fc=1 fd=10 fe=1 linkflag=81 pc=00028a a502=00 a524=0000 a525=00 a170=c2 a17f=00 txtail=0011 rxpend=0000
[  55.071] [transport] captured=4369 flushed=4369 injected=3673 accepted=0 payload2=0 payload3=0 payload4=0 payload5=0 pump_reads=3032 bursts=622 txcredit=0 outq=0 inq=0 watchdog=22 txseq=6f rxseq=45
[  55.071] [epochs] local=1 peer=1 ready=true discarded_rx=0
[  55.071] [tcb-continuations] ffa580=ff80->018392 sleep=0 local26=7710 ffa5c0=ff80->01853c sleep=0 local26=1000 ffd000=ffc0->00d4b4 sleep=0 local26=0000 ffd040=ffc0->00daca sleep=0 local26=0000 ffd080=ffc0->00504e sleep=0 local26=1100 ffd0c0=ffc0->004f7e sleep=0 local26=0000 ffd100=ff80->006782 sleep=0 local26=0000 ffd140=ffc0->008082 sleep=0 local26=01ff ffd180=ff00->00989e sleep=0 local26=003c ffd1c0=ff80->006c06 sleep=0 local26=0002 ffd200=ff80->007944 sleep=0 local26=0000 ffd240=ff80->006b6e sleep=0 local26=0000 ffd2c0=ff00->007a24 sleep=0 local26=0200 ffd340=ff80->006b6e sleep=0 local26=0000 ffd380=ff80->007d70 sleep=0 local26=0000 ffd3c0=ff00->007a24 sleep=0 local26=0100 ffd400=ff80->00962a sleep=0 local26=ffff ffdfc0=ffc0->00d6d0 sleep=0 local26=0000 ffe480=ff00->009714 sleep=0 local26=0000 ffe4c0=ff00->009714 sleep=0 local26=0000 ffe500=ff00->009714 sleep=0 local26=0000 ffe540=ff00->009714 sleep=0 local26=0000 ffe580=ff00->009714 sleep=0 local26=0000 ffe5c0=ff00->009714 sleep=0 local26=0000 ffe600=ff00->009714 sleep=0 local26=0000
[  55.174]   [header-byte] write $ffa517 = 04 mask=00ff (pc=018446)
[  55.424]   [header-byte] write $ffa517 = 04 mask=00ff (pc=018446)
[  55.474]   [header-byte] write $ffa517 = 04 mask=00ff (pc=018446)
[  55.541]   [header-byte] write $ffa517 = 04 mask=00ff (pc=018446)
[  55.608]   [header-byte] write $ffa517 = 04 mask=00ff (pc=018446)
[  56.072] heartbeat frame=3360 tx=4423 rx=3724 fc=1 fd=10 fe=1 linkflag=81 pc=00028a a502=00 a524=0007 a525=07 a170=c2 a17f=00 txtail=0047 rxpend=0000
[  56.072] [transport] captured=4423 flushed=4423 injected=3724 accepted=0 payload2=0 payload3=0 payload4=0 payload5=0 pump_reads=3092 bursts=626 txcredit=0 outq=0 inq=0 watchdog=27 txseq=74 rxseq=4a
[  56.072] [epochs] local=1 peer=1 ready=true discarded_rx=0
[  56.072] [tcb-continuations] ffa580=ff80->018392 sleep=0 local26=7710 ffa5c0=ff80->01853c sleep=0 local26=0000 ffd000=ffc0->00d4b4 sleep=0 local26=0000 ffd040=ffc0->00daca sleep=0 local26=0000 ffd080=ffc0->00514e sleep=24 local26=0001 ffd0c0=ffc0->00504e sleep=0 local26=1300 ffd100=ff80->006782 sleep=0 local26=0000 ffd140=ffc0->008082 sleep=0 local26=0315 ffd1c0=ff80->007944 sleep=0 local26=0000 ffd200=ff00->007a24 sleep=0 local26=0501 ffd240=ff00->007a24 sleep=0 local26=0300 ffd280=ff80->007d70 sleep=0 local26=0000 ffd2c0=ff80->009386 sleep=0 local26=0000 ffd300=ff00->009950 sleep=0 local26=0032 ffd340=ff00->007a24 sleep=0 local26=0300 ffd380=ff00->007a24 sleep=0 local26=0400 ffdfc0=ffc0->00d6d0 sleep=0 local26=0000 ffe000=ff00->009ab2 sleep=4 local26=0000 ffe040=ff00->009ab2 sleep=4 local26=0000 ffe080=ff00->009ab2 sleep=4 local26=0000 ffe0c0=ff00->009ab2 sleep=4 local26=0000
[  56.091]   [header-byte] write $ffa517 = 04 mask=00ff (pc=018446)
[  56.191]   [header-byte] write $ffa517 = 04 mask=00ff (pc=018446)
[  56.325]   [header-byte] write $ffa517 = 04 mask=00ff (pc=018446)
[  56.358]   [header-byte] write $ffa517 = 04 mask=00ff (pc=018446)
[  56.475]   [header-byte] write $ffa517 = 04 mask=00ff (pc=018446)
[  56.976]   [header-byte] write $ffa517 = 04 mask=00ff (pc=018446)
[  57.026]   [header-byte] write $ffa517 = 04 mask=00ff (pc=018446)
[  57.073] heartbeat frame=3420 tx=4488 rx=3795 fc=1 fd=10 fe=1 linkflag=81 pc=00028a a502=00 a524=0000 a525=00 a170=c2 a17f=00 txtail=0088 rxpend=0000
[  57.073] [transport] captured=4488 flushed=4488 injected=3795 accepted=0 payload2=0 payload3=0 payload4=0 payload5=0 pump_reads=3152 bursts=631 txcredit=0 outq=0 inq=0 watchdog=2 txseq=78 rxseq=51
[  57.073] [epochs] local=1 peer=1 ready=true discarded_rx=0
[  57.073] [tcb-continuations] ffa580=ff80->018392 sleep=0 local26=7710 ffa5c0=ff80->01853c sleep=0 local26=1800 ffd000=ffc0->00d4b4 sleep=0 local26=0000 ffd040=ffc0->00daca sleep=0 local26=0000 ffd080=ffc0->00504e sleep=0 local26=1300 ffd0c0=ffc0->00504e sleep=0 local26=1300 ffd100=ff80->006782 sleep=0 local26=0000 ffd140=ffc0->008082 sleep=0 local26=0315 ffd180=ff80->007944 sleep=0 local26=0000 ffd1c0=ff00->007a24 sleep=0 local26=0401 ffd200=ff80->007d70 sleep=0 local26=0000 ffd240=ff80->007944 sleep=0 local26=0001 ffd280=ff00->007a24 sleep=0 local26=0400 ffd2c0=ff80->00962a sleep=0 local26=ffff ffd340=ff80->007d70 sleep=0 local26=0000 ffdfc0=ffc0->00d6d0 sleep=0 local26=0000
[  57.159]   [header-byte] write $ffa517 = 04 mask=00ff (pc=018446)
[  57.178]   [header-byte] write $ffa517 = 04 mask=00ff (pc=018446)
[  57.676]   [header-byte] write $ffa517 = 04 mask=00ff (pc=018446)
[  58.075] heartbeat frame=3480 tx=4556 rx=3822 fc=1 fd=10 fe=1 linkflag=81 pc=000288 a502=00 a524=0000 a525=00 a170=c2 a17f=00 txtail=00cc rxpend=0000
[  58.075] [transport] captured=4556 flushed=4556 injected=3822 accepted=0 payload2=0 payload3=0 payload4=0 payload5=0 pump_reads=3212 bursts=637 txcredit=0 outq=0 inq=0 watchdog=23 txseq=7e rxseq=54
[  58.075] [epochs] local=1 peer=1 ready=true discarded_rx=0
[  58.075] [tcb-continuations] ffa580=ff80->018392 sleep=0 local26=7710 ffa5c0=ff80->01853c sleep=0 local26=1800 ffd000=ffc0->00d4b4 sleep=0 local26=0000 ffd040=ffc0->00daca sleep=0 local26=0000 ffd080=ffc0->00504e sleep=0 local26=1300 ffd0c0=ffc0->004f7e sleep=0 local26=0000 ffd100=ff80->006782 sleep=0 local26=0000 ffd140=ffc0->008082 sleep=0 local26=0215 ffd180=ff00->007a24 sleep=0 local26=0401 ffd1c0=ff80->006c06 sleep=0 local26=0002 ffd200=ff00->007a24 sleep=0 local26=0400 ffd240=ff00->007a24 sleep=0 local26=0201 ffd280=ff80->006b6e sleep=0 local26=0000 ffd2c0=ff80->006b6e sleep=0 local26=0000 ffd300=ff80->007944 sleep=0 local26=0000 ffd340=ff00->007a24 sleep=0 local26=0100 ffd380=ff80->007d70 sleep=0 local26=0000 ffdfc0=ffc0->00d6d0 sleep=0 local26=0000
[  58.128]   [header-byte] write $ffa517 = 04 mask=00ff (pc=018446)
[  58.161]   [header-byte] write $ffa517 = 04 mask=00ff (pc=018446)
[  58.261]   [header-byte] write $ffa517 = 04 mask=00ff (pc=018446)
[  58.762]   [header-byte] write $ffa517 = 04 mask=00ff (pc=018446)
[  58.878]   [header-byte] write $ffa517 = 04 mask=00ff (pc=018446)
[  59.012]   [header-byte] write $ffa517 = 04 mask=00ff (pc=018446)
[  59.029]   [header-byte] write $ffa517 = 04 mask=00ff (pc=018446)
[  59.076] heartbeat frame=3540 tx=4620 rx=3907 fc=1 fd=10 fe=1 linkflag=81 pc=00028a a502=00 a524=0000 a525=00 a170=c2 a17f=00 txtail=000c rxpend=0000
[  59.076] [transport] captured=4620 flushed=4620 injected=3907 accepted=0 payload2=0 payload3=0 payload4=0 payload5=0 pump_reads=3272 bursts=643 txcredit=0 outq=0 inq=0 watchdog=2 txseq=84 rxseq=5b
[  59.076] [epochs] local=1 peer=1 ready=true discarded_rx=0
[  59.076] [tcb-continuations] ffa580=ff80->018392 sleep=0 local26=7710 ffa5c0=ff80->01853c sleep=0 local26=0200 ffd000=ffc0->00d4b4 sleep=0 local26=0000 ffd040=ffc0->00daca sleep=0 local26=0000 ffd080=ffc0->00504e sleep=0 local26=1e00 ffd0c0=ffc0->00504e sleep=0 local26=2100 ffd100=ff80->006782 sleep=0 local26=0000 ffd140=ffc0->008082 sleep=0 local26=0115 ffd180=ff80->0079d4 sleep=0 local26=0001 ffd1c0=ff80->007dfc sleep=0 local26=0000 ffd200=ff80->0079d4 sleep=0 local26=0001 ffd240=ff80->007dfc sleep=0 local26=0000 ffd300=ff00->007a24 sleep=0 local26=0201 ffd380=ff00->007a24 sleep=0 local26=0200 ffdfc0=ffc0->00d6d0 sleep=0 local26=0000 ffe000=ff00->0070c2 sleep=0 local26=4100
[  59.514]   [header-byte] write $ffa517 = 04 mask=00ff (pc=018446)
[  59.830]   [header-byte] write $ffa517 = 04 mask=00ff (pc=018446)
[  59.981]   [header-byte] write $ffa517 = 04 mask=00ff (pc=018446)
[  60.077] heartbeat frame=3600 tx=4685 rx=3938 fc=1 fd=10 fe=1 linkflag=81 pc=00028a a502=00 a524=0000 a525=00 a170=c2 a17f=00 txtail=004d rxpend=0000
[  60.077] [transport] captured=4685 flushed=4685 injected=3938 accepted=0 payload2=0 payload3=0 payload4=0 payload5=0 pump_reads=3332 bursts=648 txcredit=0 outq=0 inq=0 watchdog=5 txseq=89 rxseq=5e
[  60.077] [epochs] local=1 peer=1 ready=true discarded_rx=0
[  60.077] [tcb-continuations] ffa580=ff80->018392 sleep=0 local26=7710 ffa5c0=ff80->01853c sleep=0 local26=0100 ffd000=ffc0->00d4b4 sleep=0 local26=0000 ffd040=ffc0->00daca sleep=0 local26=0000 ffd080=ffc0->00514e sleep=7 local26=0001 ffd0c0=ffc0->00508e sleep=0 local26=0000 ffd100=ff80->006782 sleep=0 local26=0000 ffd140=ffc0->008082 sleep=0 local26=0015 ffd200=ff00->007a24 sleep=0 local26=0101 ffd280=ff00->0079fe sleep=22 local26=0001 ffd2c0=ff00->0079fe sleep=20 local26=0000 ffd300=ff80->00980a sleep=0 local26=0000 ffd340=ff80->00963c sleep=0 local26=0000 ffd380=ff00->009950 sleep=0 local26=0021 ffdfc0=ffc0->00d6d0 sleep=0 local26=0000 ffe000=ff00->0070c2 sleep=0 local26=4100 ffe040=ff00->009ac0 sleep=0 local26=0000 ffe080=ff00->009ac0 sleep=0 local26=0000 ffe0c0=ff00->009ac0 sleep=0 local26=0000 ffe100=ff00->009ac0 sleep=0 local26=0000 ffe140=ff00->009ac0 sleep=0 local26=0000 ffe180=ff00->009ac0 sleep=0 local26=0000 ffe1c0=ff00->009ac0 sleep=0 local26=0000 ffe200=ff00->009ac0 sleep=0 local26=0000 ffe240=ff00->009ac0 sleep=0 local26=0000 ffe280=ff00->009ac0 sleep=0 local26=0000 ffe2c0=ff00->009ac0 sleep=0 local26=0000 ffe300=ff00->009ac0 sleep=0 local26=0000 ffe340=ff00->009ac0 sleep=0 local26=0000 ffe380=ff00->009ac0 sleep=0 local26=0000 ffe3c0=ff00->009ac0 sleep=0 local26=0000 ffe400=ff00->009ac0 sleep=0 local26=0000
[  60.397]   [header-byte] write $ffa517 = 04 mask=00ff (pc=018446)
[  60.514]   [header-byte] write $ffa517 = 04 mask=00ff (pc=018446)
[  60.764]   [header-byte] write $ffa517 = 04 mask=00ff (pc=018446)
[  60.898]   [header-byte] write $ffa517 = 04 mask=00ff (pc=018446)
[  61.079] heartbeat frame=3660 tx=4757 rx=3986 fc=1 fd=10 fe=1 linkflag=81 pc=00028a a502=00 a524=0000 a525=00 a170=c2 a17f=00 txtail=0095 rxpend=0000
[  61.079] [transport] captured=4757 flushed=4757 injected=3986 accepted=0 payload2=0 payload3=0 payload4=0 payload5=0 pump_reads=3392 bursts=654 txcredit=0 outq=0 inq=0 watchdog=10 txseq=8f rxseq=62
[  61.079] [epochs] local=1 peer=1 ready=true discarded_rx=0
[  61.079] [tcb-continuations] ffa580=ff80->018392 sleep=0 local26=7710 ffa5c0=ff80->01853c sleep=0 local26=0400 ffd000=ffc0->00d4b4 sleep=0 local26=0000 ffd040=ffc0->00daca sleep=0 local26=0000 ffd080=ffc0->00504e sleep=0 local26=0b00 ffd0c0=ffc0->005014 sleep=0 local26=0000 ffd100=ff80->006782 sleep=0 local26=0000 ffd140=ffc0->008082 sleep=0 local26=02ff ffd180=ff00->0079fe sleep=11 local26=0001 ffd1c0=ff00->0079fe sleep=9 local26=0000 ffd200=ff80->007944 sleep=0 local26=0000 ffd240=ff80->007d70 sleep=0 local26=0000 ffdfc0=ffc0->00d6d0 sleep=0 local26=0000 ffe000=ff00->0070c2 sleep=0 local26=4100 ffe440=ff00->0070c2 sleep=0 local26=2b00 ffe480=ff00->0070c2 sleep=0 local26=2000
[  61.281]   [header-byte] write $ffa517 = 04 mask=00ff (pc=018446)
[  61.414]   [header-byte] write $ffa517 = 04 mask=00ff (pc=018446)
[  61.548]   [header-byte] write $ffa517 = 04 mask=00ff (pc=018446)
[  61.698]   [header-byte] write $ffa517 = 04 mask=00ff (pc=018446)
[  62.080] heartbeat frame=3720 tx=4819 rx=4034 fc=1 fd=10 fe=1 linkflag=81 pc=000288 a502=00 a524=0000 a525=00 a170=c2 a17f=00 txtail=00d3 rxpend=0000
[  62.080] [transport] captured=4819 flushed=4819 injected=4034 accepted=0 payload2=0 payload3=0 payload4=0 payload5=0 pump_reads=3452 bursts=658 txcredit=0 outq=0 inq=0 watchdog=22 txseq=93 rxseq=66
[  62.080] [epochs] local=1 peer=1 ready=true discarded_rx=0
[  62.080] [tcb-continuations] ffa580=ff80->018392 sleep=0 local26=7710 ffa5c0=ff80->01853c sleep=0 local26=1300 ffd000=ffc0->00d4b4 sleep=0 local26=0000 ffd040=ffc0->00daca sleep=0 local26=0000 ffd080=ffc0->00504e sleep=0 local26=1600 ffd0c0=ffc0->00504e sleep=0 local26=0e00 ffd100=ff80->006782 sleep=0 local26=0000 ffd140=ffc0->008082 sleep=0 local26=02ff ffd180=ff80->0079d4 sleep=0 local26=0001 ffd1c0=ff80->007dfc sleep=0 local26=0000 ffd200=ff00->007a24 sleep=0 local26=0401 ffd240=ff00->007a24 sleep=0 local26=0300 ffd280=ff00->007a24 sleep=0 local26=0601 ffd2c0=ff00->007a24 sleep=0 local26=0500 ffd300=ff80->007944 sleep=0 local26=0001 ffd340=ff80->007d70 sleep=0 local26=0000 ffdfc0=ffc0->00d6d0 sleep=0 local26=0000 ffe000=ff00->0070c2 sleep=0 local26=4100
[  62.199]   [header-byte] write $ffa517 = 04 mask=00ff (pc=018446)
[  62.216]   [header-byte] write $ffa517 = 04 mask=00ff (pc=018446)
[  62.483]   [header-byte] write $ffa517 = 04 mask=00ff (pc=018446)
[  62.600]   [header-byte] write $ffa517 = 04 mask=00ff (pc=018446)
[  63.081] heartbeat frame=3780 tx=4873 rx=4078 fc=1 fd=10 fe=1 linkflag=81 pc=00028a a502=00 a524=0000 a525=00 a170=c2 a17f=00 txtail=0009 rxpend=0000
[  63.081] [transport] captured=4873 flushed=4873 injected=4078 accepted=0 payload2=0 payload3=0 payload4=0 payload5=0 pump_reads=3512 bursts=664 txcredit=0 outq=0 inq=3 watchdog=28 txseq=99 rxseq=6a
[  63.081] [epochs] local=1 peer=1 ready=true discarded_rx=0
[  63.081] [tcb-continuations] ffa580=ff80->018392 sleep=0 local26=7710 ffa5c0=ff80->01853c sleep=0 local26=0400 ffd000=ffc0->00d4b4 sleep=0 local26=0000 ffd040=ffc0->00daca sleep=0 local26=0000 ffd080=ffc0->00504e sleep=0 local26=2100 ffd0c0=ffc0->00504e sleep=0 local26=1d00 ffd100=ff80->006782 sleep=0 local26=0000 ffd140=ffc0->008082 sleep=0 local26=01ff ffd180=ff00->007a24 sleep=0 local26=0101 ffd200=ff80->0079d4 sleep=0 local26=0001 ffd240=ff80->007dfc sleep=0 local26=0000 ffd280=ff80->0079d4 sleep=0 local26=0001 ffd2c0=ff80->007dfc sleep=0 local26=0000 ffd300=ff00->007a24 sleep=0 local26=0201 ffd340=ff00->007a24 sleep=0 local26=0100 ffdfc0=ffc0->00d6d0 sleep=0 local26=0000 ffe000=ff00->0070c2 sleep=0 local26=4100
[  63.084]   [header-byte] write $ffa517 = 04 mask=00ff (pc=018446)
[  63.334]   [header-byte] write $ffa517 = 04 mask=00ff (pc=018446)
[  63.451]   [header-byte] write $ffa517 = 04 mask=00ff (pc=018446)
[  63.601]   [header-byte] write $ffa517 = 04 mask=00ff (pc=018446)
[  63.751]   [header-byte] write $ffa517 = 04 mask=00ff (pc=018446)
[  64.052]   [header-byte] write $ffa517 = 04 mask=00ff (pc=018446)
[  64.068]   [header-byte] write $ffa517 = 04 mask=00ff (pc=018446)
[  64.083] heartbeat frame=3840 tx=4941 rx=4163 fc=1 fd=10 fe=1 linkflag=81 pc=00028a a502=00 a524=0000 a525=00 a170=c2 a17f=00 txtail=004d rxpend=0000
[  64.083] [transport] captured=4941 flushed=4941 injected=4163 accepted=0 payload2=0 payload3=0 payload4=0 payload5=0 pump_reads=3572 bursts=670 txcredit=0 outq=0 inq=0 watchdog=0 txseq=9f rxseq=71
[  64.083] [epochs] local=1 peer=1 ready=true discarded_rx=0
[  64.083] [tcb-continuations] ffa580=ff80->018392 sleep=0 local26=7710 ffa5c0=ff80->01853c sleep=0 local26=0900 ffd000=ffc0->00d4b4 sleep=0 local26=0000 ffd040=ffc0->00daca sleep=0 local26=0000 ffd080=ffc0->00504e sleep=0 local26=2200 ffd0c0=ffc0->00504e sleep=0 local26=2300 ffd100=ff80->006782 sleep=0 local26=0000 ffd140=ffc0->008082 sleep=0 local26=01ff ffd180=ff80->0079d4 sleep=0 local26=0001 ffd1c0=ff80->007dfc sleep=0 local26=0000 ffd200=ff00->007a24 sleep=0 local26=0101 ffd300=ff80->0079d4 sleep=0 local26=0001 ffd340=ff80->007dfc sleep=0 local26=0000 ffdfc0=ffc0->00d6d0 sleep=0 local26=0000 ffe000=ff00->0070c2 sleep=0 local26=4100
[  64.552]   [header-byte] write $ffa517 = 04 mask=00ff (pc=018446)
[  64.654]   [header-byte] write $ffa517 = 04 mask=00ff (pc=018446)
[  65.084] heartbeat frame=3900 tx=5002 rx=4191 fc=1 fd=10 fe=1 linkflag=81 pc=000288 a502=00 a524=0000 a525=00 a170=c2 a17f=00 txtail=008a rxpend=0000
[  65.084] [transport] captured=5002 flushed=5002 injected=4191 accepted=0 payload2=0 payload3=0 payload4=0 payload5=0 pump_reads=3632 bursts=675 txcredit=0 outq=0 inq=0 watchdog=25 txseq=a4 rxseq=73
[  65.084] [epochs] local=1 peer=1 ready=true discarded_rx=0
[  65.084] [tcb-continuations] ffa580=ff80->018392 sleep=0 local26=7710 ffa5c0=ff80->01853c sleep=0 local26=0600 ffd000=ffc0->00d4b4 sleep=0 local26=0000 ffd040=ffc0->00daca sleep=0 local26=0000 ffd080=ffc0->005120 sleep=23 local26=0001 ffd0c0=ffc0->005164 sleep=0 local26=0001 ffd100=ff80->006782 sleep=0 local26=0000 ffd140=ffc0->008082 sleep=0 local26=00ff ffd180=ff00->009854 sleep=0 local26=0000 ffd200=ff00->0079fe sleep=17 local26=0001 ffd240=ff00->0079fe sleep=15 local26=0000 ffd280=ff80->00975a sleep=0 local26=001f ffd2c0=ff80->0094f8 sleep=7 local26=ffff ffd380=ff00->009950 sleep=0 local26=0018 ffdfc0=ffc0->00d6d0 sleep=0 local26=0000 ffe000=ff00->009714 sleep=0 local26=0000 ffe040=ff00->009ac0 sleep=0 local26=0000 ffe080=ff00->009ac0 sleep=0 local26=0000 ffe0c0=ff00->009ac0 sleep=0 local26=0000 ffe100=ff00->009ac0 sleep=0 local26=0000 ffe140=ff00->009ac0 sleep=0 local26=0000 ffe180=ff00->009ac0 sleep=0 local26=0000 ffe1c0=ff00->009ac0 sleep=0 local26=0000 ffe200=ff00->009ac0 sleep=0 local26=0000 ffe240=ff00->009ac0 sleep=0 local26=0000 ffe280=ff00->009ac0 sleep=0 local26=0000 ffe2c0=ff00->009ac0 sleep=0 local26=0000 ffe300=ff00->009ac0 sleep=0 local26=0000 ffe340=ff00->009ac0 sleep=0 local26=0000 ffe380=ff00->009ac0 sleep=0 local26=0000 ffe3c0=ff00->009ac0 sleep=0 local26=0000 ffe400=ff00->009ac0 sleep=0 local26=0000 ffe440=ff00->009714 sleep=0 local26=0000 ffe480=ff00->009714 sleep=0 local26=0000 ffe4c0=ff00->009714 sleep=0 local26=0000 ffe500=ff00->009714 sleep=0 local26=0000 ffe540=ff00->009714 sleep=0 local26=0000 ffe580=ff00->009714 sleep=0 local26=0000 ffe5c0=ff00->009714 sleep=0 local26=0000
[  65.154]   [header-byte] write $ffa517 = 04 mask=00ff (pc=018446)
[  65.420]   [header-byte] write $ffa517 = 04 mask=00ff (pc=018446)
[  65.454]   [header-byte] write $ffa517 = 04 mask=00ff (pc=018446)
[  65.454]   [header-byte] write $ffa517 = 04 mask=00ff (pc=018446)
[  65.938]   [header-byte] write $ffa517 = 04 mask=00ff (pc=018446)
[  66.085] heartbeat frame=3960 tx=5063 rx=4252 fc=1 fd=10 fe=1 linkflag=81 pc=00028a a502=00 a524=0007 a525=07 a170=c2 a17f=00 txtail=00c7 rxpend=0000
[  66.085] [transport] captured=5063 flushed=5063 injected=4252 accepted=0 payload2=0 payload3=0 payload4=0 payload5=0 pump_reads=3692 bursts=680 txcredit=0 outq=0 inq=0 watchdog=8 txseq=aa rxseq=78
[  66.085] [epochs] local=1 peer=1 ready=true discarded_rx=0
[  66.085] [tcb-continuations] ffa580=ff80->018392 sleep=0 local26=7710 ffa5c0=ff80->01853c sleep=0 local26=0000 ffd000=ffc0->00d4b4 sleep=0 local26=0000 ffd040=ffc0->00daca sleep=0 local26=0000 ffd080=ffc0->004f7e sleep=0 local26=0000 ffd0c0=ffc0->0050b6 sleep=4 local26=0000 ffd100=ff80->006782 sleep=0 local26=0000 ffd140=ffc0->008082 sleep=0 local26=031c ffd180=ff00->00989e sleep=0 local26=001f ffd1c0=ff00->0079fe sleep=20 local26=0001 ffd200=ff00->00989e sleep=0 local26=0051 ffd240=ff80->00975a sleep=0 local26=0008 ffd280=ff80->00980a sleep=0 local26=0020 ffd300=ff00->0079fe sleep=18 local26=0000 ffd340=ff80->00962a sleep=0 local26=ffff ffd3c0=ff00->009950 sleep=0 local26=000e ffdfc0=ffc0->00d6d0 sleep=0 local26=0000 ffe000=ff00->009ac0 sleep=0 local26=0000 ffe040=ff00->0070c2 sleep=0 local26=4c00 ffe380=ff00->009ac0 sleep=0 local26=0000 ffe3c0=ff00->009ac0 sleep=0 local26=0000 ffe400=ff00->009ac0 sleep=0 local26=0000 ffe440=ff00->009714 sleep=0 local26=0000 ffe480=ff00->009714 sleep=0 local26=0000 ffe4c0=ff00->009714 sleep=0 local26=0000 ffe500=ff00->009714 sleep=0 local26=0000 ffe540=ff00->009714 sleep=0 local26=0000 ffe580=ff00->009714 sleep=0 local26=0000 ffe5c0=ff00->009714 sleep=0 local26=0000 ffe600=ff00->009714 sleep=0 local26=0000 ffe640=ff00->009714 sleep=0 local26=0000 ffe680=ff00->009714 sleep=0 local26=0000 ffe6c0=ff00->009714 sleep=0 local26=0000 ffe700=ff00->009714 sleep=0 local26=0000 ffe740=ff00->009714 sleep=0 local26=0000 ffe780=ff00->009714 sleep=0 local26=0000 ffe7c0=ff00->009714 sleep=0 local26=0000
[  66.389]   [header-byte] write $ffa517 = 04 mask=00ff (pc=018446)
[  66.422]   [header-byte] write $ffa517 = 04 mask=00ff (pc=018446)
[  66.522]   [header-byte] write $ffa517 = 04 mask=00ff (pc=018446)
[  66.789]   [header-byte] write $ffa517 = 04 mask=00ff (pc=018446)
[  66.922]   [header-byte] write $ffa517 = 04 mask=00ff (pc=018446)
[  67.086] heartbeat frame=4020 tx=5121 rx=4317 fc=1 fd=10 fe=1 linkflag=81 pc=000288 a502=00 a524=0000 a525=00 a170=c2 a17f=00 txtail=0001 rxpend=0000
[  67.086] [transport] captured=5121 flushed=5121 injected=4317 accepted=0 payload2=0 payload3=0 payload4=0 payload5=0 pump_reads=3752 bursts=686 txcredit=0 outq=0 inq=0 watchdog=9 txseq=af rxseq=7d
[  67.086] [epochs] local=1 peer=1 ready=true discarded_rx=0
[  67.086] [tcb-continuations] ffa580=ff80->018392 sleep=0 local26=7710 ffa5c0=ff80->01853c sleep=0 local26=0800 ffd000=ffc0->00d4b4 sleep=0 local26=0000 ffd040=ffc0->00daca sleep=0 local26=0000 ffd080=ffc0->004f7e sleep=0 local26=0000 ffd0c0=ffc0->005120 sleep=20 local26=0001 ffd100=ff80->006782 sleep=0 local26=0000 ffd140=ffc0->008082 sleep=0 local26=031c ffd180=ff80->006c06 sleep=0 local26=0005 ffd1c0=ff80->004486 sleep=0 local26=0000 ffd200=ff00->00989e sleep=0 local26=0015 ffd240=ff80->006b6e sleep=0 local26=0000 ffd280=ff80->006b6e sleep=0 local26=0000 ffd2c0=ff00->0079fe sleep=2 local26=0001 ffd300=ff80->006b6e sleep=0 local26=0000 ffd340=ff80->006b6e sleep=0 local26=0000 ffd380=ff00->007a16 sleep=0 local26=0000 ffd3c0=ff80->006b6e sleep=0 local26=0000 ffd400=ff00->0079fe sleep=14 local26=0001 ffd440=ff00->0079fe sleep=12 local26=0000 ffdfc0=ffc0->00d6d0 sleep=0 local26=0000 ffe040=ff00->0070c2 sleep=0 local26=4c00
[  67.239]   [header-byte] write $ffa517 = 04 mask=00ff (pc=018446)
[  67.239]   [header-byte] write $ffa517 = 04 mask=00ff (pc=018446)
[  67.706]   [header-byte] write $ffa517 = 04 mask=00ff (pc=018446)
[  68.088] heartbeat frame=4080 tx=5148 rx=4358 fc=1 fd=10 fe=1 linkflag=81 pc=000288 a502=00 a524=0000 a525=00 a170=c2 a17f=00 txtail=001c rxpend=0000
[  68.088] [transport] captured=5148 flushed=5148 injected=4358 accepted=0 payload2=0 payload3=0 payload4=0 payload5=0 pump_reads=3812 bursts=689 txcredit=0 outq=0 inq=0 watchdog=22 txseq=b2 rxseq=80
[  68.088] [epochs] local=1 peer=1 ready=true discarded_rx=0
[  68.088] [tcb-continuations] ffa580=ff80->018392 sleep=0 local26=7710 ffa5c0=ff80->01853c sleep=0 local26=0300 ffd000=ffc0->00d4b4 sleep=0 local26=0000 ffd040=ffc0->00daca sleep=0 local26=0000 ffd080=ffc0->004fe8 sleep=0 local26=0000 ffd0c0=ffc0->004f7e sleep=0 local26=0000 ffd100=ff80->006782 sleep=0 local26=0000 ffd140=ffc0->008082 sleep=0 local26=011c ffd1c0=ff80->006c06 sleep=0 local26=0006 ffd200=ff80->00975a sleep=0 local26=0016 ffd240=ff00->007a24 sleep=0 local26=0400 ffd280=ff00->007a24 sleep=0 local26=0400 ffd2c0=ff80->004486 sleep=0 local26=0001 ffd300=ff00->007a24 sleep=0 local26=0200 ffd340=ff00->007a24 sleep=0 local26=0600 ffd380=ff80->006b6e sleep=0 local26=0000 ffd3c0=ff00->007a24 sleep=0 local26=0500 ffd400=ff80->006b6e sleep=0 local26=0000 ffd440=ff80->006b6e sleep=0 local26=0000 ffd4c0=ff00->009950 sleep=0 local26=000b ffd500=ff80->006b6e sleep=0 local26=0000 ffd540=ff80->006b6e sleep=0 local26=0000 ffd580=ff80->006b6e sleep=0 local26=0000 ffdfc0=ffc0->00d6d0 sleep=0 local26=0000 ffe000=ff00->0070c2 sleep=0 local26=4100
[  68.224]   [header-byte] write $ffa517 = 04 mask=00ff (pc=018446)
[  68.376]   [header-byte] write $ffa517 = 04 mask=00ff (pc=018446)
[  68.609]   [header-byte] write $ffa517 = 04 mask=00ff (pc=018446)
[  68.624]   [header-byte] write $ffa517 = 04 mask=00ff (pc=018446)
[  68.726]   [header-byte] write $ffa517 = 04 mask=00ff (pc=018446)
[  68.959]   [header-byte] write $ffa517 = 04 mask=00ff (pc=018446)
[  69.089] heartbeat frame=4140 tx=5185 rx=4436 fc=1 fd=10 fe=1 linkflag=81 pc=000288 a502=00 a524=0000 a525=00 a170=c2 a17f=00 txtail=0041 rxpend=0000
[  69.089] [transport] captured=5185 flushed=5185 injected=4436 accepted=0 payload2=0 payload3=0 payload4=0 payload5=0 pump_reads=3872 bursts=692 txcredit=0 outq=0 inq=7 watchdog=7 txseq=b5 rxseq=86
[  69.089] [epochs] local=1 peer=1 ready=true discarded_rx=0
[  69.089] [tcb-continuations] ffa580=ff80->018392 sleep=0 local26=7710 ffa5c0=ff80->01853c sleep=0 local26=1a00 ffd000=ffc0->00d4b4 sleep=0 local26=0000 ffd040=ffc0->00daca sleep=0 local26=0000 ffd080=ffc0->005120 sleep=3 local26=0001 ffd0c0=ffc0->004f7e sleep=0 local26=0000 ffd100=ff80->006782 sleep=0 local26=0000 ffd140=ffc0->008082 sleep=0 local26=011c ffd180=ff00->007a24 sleep=0 local26=0601 ffd1c0=ff80->006c06 sleep=0 local26=0000 ffd2c0=ff80->00449a sleep=0 local26=0001 ffd380=ff00->007a24 sleep=0 local26=0500 ffd400=ff00->007a24 sleep=0 local26=0600 ffd440=ff00->007a24 sleep=0 local26=0500 ffd480=ff00->007a24 sleep=0 local26=0500 ffd500=ff00->0079fe sleep=4 local26=0000 ffd540=ff00->007a24 sleep=0 local26=0600 ffd580=ff00->007a24 sleep=0 local26=0600 ffdfc0=ffc0->00d6d0 sleep=0 local26=0000 ffe000=ff00->0070c2 sleep=0 local26=4100
[  69.091]   [header-byte] write $ffa517 = 04 mask=00ff (pc=018446)
[  69.475]   [header-byte] write $ffa517 = 04 mask=00ff (pc=018446)
[  69.995]   [header-byte] write $ffa517 = 04 mask=00ff (pc=018446)
[  70.090] heartbeat frame=4200 tx=5257 rx=4463 fc=1 fd=10 fe=1 linkflag=81 pc=000288 a502=00 a524=0000 a525=00 a170=c2 a17f=00 txtail=0089 rxpend=0000
[  70.090] [transport] captured=5257 flushed=5257 injected=4463 accepted=0 payload2=0 payload3=0 payload4=0 payload5=0 pump_reads=3932 bursts=698 txcredit=0 outq=0 inq=0 watchdog=5 txseq=bb rxseq=89
[  70.090] [epochs] local=1 peer=1 ready=true discarded_rx=0
[  70.090] [tcb-continuations] ffa580=ff80->018392 sleep=0 local26=7710 ffa5c0=ff80->01853c sleep=0 local26=0800 ffd000=ffc0->00d4b4 sleep=0 local26=0000 ffd040=ffc0->00daca sleep=0 local26=0000 ffd080=ffc0->00504e sleep=0 local26=0f00 ffd0c0=ffc0->004f7e sleep=0 local26=0000 ffd100=ff80->006782 sleep=0 local26=0000 ffd140=ffc0->008082 sleep=0 local26=001c ffd180=ff00->00989e sleep=0 local26=003d ffd1c0=ff00->0079fe sleep=7 local26=0001 ffd200=ff80->009546 sleep=0 local26=0009 ffd280=ff00->0079fe sleep=5 local26=0000 ffd2c0=ff80->007944 sleep=0 local26=0000 ffd300=ff80->007d70 sleep=0 local26=0000 ffd340=ff80->006c06 sleep=0 local26=0003 ffd380=ff80->006b6e sleep=0 local26=0000 ffd3c0=ff80->006b6e sleep=0 local26=0000 ffd400=ff80->006b6e sleep=0 local26=0000 ffdfc0=ffc0->00d6d0 sleep=0 local26=0000 ffe540=ff00->009714 sleep=0 local26=0000 ffe580=ff00->009714 sleep=0 local26=0000 ffe5c0=ff00->009714 sleep=0 local26=0000 ffe600=ff00->009714 sleep=0 local26=0000 ffe640=ff00->009714 sleep=0 local26=0000 ffe680=ff00->009714 sleep=0 local26=0000 ffe6c0=ff00->009714 sleep=0 local26=0000
[  70.277]   [header-byte] write $ffa517 = 04 mask=00ff (pc=018446)
[  70.293]   [header-byte] write $ffa517 = 04 mask=00ff (pc=018446)
[  70.462]   [header-byte] write $ffa517 = 04 mask=00ff (pc=018446)
[  70.594]   [header-byte] write $ffa517 = 04 mask=00ff (pc=018446)
[  70.961]   [header-byte] write $ffa517 = 04 mask=00ff (pc=018446)
[  71.092] heartbeat frame=4260 tx=5315 rx=4538 fc=1 fd=10 fe=1 linkflag=81 pc=000288 a502=00 a524=0000 a525=00 a170=c2 a17f=00 txtail=00c3 rxpend=0000
[  71.092] [transport] captured=5315 flushed=5315 injected=4538 accepted=0 payload2=0 payload3=0 payload4=0 payload5=0 pump_reads=3992 bursts=702 txcredit=0 outq=0 inq=7 watchdog=7 txseq=bf rxseq=8e
[  71.092] [epochs] local=1 peer=1 ready=true discarded_rx=0
[  71.092] [tcb-continuations] ffa580=ff80->018392 sleep=0 local26=7710 ffa5c0=ff80->01853c sleep=0 local26=0b00 ffd000=ffc0->00d4b4 sleep=0 local26=0000 ffd040=ffc0->00daca sleep=0 local26=0000 ffd080=ffc0->00514e sleep=13 local26=0001 ffd0c0=ffc0->00504e sleep=0 local26=0d00 ffd100=ff80->006782 sleep=0 local26=0000 ffd140=ffc0->008082 sleep=0 local26=03ff ffd180=ff00->00989e sleep=0 local26=0001 ffd1c0=ff80->007944 sleep=0 local26=0001 ffd200=ff80->007d70 sleep=0 local26=0000 ffd240=ff80->0095b6 sleep=0 local26=001e ffd280=ff00->009950 sleep=0 local26=0027 ffd2c0=ff00->007a24 sleep=0 local26=0201 ffd300=ff00->007a24 sleep=0 local26=0200 ffd380=ff00->007a24 sleep=0 local26=0300 ffd3c0=ff00->007a24 sleep=0 local26=0300 ffd400=ff00->007a24 sleep=0 local26=0400 ffdfc0=ffc0->00d6d0 sleep=0 local26=0000 ffe000=ff00->009ac0 sleep=0 local26=0000 ffe040=ff00->009ac0 sleep=0 local26=0000 ffe080=ff00->009ac0 sleep=0 local26=0000 ffe0c0=ff00->009ac0 sleep=0 local26=0000 ffe100=ff00->009ac0 sleep=0 local26=0000 ffe140=ff00->009ac0 sleep=0 local26=0000 ffe180=ff00->009ac0 sleep=0 local26=0000 ffe1c0=ff00->009ac0 sleep=0 local26=0000 ffe200=ff00->009ab6 sleep=0 local26=0000 ffe240=ff00->009ab6 sleep=0 local26=0000 ffe280=ff00->009ab6 sleep=0 local26=0000 ffe2c0=ff00->009ab6 sleep=0 local26=0000 ffe300=ff00->009ab2 sleep=4 local26=0000 ffe340=ff00->009ab2 sleep=4 local26=0000 ffe380=ff00->009ab2 sleep=4 local26=0000 ffe3c0=ff00->009ab2 sleep=4 local26=0000
[  71.094]   [header-byte] write $ffa517 = 04 mask=00ff (pc=018446)
[  71.595]   [header-byte] write $ffa517 = 04 mask=00ff (pc=018446)
[  71.678]   [header-byte] write $ffa517 = 04 mask=00ff (pc=018446)
[  72.093] heartbeat frame=4320 tx=5390 rx=4565 fc=1 fd=10 fe=1 linkflag=81 pc=00028a a502=00 a524=0000 a525=00 a170=c2 a17f=00 txtail=000e rxpend=0000
[  72.093] [transport] captured=5390 flushed=5390 injected=4565 accepted=0 payload2=0 payload3=0 payload4=0 payload5=0 pump_reads=4052 bursts=707 txcredit=0 outq=0 inq=0 watchdog=24 txseq=c4 rxseq=91
[  72.093] [epochs] local=1 peer=1 ready=true discarded_rx=0
[  72.093] [tcb-continuations] ffa580=ff80->018392 sleep=0 local26=7710 ffa5c0=ff80->01853c sleep=0 local26=1000 ffd000=ffc0->00d4b4 sleep=0 local26=0000 ffd040=ffc0->00daca sleep=0 local26=0000 ffd080=ffc0->005120 sleep=12 local26=0001 ffd0c0=ffc0->004f7e sleep=0 local26=0000 ffd100=ff80->006782 sleep=0 local26=0000 ffd140=ffc0->008082 sleep=0 local26=0302 ffd180=ff80->006c06 sleep=0 local26=0000 ffd1c0=ff00->007a24 sleep=0 local26=0201 ffd200=ff00->007a24 sleep=0 local26=0100 ffd240=ff80->00962a sleep=0 local26=ffff ffd2c0=ff00->0079fe sleep=13 local26=0000 ffd300=ff00->0079fe sleep=23 local26=0000 ffdfc0=ffc0->00d6d0 sleep=0 local26=0000 ffe400=ff00->0070c2 sleep=0 local26=4c00
[  72.129]   [header-byte] write $ffa517 = 04 mask=00ff (pc=018446)
[  72.396]   [header-byte] write $ffa517 = 04 mask=00ff (pc=018446)
[  72.529]   [header-byte] write $ffa517 = 04 mask=00ff (pc=018446)
[  72.913]   [header-byte] write $ffa517 = 04 mask=00ff (pc=018446)
[  73.046]   [header-byte] write $ffa517 = 04 mask=00ff (pc=018446)
[  73.094] heartbeat frame=4380 tx=5455 rx=4630 fc=1 fd=10 fe=1 linkflag=81 pc=000288 a502=00 a524=0000 a525=00 a170=c2 a17f=00 txtail=004f rxpend=0000
[  73.094] [transport] captured=5455 flushed=5455 injected=4630 accepted=0 payload2=0 payload3=0 payload4=0 payload5=0 pump_reads=4112 bursts=712 txcredit=0 outq=0 inq=0 watchdog=2 txseq=c9 rxseq=96
[  73.094] [epochs] local=1 peer=1 ready=true discarded_rx=0
[  73.094] [tcb-continuations] ffa580=ff80->018392 sleep=0 local26=7710 ffa5c0=ff80->01853c sleep=0 local26=0900 ffd000=ffc0->00d4b4 sleep=0 local26=0000 ffd040=ffc0->00daca sleep=0 local26=0000 ffd080=ffc0->005164 sleep=0 local26=0001 ffd0c0=ffc0->00504e sleep=0 local26=0400 ffd100=ff80->006782 sleep=0 local26=0000 ffd140=ffc0->008082 sleep=0 local26=0302 ffd180=ff80->00962a sleep=0 local26=ffff ffd1c0=ff00->009950 sleep=0 local26=0003 ffd200=ff00->0079fe sleep=6 local26=0001 ffd240=ff00->0079fe sleep=4 local26=0000 ffd280=ff80->007944 sleep=0 local26=0000 ffd2c0=ff80->007d70 sleep=0 local26=0000 ffdfc0=ffc0->00d6d0 sleep=0 local26=0000 ffe000=ff00->0070c2 sleep=0 local26=2000 ffe440=ff00->0070c2 sleep=0 local26=4100
[  73.381]   [header-byte] write $ffa517 = 04 mask=00ff (pc=018446)
[  73.531]   [header-byte] write $ffa517 = 04 mask=00ff (pc=018446)
[  73.898]   [header-byte] write $ffa517 = 04 mask=00ff (pc=018446)
[  73.898]   [header-byte] write $ffa517 = 04 mask=00ff (pc=018446)
[  74.015]   [header-byte] write $ffa517 = 04 mask=00ff (pc=018446)
[  74.095] heartbeat frame=4440 tx=5537 rx=4695 fc=1 fd=10 fe=1 linkflag=81 pc=00028a a502=00 a524=0000 a525=00 a170=c2 a17f=00 txtail=00a1 rxpend=0000
[  74.095] [transport] captured=5537 flushed=5537 injected=4695 accepted=0 payload2=0 payload3=0 payload4=0 payload5=0 pump_reads=4172 bursts=718 txcredit=0 outq=0 inq=0 watchdog=4 txseq=cf rxseq=9b
[  74.095] [epochs] local=1 peer=1 ready=true discarded_rx=0
[  74.095] [tcb-continuations] ffa580=ff80->018392 sleep=0 local26=7710 ffa5c0=ff80->01853c sleep=0 local26=0100 ffd000=ffc0->00d4b4 sleep=0 local26=0000 ffd040=ffc0->00daca sleep=0 local26=0000 ffd080=ffc0->005096 sleep=0 local26=0000 ffd0c0=ffc0->004f7e sleep=0 local26=0000 ffd100=ff80->006782 sleep=0 local26=0000 ffd140=ffc0->008082 sleep=0 local26=0202 ffd180=ff80->006c06 sleep=0 local26=0000 ffd1c0=ff00->0079fe sleep=21 local26=0001 ffd240=ff80->00449a sleep=0 local26=0001 ffd280=ff00->007a24 sleep=0 local26=0301 ffd2c0=ff00->007a24 sleep=0 local26=0300 ffd300=ff00->0079fe sleep=19 local26=0000 ffd340=ff00->0079fe sleep=19 local26=0000 ffd380=ff00->0079fe sleep=21 local26=0000 ffd3c0=ff00->0079fe sleep=14 local26=0000 ffd400=ff00->0079fe sleep=17 local26=0000 ffd440=ff00->0079fe sleep=15 local26=0000 ffdfc0=ffc0->00d6d0 sleep=0 local26=0000 ffe040=ff00->0070c2 sleep=0 local26=3600
[  74.515]   [header-byte] write $ffa517 = 04 mask=00ff (pc=018446)
[  74.832]   [header-byte] write $ffa517 = 04 mask=00ff (pc=018446)
[  74.833]   [header-byte] write $ffa517 = 04 mask=00ff (pc=018446)
[  74.849]   [header-byte] write $ffa517 = 04 mask=00ff (pc=018446)
[  75.097] heartbeat frame=4500 tx=5585 rx=4749 fc=1 fd=10 fe=1 linkflag=81 pc=000288 a502=00 a524=0000 a525=00 a170=c2 a17f=00 txtail=00d1 rxpend=0000
[  75.097] [transport] captured=5585 flushed=5585 injected=4749 accepted=0 payload2=0 payload3=0 payload4=0 payload5=0 pump_reads=4232 bursts=722 txcredit=0 outq=0 inq=0 watchdog=14 txseq=d3 rxseq=9f
[  75.097] [epochs] local=1 peer=1 ready=true discarded_rx=0
[  75.097] [tcb-continuations] ffa580=ff80->018392 sleep=0 local26=7710 ffa5c0=ff80->01853c sleep=0 local26=0100 ffd000=ffc0->00d4b4 sleep=0 local26=0000 ffd040=ffc0->00daca sleep=0 local26=0000 ffd080=ffc0->004fac sleep=0 local26=0000 ffd0c0=ffc0->00504e sleep=0 local26=2100 ffd100=ff80->006782 sleep=0 local26=0000 ffd140=ffc0->008082 sleep=0 local26=0102 ffd180=ff00->0079fe sleep=23 local26=0002 ffd200=ff00->0079fe sleep=14 local26=0001 ffd240=ff80->007dfc sleep=0 local26=0000 ffd280=ff00->0079fe sleep=12 local26=0000 ffdfc0=ffc0->00d6d0 sleep=0 local26=0000 ffe000=ff00->0070c2 sleep=0 local26=4c00 ffe040=ff00->0070c2 sleep=0 local26=3600
[  75.232]   [header-byte] write $ffa517 = 04 mask=00ff (pc=018446)
[  75.450]   [header-byte] write $ffa517 = 04 mask=00ff (pc=018446)
[  75.550]   [header-byte] write $ffa517 = 04 mask=00ff (pc=018446)
[  75.833]   [header-byte] write $ffa517 = 04 mask=00ff (pc=018446)
[  75.967]   [header-byte] write $ffa517 = 04 mask=00ff (pc=018446)
[  76.098] heartbeat frame=4560 tx=5674 rx=4814 fc=1 fd=10 fe=1 linkflag=81 pc=000288 a502=00 a524=0000 a525=00 a170=c2 a17f=00 txtail=002a rxpend=0000
[  76.098] [transport] captured=5674 flushed=5674 injected=4814 accepted=0 payload2=0 payload3=0 payload4=0 payload5=0 pump_reads=4292 bursts=729 txcredit=0 outq=0 inq=0 watchdog=7 txseq=da rxseq=a4
[  76.098] [epochs] local=1 peer=1 ready=true discarded_rx=0
[  76.098] [tcb-continuations] ffa580=ff80->018392 sleep=0 local26=7710 ffa5c0=ff80->01853c sleep=0 local26=0600 ffd000=ffc0->00d4b4 sleep=0 local26=0000 ffd040=ffc0->00daca sleep=0 local26=0000 ffd080=ffc0->00504e sleep=0 local26=0700 ffd0c0=ffc0->00504e sleep=0 local26=0100 ffd100=ff80->006782 sleep=0 local26=0000 ffd140=ffc0->008082 sleep=0 local26=0102 ffd180=ff80->007944 sleep=0 local26=0000 ffd1c0=ff00->0079fe sleep=3 local26=0001 ffd200=ff80->007d70 sleep=0 local26=0000 ffd240=ff80->007944 sleep=0 local26=0000 ffd280=ff80->007d70 sleep=0 local26=0000 ffd2c0=ff00->0079fe sleep=3 local26=0000 ffd300=ff00->0079fe sleep=8 local26=0002 ffd340=ff00->0079fe sleep=9 local26=0000 ffdfc0=ffc0->00d6d0 sleep=0 local26=0000 ffe000=ff00->0070c2 sleep=0 local26=4c00 ffe040=ff00->0070c2 sleep=0 local26=3600
[  76.351]   [header-byte] write $ffa517 = 04 mask=00ff (pc=018446)
[  76.501]   [header-byte] write $ffa517 = 04 mask=00ff (pc=018446)
[  76.618]   [header-byte] write $ffa517 = 04 mask=00ff (pc=018446)
[  76.752]   [header-byte] write $ffa517 = 04 mask=00ff (pc=018446)
[  77.099] heartbeat frame=4620 tx=5742 rx=4862 fc=1 fd=10 fe=1 linkflag=81 pc=000288 a502=00 a524=0000 a525=00 a170=c2 a17f=00 txtail=006e rxpend=0000
[  77.099] [transport] captured=5742 flushed=5742 injected=4862 accepted=0 payload2=0 payload3=0 payload4=0 payload5=0 pump_reads=4352 bursts=735 txcredit=0 outq=0 inq=0 watchdog=20 txseq=e0 rxseq=a8
[  77.099] [epochs] local=1 peer=1 ready=true discarded_rx=0
[  77.099] [tcb-continuations] ffa580=ff80->018392 sleep=0 local26=7710 ffa5c0=ff80->01853c sleep=0 local26=1700 ffd000=ffc0->00d4b4 sleep=0 local26=0000 ffd040=ffc0->00daca sleep=0 local26=0000 ffd080=ffc0->00504e sleep=0 local26=1200 ffd0c0=ffc0->00504e sleep=0 local26=1300 ffd100=ff80->006782 sleep=0 local26=0000 ffd140=ffc0->008082 sleep=0 local26=0002 ffd180=ff00->007a24 sleep=0 local26=0501 ffd1c0=ff80->0079d4 sleep=0 local26=0001 ffd200=ff00->007a24 sleep=0 local26=0400 ffd240=ff00->007a24 sleep=0 local26=0402 ffd280=ff00->007a24 sleep=0 local26=0400 ffd2c0=ff00->0079fe sleep=24 local26=0000 ffd300=ff80->007944 sleep=0 local26=0000 ffd340=ff80->007d70 sleep=0 local26=0000 ffdfc0=ffc0->00d6d0 sleep=0 local26=0000 ffe000=ff00->0070c2 sleep=0 local26=4c00 ffe040=ff00->0070c2 sleep=0 local26=3600
[  77.152]   [header-byte] write $ffa517 = 04 mask=00ff (pc=018446)
[  77.269]   [header-byte] write $ffa517 = 04 mask=00ff (pc=018446)
[  77.536]   [header-byte] write $ffa517 = 04 mask=00ff (pc=018446)
[  77.669]   [header-byte] write $ffa517 = 04 mask=00ff (pc=018446)
[  78.003]   [header-byte] write $ffa517 = 04 mask=00ff (pc=018446)
[  78.101] heartbeat frame=4680 tx=5831 rx=4927 fc=1 fd=10 fe=1 linkflag=81 pc=00028a a502=00 a524=0000 a525=00 a170=c2 a17f=00 txtail=00c7 rxpend=0000
[  78.101] [transport] captured=5831 flushed=5831 injected=4927 accepted=0 payload2=0 payload3=0 payload4=0 payload5=0 pump_reads=4412 bursts=742 txcredit=0 outq=0 inq=0 watchdog=5 txseq=e7 rxseq=ad
[  78.101] [epochs] local=1 peer=1 ready=true discarded_rx=0
[  78.101] [tcb-continuations] ffa580=ff80->018392 sleep=0 local26=7710 ffa5c0=ff80->01853c sleep=0 local26=0700 ffd000=ffc0->00d4b4 sleep=0 local26=0000 ffd040=ffc0->00daca sleep=0 local26=0000 ffd080=ffc0->00504e sleep=0 local26=1d00 ffd0c0=ffc0->00504e sleep=0 local26=0200 ffd100=ff80->006782 sleep=0 local26=0000 ffd140=ffc0->008082 sleep=0 local26=03ff ffd180=ff80->0079d4 sleep=0 local26=0001 ffd1c0=ff80->007944 sleep=0 local26=0000 ffd200=ff00->0079fe sleep=8 local26=0002 ffd240=ff80->007dfc sleep=0 local26=0000 ffd280=ff80->007d70 sleep=0 local26=0000 ffd300=ff00->007a24 sleep=0 local26=0201 ffd340=ff00->007a24 sleep=0 local26=0200 ffd380=ff00->0079fe sleep=8 local26=0000 ffdfc0=ffc0->00d6d0 sleep=0 local26=0000 ffe000=ff00->0070c2 sleep=0 local26=4c00 ffe040=ff00->0070c2 sleep=0 local26=3600
[  78.155]   [header-byte] write $ffa517 = 04 mask=00ff (pc=018446)
[  78.403]   [header-byte] write $ffa517 = 04 mask=00ff (pc=018446)
[  78.520]   [header-byte] write $ffa517 = 04 mask=00ff (pc=018446)
[  78.739]   [header-byte] write $ffa517 = 04 mask=00ff (pc=018446)
[  78.871]   [header-byte] write $ffa517 = 04 mask=00ff (pc=018446)
[  79.102] heartbeat frame=4740 tx=5896 rx=4982 fc=1 fd=10 fe=1 linkflag=81 pc=000288 a502=00 a524=0011 a525=11 a170=c2 a17f=00 txtail=0008 rxpend=0000
[  79.102] [transport] captured=5896 flushed=5896 injected=4982 accepted=0 payload2=0 payload3=0 payload4=0 payload5=0 pump_reads=4472 bursts=747 txcredit=0 outq=0 inq=0 watchdog=13 txseq=ed rxseq=b2
[  79.102] [epochs] local=1 peer=1 ready=true discarded_rx=0
[  79.102] [tcb-continuations] ffa580=ff80->018392 sleep=0 local26=7710 ffa5c0=ff80->01853c sleep=0 local26=0000 ffd000=ffc0->00d4b4 sleep=0 local26=0000 ffd040=ffc0->00daca sleep=0 local26=0000 ffd080=ffc0->00508e sleep=0 local26=0000 ffd0c0=ffc0->0050ba sleep=0 local26=0000 ffd100=ff80->006782 sleep=0 local26=0000 ffd140=ffc0->008082 sleep=0 local26=01ff ffd180=ff00->007a24 sleep=0 local26=0101 ffd1c0=ff00->007a24 sleep=0 local26=0201 ffd280=ff00->007a24 sleep=0 local26=0200 ffd2c0=ff00->0079fe sleep=22 local26=0001 ffd300=ff00->0079fe sleep=20 local26=0000 ffd340=ff00->0079fe sleep=16 local26=0001 ffd3c0=ff00->0079fe sleep=14 local26=0000 ffdfc0=ffc0->00d6d0 sleep=0 local26=0000 ffe000=ff00->0070c2 sleep=0 local26=4c00
[  79.154]   [header-byte] write $ffa517 = 04 mask=00ff (pc=018446)
[  79.188] [game-command] data=2b2b mask=ff00 pc=00c030 requests=00
[  79.272]   [header-byte] write $ffa517 = 04 mask=00ff (pc=018446)
[  79.488]   [header-byte] write $ffa517 = 04 mask=00ff (pc=018446)
[  79.606]   [header-byte] write $ffa517 = 04 mask=00ff (pc=018446)
[  79.872]   [header-byte] write $ffa517 = 04 mask=00ff (pc=018446)
[  79.989]   [header-byte] write $ffa517 = 04 mask=00ff (pc=018446)
[  80.103] heartbeat frame=4800 tx=5952 rx=5054 fc=1 fd=10 fe=1 linkflag=81 pc=000288 a502=00 a524=0000 a525=00 a170=c2 a17f=00 txtail=0040 rxpend=0000
[  80.103] [transport] captured=5952 flushed=5952 injected=5054 accepted=0 payload2=0 payload3=0 payload4=0 payload5=0 pump_reads=4532 bursts=753 txcredit=0 outq=0 inq=0 watchdog=6 txseq=f2 rxseq=b8
[  80.103] [epochs] local=1 peer=1 ready=true discarded_rx=0
[  80.103] [game-state] a142=04 a13e=04 a13f=0f a530=2b22 a506=0b a507=01 a508=00 a7b0=0022 a7a6=9334 script=01a51a
[  80.103] [tcb-continuations] ffa580=ff80->018392 sleep=0 local26=7710 ffa5c0=ff80->01853c sleep=0 local26=0d00 ffd000=ffc0->00d4b4 sleep=0 local26=0000 ffd040=ffc0->00daca sleep=0 local26=0000 ffd080=ffc0->005120 sleep=15 local26=0001 ffd0c0=ffc0->00bdcc sleep=0 local26=0006 ffd100=ff80->006782 sleep=0 local26=0000 ffd140=ffc0->008082 sleep=0 local26=0301 ffd1c0=ff00->0079fe sleep=9 local26=0001 ffd200=ff80->00cec4 sleep=0 local26=0018 ffd240=ff80->00cec4 sleep=0 local26=080f ffd280=ff00->0079fe sleep=7 local26=0000 ffd380=ff80->00cec4 sleep=0 local26=0807 ffd400=ff80->00cec4 sleep=0 local26=0004 ffd440=ff80->00cec4 sleep=0 local26=0811 ffd480=ff80->00cec4 sleep=0 local26=0817 ffd4c0=ff80->00449a sleep=0 local26=0001 ffdfc0=ffc0->00d6d0 sleep=0 local26=0000 ffe000=ff00->0070c2 sleep=0 local26=4c00 ffe040=ff00->0070c2 sleep=0 local26=2b00
[  80.273]   [header-byte] write $ffa517 = 04 mask=00ff (pc=018446)
[  80.657]   [header-byte] write $ffa517 = 04 mask=00ff (pc=018446)
[  80.673]   [header-byte] write $ffa517 = 04 mask=00ff (pc=018446)
[  80.790]   [header-byte] write $ffa517 = 04 mask=00ff (pc=018446)
[  81.104] heartbeat frame=4860 tx=6010 rx=5112 fc=1 fd=10 fe=1 linkflag=81 pc=000288 a502=00 a524=0000 a525=00 a170=c2 a17f=00 txtail=007a rxpend=0000
[  81.104] [transport] captured=6010 flushed=6010 injected=5112 accepted=0 payload2=0 payload3=0 payload4=0 payload5=0 pump_reads=4592 bursts=757 txcredit=0 outq=0 inq=0 watchdog=18 txseq=f6 rxseq=bc
[  81.104] [epochs] local=1 peer=1 ready=true discarded_rx=0
[  81.104] [tcb-continuations] ffa580=ff80->018392 sleep=0 local26=7710 ffa5c0=ff80->01853c sleep=0 local26=1000 ffd000=ffc0->00d4b4 sleep=0 local26=0000 ffd040=ffc0->00daca sleep=0 local26=0000 ffd080=ffc0->005164 sleep=0 local26=0001 ffd0c0=ffc0->00c35c sleep=0 local26=0000 ffd100=ff80->006782 sleep=0 local26=0000 ffd140=ffc0->008082 sleep=0 local26=0201 ffd180=ff80->00962a sleep=0 local26=ffff ffd1c0=ffc0->00ca8a sleep=0 local26=000e ffd2c0=ff00->009950 sleep=0 local26=0006 ffd4c0=ff80->00449a sleep=0 local26=0001 ffdfc0=ffc0->00d6d0 sleep=0 local26=0000 ffe040=ff00->0070c2 sleep=0 local26=2b00
[  81.240]   [header-byte] write $ffa517 = 04 mask=00ff (pc=018446)
[  81.274]   [header-byte] write $ffa517 = 04 mask=00ff (pc=018446)
[  81.307]   [header-byte] write $ffa517 = 04 mask=00ff (pc=018446)
[  81.374]   [header-byte] write $ffa517 = 04 mask=00ff (pc=018446)
[  81.457]   [header-byte] write $ffa517 = 04 mask=00ff (pc=018446)
[  81.941]   [header-byte] write $ffa517 = 04 mask=00ff (pc=018446)
[  82.041]   [header-byte] write $ffa517 = 04 mask=00ff (pc=018446)
[  82.075]   [header-byte] write $ffa517 = 04 mask=00ff (pc=018446)
[  82.106] heartbeat frame=4920 tx=6037 rx=5214 fc=1 fd=10 fe=1 linkflag=81 pc=000288 a502=00 a524=0000 a525=00 a170=c2 a17f=00 txtail=0095 rxpend=0000
[  82.106] [transport] captured=6037 flushed=6037 injected=5214 accepted=0 payload2=0 payload3=0 payload4=0 payload5=0 pump_reads=4652 bursts=760 txcredit=0 outq=0 inq=0 watchdog=1 txseq=f9 rxseq=c4
[  82.106] [epochs] local=1 peer=1 ready=true discarded_rx=0
[  82.106] [tcb-continuations] ffa580=ff80->018392 sleep=0 local26=7710 ffa5c0=ff80->01853c sleep=0 local26=0f00 ffd000=ffc0->00d4b4 sleep=0 local26=0000 ffd040=ffc0->00daca sleep=0 local26=0000 ffd080=ffc0->00504e sleep=0 local26=2800 ffd0c0=ffc0->00c35c sleep=0 local26=0000 ffd100=ff80->006782 sleep=0 local26=0000 ffd140=ffc0->008082 sleep=0 local26=0101 ffd1c0=ffc0->00ca8a sleep=0 local26=0014 ffd200=ff00->0079fe sleep=24 local26=0001 ffd240=ff00->0079fe sleep=22 local26=0000 ffd4c0=ff80->00449a sleep=0 local26=0001 ffdfc0=ffc0->00d6d0 sleep=0 local26=0000 ffe000=ff00->0070c2 sleep=0 local26=4100
[  82.175]   [header-byte] write $ffa517 = 04 mask=00ff (pc=018446)
[  82.292]   [header-byte] write $ffa517 = 04 mask=00ff (pc=018446)
[  82.709]   [header-byte] write $ffa517 = 04 mask=00ff (pc=018446)
[  82.842]   [header-byte] write $ffa517 = 04 mask=00ff (pc=018446)
[  82.942]   [header-byte] write $ffa517 = 04 mask=00ff (pc=018446)
[  83.107] heartbeat frame=4980 tx=6061 rx=5279 fc=1 fd=10 fe=1 linkflag=81 pc=000288 a502=00 a524=0011 a525=11 a170=c2 a17f=00 txtail=00ad rxpend=0000
[  83.107] [transport] captured=6061 flushed=6061 injected=5279 accepted=0 payload2=0 payload3=0 payload4=0 payload5=0 pump_reads=4712 bursts=762 txcredit=0 outq=0 inq=0 watchdog=9 txseq=fc rxseq=c9
[  83.107] [epochs] local=1 peer=1 ready=true discarded_rx=0
[  83.107] [tcb-continuations] ffa580=ff80->018392 sleep=0 local26=7710 ffa5c0=ff80->01853c sleep=0 local26=0000 ffd000=ffc0->00d4b4 sleep=0 local26=0000 ffd040=ffc0->00daca sleep=0 local26=0000 ffd080=ffc0->00508e sleep=0 local26=0000 ffd0c0=ffc0->00c35c sleep=0 local26=0000 ffd100=ff80->006782 sleep=0 local26=0000 ffd140=ffc0->008082 sleep=0 local26=0001 ffd180=ff80->00963c sleep=0 local26=0000 ffd1c0=ffc0->00ca8a sleep=0 local26=001a ffd280=ff00->009950 sleep=0 local26=0015 ffdfc0=ffc0->00d6d0 sleep=0 local26=0000 ffe000=ff00->0070c2 sleep=0 local26=4100 ffe240=ff00->009ac0 sleep=0 local26=0000 ffe280=ff00->009ac0 sleep=0 local26=0000 ffe2c0=ff00->009ac0 sleep=0 local26=0000 ffe300=ff00->009ac0 sleep=0 local26=0000 ffe340=ff00->009ac0 sleep=0 local26=0000 ffe380=ff00->009ac0 sleep=0 local26=0000 ffe3c0=ff00->009ac0 sleep=0 local26=0000 ffe400=ff00->009ac0 sleep=0 local26=0000 ffe440=ff00->0070c2 sleep=0 local26=2b00 ffe480=ff00->009ac0 sleep=0 local26=0000 ffe4c0=ff00->009ac0 sleep=0 local26=0000 ffe500=ff00->009ac0 sleep=0 local26=0000 ffe540=ff00->009ac0 sleep=0 local26=0000
[  83.377]   [header-byte] write $ffa517 = 04 mask=00ff (pc=018446)
[  83.394]   [header-byte] write $ffa517 = 04 mask=00ff (pc=018446)
[  83.527]   [header-byte] write $ffa517 = 04 mask=00ff (pc=018446)
[  83.860]   [header-byte] write $ffa517 = 04 mask=00ff (pc=018446)
[  84.027]   [header-byte] write $ffa517 = 04 mask=00ff (pc=018446)
[  84.108] heartbeat frame=5040 tx=6122 rx=5344 fc=1 fd=10 fe=1 linkflag=81 pc=000288 a502=00 a524=0000 a525=00 a170=c2 a17f=00 txtail=00ea rxpend=0000
[  84.108] [transport] captured=6122 flushed=6122 injected=5344 accepted=0 payload2=0 payload3=0 payload4=0 payload5=0 pump_reads=4772 bursts=767 txcredit=0 outq=0 inq=0 watchdog=4 txseq=00 rxseq=ce
[  84.108] [epochs] local=1 peer=1 ready=true discarded_rx=0
[  84.108] [tcb-continuations] ffa580=ff80->018392 sleep=0 local26=7710 ffa5c0=ff80->01853c sleep=0 local26=0e00 ffd000=ffc0->00d4b4 sleep=0 local26=0000 ffd040=ffc0->00daca sleep=0 local26=0000 ffd080=ffc0->005120 sleep=15 local26=0001 ffd0c0=ffc0->00c35c sleep=0 local26=0000 ffd100=ff80->006782 sleep=0 local26=0000 ffd140=ffc0->008082 sleep=0 local26=0001 ffd180=ff00->0079fe sleep=9 local26=0001 ffd1c0=ffc0->00ca8a sleep=0 local26=0020 ffd200=ff00->0079fe sleep=7 local26=0000 ffd240=ff80->00975a sleep=0 local26=000e ffdfc0=ffc0->00d6d0 sleep=0 local26=0000 ffe440=ff00->0070c2 sleep=0 local26=2b00
[  84.545]   [header-byte] write $ffa517 = 04 mask=00ff (pc=018446)
[  84.745]   [header-byte] write $ffa517 = 04 mask=00ff (pc=018446)
[  84.779]   [header-byte] write $ffa517 = 04 mask=00ff (pc=018446)
[  84.879]   [header-byte] write $ffa517 = 04 mask=00ff (pc=018446)
[  85.012]   [header-byte] write $ffa517 = 04 mask=00ff (pc=018446)
[  85.029]   [header-byte] write $ffa517 = 04 mask=00ff (pc=018446)
[  85.110] heartbeat frame=5100 tx=6128 rx=5422 fc=1 fd=10 fe=1 linkflag=81 pc=000288 a502=00 a524=0000 a525=00 a170=c2 a17f=00 txtail=00f0 rxpend=0000
[  85.110] [transport] captured=6128 flushed=6128 injected=5422 accepted=0 payload2=0 payload3=0 payload4=0 payload5=0 pump_reads=4832 bursts=769 txcredit=0 outq=0 inq=0 watchdog=4 txseq=02 rxseq=d4
[  85.110] [epochs] local=1 peer=1 ready=true discarded_rx=0
[  85.110] [tcb-continuations] ffa580=ff80->018392 sleep=0 local26=7710 ffa5c0=ff80->01853c sleep=0 local26=0e00 ffd000=ffc0->00d4b4 sleep=0 local26=0000 ffd040=ffc0->00daca sleep=0 local26=0000 ffd080=ffc0->005164 sleep=0 local26=0001 ffd0c0=ffc0->00c35c sleep=0 local26=0000 ffd100=ff80->006782 sleep=0 local26=0000 ffd140=ffc0->008082 sleep=0 local26=03ff ffd180=ff00->00989e sleep=0 local26=0049 ffd1c0=ffc0->00cad6 sleep=0 local26=0000 ffd280=ff80->00962a sleep=0 local26=ffff ffd2c0=ff00->009950 sleep=0 local26=0006 ffdfc0=ffc0->00d6d0 sleep=0 local26=0000 ffe400=ff00->0070c2 sleep=0 local26=4c00 ffe440=ff00->0070c2 sleep=0 local26=2b00 ffe480=ff00->0070c2 sleep=0 local26=2000 ffe4c0=ff00->009714 sleep=0 local26=0000 ffe500=ff00->009714 sleep=0 local26=0000 ffe540=ff00->009714 sleep=0 local26=0000 ffe580=ff00->009714 sleep=0 local26=0000 ffe5c0=ff00->009714 sleep=0 local26=0000 ffe600=ff00->009714 sleep=0 local26=0000 ffe640=ff00->009714 sleep=0 local26=0000 ffe680=ff00->009714 sleep=0 local26=0000
[  85.129]   [header-byte] write $ffa517 = 04 mask=00ff (pc=018446)
[  85.413]   [header-byte] write $ffa517 = 04 mask=00ff (pc=018446)
[  85.414]   [header-byte] write $ffa517 = 04 mask=00ff (pc=018446)
[  85.529]   [header-byte] write $ffa517 = 04 mask=00ff (pc=018446)
[  85.997]   [header-byte] write $ffa517 = 04 mask=00ff (pc=018446)
[  86.030]   [header-byte] write $ffa517 = 04 mask=00ff (pc=018446)
[  86.064]   [header-byte] write $ffa517 = 04 mask=00ff (pc=018446)
[  86.111] heartbeat frame=5160 tx=6172 rx=5521 fc=1 fd=10 fe=1 linkflag=81 pc=000288 a502=00 a524=0000 a525=00 a170=c2 a17f=00 txtail=001c rxpend=0000
[  86.111] [transport] captured=6172 flushed=6172 injected=5521 accepted=0 payload2=0 payload3=0 payload4=0 payload5=0 pump_reads=4892 bursts=773 txcredit=0 outq=0 inq=0 watchdog=2 txseq=06 rxseq=db
[  86.111] [epochs] local=1 peer=1 ready=true discarded_rx=0
[  86.111] [tcb-continuations] ffa580=ff80->018392 sleep=0 local26=7710 ffa5c0=ff80->01853c sleep=0 local26=0e00 ffd000=ffc0->00d4b4 sleep=0 local26=0000 ffd040=ffc0->00daca sleep=0 local26=0000 ffd080=ffc0->004f7e sleep=0 local26=0000 ffd0c0=ffc0->00c35c sleep=0 local26=0000 ffd100=ff80->006782 sleep=0 local26=0000 ffd140=ffc0->008082 sleep=0 local26=01ff ffd180=ff00->00989e sleep=0 local26=000d ffd1c0=ffc0->00cad6 sleep=0 local26=0000 ffd200=ff80->006c06 sleep=0 local26=0000 ffd240=ff00->0079fe sleep=20 local26=0000 ffdfc0=ffc0->00d6d0 sleep=0 local26=0000 ffe440=ff00->0070c2 sleep=0 local26=2b00
[  86.199]   [header-byte] write $ffa517 = 04 mask=00ff (pc=018446)
[  86.497]   [header-byte] write $ffa517 = 04 mask=00ff (pc=018446)
[  86.514]   [header-byte] write $ffa517 = 04 mask=00ff (pc=018446)
[  86.647]   [header-byte] write $ffa517 = 04 mask=00ff (pc=018446)
[  86.864]   [header-byte] write $ffa517 = 04 mask=00ff (pc=018446)
[  86.998]   [header-byte] write $ffa517 = 04 mask=00ff (pc=018446)
[  87.112] heartbeat frame=5220 tx=6226 rx=5593 fc=1 fd=10 fe=1 linkflag=81 pc=000288 a502=00 a524=0000 a525=00 a170=c2 a17f=00 txtail=0052 rxpend=0000
[  87.112] [transport] captured=6226 flushed=6226 injected=5593 accepted=0 payload2=0 payload3=0 payload4=0 payload5=0 pump_reads=4952 bursts=777 txcredit=0 outq=0 inq=17 watchdog=6 txseq=0a rxseq=e1
[  87.112] [epochs] local=1 peer=1 ready=true discarded_rx=0
[  87.112] [tcb-continuations] ffa580=ff80->018392 sleep=0 local26=7710 ffa5c0=ff80->01853c sleep=0 local26=0200 ffd000=ffc0->00d4b4 sleep=0 local26=0000 ffd040=ffc0->00daca sleep=0 local26=0000 ffd080=ffc0->0050b6 sleep=3 local26=0000 ffd0c0=ffc0->00c35c sleep=0 local26=0000 ffd100=ff80->006782 sleep=0 local26=0000 ffd140=ffc0->008082 sleep=0 local26=0306 ffd1c0=ffc0->00cad6 sleep=0 local26=0000 ffd200=ff00->0079fe sleep=19 local26=0001 ffd280=ff00->0079fe sleep=17 local26=0000 ffdfc0=ffc0->00d6d0 sleep=0 local26=0000 ffe440=ff00->0070c2 sleep=0 local26=2b00
[  87.115]   [header-byte] write $ffa517 = 04 mask=00ff (pc=018446)
[  87.615]   [header-byte] write $ffa517 = 04 mask=00ff (pc=018446)
[  87.682]   [header-byte] write $ffa517 = 04 mask=00ff (pc=018446)
[  88.113] heartbeat frame=5280 tx=6260 rx=5634 fc=1 fd=10 fe=1 linkflag=81 pc=00028a a502=00 a524=0000 a525=00 a170=c2 a17f=00 txtail=0074 rxpend=0000
[  88.113] [transport] captured=6260 flushed=6260 injected=5634 accepted=0 payload2=0 payload3=0 payload4=0 payload5=0 pump_reads=5012 bursts=781 txcredit=0 outq=0 inq=0 watchdog=25 txseq=0e rxseq=e4
[  88.113] [epochs] local=1 peer=1 ready=true discarded_rx=0
[  88.113] [tcb-continuations] ffa580=ff80->018392 sleep=0 local26=7710 ffa5c0=ff80->01853c sleep=0 local26=0900 ffd000=ffc0->00d4b4 sleep=0 local26=0000 ffd040=ffc0->00daca sleep=0 local26=0000 ffd080=ffc0->00504e sleep=0 local26=0400 ffd0c0=ffc0->00c35c sleep=0 local26=0000 ffd100=ff80->006782 sleep=0 local26=0000 ffd140=ffc0->008082 sleep=0 local26=0206 ffd180=ff00->0079fe sleep=6 local26=0001 ffd1c0=ffc0->00cb00 sleep=0 local26=0000 ffd200=ff80->007944 sleep=0 local26=0000 ffd240=ff00->0079fe sleep=4 local26=0000 ffd280=ff80->007d70 sleep=0 local26=0000 ffd2c0=ff80->00975a sleep=0 local26=001d ffdfc0=ffc0->00d6d0 sleep=0 local26=0000 ffe000=ff00->0070c2 sleep=0 local26=2000
[  88.185]   [header-byte] write $ffa517 = 04 mask=00ff (pc=018446)
[  88.517]   [header-byte] write $ffa517 = 04 mask=00ff (pc=018446)
[  88.567]   [header-byte] write $ffa517 = 04 mask=00ff (pc=018446)
[  89.018]   [header-byte] write $ffa517 = 04 mask=00ff (pc=018446)
[  89.067]   [header-byte] write $ffa517 = 04 mask=00ff (pc=018446)
[  89.084]   [header-byte] write $ffa517 = 04 mask=00ff (pc=018446)
[  89.115] heartbeat frame=5340 tx=6287 rx=5712 fc=1 fd=10 fe=1 linkflag=81 pc=000288 a502=00 a524=0000 a525=00 a170=c2 a17f=00 txtail=008f rxpend=0000
[  89.115] [transport] captured=6287 flushed=6287 injected=5712 accepted=0 payload2=0 payload3=0 payload4=0 payload5=0 pump_reads=5072 bursts=784 txcredit=0 outq=0 inq=0 watchdog=1 txseq=11 rxseq=ea
[  89.115] [epochs] local=1 peer=1 ready=true discarded_rx=0
[  89.115] [tcb-continuations] ffa580=ff80->018392 sleep=0 local26=7710 ffa5c0=ff80->01853c sleep=0 local26=0d00 ffd000=ffc0->00d4b4 sleep=0 local26=0000 ffd040=ffc0->00daca sleep=0 local26=0000 ffd080=ffc0->00504e sleep=0 local26=0800 ffd0c0=ffc0->00c35c sleep=0 local26=0000 ffd100=ff80->006782 sleep=0 local26=0000 ffd140=ffc0->008082 sleep=0 local26=0206 ffd180=ff80->007944 sleep=0 local26=0000 ffd1c0=ffc0->00cad6 sleep=0 local26=0000 ffd200=ff00->0079fe sleep=2 local26=0001 ffd240=ff80->007d70 sleep=0 local26=0000 ffd280=ff00->007a16 sleep=0 local26=0000 ffd2c0=ff80->00980a sleep=0 local26=0020 ffd300=ff80->00975a sleep=0 local26=0005 ffdfc0=ffc0->00d6d0 sleep=0 local26=0000 ffe000=ff00->0070c2 sleep=0 local26=2000
[  89.534]   [header-byte] write $ffa517 = 04 mask=00ff (pc=018446)
[  89.901]   [header-byte] write $ffa517 = 04 mask=00ff (pc=018446)
[  90.018]   [header-byte] write $ffa517 = 04 mask=00ff (pc=018446)
[  90.037]   [header-byte] write $ffa517 = 04 mask=00ff (pc=018446)
[  90.116] heartbeat frame=5400 tx=6314 rx=5774 fc=1 fd=10 fe=1 linkflag=81 pc=000288 a502=00 a524=0000 a525=00 a170=c2 a17f=00 txtail=00aa rxpend=0000
[  90.116] [transport] captured=6314 flushed=6314 injected=5774 accepted=0 payload2=0 payload3=0 payload4=0 payload5=0 pump_reads=5132 bursts=787 txcredit=0 outq=0 inq=0 watchdog=4 txseq=14 rxseq=ee
[  90.116] [epochs] local=1 peer=1 ready=true discarded_rx=0
[  90.116] [tcb-continuations] ffa580=ff80->018392 sleep=0 local26=7710 ffa5c0=ff80->01853c sleep=0 local26=1300 ffd000=ffc0->00d4b4 sleep=0 local26=0000 ffd040=ffc0->00daca sleep=0 local26=0000 ffd080=ffc0->00504e sleep=0 local26=0e00 ffd0c0=ffc0->00c35c sleep=0 local26=0000 ffd100=ff80->006782 sleep=0 local26=0000 ffd140=ffc0->008082 sleep=0 local26=0106 ffd180=ff00->007a24 sleep=0 local26=0601 ffd1c0=ffc0->00cad6 sleep=0 local26=0000 ffd200=ff80->007944 sleep=0 local26=0000 ffd240=ff00->007a24 sleep=0 local26=0500 ffd280=ff80->00975a sleep=0 local26=0020 ffd340=ff80->007d70 sleep=0 local26=0000 ffdfc0=ffc0->00d6d0 sleep=0 local26=0000 ffe000=ff00->0070c2 sleep=0 local26=2000
[  90.135]   [header-byte] write $ffa517 = 04 mask=00ff (pc=018446)
[  90.620]   [header-byte] write $ffa517 = 04 mask=00ff (pc=018446)
[  90.669]   [header-byte] write $ffa517 = 04 mask=00ff (pc=018446)
[  90.686]   [header-byte] write $ffa517 = 04 mask=00ff (pc=018446)
[  90.736]   [header-byte] write $ffa517 = 04 mask=00ff (pc=018446)
[  91.117] heartbeat frame=5460 tx=6337 rx=5839 fc=1 fd=10 fe=1 linkflag=81 pc=000288 a502=00 a524=0000 a525=00 a170=c2 a17f=00 txtail=00c1 rxpend=0000
[  91.117] [transport] captured=6337 flushed=6337 injected=5839 accepted=0 payload2=0 payload3=0 payload4=0 payload5=0 pump_reads=5192 bursts=790 txcredit=0 outq=0 inq=0 watchdog=22 txseq=17 rxseq=f3
[  91.117] [epochs] local=1 peer=1 ready=true discarded_rx=0
[  91.117] [tcb-continuations] ffa580=ff80->018392 sleep=0 local26=7710 ffa5c0=ff80->01853c sleep=0 local26=0a00 ffd000=ffc0->00d4b4 sleep=0 local26=0000 ffd040=ffc0->00daca sleep=0 local26=0000 ffd080=ffc0->00514e sleep=14 local26=0001 ffd0c0=ffc0->00c35c sleep=0 local26=0000 ffd100=ff80->006782 sleep=0 local26=0000 ffd140=ffc0->008082 sleep=0 local26=0106 ffd180=ff80->0093e6 sleep=0 local26=000f ffd1c0=ffc0->00cad6 sleep=0 local26=0000 ffd200=ff00->007a24 sleep=0 local26=0201 ffd240=ff00->009950 sleep=0 local26=0028 ffd340=ff00->007a24 sleep=0 local26=0200 ffdfc0=ffc0->00d6d0 sleep=0 local26=0000 ffe040=ff00->009ac0 sleep=0 local26=0000 ffe080=ff00->009ac0 sleep=0 local26=0000 ffe0c0=ff00->009ac0 sleep=0 local26=0000 ffe100=ff00->009ac0 sleep=0 local26=0000 ffe140=ff00->009ac0 sleep=0 local26=0000 ffe180=ff00->009ac0 sleep=0 local26=0000 ffe1c0=ff00->009ac0 sleep=0 local26=0000 ffe200=ff00->009ac0 sleep=0 local26=0000 ffe240=ff00->009ab2 sleep=1 local26=0000 ffe280=ff00->009ab2 sleep=1 local26=0000 ffe2c0=ff00->009ab2 sleep=1 local26=0000 ffe300=ff00->009ab2 sleep=1 local26=0000
[  91.254]   [header-byte] write $ffa517 = 04 mask=00ff (pc=018446)
[  91.621]   [header-byte] write $ffa517 = 04 mask=00ff (pc=018446)
[  91.621]   [header-byte] write $ffa517 = 04 mask=00ff (pc=018446)
[  92.022]   [header-byte] write $ffa517 = 04 mask=00ff (pc=018446)
[  92.071]   [header-byte] write $ffa517 = 04 mask=00ff (pc=018446)
[  92.119] heartbeat frame=5520 tx=6364 rx=5910 fc=1 fd=10 fe=1 linkflag=81 pc=000288 a502=00 a524=0000 a525=00 a170=c2 a17f=00 txtail=00dc rxpend=0000
[  92.119] [transport] captured=6364 flushed=6364 injected=5910 accepted=0 payload2=0 payload3=0 payload4=0 payload5=0 pump_reads=5252 bursts=793 txcredit=0 outq=0 inq=34 watchdog=2 txseq=1a rxseq=f8
[  92.119] [epochs] local=1 peer=1 ready=true discarded_rx=0
[  92.119] [tcb-continuations] ffa580=ff80->018392 sleep=0 local26=7710 ffa5c0=ff80->01853c sleep=0 local26=0c00 ffd000=ffc0->00d4b4 sleep=0 local26=0000 ffd040=ffc0->00daca sleep=0 local26=0000 ffd080=ffc0->004f7e sleep=0 local26=0000 ffd0c0=ffc0->00c35c sleep=0 local26=0000 ffd100=ff80->006782 sleep=0 local26=0000 ffd140=ffc0->008082 sleep=0 local26=0006 ffd1c0=ffc0->00cad6 sleep=0 local26=0000 ffd200=ff00->00989e sleep=0 local26=002e ffd240=ff80->006c06 sleep=0 local26=0004 ffd280=ff80->004486 sleep=0 local26=0000 ffd2c0=ff80->006b6e sleep=0 local26=0000 ffd300=ff80->006b6e sleep=0 local26=0000 ffd340=ff80->006b6e sleep=0 local26=0000 ffd380=ff80->006b6e sleep=0 local26=0000 ffdfc0=ffc0->00d6d0 sleep=0 local26=0000 ffe400=ff00->0070c2 sleep=0 local26=4c00 ffe440=ff00->009714 sleep=0 local26=0000 ffe480=ff00->009714 sleep=0 local26=0000 ffe4c0=ff00->009714 sleep=0 local26=0000 ffe500=ff00->009714 sleep=0 local26=0000 ffe540=ff00->009714 sleep=0 local26=0000 ffe580=ff00->009714 sleep=0 local26=0000 ffe5c0=ff00->009714 sleep=0 local26=0000
[  92.121]   [header-byte] write $ffa517 = 04 mask=00ff (pc=018446)
[  92.121]   [header-byte] write $ffa517 = 04 mask=00ff (pc=018446)
[  92.172]   [header-byte] write $ffa517 = 04 mask=00ff (pc=018446)
[  92.238]   [header-byte] write $ffa517 = 04 mask=00ff (pc=018446)
[  92.739]   [header-byte] write $ffa517 = 04 mask=00ff (pc=018446)
[  92.788]   [header-byte] write $ffa517 = 04 mask=00ff (pc=018446)
[  92.855]   [header-byte] write $ffa517 = 04 mask=00ff (pc=018446)
[  92.855]   [header-byte] write $ffa517 = 04 mask=00ff (pc=018446)
[  92.922]   [header-byte] write $ffa517 = 04 mask=00ff (pc=018446)
[  92.955]   [header-byte] write $ffa517 = 04 mask=00ff (pc=018446)
[  93.120] heartbeat frame=5580 tx=6387 rx=6026 fc=1 fd=10 fe=1 linkflag=81 pc=00028a a502=00 a524=0000 a525=00 a170=c2 a17f=00 txtail=00f3 rxpend=0000
[  93.120] [transport] captured=6387 flushed=6387 injected=6026 accepted=0 payload2=0 payload3=0 payload4=0 payload5=0 pump_reads=5312 bursts=796 txcredit=0 outq=0 inq=0 watchdog=9 txseq=1d rxseq=02
[  93.120] [epochs] local=1 peer=1 ready=true discarded_rx=0
[  93.120] [tcb-continuations] ffa580=ff80->018392 sleep=0 local26=7710 ffa5c0=ff80->01853c sleep=0 local26=0300 ffd000=ffc0->00d4b4 sleep=0 local26=0000 ffd040=ffc0->00daca sleep=0 local26=0000 ffd080=ffc0->00504e sleep=0 local26=0300 ffd0c0=ffc0->00c35c sleep=0 local26=0000 ffd100=ff80->006782 sleep=0 local26=0000 ffd140=ffc0->008082 sleep=0 local26=00ff ffd180=ff80->007944 sleep=0 local26=0000 ffd1c0=ffc0->00cb00 sleep=0 local26=0000 ffd200=ff80->007d70 sleep=0 local26=0000 ffd2c0=ff00->007a24 sleep=0 local26=0400 ffd300=ff00->007a24 sleep=0 local26=0400 ffd340=ff00->007a24 sleep=0 local26=0500 ffd380=ff00->007a24 sleep=0 local26=0300 ffdfc0=ffc0->00d6d0 sleep=0 local26=0000 ffe000=ff00->0070c2 sleep=0 local26=2000
[  93.456]   [header-byte] write $ffa517 = 04 mask=00ff (pc=018446)
[  93.506]   [header-byte] write $ffa517 = 04 mask=00ff (pc=018446)
[  93.606]   [header-byte] write $ffa517 = 04 mask=00ff (pc=018446)
[  93.706]   [header-byte] write $ffa517 = 04 mask=00ff (pc=018446)
[  93.973]   [header-byte] write $ffa517 = 04 mask=00ff (pc=018446)
[  94.121] heartbeat frame=5640 tx=6414 rx=6077 fc=1 fd=10 fe=1 linkflag=81 pc=00028a a502=00 a524=0000 a525=00 a170=c2 a17f=00 txtail=000e rxpend=0000
[  94.121] [transport] captured=6414 flushed=6414 injected=6077 accepted=0 payload2=0 payload3=0 payload4=0 payload5=0 pump_reads=5372 bursts=799 txcredit=0 outq=0 inq=0 watchdog=8 txseq=20 rxseq=07
[  94.121] [epochs] local=1 peer=1 ready=true discarded_rx=0
[  94.121] [tcb-continuations] ffa580=ff80->018392 sleep=0 local26=7710 ffa5c0=ff80->01853c sleep=0 local26=1300 ffd000=ffc0->00d4b4 sleep=0 local26=0000 ffd040=ffc0->00daca sleep=0 local26=0000 ffd080=ffc0->00504e sleep=0 local26=0e00 ffd0c0=ffc0->00c35c sleep=0 local26=0000 ffd100=ff80->006782 sleep=0 local26=0000 ffd140=ffc0->008082 sleep=0 local26=00ff ffd180=ff00->007a24 sleep=0 local26=0601 ffd1c0=ffc0->00cad6 sleep=0 local26=0000 ffd200=ff00->007a24 sleep=0 local26=0500 ffd240=ff80->007944 sleep=0 local26=0000 ffd280=ff80->007d70 sleep=0 local26=0000 ffd2c0=ff80->00975a sleep=0 local26=0008 ffdfc0=ffc0->00d6d0 sleep=0 local26=0000 ffe000=ff00->0070c2 sleep=0 local26=2000 ffe040=ff00->0070c2 sleep=0 local26=3600
[  94.224]   [header-byte] write $ffa517 = 04 mask=00ff (pc=018446)
[  94.457]   [header-byte] write $ffa517 = 04 mask=00ff (pc=018446)
[  94.457]   [header-byte] write $ffa517 = 04 mask=00ff (pc=018446)
[  94.591]   [header-byte] write $ffa517 = 04 mask=00ff (pc=018446)
[  95.074]   [header-byte] write $ffa517 = 04 mask=00ff (pc=018446)
[  95.122] heartbeat frame=5700 tx=6441 rx=6138 fc=1 fd=10 fe=1 linkflag=81 pc=00028a a502=00 a524=0003 a525=03 a170=c2 a17f=00 txtail=0029 rxpend=0000
[  95.122] [transport] captured=6441 flushed=6441 injected=6138 accepted=0 payload2=0 payload3=0 payload4=0 payload5=0 pump_reads=5432 bursts=802 txcredit=0 outq=0 inq=0 watchdog=2 txseq=24 rxseq=0c
[  95.122] [epochs] local=1 peer=1 ready=true discarded_rx=0
[  95.122] [tcb-continuations] ffa580=ff80->018392 sleep=0 local26=7710 ffa5c0=ff80->01853c sleep=0 local26=0000 ffd000=ffc0->00d4b4 sleep=0 local26=0000 ffd040=ffc0->00daca sleep=0 local26=0000 ffd080=ffc0->00504e sleep=0 local26=1900 ffd0c0=ffc0->00c35c sleep=0 local26=0000 ffd100=ff80->006782 sleep=0 local26=0000 ffd140=ffc0->008082 sleep=0 local26=031b ffd180=ff80->0079d4 sleep=0 local26=0001 ffd1c0=ffc0->00cad6 sleep=0 local26=0000 ffd200=ff80->007dfc sleep=0 local26=0000 ffd240=ff00->007a24 sleep=0 local26=0301 ffd280=ff00->007a24 sleep=0 local26=0200 ffdfc0=ffc0->00d6d0 sleep=0 local26=0000 ffe040=ff00->0070c2 sleep=0 local26=3600
[  95.191]   [header-byte] write $ffa517 = 04 mask=00ff (pc=018446)
[  95.225]   [header-byte] write $ffa517 = 04 mask=00ff (pc=018446)
[  95.242]   [header-byte] write $ffa517 = 04 mask=00ff (pc=018446)
[  95.325]   [header-byte] write $ffa517 = 04 mask=00ff (pc=018446)
[  95.709]   [header-byte] write $ffa517 = 04 mask=00ff (pc=018446)
[  96.076]   [header-byte] write $ffa517 = 04 mask=00ff (pc=018446)
[  96.124] heartbeat frame=5760 tx=6471 rx=6220 fc=1 fd=10 fe=1 linkflag=81 pc=00028a a502=00 a524=0000 a525=00 a170=c2 a17f=00 txtail=0047 rxpend=0000
[  96.124] [transport] captured=6471 flushed=6471 injected=6220 accepted=0 payload2=0 payload3=0 payload4=0 payload5=0 pump_reads=5492 bursts=806 txcredit=0 outq=0 inq=0 watchdog=2 txseq=27 rxseq=12
[  96.124] [epochs] local=1 peer=1 ready=true discarded_rx=0
[  96.124] [tcb-continuations] ffa580=ff80->018392 sleep=0 local26=7710 ffa5c0=ff80->01853c sleep=0 local26=0f00 ffd000=ffc0->00d4b4 sleep=0 local26=0000 ffd040=ffc0->00daca sleep=0 local26=0000 ffd080=ffc0->004f7e sleep=0 local26=0000 ffd0c0=ffc0->00c35c sleep=0 local26=0000 ffd100=ff80->006782 sleep=0 local26=0000 ffd140=ffc0->008082 sleep=0 local26=031b ffd1c0=ffc0->00cb00 sleep=0 local26=0000 ffd240=ff80->006c06 sleep=0 local26=0000 ffd280=ff00->0079fe sleep=14 local26=0000 ffd2c0=ff00->0079fe sleep=9 local26=0000 ffd300=ff80->00975a sleep=0 local26=0018 ffdfc0=ffc0->00d6d0 sleep=0 local26=0000
[  96.544]   [header-byte] write $ffa517 = 04 mask=00ff (pc=018446)
[  96.677]   [header-byte] write $ffa517 = 04 mask=00ff (pc=018446)
[  96.693]   [header-byte] write $ffa517 = 04 mask=00ff (pc=018446)
[  96.796]   [header-byte] write $ffa517 = 04 mask=00ff (pc=018446)
[  97.125] heartbeat frame=5820 tx=6529 rx=6282 fc=1 fd=10 fe=1 linkflag=81 pc=00028a a502=00 a524=0000 a525=00 a170=c2 a17f=00 txtail=0081 rxpend=0000
[  97.125] [transport] captured=6529 flushed=6529 injected=6282 accepted=0 payload2=0 payload3=0 payload4=0 payload5=0 pump_reads=5552 bursts=810 txcredit=0 outq=0 inq=0 watchdog=19 txseq=2b rxseq=16
[  97.125] [epochs] local=1 peer=1 ready=true discarded_rx=0
[  97.125] [tcb-continuations] ffa580=ff80->018392 sleep=0 local26=7710 ffa5c0=ff80->01853c sleep=0 local26=0e00 ffd000=ffc0->00d4b4 sleep=0 local26=0000 ffd040=ffc0->00daca sleep=0 local26=0000 ffd080=ffc0->004f7e sleep=0 local26=0000 ffd0c0=ffc0->00c35c sleep=0 local26=0000 ffd100=ff80->006782 sleep=0 local26=0000 ffd140=ffc0->008082 sleep=0 local26=021b ffd180=ff00->0079fe sleep=1 local26=0001 ffd1c0=ffc0->00cad6 sleep=0 local26=0000 ffd200=ff00->007a24 sleep=0 local26=0600 ffd240=ff80->006c06 sleep=0 local26=0002 ffd280=ff80->006b6e sleep=0 local26=0000 ffd2c0=ff80->006b6e sleep=0 local26=0000 ffdfc0=ffc0->00d6d0 sleep=0 local26=0000 ffe000=ff00->0070c2 sleep=0 local26=4100
[  97.277]   [header-byte] write $ffa517 = 04 mask=00ff (pc=018446)
[  97.294]   [header-byte] write $ffa517 = 04 mask=00ff (pc=018446)
[  97.411]   [header-byte] write $ffa517 = 04 mask=00ff (pc=018446)
[  97.594]   [header-byte] write $ffa517 = 04 mask=00ff (pc=018446)
[  98.029]   [header-byte] write $ffa517 = 04 mask=00ff (pc=018446)
[  98.126] heartbeat frame=5880 tx=6566 rx=6357 fc=1 fd=10 fe=1 linkflag=81 pc=00028a a502=00 a524=0000 a525=00 a170=c2 a17f=00 txtail=00a6 rxpend=0000
[  98.126] [transport] captured=6566 flushed=6566 injected=6357 accepted=0 payload2=0 payload3=0 payload4=0 payload5=0 pump_reads=5612 bursts=813 txcredit=0 outq=0 inq=0 watchdog=5 txseq=2e rxseq=1b
[  98.126] [epochs] local=1 peer=1 ready=true discarded_rx=0
[  98.126] [tcb-continuations] ffa580=ff80->018392 sleep=0 local26=7710 ffa5c0=ff80->01853c sleep=0 local26=1400 ffd000=ffc0->00d4b4 sleep=0 local26=0000 ffd040=ffc0->00daca sleep=0 local26=0000 ffd080=ffc0->00504e sleep=0 local26=1500 ffd0c0=ffc0->00c35c sleep=0 local26=0000 ffd100=ff80->006782 sleep=0 local26=0000 ffd140=ffc0->008082 sleep=0 local26=011b ffd180=ff80->0079d4 sleep=0 local26=0001 ffd1c0=ffc0->00cb00 sleep=0 local26=0000 ffd200=ff80->007dfc sleep=0 local26=0000 ffd280=ff00->007a24 sleep=0 local26=0300 ffd2c0=ff00->007a24 sleep=0 local26=0100 ffdfc0=ffc0->00d6d0 sleep=0 local26=0000 ffe000=ff00->0070c2 sleep=0 local26=4100 ffe040=ff00->0070c2 sleep=0 local26=2000
[  98.162]   [header-byte] write $ffa517 = 04 mask=00ff (pc=018446)
[  98.179]   [header-byte] write $ffa517 = 04 mask=00ff (pc=018446)
[  98.329]   [header-byte] write $ffa517 = 04 mask=00ff (pc=018446)
[  98.679]   [header-byte] write $ffa517 = 04 mask=00ff (pc=018446)
[  98.813]   [header-byte] write $ffa517 = 04 mask=00ff (pc=018446)
[  98.996]   [header-byte] write $ffa517 = 04 mask=00ff (pc=018446)
[  99.030]   [header-byte] write $ffa517 = 04 mask=00ff (pc=018446)
[  99.128] heartbeat frame=5940 tx=6613 rx=6446 fc=1 fd=10 fe=1 linkflag=81 pc=00028a a502=00 a524=0000 a525=00 a170=c2 a17f=00 txtail=00d5 rxpend=0000
[  99.128] [transport] captured=6613 flushed=6613 injected=6446 accepted=0 payload2=0 payload3=0 payload4=0 payload5=0 pump_reads=5672 bursts=818 txcredit=0 outq=0 inq=7 watchdog=5 txseq=33 rxseq=22
[  99.128] [epochs] local=1 peer=1 ready=true discarded_rx=0
[  99.128] [tcb-continuations] ffa580=ff80->018392 sleep=0 local26=7710 ffa5c0=ff80->01853c sleep=0 local26=0a00 ffd000=ffc0->00d4b4 sleep=0 local26=0000 ffd040=ffc0->00daca sleep=0 local26=0000 ffd080=ffc0->005120 sleep=19 local26=0001 ffd0c0=ffc0->00c35c sleep=0 local26=0000 ffd100=ff80->006782 sleep=0 local26=0000 ffd140=ffc0->008082 sleep=0 local26=011b ffd1c0=ffc0->00cad6 sleep=0 local26=0000 ffd240=ff00->0079fe sleep=13 local26=0001 ffd280=ff00->0079fe sleep=13 local26=0000 ffdfc0=ffc0->00d6d0 sleep=0 local26=0000 ffe000=ff00->0070c2 sleep=0 local26=4100 ffe040=ff00->0070c2 sleep=0 local26=2000
[  99.131]   [header-byte] write $ffa517 = 04 mask=00ff (pc=018446)
[  99.397]   [header-byte] write $ffa517 = 04 mask=00ff (pc=018446)
[  99.832]   [header-byte] write $ffa517 = 04 mask=00ff (pc=018446)
[  99.848]   [header-byte] write $ffa517 = 04 mask=00ff (pc=018446)
[ 100.129] heartbeat frame=6000 tx=6623 rx=6504 fc=1 fd=10 fe=1 linkflag=81 pc=00028a a502=00 a524=0000 a525=00 a170=c2 a17f=00 txtail=00df rxpend=0000
[ 100.129] [transport] captured=6623 flushed=6623 injected=6504 accepted=0 payload2=0 payload3=0 payload4=0 payload5=0 pump_reads=5732 bursts=820 txcredit=0 outq=0 inq=0 watchdog=16 txseq=35 rxseq=26
[ 100.129] [epochs] local=1 peer=1 ready=true discarded_rx=0
[ 100.129] [tcb-continuations] ffa580=ff80->018392 sleep=0 local26=7710 ffa5c0=ff80->01853c sleep=0 local26=0a00 ffd000=ffc0->00d4b4 sleep=0 local26=0000 ffd040=ffc0->00daca sleep=0 local26=0000 ffd080=ffc0->005164 sleep=0 local26=0001 ffd0c0=ffc0->00c35c sleep=0 local26=0000 ffd100=ff80->006782 sleep=0 local26=0000 ffd140=ffc0->008082 sleep=0 local26=001b ffd180=ff80->0095b6 sleep=0 local26=0001 ffd1c0=ffc0->00cad6 sleep=0 local26=0000 ffd200=ff00->009950 sleep=0 local26=000a ffdfc0=ffc0->00d6d0 sleep=0 local26=0000 ffe000=ff00->0070c2 sleep=0 local26=4100 ffe040=ff00->0070c2 sleep=0 local26=2000
[ 100.348]   [header-byte] write $ffa517 = 04 mask=00ff (pc=018446)
[ 100.782]   [header-byte] write $ffa517 = 04 mask=00ff (pc=018446)
[ 100.899]   [header-byte] write $ffa517 = 04 mask=00ff (pc=018446)
[ 101.130] heartbeat frame=6060 tx=6684 rx=6531 fc=1 fd=10 fe=1 linkflag=81 pc=00028a a502=00 a524=0000 a525=00 a170=c2 a17f=00 txtail=001c rxpend=0000
[ 101.130] [transport] captured=6684 flushed=6684 injected=6531 accepted=0 payload2=0 payload3=0 payload4=0 payload5=0 pump_reads=5792 bursts=825 txcredit=0 outq=0 inq=0 watchdog=13 txseq=3a rxseq=29
[ 101.130] [epochs] local=1 peer=1 ready=true discarded_rx=0
[ 101.130] [tcb-continuations] ffa580=ff80->018392 sleep=0 local26=7710 ffa5c0=ff80->01853c sleep=0 local26=0200 ffd000=ffc0->00d4b4 sleep=0 local26=0000 ffd040=ffc0->00daca sleep=0 local26=0000 ffd080=ffc0->005096 sleep=0 local26=0000 ffd0c0=ffc0->00c35c sleep=0 local26=0000 ffd100=ff80->006782 sleep=0 local26=0000 ffd140=ffc0->008082 sleep=0 local26=031c ffd1c0=ffc0->00cb00 sleep=0 local26=0000 ffd200=ff00->0079fe sleep=21 local26=0001 ffd240=ff00->0079fe sleep=19 local26=0000 ffdfc0=ffc0->00d6d0 sleep=0 local26=0000
[ 101.166]   [header-byte] write $ffa517 = 04 mask=00ff (pc=018446)
[ 101.199]   [header-byte] write $ffa517 = 04 mask=00ff (pc=018446)
[ 101.316]   [header-byte] write $ffa517 = 04 mask=00ff (pc=018446)
[ 101.600]   [header-byte] write $ffa517 = 04 mask=00ff (pc=018446)
[ 102.101]   [header-byte] write $ffa517 = 04 mask=00ff (pc=018446)
[ 102.132] heartbeat frame=6120 tx=6735 rx=6592 fc=1 fd=10 fe=1 linkflag=81 pc=00028a a502=00 a524=0000 a525=00 a170=c2 a17f=00 txtail=004f rxpend=0000
[ 102.132] [transport] captured=6735 flushed=6735 injected=6592 accepted=0 payload2=0 payload3=0 payload4=0 payload5=0 pump_reads=5852 bursts=830 txcredit=0 outq=0 inq=0 watchdog=1 txseq=3f rxseq=2e
[ 102.132] [epochs] local=1 peer=1 ready=true discarded_rx=0
[ 102.132] [tcb-continuations] ffa580=ff80->018392 sleep=0 local26=7710 ffa5c0=ff80->01853c sleep=0 local26=0b00 ffd000=ffc0->00d4b4 sleep=0 local26=0000 ffd040=ffc0->00daca sleep=0 local26=0000 ffd080=ffc0->00504e sleep=0 local26=0600 ffd0c0=ffc0->00c35c sleep=0 local26=0000 ffd100=ff80->006782 sleep=0 local26=0000 ffd140=ffc0->008082 sleep=0 local26=021c ffd180=ff00->0079fe sleep=4 local26=0001 ffd1c0=ffc0->00cad6 sleep=0 local26=0000 ffd200=ff80->007944 sleep=0 local26=0000 ffd240=ff80->007d70 sleep=0 local26=0000 ffd280=ff00->0079fe sleep=2 local26=0000 ffdfc0=ffc0->00d6d0 sleep=0 local26=0000 ffe000=ff00->00708c sleep=0 local26=0000
[ 102.152]   [header-byte] write $ffa517 = 04 mask=00ff (pc=018446)
[ 102.201]   [header-byte] write $ffa517 = 04 mask=00ff (pc=018446)
[ 102.217]   [header-byte] write $ffa517 = 04 mask=00ff (pc=018446)
[ 102.284]   [header-byte] write $ffa517 = 04 mask=00ff (pc=018446)
[ 102.768]   [header-byte] write $ffa517 = 04 mask=00ff (pc=018446)
[ 102.885]   [header-byte] write $ffa517 = 04 mask=00ff (pc=018446)
[ 102.918]   [header-byte] write $ffa517 = 04 mask=00ff (pc=018446)
[ 103.052]   [header-byte] write $ffa517 = 04 mask=00ff (pc=018446)
[ 103.133] heartbeat frame=6180 tx=6762 rx=6698 fc=1 fd=10 fe=1 linkflag=81 pc=00028a a502=00 a524=0000 a525=00 a170=c2 a17f=00 txtail=006a rxpend=0000
[ 103.133] [transport] captured=6762 flushed=6762 injected=6698 accepted=0 payload2=0 payload3=0 payload4=0 payload5=0 pump_reads=5912 bursts=833 txcredit=0 outq=0 inq=0 watchdog=4 txseq=42 rxseq=36
[ 103.133] [epochs] local=1 peer=1 ready=true discarded_rx=0
[ 103.133] [tcb-continuations] ffa580=ff80->018392 sleep=0 local26=7710 ffa5c0=ff80->01853c sleep=0 local26=1600 ffd000=ffc0->00d4b4 sleep=0 local26=0000 ffd040=ffc0->00daca sleep=0 local26=0000 ffd080=ffc0->00504e sleep=0 local26=1100 ffd0c0=ffc0->00c35c sleep=0 local26=0000 ffd100=ff80->006782 sleep=0 local26=0000 ffd140=ffc0->008082 sleep=0 local26=021c ffd180=ff80->0079d4 sleep=0 local26=0001 ffd1c0=ffc0->00cb00 sleep=0 local26=0000 ffd200=ff00->007a24 sleep=0 local26=0501 ffd240=ff00->007a24 sleep=0 local26=0500 ffd280=ff80->007dfc sleep=0 local26=0000 ffdfc0=ffc0->00d6d0 sleep=0 local26=0000 ffe000=ff00->0070c2 sleep=0 local26=4c00
[ 103.402]   [header-byte] write $ffa517 = 04 mask=00ff (pc=018446)
[ 103.669]   [header-byte] write $ffa517 = 04 mask=00ff (pc=018446)
[ 103.789]   [header-byte] write $ffa517 = 04 mask=00ff (pc=018446)
[ 104.134] heartbeat frame=6240 tx=6789 rx=6739 fc=1 fd=10 fe=1 linkflag=81 pc=000288 a502=00 a524=0000 a525=00 a170=c2 a17f=00 txtail=0085 rxpend=0000
[ 104.134] [transport] captured=6789 flushed=6789 injected=6739 accepted=0 payload2=0 payload3=0 payload4=0 payload5=0 pump_reads=5972 bursts=836 txcredit=0 outq=0 inq=0 watchdog=20 txseq=45 rxseq=39
[ 104.134] [epochs] local=1 peer=1 ready=true discarded_rx=0
[ 104.134] [tcb-continuations] ffa580=ff80->018392 sleep=0 local26=7710 ffa5c0=ff80->01853c sleep=0 local26=1500 ffd000=ffc0->00d4b4 sleep=0 local26=0000 ffd040=ffc0->00daca sleep=0 local26=0000 ffd080=ffc0->00514e sleep=3 local26=0001 ffd0c0=ffc0->00c35c sleep=0 local26=0000 ffd100=ff80->006782 sleep=0 local26=0000 ffd140=ffc0->008082 sleep=0 local26=001c ffd1c0=ffc0->00cad6 sleep=0 local26=0000 ffd200=ff80->0095b6 sleep=0 local26=0014 ffd240=ff00->009950 sleep=0 local26=001d ffdfc0=ffc0->00d6d0 sleep=0 local26=0000 ffe000=ff00->0070c2 sleep=0 local26=4c00 ffe040=ff00->009ac0 sleep=0 local26=0000 ffe080=ff00->009ac0 sleep=0 local26=0000 ffe0c0=ff00->009ac0 sleep=0 local26=0000 ffe100=ff00->009ac0 sleep=0 local26=0000 ffe140=ff00->009ac0 sleep=0 local26=0000 ffe180=ff00->009ac0 sleep=0 local26=0000 ffe1c0=ff00->009ac0 sleep=0 local26=0000 ffe200=ff00->009ac0 sleep=0 local26=0000 ffe240=ff00->009ac0 sleep=0 local26=0000 ffe280=ff00->009ac0 sleep=0 local26=0000 ffe2c0=ff00->009ac0 sleep=0 local26=0000 ffe300=ff00->009ac0 sleep=0 local26=0000 ffe340=ff00->009ac0 sleep=0 local26=0000 ffe380=ff00->009ac0 sleep=0 local26=0000 ffe3c0=ff00->009ac0 sleep=0 local26=0000 ffe400=ff00->009ac0 sleep=0 local26=0000 ffe440=ff00->009ac0 sleep=0 local26=0000 ffe480=ff00->009ac0 sleep=0 local26=0000 ffe4c0=ff00->009ac0 sleep=0 local26=0000 ffe500=ff00->009ac0 sleep=0 local26=0000
[ 104.303]   [header-byte] write $ffa517 = 04 mask=00ff (pc=018446)
[ 104.320]   [header-byte] write $ffa517 = 04 mask=00ff (pc=018446)
[ 104.437]   [header-byte] write $ffa517 = 04 mask=00ff (pc=018446)
[ 104.787]   [header-byte] write $ffa517 = 04 mask=00ff (pc=018446)
[ 104.787]   [header-byte] write $ffa517 = 04 mask=00ff (pc=018446)
[ 104.904]   [header-byte] write $ffa517 = 04 mask=00ff (pc=018446)
[ 105.004]   [header-byte] write $ffa517 = 04 mask=00ff (pc=018446)
[ 105.121]   [header-byte] write $ffa517 = 04 mask=00ff (pc=018446)
[ 105.135] heartbeat frame=6300 tx=6833 rx=6831 fc=1 fd=10 fe=1 linkflag=81 pc=00028a a502=00 a524=0000 a525=00 a170=c2 a17f=00 txtail=00b1 rxpend=0000
[ 105.135] [transport] captured=6833 flushed=6833 injected=6831 accepted=0 payload2=0 payload3=0 payload4=0 payload5=0 pump_reads=6032 bursts=840 txcredit=0 outq=0 inq=0 watchdog=0 txseq=49 rxseq=41
[ 105.135] [epochs] local=1 peer=1 ready=true discarded_rx=0
[ 105.135] [tcb-continuations] ffa580=ff80->018392 sleep=0 local26=7710 ffa5c0=ff80->01853c sleep=0 local26=1700 ffd000=ffc0->00d4b4 sleep=0 local26=0000 ffd040=ffc0->00daca sleep=0 local26=0000 ffd080=ffc0->00504e sleep=0 local26=1200 ffd0c0=ffc0->00c35c sleep=0 local26=0000 ffd100=ff80->006782 sleep=0 local26=0000 ffd140=ffc0->008082 sleep=0 local26=001c ffd180=ff80->0079d4 sleep=0 local26=0001 ffd1c0=ffc0->00cad6 sleep=0 local26=0000 ffd240=ff80->007dfc sleep=0 local26=0000 ffdfc0=ffc0->00d6d0 sleep=0 local26=0000
[ 105.605]   [header-byte] write $ffa517 = 04 mask=00ff (pc=018446)
[ 105.672]   [header-byte] write $ffa517 = 04 mask=00ff (pc=018446)
[ 105.722]   [header-byte] write $ffa517 = 04 mask=00ff (pc=018446)
[ 106.137] heartbeat frame=6360 tx=6863 rx=6868 fc=1 fd=10 fe=1 linkflag=81 pc=00028a a502=00 a524=0000 a525=00 a170=c2 a17f=00 txtail=00cf rxpend=0000
[ 106.137] [transport] captured=6863 flushed=6863 injected=6868 accepted=0 payload2=0 payload3=0 payload4=0 payload5=0 pump_reads=6092 bursts=844 txcredit=0 outq=0 inq=17 watchdog=24 txseq=4d rxseq=44
[ 106.137] [epochs] local=1 peer=1 ready=true discarded_rx=0
[ 106.137] [tcb-continuations] ffa580=ff80->018392 sleep=0 local26=7710 ffa5c0=ff80->01853c sleep=0 local26=0a00 ffd000=ffc0->00d4b4 sleep=0 local26=0000 ffd040=ffc0->00daca sleep=0 local26=0000 ffd080=ffc0->00504e sleep=0 local26=2300 ffd0c0=ffc0->00c35c sleep=0 local26=0000 ffd100=ff80->006782 sleep=0 local26=0000 ffd140=ffc0->008082 sleep=0 local26=04ff ffd1c0=ffc0->00cb00 sleep=0 local26=0000 ffd200=ff00->0079fe sleep=24 local26=0001 ffd280=ff00->0079fe sleep=24 local26=0000 ffdfc0=ffc0->00d6d0 sleep=0 local26=0000
[ 106.138]   [header-byte] write $ffa517 = 04 mask=00ff (pc=018446)
[ 106.272]   [header-byte] write $ffa517 = 04 mask=00ff (pc=018446)
[ 106.607]   [header-byte] write $ffa517 = 04 mask=00ff (pc=018446)
[ 106.723]   [header-byte] write $ffa517 = 04 mask=00ff (pc=018446)
[ 106.790]   [header-byte] write $ffa517 = 04 mask=00ff (pc=018446)
[ 106.825]   [header-byte] write $ffa517 = 04 mask=00ff (pc=018446)
[ 106.923]   [header-byte] write $ffa517 = 04 mask=00ff (pc=018446)
[ 107.138] heartbeat frame=6420 tx=6931 rx=6945 fc=1 fd=10 fe=1 linkflag=81 pc=00028a a502=00 a524=0000 a525=00 a170=c2 a17f=00 txtail=0013 rxpend=0000
[ 107.138] [transport] captured=6931 flushed=6931 injected=6945 accepted=0 payload2=0 payload3=0 payload4=0 payload5=0 pump_reads=6152 bursts=850 txcredit=0 outq=0 inq=0 watchdog=12 txseq=53 rxseq=4b
[ 107.138] [epochs] local=1 peer=1 ready=true discarded_rx=0
[ 107.138] [tcb-continuations] ffa580=ff80->018392 sleep=0 local26=7710 ffa5c0=ff80->01853c sleep=0 local26=0c00 ffd000=ffc0->00d4b4 sleep=0 local26=0000 ffd040=ffc0->00daca sleep=0 local26=0000 ffd080=ffc0->00504e sleep=0 local26=0700 ffd0c0=ffc0->00c35c sleep=0 local26=0000 ffd100=ff80->006782 sleep=0 local26=0000 ffd140=ffc0->008082 sleep=0 local26=00ff ffd180=ff00->0079fe sleep=3 local26=0001 ffd1c0=ffc0->00cad6 sleep=0 local26=0000 ffd200=ff80->007944 sleep=0 local26=0000 ffd240=ff00->0079fe sleep=1 local26=0000 ffd280=ff80->007d70 sleep=0 local26=0000 ffdfc0=ffc0->00d6d0 sleep=0 local26=0000 ffe000=ff00->00708c sleep=0 local26=0000
[ 107.425]   [header-byte] write $ffa517 = 04 mask=00ff (pc=018446)
[ 107.574]   [header-byte] write $ffa517 = 04 mask=00ff (pc=018446)
[ 107.724]   [header-byte] write $ffa517 = 04 mask=00ff (pc=018446)
[ 108.139] heartbeat frame=6480 tx=6954 rx=6972 fc=1 fd=10 fe=1 linkflag=81 pc=00028a a502=00 a524=0000 a525=00 a170=c2 a17f=00 txtail=002a rxpend=0000
[ 108.139] [transport] captured=6954 flushed=6954 injected=6972 accepted=0 payload2=0 payload3=0 payload4=0 payload5=0 pump_reads=6212 bursts=853 txcredit=0 outq=0 inq=0 watchdog=24 txseq=56 rxseq=4e
[ 108.139] [epochs] local=1 peer=1 ready=true discarded_rx=0
[ 108.139] [tcb-continuations] ffa580=ff80->018392 sleep=0 local26=7710 ffa5c0=ff80->01853c sleep=0 local26=0b00 ffd000=ffc0->00d4b4 sleep=0 local26=0000 ffd040=ffc0->00daca sleep=0 local26=0000 ffd080=ffc0->00514e sleep=13 local26=0001 ffd0c0=ffc0->00c35c sleep=0 local26=0000 ffd100=ff80->006782 sleep=0 local26=0000 ffd140=ffc0->008082 sleep=0 local26=0309 ffd180=ff80->00963c sleep=0 local26=0000 ffd1c0=ffc0->00cb00 sleep=0 local26=0000 ffd200=ff00->007a24 sleep=0 local26=0201 ffd240=ff00->009950 sleep=0 local26=0027 ffd280=ff00->007a24 sleep=0 local26=0200 ffdfc0=ffc0->00d6d0 sleep=0 local26=0000 ffe000=ff00->0070c2 sleep=0 local26=2b00 ffe040=ff00->009ac0 sleep=0 local26=0000 ffe080=ff00->009ac0 sleep=0 local26=0000 ffe0c0=ff00->009ac0 sleep=0 local26=0000 ffe100=ff00->009ac0 sleep=0 local26=0000 ffe140=ff00->009ac0 sleep=0 local26=0000 ffe180=ff00->009ac0 sleep=0 local26=0000 ffe1c0=ff00->009ac0 sleep=0 local26=0000 ffe200=ff00->009ac0 sleep=0 local26=0000 ffe240=ff00->009ab6 sleep=0 local26=0000 ffe280=ff00->009ab6 sleep=0 local26=0000 ffe2c0=ff00->009ab6 sleep=0 local26=0000 ffe300=ff00->009ab6 sleep=0 local26=0000 ffe340=ff00->009ab2 sleep=4 local26=0000 ffe380=ff00->009ab2 sleep=4 local26=0000 ffe3c0=ff00->009ab2 sleep=4 local26=0000 ffe400=ff00->009ab2 sleep=4 local26=0000 ffe440=ff00->00708c sleep=0 local26=0000
[ 108.225]   [header-byte] write $ffa517 = 04 mask=00ff (pc=018446)
[ 108.409]   [header-byte] write $ffa517 = 04 mask=00ff (pc=018446)
[ 108.430]   [header-byte] write $ffa517 = 04 mask=00ff (pc=018446)
[ 108.459]   [header-byte] write $ffa517 = 04 mask=00ff (pc=018446)
[ 108.692]   [header-byte] write $ffa517 = 04 mask=00ff (pc=018446)
[ 109.141] heartbeat frame=6540 tx=6998 rx=7047 fc=1 fd=10 fe=1 linkflag=81 pc=000288 a502=00 a524=0000 a525=00 a170=c2 a17f=00 txtail=0056 rxpend=0000
[ 109.141] [transport] captured=6998 flushed=6998 injected=7047 accepted=0 payload2=0 payload3=0 payload4=0 payload5=0 pump_reads=6272 bursts=857 txcredit=0 outq=0 inq=0 watchdog=26 txseq=5a rxseq=53
[ 109.141] [epochs] local=1 peer=1 ready=true discarded_rx=0
[ 109.141] [tcb-continuations] ffa580=ff80->018392 sleep=0 local26=7710 ffa5c0=ff80->01853c sleep=0 local26=0b00 ffd000=ffc0->00d4b4 sleep=0 local26=0000 ffd040=ffc0->00daca sleep=0 local26=0000 ffd080=ffc0->00504e sleep=0 local26=0600 ffd0c0=ffc0->00c35c sleep=0 local26=0000 ffd100=ff80->006782 sleep=0 local26=0000 ffd140=ffc0->008082 sleep=0 local26=0209 ffd180=ff80->007944 sleep=0 local26=0000 ffd1c0=ffc0->00cad6 sleep=0 local26=0000 ffd200=ff80->00975a sleep=0 local26=001a ffd240=ff80->007d70 sleep=0 local26=0000 ffdfc0=ffc0->00d6d0 sleep=0 local26=0000 ffe000=ff00->0070c2 sleep=0 local26=2b00 ffe440=ff00->0070c2 sleep=0 local26=3600 ffe480=ff00->0070c2 sleep=0 local26=4c00
[ 109.210]   [header-byte] write $ffa517 = 04 mask=00ff (pc=018446)
[ 109.627]   [header-byte] write $ffa517 = 04 mask=00ff (pc=018446)
[ 110.111]   [header-byte] write $ffa517 = 04 mask=00ff (pc=018446)
[ 110.142] heartbeat frame=6600 tx=7025 rx=7074 fc=1 fd=10 fe=1 linkflag=81 pc=00028a a502=00 a524=0000 a525=00 a170=c2 a17f=00 txtail=0071 rxpend=0000
[ 110.142] [transport] captured=7025 flushed=7025 injected=7074 accepted=0 payload2=0 payload3=0 payload4=0 payload5=0 pump_reads=6332 bursts=860 txcredit=0 outq=0 inq=0 watchdog=1 txseq=5d rxseq=56
[ 110.142] [epochs] local=1 peer=1 ready=true discarded_rx=0
[ 110.142] [tcb-continuations] ffa580=ff80->018392 sleep=0 local26=7710 ffa5c0=ff80->01853c sleep=0 local26=1800 ffd000=ffc0->00d4b4 sleep=0 local26=0000 ffd040=ffc0->00daca sleep=0 local26=0000 ffd080=ffc0->00504e sleep=0 local26=1300 ffd0c0=ffc0->00c35c sleep=0 local26=0000 ffd100=ff80->006782 sleep=0 local26=0000 ffd140=ffc0->008082 sleep=0 local26=0109 ffd180=ff00->007a24 sleep=0 local26=0401 ffd1c0=ffc0->00cad6 sleep=0 local26=0000 ffd200=ff80->00980a sleep=0 local26=0020 ffd240=ff00->007a24 sleep=0 local26=0400 ffd280=ff80->0079d4 sleep=0 local26=0001 ffd2c0=ff80->007dfc sleep=0 local26=0000 ffd300=ff80->00975a sleep=0 local26=0001 ffdfc0=ffc0->00d6d0 sleep=0 local26=0000
[ 110.613]   [header-byte] write $ffa517 = 04 mask=00ff (pc=018446)
[ 110.979]   [header-byte] write $ffa517 = 04 mask=00ff (pc=018446)
[ 110.995]   [header-byte] write $ffa517 = 04 mask=00ff (pc=018446)
[ 111.143] heartbeat frame=6660 tx=7079 rx=7111 fc=1 fd=10 fe=1 linkflag=81 pc=00028a a502=00 a524=0000 a525=00 a170=c2 a17f=00 txtail=00a7 rxpend=0000
[ 111.143] [transport] captured=7079 flushed=7079 injected=7111 accepted=0 payload2=0 payload3=0 payload4=0 payload5=0 pump_reads=6392 bursts=866 txcredit=0 outq=0 inq=0 watchdog=8 txseq=63 rxseq=59
[ 111.143] [epochs] local=1 peer=1 ready=true discarded_rx=0
[ 111.143] [tcb-continuations] ffa580=ff80->018392 sleep=0 local26=7710 ffa5c0=ff80->01853c sleep=0 local26=0600 ffd000=ffc0->00d4b4 sleep=0 local26=0000 ffd040=ffc0->00daca sleep=0 local26=0000 ffd080=ffc0->00504e sleep=0 local26=0100 ffd0c0=ffc0->00c35c sleep=0 local26=0000 ffd100=ff80->006782 sleep=0 local26=0000 ffd140=ffc0->008082 sleep=0 local26=0109 ffd180=ff00->0079fe sleep=9 local26=0001 ffd1c0=ffc0->00cb00 sleep=0 local26=0000 ffd200=ff80->00980a sleep=0 local26=0020 ffd240=ff00->0079fe sleep=7 local26=0000 ffd280=ff80->007944 sleep=0 local26=0000 ffd2c0=ff80->007d70 sleep=0 local26=0000 ffd300=ff80->00980a sleep=0 local26=0020 ffdfc0=ffc0->00d6d0 sleep=0 local26=0000
[ 111.479]   [header-byte] write $ffa517 = 04 mask=00ff (pc=018446)
[ 111.980]   [header-byte] write $ffa517 = 04 mask=00ff (pc=018446)
[ 112.144] heartbeat frame=6720 tx=7106 rx=7121 fc=1 fd=10 fe=1 linkflag=81 pc=000288 a502=00 a524=0000 a525=00 a170=c2 a17f=00 txtail=00c2 rxpend=0000
[ 112.144] [transport] captured=7106 flushed=7106 injected=7121 accepted=0 payload2=0 payload3=0 payload4=0 payload5=0 pump_reads=6452 bursts=869 txcredit=0 outq=0 inq=0 watchdog=9 txseq=66 rxseq=5b
[ 112.144] [epochs] local=1 peer=1 ready=true discarded_rx=0
[ 112.144] [tcb-continuations] ffa580=ff80->018392 sleep=0 local26=7710 ffa5c0=ff80->01853c sleep=0 local26=1b00 ffd000=ffc0->00d4b4 sleep=0 local26=0000 ffd040=ffc0->00daca sleep=0 local26=0000 ffd080=ffc0->00504e sleep=0 local26=1600 ffd0c0=ffc0->00c35c sleep=0 local26=0000 ffd100=ff80->006782 sleep=0 local26=0000 ffd140=ffc0->008082 sleep=0 local26=0009 ffd180=ff80->0079d4 sleep=0 local26=0001 ffd1c0=ffc0->00cad6 sleep=0 local26=0000 ffd200=ff80->00980a sleep=0 local26=0020 ffd240=ff80->007dfc sleep=0 local26=0000 ffd280=ff00->007a24 sleep=0 local26=0401 ffd2c0=ff00->007a24 sleep=0 local26=0400 ffd300=ff80->00980a sleep=0 local26=0020 ffd340=ff80->00975a sleep=0 local26=0020 ffdfc0=ffc0->00d6d0 sleep=0 local26=0000 ffe000=ff00->0070c2 sleep=0 local26=3600
[ 112.380]   [header-byte] write $ffa517 = 04 mask=00ff (pc=018446)
[ 112.414]   [header-byte] write $ffa517 = 04 mask=00ff (pc=018446)
[ 112.514]   [header-byte] write $ffa517 = 04 mask=00ff (pc=018446)
[ 113.031]   [header-byte] write $ffa517 = 04 mask=00ff (pc=018446)
[ 113.132]   [header-byte] write $ffa517 = 04 mask=00ff (pc=018446)
[ 113.146] heartbeat frame=6780 tx=7129 rx=7182 fc=1 fd=10 fe=1 linkflag=81 pc=000288 a502=00 a524=0000 a525=00 a170=c2 a17f=00 txtail=00d9 rxpend=0000
[ 113.146] [transport] captured=7129 flushed=7129 injected=7182 accepted=0 payload2=0 payload3=0 payload4=0 payload5=0 pump_reads=6512 bursts=872 txcredit=0 outq=0 inq=0 watchdog=0 txseq=69 rxseq=60
[ 113.146] [epochs] local=1 peer=1 ready=true discarded_rx=0
[ 113.146] [tcb-continuations] ffa580=ff80->018392 sleep=0 local26=7710 ffa5c0=ff80->01853c sleep=0 local26=1200 ffd000=ffc0->00d4b4 sleep=0 local26=0000 ffd040=ffc0->00daca sleep=0 local26=0000 ffd080=ffc0->00514e sleep=6 local26=0001 ffd0c0=ffc0->00c35c sleep=0 local26=0000 ffd100=ff80->006782 sleep=0 local26=0000 ffd140=ffc0->008082 sleep=0 local26=01ff ffd1c0=ffc0->00cb00 sleep=0 local26=0000 ffd200=ff80->0093e6 sleep=0 local26=0007 ffd280=ff00->009950 sleep=0 local26=0020 ffdfc0=ffc0->00d6d0 sleep=0 local26=0000 ffe000=ff00->0070c2 sleep=0 local26=3600 ffe040=ff00->009ac0 sleep=0 local26=0000 ffe080=ff00->009ac0 sleep=0 local26=0000 ffe0c0=ff00->009ac0 sleep=0 local26=0000 ffe100=ff00->009ac0 sleep=0 local26=0000 ffe140=ff00->009ac0 sleep=0 local26=0000 ffe180=ff00->009ac0 sleep=0 local26=0000 ffe1c0=ff00->009ac0 sleep=0 local26=0000 ffe200=ff00->009ac0 sleep=0 local26=0000 ffe240=ff00->009ac0 sleep=0 local26=0000 ffe280=ff00->009ac0 sleep=0 local26=0000 ffe2c0=ff00->009ac0 sleep=0 local26=0000 ffe300=ff00->009ac0 sleep=0 local26=0000 ffe340=ff00->009ac0 sleep=0 local26=0000 ffe380=ff00->009ac0 sleep=0 local26=0000 ffe3c0=ff00->009ac0 sleep=0 local26=0000 ffe400=ff00->009ac0 sleep=0 local26=0000
[ 113.633]   [header-byte] write $ffa517 = 04 mask=00ff (pc=018446)
[ 114.147] heartbeat frame=6840 tx=7156 rx=7185 fc=1 fd=10 fe=1 linkflag=81 pc=00028a a502=00 a524=0000 a525=00 a170=c2 a17f=00 txtail=00f4 rxpend=0000
[ 114.147] [transport] captured=7156 flushed=7156 injected=7185 accepted=0 payload2=0 payload3=0 payload4=0 payload5=0 pump_reads=6572 bursts=875 txcredit=0 outq=0 inq=3 watchdog=30 txseq=6c rxseq=61
[ 114.147] [epochs] local=1 peer=1 ready=true discarded_rx=0
[ 114.147] [tcb-continuations] ffa580=ff80->018392 sleep=0 local26=7710 ffa5c0=ff80->01853c sleep=0 local26=0c00 ffd000=ffc0->00d4b4 sleep=0 local26=0000 ffd040=ffc0->00daca sleep=0 local26=0000 ffd080=ffc0->004f7e sleep=0 local26=0000 ffd0c0=ffc0->00c35c sleep=0 local26=0000 ffd100=ff80->006782 sleep=0 local26=0000 ffd140=ffc0->008082 sleep=0 local26=0306 ffd180=ff00->00989e sleep=0 local26=0027 ffd1c0=ffc0->00cad6 sleep=0 local26=0000 ffd240=ff80->006c06 sleep=0 local26=0000 ffd2c0=ff80->00449a sleep=0 local26=0000 ffdfc0=ffc0->00d6d0 sleep=0 local26=0000 ffe440=ff00->009714 sleep=0 local26=0000 ffe480=ff00->009714 sleep=0 local26=0000 ffe4c0=ff00->009714 sleep=0 local26=0000 ffe500=ff00->009714 sleep=0 local26=0000 ffe540=ff00->009714 sleep=0 local26=0000 ffe580=ff00->009714 sleep=0 local26=0000
[ 114.150]   [header-byte] write $ffa517 = 04 mask=00ff (pc=018446)
[ 114.484] [game-command] data=3b3b mask=ff00 pc=00c030 requests=00
[ 114.520]   [header-byte] write $ffa517 = 04 mask=00ff (pc=018446)
[ 115.018]   [header-byte] write $ffa517 = 04 mask=00ff (pc=018446)
[ 115.148] heartbeat frame=6900 tx=7184 rx=7212 fc=1 fd=10 fe=1 linkflag=81 pc=000288 a502=00 a524=0000 a525=00 a170=c2 a17f=00 txtail=0010 rxpend=0000
[ 115.148] [transport] captured=7184 flushed=7184 injected=7212 accepted=0 payload2=0 payload3=0 payload4=0 payload5=0 pump_reads=6632 bursts=879 txcredit=0 outq=0 inq=0 watchdog=7 txseq=70 rxseq=64
[ 115.148] [epochs] local=1 peer=1 ready=true discarded_rx=0
[ 115.148] [game-state] a142=04 a13e=04 a13f=0f a530=3b22 a506=0b a507=01 a508=00 a7b0=0022 a7a6=9334 script=01a51a
[ 115.148] [tcb-continuations] ffa580=ff80->018392 sleep=0 local26=7710 ffa5c0=ff80->01853c sleep=0 local26=0800 ffd000=ffc0->00d4b4 sleep=0 local26=0000 ffd040=ffc0->00daca sleep=0 local26=0000 ffd080=ffc0->00bdcc sleep=0 local26=0006 ffd0c0=ffc0->00c35c sleep=0 local26=0000 ffd100=ff80->006782 sleep=0 local26=0000 ffd140=ffc0->008082 sleep=0 local26=0306 ffd180=ff80->00975a sleep=0 local26=0007 ffd1c0=ffc0->00cad6 sleep=0 local26=0000 ffd240=ff80->00cec4 sleep=0 local26=001a ffd280=ff80->00cec4 sleep=0 local26=0016 ffd2c0=ff80->00449a sleep=0 local26=0000 ffd300=ff80->00cec4 sleep=0 local26=0811 ffd340=ff80->00cec4 sleep=0 local26=080f ffd380=ff80->00cec4 sleep=0 local26=0018 ffd3c0=ff80->00cec4 sleep=0 local26=001a ffd400=ff80->00449a sleep=0 local26=0000 ffdfc0=ffc0->00d6d0 sleep=0 local26=0000 ffe000=ff00->00708c sleep=0 local26=0000
[ 115.518]   [header-byte] write $ffa517 = 04 mask=00ff (pc=018446)
[ 115.919]   [header-byte] write $ffa517 = 04 mask=00ff (pc=018446)
[ 115.935]   [header-byte] write $ffa517 = 04 mask=00ff (pc=018446)
[ 116.054]   [header-byte] write $ffa517 = 04 mask=00ff (pc=018446)
[ 116.150] heartbeat frame=6960 tx=7241 rx=7256 fc=1 fd=10 fe=1 linkflag=81 pc=00028a a502=00 a524=0000 a525=00 a170=c2 a17f=00 txtail=0049 rxpend=0000
[ 116.150] [transport] captured=7241 flushed=7241 injected=7256 accepted=0 payload2=0 payload3=0 payload4=0 payload5=0 pump_reads=6692 bursts=884 txcredit=0 outq=0 inq=10 watchdog=5 txseq=75 rxseq=68
[ 116.150] [epochs] local=1 peer=1 ready=true discarded_rx=0
[ 116.150] [tcb-continuations] ffa580=ff80->018392 sleep=0 local26=7710 ffa5c0=ff80->01853c sleep=0 local26=0100 ffd000=ffc0->00d4b4 sleep=0 local26=0000 ffd040=ffc0->00daca sleep=0 local26=0000 ffd080=ffc0->00c35c sleep=0 local26=0000 ffd0c0=ffc0->00c35c sleep=0 local26=0000 ffd100=ff80->006782 sleep=0 local26=0000 ffd140=ffc0->008082 sleep=0 local26=0206 ffd180=ffc0->00ca8a sleep=0 local26=001d ffd1c0=ffc0->00cb00 sleep=0 local26=0000 ffd400=ff80->00449a sleep=0 local26=0000 ffdfc0=ffc0->00d6d0 sleep=0 local26=0000 ffe000=ff00->0070c2 sleep=0 local26=4100
[ 116.152]   [header-byte] write $ffa517 = 04 mask=00ff (pc=018446)
[ 116.152]   [header-byte] write $ffa517 = 04 mask=00ff (pc=018446)
[ 116.152] [game-command] data=1d1d mask=ff00 pc=00db3c requests=00
[ 116.152] [game-command] data=3131 mask=00ff pc=00db50 requests=00
[ 116.152]   [menu-state] write $ffa170 = e2e2 mask=ff00 (pc=00dc36)
[ 116.152]   [menu-state] write $ffa176 = 0000 mask=ff00 (pc=01afde)
[ 116.152]   [header-byte] write $ffa513 = 00 mask=00ff (pc=01afe6)
[ 116.152]   [header-byte] write $ffa513 = 04 mask=00ff (pc=01b044)
[ 116.302] [game-command] data=0d0d mask=ff00 pc=00dccc requests=00
[ 116.352]   [header-byte] write $ffa517 = 04 mask=00ff (pc=018446)
[ 116.854]   [header-byte] write $ffa517 = 04 mask=00ff (pc=018446)
[ 117.151] heartbeat frame=7020 tx=7271 rx=7291 fc=1 fd=10 fe=1 linkflag=81 pc=000288 a502=00 a524=0000 a525=00 a170=e2 a17f=00 txtail=0067 rxpend=0000
[ 117.151] [transport] captured=7271 flushed=7271 injected=7291 accepted=0 payload2=0 payload3=0 payload4=0 payload5=0 pump_reads=6752 bursts=887 txcredit=0 outq=0 inq=0 watchdog=17 txseq=78 rxseq=6c
[ 117.151] [epochs] local=1 peer=1 ready=true discarded_rx=0
[ 117.151] [game-state] a142=04 a13e=04 a13f=0f a530=0d31 a506=0c a507=01 a508=00 a7b0=0022 a7a6=9334 script=01a51a
[ 117.151] [tcb-continuations] ffa580=ff80->018392 sleep=0 local26=7710 ffa5c0=ff80->01853c sleep=0 local26=1400 ffd000=ffc0->00d4b4 sleep=0 local26=0000 ffd040=ffc0->00de4e sleep=6 local26=0000 ffd080=ffc0->00c426 sleep=70 local26=0000 ffd0c0=ffc0->00c426 sleep=70 local26=0000 ffd100=ffc0->00cd98 sleep=0 local26=0000 ffd140=ff80->01510e sleep=0 local26=0000 ffd180=ffc0->00ca8a sleep=0 local26=0002 ffd1c0=ffc0->00cad6 sleep=0 local26=0000 ffd200=ff80->01510e sleep=0 local26=0000 ffdfc0=ffc0->00d6d0 sleep=0 local26=0000
[ 117.270] [game-command] data=4c4c mask=ff00 pc=00de98 requests=00
[ 117.370]   [header-byte] write $ffa517 = 04 mask=00ff (pc=018446)
[ 117.854]   [header-byte] write $ffa517 = 04 mask=00ff (pc=018446)
[ 118.152] heartbeat frame=7080 tx=7279 rx=7297 fc=1 fd=10 fe=1 linkflag=81 pc=00028a a502=00 a524=0000 a525=00 a170=e2 a17f=00 txtail=006f rxpend=0000
[ 118.152] [transport] captured=7279 flushed=7279 injected=7297 accepted=0 payload2=0 payload3=0 payload4=0 payload5=0 pump_reads=6812 bursts=889 txcredit=0 outq=0 inq=0 watchdog=17 txseq=7a rxseq=6e
[ 118.152] [epochs] local=1 peer=1 ready=true discarded_rx=0
[ 118.152] [game-state] a142=04 a13e=04 a13f=0f a530=4c31 a506=0c a507=01 a508=00 a7b0=0022 a7a6=9334 script=01a51a
[ 118.152] [tcb-continuations] ffa580=ff80->018392 sleep=0 local26=7710 ffa5c0=ff80->01853c sleep=0 local26=1600 ffd000=ffc0->00d4b4 sleep=0 local26=0000 ffd040=ffc0->00dea4 sleep=0 local26=0000 ffd080=ffc0->00c426 sleep=10 local26=0000 ffd0c0=ffc0->00c426 sleep=10 local26=0000 ffd100=ffc0->00cd98 sleep=0 local26=0000 ffd140=ff80->01510e sleep=0 local26=0000 ffd180=ffc0->00ca8a sleep=0 local26=0008 ffd1c0=ffc0->00cad6 sleep=0 local26=0000 ffd200=ff80->01510e sleep=0 local26=0000 ffdfc0=ffc0->00d6d0 sleep=0 local26=0000
[ 118.373]   [header-byte] write $ffa517 = 04 mask=00ff (pc=018446)
[ 118.839]   [header-byte] write $ffa517 = 04 mask=00ff (pc=018446)
[ 119.153] heartbeat frame=7140 tx=7285 rx=7305 fc=1 fd=10 fe=1 linkflag=81 pc=00028a a502=00 a524=0000 a525=00 a170=e2 a17f=00 txtail=0075 rxpend=0000
[ 119.153] [transport] captured=7285 flushed=7285 injected=7305 accepted=0 payload2=0 payload3=0 payload4=0 payload5=0 pump_reads=6872 bursts=891 txcredit=0 outq=0 inq=0 watchdog=18 txseq=7c rxseq=70
[ 119.153] [epochs] local=1 peer=1 ready=true discarded_rx=0
[ 119.153] [tcb-continuations] ffa580=ff80->018392 sleep=0 local26=7710 ffa5c0=ff80->01853c sleep=0 local26=1600 ffd000=ffc0->00d4b4 sleep=0 local26=0000 ffd040=ffc0->00df7a sleep=0 local26=0000 ffd080=ffc0->00c4c6 sleep=0 local26=0000 ffd0c0=ffc0->00c4c6 sleep=0 local26=0000 ffd100=ffc0->00cd98 sleep=0 local26=0000 ffd140=ff80->01510e sleep=0 local26=0000 ffd180=ffc0->00cb5c sleep=0 local26=0000 ffd1c0=ffc0->00cb5c sleep=0 local26=0000 ffd200=ff80->01510e sleep=0 local26=0000 ffd240=ff80->0086ee sleep=0 local26=0000 ffdfc0=ffc0->00d6d0 sleep=0 local26=0000
[ 119.339]   [header-byte] write $ffa517 = 04 mask=00ff (pc=018446)
[ 119.823]   [header-byte] write $ffa517 = 04 mask=00ff (pc=018446)
[ 120.005] === session stop ===
