[   0.000] === session start, version=0.6.1 side=B debug=true ===
[   0.000] [rom-guards] cpld_compare=b202 garbage_divisor=323c,ffff
[   0.000] taps installed; out=C:\Users\tbend\mame\PuyoPuyo2\run_latejoin_yes_20260911_01\B_to_A.bin in=C:\Users\tbend\mame\PuyoPuyo2\run_latejoin_yes_20260911_01\A_to_B.bin
[   0.000] SERVICE port fields: 1 Player Start | Service Mode | Coin 1 | Coin 2 | 2 Players Start | Service 1
[   0.017] [attack-state] address=ffa7f0 data=0000 mask=ffff pc=0181b6 protection=00
[   0.017] [attack-state] address=ffa7f8 data=0000 mask=ffff pc=0181c2 protection=00
[   0.017] [link-state] data=0000 mask=ffff pc=0181ec watchdog=102 expect=0f rxhead=0025 rxtail=0025 rxpend=0000
[   0.017] [protection-state] address=ffa020 data=ff00 mask=ffff pc=000932
[   0.017]   [menu-state] write $ffa172 = 0000 mask=ffff (pc=019320)
[   0.017]   [menu-state] write $ffa170 = 0000 mask=ffff (pc=019320)
[   0.017]   [menu-state] write $ffa17c = 0000 mask=ff00 (pc=019326)
[   0.017]   [menu-state] write $ffa17f = 0000 mask=00ff (pc=01932c)
[   0.017]   [menu-state] write $ffa176 = 0000 mask=ff00 (pc=01afde)
[   0.017]   [header-byte] write $ffa513 = 00 mask=00ff (pc=01afe6)
[   0.017] [protection-checksum] data=0000 mask=ff00 pc=00040e
[   0.017] [protection-checksum] data=0000 mask=00ff pc=000414
[   0.018] [protection-state] address=ffa020 data=0000 mask=ff00 pc=000948
[   0.027]   [menu-state] write $ffa170 = 0000 mask=ff00 (pc=018062)
[   0.027]   [menu-state] write $ffa176 = 0000 mask=ff00 (pc=01afde)
[   0.027]   [header-byte] write $ffa513 = 00 mask=00ff (pc=01afe6)
[   0.162] CONTROL reset pulse start (pc=01823e, prev_bank=cmd)
[   0.162] [reset] discarded tx=0 rx=0
[   0.162] [epoch-reset] local=1 peer=0 queued_rx=0
[   0.167] [peer-reset] old=0 new=1 local=1 queued_rx=0
[   0.401] [link-state] data=7f7f mask=ff00 pc=018334 watchdog=102 expect=0f rxhead=0000 rxtail=0000 rxpend=0000
[   0.418] [epoch-ready] local=1 peer=1
[   0.418] CMD $FE -> cabinet role=2 (ROM linkflag=82)
[   0.418] [link-state] data=8282 mask=ff00 pc=018358 watchdog=102 expect=0f rxhead=0000 rxtail=0000 rxpend=0000
[   0.418]   [header-byte] write $ffa513 = 00 mask=00ff (pc=01afe6)
[   0.435]   [menu-state] write $ffa173 = 8080 mask=00ff (pc=01939c)
[   0.435]   [menu-state] write $ffa171 = 8080 mask=00ff (pc=019466)
[   0.435]   [header-byte] write $ffa513 = 00 mask=00ff (pc=019e4a)
[   0.435]   [header-byte] write $ffa513 = 10 mask=00ff (pc=019e5a)
[   0.435]   [header-byte] write $ffa513 = 00 mask=00ff (pc=01afe6)
[   0.435]   [header-byte] write $ffa513 = 10 mask=00ff (pc=01affe)
[   0.451]   [menu-state] write $ffa171 = 0000 mask=00ff (pc=019466)
[   0.451]   [header-byte] write $ffa513 = 00 mask=00ff (pc=019e4a)
[   0.451]   [header-byte] write $ffa513 = 00 mask=00ff (pc=01afe6)
[   0.452]   [header-byte] write $ffa517 = 00 mask=00ff (pc=018446)
[   0.452] [packet-accepted] total=1 seq=00 flags=00 status=00 pc=01845e
[   0.468]   [header-byte] write $ffa517 = 10 mask=00ff (pc=018446)
[   0.468] [packet-accepted] total=2 seq=01 flags=00 status=10 pc=01845e
[   0.485]   [menu-state] write $ffa171 = 8080 mask=00ff (pc=019466)
[   0.485]   [header-byte] write $ffa513 = 00 mask=00ff (pc=019e4a)
[   0.485]   [header-byte] write $ffa513 = 10 mask=00ff (pc=019e5a)
[   0.485]   [header-byte] write $ffa513 = 00 mask=00ff (pc=01afe6)
[   0.485]   [header-byte] write $ffa513 = 10 mask=00ff (pc=01affe)
[   0.885]   [header-byte] write $ffa517 = 10 mask=00ff (pc=018446)
[   0.885] [packet-accepted] total=3 seq=02 flags=00 status=10 pc=01845e
[   1.001] heartbeat frame=60 tx=12 rx=9 fc=1 fd=10 fe=1 linkflag=82 pc=00028a a502=00 a524=0003 a525=03 a170=00 a17f=00 txtail=000c rxpend=0000
[   1.001] [transport] captured=12 flushed=12 received=9 accepted=3 payload2=0 payload3=0 payload4=0 payload5=0 pump_reads=37 bursts=4 txcredit=0 outq=0 inq=0 watchdog=6 txseq=05 rxseq=03 rxcredit=0 protection=00 checks=0000
[   1.001] [epochs] local=1 peer=1 ready=true discarded_rx=0
[   1.001] [game-state] a142=04 a13e=02 a13f=05 a530=0b22 a506=00 a507=00 a508=01 a7b0=0000 a7a6=0000 script=019f80 mode=01 rule=01 base=70 margin=6 difficulty=0 preset=0
[   1.001] [tcb-continuations] ffa580=ff80->018392 sleep=0 local26=7710 ffa5c0=ff80->01853c sleep=0 local26=0000 ffd100=ff80->01b388 sleep=129 local26=0000
[   1.369]   [header-byte] write $ffa517 = 10 mask=00ff (pc=018446)
[   1.369] [packet-accepted] total=4 seq=03 flags=00 status=10 pc=01845e
[   1.870]   [header-byte] write $ffa517 = 10 mask=00ff (pc=018446)
[   2.003] heartbeat frame=120 tx=18 rx=15 fc=1 fd=10 fe=1 linkflag=82 pc=000288 a502=00 a524=0003 a525=03 a170=00 a17f=00 txtail=0012 rxpend=0000
[   2.003] [transport] captured=18 flushed=18 received=15 accepted=5 payload2=0 payload3=0 payload4=0 payload5=0 pump_reads=99 bursts=6 txcredit=0 outq=0 inq=0 watchdog=7 txseq=07 rxseq=05 rxcredit=0 protection=00 checks=0000
[   2.003] [epochs] local=1 peer=1 ready=true discarded_rx=0
[   2.003] [tcb-continuations] ffa580=ff80->018392 sleep=0 local26=7710 ffa5c0=ff80->01853c sleep=0 local26=0000 ffd100=ff80->01b388 sleep=69 local26=0000
[   2.354]   [header-byte] write $ffa517 = 10 mask=00ff (pc=018446)
[   2.855]   [header-byte] write $ffa517 = 10 mask=00ff (pc=018446)
[   3.004] heartbeat frame=180 tx=24 rx=21 fc=1 fd=10 fe=1 linkflag=82 pc=000288 a502=00 a524=0003 a525=03 a170=00 a17f=00 txtail=0018 rxpend=0000
[   3.004] [transport] captured=24 flushed=24 received=21 accepted=7 payload2=0 payload3=0 payload4=0 payload5=0 pump_reads=161 bursts=8 txcredit=0 outq=0 inq=0 watchdog=8 txseq=09 rxseq=07 rxcredit=0 protection=00 checks=0000
[   3.004] [epochs] local=1 peer=1 ready=true discarded_rx=0
[   3.004] [tcb-continuations] ffa580=ff80->018392 sleep=0 local26=7710 ffa5c0=ff80->01853c sleep=0 local26=0000 ffd100=ff80->01b388 sleep=9 local26=0000
[   3.188]   [header-byte] write $ffa517 = 11 mask=00ff (pc=018446)
[   3.262]   [menu-state] write $ffa170 = 0909 mask=ff00 (pc=018062)
[   3.262]   [menu-state] write $ffa176 = 0000 mask=ff00 (pc=01afde)
[   3.262]   [header-byte] write $ffa513 = 00 mask=00ff (pc=01afe6)
[   3.262]   [header-byte] write $ffa513 = 10 mask=00ff (pc=01affe)
[   3.262]   [header-byte] write $ffa513 = 11 mask=00ff (pc=01b034)
[   3.294] [protection-checksum] data=0101 mask=00ff pc=01b0bc
[   3.294] [protection-checksum] data=0000 mask=00ff pc=01b11a
[   3.689]   [header-byte] write $ffa517 = 11 mask=00ff (pc=018446)
[   4.005] heartbeat frame=240 tx=33 rx=27 fc=1 fd=10 fe=1 linkflag=82 pc=00028a a502=00 a524=0000 a525=00 a170=09 a17f=00 txtail=0021 rxpend=0000
[   4.005] [transport] captured=33 flushed=33 received=27 accepted=9 payload2=0 payload3=0 payload4=0 payload5=0 pump_reads=223 bursts=11 txcredit=0 outq=0 inq=0 watchdog=18 txseq=0b rxseq=09 rxcredit=0 protection=00 checks=0000
[   4.005] [epochs] local=1 peer=1 ready=true discarded_rx=0
[   4.005] [game-state] a142=04 a13e=02 a13f=05 a530=0b22 a506=00 a507=00 a508=01 a7b0=0000 a7a6=0000 script=01a004 mode=00 rule=01 base=70 margin=6 difficulty=0 preset=0
[   4.005] [tcb-continuations] ffa580=ff80->018392 sleep=0 local26=7710 ffa5c0=ff80->01853c sleep=0 local26=0b00 ffd100=ff80->01b4ee sleep=0 local26=0000 ffd140=ff80->00628e sleep=0 local26=008a
[   4.023]   [header-byte] write $ffa517 = 13 mask=00ff (pc=018446)
[   4.196]   [menu-state] write $ffa170 = 0808 mask=ff00 (pc=018062)
[   4.196]   [menu-state] write $ffa176 = 0000 mask=ff00 (pc=01afde)
[   4.196]   [header-byte] write $ffa513 = 00 mask=00ff (pc=01afe6)
[   4.196]   [header-byte] write $ffa513 = 10 mask=00ff (pc=01affe)
[   4.197]   [header-byte] write $ffa513 = 11 mask=00ff (pc=01b034)
[   4.197] [game-command] data=0303 mask=ff00 pc=0188d8 requests=80
[   4.224]   [header-byte] write $ffa513 = 13 mask=00ff (pc=0189b4)
[   4.224]   [menu-state] write $ffa17f = 0000 mask=00ff (pc=0189c2)
[   4.835]   [header-byte] write $ffa517 = 13 mask=00ff (pc=018446)
[   4.835] [packet-accepted] total=11 seq=0a flags=04 status=13 pc=01845e command=13 arg=22
[   4.835]   [header-byte] write $ffa517 = 13 mask=00ff (pc=018446)
[   4.835] [packet-accepted] total=12 seq=0b flags=04 status=13 pc=01845e command=13 arg=22
[   4.835]   [header-byte] write $ffa517 = 13 mask=00ff (pc=018446)
[   4.835] [packet-accepted] total=13 seq=0c flags=04 status=13 pc=01845e command=13 arg=22
[   4.835]   [header-byte] write $ffa517 = 13 mask=00ff (pc=018446)
[   4.835] [packet-accepted] total=14 seq=0d flags=04 status=13 pc=01845e command=13 arg=22
[   4.835]   [header-byte] write $ffa517 = 13 mask=00ff (pc=018446)
[   4.835] [packet-accepted] total=15 seq=0e flags=04 status=13 pc=01845e command=13 arg=22
[   4.835]   [header-byte] write $ffa517 = 13 mask=00ff (pc=018446)
[   4.835] [packet-accepted] total=16 seq=0f flags=04 status=13 pc=01845e command=13 arg=22
[   4.835]   [header-byte] write $ffa517 = 13 mask=00ff (pc=018446)
[   4.835] [packet-accepted] total=17 seq=10 flags=04 status=13 pc=01845e command=13 arg=22
[   4.840]   [header-byte] write $ffa517 = 13 mask=00ff (pc=018446)
[   4.840] [packet-accepted] total=18 seq=11 flags=04 status=13 pc=01845e command=13 arg=22
[   4.857]   [header-byte] write $ffa517 = 13 mask=00ff (pc=018446)
[   4.857] [packet-accepted] total=19 seq=12 flags=04 status=13 pc=01845e command=13 arg=22
[   4.874]   [header-byte] write $ffa517 = 13 mask=00ff (pc=018446)
[   4.874] [packet-accepted] total=20 seq=13 flags=04 status=13 pc=01845e command=13 arg=22
[   4.890]   [header-byte] write $ffa517 = 13 mask=00ff (pc=018446)
[   4.890] [packet-accepted] total=21 seq=14 flags=04 status=13 pc=01845e command=13 arg=22
[   4.915]   [header-byte] write $ffa517 = 13 mask=00ff (pc=018446)
[   4.915] [packet-accepted] total=22 seq=15 flags=04 status=13 pc=01845e command=13 arg=22
[   4.931]   [header-byte] write $ffa517 = 13 mask=00ff (pc=018446)
[   4.931] [packet-accepted] total=23 seq=16 flags=04 status=13 pc=01845e command=13 arg=22
[   4.942]   [header-byte] write $ffa517 = 13 mask=00ff (pc=018446)
[   4.942] [packet-accepted] total=24 seq=17 flags=04 status=13 pc=01845e command=13 arg=22
[   4.959]   [header-byte] write $ffa517 = 13 mask=00ff (pc=018446)
[   4.959] [packet-accepted] total=25 seq=18 flags=04 status=13 pc=01845e command=13 arg=22
[   4.976]   [header-byte] write $ffa517 = 13 mask=00ff (pc=018446)
[   4.976] [packet-accepted] total=26 seq=19 flags=04 status=13 pc=01845e command=13 arg=22
[   4.992]   [header-byte] write $ffa517 = 13 mask=00ff (pc=018446)
[   4.992] [packet-accepted] total=27 seq=1a flags=04 status=13 pc=01845e command=13 arg=22
[   5.006] heartbeat frame=300 tx=56 rx=115 fc=1 fd=10 fe=1 linkflag=82 pc=000288 a502=00 a524=0005 a525=05 a170=08 a17f=00 txtail=0038 rxpend=0000
[   5.006] [transport] captured=56 flushed=56 received=115 accepted=27 payload2=17 payload3=0 payload4=0 payload5=0 pump_reads=301 bursts=16 txcredit=0 outq=0 inq=0 watchdog=0 txseq=11 rxseq=1b rxcredit=5 protection=00 checks=0000
[   5.006] [epochs] local=1 peer=1 ready=true discarded_rx=0
[   5.006] [game-state] a142=04 a13e=00 a13f=00 a530=0322 a506=03 a507=00 a508=01 a7b0=0000 a7a6=1322 script=01a39e mode=01 rule=01 base=70 margin=6 difficulty=0 preset=0
[   5.006] [tcb-continuations] ffa580=ff80->018392 sleep=0 local26=7710 ffa5c0=ff80->01853c sleep=0 local26=0000 ffd040=ff80->018a40 sleep=0 local26=0300 ffd080=ff80->018ee4 sleep=0 local26=0000 ffd0c0=ff80->018ee4 sleep=0 local26=0000 ffd100=ff80->01fbb4 sleep=0 local26=0000 ffd140=ff80->01fbb6 sleep=0 local26=0002 ffd180=ff80->01fbb6 sleep=0 local26=00a2 ffd1c0=ff80->01fbb6 sleep=0 local26=01c2 ffd200=ff80->01fbb6 sleep=0 local26=02e2 ffd240=ff80->01902e sleep=0 local26=0000 ffd280=ff80->01ffe2 sleep=0 local26=0000 ffd2c0=ff80->020004 sleep=0 local26=0002 ffd300=ff80->020004 sleep=0 local26=0000 ffd340=ff80->01febe sleep=0 local26=0000 ffd380=ff80->01fedc sleep=0 local26=0000 ffd3c0=ff80->01febe sleep=0 local26=0000 ffd400=ff80->01fedc sleep=0 local26=0000
[   5.009]   [header-byte] write $ffa517 = 13 mask=00ff (pc=018446)
[   5.009] [packet-accepted] total=28 seq=1b flags=04 status=13 pc=01845e command=13 arg=22
[   5.026]   [header-byte] write $ffa517 = 13 mask=00ff (pc=018446)
[   5.026] [packet-accepted] total=29 seq=1c flags=04 status=13 pc=01845e command=13 arg=22
[   5.042]   [header-byte] write $ffa517 = 13 mask=00ff (pc=018446)
[   5.042] [packet-accepted] total=30 seq=1d flags=04 status=13 pc=01845e command=13 arg=22
[   5.059]   [header-byte] write $ffa517 = 13 mask=00ff (pc=018446)
[   5.059] [packet-accepted] total=31 seq=1e flags=04 status=13 pc=01845e command=13 arg=22
[   5.077]   [header-byte] write $ffa517 = 13 mask=00ff (pc=018446)
[   5.077] [packet-accepted] total=32 seq=1f flags=04 status=13 pc=01845e command=13 arg=22
[   5.092]   [header-byte] write $ffa517 = 13 mask=00ff (pc=018446)
[   5.092] [packet-accepted] total=33 seq=20 flags=04 status=13 pc=01845e command=13 arg=22
[   5.109]   [header-byte] write $ffa517 = 13 mask=00ff (pc=018446)
[   5.109] [packet-accepted] total=34 seq=21 flags=04 status=13 pc=01845e command=13 arg=22
[   5.126]   [header-byte] write $ffa517 = 13 mask=00ff (pc=018446)
[   5.126] [packet-accepted] total=35 seq=22 flags=04 status=13 pc=01845e command=13 arg=22
[   5.142]   [header-byte] write $ffa517 = 13 mask=00ff (pc=018446)
[   5.142] [packet-accepted] total=36 seq=23 flags=04 status=13 pc=01845e command=13 arg=22
[   5.159]   [header-byte] write $ffa517 = 13 mask=00ff (pc=018446)
[   5.159] [packet-accepted] total=37 seq=24 flags=04 status=13 pc=01845e command=13 arg=22
[   5.176]   [header-byte] write $ffa517 = 13 mask=00ff (pc=018446)
[   5.176] [packet-accepted] total=38 seq=25 flags=04 status=13 pc=01845e command=13 arg=22
[   5.193]   [header-byte] write $ffa517 = 13 mask=00ff (pc=018446)
[   5.193] [packet-accepted] total=39 seq=26 flags=04 status=13 pc=01845e command=13 arg=22
[   5.209]   [header-byte] write $ffa517 = 13 mask=00ff (pc=018446)
[   5.209] [packet-accepted] total=40 seq=27 flags=04 status=13 pc=01845e command=13 arg=22
[   5.228]   [header-byte] write $ffa517 = 13 mask=00ff (pc=018446)
[   5.228] [packet-accepted] total=41 seq=28 flags=04 status=13 pc=01845e command=13 arg=22
[   5.243]   [header-byte] write $ffa517 = 13 mask=00ff (pc=018446)
[   5.243] [packet-accepted] total=42 seq=29 flags=04 status=13 pc=01845e command=13 arg=22
[   5.259]   [header-byte] write $ffa517 = 13 mask=00ff (pc=018446)
[   5.259] [packet-accepted] total=43 seq=2a flags=04 status=13 pc=01845e command=13 arg=22
[   5.276]   [header-byte] write $ffa517 = 13 mask=00ff (pc=018446)
[   5.276] [packet-accepted] total=44 seq=2b flags=04 status=13 pc=01845e command=13 arg=22
[   5.293]   [header-byte] write $ffa517 = 13 mask=00ff (pc=018446)
[   5.293] [packet-accepted] total=45 seq=2c flags=04 status=13 pc=01845e command=13 arg=22
[   5.309]   [header-byte] write $ffa517 = 13 mask=00ff (pc=018446)
[   5.309] [packet-accepted] total=46 seq=2d flags=04 status=13 pc=01845e command=13 arg=22
[   5.326]   [header-byte] write $ffa517 = 13 mask=00ff (pc=018446)
[   5.326] [packet-accepted] total=47 seq=2e flags=04 status=13 pc=01845e command=13 arg=22
[   5.343]   [header-byte] write $ffa517 = 13 mask=00ff (pc=018446)
[   5.343] [packet-accepted] total=48 seq=2f flags=04 status=13 pc=01845e command=13 arg=22
[   5.359]   [header-byte] write $ffa517 = 13 mask=00ff (pc=018446)
[   5.359] [packet-accepted] total=49 seq=30 flags=04 status=13 pc=01845e command=13 arg=22
[   5.376]   [header-byte] write $ffa517 = 13 mask=00ff (pc=018446)
[   5.376] [packet-accepted] total=50 seq=31 flags=04 status=13 pc=01845e command=13 arg=22
[   5.395]   [header-byte] write $ffa517 = 13 mask=00ff (pc=018446)
[   5.395] [packet-accepted] total=51 seq=32 flags=04 status=13 pc=01845e command=13 arg=22
[   5.410]   [header-byte] write $ffa517 = 13 mask=00ff (pc=018446)
[   5.410] [packet-accepted] total=52 seq=33 flags=04 status=13 pc=01845e command=13 arg=22
[   5.426]   [header-byte] write $ffa517 = 13 mask=00ff (pc=018446)
[   5.426] [packet-accepted] total=53 seq=34 flags=04 status=13 pc=01845e command=33 arg=22
[   5.443]   [header-byte] write $ffa517 = 13 mask=00ff (pc=018446)
[   5.443] [packet-accepted] total=54 seq=35 flags=04 status=13 pc=01845e command=33 arg=22
[   5.459]   [header-byte] write $ffa517 = 13 mask=00ff (pc=018446)
[   5.459] [packet-accepted] total=55 seq=36 flags=04 status=13 pc=01845e command=33 arg=22
[   5.476]   [header-byte] write $ffa517 = 13 mask=00ff (pc=018446)
[   5.476] [packet-accepted] total=56 seq=37 flags=04 status=13 pc=01845e command=33 arg=22
[   5.493]   [header-byte] write $ffa517 = 13 mask=00ff (pc=018446)
[   5.493] [packet-accepted] total=57 seq=38 flags=04 status=13 pc=01845e command=33 arg=22
[   5.510]   [header-byte] write $ffa517 = 13 mask=00ff (pc=018446)
[   5.510] [packet-accepted] total=58 seq=39 flags=04 status=13 pc=01845e command=33 arg=22
[   5.526]   [header-byte] write $ffa517 = 13 mask=00ff (pc=018446)
[   5.526] [packet-accepted] total=59 seq=3a flags=04 status=13 pc=01845e command=33 arg=22
[   5.543]   [header-byte] write $ffa517 = 13 mask=00ff (pc=018446)
[   5.543] [packet-accepted] total=60 seq=3b flags=04 status=13 pc=01845e command=33 arg=22
[   5.560]   [header-byte] write $ffa517 = 13 mask=00ff (pc=018446)
[   5.560] [packet-accepted] total=61 seq=3c flags=04 status=13 pc=01845e command=33 arg=22
[   5.576]   [header-byte] write $ffa517 = 13 mask=00ff (pc=018446)
[   5.576] [packet-accepted] total=62 seq=3d flags=04 status=13 pc=01845e command=33 arg=22
[   5.593]   [header-byte] write $ffa517 = 13 mask=00ff (pc=018446)
[   5.593] [packet-accepted] total=63 seq=3e flags=04 status=13 pc=01845e command=33 arg=22
[   5.610]   [header-byte] write $ffa517 = 13 mask=00ff (pc=018446)
[   5.610] [packet-accepted] total=64 seq=3f flags=04 status=13 pc=01845e command=33 arg=22
[   5.610]   [header-byte] write $ffa517 = 13 mask=00ff (pc=018446)
[   5.610] [packet-accepted] total=65 seq=40 flags=04 status=13 pc=01845e command=33 arg=22
[   5.643]   [header-byte] write $ffa517 = 13 mask=00ff (pc=018446)
[   5.643] [packet-accepted] total=66 seq=41 flags=04 status=13 pc=01845e command=33 arg=22
[   5.660]   [header-byte] write $ffa517 = 13 mask=00ff (pc=018446)
[   5.660] [packet-accepted] total=67 seq=42 flags=04 status=13 pc=01845e command=33 arg=22
[   5.677]   [header-byte] write $ffa517 = 13 mask=00ff (pc=018446)
[   5.677] [packet-accepted] total=68 seq=43 flags=04 status=13 pc=01845e command=33 arg=22
[   5.693]   [header-byte] write $ffa517 = 13 mask=00ff (pc=018446)
[   5.693] [packet-accepted] total=69 seq=44 flags=04 status=13 pc=01845e command=33 arg=22
[   5.712]   [header-byte] write $ffa517 = 13 mask=00ff (pc=018446)
[   5.712] [packet-accepted] total=70 seq=45 flags=04 status=13 pc=01845e command=33 arg=22
[   5.727]   [header-byte] write $ffa517 = 13 mask=00ff (pc=018446)
[   5.727] [packet-accepted] total=71 seq=46 flags=04 status=13 pc=01845e command=33 arg=22
[   5.743]   [header-byte] write $ffa517 = 13 mask=00ff (pc=018446)
[   5.743] [packet-accepted] total=72 seq=47 flags=04 status=13 pc=01845e command=33 arg=22
[   5.760]   [header-byte] write $ffa517 = 13 mask=00ff (pc=018446)
[   5.760] [packet-accepted] total=73 seq=48 flags=04 status=13 pc=01845e command=33 arg=22
[   5.777]   [header-byte] write $ffa517 = 13 mask=00ff (pc=018446)
[   5.777] [packet-accepted] total=74 seq=49 flags=04 status=13 pc=01845e command=33 arg=22
[   5.793]   [header-byte] write $ffa517 = 13 mask=00ff (pc=018446)
[   5.793] [packet-accepted] total=75 seq=4a flags=04 status=13 pc=01845e command=33 arg=22
[   5.810]   [header-byte] write $ffa517 = 13 mask=00ff (pc=018446)
[   5.810] [packet-accepted] total=76 seq=4b flags=04 status=13 pc=01845e command=33 arg=22
[   5.827]   [header-byte] write $ffa517 = 13 mask=00ff (pc=018446)
[   5.827] [packet-accepted] total=77 seq=4c flags=04 status=13 pc=01845e command=33 arg=22
[   5.843]   [header-byte] write $ffa517 = 13 mask=00ff (pc=018446)
[   5.843] [packet-accepted] total=78 seq=4d flags=04 status=13 pc=01845e command=33 arg=22
[   5.861]   [header-byte] write $ffa517 = 13 mask=00ff (pc=018446)
[   5.861] [packet-accepted] total=79 seq=4e flags=04 status=13 pc=01845e command=33 arg=22
[   5.876]   [header-byte] write $ffa517 = 13 mask=00ff (pc=018446)
[   5.876] [packet-accepted] total=80 seq=4f flags=04 status=13 pc=01845e command=33 arg=22
[   5.893]   [header-byte] write $ffa517 = 13 mask=00ff (pc=018446)
[   5.893] [packet-accepted] total=81 seq=50 flags=04 status=13 pc=01845e command=33 arg=22
[   5.910]   [header-byte] write $ffa517 = 13 mask=00ff (pc=018446)
[   5.910] [packet-accepted] total=82 seq=51 flags=04 status=13 pc=01845e command=33 arg=22
[   5.927]   [header-byte] write $ffa517 = 13 mask=00ff (pc=018446)
[   5.927] [packet-accepted] total=83 seq=52 flags=04 status=13 pc=01845e command=33 arg=22
[   5.943]   [header-byte] write $ffa517 = 13 mask=00ff (pc=018446)
[   5.943] [packet-accepted] total=84 seq=53 flags=04 status=13 pc=01845e command=33 arg=22
[   5.960]   [header-byte] write $ffa517 = 13 mask=00ff (pc=018446)
[   5.960] [packet-accepted] total=85 seq=54 flags=04 status=13 pc=01845e command=33 arg=22
[   5.977]   [header-byte] write $ffa517 = 13 mask=00ff (pc=018446)
[   5.977] [packet-accepted] total=86 seq=55 flags=04 status=13 pc=01845e command=33 arg=22
[   5.993]   [header-byte] write $ffa517 = 13 mask=00ff (pc=018446)
[   5.993] [packet-accepted] total=87 seq=56 flags=04 status=13 pc=01845e command=33 arg=22
[   6.008] heartbeat frame=360 tx=356 rx=415 fc=1 fd=10 fe=1 linkflag=82 pc=000288 a502=00 a524=0005 a525=05 a170=08 a17f=00 txtail=0064 rxpend=0000
[   6.008] [transport] captured=356 flushed=356 received=415 accepted=87 payload2=77 payload3=0 payload4=0 payload5=0 pump_reads=420 bursts=76 txcredit=0 outq=0 inq=0 watchdog=0 txseq=4d rxseq=57 rxcredit=5 protection=00 checks=0000
[   6.008] [epochs] local=1 peer=1 ready=true discarded_rx=0
[   6.008] [game-state] a142=04 a13e=00 a13f=00 a530=0322 a506=03 a507=00 a508=01 a7b0=0000 a7a6=3322 script=01a39e mode=01 rule=01 base=70 margin=6 difficulty=0 preset=0
[   6.008] [tcb-continuations] ffa580=ff80->018392 sleep=0 local26=7710 ffa5c0=ff80->01853c sleep=0 local26=0000 ffd040=ff80->018a40 sleep=0 local26=0300 ffd080=ff80->018ee4 sleep=0 local26=0000 ffd0c0=ff80->018ee4 sleep=0 local26=0000 ffd100=ff80->01fbb4 sleep=0 local26=0000 ffd140=ff80->01fbb6 sleep=0 local26=0002 ffd180=ff80->01fbb6 sleep=0 local26=00a2 ffd1c0=ff80->01fbb6 sleep=0 local26=01c2 ffd200=ff80->01fbb6 sleep=0 local26=02e2 ffd240=ff80->01902e sleep=0 local26=0000 ffd280=ff80->01ffe2 sleep=0 local26=0009 ffd2c0=ff80->020004 sleep=0 local26=0002 ffd300=ff80->020004 sleep=0 local26=0000 ffd340=ff80->01febe sleep=0 local26=0000 ffd380=ff80->01fedc sleep=0 local26=0000 ffd3c0=ff80->01febe sleep=0 local26=0000 ffd400=ff80->01fedc sleep=0 local26=0000
[   6.010]   [header-byte] write $ffa517 = 13 mask=00ff (pc=018446)
[   6.010] [packet-accepted] total=88 seq=57 flags=04 status=13 pc=01845e command=33 arg=22
[   6.027]   [header-byte] write $ffa517 = 13 mask=00ff (pc=018446)
[   6.027] [packet-accepted] total=89 seq=58 flags=04 status=13 pc=01845e command=33 arg=22
[   6.043]   [header-byte] write $ffa517 = 13 mask=00ff (pc=018446)
[   6.043] [packet-accepted] total=90 seq=59 flags=04 status=13 pc=01845e command=33 arg=22
[   6.060]   [header-byte] write $ffa517 = 13 mask=00ff (pc=018446)
[   6.060] [packet-accepted] total=91 seq=5a flags=04 status=13 pc=01845e command=33 arg=22
[   6.077]   [header-byte] write $ffa517 = 13 mask=00ff (pc=018446)
[   6.077] [packet-accepted] total=92 seq=5b flags=04 status=13 pc=01845e command=33 arg=22
[   6.093]   [header-byte] write $ffa517 = 13 mask=00ff (pc=018446)
[   6.093] [packet-accepted] total=93 seq=5c flags=04 status=13 pc=01845e command=33 arg=22
[   6.110]   [header-byte] write $ffa517 = 13 mask=00ff (pc=018446)
[   6.110] [packet-accepted] total=94 seq=5d flags=04 status=13 pc=01845e command=33 arg=22
[   6.127]   [header-byte] write $ffa517 = 13 mask=00ff (pc=018446)
[   6.127] [packet-accepted] total=95 seq=5e flags=04 status=13 pc=01845e command=33 arg=22
[   6.143]   [header-byte] write $ffa517 = 13 mask=00ff (pc=018446)
[   6.143] [packet-accepted] total=96 seq=5f flags=04 status=13 pc=01845e command=33 arg=22
[   6.160]   [header-byte] write $ffa517 = 13 mask=00ff (pc=018446)
[   6.160] [packet-accepted] total=97 seq=60 flags=04 status=13 pc=01845e command=33 arg=22
[   6.179]   [header-byte] write $ffa517 = 13 mask=00ff (pc=018446)
[   6.179] [packet-accepted] total=98 seq=61 flags=04 status=13 pc=01845e command=33 arg=22
[   6.194]   [header-byte] write $ffa517 = 13 mask=00ff (pc=018446)
[   6.194] [packet-accepted] total=99 seq=62 flags=04 status=13 pc=01845e command=33 arg=22
[   6.210]   [header-byte] write $ffa517 = 13 mask=00ff (pc=018446)
[   6.210] [packet-accepted] total=100 seq=63 flags=04 status=13 pc=01845e command=33 arg=22
[   6.227]   [header-byte] write $ffa517 = 13 mask=00ff (pc=018446)
[   6.227] [packet-accepted] total=101 seq=64 flags=04 status=13 pc=01845e command=33 arg=22
[   6.244]   [header-byte] write $ffa517 = 13 mask=00ff (pc=018446)
[   6.244] [packet-accepted] total=102 seq=65 flags=04 status=13 pc=01845e command=33 arg=22
[   6.260]   [header-byte] write $ffa517 = 13 mask=00ff (pc=018446)
[   6.260] [packet-accepted] total=103 seq=66 flags=04 status=13 pc=01845e command=33 arg=22
[   6.277]   [header-byte] write $ffa517 = 13 mask=00ff (pc=018446)
[   6.277] [packet-accepted] total=104 seq=67 flags=04 status=13 pc=01845e command=33 arg=22
[   6.294]   [header-byte] write $ffa517 = 13 mask=00ff (pc=018446)
[   6.294] [packet-accepted] total=105 seq=68 flags=04 status=13 pc=01845e command=33 arg=22
[   6.310]   [header-byte] write $ffa517 = 13 mask=00ff (pc=018446)
[   6.310] [packet-accepted] total=106 seq=69 flags=04 status=13 pc=01845e command=33 arg=22
[   6.327]   [header-byte] write $ffa517 = 13 mask=00ff (pc=018446)
[   6.327] [packet-accepted] total=107 seq=6a flags=04 status=13 pc=01845e command=33 arg=22
[   6.346]   [header-byte] write $ffa517 = 13 mask=00ff (pc=018446)
[   6.346] [packet-accepted] total=108 seq=6b flags=04 status=13 pc=01845e command=33 arg=22
[   6.377]   [header-byte] write $ffa517 = 13 mask=00ff (pc=018446)
[   6.377] [packet-accepted] total=109 seq=6c flags=04 status=13 pc=01845e command=33 arg=22
[   6.377]   [header-byte] write $ffa517 = 13 mask=00ff (pc=018446)
[   6.377] [packet-accepted] total=110 seq=6d flags=04 status=13 pc=01845e command=33 arg=22
[   6.394]   [header-byte] write $ffa517 = 13 mask=00ff (pc=018446)
[   6.394] [packet-accepted] total=111 seq=6e flags=04 status=13 pc=01845e command=33 arg=22
[   6.411]   [header-byte] write $ffa517 = 13 mask=00ff (pc=018446)
[   6.411] [packet-accepted] total=112 seq=6f flags=04 status=13 pc=01845e command=33 arg=22
[   6.427]   [header-byte] write $ffa517 = 13 mask=00ff (pc=018446)
[   6.427] [packet-accepted] total=113 seq=70 flags=04 status=13 pc=01845e command=33 arg=22
[   6.444]   [header-byte] write $ffa517 = 13 mask=00ff (pc=018446)
[   6.444] [packet-accepted] total=114 seq=71 flags=04 status=13 pc=01845e command=33 arg=22
[   6.477]   [header-byte] write $ffa517 = 13 mask=00ff (pc=018446)
[   6.477] [packet-accepted] total=115 seq=72 flags=04 status=13 pc=01845e command=33 arg=22
[   6.494]   [header-byte] write $ffa517 = 13 mask=00ff (pc=018446)
[   6.494] [packet-accepted] total=116 seq=73 flags=04 status=13 pc=01845e command=33 arg=22
[   6.510]   [header-byte] write $ffa517 = 13 mask=00ff (pc=018446)
[   6.511] [packet-accepted] total=117 seq=74 flags=04 status=13 pc=01845e command=33 arg=22
[   6.527]   [header-byte] write $ffa517 = 13 mask=00ff (pc=018446)
[   6.527] [packet-accepted] total=118 seq=75 flags=04 status=13 pc=01845e command=33 arg=22
[   6.544]   [header-byte] write $ffa517 = 13 mask=00ff (pc=018446)
[   6.544] [packet-accepted] total=119 seq=76 flags=04 status=13 pc=01845e command=33 arg=22
[   6.561]   [header-byte] write $ffa517 = 13 mask=00ff (pc=018446)
[   6.561] [packet-accepted] total=120 seq=77 flags=04 status=13 pc=01845e command=33 arg=22
[   6.561]   [header-byte] write $ffa517 = 13 mask=00ff (pc=018446)
[   6.561] [packet-accepted] total=121 seq=78 flags=04 status=13 pc=01845e command=33 arg=22
[   6.594]   [header-byte] write $ffa517 = 13 mask=00ff (pc=018446)
[   6.594] [packet-accepted] total=122 seq=79 flags=04 status=13 pc=01845e command=33 arg=22
[   6.611]   [header-byte] write $ffa517 = 13 mask=00ff (pc=018446)
[   6.611] [packet-accepted] total=123 seq=7a flags=04 status=13 pc=01845e command=33 arg=22
[   6.611]   [header-byte] write $ffa517 = 13 mask=00ff (pc=018446)
[   6.611] [packet-accepted] total=124 seq=7b flags=04 status=13 pc=01845e command=33 arg=22
[   6.644]   [header-byte] write $ffa517 = 13 mask=00ff (pc=018446)
[   6.644] [packet-accepted] total=125 seq=7c flags=04 status=13 pc=01845e command=33 arg=22
[   6.663]   [header-byte] write $ffa517 = 13 mask=00ff (pc=018446)
[   6.663] [packet-accepted] total=126 seq=7d flags=04 status=13 pc=01845e command=33 arg=22
[   6.678]   [header-byte] write $ffa517 = 13 mask=00ff (pc=018446)
[   6.678] [packet-accepted] total=127 seq=7e flags=04 status=13 pc=01845e command=33 arg=22
[   6.694]   [header-byte] write $ffa517 = 13 mask=00ff (pc=018446)
[   6.694] [packet-accepted] total=128 seq=7f flags=04 status=13 pc=01845e command=33 arg=22
[   6.694]   [header-byte] write $ffa517 = 13 mask=00ff (pc=018446)
[   6.694] [packet-accepted] total=129 seq=80 flags=04 status=13 pc=01845e command=33 arg=22
[   6.711]   [header-byte] write $ffa517 = 13 mask=00ff (pc=018446)
[   6.711] [packet-accepted] total=130 seq=81 flags=04 status=13 pc=01845e command=33 arg=22
[   6.728]   [header-byte] write $ffa517 = 13 mask=00ff (pc=018446)
[   6.728] [packet-accepted] total=131 seq=82 flags=04 status=13 pc=01845e command=33 arg=22
[   6.744]   [header-byte] write $ffa517 = 13 mask=00ff (pc=018446)
[   6.744] [packet-accepted] total=132 seq=83 flags=04 status=13 pc=01845e command=33 arg=22
[   6.761]   [header-byte] write $ffa517 = 13 mask=00ff (pc=018446)
[   6.761] [packet-accepted] total=133 seq=84 flags=04 status=13 pc=01845e command=33 arg=22
[   6.778]   [header-byte] write $ffa517 = 13 mask=00ff (pc=018446)
[   6.778] [packet-accepted] total=134 seq=85 flags=04 status=13 pc=01845e command=33 arg=22
[   6.794]   [header-byte] write $ffa517 = 13 mask=00ff (pc=018446)
[   6.794] [packet-accepted] total=135 seq=86 flags=04 status=13 pc=01845e command=33 arg=22
[   6.813]   [header-byte] write $ffa517 = 13 mask=00ff (pc=018446)
[   6.813] [packet-accepted] total=136 seq=87 flags=04 status=13 pc=01845e command=33 arg=22
[   6.828]   [header-byte] write $ffa517 = 13 mask=00ff (pc=018446)
[   6.828] [packet-accepted] total=137 seq=88 flags=04 status=13 pc=01845e command=33 arg=22
[   6.845]   [header-byte] write $ffa517 = 13 mask=00ff (pc=018446)
[   6.845] [packet-accepted] total=138 seq=89 flags=04 status=13 pc=01845e command=33 arg=22
[   6.861]   [header-byte] write $ffa517 = 13 mask=00ff (pc=018446)
[   6.861] [packet-accepted] total=139 seq=8a flags=04 status=13 pc=01845e command=33 arg=22
[   6.878]   [header-byte] write $ffa517 = 13 mask=00ff (pc=018446)
[   6.878] [packet-accepted] total=140 seq=8b flags=04 status=13 pc=01845e command=33 arg=22
[   6.895]   [header-byte] write $ffa517 = 13 mask=00ff (pc=018446)
[   6.895] [packet-accepted] total=141 seq=8c flags=04 status=13 pc=01845e command=33 arg=22
[   6.911]   [header-byte] write $ffa517 = 13 mask=00ff (pc=018446)
[   6.911] [packet-accepted] total=142 seq=8d flags=04 status=13 pc=01845e command=33 arg=22
[   6.928]   [header-byte] write $ffa517 = 13 mask=00ff (pc=018446)
[   6.928] [packet-accepted] total=143 seq=8e flags=04 status=13 pc=01845e command=33 arg=22
[   6.945]   [header-byte] write $ffa517 = 13 mask=00ff (pc=018446)
[   6.945] [packet-accepted] total=144 seq=8f flags=04 status=13 pc=01845e command=33 arg=22
[   6.961]   [header-byte] write $ffa517 = 13 mask=00ff (pc=018446)
[   6.961] [packet-accepted] total=145 seq=90 flags=04 status=13 pc=01845e command=33 arg=22
[   6.978]   [header-byte] write $ffa517 = 13 mask=00ff (pc=018446)
[   6.978] [packet-accepted] total=146 seq=91 flags=04 status=13 pc=01845e command=33 arg=22
[   6.995]   [header-byte] write $ffa517 = 13 mask=00ff (pc=018446)
[   6.995] [packet-accepted] total=147 seq=92 flags=04 status=13 pc=01845e command=33 arg=22
[   7.009] heartbeat frame=420 tx=656 rx=715 fc=1 fd=10 fe=1 linkflag=82 pc=00028a a502=00 a524=0005 a525=05 a170=08 a17f=00 txtail=0090 rxpend=0000
[   7.009] [transport] captured=656 flushed=656 received=715 accepted=147 payload2=137 payload3=0 payload4=0 payload5=0 pump_reads=536 bursts=136 txcredit=0 outq=0 inq=0 watchdog=0 txseq=89 rxseq=93 rxcredit=5 protection=00 checks=0000
[   7.009] [epochs] local=1 peer=1 ready=true discarded_rx=0
[   7.012]   [header-byte] write $ffa517 = 13 mask=00ff (pc=018446)
[   7.012] [packet-accepted] total=148 seq=93 flags=04 status=13 pc=01845e command=33 arg=22
[   7.028]   [header-byte] write $ffa517 = 13 mask=00ff (pc=018446)
[   7.028] [packet-accepted] total=149 seq=94 flags=04 status=13 pc=01845e command=33 arg=22
[   7.045]   [header-byte] write $ffa517 = 13 mask=00ff (pc=018446)
[   7.045] [packet-accepted] total=150 seq=95 flags=04 status=13 pc=01845e command=33 arg=22
[   7.062]   [header-byte] write $ffa517 = 13 mask=00ff (pc=018446)
[   7.062] [packet-accepted] total=151 seq=96 flags=04 status=13 pc=01845e command=33 arg=22
[   7.078]   [header-byte] write $ffa517 = 13 mask=00ff (pc=018446)
[   7.078] [packet-accepted] total=152 seq=97 flags=04 status=13 pc=01845e command=33 arg=22
[   7.095]   [header-byte] write $ffa517 = 13 mask=00ff (pc=018446)
[   7.095] [packet-accepted] total=153 seq=98 flags=04 status=13 pc=01845e command=33 arg=22
[   7.112]   [header-byte] write $ffa517 = 13 mask=00ff (pc=018446)
[   7.112] [packet-accepted] total=154 seq=99 flags=04 status=13 pc=01845e command=33 arg=22
[   7.130]   [header-byte] write $ffa517 = 13 mask=00ff (pc=018446)
[   7.130] [packet-accepted] total=155 seq=9a flags=04 status=13 pc=01845e command=33 arg=22
[   7.145]   [header-byte] write $ffa517 = 13 mask=00ff (pc=018446)
[   7.145] [packet-accepted] total=156 seq=9b flags=04 status=13 pc=01845e command=33 arg=22
[   7.162]   [header-byte] write $ffa517 = 13 mask=00ff (pc=018446)
[   7.162] [packet-accepted] total=157 seq=9c flags=04 status=13 pc=01845e command=33 arg=22
[   7.178]   [header-byte] write $ffa517 = 13 mask=00ff (pc=018446)
[   7.178] [packet-accepted] total=158 seq=9d flags=04 status=13 pc=01845e command=33 arg=22
[   7.195]   [header-byte] write $ffa517 = 13 mask=00ff (pc=018446)
[   7.195] [packet-accepted] total=159 seq=9e flags=04 status=13 pc=01845e command=33 arg=22
[   7.212]   [header-byte] write $ffa517 = 13 mask=00ff (pc=018446)
[   7.212] [packet-accepted] total=160 seq=9f flags=04 status=13 pc=01845e command=33 arg=22
[   7.228]   [header-byte] write $ffa517 = 13 mask=00ff (pc=018446)
[   7.228] [packet-accepted] total=161 seq=a0 flags=04 status=13 pc=01845e command=33 arg=22
[   7.245]   [header-byte] write $ffa517 = 13 mask=00ff (pc=018446)
[   7.245] [packet-accepted] total=162 seq=a1 flags=04 status=13 pc=01845e command=33 arg=22
[   7.262]   [header-byte] write $ffa517 = 13 mask=00ff (pc=018446)
[   7.262] [packet-accepted] total=163 seq=a2 flags=04 status=13 pc=01845e command=33 arg=22
[   7.279]   [header-byte] write $ffa517 = 13 mask=00ff (pc=018446)
[   7.279] [packet-accepted] total=164 seq=a3 flags=04 status=13 pc=01845e command=33 arg=22
[   7.297]   [header-byte] write $ffa517 = 13 mask=00ff (pc=018446)
[   7.297] [packet-accepted] total=165 seq=a4 flags=04 status=13 pc=01845e command=33 arg=22
[   7.312]   [header-byte] write $ffa517 = 13 mask=00ff (pc=018446)
[   7.312] [packet-accepted] total=166 seq=a5 flags=04 status=13 pc=01845e command=33 arg=22
[   7.329]   [header-byte] write $ffa517 = 13 mask=00ff (pc=018446)
[   7.329] [packet-accepted] total=167 seq=a6 flags=04 status=13 pc=01845e command=33 arg=22
[   7.345]   [header-byte] write $ffa517 = 13 mask=00ff (pc=018446)
[   7.345] [packet-accepted] total=168 seq=a7 flags=04 status=13 pc=01845e command=33 arg=22
[   7.345]   [header-byte] write $ffa517 = 13 mask=00ff (pc=018446)
[   7.345] [packet-accepted] total=169 seq=a8 flags=04 status=13 pc=01845e command=33 arg=22
[   7.362]   [header-byte] write $ffa517 = 13 mask=00ff (pc=018446)
[   7.362] [packet-accepted] total=170 seq=a9 flags=04 status=13 pc=01845e command=33 arg=22
[   7.379]   [header-byte] write $ffa517 = 13 mask=00ff (pc=018446)
[   7.379] [packet-accepted] total=171 seq=aa flags=04 status=13 pc=01845e command=33 arg=22
[   7.412]   [header-byte] write $ffa517 = 13 mask=00ff (pc=018446)
[   7.412] [packet-accepted] total=172 seq=ab flags=04 status=13 pc=01845e command=33 arg=22
[   7.412]   [header-byte] write $ffa517 = 13 mask=00ff (pc=018446)
[   7.412] [packet-accepted] total=173 seq=ac flags=04 status=13 pc=01845e command=33 arg=22
[   7.429]   [header-byte] write $ffa517 = 13 mask=00ff (pc=018446)
[   7.429] [packet-accepted] total=174 seq=ad flags=04 status=13 pc=01845e command=33 arg=22
[   7.446]   [header-byte] write $ffa517 = 13 mask=00ff (pc=018446)
[   7.446] [packet-accepted] total=175 seq=ae flags=04 status=13 pc=01845e command=33 arg=22
[   7.479]   [header-byte] write $ffa517 = 13 mask=00ff (pc=018446)
[   7.479] [packet-accepted] total=176 seq=af flags=04 status=13 pc=01845e command=33 arg=22
[   7.479]   [header-byte] write $ffa517 = 13 mask=00ff (pc=018446)
[   7.479] [packet-accepted] total=177 seq=b0 flags=04 status=13 pc=01845e command=33 arg=22
[   7.496]   [header-byte] write $ffa517 = 13 mask=00ff (pc=018446)
[   7.496] [packet-accepted] total=178 seq=b1 flags=04 status=13 pc=01845e command=33 arg=22
[   7.512]   [header-byte] write $ffa517 = 13 mask=00ff (pc=018446)
[   7.512] [packet-accepted] total=179 seq=b2 flags=04 status=13 pc=01845e command=33 arg=22
[   7.529]   [header-byte] write $ffa517 = 13 mask=00ff (pc=018446)
[   7.529] [packet-accepted] total=180 seq=b3 flags=04 status=13 pc=01845e command=33 arg=22
[   7.546]   [header-byte] write $ffa517 = 13 mask=00ff (pc=018446)
[   7.546] [packet-accepted] total=181 seq=b4 flags=04 status=13 pc=01845e command=33 arg=22
[   7.562]   [header-byte] write $ffa517 = 13 mask=00ff (pc=018446)
[   7.562] [packet-accepted] total=182 seq=b5 flags=04 status=13 pc=01845e command=33 arg=22
[   7.579]   [header-byte] write $ffa517 = 13 mask=00ff (pc=018446)
[   7.579] [packet-accepted] total=183 seq=b6 flags=04 status=13 pc=01845e command=33 arg=22
[   7.596]   [header-byte] write $ffa517 = 13 mask=00ff (pc=018446)
[   7.596] [packet-accepted] total=184 seq=b7 flags=04 status=13 pc=01845e command=33 arg=22
[   7.614]   [header-byte] write $ffa517 = 13 mask=00ff (pc=018446)
[   7.614] [packet-accepted] total=185 seq=b8 flags=04 status=13 pc=01845e command=33 arg=22
[   7.629]   [header-byte] write $ffa517 = 13 mask=00ff (pc=018446)
[   7.629] [packet-accepted] total=186 seq=b9 flags=04 status=13 pc=01845e command=33 arg=22
[   7.646]   [header-byte] write $ffa517 = 13 mask=00ff (pc=018446)
[   7.646] [packet-accepted] total=187 seq=ba flags=04 status=13 pc=01845e command=33 arg=22
[   7.662]   [header-byte] write $ffa517 = 13 mask=00ff (pc=018446)
[   7.662] [packet-accepted] total=188 seq=bb flags=04 status=13 pc=01845e command=33 arg=22
[   7.679]   [header-byte] write $ffa517 = 13 mask=00ff (pc=018446)
[   7.679] [packet-accepted] total=189 seq=bc flags=04 status=13 pc=01845e command=33 arg=22
[   7.696]   [header-byte] write $ffa517 = 13 mask=00ff (pc=018446)
[   7.696] [packet-accepted] total=190 seq=bd flags=04 status=13 pc=01845e command=33 arg=22
[   7.712]   [header-byte] write $ffa517 = 13 mask=00ff (pc=018446)
[   7.712] [packet-accepted] total=191 seq=be flags=04 status=13 pc=01845e command=33 arg=22
[   7.729]   [header-byte] write $ffa517 = 13 mask=00ff (pc=018446)
[   7.729] [packet-accepted] total=192 seq=bf flags=04 status=13 pc=01845e command=33 arg=22
[   7.746]   [header-byte] write $ffa517 = 13 mask=00ff (pc=018446)
[   7.746] [packet-accepted] total=193 seq=c0 flags=04 status=13 pc=01845e command=33 arg=22
[   7.764]   [header-byte] write $ffa517 = 13 mask=00ff (pc=018446)
[   7.764] [packet-accepted] total=194 seq=c1 flags=04 status=13 pc=01845e command=33 arg=22
[   7.779]   [header-byte] write $ffa517 = 13 mask=00ff (pc=018446)
[   7.779] [packet-accepted] total=195 seq=c2 flags=04 status=13 pc=01845e command=33 arg=22
[   7.796]   [header-byte] write $ffa517 = 13 mask=00ff (pc=018446)
[   7.796] [packet-accepted] total=196 seq=c3 flags=04 status=13 pc=01845e command=33 arg=22
[   7.812]   [header-byte] write $ffa517 = 13 mask=00ff (pc=018446)
[   7.812] [packet-accepted] total=197 seq=c4 flags=04 status=13 pc=01845e command=33 arg=22
[   7.829]   [header-byte] write $ffa517 = 13 mask=00ff (pc=018446)
[   7.829] [packet-accepted] total=198 seq=c5 flags=04 status=13 pc=01845e command=33 arg=22
[   7.846]   [header-byte] write $ffa517 = 13 mask=00ff (pc=018446)
[   7.846] [packet-accepted] total=199 seq=c6 flags=04 status=13 pc=01845e command=33 arg=22
[   7.862]   [header-byte] write $ffa517 = 13 mask=00ff (pc=018446)
[   7.862] [packet-accepted] total=200 seq=c7 flags=04 status=13 pc=01845e command=33 arg=22
[   7.879]   [header-byte] write $ffa517 = 13 mask=00ff (pc=018446)
[   7.879] [packet-accepted] total=201 seq=c8 flags=04 status=13 pc=01845e command=33 arg=22
[   7.896]   [header-byte] write $ffa517 = 13 mask=00ff (pc=018446)
[   7.896] [packet-accepted] total=202 seq=c9 flags=04 status=13 pc=01845e command=33 arg=22
[   7.912]   [header-byte] write $ffa517 = 13 mask=00ff (pc=018446)
[   7.912] [packet-accepted] total=203 seq=ca flags=04 status=13 pc=01845e command=33 arg=22
[   7.929]   [header-byte] write $ffa517 = 13 mask=00ff (pc=018446)
[   7.929] [packet-accepted] total=204 seq=cb flags=04 status=13 pc=01845e command=33 arg=22
[   7.946]   [header-byte] write $ffa517 = 13 mask=00ff (pc=018446)
[   7.946] [packet-accepted] total=205 seq=cc flags=04 status=13 pc=01845e command=33 arg=22
[   7.962]   [header-byte] write $ffa517 = 13 mask=00ff (pc=018446)
[   7.962] [packet-accepted] total=206 seq=cd flags=04 status=13 pc=01845e command=33 arg=22
[   7.979]   [header-byte] write $ffa517 = 13 mask=00ff (pc=018446)
[   7.979] [packet-accepted] total=207 seq=ce flags=04 status=13 pc=01845e command=33 arg=22
[   7.996]   [header-byte] write $ffa517 = 13 mask=00ff (pc=018446)
[   7.996] [packet-accepted] total=208 seq=cf flags=04 status=13 pc=01845e command=33 arg=22
[   8.010] heartbeat frame=480 tx=956 rx=1020 fc=1 fd=10 fe=1 linkflag=82 pc=00028a a502=00 a524=0005 a525=05 a170=08 a17f=00 txtail=00bc rxpend=0000
[   8.010] [transport] captured=956 flushed=956 received=1020 accepted=208 payload2=198 payload3=0 payload4=0 payload5=0 pump_reads=654 bursts=196 txcredit=0 outq=0 inq=0 watchdog=0 txseq=c5 rxseq=d0 rxcredit=5 protection=00 checks=0000
[   8.010] [epochs] local=1 peer=1 ready=true discarded_rx=0
[   8.010] [tcb-continuations] ffa580=ff80->018392 sleep=0 local26=7710 ffa5c0=ff80->01853c sleep=0 local26=0000 ffd040=ff80->018a40 sleep=0 local26=0300 ffd080=ff80->018ee4 sleep=0 local26=0000 ffd0c0=ff80->018ee4 sleep=0 local26=0000 ffd100=ff80->01fbb4 sleep=0 local26=0000 ffd140=ff80->01fbb6 sleep=0 local26=0002 ffd180=ff80->01fbb6 sleep=0 local26=00a2 ffd1c0=ff80->01fbb6 sleep=0 local26=01c2 ffd200=ff80->01fbb6 sleep=0 local26=02e2 ffd240=ff80->01902e sleep=0 local26=0000 ffd280=ff80->01ffe2 sleep=0 local26=0008 ffd2c0=ff80->020004 sleep=0 local26=0002 ffd300=ff80->020004 sleep=0 local26=0000 ffd340=ff80->01febe sleep=0 local26=0000 ffd380=ff80->01fedc sleep=0 local26=0000 ffd3c0=ff80->01febe sleep=0 local26=0000 ffd400=ff80->01fedc sleep=0 local26=0000
[   8.012]   [header-byte] write $ffa517 = 13 mask=00ff (pc=018446)
[   8.012] [packet-accepted] total=209 seq=d0 flags=04 status=13 pc=01845e command=33 arg=22
[   8.029]   [header-byte] write $ffa517 = 13 mask=00ff (pc=018446)
[   8.029] [packet-accepted] total=210 seq=d1 flags=04 status=13 pc=01845e command=33 arg=22
[   8.046]   [header-byte] write $ffa517 = 13 mask=00ff (pc=018446)
[   8.046] [packet-accepted] total=211 seq=d2 flags=04 status=13 pc=01845e command=33 arg=22
[   8.081]   [header-byte] write $ffa517 = 13 mask=00ff (pc=018446)
[   8.081] [packet-accepted] total=212 seq=d3 flags=04 status=13 pc=01845e command=33 arg=22
[   8.096]   [header-byte] write $ffa517 = 13 mask=00ff (pc=018446)
[   8.096] [packet-accepted] total=213 seq=d4 flags=04 status=13 pc=01845e command=33 arg=22
[   8.113]   [header-byte] write $ffa517 = 13 mask=00ff (pc=018446)
[   8.113] [packet-accepted] total=214 seq=d5 flags=04 status=13 pc=01845e command=33 arg=22
[   8.129]   [header-byte] write $ffa517 = 13 mask=00ff (pc=018446)
[   8.130] [packet-accepted] total=215 seq=d6 flags=04 status=13 pc=01845e command=33 arg=22
[   8.146]   [header-byte] write $ffa517 = 13 mask=00ff (pc=018446)
[   8.146] [packet-accepted] total=216 seq=d7 flags=04 status=13 pc=01845e command=33 arg=22
[   8.163]   [header-byte] write $ffa517 = 13 mask=00ff (pc=018446)
[   8.163] [packet-accepted] total=217 seq=d8 flags=04 status=13 pc=01845e command=33 arg=22
[   8.179]   [header-byte] write $ffa517 = 13 mask=00ff (pc=018446)
[   8.179] [packet-accepted] total=218 seq=d9 flags=04 status=13 pc=01845e command=33 arg=22
[   8.196]   [header-byte] write $ffa517 = 13 mask=00ff (pc=018446)
[   8.196] [packet-accepted] total=219 seq=da flags=04 status=13 pc=01845e command=33 arg=22
[   8.196]   [header-byte] write $ffa517 = 13 mask=00ff (pc=018446)
[   8.196] [packet-accepted] total=220 seq=db flags=04 status=13 pc=01845e command=33 arg=22
[   8.230]   [header-byte] write $ffa517 = 13 mask=00ff (pc=018446)
[   8.230] [packet-accepted] total=221 seq=dc flags=04 status=13 pc=01845e command=33 arg=22
[   8.248]   [header-byte] write $ffa517 = 13 mask=00ff (pc=018446)
[   8.248] [packet-accepted] total=222 seq=dd flags=04 status=13 pc=01845e command=33 arg=22
[   8.263]   [header-byte] write $ffa517 = 13 mask=00ff (pc=018446)
[   8.263] [packet-accepted] total=223 seq=de flags=04 status=13 pc=01845e command=33 arg=22
[   8.280]   [header-byte] write $ffa517 = 13 mask=00ff (pc=018446)
[   8.280] [packet-accepted] total=224 seq=df flags=04 status=13 pc=01845e command=33 arg=22
[   8.296]   [header-byte] write $ffa517 = 13 mask=00ff (pc=018446)
[   8.296] [packet-accepted] total=225 seq=e0 flags=04 status=13 pc=01845e command=33 arg=22
[   8.313]   [header-byte] write $ffa517 = 13 mask=00ff (pc=018446)
[   8.313] [packet-accepted] total=226 seq=e1 flags=04 status=13 pc=01845e command=33 arg=22
[   8.330]   [header-byte] write $ffa517 = 13 mask=00ff (pc=018446)
[   8.330] [packet-accepted] total=227 seq=e2 flags=04 status=13 pc=01845e command=33 arg=22
[   8.346]   [header-byte] write $ffa517 = 13 mask=00ff (pc=018446)
[   8.346] [packet-accepted] total=228 seq=e3 flags=04 status=13 pc=01845e command=33 arg=22
[   8.363]   [header-byte] write $ffa517 = 13 mask=00ff (pc=018446)
[   8.363] [packet-accepted] total=229 seq=e4 flags=04 status=13 pc=01845e command=33 arg=22
[   8.380]   [header-byte] write $ffa517 = 13 mask=00ff (pc=018446)
[   8.380] [packet-accepted] total=230 seq=e5 flags=04 status=13 pc=01845e command=33 arg=22
[   8.397]   [header-byte] write $ffa517 = 13 mask=00ff (pc=018446)
[   8.397] [packet-accepted] total=231 seq=e6 flags=04 status=13 pc=01845e command=33 arg=22
[   8.413]   [header-byte] write $ffa517 = 13 mask=00ff (pc=018446)
[   8.413] [packet-accepted] total=232 seq=e7 flags=04 status=13 pc=01845e command=33 arg=22
[   8.430]   [header-byte] write $ffa517 = 13 mask=00ff (pc=018446)
[   8.430] [packet-accepted] total=233 seq=e8 flags=04 status=13 pc=01845e command=33 arg=22
[   8.446]   [header-byte] write $ffa517 = 13 mask=00ff (pc=018446)
[   8.446] [packet-accepted] total=234 seq=e9 flags=04 status=13 pc=01845e command=33 arg=22
[   8.463]   [header-byte] write $ffa517 = 13 mask=00ff (pc=018446)
[   8.463] [packet-accepted] total=235 seq=ea flags=04 status=13 pc=01845e command=33 arg=22
[   8.480]   [header-byte] write $ffa517 = 13 mask=00ff (pc=018446)
[   8.480] [packet-accepted] total=236 seq=eb flags=04 status=13 pc=01845e command=33 arg=22
[   8.496]   [header-byte] write $ffa517 = 13 mask=00ff (pc=018446)
[   8.496] [packet-accepted] total=237 seq=ec flags=04 status=13 pc=01845e command=33 arg=22
[   8.513]   [header-byte] write $ffa517 = 13 mask=00ff (pc=018446)
[   8.513] [packet-accepted] total=238 seq=ed flags=04 status=13 pc=01845e command=33 arg=22
[   8.530]   [header-byte] write $ffa517 = 13 mask=00ff (pc=018446)
[   8.530] [packet-accepted] total=239 seq=ee flags=04 status=13 pc=01845e command=33 arg=22
[   8.546]   [header-byte] write $ffa517 = 13 mask=00ff (pc=018446)
[   8.546] [packet-accepted] total=240 seq=ef flags=04 status=13 pc=01845e command=33 arg=22
[   8.565]   [header-byte] write $ffa517 = 13 mask=00ff (pc=018446)
[   8.565] [packet-accepted] total=241 seq=f0 flags=04 status=13 pc=01845e command=33 arg=22
[   8.580]   [header-byte] write $ffa517 = 13 mask=00ff (pc=018446)
[   8.580] [packet-accepted] total=242 seq=f1 flags=04 status=13 pc=01845e command=33 arg=22
[   8.597]   [header-byte] write $ffa517 = 13 mask=00ff (pc=018446)
[   8.597] [packet-accepted] total=243 seq=f2 flags=04 status=13 pc=01845e command=33 arg=22
[   8.613]   [header-byte] write $ffa517 = 13 mask=00ff (pc=018446)
[   8.613] [packet-accepted] total=244 seq=f3 flags=04 status=13 pc=01845e command=33 arg=22
[   8.630]   [header-byte] write $ffa517 = 13 mask=00ff (pc=018446)
[   8.630] [packet-accepted] total=245 seq=f4 flags=04 status=13 pc=01845e command=33 arg=22
[   8.647]   [header-byte] write $ffa517 = 13 mask=00ff (pc=018446)
[   8.647] [packet-accepted] total=246 seq=f5 flags=04 status=13 pc=01845e command=33 arg=22
[   8.663]   [header-byte] write $ffa517 = 13 mask=00ff (pc=018446)
[   8.663] [packet-accepted] total=247 seq=f6 flags=04 status=13 pc=01845e command=33 arg=22
[   8.680]   [header-byte] write $ffa517 = 13 mask=00ff (pc=018446)
[   8.680] [packet-accepted] total=248 seq=f7 flags=04 status=13 pc=01845e command=33 arg=22
[   8.697]   [header-byte] write $ffa517 = 13 mask=00ff (pc=018446)
[   8.697] [packet-accepted] total=249 seq=f8 flags=04 status=13 pc=01845e command=33 arg=22
[   8.716]   [header-byte] write $ffa517 = 13 mask=00ff (pc=018446)
[   8.716] [packet-accepted] total=250 seq=f9 flags=04 status=13 pc=01845e command=33 arg=22
[   8.730]   [header-byte] write $ffa517 = 13 mask=00ff (pc=018446)
[   8.730] [packet-accepted] total=251 seq=fa flags=04 status=13 pc=01845e command=33 arg=22
[   8.747]   [header-byte] write $ffa517 = 13 mask=00ff (pc=018446)
[   8.747] [packet-accepted] total=252 seq=fb flags=04 status=13 pc=01845e command=33 arg=22
[   8.764]   [header-byte] write $ffa517 = 13 mask=00ff (pc=018446)
[   8.764] [packet-accepted] total=253 seq=fc flags=04 status=13 pc=01845e command=33 arg=22
[   8.780]   [header-byte] write $ffa517 = 13 mask=00ff (pc=018446)
[   8.780] [packet-accepted] total=254 seq=fd flags=04 status=13 pc=01845e command=33 arg=22
[   8.797]   [header-byte] write $ffa517 = 13 mask=00ff (pc=018446)
[   8.797] [packet-accepted] total=255 seq=fe flags=04 status=13 pc=01845e command=33 arg=22
[   8.814]   [header-byte] write $ffa517 = 13 mask=00ff (pc=018446)
[   8.814] [packet-accepted] total=256 seq=ff flags=04 status=13 pc=01845e command=33 arg=22
[   8.831]   [header-byte] write $ffa517 = 13 mask=00ff (pc=018446)
[   8.831] [packet-accepted] total=257 seq=00 flags=04 status=13 pc=01845e command=33 arg=22
[   8.847]   [header-byte] write $ffa517 = 13 mask=00ff (pc=018446)
[   8.847] [packet-accepted] total=258 seq=01 flags=04 status=13 pc=01845e command=33 arg=22
[   8.864]   [header-byte] write $ffa517 = 13 mask=00ff (pc=018446)
[   8.864] [packet-accepted] total=259 seq=02 flags=04 status=13 pc=01845e command=33 arg=22
[   8.881]   [header-byte] write $ffa517 = 13 mask=00ff (pc=018446)
[   8.881] [packet-accepted] total=260 seq=03 flags=04 status=13 pc=01845e command=33 arg=22
[   8.897]   [header-byte] write $ffa517 = 13 mask=00ff (pc=018446)
[   8.897] [packet-accepted] total=261 seq=04 flags=04 status=13 pc=01845e command=33 arg=22
[   8.914]   [header-byte] write $ffa517 = 13 mask=00ff (pc=018446)
[   8.914] [packet-accepted] total=262 seq=05 flags=04 status=13 pc=01845e command=33 arg=22
[   8.931]   [header-byte] write $ffa517 = 13 mask=00ff (pc=018446)
[   8.931] [packet-accepted] total=263 seq=06 flags=04 status=13 pc=01845e command=33 arg=22
[   8.947]   [header-byte] write $ffa517 = 13 mask=00ff (pc=018446)
[   8.947] [packet-accepted] total=264 seq=07 flags=04 status=13 pc=01845e command=33 arg=22
[   8.964]   [header-byte] write $ffa517 = 13 mask=00ff (pc=018446)
[   8.964] [packet-accepted] total=265 seq=08 flags=04 status=13 pc=01845e command=33 arg=22
[   8.981]   [header-byte] write $ffa517 = 13 mask=00ff (pc=018446)
[   8.981] [packet-accepted] total=266 seq=09 flags=04 status=13 pc=01845e command=33 arg=22
[   8.997]   [header-byte] write $ffa517 = 13 mask=00ff (pc=018446)
[   8.997] [packet-accepted] total=267 seq=0a flags=04 status=13 pc=01845e command=33 arg=22
[   9.012] heartbeat frame=540 tx=1256 rx=1315 fc=1 fd=10 fe=1 linkflag=82 pc=00028a a502=00 a524=0005 a525=05 a170=08 a17f=00 txtail=00e8 rxpend=0000
[   9.012] [transport] captured=1256 flushed=1256 received=1315 accepted=267 payload2=257 payload3=0 payload4=0 payload5=0 pump_reads=772 bursts=256 txcredit=0 outq=0 inq=0 watchdog=0 txseq=01 rxseq=0b rxcredit=5 protection=00 checks=0000
[   9.012] [epochs] local=1 peer=1 ready=true discarded_rx=0
[   9.012] [tcb-continuations] ffa580=ff80->018392 sleep=0 local26=7710 ffa5c0=ff80->01853c sleep=0 local26=0000 ffd040=ff80->018a40 sleep=0 local26=0300 ffd080=ff80->018ee4 sleep=0 local26=0000 ffd0c0=ff80->018ee4 sleep=0 local26=0000 ffd100=ff80->01fbb4 sleep=0 local26=0000 ffd140=ff80->01fbb6 sleep=0 local26=0002 ffd180=ff80->01fbb6 sleep=0 local26=00a2 ffd1c0=ff80->01fbb6 sleep=0 local26=01c2 ffd200=ff80->01fbb6 sleep=0 local26=02e2 ffd240=ff80->01902e sleep=0 local26=0000 ffd280=ff80->01ffe2 sleep=0 local26=0007 ffd2c0=ff80->020004 sleep=0 local26=0002 ffd300=ff80->020004 sleep=0 local26=0000 ffd340=ff80->01febe sleep=0 local26=0000 ffd380=ff80->01fedc sleep=0 local26=0000 ffd3c0=ff80->01febe sleep=0 local26=0000 ffd400=ff80->01fedc sleep=0 local26=0000
[   9.014]   [header-byte] write $ffa517 = 13 mask=00ff (pc=018446)
[   9.014] [packet-accepted] total=268 seq=0b flags=04 status=13 pc=01845e command=33 arg=22
[   9.033]   [header-byte] write $ffa517 = 13 mask=00ff (pc=018446)
[   9.033] [packet-accepted] total=269 seq=0c flags=04 status=13 pc=01845e command=33 arg=22
[   9.047]   [header-byte] write $ffa517 = 13 mask=00ff (pc=018446)
[   9.047] [packet-accepted] total=270 seq=0d flags=04 status=13 pc=01845e command=33 arg=22
[   9.064]   [header-byte] write $ffa517 = 13 mask=00ff (pc=018446)
[   9.064] [packet-accepted] total=271 seq=0e flags=04 status=13 pc=01845e command=33 arg=22
[   9.081]   [header-byte] write $ffa517 = 13 mask=00ff (pc=018446)
[   9.081] [packet-accepted] total=272 seq=0f flags=04 status=13 pc=01845e command=33 arg=22
[   9.097]   [header-byte] write $ffa517 = 13 mask=00ff (pc=018446)
[   9.097] [packet-accepted] total=273 seq=10 flags=04 status=13 pc=01845e command=33 arg=22
[   9.114]   [header-byte] write $ffa517 = 13 mask=00ff (pc=018446)
[   9.114] [packet-accepted] total=274 seq=11 flags=04 status=13 pc=01845e command=33 arg=22
[   9.131]   [header-byte] write $ffa517 = 13 mask=00ff (pc=018446)
[   9.131] [packet-accepted] total=275 seq=12 flags=04 status=13 pc=01845e command=33 arg=22
[   9.148]   [header-byte] write $ffa517 = 13 mask=00ff (pc=018446)
[   9.148] [packet-accepted] total=276 seq=13 flags=04 status=13 pc=01845e command=33 arg=22
[   9.164]   [header-byte] write $ffa517 = 13 mask=00ff (pc=018446)
[   9.164] [packet-accepted] total=277 seq=14 flags=04 status=13 pc=01845e command=33 arg=22
[   9.181]   [header-byte] write $ffa517 = 13 mask=00ff (pc=018446)
[   9.181] [packet-accepted] total=278 seq=15 flags=04 status=13 pc=01845e command=33 arg=22
[   9.200]   [header-byte] write $ffa517 = 13 mask=00ff (pc=018446)
[   9.200] [packet-accepted] total=279 seq=16 flags=04 status=13 pc=01845e command=33 arg=22
[   9.214]   [header-byte] write $ffa517 = 13 mask=00ff (pc=018446)
[   9.214] [packet-accepted] total=280 seq=17 flags=04 status=13 pc=01845e command=33 arg=22
[   9.215]   [header-byte] write $ffa517 = 13 mask=00ff (pc=018446)
[   9.215] [packet-accepted] total=281 seq=18 flags=04 status=13 pc=01845e command=33 arg=22
[   9.231]   [header-byte] write $ffa517 = 13 mask=00ff (pc=018446)
[   9.231] [packet-accepted] total=282 seq=19 flags=04 status=13 pc=01845e command=33 arg=22
[   9.248]   [header-byte] write $ffa517 = 13 mask=00ff (pc=018446)
[   9.248] [packet-accepted] total=283 seq=1a flags=04 status=13 pc=01845e command=33 arg=22
[   9.264]   [header-byte] write $ffa517 = 13 mask=00ff (pc=018446)
[   9.264] [packet-accepted] total=284 seq=1b flags=04 status=13 pc=01845e command=33 arg=22
[   9.281]   [header-byte] write $ffa517 = 13 mask=00ff (pc=018446)
[   9.281] [packet-accepted] total=285 seq=1c flags=04 status=13 pc=01845e command=33 arg=22
[   9.298]   [header-byte] write $ffa517 = 13 mask=00ff (pc=018446)
[   9.298] [packet-accepted] total=286 seq=1d flags=04 status=13 pc=01845e command=33 arg=22
[   9.315]   [header-byte] write $ffa517 = 13 mask=00ff (pc=018446)
[   9.315] [packet-accepted] total=287 seq=1e flags=04 status=13 pc=01845e command=33 arg=22
[   9.331]   [header-byte] write $ffa517 = 13 mask=00ff (pc=018446)
[   9.331] [packet-accepted] total=288 seq=1f flags=04 status=13 pc=01845e command=33 arg=22
[   9.348]   [header-byte] write $ffa517 = 13 mask=00ff (pc=018446)
[   9.348] [packet-accepted] total=289 seq=20 flags=04 status=13 pc=01845e command=33 arg=22
[   9.365]   [header-byte] write $ffa517 = 13 mask=00ff (pc=018446)
[   9.365] [packet-accepted] total=290 seq=21 flags=04 status=13 pc=01845e command=33 arg=22
[   9.381]   [header-byte] write $ffa517 = 13 mask=00ff (pc=018446)
[   9.381] [packet-accepted] total=291 seq=22 flags=04 status=13 pc=01845e command=33 arg=22
[   9.381]   [header-byte] write $ffa517 = 13 mask=00ff (pc=018446)
[   9.381] [packet-accepted] total=292 seq=23 flags=04 status=13 pc=01845e command=33 arg=22
[   9.398]   [header-byte] write $ffa517 = 13 mask=00ff (pc=018446)
[   9.398] [packet-accepted] total=293 seq=24 flags=04 status=13 pc=01845e command=33 arg=22
[   9.415]   [header-byte] write $ffa517 = 13 mask=00ff (pc=018446)
[   9.415] [packet-accepted] total=294 seq=25 flags=04 status=13 pc=01845e command=33 arg=22
[   9.431]   [header-byte] write $ffa517 = 13 mask=00ff (pc=018446)
[   9.431] [packet-accepted] total=295 seq=26 flags=04 status=13 pc=01845e command=33 arg=22
[   9.448]   [header-byte] write $ffa517 = 13 mask=00ff (pc=018446)
[   9.448] [packet-accepted] total=296 seq=27 flags=04 status=13 pc=01845e command=33 arg=22
[   9.465]   [header-byte] write $ffa517 = 13 mask=00ff (pc=018446)
[   9.465] [packet-accepted] total=297 seq=28 flags=04 status=13 pc=01845e command=33 arg=22
[   9.481]   [header-byte] write $ffa517 = 13 mask=00ff (pc=018446)
[   9.481] [packet-accepted] total=298 seq=29 flags=04 status=13 pc=01845e command=33 arg=22
[   9.500]   [header-byte] write $ffa517 = 13 mask=00ff (pc=018446)
[   9.500] [packet-accepted] total=299 seq=2a flags=04 status=13 pc=01845e command=33 arg=22
[   9.515]   [header-byte] write $ffa517 = 13 mask=00ff (pc=018446)
[   9.515] [packet-accepted] total=300 seq=2b flags=04 status=13 pc=01845e command=33 arg=22
[   9.531]   [header-byte] write $ffa517 = 13 mask=00ff (pc=018446)
[   9.531] [packet-accepted] total=301 seq=2c flags=04 status=13 pc=01845e command=33 arg=22
[   9.548]   [header-byte] write $ffa517 = 13 mask=00ff (pc=018446)
[   9.548] [packet-accepted] total=302 seq=2d flags=04 status=13 pc=01845e command=33 arg=22
[   9.565]   [header-byte] write $ffa517 = 13 mask=00ff (pc=018446)
[   9.565] [packet-accepted] total=303 seq=2e flags=04 status=13 pc=01845e command=33 arg=22
[   9.598]   [header-byte] write $ffa517 = 13 mask=00ff (pc=018446)
[   9.598] [packet-accepted] total=304 seq=2f flags=04 status=13 pc=01845e command=33 arg=22
[   9.615]   [header-byte] write $ffa517 = 13 mask=00ff (pc=018446)
[   9.615] [packet-accepted] total=305 seq=30 flags=04 status=13 pc=01845e command=33 arg=22
[   9.632]   [header-byte] write $ffa517 = 13 mask=00ff (pc=018446)
[   9.632] [packet-accepted] total=306 seq=31 flags=04 status=13 pc=01845e command=33 arg=22
[   9.648]   [header-byte] write $ffa517 = 13 mask=00ff (pc=018446)
[   9.648] [packet-accepted] total=307 seq=32 flags=04 status=13 pc=01845e command=33 arg=22
[   9.666]   [header-byte] write $ffa517 = 13 mask=00ff (pc=018446)
[   9.666] [packet-accepted] total=308 seq=33 flags=04 status=13 pc=01845e command=33 arg=22
[   9.681]   [header-byte] write $ffa517 = 13 mask=00ff (pc=018446)
[   9.681] [packet-accepted] total=309 seq=34 flags=04 status=13 pc=01845e command=33 arg=22
[   9.698]   [header-byte] write $ffa517 = 13 mask=00ff (pc=018446)
[   9.698] [packet-accepted] total=310 seq=35 flags=04 status=13 pc=01845e command=33 arg=22
[   9.715]   [header-byte] write $ffa517 = 13 mask=00ff (pc=018446)
[   9.715] [packet-accepted] total=311 seq=36 flags=04 status=13 pc=01845e command=33 arg=22
[   9.731]   [header-byte] write $ffa517 = 13 mask=00ff (pc=018446)
[   9.731] [packet-accepted] total=312 seq=37 flags=04 status=13 pc=01845e command=33 arg=22
[   9.748]   [header-byte] write $ffa517 = 13 mask=00ff (pc=018446)
[   9.748] [packet-accepted] total=313 seq=38 flags=04 status=13 pc=01845e command=33 arg=22
[   9.765]   [header-byte] write $ffa517 = 13 mask=00ff (pc=018446)
[   9.765] [packet-accepted] total=314 seq=39 flags=04 status=13 pc=01845e command=33 arg=22
[   9.782]   [header-byte] write $ffa517 = 13 mask=00ff (pc=018446)
[   9.782] [packet-accepted] total=315 seq=3a flags=04 status=13 pc=01845e command=33 arg=22
[   9.798]   [header-byte] write $ffa517 = 13 mask=00ff (pc=018446)
[   9.798] [packet-accepted] total=316 seq=3b flags=04 status=13 pc=01845e command=33 arg=22
[   9.815]   [header-byte] write $ffa517 = 13 mask=00ff (pc=018446)
[   9.815] [packet-accepted] total=317 seq=3c flags=04 status=13 pc=01845e command=33 arg=22
[   9.831]   [header-byte] write $ffa517 = 13 mask=00ff (pc=018446)
[   9.831] [packet-accepted] total=318 seq=3d flags=04 status=13 pc=01845e command=33 arg=22
[   9.848]   [header-byte] write $ffa517 = 13 mask=00ff (pc=018446)
[   9.848] [packet-accepted] total=319 seq=3e flags=04 status=13 pc=01845e command=33 arg=22
[   9.898]   [header-byte] write $ffa517 = 13 mask=00ff (pc=018446)
[   9.898] [packet-accepted] total=320 seq=3f flags=04 status=13 pc=01845e command=33 arg=22
[   9.915]   [header-byte] write $ffa517 = 13 mask=00ff (pc=018446)
[   9.915] [packet-accepted] total=321 seq=40 flags=04 status=13 pc=01845e command=33 arg=22
[   9.931]   [header-byte] write $ffa517 = 13 mask=00ff (pc=018446)
[   9.931] [packet-accepted] total=322 seq=41 flags=04 status=13 pc=01845e command=33 arg=22
[   9.948]   [header-byte] write $ffa517 = 13 mask=00ff (pc=018446)
[   9.948] [packet-accepted] total=323 seq=42 flags=04 status=13 pc=01845e command=33 arg=22
[   9.948]   [header-byte] write $ffa517 = 13 mask=00ff (pc=018446)
[   9.948] [packet-accepted] total=324 seq=43 flags=04 status=13 pc=01845e command=33 arg=22
[   9.965]   [header-byte] write $ffa517 = 13 mask=00ff (pc=018446)
[   9.965] [packet-accepted] total=325 seq=44 flags=04 status=13 pc=01845e command=33 arg=22
[   9.984]   [header-byte] write $ffa517 = 13 mask=00ff (pc=018446)
[   9.984] [packet-accepted] total=326 seq=45 flags=04 status=13 pc=01845e command=33 arg=22
[   9.998]   [header-byte] write $ffa517 = 13 mask=00ff (pc=018446)
[   9.999] [packet-accepted] total=327 seq=46 flags=04 status=13 pc=01845e command=33 arg=22
[  10.013] heartbeat frame=600 tx=1556 rx=1615 fc=1 fd=10 fe=1 linkflag=82 pc=00028a a502=00 a524=0005 a525=05 a170=08 a17f=00 txtail=0014 rxpend=0000
[  10.013] [transport] captured=1556 flushed=1556 received=1615 accepted=327 payload2=317 payload3=0 payload4=0 payload5=0 pump_reads=889 bursts=316 txcredit=0 outq=0 inq=0 watchdog=0 txseq=3d rxseq=47 rxcredit=5 protection=00 checks=0000
[  10.013] [epochs] local=1 peer=1 ready=true discarded_rx=0
[  10.013] [tcb-continuations] ffa580=ff80->018392 sleep=0 local26=7710 ffa5c0=ff80->01853c sleep=0 local26=0000 ffd040=ff80->018a40 sleep=0 local26=0300 ffd080=ff80->018ee4 sleep=0 local26=0000 ffd0c0=ff80->018ee4 sleep=0 local26=0000 ffd100=ff80->01fbb4 sleep=0 local26=0000 ffd140=ff80->01fbb6 sleep=0 local26=0002 ffd180=ff80->01fbb6 sleep=0 local26=00a2 ffd1c0=ff80->01fbb6 sleep=0 local26=01c2 ffd200=ff80->01fbb6 sleep=0 local26=02e2 ffd240=ff80->01902e sleep=0 local26=0000 ffd280=ff80->01ffe2 sleep=0 local26=0006 ffd2c0=ff80->020004 sleep=0 local26=0002 ffd300=ff80->020004 sleep=0 local26=0000 ffd340=ff80->01febe sleep=0 local26=0000 ffd380=ff80->01fedc sleep=0 local26=0000 ffd3c0=ff80->01febe sleep=0 local26=0000 ffd400=ff80->01fedc sleep=0 local26=0000
[  10.015]   [header-byte] write $ffa517 = 13 mask=00ff (pc=018446)
[  10.015] [packet-accepted] total=328 seq=47 flags=04 status=13 pc=01845e command=33 arg=22
[  10.032]   [header-byte] write $ffa517 = 13 mask=00ff (pc=018446)
[  10.032] [packet-accepted] total=329 seq=48 flags=04 status=13 pc=01845e command=33 arg=22
[  10.032]   [header-byte] write $ffa517 = 13 mask=00ff (pc=018446)
[  10.032] [packet-accepted] total=330 seq=49 flags=04 status=13 pc=01845e command=33 arg=22
[  10.032]   [header-byte] write $ffa517 = 13 mask=00ff (pc=018446)
[  10.032] [packet-accepted] total=331 seq=4a flags=04 status=13 pc=01845e command=33 arg=22
[  10.032]   [header-byte] write $ffa517 = 13 mask=00ff (pc=018446)
[  10.032] [packet-accepted] total=332 seq=4b flags=04 status=13 pc=01845e command=33 arg=22
[  10.048]   [header-byte] write $ffa517 = 13 mask=00ff (pc=018446)
[  10.048] [packet-accepted] total=333 seq=4c flags=04 status=13 pc=01845e command=33 arg=22
[  10.065]   [header-byte] write $ffa517 = 13 mask=00ff (pc=018446)
[  10.065] [packet-accepted] total=334 seq=4d flags=04 status=13 pc=01845e command=33 arg=22
[  10.082]   [header-byte] write $ffa517 = 13 mask=00ff (pc=018446)
[  10.082] [packet-accepted] total=335 seq=4e flags=04 status=13 pc=01845e command=33 arg=22
[  10.099]   [header-byte] write $ffa517 = 13 mask=00ff (pc=018446)
[  10.099] [packet-accepted] total=336 seq=4f flags=04 status=13 pc=01845e command=33 arg=22
[  10.115]   [header-byte] write $ffa517 = 13 mask=00ff (pc=018446)
[  10.115] [packet-accepted] total=337 seq=50 flags=04 status=13 pc=01845e command=33 arg=22
[  10.134]   [header-byte] write $ffa517 = 13 mask=00ff (pc=018446)
[  10.134] [packet-accepted] total=338 seq=51 flags=04 status=13 pc=01845e command=33 arg=22
[  10.149]   [header-byte] write $ffa517 = 13 mask=00ff (pc=018446)
[  10.149] [packet-accepted] total=339 seq=52 flags=04 status=13 pc=01845e command=33 arg=22
[  10.165]   [header-byte] write $ffa517 = 13 mask=00ff (pc=018446)
[  10.165] [packet-accepted] total=340 seq=53 flags=04 status=13 pc=01845e command=33 arg=22
[  10.182]   [header-byte] write $ffa517 = 13 mask=00ff (pc=018446)
[  10.182] [packet-accepted] total=341 seq=54 flags=04 status=13 pc=01845e command=33 arg=22
[  10.199]   [header-byte] write $ffa517 = 13 mask=00ff (pc=018446)
[  10.199] [packet-accepted] total=342 seq=55 flags=04 status=13 pc=01845e command=33 arg=22
[  10.216]   [header-byte] write $ffa517 = 13 mask=00ff (pc=018446)
[  10.216] [packet-accepted] total=343 seq=56 flags=04 status=13 pc=01845e command=33 arg=22
[  10.232]   [header-byte] write $ffa517 = 13 mask=00ff (pc=018446)
[  10.232] [packet-accepted] total=344 seq=57 flags=04 status=13 pc=01845e command=33 arg=22
[  10.249]   [header-byte] write $ffa517 = 13 mask=00ff (pc=018446)
[  10.249] [packet-accepted] total=345 seq=58 flags=04 status=13 pc=01845e command=33 arg=22
[  10.266]   [header-byte] write $ffa517 = 13 mask=00ff (pc=018446)
[  10.266] [packet-accepted] total=346 seq=59 flags=04 status=13 pc=01845e command=33 arg=22
[  10.282]   [header-byte] write $ffa517 = 13 mask=00ff (pc=018446)
[  10.282] [packet-accepted] total=347 seq=5a flags=04 status=13 pc=01845e command=33 arg=22
[  10.299]   [header-byte] write $ffa517 = 13 mask=00ff (pc=018446)
[  10.299] [packet-accepted] total=348 seq=5b flags=04 status=13 pc=01845e command=33 arg=22
[  10.315]   [header-byte] write $ffa517 = 13 mask=00ff (pc=018446)
[  10.315] [packet-accepted] total=349 seq=5c flags=04 status=13 pc=01845e command=33 arg=22
[  10.332]   [header-byte] write $ffa517 = 13 mask=00ff (pc=018446)
[  10.332] [packet-accepted] total=350 seq=5d flags=04 status=13 pc=01845e command=33 arg=22
[  10.349]   [header-byte] write $ffa517 = 13 mask=00ff (pc=018446)
[  10.349] [packet-accepted] total=351 seq=5e flags=04 status=13 pc=01845e command=33 arg=22
[  10.365]   [header-byte] write $ffa517 = 13 mask=00ff (pc=018446)
[  10.366] [packet-accepted] total=352 seq=5f flags=04 status=13 pc=01845e command=33 arg=22
[  10.382]   [header-byte] write $ffa517 = 13 mask=00ff (pc=018446)
[  10.382] [packet-accepted] total=353 seq=60 flags=04 status=13 pc=01845e command=33 arg=22
[  10.399]   [header-byte] write $ffa517 = 13 mask=00ff (pc=018446)
[  10.399] [packet-accepted] total=354 seq=61 flags=04 status=13 pc=01845e command=33 arg=22
[  10.416]   [header-byte] write $ffa517 = 13 mask=00ff (pc=018446)
[  10.416] [packet-accepted] total=355 seq=62 flags=04 status=13 pc=01845e command=33 arg=22
[  10.432]   [header-byte] write $ffa517 = 13 mask=00ff (pc=018446)
[  10.432] [packet-accepted] total=356 seq=63 flags=04 status=13 pc=01845e command=33 arg=22
[  10.451]   [header-byte] write $ffa517 = 13 mask=00ff (pc=018446)
[  10.451] [packet-accepted] total=357 seq=64 flags=04 status=13 pc=01845e command=33 arg=22
[  10.466]   [header-byte] write $ffa517 = 13 mask=00ff (pc=018446)
[  10.466] [packet-accepted] total=358 seq=65 flags=04 status=13 pc=01845e command=33 arg=22
[  10.482]   [header-byte] write $ffa517 = 13 mask=00ff (pc=018446)
[  10.482] [packet-accepted] total=359 seq=66 flags=04 status=13 pc=01845e command=33 arg=22
[  10.499]   [header-byte] write $ffa517 = 13 mask=00ff (pc=018446)
[  10.499] [packet-accepted] total=360 seq=67 flags=04 status=13 pc=01845e command=33 arg=22
[  10.516]   [header-byte] write $ffa517 = 13 mask=00ff (pc=018446)
[  10.516] [packet-accepted] total=361 seq=68 flags=04 status=13 pc=01845e command=33 arg=22
[  10.533]   [header-byte] write $ffa517 = 13 mask=00ff (pc=018446)
[  10.533] [packet-accepted] total=362 seq=69 flags=04 status=13 pc=01845e command=33 arg=22
[  10.549]   [header-byte] write $ffa517 = 13 mask=00ff (pc=018446)
[  10.549] [packet-accepted] total=363 seq=6a flags=04 status=13 pc=01845e command=33 arg=22
[  10.566]   [header-byte] write $ffa517 = 13 mask=00ff (pc=018446)
[  10.566] [packet-accepted] total=364 seq=6b flags=04 status=13 pc=01845e command=33 arg=22
[  10.583]   [header-byte] write $ffa517 = 13 mask=00ff (pc=018446)
[  10.583] [packet-accepted] total=365 seq=6c flags=04 status=13 pc=01845e command=33 arg=22
[  10.599]   [header-byte] write $ffa517 = 13 mask=00ff (pc=018446)
[  10.599] [packet-accepted] total=366 seq=6d flags=04 status=13 pc=01845e command=33 arg=22
[  10.599]   [header-byte] write $ffa517 = 13 mask=00ff (pc=018446)
[  10.599] [packet-accepted] total=367 seq=6e flags=04 status=13 pc=01845e command=33 arg=22
[  10.633]   [header-byte] write $ffa517 = 13 mask=00ff (pc=018446)
[  10.633] [packet-accepted] total=368 seq=6f flags=04 status=13 pc=01845e command=33 arg=22
[  10.650]   [header-byte] write $ffa517 = 13 mask=00ff (pc=018446)
[  10.650] [packet-accepted] total=369 seq=70 flags=04 status=13 pc=01845e command=33 arg=22
[  10.666]   [header-byte] write $ffa517 = 13 mask=00ff (pc=018446)
[  10.666] [packet-accepted] total=370 seq=71 flags=04 status=13 pc=01845e command=33 arg=22
[  10.683]   [header-byte] write $ffa517 = 13 mask=00ff (pc=018446)
[  10.683] [packet-accepted] total=371 seq=72 flags=04 status=13 pc=01845e command=33 arg=22
[  10.700]   [header-byte] write $ffa517 = 13 mask=00ff (pc=018446)
[  10.700] [packet-accepted] total=372 seq=73 flags=04 status=13 pc=01845e command=33 arg=22
[  10.716]   [header-byte] write $ffa517 = 13 mask=00ff (pc=018446)
[  10.716] [packet-accepted] total=373 seq=74 flags=04 status=13 pc=01845e command=33 arg=22
[  10.733]   [header-byte] write $ffa517 = 13 mask=00ff (pc=018446)
[  10.733] [packet-accepted] total=374 seq=75 flags=04 status=13 pc=01845e command=33 arg=22
[  10.750]   [header-byte] write $ffa517 = 13 mask=00ff (pc=018446)
[  10.750] [packet-accepted] total=375 seq=76 flags=04 status=13 pc=01845e command=33 arg=22
[  10.766]   [header-byte] write $ffa517 = 13 mask=00ff (pc=018446)
[  10.766] [packet-accepted] total=376 seq=77 flags=04 status=13 pc=01845e command=33 arg=22
[  10.783]   [header-byte] write $ffa517 = 13 mask=00ff (pc=018446)
[  10.783] [packet-accepted] total=377 seq=78 flags=04 status=13 pc=01845e command=33 arg=22
[  10.800]   [header-byte] write $ffa517 = 13 mask=00ff (pc=018446)
[  10.800] [packet-accepted] total=378 seq=79 flags=04 status=13 pc=01845e command=33 arg=22
[  10.816]   [header-byte] write $ffa517 = 13 mask=00ff (pc=018446)
[  10.816] [packet-accepted] total=379 seq=7a flags=04 status=13 pc=01845e command=33 arg=22
[  10.833]   [header-byte] write $ffa517 = 13 mask=00ff (pc=018446)
[  10.833] [packet-accepted] total=380 seq=7b flags=04 status=13 pc=01845e command=33 arg=22
[  10.850]   [header-byte] write $ffa517 = 13 mask=00ff (pc=018446)
[  10.850] [packet-accepted] total=381 seq=7c flags=04 status=13 pc=01845e command=33 arg=22
[  10.866]   [header-byte] write $ffa517 = 13 mask=00ff (pc=018446)
[  10.866] [packet-accepted] total=382 seq=7d flags=04 status=13 pc=01845e command=33 arg=22
[  10.883]   [header-byte] write $ffa517 = 13 mask=00ff (pc=018446)
[  10.883] [packet-accepted] total=383 seq=7e flags=04 status=13 pc=01845e command=33 arg=22
[  10.900]   [header-byte] write $ffa517 = 13 mask=00ff (pc=018446)
[  10.900] [packet-accepted] total=384 seq=7f flags=04 status=13 pc=01845e command=33 arg=22
[  10.916]   [header-byte] write $ffa517 = 13 mask=00ff (pc=018446)
[  10.916] [packet-accepted] total=385 seq=80 flags=04 status=13 pc=01845e command=33 arg=22
[  10.935]   [header-byte] write $ffa517 = 13 mask=00ff (pc=018446)
[  10.935] [packet-accepted] total=386 seq=81 flags=04 status=13 pc=01845e command=33 arg=22
[  10.950]   [header-byte] write $ffa517 = 13 mask=00ff (pc=018446)
[  10.950] [packet-accepted] total=387 seq=82 flags=04 status=13 pc=01845e command=33 arg=22
[  10.967]   [header-byte] write $ffa517 = 13 mask=00ff (pc=018446)
[  10.967] [packet-accepted] total=388 seq=83 flags=04 status=13 pc=01845e command=33 arg=22
[  10.983]   [header-byte] write $ffa517 = 13 mask=00ff (pc=018446)
[  10.983] [packet-accepted] total=389 seq=84 flags=04 status=13 pc=01845e command=33 arg=22
[  11.000]   [header-byte] write $ffa517 = 13 mask=00ff (pc=018446)
[  11.000] [packet-accepted] total=390 seq=85 flags=04 status=13 pc=01845e command=33 arg=22
[  11.014] heartbeat frame=660 tx=1856 rx=1930 fc=1 fd=10 fe=1 linkflag=82 pc=00028a a502=00 a524=0005 a525=05 a170=08 a17f=00 txtail=0040 rxpend=0000
[  11.014] [transport] captured=1856 flushed=1856 received=1930 accepted=390 payload2=380 payload3=0 payload4=0 payload5=0 pump_reads=1008 bursts=376 txcredit=0 outq=0 inq=0 watchdog=0 txseq=79 rxseq=86 rxcredit=5 protection=00 checks=0000
[  11.014] [epochs] local=1 peer=1 ready=true discarded_rx=0
[  11.014] [tcb-continuations] ffa580=ff80->018392 sleep=0 local26=7710 ffa5c0=ff80->01853c sleep=0 local26=0000 ffd040=ff80->018a40 sleep=0 local26=0300 ffd080=ff80->018ee4 sleep=0 local26=0000 ffd0c0=ff80->018ee4 sleep=0 local26=0000 ffd100=ff80->01fbb4 sleep=0 local26=0000 ffd140=ff80->01fbb6 sleep=0 local26=0002 ffd180=ff80->01fbb6 sleep=0 local26=00a2 ffd1c0=ff80->01fbb6 sleep=0 local26=01c2 ffd200=ff80->01fbb6 sleep=0 local26=02e2 ffd240=ff80->01902e sleep=0 local26=0000 ffd280=ff80->01ffe2 sleep=0 local26=0005 ffd2c0=ff80->020004 sleep=0 local26=0002 ffd300=ff80->020004 sleep=0 local26=0000 ffd340=ff80->01febe sleep=0 local26=0000 ffd380=ff80->01fedc sleep=0 local26=0000 ffd3c0=ff80->01febe sleep=0 local26=0000 ffd400=ff80->01fedc sleep=0 local26=0000
[  11.017]   [header-byte] write $ffa517 = 13 mask=00ff (pc=018446)
[  11.017] [packet-accepted] total=391 seq=86 flags=04 status=13 pc=01845e command=33 arg=22
[  11.033]   [header-byte] write $ffa517 = 13 mask=00ff (pc=018446)
[  11.033] [packet-accepted] total=392 seq=87 flags=04 status=13 pc=01845e command=33 arg=22
[  11.050]   [header-byte] write $ffa517 = 13 mask=00ff (pc=018446)
[  11.050] [packet-accepted] total=393 seq=88 flags=04 status=13 pc=01845e command=33 arg=22
[  11.067]   [header-byte] write $ffa517 = 13 mask=00ff (pc=018446)
[  11.067] [packet-accepted] total=394 seq=89 flags=04 status=13 pc=01845e command=33 arg=22
[  11.085]   [header-byte] write $ffa517 = 13 mask=00ff (pc=018446)
[  11.085] [packet-accepted] total=395 seq=8a flags=04 status=13 pc=01845e command=33 arg=22
[  11.100]   [header-byte] write $ffa517 = 13 mask=00ff (pc=018446)
[  11.100] [packet-accepted] total=396 seq=8b flags=04 status=13 pc=01845e command=33 arg=22
[  11.117]   [header-byte] write $ffa517 = 13 mask=00ff (pc=018446)
[  11.117] [packet-accepted] total=397 seq=8c flags=04 status=13 pc=01845e command=33 arg=22
[  11.134]   [header-byte] write $ffa517 = 13 mask=00ff (pc=018446)
[  11.134] [packet-accepted] total=398 seq=8d flags=04 status=13 pc=01845e command=33 arg=22
[  11.150]   [header-byte] write $ffa517 = 13 mask=00ff (pc=018446)
[  11.150] [packet-accepted] total=399 seq=8e flags=04 status=13 pc=01845e command=33 arg=22
[  11.167]   [header-byte] write $ffa517 = 13 mask=00ff (pc=018446)
[  11.167] [packet-accepted] total=400 seq=8f flags=04 status=13 pc=01845e command=33 arg=22
[  11.184]   [header-byte] write $ffa517 = 13 mask=00ff (pc=018446)
[  11.184] [packet-accepted] total=401 seq=90 flags=04 status=13 pc=01845e command=33 arg=22
[  11.200]   [header-byte] write $ffa517 = 13 mask=00ff (pc=018446)
[  11.200] [packet-accepted] total=402 seq=91 flags=04 status=13 pc=01845e command=33 arg=22
[  11.217]   [header-byte] write $ffa517 = 13 mask=00ff (pc=018446)
[  11.217] [packet-accepted] total=403 seq=92 flags=04 status=13 pc=01845e command=33 arg=22
[  11.234]   [header-byte] write $ffa517 = 13 mask=00ff (pc=018446)
[  11.234] [packet-accepted] total=404 seq=93 flags=04 status=13 pc=01845e command=33 arg=22
[  11.250]   [header-byte] write $ffa517 = 13 mask=00ff (pc=018446)
[  11.251] [packet-accepted] total=405 seq=94 flags=04 status=13 pc=01845e command=33 arg=22
[  11.267]   [header-byte] write $ffa517 = 13 mask=00ff (pc=018446)
[  11.267] [packet-accepted] total=406 seq=95 flags=04 status=13 pc=01845e command=33 arg=22
[  11.284]   [header-byte] write $ffa517 = 13 mask=00ff (pc=018446)
[  11.284] [packet-accepted] total=407 seq=96 flags=04 status=13 pc=01845e command=33 arg=22
[  11.300]   [header-byte] write $ffa517 = 13 mask=00ff (pc=018446)
[  11.300] [packet-accepted] total=408 seq=97 flags=04 status=13 pc=01845e command=33 arg=22
[  11.317]   [header-byte] write $ffa517 = 13 mask=00ff (pc=018446)
[  11.317] [packet-accepted] total=409 seq=98 flags=04 status=13 pc=01845e command=33 arg=22
[  11.334]   [header-byte] write $ffa517 = 13 mask=00ff (pc=018446)
[  11.334] [packet-accepted] total=410 seq=99 flags=04 status=13 pc=01845e command=33 arg=22
[  11.350]   [header-byte] write $ffa517 = 13 mask=00ff (pc=018446)
[  11.351] [packet-accepted] total=411 seq=9a flags=04 status=13 pc=01845e command=33 arg=22
[  11.367]   [header-byte] write $ffa517 = 13 mask=00ff (pc=018446)
[  11.367] [packet-accepted] total=412 seq=9b flags=04 status=13 pc=01845e command=33 arg=22
[  11.384]   [header-byte] write $ffa517 = 13 mask=00ff (pc=018446)
[  11.384] [packet-accepted] total=413 seq=9c flags=04 status=13 pc=01845e command=33 arg=22
[  11.401]   [header-byte] write $ffa517 = 13 mask=00ff (pc=018446)
[  11.401] [packet-accepted] total=414 seq=9d flags=04 status=13 pc=01845e command=33 arg=22
[  11.417]   [header-byte] write $ffa517 = 13 mask=00ff (pc=018446)
[  11.417] [packet-accepted] total=415 seq=9e flags=04 status=13 pc=01845e command=33 arg=22
[  11.434]   [header-byte] write $ffa517 = 13 mask=00ff (pc=018446)
[  11.434] [packet-accepted] total=416 seq=9f flags=04 status=13 pc=01845e command=33 arg=22
[  11.451]   [header-byte] write $ffa517 = 13 mask=00ff (pc=018446)
[  11.451] [packet-accepted] total=417 seq=a0 flags=04 status=13 pc=01845e command=33 arg=22
[  11.467]   [header-byte] write $ffa517 = 13 mask=00ff (pc=018446)
[  11.467] [packet-accepted] total=418 seq=a1 flags=04 status=13 pc=01845e command=33 arg=22
[  11.484]   [header-byte] write $ffa517 = 13 mask=00ff (pc=018446)
[  11.484] [packet-accepted] total=419 seq=a2 flags=04 status=13 pc=01845e command=33 arg=22
[  11.501]   [header-byte] write $ffa517 = 13 mask=00ff (pc=018446)
[  11.501] [packet-accepted] total=420 seq=a3 flags=04 status=13 pc=01845e command=33 arg=22
[  11.517]   [header-byte] write $ffa517 = 13 mask=00ff (pc=018446)
[  11.517] [packet-accepted] total=421 seq=a4 flags=04 status=13 pc=01845e command=33 arg=22
[  11.534]   [header-byte] write $ffa517 = 13 mask=00ff (pc=018446)
[  11.534] [packet-accepted] total=422 seq=a5 flags=04 status=13 pc=01845e command=33 arg=22
[  11.551]   [header-byte] write $ffa517 = 13 mask=00ff (pc=018446)
[  11.551] [packet-accepted] total=423 seq=a6 flags=04 status=13 pc=01845e command=33 arg=22
[  11.568]   [header-byte] write $ffa517 = 13 mask=00ff (pc=018446)
[  11.568] [packet-accepted] total=424 seq=a7 flags=04 status=13 pc=01845e command=33 arg=22
[  11.584]   [header-byte] write $ffa517 = 13 mask=00ff (pc=018446)
[  11.584] [packet-accepted] total=425 seq=a8 flags=04 status=13 pc=01845e command=33 arg=22
[  11.600]   [header-byte] write $ffa517 = 13 mask=00ff (pc=018446)
[  11.601] [packet-accepted] total=426 seq=a9 flags=04 status=13 pc=01845e command=33 arg=22
[  11.617]   [header-byte] write $ffa517 = 13 mask=00ff (pc=018446)
[  11.617] [packet-accepted] total=427 seq=aa flags=04 status=13 pc=01845e command=33 arg=22
[  11.634]   [header-byte] write $ffa517 = 13 mask=00ff (pc=018446)
[  11.634] [packet-accepted] total=428 seq=ab flags=04 status=13 pc=01845e command=33 arg=22
[  11.650]   [header-byte] write $ffa517 = 13 mask=00ff (pc=018446)
[  11.650] [packet-accepted] total=429 seq=ac flags=04 status=13 pc=01845e command=33 arg=22
[  11.667]   [header-byte] write $ffa517 = 13 mask=00ff (pc=018446)
[  11.667] [packet-accepted] total=430 seq=ad flags=04 status=13 pc=01845e command=33 arg=22
[  11.684]   [header-byte] write $ffa517 = 13 mask=00ff (pc=018446)
[  11.684] [packet-accepted] total=431 seq=ae flags=04 status=13 pc=01845e command=33 arg=22
[  11.701]   [header-byte] write $ffa517 = 13 mask=00ff (pc=018446)
[  11.701] [packet-accepted] total=432 seq=af flags=04 status=13 pc=01845e command=33 arg=22
[  11.717]   [header-byte] write $ffa517 = 13 mask=00ff (pc=018446)
[  11.717] [packet-accepted] total=433 seq=b0 flags=04 status=13 pc=01845e command=33 arg=22
[  11.734]   [header-byte] write $ffa517 = 13 mask=00ff (pc=018446)
[  11.734] [packet-accepted] total=434 seq=b1 flags=04 status=13 pc=01845e command=33 arg=22
[  11.750]   [header-byte] write $ffa517 = 13 mask=00ff (pc=018446)
[  11.750] [packet-accepted] total=435 seq=b2 flags=04 status=13 pc=01845e command=33 arg=22
[  11.767]   [header-byte] write $ffa517 = 13 mask=00ff (pc=018446)
[  11.767] [packet-accepted] total=436 seq=b3 flags=04 status=13 pc=01845e command=33 arg=22
[  11.784]   [header-byte] write $ffa517 = 13 mask=00ff (pc=018446)
[  11.784] [packet-accepted] total=437 seq=b4 flags=04 status=13 pc=01845e command=33 arg=22
[  11.801]   [header-byte] write $ffa517 = 13 mask=00ff (pc=018446)
[  11.801] [packet-accepted] total=438 seq=b5 flags=04 status=13 pc=01845e command=33 arg=22
[  11.817]   [header-byte] write $ffa517 = 13 mask=00ff (pc=018446)
[  11.817] [packet-accepted] total=439 seq=b6 flags=04 status=13 pc=01845e command=33 arg=22
[  11.834]   [header-byte] write $ffa517 = 13 mask=00ff (pc=018446)
[  11.834] [packet-accepted] total=440 seq=b7 flags=04 status=13 pc=01845e command=33 arg=22
[  11.851]   [header-byte] write $ffa517 = 13 mask=00ff (pc=018446)
[  11.851] [packet-accepted] total=441 seq=b8 flags=04 status=13 pc=01845e command=33 arg=22
[  11.867]   [header-byte] write $ffa517 = 13 mask=00ff (pc=018446)
[  11.867] [packet-accepted] total=442 seq=b9 flags=04 status=13 pc=01845e command=33 arg=22
[  11.884]   [header-byte] write $ffa517 = 13 mask=00ff (pc=018446)
[  11.884] [packet-accepted] total=443 seq=ba flags=04 status=13 pc=01845e command=73 arg=22
[  11.884] [game-command] data=4343 mask=ff00 pc=018b72 requests=04
[  11.902]   [header-byte] write $ffa517 = 10 mask=00ff (pc=018446)
[  11.902] [packet-accepted] total=444 seq=bb flags=04 status=10 pc=01845e command=73 arg=22
[  11.902]   [header-byte] write $ffa513 = 10 mask=00ff (pc=018d88)
[  12.015] heartbeat frame=720 tx=2131 rx=2200 fc=1 fd=10 fe=1 linkflag=82 pc=00028a a502=00 a524=0000 a525=00 a170=08 a17f=00 txtail=0053 rxpend=0000
[  12.015] [transport] captured=2131 flushed=2131 received=2200 accepted=444 payload2=434 payload3=0 payload4=0 payload5=0 pump_reads=1122 bursts=431 txcredit=0 outq=0 inq=0 watchdog=6 txseq=af rxseq=bc rxcredit=0 protection=00 checks=0000
[  12.015] [epochs] local=1 peer=1 ready=true discarded_rx=0
[  12.015] [game-state] a142=04 a13e=00 a13f=00 a530=4322 a506=03 a507=00 a508=01 a7b0=0000 a7a6=7322 script=01a39e mode=01 rule=01 base=70 margin=6 difficulty=0 preset=0
[  12.015] [tcb-continuations] ffa580=ff80->018392 sleep=0 local26=7710 ffa5c0=ff80->01853c sleep=0 local26=0600 ffd040=ff80->018db6 sleep=13 local26=0300 ffd100=ff80->01fbb4 sleep=0 local26=0000 ffd140=ff80->01fbb6 sleep=0 local26=0002 ffd180=ff80->01fbb6 sleep=0 local26=00a2 ffd1c0=ff80->01fbb6 sleep=0 local26=01c2 ffd200=ff80->01fbb6 sleep=0 local26=02e2 ffd240=ff80->01902e sleep=0 local26=0000
[  12.401]   [header-byte] write $ffa517 = 10 mask=00ff (pc=018446)
[  12.902]   [header-byte] write $ffa517 = 10 mask=00ff (pc=018446)
[  13.017] heartbeat frame=780 tx=2137 rx=2206 fc=1 fd=10 fe=1 linkflag=82 pc=000288 a502=00 a524=0000 a525=00 a170=08 a17f=00 txtail=0059 rxpend=0000
[  13.017] [transport] captured=2137 flushed=2137 received=2206 accepted=446 payload2=434 payload3=0 payload4=0 payload5=0 pump_reads=1184 bursts=433 txcredit=0 outq=0 inq=0 watchdog=6 txseq=b1 rxseq=be rxcredit=0 protection=00 checks=0000
[  13.017] [epochs] local=1 peer=1 ready=true discarded_rx=0
[  13.017] [tcb-continuations] ffa580=ff80->018392 sleep=0 local26=7710 ffa5c0=ff80->01853c sleep=0 local26=0600 ffd040=ff80->018e08 sleep=134 local26=0300 ffd100=ff80->01fbb4 sleep=0 local26=0000 ffd140=ff80->01fbb6 sleep=0 local26=0002 ffd180=ff80->01fbb6 sleep=0 local26=00a2 ffd1c0=ff80->01fbb6 sleep=0 local26=01c2 ffd200=ff80->01fbb6 sleep=0 local26=02e2 ffd240=ff80->01902e sleep=0 local26=0000 ffd280=ff80->027726 sleep=0 local26=0001
[  13.403]   [header-byte] write $ffa517 = 10 mask=00ff (pc=018446)
[  13.787]   [header-byte] write $ffa517 = 54 mask=00ff (pc=018446)
[  14.018] heartbeat frame=840 tx=2143 rx=2212 fc=1 fd=10 fe=1 linkflag=82 pc=000288 a502=00 a524=0000 a525=00 a170=08 a17f=00 txtail=005f rxpend=0000
[  14.018] [transport] captured=2143 flushed=2143 received=2212 accepted=448 payload2=434 payload3=0 payload4=0 payload5=0 pump_reads=1246 bursts=435 txcredit=0 outq=0 inq=0 watchdog=13 txseq=b3 rxseq=c0 rxcredit=0 protection=00 checks=0000
[  14.018] [epochs] local=1 peer=1 ready=true discarded_rx=0
[  14.018] [tcb-continuations] ffa580=ff80->018392 sleep=0 local26=7710 ffa5c0=ff80->01853c sleep=0 local26=0600 ffd040=ff80->018e08 sleep=74 local26=0300 ffd100=ff80->01fbb4 sleep=0 local26=0000 ffd140=ff80->01fbb6 sleep=0 local26=0002 ffd180=ff80->01fbb6 sleep=0 local26=00a2 ffd1c0=ff80->01fbb6 sleep=0 local26=01c2 ffd200=ff80->01fbb6 sleep=0 local26=02e2 ffd240=ff80->01902e sleep=0 local26=0000 ffd280=ff80->027726 sleep=0 local26=0001
[  14.271]   [header-byte] write $ffa517 = 54 mask=00ff (pc=018446)
[  14.788]   [header-byte] write $ffa517 = 54 mask=00ff (pc=018446)
[  15.019] heartbeat frame=900 tx=2149 rx=2218 fc=1 fd=10 fe=1 linkflag=82 pc=00028a a502=00 a524=0000 a525=00 a170=08 a17f=00 txtail=0065 rxpend=0000
[  15.019] [transport] captured=2149 flushed=2149 received=2218 accepted=450 payload2=434 payload3=0 payload4=0 payload5=0 pump_reads=1308 bursts=437 txcredit=0 outq=0 inq=0 watchdog=13 txseq=b5 rxseq=c2 rxcredit=0 protection=00 checks=0000
[  15.019] [epochs] local=1 peer=1 ready=true discarded_rx=0
[  15.019] [tcb-continuations] ffa580=ff80->018392 sleep=0 local26=7710 ffa5c0=ff80->01853c sleep=0 local26=0600 ffd040=ff80->018e08 sleep=14 local26=0300 ffd100=ff80->01fbb4 sleep=0 local26=0000 ffd140=ff80->01fbb6 sleep=0 local26=0002 ffd180=ff80->01fbb6 sleep=0 local26=00a2 ffd1c0=ff80->01fbb6 sleep=0 local26=01c2 ffd200=ff80->01fbb6 sleep=0 local26=02e2 ffd240=ff80->01902e sleep=0 local26=0000 ffd280=ff80->027726 sleep=0 local26=0001
[  15.306]   [header-byte] write $ffa517 = 54 mask=00ff (pc=018446)
[  15.346]   [menu-state] write $ffa170 = 0000 mask=ff00 (pc=01afb6)
[  15.346]   [menu-state] write $ffa170 = 8787 mask=ff00 (pc=01afce)
[  15.346]   [menu-state] write $ffa176 = 0000 mask=ff00 (pc=01afde)
[  15.346]   [header-byte] write $ffa513 = 00 mask=00ff (pc=01afe6)
[  15.346]   [header-byte] write $ffa513 = 10 mask=00ff (pc=01affe)
[  15.346]   [header-byte] write $ffa513 = 50 mask=00ff (pc=01b022)
[  15.346]   [header-byte] write $ffa513 = 54 mask=00ff (pc=01b044)
[  15.346]   [menu-state] write $ffa170 = 0909 mask=ff00 (pc=018062)
[  15.346]   [menu-state] write $ffa176 = 0000 mask=ff00 (pc=01afde)
[  15.346]   [header-byte] write $ffa513 = 00 mask=00ff (pc=01afe6)
[  15.346]   [header-byte] write $ffa513 = 10 mask=00ff (pc=01affe)
[  15.346]   [header-byte] write $ffa513 = 11 mask=00ff (pc=01b034)
[  15.379] [protection-checksum] data=0101 mask=00ff pc=01b0bc
[  15.379] [protection-checksum] data=0000 mask=00ff pc=01b11a
[  15.788]   [header-byte] write $ffa517 = 54 mask=00ff (pc=018446)
[  16.021] heartbeat frame=960 tx=2155 rx=2224 fc=1 fd=10 fe=1 linkflag=82 pc=000288 a502=00 a524=0000 a525=00 a170=09 a17f=00 txtail=006b rxpend=0000
[  16.021] [transport] captured=2155 flushed=2155 received=2224 accepted=452 payload2=434 payload3=0 payload4=0 payload5=0 pump_reads=1370 bursts=439 txcredit=0 outq=0 inq=0 watchdog=13 txseq=b7 rxseq=c4 rxcredit=0 protection=00 checks=0000
[  16.021] [epochs] local=1 peer=1 ready=true discarded_rx=0
[  16.021] [game-state] a142=04 a13e=00 a13f=00 a530=4322 a506=03 a507=00 a508=01 a7b0=0000 a7a6=7322 script=01a004 mode=00 rule=01 base=70 margin=6 difficulty=0 preset=0
[  16.021] [tcb-continuations] ffa580=ff80->018392 sleep=0 local26=7710 ffa5c0=ff80->01853c sleep=0 local26=0700 ffd100=ff80->01b4ee sleep=0 local26=0000 ffd140=ff80->00628e sleep=0 local26=008e
[  16.773]   [header-byte] write $ffa517 = 54 mask=00ff (pc=018446)
[  17.022] heartbeat frame=1020 tx=2161 rx=2227 fc=1 fd=10 fe=1 linkflag=82 pc=00028a a502=00 a524=0000 a525=00 a170=09 a17f=00 txtail=0071 rxpend=0000
[  17.022] [transport] captured=2161 flushed=2161 received=2227 accepted=453 payload2=434 payload3=0 payload4=0 payload5=0 pump_reads=1431 bursts=441 txcredit=0 outq=0 inq=0 watchdog=14 txseq=b9 rxseq=c5 rxcredit=0 protection=00 checks=0000
[  17.022] [epochs] local=1 peer=1 ready=true discarded_rx=0
[  17.022] [tcb-continuations] ffa580=ff80->018392 sleep=0 local26=7710 ffa5c0=ff80->01853c sleep=0 local26=0700 ffd100=ff80->01b4ee sleep=0 local26=0000 ffd140=ff80->00628e sleep=0 local26=0052
[  17.290]   [header-byte] write $ffa517 = 54 mask=00ff (pc=018446)
[  17.807]   [header-byte] write $ffa517 = 54 mask=00ff (pc=018446)
[  18.023] heartbeat frame=1080 tx=2167 rx=2233 fc=1 fd=10 fe=1 linkflag=82 pc=00028a a502=00 a524=0000 a525=00 a170=09 a17f=00 txtail=0077 rxpend=0000
[  18.023] [transport] captured=2167 flushed=2167 received=2233 accepted=455 payload2=434 payload3=0 payload4=0 payload5=0 pump_reads=1493 bursts=443 txcredit=0 outq=0 inq=0 watchdog=12 txseq=bb rxseq=c7 rxcredit=0 protection=00 checks=0000
[  18.023] [epochs] local=1 peer=1 ready=true discarded_rx=0
[  18.023] [tcb-continuations] ffa580=ff80->018392 sleep=0 local26=7710 ffa5c0=ff80->01853c sleep=0 local26=0700 ffd100=ff80->01b4ee sleep=0 local26=0000 ffd140=ff80->00628e sleep=0 local26=0016
[  18.325]   [header-byte] write $ffa517 = 54 mask=00ff (pc=018446)
[  18.829]   [header-byte] write $ffa517 = 54 mask=00ff (pc=018446)
[  19.024] heartbeat frame=1140 tx=2173 rx=2239 fc=1 fd=10 fe=1 linkflag=82 pc=000288 a502=00 a524=0000 a525=00 a170=09 a17f=00 txtail=007d rxpend=0000
[  19.024] [transport] captured=2173 flushed=2173 received=2239 accepted=457 payload2=434 payload3=0 payload4=0 payload5=0 pump_reads=1555 bursts=445 txcredit=0 outq=0 inq=0 watchdog=11 txseq=bd rxseq=c9 rxcredit=0 protection=00 checks=0000
[  19.024] [epochs] local=1 peer=1 ready=true discarded_rx=0
[  19.024] [game-state] a142=04 a13e=00 a13f=00 a530=4322 a506=03 a507=00 a508=01 a7b0=0000 a7a6=7322 script=01f582 mode=00 rule=01 base=70 margin=6 difficulty=0 preset=0
[  19.024] [tcb-continuations] ffa580=ff80->018392 sleep=0 local26=7710 ffa5c0=ff80->01853c sleep=0 local26=0600 ffd100=ff80->018fcc sleep=0 local26=0000 ffd140=ff80->0250a6 sleep=0 local26=0000 ffd180=ff80->024fe2 sleep=0 local26=0000
[  19.326]   [header-byte] write $ffa517 = 54 mask=00ff (pc=018446)
[  19.409]   [header-byte] write $ffa517 = 54 mask=00ff (pc=018446)
[  19.409] [packet-accepted] total=459 seq=ca flags=04 status=54 pc=01845e command=78 arg=22
[  19.426]   [header-byte] write $ffa517 = 54 mask=00ff (pc=018446)
[  19.426] [packet-accepted] total=460 seq=cb flags=04 status=54 pc=01845e command=78 arg=22
[  19.443]   [header-byte] write $ffa517 = 54 mask=00ff (pc=018446)
[  19.443] [packet-accepted] total=461 seq=cc flags=04 status=54 pc=01845e command=78 arg=22
[  19.960]   [header-byte] write $ffa517 = 54 mask=00ff (pc=018446)
[  20.026] heartbeat frame=1200 tx=2179 rx=2260 fc=1 fd=10 fe=1 linkflag=82 pc=000288 a502=00 a524=0000 a525=00 a170=09 a17f=00 txtail=0083 rxpend=0000
[  20.026] [transport] captured=2179 flushed=2179 received=2260 accepted=462 payload2=437 payload3=0 payload4=0 payload5=0 pump_reads=1620 bursts=447 txcredit=0 outq=0 inq=0 watchdog=3 txseq=bf rxseq=ce rxcredit=0 protection=00 checks=0000
[  20.026] [epochs] local=1 peer=1 ready=true discarded_rx=0
[  20.026] [game-state] a142=04 a13e=00 a13f=00 a530=4322 a506=03 a507=00 a508=01 a7b0=7822 a7a6=7322 script=01f582 mode=00 rule=01 base=70 margin=6 difficulty=0 preset=0
[  20.026] [tcb-continuations] ffa580=ff80->018392 sleep=0 local26=7710 ffa5c0=ff80->01853c sleep=0 local26=0600 ffd100=ff80->018fcc sleep=0 local26=0000 ffd140=ff80->0250ba sleep=91 local26=0000 ffd180=ff80->024fe2 sleep=0 local26=0000
[  20.444]   [header-byte] write $ffa517 = 54 mask=00ff (pc=018446)
[  20.945]   [header-byte] write $ffa517 = 54 mask=00ff (pc=018446)
[  21.027] heartbeat frame=1260 tx=2185 rx=2266 fc=1 fd=10 fe=1 linkflag=82 pc=000288 a502=00 a524=0000 a525=00 a170=09 a17f=00 txtail=0089 rxpend=0000
[  21.027] [transport] captured=2185 flushed=2185 received=2266 accepted=464 payload2=437 payload3=0 payload4=0 payload5=0 pump_reads=1682 bursts=449 txcredit=0 outq=0 inq=0 watchdog=4 txseq=c1 rxseq=d0 rxcredit=0 protection=00 checks=0000
[  21.027] [epochs] local=1 peer=1 ready=true discarded_rx=0
[  21.027] [tcb-continuations] ffa580=ff80->018392 sleep=0 local26=7710 ffa5c0=ff80->01853c sleep=0 local26=0600 ffd100=ff80->018fcc sleep=0 local26=0000 ffd140=ff80->0250ba sleep=31 local26=0000 ffd180=ff80->024fe2 sleep=0 local26=0000
[  21.445]   [header-byte] write $ffa517 = 54 mask=00ff (pc=018446)
[  22.028] heartbeat frame=1320 tx=2188 rx=2272 fc=1 fd=10 fe=1 linkflag=82 pc=001eee a502=00 a524=0000 a525=00 a170=09 a17f=00 txtail=008c rxpend=0003
[  22.028] [transport] captured=2188 flushed=2188 received=2272 accepted=465 payload2=437 payload3=0 payload4=0 payload5=0 pump_reads=1744 bursts=450 txcredit=0 outq=0 inq=0 watchdog=14 txseq=c2 rxseq=d1 rxcredit=0 protection=00 checks=0000
[  22.028] [epochs] local=1 peer=1 ready=true discarded_rx=0
[  22.028] [game-state] a142=04 a13e=00 a13f=00 a530=4322 a506=03 a507=00 a508=01 a7b0=7822 a7a6=7322 script=01f5ba mode=00 rule=01 base=70 margin=6 difficulty=0 preset=0
[  22.028] [tcb-continuations] ffa580=ff80->018392 sleep=0 local26=7710 ffa5c0=ff80->01853c sleep=0 local26=1000 ffd100=ff80->018fba sleep=0 local26=0000
[  22.128]   [header-byte] write $ffa517 = 54 mask=00ff (pc=018446)
[  22.432]   [header-byte] write $ffa517 = 54 mask=00ff (pc=018446)
[  23.030] heartbeat frame=1380 tx=2194 rx=2278 fc=1 fd=10 fe=1 linkflag=82 pc=001e8e a502=00 a524=0000 a525=00 a170=09 a17f=00 txtail=0092 rxpend=0003
[  23.030] [transport] captured=2194 flushed=2194 received=2278 accepted=467 payload2=437 payload3=0 payload4=0 payload5=0 pump_reads=1806 bursts=452 txcredit=0 outq=0 inq=0 watchdog=26 txseq=c4 rxseq=d3 rxcredit=0 protection=00 checks=0000
[  23.030] [epochs] local=1 peer=1 ready=true discarded_rx=0
[  23.030] [game-state] a142=04 a13e=00 a13f=00 a530=4322 a506=03 a507=00 a508=01 a7b0=7822 a7a6=7322 script=01f5da mode=00 rule=01 base=70 margin=6 difficulty=0 preset=0
[  23.030] [tcb-continuations] ffa580=ff80->018392 sleep=0 local26=7710 ffa5c0=ff80->01853c sleep=0 local26=0200 ffd100=ff80->018fcc sleep=0 local26=0000 ffd140=ff80->025b9a sleep=0 local26=0000 ffd180=ff80->02558e sleep=0 local26=0000
[  23.141]   [header-byte] write $ffa517 = 54 mask=00ff (pc=018446)
[  23.433]   [header-byte] write $ffa517 = 54 mask=00ff (pc=018446)
[  23.933]   [header-byte] write $ffa517 = 54 mask=00ff (pc=018446)
[  24.031] heartbeat frame=1440 tx=2197 rx=2284 fc=1 fd=10 fe=1 linkflag=82 pc=000288 a502=00 a524=0000 a525=00 a170=09 a17f=00 txtail=0095 rxpend=0000
[  24.031] [transport] captured=2197 flushed=2197 received=2284 accepted=470 payload2=437 payload3=0 payload4=0 payload5=0 pump_reads=1868 bursts=453 txcredit=0 outq=0 inq=0 watchdog=5 txseq=c5 rxseq=d6 rxcredit=0 protection=00 checks=0000
[  24.031] [epochs] local=1 peer=1 ready=true discarded_rx=0
[  24.031] [tcb-continuations] ffa580=ff80->018392 sleep=0 local26=7710 ffa5c0=ff80->01853c sleep=0 local26=1a00 ffd100=ff80->018fcc sleep=0 local26=0000 ffd140=ff80->025be6 sleep=19 local26=0000 ffd180=ff80->02558e sleep=0 local26=0000 ffd1c0=ff80->02585c sleep=0 local26=0000 ffd200=ff80->02585c sleep=0 local26=0001
[  24.579]   [header-byte] write $ffa517 = 54 mask=00ff (pc=018446)
[  24.935]   [header-byte] write $ffa517 = 54 mask=00ff (pc=018446)
[  25.032] heartbeat frame=1500 tx=2203 rx=2290 fc=1 fd=10 fe=1 linkflag=82 pc=000288 a502=00 a524=0000 a525=00 a170=09 a17f=00 txtail=009b rxpend=0000
[  25.032] [transport] captured=2203 flushed=2203 received=2290 accepted=472 payload2=437 payload3=0 payload4=0 payload5=0 pump_reads=1930 bursts=455 txcredit=0 outq=0 inq=0 watchdog=5 txseq=c7 rxseq=d8 rxcredit=0 protection=00 checks=0000
[  25.032] [epochs] local=1 peer=1 ready=true discarded_rx=0
[  25.032] [tcb-continuations] ffa580=ff80->018392 sleep=0 local26=7710 ffa5c0=ff80->01853c sleep=0 local26=0800 ffd100=ff80->018fcc sleep=0 local26=0000 ffd140=ff80->025cf2 sleep=0 local26=0000 ffd180=ff80->02558e sleep=0 local26=0000 ffd1c0=ff00->027736 sleep=0 local26=0002
[  25.658]   [header-byte] write $ffa517 = 54 mask=00ff (pc=018446)
[  25.936]   [header-byte] write $ffa517 = 54 mask=00ff (pc=018446)
[  26.034] heartbeat frame=1560 tx=2206 rx=2296 fc=1 fd=10 fe=1 linkflag=82 pc=00028a a502=00 a524=0000 a525=00 a170=09 a17f=00 txtail=009e rxpend=0000
[  26.034] [transport] captured=2206 flushed=2206 received=2296 accepted=474 payload2=437 payload3=0 payload4=0 payload5=0 pump_reads=1992 bursts=456 txcredit=0 outq=0 inq=0 watchdog=5 txseq=c8 rxseq=da rxcredit=0 protection=00 checks=0000
[  26.034] [epochs] local=1 peer=1 ready=true discarded_rx=0
[  26.034] [tcb-continuations] ffa580=ff80->018392 sleep=0 local26=7710 ffa5c0=ff80->01853c sleep=0 local26=1600 ffd100=ff80->018fcc sleep=0 local26=0000 ffd140=ff80->025d88 sleep=50 local26=0000 ffd180=ff80->02558e sleep=0 local26=0000 ffd1c0=ff80->02585c sleep=0 local26=0000 ffd200=ff80->02585c sleep=0 local26=0001
[  26.437]   [header-byte] write $ffa517 = 54 mask=00ff (pc=018446)
[  26.922]   [header-byte] write $ffa517 = 54 mask=00ff (pc=018446)
[  27.035] heartbeat frame=1620 tx=2212 rx=2302 fc=1 fd=10 fe=1 linkflag=82 pc=001edc a502=00 a524=0000 a525=00 a170=09 a17f=00 txtail=00a4 rxpend=0000
[  27.035] [transport] captured=2212 flushed=2212 received=2302 accepted=476 payload2=437 payload3=0 payload4=0 payload5=0 pump_reads=2054 bursts=458 txcredit=0 outq=0 inq=0 watchdog=3 txseq=ca rxseq=dc rxcredit=0 protection=00 checks=0000
[  27.035] [epochs] local=1 peer=1 ready=true discarded_rx=0
[  27.035] [tcb-continuations] ffa580=ff80->018392 sleep=0 local26=7710 ffa5c0=ff80->01853c sleep=0 local26=1300 ffd100=ff80->018fcc sleep=0 local26=0000 ffd140=ff80->025de6 sleep=0 local26=0000 ffd180=ff80->02558e sleep=0 local26=0000 ffd1c0=ff80->0253a2 sleep=0 local26=0000
[  27.437]   [header-byte] write $ffa517 = 54 mask=00ff (pc=018446)
[  27.939]   [header-byte] write $ffa517 = 54 mask=00ff (pc=018446)
[  28.036] heartbeat frame=1680 tx=2218 rx=2308 fc=1 fd=10 fe=1 linkflag=82 pc=000288 a502=00 a524=0000 a525=00 a170=09 a17f=00 txtail=00aa rxpend=0000
[  28.036] [transport] captured=2218 flushed=2218 received=2308 accepted=478 payload2=437 payload3=0 payload4=0 payload5=0 pump_reads=2116 bursts=460 txcredit=0 outq=0 inq=0 watchdog=5 txseq=cc rxseq=de rxcredit=0 protection=00 checks=0000
[  28.036] [epochs] local=1 peer=1 ready=true discarded_rx=0
[  28.036] [tcb-continuations] ffa580=ff80->018392 sleep=0 local26=7710 ffa5c0=ff80->01853c sleep=0 local26=0400 ffd100=ff80->018fcc sleep=0 local26=0000 ffd140=ff80->025de6 sleep=0 local26=0000 ffd180=ff80->02558e sleep=0 local26=0000 ffd1c0=ff80->02547c sleep=0 local26=0000 ffd200=ff80->027736 sleep=0 local26=0002 ffd240=ff80->02533c sleep=0 local26=0108
[  28.438]   [header-byte] write $ffa517 = 54 mask=00ff (pc=018446)
[  28.922]   [header-byte] write $ffa517 = 54 mask=00ff (pc=018446)
[  28.922] [packet-accepted] total=480 seq=df flags=00 status=54 pc=01845e
[  29.037] heartbeat frame=1740 tx=2224 rx=2314 fc=1 fd=10 fe=1 linkflag=82 pc=00028a a502=00 a524=0000 a525=00 a170=09 a17f=00 txtail=00b0 rxpend=0000
[  29.037] [transport] captured=2224 flushed=2224 received=2314 accepted=480 payload2=437 payload3=0 payload4=0 payload5=0 pump_reads=2178 bursts=462 txcredit=0 outq=0 inq=0 watchdog=6 txseq=ce rxseq=e0 rxcredit=0 protection=00 checks=0000
[  29.037] [epochs] local=1 peer=1 ready=true discarded_rx=0
[  29.037] [tcb-continuations] ffa580=ff80->018392 sleep=0 local26=7710 ffa5c0=ff80->01853c sleep=0 local26=0400 ffd100=ff80->018fcc sleep=0 local26=0000 ffd140=ff80->025de6 sleep=0 local26=0000 ffd180=ff80->02558e sleep=0 local26=0000 ffd1c0=ff80->02549a sleep=106 local26=0000 ffd200=ff80->027736 sleep=0 local26=0002 ffd240=ff80->02535e sleep=0 local26=0108
[  29.424]   [header-byte] write $ffa517 = 54 mask=00ff (pc=018446)
[  29.925]   [header-byte] write $ffa517 = 54 mask=00ff (pc=018446)
[  30.039] heartbeat frame=1800 tx=2230 rx=2320 fc=1 fd=10 fe=1 linkflag=82 pc=000288 a502=00 a524=0000 a525=00 a170=09 a17f=00 txtail=00b6 rxpend=0000
[  30.039] [transport] captured=2230 flushed=2230 received=2320 accepted=482 payload2=437 payload3=0 payload4=0 payload5=0 pump_reads=2240 bursts=464 txcredit=0 outq=0 inq=0 watchdog=6 txseq=d0 rxseq=e2 rxcredit=0 protection=00 checks=0000
[  30.039] [epochs] local=1 peer=1 ready=true discarded_rx=0
[  30.039] [tcb-continuations] ffa580=ff80->018392 sleep=0 local26=7710 ffa5c0=ff80->01853c sleep=0 local26=0400 ffd100=ff80->018fcc sleep=0 local26=0000 ffd140=ff80->025de6 sleep=0 local26=0000 ffd180=ff80->02558e sleep=0 local26=0000 ffd1c0=ff80->02549a sleep=46 local26=0000 ffd200=ff80->027736 sleep=0 local26=0002 ffd240=ff80->02535e sleep=0 local26=0108
[  30.425]   [header-byte] write $ffa517 = 54 mask=00ff (pc=018446)
[  30.926]   [header-byte] write $ffa517 = 54 mask=00ff (pc=018446)
[  31.040] heartbeat frame=1860 tx=2233 rx=2326 fc=1 fd=10 fe=1 linkflag=82 pc=001ee8 a502=00 a524=0000 a525=00 a170=09 a17f=00 txtail=00b9 rxpend=0000
[  31.040] [transport] captured=2233 flushed=2233 received=2326 accepted=484 payload2=437 payload3=0 payload4=0 payload5=0 pump_reads=2302 bursts=465 txcredit=0 outq=0 inq=0 watchdog=0 txseq=d1 rxseq=e4 rxcredit=0 protection=00 checks=0000
[  31.040] [epochs] local=1 peer=1 ready=true discarded_rx=0
[  31.040] [tcb-continuations] ffa580=ff80->018392 sleep=0 local26=7710 ffa5c0=ff80->01853c sleep=0 local26=1c00 ffd100=ff80->018fcc sleep=0 local26=0000 ffd140=ff80->025e12 sleep=0 local26=0000 ffd180=ff80->02558e sleep=0 local26=0000 ffd1c0=ff80->018fcc sleep=0 local26=0000
[  31.426]   [header-byte] write $ffa517 = 54 mask=00ff (pc=018446)
[  31.910]   [header-byte] write $ffa517 = 54 mask=00ff (pc=018446)
[  32.041] heartbeat frame=1920 tx=2239 rx=2332 fc=1 fd=10 fe=1 linkflag=82 pc=000288 a502=00 a524=0000 a525=00 a170=09 a17f=00 txtail=00bf rxpend=0000
[  32.041] [transport] captured=2239 flushed=2239 received=2332 accepted=486 payload2=437 payload3=0 payload4=0 payload5=0 pump_reads=2364 bursts=467 txcredit=0 outq=0 inq=0 watchdog=7 txseq=d3 rxseq=e6 rxcredit=0 protection=00 checks=0000
[  32.041] [epochs] local=1 peer=1 ready=true discarded_rx=0
[  32.041] [tcb-continuations] ffa580=ff80->018392 sleep=0 local26=7710 ffa5c0=ff80->01853c sleep=0 local26=1300 ffd100=ff80->018fcc sleep=0 local26=0000 ffd140=ff80->025e5e sleep=22 local26=0000 ffd180=ff80->02558e sleep=0 local26=0000 ffd1c0=ff80->018fcc sleep=0 local26=0000 ffd200=ff80->02585c sleep=0 local26=0000 ffd240=ff80->02585c sleep=0 local26=0001
[  32.411]   [header-byte] write $ffa517 = 54 mask=00ff (pc=018446)
[  32.912]   [header-byte] write $ffa517 = 54 mask=00ff (pc=018446)
[  33.043] heartbeat frame=1980 tx=2245 rx=2338 fc=1 fd=10 fe=1 linkflag=82 pc=00028a a502=00 a524=0000 a525=00 a170=09 a17f=00 txtail=00c5 rxpend=0000
[  33.043] [transport] captured=2245 flushed=2245 received=2338 accepted=488 payload2=437 payload3=0 payload4=0 payload5=0 pump_reads=2426 bursts=469 txcredit=0 outq=0 inq=0 watchdog=7 txseq=d5 rxseq=e8 rxcredit=0 protection=00 checks=0000
[  33.043] [epochs] local=1 peer=1 ready=true discarded_rx=0
[  33.043] [tcb-continuations] ffa580=ff80->018392 sleep=0 local26=7710 ffa5c0=ff80->01853c sleep=0 local26=1300 ffd100=ff80->018fcc sleep=0 local26=0000 ffd140=ff80->025ef4 sleep=0 local26=0000 ffd180=ff80->02558e sleep=0 local26=0000 ffd1c0=ff80->018fcc sleep=0 local26=0000
[  33.412]   [header-byte] write $ffa517 = 54 mask=00ff (pc=018446)
[  33.913]   [header-byte] write $ffa517 = 54 mask=00ff (pc=018446)
[  34.044] heartbeat frame=2040 tx=2251 rx=2344 fc=1 fd=10 fe=1 linkflag=82 pc=00028a a502=00 a524=0000 a525=00 a170=09 a17f=00 txtail=00cb rxpend=0000
[  34.044] [transport] captured=2251 flushed=2251 received=2344 accepted=490 payload2=437 payload3=0 payload4=0 payload5=0 pump_reads=2488 bursts=471 txcredit=0 outq=0 inq=0 watchdog=7 txseq=d7 rxseq=ea rxcredit=0 protection=00 checks=0000
[  34.044] [epochs] local=1 peer=1 ready=true discarded_rx=0
[  34.044] [tcb-continuations] ffa580=ff80->018392 sleep=0 local26=7710 ffa5c0=ff80->01853c sleep=0 local26=1300 ffd100=ff80->018fcc sleep=0 local26=0000 ffd140=ff80->025f1a sleep=0 local26=0000 ffd180=ff80->02558e sleep=0 local26=0000 ffd1c0=ff80->018fcc sleep=0 local26=0000 ffd200=ff80->0259ac sleep=0 local26=0000 ffe000=ff00->025aa6 sleep=0 local26=0100 ffe040=ff00->025aa6 sleep=0 local26=0100 ffe080=ff00->025aa6 sleep=0 local26=0100 ffe0c0=ff00->025aa6 sleep=0 local26=0100 ffe100=ff00->025aa6 sleep=0 local26=0100 ffe140=ff00->025aa6 sleep=0 local26=0100 ffe180=ff00->025aa6 sleep=0 local26=0100 ffe1c0=ff00->025aa6 sleep=0 local26=0100 ffe200=ff00->025aa6 sleep=0 local26=0100 ffe240=ff00->025aa6 sleep=0 local26=0100 ffe280=ff00->025aa6 sleep=0 local26=0100 ffe2c0=ff00->025aa6 sleep=0 local26=0100 ffe300=ff00->025aa6 sleep=0 local26=0100 ffe380=ff00->025aa6 sleep=0 local26=0100 ffe3c0=ff00->025aa6 sleep=0 local26=0100 ffe400=ff00->025aa6 sleep=0 local26=0100 ffe440=ff00->025aa6 sleep=0 local26=0100 ffe480=ff00->025aa6 sleep=0 local26=0100 ffe500=ff00->025aa6 sleep=0 local26=0100 ffe540=ff00->025aa6 sleep=0 local26=0100 ffe580=ff00->025aa6 sleep=0 local26=0100 ffe5c0=ff00->025aa6 sleep=0 local26=0100 ffe600=ff00->025aa6 sleep=0 local26=0100 ffe640=ff00->025aa6 sleep=0 local26=0100 ffe680=ff00->025aa6 sleep=0 local26=0100 ffe6c0=ff00->025aa6 sleep=0 local26=0100 ffe700=ff00->025aa6 sleep=0 local26=0100 ffe740=ff00->025aa6 sleep=0 local26=0100 ffe780=ff00->025aa6 sleep=0 local26=0100 ffe7c0=ff00->025aa6 sleep=0 local26=0100
[  34.413]   [header-byte] write $ffa517 = 54 mask=00ff (pc=018446)
[  34.914]   [header-byte] write $ffa517 = 54 mask=00ff (pc=018446)
[  35.045] heartbeat frame=2100 tx=2257 rx=2350 fc=1 fd=10 fe=1 linkflag=82 pc=00028a a502=00 a524=0000 a525=00 a170=09 a17f=00 txtail=00d1 rxpend=0000
[  35.045] [transport] captured=2257 flushed=2257 received=2350 accepted=492 payload2=437 payload3=0 payload4=0 payload5=0 pump_reads=2550 bursts=473 txcredit=0 outq=0 inq=0 watchdog=7 txseq=d9 rxseq=ec rxcredit=0 protection=00 checks=0000
[  35.045] [epochs] local=1 peer=1 ready=true discarded_rx=0
[  35.045] [tcb-continuations] ffa580=ff80->018392 sleep=0 local26=7710 ffa5c0=ff80->01853c sleep=0 local26=1300 ffd100=ff80->018fcc sleep=0 local26=0000 ffd140=ff80->025f1a sleep=0 local26=0000 ffd180=ff80->02558e sleep=0 local26=0000 ffd1c0=ff80->018fcc sleep=0 local26=0000 ffd200=ff80->0259ac sleep=0 local26=0000 ffe000=ff00->025aa6 sleep=0 local26=0100 ffe040=ff00->025aa6 sleep=0 local26=0100 ffe080=ff00->025aa6 sleep=0 local26=0100 ffe0c0=ff00->025aa6 sleep=0 local26=0100 ffe100=ff00->025aa6 sleep=0 local26=0100 ffe140=ff00->025aa6 sleep=0 local26=0100 ffe180=ff00->025aa6 sleep=0 local26=0100 ffe1c0=ff00->025aa6 sleep=0 local26=0100 ffe200=ff00->025aa6 sleep=0 local26=0100 ffe240=ff00->025aa6 sleep=0 local26=0100 ffe280=ff00->025aa6 sleep=0 local26=0100 ffe2c0=ff00->025aa6 sleep=0 local26=0100 ffe300=ff00->025aa6 sleep=0 local26=0100 ffe340=ff00->025aa6 sleep=0 local26=0100 ffe380=ff00->025aa6 sleep=0 local26=0100 ffe3c0=ff00->025aa6 sleep=0 local26=0100 ffe400=ff00->025aa6 sleep=0 local26=0100 ffe440=ff00->025aa6 sleep=0 local26=0100 ffe480=ff00->025aa6 sleep=0 local26=0100 ffe4c0=ff00->025aa6 sleep=0 local26=0100 ffe500=ff00->025aa6 sleep=0 local26=0100 ffe540=ff00->025aa6 sleep=0 local26=0100 ffe580=ff00->025aa6 sleep=0 local26=0100 ffe5c0=ff00->025aa6 sleep=0 local26=0100 ffe600=ff00->025aa6 sleep=0 local26=0100 ffe640=ff00->025aa6 sleep=0 local26=0100 ffe680=ff00->025aa6 sleep=0 local26=0100 ffe6c0=ff00->025aa6 sleep=0 local26=0100 ffe700=ff00->025aa6 sleep=0 local26=0100 ffe740=ff00->025aa6 sleep=0 local26=0100 ffe780=ff00->025aa6 sleep=0 local26=0100 ffe7c0=ff00->025aa6 sleep=0 local26=0100 ffe800=ff00->025aa6 sleep=0 local26=0100 ffe840=ff00->025aa6 sleep=0 local26=0100 ffe940=ff00->025aa6 sleep=0 local26=0100
[  35.415]   [header-byte] write $ffa517 = 54 mask=00ff (pc=018446)
[  35.917]   [header-byte] write $ffa517 = 54 mask=00ff (pc=018446)
[  36.046] heartbeat frame=2160 tx=2263 rx=2356 fc=1 fd=10 fe=1 linkflag=82 pc=00028a a502=00 a524=0000 a525=00 a170=09 a17f=00 txtail=00d7 rxpend=0000
[  36.046] [transport] captured=2263 flushed=2263 received=2356 accepted=494 payload2=437 payload3=0 payload4=0 payload5=0 pump_reads=2612 bursts=475 txcredit=0 outq=0 inq=0 watchdog=7 txseq=db rxseq=ee rxcredit=0 protection=00 checks=0000
[  36.046] [epochs] local=1 peer=1 ready=true discarded_rx=0
[  36.046] [tcb-continuations] ffa580=ff80->018392 sleep=0 local26=7710 ffa5c0=ff80->01853c sleep=0 local26=1300 ffd100=ff80->018fcc sleep=0 local26=0000 ffd140=ff80->025f34 sleep=6 local26=0012 ffd180=ff80->02558e sleep=0 local26=0000 ffd1c0=ff80->018fcc sleep=0 local26=0000 ffe080=ff00->025aa6 sleep=0 local26=0100 ffe100=ff00->025aa6 sleep=0 local26=0100 ffe1c0=ff00->025aa6 sleep=0 local26=0100 ffe280=ff00->025aa6 sleep=0 local26=0100 ffe2c0=ff00->025aa6 sleep=0 local26=0100 ffe6c0=ff00->025aa6 sleep=0 local26=0100 ffe780=ff00->025aa6 sleep=0 local26=0100
[  36.416]   [header-byte] write $ffa517 = 54 mask=00ff (pc=018446)
[  36.917]   [header-byte] write $ffa517 = 54 mask=00ff (pc=018446)
[  37.048] heartbeat frame=2220 tx=2269 rx=2362 fc=1 fd=10 fe=1 linkflag=82 pc=000288 a502=00 a524=0000 a525=00 a170=09 a17f=00 txtail=00dd rxpend=0000
[  37.048] [transport] captured=2269 flushed=2269 received=2362 accepted=496 payload2=437 payload3=0 payload4=0 payload5=0 pump_reads=2674 bursts=477 txcredit=0 outq=0 inq=0 watchdog=7 txseq=dd rxseq=f0 rxcredit=0 protection=00 checks=0000
[  37.048] [epochs] local=1 peer=1 ready=true discarded_rx=0
[  37.048] [tcb-continuations] ffa580=ff80->018392 sleep=0 local26=7710 ffa5c0=ff80->01853c sleep=0 local26=1300 ffd100=ff80->018fcc sleep=0 local26=0000 ffd140=ff80->025f5e sleep=0 local26=0004 ffd180=ff80->02558e sleep=0 local26=0000 ffd1c0=ff80->018fcc sleep=0 local26=0000 ffd200=ff80->0255fc sleep=0 local26=0000 ffd240=ff80->0255fc sleep=0 local26=0014 ffd280=ff80->0255fc sleep=0 local26=0000 ffd2c0=ff80->0255fc sleep=0 local26=0014
[  37.417]   [header-byte] write $ffa517 = 54 mask=00ff (pc=018446)
[  37.919]   [header-byte] write $ffa517 = 54 mask=00ff (pc=018446)
[  38.049] heartbeat frame=2280 tx=2275 rx=2368 fc=1 fd=10 fe=1 linkflag=82 pc=00028a a502=00 a524=0000 a525=00 a170=09 a17f=00 txtail=00e3 rxpend=0000
[  38.049] [transport] captured=2275 flushed=2275 received=2368 accepted=498 payload2=437 payload3=0 payload4=0 payload5=0 pump_reads=2736 bursts=479 txcredit=0 outq=0 inq=0 watchdog=7 txseq=df rxseq=f2 rxcredit=0 protection=00 checks=0000
[  38.049] [epochs] local=1 peer=1 ready=true discarded_rx=0
[  38.049] [tcb-continuations] ffa580=ff80->018392 sleep=0 local26=7710 ffa5c0=ff80->01853c sleep=0 local26=1300 ffd100=ff80->018fcc sleep=0 local26=0000 ffd140=ff80->025f5e sleep=0 local26=0002 ffd180=ff80->02558e sleep=0 local26=0000 ffd1c0=ff80->018fcc sleep=0 local26=0000 ffd200=ff80->025658 sleep=0 local26=0000 ffd240=ff80->02561c sleep=0 local26=0014 ffd280=ff80->025658 sleep=0 local26=0000 ffd2c0=ff80->025634 sleep=0 local26=0014
[  38.419]   [header-byte] write $ffa517 = 54 mask=00ff (pc=018446)
[  38.919]   [header-byte] write $ffa517 = 54 mask=00ff (pc=018446)
[  39.050] heartbeat frame=2340 tx=2281 rx=2374 fc=1 fd=10 fe=1 linkflag=82 pc=000288 a502=00 a524=0000 a525=00 a170=09 a17f=00 txtail=00e9 rxpend=0000
[  39.050] [transport] captured=2281 flushed=2281 received=2374 accepted=500 payload2=437 payload3=0 payload4=0 payload5=0 pump_reads=2798 bursts=481 txcredit=0 outq=0 inq=0 watchdog=7 txseq=e1 rxseq=f4 rxcredit=0 protection=00 checks=0000
[  39.050] [epochs] local=1 peer=1 ready=true discarded_rx=0
[  39.050] [tcb-continuations] ffa580=ff80->018392 sleep=0 local26=7710 ffa5c0=ff80->01853c sleep=0 local26=1300 ffd100=ff80->018fcc sleep=0 local26=0000 ffd140=ff80->026070 sleep=0 local26=0000 ffd180=ff80->02558e sleep=0 local26=0000 ffd1c0=ff80->018fcc sleep=0 local26=0000 ffd200=ff80->025658 sleep=0 local26=0000 ffd240=ff80->025658 sleep=0 local26=0014 ffd280=ff80->025658 sleep=0 local26=0000 ffd2c0=ff80->025658 sleep=0 local26=0014 ffd300=ff80->02567c sleep=0 local26=0160 ffd340=ff80->0256a4 sleep=0 local26=00b8 ffd380=ff80->0256a4 sleep=0 local26=00b8 ffd3c0=ff80->0256a4 sleep=0 local26=00a0 ffd400=ff80->026188 sleep=0 local26=0000
[  39.403]   [header-byte] write $ffa517 = 54 mask=00ff (pc=018446)
[  39.939]   [header-byte] write $ffa517 = 54 mask=00ff (pc=018446)
[  40.052] heartbeat frame=2400 tx=2287 rx=2380 fc=1 fd=10 fe=1 linkflag=82 pc=00028a a502=00 a524=0000 a525=00 a170=09 a17f=00 txtail=00ef rxpend=0000
[  40.052] [transport] captured=2287 flushed=2287 received=2380 accepted=502 payload2=437 payload3=0 payload4=0 payload5=0 pump_reads=2860 bursts=483 txcredit=0 outq=0 inq=0 watchdog=6 txseq=e3 rxseq=f6 rxcredit=0 protection=00 checks=0000
[  40.052] [epochs] local=1 peer=1 ready=true discarded_rx=0
[  40.052] [tcb-continuations] ffa580=ff80->018392 sleep=0 local26=7710 ffa5c0=ff80->01853c sleep=0 local26=1300 ffd100=ff80->018fcc sleep=0 local26=0000 ffd140=ff80->0260b6 sleep=21 local26=0000 ffd180=ff80->02558e sleep=0 local26=0000 ffd1c0=ff80->018fcc sleep=0 local26=0000 ffd200=ff80->025658 sleep=0 local26=0000 ffd240=ff80->025658 sleep=0 local26=0014 ffd280=ff80->025658 sleep=0 local26=0000 ffd2c0=ff80->025658 sleep=0 local26=0014 ffd300=ff80->02567c sleep=0 local26=0160 ffd340=ff80->0256a4 sleep=0 local26=00b8 ffd380=ff80->0256a4 sleep=0 local26=00b8 ffd3c0=ff80->0256a4 sleep=0 local26=00a0 ffd400=ff80->026188 sleep=0 local26=0000 ffd440=ff80->02585c sleep=0 local26=0000
[  40.388]   [header-byte] write $ffa517 = 54 mask=00ff (pc=018446)
[  40.872]   [header-byte] write $ffa517 = 54 mask=00ff (pc=018446)
[  41.053] heartbeat frame=2460 tx=2293 rx=2386 fc=1 fd=10 fe=1 linkflag=82 pc=00028a a502=00 a524=0000 a525=00 a170=09 a17f=00 txtail=00f5 rxpend=0000
[  41.053] [transport] captured=2293 flushed=2293 received=2386 accepted=504 payload2=437 payload3=0 payload4=0 payload5=0 pump_reads=2922 bursts=485 txcredit=0 outq=0 inq=0 watchdog=10 txseq=e5 rxseq=f8 rxcredit=0 protection=00 checks=0000
[  41.053] [epochs] local=1 peer=1 ready=true discarded_rx=0
[  41.053] [tcb-continuations] ffa580=ff80->018392 sleep=0 local26=7710 ffa5c0=ff80->01853c sleep=0 local26=1300 ffd100=ff80->018fcc sleep=0 local26=0000 ffd140=ff80->026116 sleep=240 local26=0000 ffd180=ff80->02558e sleep=0 local26=0000 ffd1c0=ff80->018fcc sleep=0 local26=0000 ffd200=ff80->025658 sleep=0 local26=0000 ffd240=ff80->025658 sleep=0 local26=0014 ffd280=ff80->025658 sleep=0 local26=0000 ffd2c0=ff80->025658 sleep=0 local26=0014 ffd300=ff80->02567c sleep=0 local26=0160 ffd340=ff80->0256a4 sleep=0 local26=00b8 ffd380=ff80->0256a4 sleep=0 local26=00b8 ffd3c0=ff80->0256a4 sleep=0 local26=00a0 ffd400=ff80->026188 sleep=0 local26=0000
[  41.373]   [header-byte] write $ffa517 = 54 mask=00ff (pc=018446)
[  41.873]   [header-byte] write $ffa517 = 54 mask=00ff (pc=018446)
[  42.054] heartbeat frame=2520 tx=2299 rx=2392 fc=1 fd=10 fe=1 linkflag=82 pc=000288 a502=00 a524=0000 a525=00 a170=09 a17f=00 txtail=00fb rxpend=0000
[  42.054] [transport] captured=2299 flushed=2299 received=2392 accepted=506 payload2=437 payload3=0 payload4=0 payload5=0 pump_reads=2984 bursts=487 txcredit=0 outq=0 inq=0 watchdog=10 txseq=e7 rxseq=fa rxcredit=0 protection=00 checks=0000
[  42.054] [epochs] local=1 peer=1 ready=true discarded_rx=0
[  42.054] [tcb-continuations] ffa580=ff80->018392 sleep=0 local26=7710 ffa5c0=ff80->01853c sleep=0 local26=1300 ffd100=ff80->018fcc sleep=0 local26=0000 ffd140=ff80->026116 sleep=180 local26=0000 ffd180=ff80->02558e sleep=0 local26=0000 ffd1c0=ff80->018fcc sleep=0 local26=0000 ffd200=ff80->025658 sleep=0 local26=0000 ffd240=ff80->025658 sleep=0 local26=0014 ffd280=ff80->025658 sleep=0 local26=0000 ffd2c0=ff80->025658 sleep=0 local26=0014 ffd300=ff80->02567c sleep=0 local26=0160 ffd340=ff80->0256a4 sleep=0 local26=00b8 ffd380=ff80->0256a4 sleep=0 local26=00b8 ffd3c0=ff80->0256a4 sleep=0 local26=00a0 ffd400=ff80->026188 sleep=0 local26=0000
[  42.357]   [header-byte] write $ffa517 = 54 mask=00ff (pc=018446)
[  42.858]   [header-byte] write $ffa517 = 54 mask=00ff (pc=018446)
[  43.055] heartbeat frame=2580 tx=2305 rx=2398 fc=1 fd=10 fe=1 linkflag=82 pc=000288 a502=00 a524=0000 a525=00 a170=09 a17f=00 txtail=0001 rxpend=0000
[  43.055] [transport] captured=2305 flushed=2305 received=2398 accepted=508 payload2=437 payload3=0 payload4=0 payload5=0 pump_reads=3046 bursts=489 txcredit=0 outq=0 inq=0 watchdog=11 txseq=e9 rxseq=fc rxcredit=0 protection=00 checks=0000
[  43.055] [epochs] local=1 peer=1 ready=true discarded_rx=0
[  43.055] [tcb-continuations] ffa580=ff80->018392 sleep=0 local26=7710 ffa5c0=ff80->01853c sleep=0 local26=1300 ffd100=ff80->018fcc sleep=0 local26=0000 ffd140=ff80->026116 sleep=120 local26=0000 ffd180=ff80->02558e sleep=0 local26=0000 ffd1c0=ff80->018fcc sleep=0 local26=0000 ffd200=ff80->025658 sleep=0 local26=0000 ffd240=ff80->025658 sleep=0 local26=0014 ffd280=ff80->025658 sleep=0 local26=0000 ffd2c0=ff80->025658 sleep=0 local26=0014 ffd300=ff80->02567c sleep=0 local26=0160 ffd340=ff80->0256a4 sleep=0 local26=00b8 ffd380=ff80->0256a4 sleep=0 local26=00b8 ffd3c0=ff80->0256a4 sleep=0 local26=00a0 ffd400=ff80->026188 sleep=0 local26=0000
[  43.358]   [header-byte] write $ffa517 = 54 mask=00ff (pc=018446)
[  43.826]   [header-byte] write $ffa517 = 54 mask=00ff (pc=018446)
[  44.057] heartbeat frame=2640 tx=2311 rx=2404 fc=1 fd=10 fe=1 linkflag=82 pc=000288 a502=00 a524=0000 a525=00 a170=09 a17f=00 txtail=0007 rxpend=0000
[  44.057] [transport] captured=2311 flushed=2311 received=2404 accepted=510 payload2=437 payload3=0 payload4=0 payload5=0 pump_reads=3108 bursts=491 txcredit=0 outq=0 inq=0 watchdog=13 txseq=eb rxseq=fe rxcredit=0 protection=00 checks=0000
[  44.057] [epochs] local=1 peer=1 ready=true discarded_rx=0
[  44.057] [tcb-continuations] ffa580=ff80->018392 sleep=0 local26=7710 ffa5c0=ff80->01853c sleep=0 local26=1300 ffd100=ff80->018fcc sleep=0 local26=0000 ffd140=ff80->026116 sleep=60 local26=0000 ffd180=ff80->02558e sleep=0 local26=0000 ffd1c0=ff80->018fcc sleep=0 local26=0000 ffd200=ff80->025658 sleep=0 local26=0000 ffd240=ff80->025658 sleep=0 local26=0014 ffd280=ff80->025658 sleep=0 local26=0000 ffd2c0=ff80->025658 sleep=0 local26=0014 ffd300=ff80->02567c sleep=0 local26=0160 ffd340=ff80->0256a4 sleep=0 local26=00b8 ffd380=ff80->0256a4 sleep=0 local26=00b8 ffd3c0=ff80->0256a4 sleep=0 local26=00a0 ffd400=ff80->026188 sleep=0 local26=0000
[  44.310]   [header-byte] write $ffa517 = 54 mask=00ff (pc=018446)
[  44.811]   [header-byte] write $ffa517 = 54 mask=00ff (pc=018446)
[  45.058] heartbeat frame=2700 tx=2317 rx=2410 fc=1 fd=10 fe=1 linkflag=82 pc=000288 a502=00 a524=0000 a525=00 a170=09 a17f=00 txtail=000d rxpend=0000
[  45.058] [transport] captured=2317 flushed=2317 received=2410 accepted=512 payload2=437 payload3=0 payload4=0 payload5=0 pump_reads=3170 bursts=493 txcredit=0 outq=0 inq=0 watchdog=14 txseq=ed rxseq=00 rxcredit=0 protection=00 checks=0000
[  45.058] [epochs] local=1 peer=1 ready=true discarded_rx=0
[  45.058] [tcb-continuations] ffa580=ff80->018392 sleep=0 local26=7710 ffa5c0=ff80->01853c sleep=0 local26=1300 ffd100=ff80->018fcc sleep=0 local26=0000 ffd140=ff80->02611c sleep=0 local26=0000 ffd180=ff80->02558e sleep=0 local26=0000 ffd1c0=ff80->018fcc sleep=0 local26=0000 ffd200=ff80->025658 sleep=0 local26=0000 ffd240=ff80->025658 sleep=0 local26=0014 ffd280=ff80->025658 sleep=0 local26=0000 ffd2c0=ff80->025658 sleep=0 local26=0014 ffd300=ff80->02567c sleep=0 local26=0160 ffd340=ff80->0256a4 sleep=0 local26=00b8 ffd380=ff80->0256a4 sleep=0 local26=00b8 ffd3c0=ff80->0256a4 sleep=0 local26=00a0 ffd400=ff80->026188 sleep=0 local26=0000
[  45.332]   [header-byte] write $ffa517 = 54 mask=00ff (pc=018446)
[  45.815]   [header-byte] write $ffa517 = 54 mask=00ff (pc=018446)
[  46.059] heartbeat frame=2760 tx=2323 rx=2416 fc=1 fd=10 fe=1 linkflag=82 pc=000288 a502=00 a524=0000 a525=00 a170=09 a17f=00 txtail=0013 rxpend=0000
[  46.059] [transport] captured=2323 flushed=2323 received=2416 accepted=514 payload2=437 payload3=0 payload4=0 payload5=0 pump_reads=3232 bursts=495 txcredit=0 outq=0 inq=0 watchdog=14 txseq=ef rxseq=02 rxcredit=0 protection=00 checks=0000
[  46.059] [epochs] local=1 peer=1 ready=true discarded_rx=0
[  46.059] [game-state] a142=04 a13e=00 a13f=00 a530=4322 a506=03 a507=00 a508=01 a7b0=7822 a7a6=7322 script=01f83a mode=00 rule=01 base=70 margin=6 difficulty=0 preset=0
[  46.059] [tcb-continuations] ffa580=ff80->018392 sleep=0 local26=7710 ffa5c0=ff80->01853c sleep=0 local26=0b00 ffd100=ff80->018fcc sleep=0 local26=0000 ffd140=ff80->020328 sleep=0 local26=0000 ffd180=ff80->02558e sleep=0 local26=0000 ffd1c0=ff80->0170f4 sleep=0 local26=011d ffd200=ff80->0201a0 sleep=0 local26=0002 ffd240=ff80->017456 sleep=0 local26=0000
[  46.312]   [header-byte] write $ffa517 = 54 mask=00ff (pc=018446)
[  46.813]   [header-byte] write $ffa517 = 54 mask=00ff (pc=018446)
[  47.061] heartbeat frame=2820 tx=2329 rx=2422 fc=1 fd=10 fe=1 linkflag=82 pc=00028a a502=00 a524=0000 a525=00 a170=09 a17f=00 txtail=0019 rxpend=0000
[  47.061] [transport] captured=2329 flushed=2329 received=2422 accepted=516 payload2=437 payload3=0 payload4=0 payload5=0 pump_reads=3294 bursts=497 txcredit=0 outq=0 inq=0 watchdog=14 txseq=f1 rxseq=04 rxcredit=0 protection=00 checks=0000
[  47.061] [epochs] local=1 peer=1 ready=true discarded_rx=0
[  47.061] [tcb-continuations] ffa580=ff80->018392 sleep=0 local26=7710 ffa5c0=ff80->01853c sleep=0 local26=0b00 ffd100=ff80->018fcc sleep=0 local26=0000 ffd140=ff80->020328 sleep=0 local26=0000 ffd180=ff80->02558e sleep=0 local26=0000 ffd1c0=ff80->0170f4 sleep=0 local26=00e1 ffd200=ff80->0201a0 sleep=0 local26=0002
[  47.330]   [header-byte] write $ffa517 = 54 mask=00ff (pc=018446)
[  47.831]   [header-byte] write $ffa517 = 54 mask=00ff (pc=018446)
[  48.062] heartbeat frame=2880 tx=2335 rx=2428 fc=1 fd=10 fe=1 linkflag=82 pc=00028a a502=00 a524=0000 a525=00 a170=09 a17f=00 txtail=001f rxpend=0000
[  48.062] [transport] captured=2335 flushed=2335 received=2428 accepted=518 payload2=437 payload3=0 payload4=0 payload5=0 pump_reads=3356 bursts=499 txcredit=0 outq=0 inq=0 watchdog=13 txseq=f3 rxseq=06 rxcredit=0 protection=00 checks=0000
[  48.062] [epochs] local=1 peer=1 ready=true discarded_rx=0
[  48.062] [tcb-continuations] ffa580=ff80->018392 sleep=0 local26=7710 ffa5c0=ff80->01853c sleep=0 local26=0b00 ffd100=ff80->018fcc sleep=0 local26=0000 ffd140=ff80->020328 sleep=0 local26=0000 ffd180=ff80->02558e sleep=0 local26=0000 ffd1c0=ff80->0170f4 sleep=0 local26=00a5 ffd200=ff80->0201a0 sleep=0 local26=0002
[  48.331]   [header-byte] write $ffa517 = 54 mask=00ff (pc=018446)
[  48.848]   [header-byte] write $ffa517 = 54 mask=00ff (pc=018446)
[  49.063] heartbeat frame=2940 tx=2341 rx=2434 fc=1 fd=10 fe=1 linkflag=82 pc=000288 a502=00 a524=0000 a525=00 a170=09 a17f=00 txtail=0025 rxpend=0000
[  49.063] [transport] captured=2341 flushed=2341 received=2434 accepted=520 payload2=437 payload3=0 payload4=0 payload5=0 pump_reads=3418 bursts=501 txcredit=0 outq=0 inq=0 watchdog=12 txseq=f5 rxseq=08 rxcredit=0 protection=00 checks=0000
[  49.063] [epochs] local=1 peer=1 ready=true discarded_rx=0
[  49.063] [tcb-continuations] ffa580=ff80->018392 sleep=0 local26=7710 ffa5c0=ff80->01853c sleep=0 local26=0b00 ffd100=ff80->018fcc sleep=0 local26=0000 ffd140=ff80->020328 sleep=0 local26=0000 ffd180=ff80->02558e sleep=0 local26=0000 ffd1c0=ff80->0170f4 sleep=0 local26=0069 ffd200=ff80->0201a0 sleep=0 local26=0002
[  49.349]   [header-byte] write $ffa517 = 54 mask=00ff (pc=018446)
[  49.900]   [header-byte] write $ffa517 = 54 mask=00ff (pc=018446)
[  50.064] heartbeat frame=3000 tx=2347 rx=2440 fc=1 fd=10 fe=1 linkflag=82 pc=00028a a502=00 a524=0000 a525=00 a170=09 a17f=00 txtail=002b rxpend=0000
[  50.064] [transport] captured=2347 flushed=2347 received=2440 accepted=522 payload2=437 payload3=0 payload4=0 payload5=0 pump_reads=3480 bursts=503 txcredit=0 outq=0 inq=0 watchdog=9 txseq=f7 rxseq=0a rxcredit=0 protection=00 checks=0000
[  50.064] [epochs] local=1 peer=1 ready=true discarded_rx=0
[  50.064] [tcb-continuations] ffa580=ff80->018392 sleep=0 local26=7710 ffa5c0=ff80->01853c sleep=0 local26=0b00 ffd100=ff80->018fcc sleep=0 local26=0000 ffd140=ff80->020328 sleep=0 local26=0000 ffd180=ff80->02558e sleep=0 local26=0000 ffd1c0=ff80->0170f4 sleep=0 local26=002d ffd200=ff80->0201a0 sleep=0 local26=0002
[  50.384]   [header-byte] write $ffa517 = 54 mask=00ff (pc=018446)
[  50.901]   [header-byte] write $ffa517 = 54 mask=00ff (pc=018446)
[  51.066] heartbeat frame=3060 tx=2353 rx=2446 fc=1 fd=10 fe=1 linkflag=82 pc=00028a a502=00 a524=0000 a525=00 a170=09 a17f=00 txtail=0031 rxpend=0000
[  51.066] [transport] captured=2353 flushed=2353 received=2446 accepted=524 payload2=437 payload3=0 payload4=0 payload5=0 pump_reads=3542 bursts=505 txcredit=0 outq=0 inq=0 watchdog=9 txseq=f9 rxseq=0c rxcredit=0 protection=00 checks=0000
[  51.066] [epochs] local=1 peer=1 ready=true discarded_rx=0
[  51.066] [tcb-continuations] ffa580=ff80->018392 sleep=0 local26=7710 ffa5c0=ff80->01853c sleep=0 local26=0b00 ffd100=ff80->018fcc sleep=0 local26=0000 ffd140=ff80->0203e6 sleep=0 local26=0000 ffd180=ff80->02558e sleep=0 local26=0000 ffd1c0=ff80->0170f4 sleep=0 local26=000b ffd200=ff80->0201a0 sleep=0 local26=0002
[  51.419]   [header-byte] write $ffa517 = 54 mask=00ff (pc=018446)
[  51.936]   [header-byte] write $ffa517 = 54 mask=00ff (pc=018446)
[  52.067] heartbeat frame=3120 tx=2359 rx=2452 fc=1 fd=10 fe=1 linkflag=82 pc=000288 a502=00 a524=0000 a525=00 a170=09 a17f=00 txtail=0037 rxpend=0000
[  52.067] [transport] captured=2359 flushed=2359 received=2452 accepted=526 payload2=437 payload3=0 payload4=0 payload5=0 pump_reads=3604 bursts=507 txcredit=0 outq=0 inq=0 watchdog=7 txseq=fb rxseq=0e rxcredit=0 protection=00 checks=0000
[  52.067] [epochs] local=1 peer=1 ready=true discarded_rx=0
[  52.067] [tcb-continuations] ffa580=ff80->018392 sleep=0 local26=7710 ffa5c0=ff80->01853c sleep=0 local26=0b00 ffd100=ff80->018fcc sleep=0 local26=0000 ffd140=ff80->0203e6 sleep=0 local26=0000 ffd180=ff80->02558e sleep=0 local26=0000 ffd1c0=ff80->0170f4 sleep=0 local26=00fd ffd200=ff80->0201a0 sleep=0 local26=0002
[  52.436]   [header-byte] write $ffa517 = 54 mask=00ff (pc=018446)
[  52.954]   [header-byte] write $ffa517 = 54 mask=00ff (pc=018446)
[  53.068] heartbeat frame=3180 tx=2365 rx=2458 fc=1 fd=10 fe=1 linkflag=82 pc=000288 a502=00 a524=0000 a525=00 a170=09 a17f=00 txtail=003d rxpend=0000
[  53.068] [transport] captured=2365 flushed=2365 received=2458 accepted=528 payload2=437 payload3=0 payload4=0 payload5=0 pump_reads=3666 bursts=509 txcredit=0 outq=0 inq=0 watchdog=6 txseq=fd rxseq=10 rxcredit=0 protection=00 checks=0000
[  53.068] [epochs] local=1 peer=1 ready=true discarded_rx=0
[  53.068] [tcb-continuations] ffa580=ff80->018392 sleep=0 local26=7710 ffa5c0=ff80->01853c sleep=0 local26=0b00 ffd100=ff80->018fcc sleep=0 local26=0000 ffd140=ff80->0203e6 sleep=0 local26=0000 ffd180=ff80->02558e sleep=0 local26=0000 ffd1c0=ff80->0170f4 sleep=0 local26=00c1 ffd200=ff80->0201a0 sleep=0 local26=0002
[  53.455]   [header-byte] write $ffa517 = 54 mask=00ff (pc=018446)
[  53.972]   [header-byte] write $ffa517 = 54 mask=00ff (pc=018446)
[  54.070] heartbeat frame=3240 tx=2371 rx=2464 fc=1 fd=10 fe=1 linkflag=82 pc=000288 a502=00 a524=0000 a525=00 a170=09 a17f=00 txtail=0043 rxpend=0000
[  54.070] [transport] captured=2371 flushed=2371 received=2464 accepted=530 payload2=437 payload3=0 payload4=0 payload5=0 pump_reads=3728 bursts=511 txcredit=0 outq=0 inq=0 watchdog=5 txseq=ff rxseq=12 rxcredit=0 protection=00 checks=0000
[  54.070] [epochs] local=1 peer=1 ready=true discarded_rx=0
[  54.070] [tcb-continuations] ffa580=ff80->018392 sleep=0 local26=7710 ffa5c0=ff80->01853c sleep=0 local26=0b00 ffd100=ff80->018fcc sleep=0 local26=0000 ffd140=ff80->0203e6 sleep=0 local26=0000 ffd180=ff80->02558e sleep=0 local26=0000 ffd1c0=ff80->0170f4 sleep=0 local26=0085 ffd200=ff80->0201a0 sleep=0 local26=0002
[  54.473]   [header-byte] write $ffa517 = 54 mask=00ff (pc=018446)
[  54.973]   [header-byte] write $ffa517 = 54 mask=00ff (pc=018446)
[  55.071] heartbeat frame=3300 tx=2377 rx=2470 fc=1 fd=10 fe=1 linkflag=82 pc=000288 a502=00 a524=0000 a525=00 a170=09 a17f=00 txtail=0049 rxpend=0000
[  55.071] [transport] captured=2377 flushed=2377 received=2470 accepted=532 payload2=437 payload3=0 payload4=0 payload5=0 pump_reads=3790 bursts=513 txcredit=0 outq=0 inq=0 watchdog=5 txseq=01 rxseq=14 rxcredit=0 protection=00 checks=0000
[  55.071] [epochs] local=1 peer=1 ready=true discarded_rx=0
[  55.071] [tcb-continuations] ffa580=ff80->018392 sleep=0 local26=7710 ffa5c0=ff80->01853c sleep=0 local26=0b00 ffd100=ff80->018fcc sleep=0 local26=0000 ffd140=ff80->0203e6 sleep=0 local26=0000 ffd180=ff80->02558e sleep=0 local26=0000 ffd1c0=ff80->0170f4 sleep=0 local26=0049 ffd200=ff80->0201a0 sleep=0 local26=0002
[  55.493]   [header-byte] write $ffa517 = 54 mask=00ff (pc=018446)
[  56.008]   [header-byte] write $ffa517 = 54 mask=00ff (pc=018446)
[  56.072] heartbeat frame=3360 tx=2383 rx=2476 fc=1 fd=10 fe=1 linkflag=82 pc=00028a a502=00 a524=0000 a525=00 a170=09 a17f=00 txtail=004f rxpend=0000
[  56.072] [transport] captured=2383 flushed=2383 received=2476 accepted=534 payload2=437 payload3=0 payload4=0 payload5=0 pump_reads=3852 bursts=515 txcredit=0 outq=0 inq=0 watchdog=3 txseq=03 rxseq=16 rxcredit=0 protection=00 checks=0000
[  56.072] [epochs] local=1 peer=1 ready=true discarded_rx=0
[  56.072] [tcb-continuations] ffa580=ff80->018392 sleep=0 local26=7710 ffa5c0=ff80->01853c sleep=0 local26=0b00 ffd100=ff80->018fcc sleep=0 local26=0000 ffd140=ff80->0203e6 sleep=0 local26=0000 ffd180=ff80->02558e sleep=0 local26=0000 ffd1c0=ff80->0170f4 sleep=0 local26=000d ffd200=ff80->0201a0 sleep=0 local26=0002
[  56.525]   [header-byte] write $ffa517 = 54 mask=00ff (pc=018446)
[  57.043]   [header-byte] write $ffa517 = 54 mask=00ff (pc=018446)
[  57.073] heartbeat frame=3420 tx=2389 rx=2482 fc=1 fd=10 fe=1 linkflag=82 pc=00028a a502=00 a524=0000 a525=00 a170=09 a17f=00 txtail=0055 rxpend=0000
[  57.073] [transport] captured=2389 flushed=2389 received=2482 accepted=536 payload2=437 payload3=0 payload4=0 payload5=0 pump_reads=3914 bursts=517 txcredit=0 outq=0 inq=0 watchdog=1 txseq=05 rxseq=18 rxcredit=0 protection=00 checks=0000
[  57.073] [epochs] local=1 peer=1 ready=true discarded_rx=0
[  57.073] [tcb-continuations] ffa580=ff80->018392 sleep=0 local26=7710 ffa5c0=ff80->01853c sleep=0 local26=0b00 ffd100=ff80->018fcc sleep=0 local26=0000 ffd140=ff80->02042e sleep=77 local26=0000 ffd180=ff80->02558e sleep=0 local26=0000 ffd1c0=ff80->0170f4 sleep=0 local26=0119 ffd200=ff80->017456 sleep=0 local26=0001
[  57.544]   [header-byte] write $ffa517 = 54 mask=00ff (pc=018446)
[  58.061]   [header-byte] write $ffa517 = 54 mask=00ff (pc=018446)
[  58.075] heartbeat frame=3480 tx=2395 rx=2488 fc=1 fd=10 fe=1 linkflag=82 pc=00028a a502=00 a524=0000 a525=00 a170=09 a17f=00 txtail=005b rxpend=0000
[  58.075] [transport] captured=2395 flushed=2395 received=2488 accepted=538 payload2=437 payload3=0 payload4=0 payload5=0 pump_reads=3976 bursts=519 txcredit=0 outq=0 inq=0 watchdog=0 txseq=07 rxseq=1a rxcredit=0 protection=00 checks=0000
[  58.075] [epochs] local=1 peer=1 ready=true discarded_rx=0
[  58.075] [tcb-continuations] ffa580=ff80->018392 sleep=0 local26=7710 ffa5c0=ff80->01853c sleep=0 local26=0b00 ffd100=ff80->018fcc sleep=0 local26=0000 ffd140=ff80->02042e sleep=17 local26=0000 ffd180=ff80->02558e sleep=0 local26=0000 ffd1c0=ff80->0170f4 sleep=0 local26=00dd
[  58.561]   [header-byte] write $ffa517 = 54 mask=00ff (pc=018446)
[  59.076] heartbeat frame=3540 tx=2401 rx=2491 fc=1 fd=10 fe=1 linkflag=82 pc=00028a a502=00 a524=0000 a525=00 a170=09 a17f=00 txtail=0061 rxpend=0000
[  59.076] [transport] captured=2401 flushed=2401 received=2491 accepted=539 payload2=437 payload3=0 payload4=0 payload5=0 pump_reads=4037 bursts=521 txcredit=0 outq=0 inq=0 watchdog=30 txseq=09 rxseq=1b rxcredit=3 protection=00 checks=0000
[  59.076] [epochs] local=1 peer=1 ready=true discarded_rx=0
[  59.076] [tcb-continuations] ffa580=ff80->018392 sleep=0 local26=7710 ffa5c0=ff80->01853c sleep=0 local26=0b00 ffd100=ff80->018fcc sleep=0 local26=0000 ffd140=ff80->020466 sleep=0 local26=0000 ffd180=ff80->02558e sleep=0 local26=0000 ffd1c0=ff80->0170f4 sleep=0 local26=00a1
[  59.079]   [header-byte] write $ffa517 = 54 mask=00ff (pc=018446)
[  59.079] [packet-accepted] total=540 seq=1b flags=00 status=54 pc=01845e
[  59.579]   [header-byte] write $ffa517 = 54 mask=00ff (pc=018446)
[  60.077] heartbeat frame=3600 tx=2407 rx=2497 fc=1 fd=10 fe=1 linkflag=82 pc=000288 a502=00 a524=0000 a525=00 a170=09 a17f=00 txtail=0067 rxpend=0000
[  60.077] [transport] captured=2407 flushed=2407 received=2497 accepted=541 payload2=437 payload3=0 payload4=0 payload5=0 pump_reads=4099 bursts=523 txcredit=0 outq=0 inq=0 watchdog=29 txseq=0b rxseq=1d rxcredit=0 protection=00 checks=0000
[  60.077] [epochs] local=1 peer=1 ready=true discarded_rx=0
[  60.077] [tcb-continuations] ffa580=ff80->018392 sleep=0 local26=7710 ffa5c0=ff80->01853c sleep=0 local26=0b00 ffd100=ff80->018fcc sleep=0 local26=0000 ffd140=ff80->020466 sleep=0 local26=0000 ffd180=ff80->02558e sleep=0 local26=0000 ffd1c0=ff80->0170f4 sleep=0 local26=0065
[  60.113]   [header-byte] write $ffa517 = 54 mask=00ff (pc=018446)
[  60.614]   [header-byte] write $ffa517 = 54 mask=00ff (pc=018446)
[  61.079] heartbeat frame=3660 tx=2413 rx=2503 fc=1 fd=10 fe=1 linkflag=82 pc=00028a a502=00 a524=0000 a525=00 a170=09 a17f=00 txtail=006d rxpend=0000
[  61.079] [transport] captured=2413 flushed=2413 received=2503 accepted=543 payload2=437 payload3=0 payload4=0 payload5=0 pump_reads=4161 bursts=525 txcredit=0 outq=0 inq=0 watchdog=27 txseq=0d rxseq=1f rxcredit=0 protection=00 checks=0000
[  61.079] [epochs] local=1 peer=1 ready=true discarded_rx=0
[  61.079] [tcb-continuations] ffa580=ff80->018392 sleep=0 local26=7710 ffa5c0=ff80->01853c sleep=0 local26=0b00 ffd100=ff80->018fcc sleep=0 local26=0000 ffd140=ff80->020466 sleep=0 local26=0000 ffd180=ff80->02558e sleep=0 local26=0000 ffd1c0=ff80->0170f4 sleep=0 local26=0029
[  61.114]   [header-byte] write $ffa517 = 54 mask=00ff (pc=018446)
[  61.632]   [header-byte] write $ffa517 = 54 mask=00ff (pc=018446)
[  62.080] heartbeat frame=3720 tx=2419 rx=2509 fc=1 fd=10 fe=1 linkflag=82 pc=00028a a502=00 a524=0000 a525=00 a170=09 a17f=00 txtail=0073 rxpend=0000
[  62.080] [transport] captured=2419 flushed=2419 received=2509 accepted=545 payload2=437 payload3=0 payload4=0 payload5=0 pump_reads=4223 bursts=527 txcredit=0 outq=0 inq=0 watchdog=26 txseq=0f rxseq=21 rxcredit=0 protection=00 checks=0000
[  62.080] [epochs] local=1 peer=1 ready=true discarded_rx=0
[  62.080] [tcb-continuations] ffa580=ff80->018392 sleep=0 local26=7710 ffa5c0=ff80->01853c sleep=0 local26=0b00 ffd100=ff80->018fcc sleep=0 local26=0000 ffd140=ff80->0204de sleep=0 local26=0000 ffd180=ff80->02558e sleep=0 local26=0000 ffd1c0=ff80->0170f4 sleep=0 local26=0007 ffd200=ff80->0201a0 sleep=0 local26=0002
[  62.137]   [header-byte] write $ffa517 = 54 mask=00ff (pc=018446)
[  62.650]   [header-byte] write $ffa517 = 54 mask=00ff (pc=018446)
[  63.081] heartbeat frame=3780 tx=2425 rx=2515 fc=1 fd=10 fe=1 linkflag=82 pc=000288 a502=00 a524=0000 a525=00 a170=09 a17f=00 txtail=0079 rxpend=0000
[  63.081] [transport] captured=2425 flushed=2425 received=2515 accepted=547 payload2=437 payload3=0 payload4=0 payload5=0 pump_reads=4285 bursts=529 txcredit=0 outq=0 inq=0 watchdog=25 txseq=11 rxseq=23 rxcredit=0 protection=00 checks=0000
[  63.081] [epochs] local=1 peer=1 ready=true discarded_rx=0
[  63.081] [tcb-continuations] ffa580=ff80->018392 sleep=0 local26=7710 ffa5c0=ff80->01853c sleep=0 local26=0b00 ffd100=ff80->018fcc sleep=0 local26=0000 ffd140=ff80->0204de sleep=0 local26=0000 ffd180=ff80->02558e sleep=0 local26=0000 ffd1c0=ff80->0170f4 sleep=0 local26=00f9 ffd200=ff80->0201a0 sleep=0 local26=0002
[  63.150]   [header-byte] write $ffa517 = 54 mask=00ff (pc=018446)
[  63.668]   [header-byte] write $ffa517 = 54 mask=00ff (pc=018446)
[  64.083] heartbeat frame=3840 tx=2431 rx=2521 fc=1 fd=10 fe=1 linkflag=82 pc=00028a a502=00 a524=0000 a525=00 a170=09 a17f=00 txtail=007f rxpend=0000
[  64.083] [transport] captured=2431 flushed=2431 received=2521 accepted=549 payload2=437 payload3=0 payload4=0 payload5=0 pump_reads=4347 bursts=531 txcredit=0 outq=0 inq=0 watchdog=24 txseq=13 rxseq=25 rxcredit=0 protection=00 checks=0000
[  64.083] [epochs] local=1 peer=1 ready=true discarded_rx=0
[  64.083] [tcb-continuations] ffa580=ff80->018392 sleep=0 local26=7710 ffa5c0=ff80->01853c sleep=0 local26=0b00 ffd100=ff80->018fcc sleep=0 local26=0000 ffd140=ff80->0204de sleep=0 local26=0000 ffd180=ff80->02558e sleep=0 local26=0000 ffd1c0=ff80->0170f4 sleep=0 local26=00bd ffd200=ff80->0201a0 sleep=0 local26=0002
[  64.169]   [header-byte] write $ffa517 = 54 mask=00ff (pc=018446)
[  64.653]   [header-byte] write $ffa517 = 54 mask=00ff (pc=018446)
[  65.084] heartbeat frame=3900 tx=2437 rx=2527 fc=1 fd=10 fe=1 linkflag=82 pc=000288 a502=00 a524=0000 a525=00 a170=09 a17f=00 txtail=0085 rxpend=0000
[  65.084] [transport] captured=2437 flushed=2437 received=2527 accepted=551 payload2=437 payload3=0 payload4=0 payload5=0 pump_reads=4409 bursts=533 txcredit=0 outq=0 inq=0 watchdog=25 txseq=15 rxseq=27 rxcredit=0 protection=00 checks=0000
[  65.084] [epochs] local=1 peer=1 ready=true discarded_rx=0
[  65.084] [tcb-continuations] ffa580=ff80->018392 sleep=0 local26=7710 ffa5c0=ff80->01853c sleep=0 local26=0b00 ffd100=ff80->018fcc sleep=0 local26=0000 ffd140=ff80->0204de sleep=0 local26=0000 ffd180=ff80->02558e sleep=0 local26=0000 ffd1c0=ff80->0170f4 sleep=0 local26=0081 ffd200=ff80->0201a0 sleep=0 local26=0002
[  65.169]   [header-byte] write $ffa517 = 54 mask=00ff (pc=018446)
[  65.687]   [header-byte] write $ffa517 = 54 mask=00ff (pc=018446)
[  66.085] heartbeat frame=3960 tx=2443 rx=2533 fc=1 fd=10 fe=1 linkflag=82 pc=000288 a502=00 a524=0000 a525=00 a170=09 a17f=00 txtail=008b rxpend=0000
[  66.085] [transport] captured=2443 flushed=2443 received=2533 accepted=553 payload2=437 payload3=0 payload4=0 payload5=0 pump_reads=4471 bursts=535 txcredit=0 outq=0 inq=0 watchdog=23 txseq=17 rxseq=29 rxcredit=0 protection=00 checks=0000
[  66.085] [epochs] local=1 peer=1 ready=true discarded_rx=0
[  66.085] [tcb-continuations] ffa580=ff80->018392 sleep=0 local26=7710 ffa5c0=ff80->01853c sleep=0 local26=0b00 ffd100=ff80->018fcc sleep=0 local26=0000 ffd140=ff80->0204de sleep=0 local26=0000 ffd180=ff80->02558e sleep=0 local26=0000 ffd1c0=ff80->0170f4 sleep=0 local26=0045 ffd200=ff80->0201a0 sleep=0 local26=0002
[  66.204]   [header-byte] write $ffa517 = 54 mask=00ff (pc=018446)
[  66.722]   [header-byte] write $ffa517 = 54 mask=00ff (pc=018446)
[  67.086] heartbeat frame=4020 tx=2449 rx=2539 fc=1 fd=10 fe=1 linkflag=82 pc=00028a a502=00 a524=0000 a525=00 a170=09 a17f=00 txtail=0091 rxpend=0000
[  67.086] [transport] captured=2449 flushed=2449 received=2539 accepted=555 payload2=437 payload3=0 payload4=0 payload5=0 pump_reads=4533 bursts=537 txcredit=0 outq=0 inq=0 watchdog=21 txseq=19 rxseq=2b rxcredit=0 protection=00 checks=0000
[  67.086] [epochs] local=1 peer=1 ready=true discarded_rx=0
[  67.086] [tcb-continuations] ffa580=ff80->018392 sleep=0 local26=7710 ffa5c0=ff80->01853c sleep=0 local26=0b00 ffd100=ff80->018fcc sleep=0 local26=0000 ffd140=ff80->0204de sleep=0 local26=0000 ffd180=ff80->02558e sleep=0 local26=0000 ffd1c0=ff80->0170f4 sleep=0 local26=0009 ffd200=ff80->0201a0 sleep=0 local26=0002
[  67.222]   [header-byte] write $ffa517 = 54 mask=00ff (pc=018446)
[  67.740]   [header-byte] write $ffa517 = 54 mask=00ff (pc=018446)
[  68.088] heartbeat frame=4080 tx=2455 rx=2545 fc=1 fd=10 fe=1 linkflag=82 pc=00028a a502=00 a524=0000 a525=00 a170=09 a17f=00 txtail=0097 rxpend=0000
[  68.088] [transport] captured=2455 flushed=2455 received=2545 accepted=557 payload2=437 payload3=0 payload4=0 payload5=0 pump_reads=4595 bursts=539 txcredit=0 outq=0 inq=0 watchdog=20 txseq=1b rxseq=2d rxcredit=0 protection=00 checks=0000
[  68.088] [epochs] local=1 peer=1 ready=true discarded_rx=0
[  68.088] [tcb-continuations] ffa580=ff80->018392 sleep=0 local26=7710 ffa5c0=ff80->01853c sleep=0 local26=0b00 ffd100=ff80->018fcc sleep=0 local26=0000 ffd140=ff80->020562 sleep=0 local26=0000 ffd180=ff80->02558e sleep=0 local26=0000 ffd1c0=ff80->0170f4 sleep=0 local26=0115 ffd200=ff80->0201a0 sleep=0 local26=0002 ffd240=ff80->017456 sleep=0 local26=0001
[  68.241]   [header-byte] write $ffa517 = 54 mask=00ff (pc=018446)
[  68.758]   [header-byte] write $ffa517 = 54 mask=00ff (pc=018446)
[  69.089] heartbeat frame=4140 tx=2461 rx=2551 fc=1 fd=10 fe=1 linkflag=82 pc=00028a a502=00 a524=0000 a525=00 a170=09 a17f=00 txtail=009d rxpend=0000
[  69.089] [transport] captured=2461 flushed=2461 received=2551 accepted=559 payload2=437 payload3=0 payload4=0 payload5=0 pump_reads=4657 bursts=541 txcredit=0 outq=0 inq=0 watchdog=19 txseq=1d rxseq=2f rxcredit=0 protection=00 checks=0000
[  69.089] [epochs] local=1 peer=1 ready=true discarded_rx=0
[  69.089] [tcb-continuations] ffa580=ff80->018392 sleep=0 local26=7710 ffa5c0=ff80->01853c sleep=0 local26=0b00 ffd100=ff80->018fcc sleep=0 local26=0000 ffd140=ff80->020562 sleep=0 local26=0000 ffd180=ff80->02558e sleep=0 local26=0000 ffd1c0=ff80->0170f4 sleep=0 local26=00d9 ffd200=ff80->0201a0 sleep=0 local26=0002 ffd240=ff80->017456 sleep=0 local26=0000
[  69.277]   [header-byte] write $ffa517 = 54 mask=00ff (pc=018446)
[  69.776]   [header-byte] write $ffa517 = 54 mask=00ff (pc=018446)
[  70.090] heartbeat frame=4200 tx=2467 rx=2557 fc=1 fd=10 fe=1 linkflag=82 pc=000288 a502=00 a524=0000 a525=00 a170=09 a17f=00 txtail=00a3 rxpend=0000
[  70.090] [transport] captured=2467 flushed=2467 received=2557 accepted=561 payload2=437 payload3=0 payload4=0 payload5=0 pump_reads=4719 bursts=543 txcredit=0 outq=0 inq=0 watchdog=18 txseq=1f rxseq=31 rxcredit=0 protection=00 checks=0000
[  70.090] [epochs] local=1 peer=1 ready=true discarded_rx=0
[  70.090] [tcb-continuations] ffa580=ff80->018392 sleep=0 local26=7710 ffa5c0=ff80->01853c sleep=0 local26=0b00 ffd100=ff80->018fcc sleep=0 local26=0000 ffd140=ff80->020562 sleep=0 local26=0000 ffd180=ff80->02558e sleep=0 local26=0000 ffd1c0=ff80->0170f4 sleep=0 local26=009d ffd200=ff80->0201a0 sleep=0 local26=0002
[  70.293]   [header-byte] write $ffa517 = 54 mask=00ff (pc=018446)
[  70.810]   [header-byte] write $ffa517 = 54 mask=00ff (pc=018446)
[  71.092] heartbeat frame=4260 tx=2473 rx=2563 fc=1 fd=10 fe=1 linkflag=82 pc=000288 a502=00 a524=0000 a525=00 a170=09 a17f=00 txtail=00a9 rxpend=0000
[  71.092] [transport] captured=2473 flushed=2473 received=2563 accepted=563 payload2=437 payload3=0 payload4=0 payload5=0 pump_reads=4781 bursts=545 txcredit=0 outq=0 inq=0 watchdog=16 txseq=21 rxseq=33 rxcredit=0 protection=00 checks=0000
[  71.092] [epochs] local=1 peer=1 ready=true discarded_rx=0
[  71.092] [tcb-continuations] ffa580=ff80->018392 sleep=0 local26=7710 ffa5c0=ff80->01853c sleep=0 local26=0b00 ffd100=ff80->018fcc sleep=0 local26=0000 ffd140=ff80->020562 sleep=0 local26=0000 ffd180=ff80->02558e sleep=0 local26=0000 ffd1c0=ff80->0170f4 sleep=0 local26=0061 ffd200=ff80->0201a0 sleep=0 local26=0002
[  71.311]   [header-byte] write $ffa517 = 54 mask=00ff (pc=018446)
[  71.828]   [header-byte] write $ffa517 = 54 mask=00ff (pc=018446)
[  72.093] heartbeat frame=4320 tx=2479 rx=2569 fc=1 fd=10 fe=1 linkflag=82 pc=000288 a502=00 a524=0000 a525=00 a170=09 a17f=00 txtail=00af rxpend=0000
[  72.093] [transport] captured=2479 flushed=2479 received=2569 accepted=565 payload2=437 payload3=0 payload4=0 payload5=0 pump_reads=4843 bursts=547 txcredit=0 outq=0 inq=0 watchdog=15 txseq=23 rxseq=35 rxcredit=0 protection=00 checks=0000
[  72.093] [epochs] local=1 peer=1 ready=true discarded_rx=0
[  72.093] [tcb-continuations] ffa580=ff80->018392 sleep=0 local26=7710 ffa5c0=ff80->01853c sleep=0 local26=0b00 ffd100=ff80->018fcc sleep=0 local26=0000 ffd140=ff80->020562 sleep=0 local26=0000 ffd180=ff80->02558e sleep=0 local26=0000 ffd1c0=ff80->0170f4 sleep=0 local26=0025 ffd200=ff80->0201a0 sleep=0 local26=0002
[  72.329]   [header-byte] write $ffa517 = 54 mask=00ff (pc=018446)
[  72.846]   [header-byte] write $ffa517 = 54 mask=00ff (pc=018446)
[  73.094] heartbeat frame=4380 tx=2485 rx=2575 fc=1 fd=10 fe=1 linkflag=82 pc=00028a a502=00 a524=0000 a525=00 a170=09 a17f=00 txtail=00b5 rxpend=0000
[  73.094] [transport] captured=2485 flushed=2485 received=2575 accepted=567 payload2=437 payload3=0 payload4=0 payload5=0 pump_reads=4905 bursts=549 txcredit=0 outq=0 inq=0 watchdog=14 txseq=25 rxseq=37 rxcredit=0 protection=00 checks=0000
[  73.094] [epochs] local=1 peer=1 ready=true discarded_rx=0
[  73.094] [tcb-continuations] ffa580=ff80->018392 sleep=0 local26=7710 ffa5c0=ff80->01853c sleep=0 local26=0b00 ffd100=ff80->018fcc sleep=0 local26=0000 ffd140=ff80->0205de sleep=0 local26=0000 ffd180=ff80->02558e sleep=0 local26=0000 ffd1c0=ff80->0170f4 sleep=0 local26=0003 ffd200=ff80->0201a0 sleep=0 local26=0002
[  73.347]   [header-byte] write $ffa517 = 54 mask=00ff (pc=018446)
[  73.866]   [header-byte] write $ffa517 = 54 mask=00ff (pc=018446)
[  74.095] heartbeat frame=4440 tx=2491 rx=2581 fc=1 fd=10 fe=1 linkflag=82 pc=00028a a502=00 a524=0000 a525=00 a170=09 a17f=00 txtail=00bb rxpend=0000
[  74.095] [transport] captured=2491 flushed=2491 received=2581 accepted=569 payload2=437 payload3=0 payload4=0 payload5=0 pump_reads=4967 bursts=551 txcredit=0 outq=0 inq=0 watchdog=13 txseq=27 rxseq=39 rxcredit=0 protection=00 checks=0000
[  74.095] [epochs] local=1 peer=1 ready=true discarded_rx=0
[  74.095] [tcb-continuations] ffa580=ff80->018392 sleep=0 local26=7710 ffa5c0=ff80->01853c sleep=0 local26=0b00 ffd100=ff80->018fcc sleep=0 local26=0000 ffd140=ff80->0205de sleep=0 local26=0000 ffd180=ff80->02558e sleep=0 local26=0000 ffd1c0=ff80->0170f4 sleep=0 local26=00f5 ffd200=ff80->0201a0 sleep=0 local26=0002
[  74.365]   [header-byte] write $ffa517 = 54 mask=00ff (pc=018446)
[  74.865]   [header-byte] write $ffa517 = 54 mask=00ff (pc=018446)
[  75.097] heartbeat frame=4500 tx=2497 rx=2587 fc=1 fd=10 fe=1 linkflag=82 pc=00028a a502=00 a524=0000 a525=00 a170=09 a17f=00 txtail=00c1 rxpend=0000
[  75.097] [transport] captured=2497 flushed=2497 received=2587 accepted=571 payload2=437 payload3=0 payload4=0 payload5=0 pump_reads=5029 bursts=553 txcredit=0 outq=0 inq=0 watchdog=13 txseq=29 rxseq=3b rxcredit=0 protection=00 checks=0000
[  75.097] [epochs] local=1 peer=1 ready=true discarded_rx=0
[  75.097] [tcb-continuations] ffa580=ff80->018392 sleep=0 local26=7710 ffa5c0=ff80->01853c sleep=0 local26=0b00 ffd100=ff80->018fcc sleep=0 local26=0000 ffd140=ff80->0205de sleep=0 local26=0000 ffd180=ff80->02558e sleep=0 local26=0000 ffd1c0=ff80->0170f4 sleep=0 local26=00b9 ffd200=ff80->0201a0 sleep=0 local26=0002
[  75.383]   [header-byte] write $ffa517 = 54 mask=00ff (pc=018446)
[  75.884]   [header-byte] write $ffa517 = 54 mask=00ff (pc=018446)
[  76.098] heartbeat frame=4560 tx=2503 rx=2593 fc=1 fd=10 fe=1 linkflag=82 pc=00028a a502=00 a524=0000 a525=00 a170=09 a17f=00 txtail=00c7 rxpend=0000
[  76.098] [transport] captured=2503 flushed=2503 received=2593 accepted=573 payload2=437 payload3=0 payload4=0 payload5=0 pump_reads=5091 bursts=555 txcredit=0 outq=0 inq=0 watchdog=12 txseq=2b rxseq=3d rxcredit=0 protection=00 checks=0000
[  76.098] [epochs] local=1 peer=1 ready=true discarded_rx=0
[  76.098] [tcb-continuations] ffa580=ff80->018392 sleep=0 local26=7710 ffa5c0=ff80->01853c sleep=0 local26=0b00 ffd100=ff80->018fcc sleep=0 local26=0000 ffd140=ff80->0205de sleep=0 local26=0000 ffd180=ff80->02558e sleep=0 local26=0000 ffd1c0=ff80->0170f4 sleep=0 local26=007d ffd200=ff80->0201a0 sleep=0 local26=0002
[  76.384]   [header-byte] write $ffa517 = 54 mask=00ff (pc=018446)
[  76.886]   [header-byte] write $ffa517 = 54 mask=00ff (pc=018446)
[  77.099] heartbeat frame=4620 tx=2509 rx=2599 fc=1 fd=10 fe=1 linkflag=82 pc=000288 a502=00 a524=0000 a525=00 a170=09 a17f=00 txtail=00cd rxpend=0000
[  77.099] [transport] captured=2509 flushed=2509 received=2599 accepted=575 payload2=437 payload3=0 payload4=0 payload5=0 pump_reads=5153 bursts=557 txcredit=0 outq=0 inq=0 watchdog=12 txseq=2d rxseq=3f rxcredit=0 protection=00 checks=0000
[  77.099] [epochs] local=1 peer=1 ready=true discarded_rx=0
[  77.099] [tcb-continuations] ffa580=ff80->018392 sleep=0 local26=7710 ffa5c0=ff80->01853c sleep=0 local26=0b00 ffd100=ff80->018fcc sleep=0 local26=0000 ffd140=ff80->0205de sleep=0 local26=0000 ffd180=ff80->02558e sleep=0 local26=0000 ffd1c0=ff80->0170f4 sleep=0 local26=0041 ffd200=ff80->0201a0 sleep=0 local26=0002
[  77.386]   [header-byte] write $ffa517 = 54 mask=00ff (pc=018446)
[  77.903]   [header-byte] write $ffa517 = 54 mask=00ff (pc=018446)
[  78.101] heartbeat frame=4680 tx=2515 rx=2605 fc=1 fd=10 fe=1 linkflag=82 pc=000288 a502=00 a524=0000 a525=00 a170=09 a17f=00 txtail=00d3 rxpend=0000
[  78.101] [transport] captured=2515 flushed=2515 received=2605 accepted=577 payload2=437 payload3=0 payload4=0 payload5=0 pump_reads=5215 bursts=559 txcredit=0 outq=0 inq=0 watchdog=11 txseq=2f rxseq=41 rxcredit=0 protection=00 checks=0000
[  78.101] [epochs] local=1 peer=1 ready=true discarded_rx=0
[  78.101] [tcb-continuations] ffa580=ff80->018392 sleep=0 local26=7710 ffa5c0=ff80->01853c sleep=0 local26=0b00 ffd100=ff80->018fcc sleep=0 local26=0000 ffd140=ff80->0205de sleep=0 local26=0000 ffd180=ff80->02558e sleep=0 local26=0000 ffd1c0=ff80->0170f4 sleep=0 local26=0005 ffd200=ff80->0201a0 sleep=0 local26=0002
[  78.404]   [header-byte] write $ffa517 = 54 mask=00ff (pc=018446)
[  78.904]   [header-byte] write $ffa517 = 54 mask=00ff (pc=018446)
[  79.102] heartbeat frame=4740 tx=2521 rx=2611 fc=1 fd=10 fe=1 linkflag=82 pc=000288 a502=00 a524=0000 a525=00 a170=09 a17f=00 txtail=00d9 rxpend=0000
[  79.102] [transport] captured=2521 flushed=2521 received=2611 accepted=579 payload2=437 payload3=0 payload4=0 payload5=0 pump_reads=5277 bursts=561 txcredit=0 outq=0 inq=0 watchdog=11 txseq=31 rxseq=43 rxcredit=0 protection=00 checks=0000
[  79.102] [epochs] local=1 peer=1 ready=true discarded_rx=0
[  79.102] [tcb-continuations] ffa580=ff80->018392 sleep=0 local26=7710 ffa5c0=ff80->01853c sleep=0 local26=0b00 ffd100=ff80->018fcc sleep=0 local26=0000 ffd140=ff80->02062c sleep=0 local26=0000 ffd180=ff80->02558e sleep=0 local26=0000 ffd1c0=ff80->0170f4 sleep=0 local26=0111 ffd200=ff80->0201a0 sleep=0 local26=0002 ffd240=ff80->017456 sleep=0 local26=0001
[  79.405]   [header-byte] write $ffa517 = 54 mask=00ff (pc=018446)
[  79.907]   [header-byte] write $ffa517 = 54 mask=00ff (pc=018446)
[  80.103] heartbeat frame=4800 tx=2527 rx=2617 fc=1 fd=10 fe=1 linkflag=82 pc=00028a a502=00 a524=0000 a525=00 a170=09 a17f=00 txtail=00df rxpend=0000
[  80.103] [transport] captured=2527 flushed=2527 received=2617 accepted=581 payload2=437 payload3=0 payload4=0 payload5=0 pump_reads=5339 bursts=563 txcredit=0 outq=0 inq=0 watchdog=11 txseq=33 rxseq=45 rxcredit=0 protection=00 checks=0000
[  80.103] [epochs] local=1 peer=1 ready=true discarded_rx=0
[  80.103] [tcb-continuations] ffa580=ff80->018392 sleep=0 local26=7710 ffa5c0=ff80->01853c sleep=0 local26=0b00 ffd100=ff80->018fcc sleep=0 local26=0000 ffd140=ff80->02062c sleep=0 local26=0000 ffd180=ff80->02558e sleep=0 local26=0000 ffd1c0=ff80->0170f4 sleep=0 local26=00d5 ffd200=ff80->0201a0 sleep=0 local26=0002
[  80.423]   [header-byte] write $ffa517 = 54 mask=00ff (pc=018446)
[  80.924]   [header-byte] write $ffa517 = 54 mask=00ff (pc=018446)
[  81.104] heartbeat frame=4860 tx=2533 rx=2623 fc=1 fd=10 fe=1 linkflag=82 pc=00028a a502=00 a524=0000 a525=00 a170=09 a17f=00 txtail=00e5 rxpend=0000
[  81.104] [transport] captured=2533 flushed=2533 received=2623 accepted=583 payload2=437 payload3=0 payload4=0 payload5=0 pump_reads=5401 bursts=565 txcredit=0 outq=0 inq=0 watchdog=10 txseq=35 rxseq=47 rxcredit=0 protection=00 checks=0000
[  81.104] [epochs] local=1 peer=1 ready=true discarded_rx=0
[  81.104] [tcb-continuations] ffa580=ff80->018392 sleep=0 local26=7710 ffa5c0=ff80->01853c sleep=0 local26=0b00 ffd100=ff80->018fcc sleep=0 local26=0000 ffd140=ff80->02062c sleep=0 local26=0000 ffd180=ff80->02558e sleep=0 local26=0000 ffd1c0=ff80->0170f4 sleep=0 local26=0099 ffd200=ff80->0201a0 sleep=0 local26=0002
[  81.441]   [header-byte] write $ffa517 = 54 mask=00ff (pc=018446)
[  81.960]   [header-byte] write $ffa517 = 54 mask=00ff (pc=018446)
[  82.106] heartbeat frame=4920 tx=2539 rx=2629 fc=1 fd=10 fe=1 linkflag=82 pc=000288 a502=00 a524=0000 a525=00 a170=09 a17f=00 txtail=00eb rxpend=0000
[  82.106] [transport] captured=2539 flushed=2539 received=2629 accepted=585 payload2=437 payload3=0 payload4=0 payload5=0 pump_reads=5463 bursts=567 txcredit=0 outq=0 inq=0 watchdog=8 txseq=37 rxseq=49 rxcredit=0 protection=00 checks=0000
[  82.106] [epochs] local=1 peer=1 ready=true discarded_rx=0
[  82.106] [tcb-continuations] ffa580=ff80->018392 sleep=0 local26=7710 ffa5c0=ff80->01853c sleep=0 local26=0b00 ffd100=ff80->018fcc sleep=0 local26=0000 ffd140=ff80->02062c sleep=0 local26=0000 ffd180=ff80->02558e sleep=0 local26=0000 ffd1c0=ff80->0170f4 sleep=0 local26=005d ffd200=ff80->0201a0 sleep=0 local26=0002
[  82.475]   [header-byte] write $ffa517 = 54 mask=00ff (pc=018446)
[  82.976]   [header-byte] write $ffa517 = 54 mask=00ff (pc=018446)
[  83.107] heartbeat frame=4980 tx=2545 rx=2635 fc=1 fd=10 fe=1 linkflag=82 pc=00028a a502=00 a524=0000 a525=00 a170=09 a17f=00 txtail=00f1 rxpend=0000
[  83.107] [transport] captured=2545 flushed=2545 received=2635 accepted=587 payload2=437 payload3=0 payload4=0 payload5=0 pump_reads=5525 bursts=569 txcredit=0 outq=0 inq=0 watchdog=7 txseq=39 rxseq=4b rxcredit=0 protection=00 checks=0000
[  83.107] [epochs] local=1 peer=1 ready=true discarded_rx=0
[  83.107] [tcb-continuations] ffa580=ff80->018392 sleep=0 local26=7710 ffa5c0=ff80->01853c sleep=0 local26=0b00 ffd100=ff80->018fcc sleep=0 local26=0000 ffd140=ff80->02062c sleep=0 local26=0000 ffd180=ff80->02558e sleep=0 local26=0000 ffd1c0=ff80->0170f4 sleep=0 local26=0021 ffd200=ff80->0201a0 sleep=0 local26=0002
[  83.477]   [header-byte] write $ffa517 = 54 mask=00ff (pc=018446)
[  83.994]   [header-byte] write $ffa517 = 54 mask=00ff (pc=018446)
[  84.108] heartbeat frame=5040 tx=2551 rx=2641 fc=1 fd=10 fe=1 linkflag=82 pc=000288 a502=00 a524=0000 a525=00 a170=09 a17f=00 txtail=00f7 rxpend=0000
[  84.108] [transport] captured=2551 flushed=2551 received=2641 accepted=589 payload2=437 payload3=0 payload4=0 payload5=0 pump_reads=5587 bursts=571 txcredit=0 outq=0 inq=0 watchdog=6 txseq=3b rxseq=4d rxcredit=0 protection=00 checks=0000
[  84.108] [epochs] local=1 peer=1 ready=true discarded_rx=0
[  84.108] [tcb-continuations] ffa580=ff80->018392 sleep=0 local26=7710 ffa5c0=ff80->01853c sleep=0 local26=0b00 ffd100=ff80->018fcc sleep=0 local26=0000 ffd140=ff80->0206b8 sleep=0 local26=0000 ffd180=ff80->02558e sleep=0 local26=0000 ffd1c0=ff80->0170f4 sleep=0 local26=0000 ffd200=ff80->020204 sleep=0 local26=0000 ffd240=ff80->0201a0 sleep=0 local26=0002 ffd280=ff80->017456 sleep=0 local26=0000
[  84.512]   [header-byte] write $ffa517 = 54 mask=00ff (pc=018446)
[  85.009] === session stop ===
