[   0.000] === session start, version=0.6.0 side=B ===
[   0.000] [rom-guards] cpld_compare=b202 garbage_divisor=323c,ffff
[   0.000] taps installed; out=C:\Users\tbend\mame\PuyoPuyo2\run_purist_reset_20260911_05\B_to_A.bin in=C:\Users\tbend\mame\PuyoPuyo2\run_purist_reset_20260911_05\A_to_B.bin
[   0.000] SERVICE port fields: Coin 1 | 1 Player Start | Coin 2 | Service Mode | 2 Players Start | Service 1
[   0.017] [peer-reset] old=0 new=1 local=0 queued_rx=0
[   0.017] [attack-state] address=ffa7f0 data=0000 mask=ffff pc=0181b6 protection=00
[   0.017] [attack-state] address=ffa7f4 data=0000 mask=ffff pc=0181bc protection=00
[   0.017] [attack-state] address=ffa7f8 data=0000 mask=ffff pc=0181c2 protection=00
[   0.017] [attack-state] address=ffa7fc data=0000 mask=ffff pc=0181c8 protection=00
[   0.017] [link-state] data=0000 mask=ffff pc=0181ec watchdog=251 expect=7e rxhead=007b rxtail=007b rxpend=0000
[   0.017] [protection-state] address=ffa020 data=ff00 mask=ffff pc=000932
[   0.017]   [menu-state] write $ffa172 = 0000 mask=ffff (pc=019320)
[   0.017]   [menu-state] write $ffa170 = 0000 mask=ffff (pc=019320)
[   0.017]   [menu-state] write $ffa17c = 0000 mask=ff00 (pc=019326)
[   0.017]   [menu-state] write $ffa17f = 0000 mask=00ff (pc=01932c)
[   0.017]   [menu-state] write $ffa176 = 0000 mask=ff00 (pc=01afde)
[   0.017]   [header-byte] write $ffa513 = 00 mask=00ff (pc=01afe6)
[   0.017] [protection-checksum] data=0000 mask=ff00 pc=00040e
[   0.017] [protection-checksum] data=0000 mask=00ff pc=000414
[   0.018] [protection-state] address=ffa020 data=0000 mask=ff00 pc=000948
[   0.027]   [menu-state] write $ffa170 = 0000 mask=ff00 (pc=018062)
[   0.027]   [menu-state] write $ffa176 = 0000 mask=ff00 (pc=01afde)
[   0.027]   [header-byte] write $ffa513 = 00 mask=00ff (pc=01afe6)
[   0.162] CONTROL reset pulse start (pc=01823e, prev_bank=cmd)
[   0.162] [reset] discarded tx=0 rx=0
[   0.162] [epoch-reset] local=1 peer=1 queued_rx=0
[   0.418] [link-state] data=7f7f mask=ff00 pc=018334 watchdog=251 expect=7e rxhead=0000 rxtail=0000 rxpend=0000
[   0.435] [epoch-ready] local=1 peer=1
[   0.435] CMD $FE -> cabinet role=2 (ROM linkflag=82)
[   0.435] [link-state] data=8282 mask=ff00 pc=018358 watchdog=251 expect=7e rxhead=0000 rxtail=0000 rxpend=0000
[   0.435]   [header-byte] write $ffa513 = 00 mask=00ff (pc=01afe6)
[   0.451]   [menu-state] write $ffa173 = 8080 mask=00ff (pc=01939c)
[   0.451]   [menu-state] write $ffa171 = 8080 mask=00ff (pc=019466)
[   0.451]   [header-byte] write $ffa513 = 00 mask=00ff (pc=019e4a)
[   0.451]   [header-byte] write $ffa513 = 10 mask=00ff (pc=019e5a)
[   0.451]   [header-byte] write $ffa513 = 00 mask=00ff (pc=01afe6)
[   0.451]   [header-byte] write $ffa513 = 10 mask=00ff (pc=01affe)
[   0.468]   [menu-state] write $ffa171 = 0000 mask=00ff (pc=019466)
[   0.468]   [header-byte] write $ffa513 = 00 mask=00ff (pc=019e4a)
[   0.468]   [header-byte] write $ffa513 = 00 mask=00ff (pc=01afe6)
[   0.485]   [header-byte] write $ffa517 = 13 mask=00ff (pc=018446)
[   0.485] [packet-accepted] total=1 seq=00 flags=00 status=13 pc=01845e
[   0.501]   [menu-state] write $ffa171 = 8080 mask=00ff (pc=019466)
[   0.501]   [header-byte] write $ffa513 = 00 mask=00ff (pc=019e4a)
[   0.501]   [header-byte] write $ffa513 = 10 mask=00ff (pc=019e5a)
[   0.501]   [header-byte] write $ffa513 = 00 mask=00ff (pc=01afe6)
[   0.501]   [header-byte] write $ffa513 = 10 mask=00ff (pc=01affe)
[   0.985]   [header-byte] write $ffa517 = 13 mask=00ff (pc=018446)
[   0.985] [packet-accepted] total=2 seq=01 flags=00 status=13 pc=01845e
[   1.001] heartbeat frame=60 tx=12 rx=6 fc=1 fd=10 fe=1 linkflag=82 pc=000288 a502=00 a524=0000 a525=00 a170=00 a17f=00 txtail=000c rxpend=0000
[   1.001] [transport] captured=12 flushed=12 received=6 accepted=2 payload2=0 payload3=0 payload4=0 payload5=0 pump_reads=35 bursts=4 txcredit=0 outq=0 inq=0 watchdog=0 txseq=04 rxseq=02 rxcredit=0 protection=00 checks=0000
[   1.001] [epochs] local=1 peer=1 ready=true discarded_rx=0
[   1.001] [game-state] a142=04 a13e=04 a13f=0f a530=4c02 a506=00 a507=00 a508=01 a7b0=0000 a7a6=0000 script=019f80
[   1.001] [tcb-continuations] ffa580=ff80->018392 sleep=0 local26=7710 ffa5c0=ff80->01853c sleep=0 local26=1d00 ffd100=ff80->01b388 sleep=129 local26=0000
[   1.486]   [header-byte] write $ffa517 = 13 mask=00ff (pc=018446)
[   1.486] [packet-accepted] total=3 seq=02 flags=00 status=13 pc=01845e
[   1.987]   [header-byte] write $ffa517 = 13 mask=00ff (pc=018446)
[   1.987] [packet-accepted] total=4 seq=03 flags=00 status=13 pc=01845e
[   2.003] heartbeat frame=120 tx=18 rx=12 fc=1 fd=10 fe=1 linkflag=82 pc=00028a a502=00 a524=0000 a525=00 a170=00 a17f=00 txtail=0012 rxpend=0000
[   2.003] [transport] captured=18 flushed=18 received=12 accepted=4 payload2=0 payload3=0 payload4=0 payload5=0 pump_reads=97 bursts=6 txcredit=0 outq=0 inq=0 watchdog=0 txseq=06 rxseq=04 rxcredit=0 protection=00 checks=0000
[   2.003] [epochs] local=1 peer=1 ready=true discarded_rx=0
[   2.003] [tcb-continuations] ffa580=ff80->018392 sleep=0 local26=7710 ffa5c0=ff80->01853c sleep=0 local26=1d00 ffd100=ff80->01b388 sleep=69 local26=0000
[   2.487]   [header-byte] write $ffa517 = 13 mask=00ff (pc=018446)
[   2.988]   [header-byte] write $ffa517 = 13 mask=00ff (pc=018446)
[   3.004] heartbeat frame=180 tx=24 rx=18 fc=1 fd=10 fe=1 linkflag=82 pc=00028a a502=00 a524=0000 a525=00 a170=00 a17f=00 txtail=0018 rxpend=0000
[   3.004] [transport] captured=24 flushed=24 received=18 accepted=6 payload2=0 payload3=0 payload4=0 payload5=0 pump_reads=159 bursts=8 txcredit=0 outq=0 inq=0 watchdog=0 txseq=08 rxseq=06 rxcredit=0 protection=00 checks=0000
[   3.004] [epochs] local=1 peer=1 ready=true discarded_rx=0
[   3.004] [tcb-continuations] ffa580=ff80->018392 sleep=0 local26=7710 ffa5c0=ff80->01853c sleep=0 local26=1d00 ffd100=ff80->01b388 sleep=9 local26=0000
[   3.262]   [menu-state] write $ffa170 = 0909 mask=ff00 (pc=018062)
[   3.262]   [menu-state] write $ffa176 = 0000 mask=ff00 (pc=01afde)
[   3.262]   [header-byte] write $ffa513 = 00 mask=00ff (pc=01afe6)
[   3.262]   [header-byte] write $ffa513 = 10 mask=00ff (pc=01affe)
[   3.262]   [header-byte] write $ffa513 = 11 mask=00ff (pc=01b034)
[   3.294] [protection-checksum] data=0101 mask=00ff pc=01b0bc
[   3.294] [protection-checksum] data=0000 mask=00ff pc=01b11a
[   3.479]   [menu-state] write $ffa170 = 0808 mask=ff00 (pc=018062)
[   3.479]   [menu-state] write $ffa176 = 0000 mask=ff00 (pc=01afde)
[   3.479]   [header-byte] write $ffa513 = 00 mask=00ff (pc=01afe6)
[   3.479]   [header-byte] write $ffa513 = 10 mask=00ff (pc=01affe)
[   3.479]   [header-byte] write $ffa513 = 11 mask=00ff (pc=01b034)
[   3.479] [game-command] data=0303 mask=ff00 pc=0188d8 requests=80
[   3.507]   [header-byte] write $ffa513 = 13 mask=00ff (pc=0189b4)
[   3.507]   [menu-state] write $ffa17f = 0000 mask=00ff (pc=0189c2)
[   3.557]   [header-byte] write $ffa517 = 13 mask=00ff (pc=018446)
[   3.613]   [header-byte] write $ffa517 = 13 mask=00ff (pc=018446)
[   3.613] [packet-accepted] total=8 seq=07 flags=04 status=13 pc=01845e command=33 arg=02
[   3.613]   [header-byte] write $ffa517 = 13 mask=00ff (pc=018446)
[   3.613] [packet-accepted] total=9 seq=08 flags=04 status=13 pc=01845e command=33 arg=02
[   3.639]   [header-byte] write $ffa517 = 13 mask=00ff (pc=018446)
[   3.639] [packet-accepted] total=10 seq=09 flags=04 status=13 pc=01845e command=33 arg=02
[   3.656]   [header-byte] write $ffa517 = 13 mask=00ff (pc=018446)
[   3.656] [packet-accepted] total=11 seq=0a flags=04 status=13 pc=01845e command=33 arg=02
[   3.698]   [header-byte] write $ffa517 = 13 mask=00ff (pc=018446)
[   3.698] [packet-accepted] total=12 seq=0b flags=04 status=13 pc=01845e command=33 arg=02
[   3.698]   [header-byte] write $ffa517 = 13 mask=00ff (pc=018446)
[   3.698] [packet-accepted] total=13 seq=0c flags=04 status=13 pc=01845e command=33 arg=02
[   3.706]   [header-byte] write $ffa517 = 13 mask=00ff (pc=018446)
[   3.706] [packet-accepted] total=14 seq=0d flags=04 status=13 pc=01845e command=33 arg=02
[   3.722]   [header-byte] write $ffa517 = 13 mask=00ff (pc=018446)
[   3.722] [packet-accepted] total=15 seq=0e flags=04 status=13 pc=01845e command=33 arg=02
[   3.739]   [header-byte] write $ffa517 = 13 mask=00ff (pc=018446)
[   3.739] [packet-accepted] total=16 seq=0f flags=04 status=13 pc=01845e command=33 arg=02
[   3.780]   [header-byte] write $ffa517 = 13 mask=00ff (pc=018446)
[   3.780] [packet-accepted] total=17 seq=10 flags=04 status=13 pc=01845e command=33 arg=02
[   3.780]   [header-byte] write $ffa517 = 13 mask=00ff (pc=018446)
[   3.780] [packet-accepted] total=18 seq=11 flags=04 status=13 pc=01845e command=33 arg=02
[   3.789]   [header-byte] write $ffa517 = 13 mask=00ff (pc=018446)
[   3.789] [packet-accepted] total=19 seq=12 flags=04 status=13 pc=01845e command=33 arg=02
[   3.806]   [header-byte] write $ffa517 = 13 mask=00ff (pc=018446)
[   3.806] [packet-accepted] total=20 seq=13 flags=04 status=13 pc=01845e command=33 arg=02
[   3.822]   [header-byte] write $ffa517 = 13 mask=00ff (pc=018446)
[   3.822] [packet-accepted] total=21 seq=14 flags=04 status=13 pc=01845e command=33 arg=02
[   3.851]   [header-byte] write $ffa517 = 13 mask=00ff (pc=018446)
[   3.851] [packet-accepted] total=22 seq=15 flags=04 status=13 pc=01845e command=33 arg=02
[   3.851]   [header-byte] write $ffa517 = 13 mask=00ff (pc=018446)
[   3.851] [packet-accepted] total=23 seq=16 flags=04 status=13 pc=01845e command=33 arg=02
[   3.856]   [header-byte] write $ffa517 = 13 mask=00ff (pc=018446)
[   3.856] [packet-accepted] total=24 seq=17 flags=04 status=13 pc=01845e command=33 arg=02
[   3.889]   [header-byte] write $ffa517 = 13 mask=00ff (pc=018446)
[   3.889] [packet-accepted] total=25 seq=18 flags=04 status=13 pc=01845e command=33 arg=02
[   4.005] heartbeat frame=240 tx=33 rx=141 fc=1 fd=10 fe=1 linkflag=82 pc=000ff4 a502=00 a524=0000 a525=00 a170=08 a17f=00 txtail=0021 rxpend=001e
[   4.005] [transport] captured=33 flushed=33 received=141 accepted=25 payload2=18 payload3=0 payload4=0 payload5=0 pump_reads=241 bursts=11 txcredit=0 outq=0 inq=0 watchdog=0 txseq=0b rxseq=19 rxcredit=5 protection=00 checks=0000
[   4.005] [epochs] local=1 peer=1 ready=true discarded_rx=0
[   4.005] [game-state] a142=04 a13e=00 a13f=00 a530=0302 a506=03 a507=00 a508=01 a7b0=0000 a7a6=3302 script=01a39e
[   4.005] [tcb-continuations] ffa580=ff80->018392 sleep=0 local26=7710 ffa5c0=ff80->01853c sleep=0 local26=1300 ffd040=ff80->0189c6 sleep=0 local26=0300
[   4.067]   [header-byte] write $ffa517 = 13 mask=00ff (pc=018446)
[   4.067] [packet-accepted] total=26 seq=19 flags=04 status=13 pc=01845e command=33 arg=02
[   4.067]   [header-byte] write $ffa517 = 13 mask=00ff (pc=018446)
[   4.067] [packet-accepted] total=27 seq=1a flags=04 status=13 pc=01845e command=33 arg=02
[   4.067]   [header-byte] write $ffa517 = 13 mask=00ff (pc=018446)
[   4.067] [packet-accepted] total=28 seq=1b flags=04 status=13 pc=01845e command=33 arg=02
[   4.067]   [header-byte] write $ffa517 = 13 mask=00ff (pc=018446)
[   4.067] [packet-accepted] total=29 seq=1c flags=04 status=13 pc=01845e command=33 arg=02
[   4.067]   [header-byte] write $ffa517 = 13 mask=00ff (pc=018446)
[   4.067] [packet-accepted] total=30 seq=1d flags=04 status=13 pc=01845e command=33 arg=02
[   4.067]   [header-byte] write $ffa517 = 13 mask=00ff (pc=018446)
[   4.067] [packet-accepted] total=31 seq=1e flags=04 status=13 pc=01845e command=33 arg=02
[   4.067]   [header-byte] write $ffa517 = 13 mask=00ff (pc=018446)
[   4.067] [packet-accepted] total=32 seq=1f flags=04 status=13 pc=01845e command=33 arg=02
[   4.068]   [header-byte] write $ffa517 = 13 mask=00ff (pc=018446)
[   4.068] [packet-accepted] total=33 seq=20 flags=04 status=13 pc=01845e command=33 arg=02
[   4.068]   [header-byte] write $ffa517 = 13 mask=00ff (pc=018446)
[   4.068] [packet-accepted] total=34 seq=21 flags=04 status=13 pc=01845e command=33 arg=02
[   4.068]   [header-byte] write $ffa517 = 13 mask=00ff (pc=018446)
[   4.068] [packet-accepted] total=35 seq=22 flags=04 status=13 pc=01845e command=33 arg=02
[   4.073]   [header-byte] write $ffa517 = 13 mask=00ff (pc=018446)
[   4.073] [packet-accepted] total=36 seq=23 flags=04 status=13 pc=01845e command=33 arg=02
[   4.089]   [header-byte] write $ffa517 = 13 mask=00ff (pc=018446)
[   4.089] [packet-accepted] total=37 seq=24 flags=04 status=13 pc=01845e command=33 arg=02
[   4.106]   [header-byte] write $ffa517 = 13 mask=00ff (pc=018446)
[   4.106] [packet-accepted] total=38 seq=25 flags=04 status=13 pc=01845e command=33 arg=02
[   4.123]   [header-byte] write $ffa517 = 13 mask=00ff (pc=018446)
[   4.123] [packet-accepted] total=39 seq=26 flags=04 status=13 pc=01845e command=33 arg=02
[   4.123]   [header-byte] write $ffa517 = 13 mask=00ff (pc=018446)
[   4.123] [packet-accepted] total=40 seq=27 flags=04 status=13 pc=01845e command=33 arg=02
[   4.164]   [header-byte] write $ffa517 = 13 mask=00ff (pc=018446)
[   4.164] [packet-accepted] total=41 seq=28 flags=04 status=13 pc=01845e command=33 arg=02
[   4.174]   [header-byte] write $ffa517 = 13 mask=00ff (pc=018446)
[   4.174] [packet-accepted] total=42 seq=29 flags=04 status=13 pc=01845e command=33 arg=02
[   4.191]   [header-byte] write $ffa517 = 13 mask=00ff (pc=018446)
[   4.191] [packet-accepted] total=43 seq=2a flags=04 status=13 pc=01845e command=33 arg=02
[   4.208]   [header-byte] write $ffa517 = 13 mask=00ff (pc=018446)
[   4.208] [packet-accepted] total=44 seq=2b flags=04 status=13 pc=01845e command=33 arg=02
[   4.225]   [header-byte] write $ffa517 = 13 mask=00ff (pc=018446)
[   4.225] [packet-accepted] total=45 seq=2c flags=04 status=13 pc=01845e command=33 arg=02
[   4.241]   [header-byte] write $ffa517 = 13 mask=00ff (pc=018446)
[   4.241] [packet-accepted] total=46 seq=2d flags=04 status=13 pc=01845e command=33 arg=02
[   4.258]   [header-byte] write $ffa517 = 13 mask=00ff (pc=018446)
[   4.258] [packet-accepted] total=47 seq=2e flags=04 status=13 pc=01845e command=33 arg=02
[   4.275]   [header-byte] write $ffa517 = 13 mask=00ff (pc=018446)
[   4.275] [packet-accepted] total=48 seq=2f flags=04 status=13 pc=01845e command=33 arg=02
[   4.291]   [header-byte] write $ffa517 = 13 mask=00ff (pc=018446)
[   4.291] [packet-accepted] total=49 seq=30 flags=04 status=13 pc=01845e command=33 arg=02
[   4.309]   [header-byte] write $ffa517 = 13 mask=00ff (pc=018446)
[   4.309] [packet-accepted] total=50 seq=31 flags=04 status=13 pc=01845e command=33 arg=02
[   4.325]   [header-byte] write $ffa517 = 13 mask=00ff (pc=018446)
[   4.325] [packet-accepted] total=51 seq=32 flags=04 status=13 pc=01845e command=33 arg=02
[   4.341]   [header-byte] write $ffa517 = 13 mask=00ff (pc=018446)
[   4.341] [packet-accepted] total=52 seq=33 flags=04 status=13 pc=01845e command=33 arg=02
[   4.358]   [header-byte] write $ffa517 = 13 mask=00ff (pc=018446)
[   4.358] [packet-accepted] total=53 seq=34 flags=04 status=13 pc=01845e command=33 arg=02
[   4.375]   [header-byte] write $ffa517 = 13 mask=00ff (pc=018446)
[   4.375] [packet-accepted] total=54 seq=35 flags=04 status=13 pc=01845e command=33 arg=02
[   4.392]   [header-byte] write $ffa517 = 13 mask=00ff (pc=018446)
[   4.392] [packet-accepted] total=55 seq=36 flags=04 status=13 pc=01845e command=33 arg=02
[   4.408]   [header-byte] write $ffa517 = 13 mask=00ff (pc=018446)
[   4.408] [packet-accepted] total=56 seq=37 flags=04 status=13 pc=01845e command=33 arg=02
[   4.425]   [header-byte] write $ffa517 = 13 mask=00ff (pc=018446)
[   4.425] [packet-accepted] total=57 seq=38 flags=04 status=13 pc=01845e command=33 arg=02
[   4.442]   [header-byte] write $ffa517 = 13 mask=00ff (pc=018446)
[   4.442] [packet-accepted] total=58 seq=39 flags=04 status=13 pc=01845e command=33 arg=02
[   4.460]   [header-byte] write $ffa517 = 13 mask=00ff (pc=018446)
[   4.460] [packet-accepted] total=59 seq=3a flags=04 status=13 pc=01845e command=33 arg=02
[   4.475]   [header-byte] write $ffa517 = 13 mask=00ff (pc=018446)
[   4.475] [packet-accepted] total=60 seq=3b flags=04 status=13 pc=01845e command=33 arg=02
[   4.492]   [header-byte] write $ffa517 = 13 mask=00ff (pc=018446)
[   4.492] [packet-accepted] total=61 seq=3c flags=04 status=13 pc=01845e command=33 arg=02
[   4.508]   [header-byte] write $ffa517 = 13 mask=00ff (pc=018446)
[   4.508] [packet-accepted] total=62 seq=3d flags=04 status=13 pc=01845e command=33 arg=02
[   4.525]   [header-byte] write $ffa517 = 13 mask=00ff (pc=018446)
[   4.525] [packet-accepted] total=63 seq=3e flags=04 status=13 pc=01845e command=33 arg=02
[   4.542]   [header-byte] write $ffa517 = 13 mask=00ff (pc=018446)
[   4.542] [packet-accepted] total=64 seq=3f flags=04 status=13 pc=01845e command=33 arg=02
[   4.558]   [header-byte] write $ffa517 = 13 mask=00ff (pc=018446)
[   4.558] [packet-accepted] total=65 seq=40 flags=04 status=13 pc=01845e command=33 arg=02
[   4.575]   [header-byte] write $ffa517 = 13 mask=00ff (pc=018446)
[   4.575] [packet-accepted] total=66 seq=41 flags=04 status=13 pc=01845e command=33 arg=02
[   4.592]   [header-byte] write $ffa517 = 13 mask=00ff (pc=018446)
[   4.592] [packet-accepted] total=67 seq=42 flags=04 status=13 pc=01845e command=33 arg=02
[   4.608]   [header-byte] write $ffa517 = 13 mask=00ff (pc=018446)
[   4.608] [packet-accepted] total=68 seq=43 flags=04 status=13 pc=01845e command=33 arg=02
[   4.627]   [header-byte] write $ffa517 = 13 mask=00ff (pc=018446)
[   4.627] [packet-accepted] total=69 seq=44 flags=04 status=13 pc=01845e command=33 arg=02
[   4.642]   [header-byte] write $ffa517 = 13 mask=00ff (pc=018446)
[   4.642] [packet-accepted] total=70 seq=45 flags=04 status=13 pc=01845e command=33 arg=02
[   4.659]   [header-byte] write $ffa517 = 13 mask=00ff (pc=018446)
[   4.659] [packet-accepted] total=71 seq=46 flags=04 status=13 pc=01845e command=33 arg=02
[   4.675]   [header-byte] write $ffa517 = 13 mask=00ff (pc=018446)
[   4.675] [packet-accepted] total=72 seq=47 flags=04 status=13 pc=01845e command=33 arg=02
[   4.675]   [header-byte] write $ffa517 = 13 mask=00ff (pc=018446)
[   4.675] [packet-accepted] total=73 seq=48 flags=04 status=13 pc=01845e command=33 arg=02
[   4.709]   [header-byte] write $ffa517 = 13 mask=00ff (pc=018446)
[   4.709] [packet-accepted] total=74 seq=49 flags=04 status=13 pc=01845e command=33 arg=02
[   4.709]   [header-byte] write $ffa517 = 13 mask=00ff (pc=018446)
[   4.709] [packet-accepted] total=75 seq=4a flags=04 status=13 pc=01845e command=33 arg=02
[   4.742]   [header-byte] write $ffa517 = 13 mask=00ff (pc=018446)
[   4.742] [packet-accepted] total=76 seq=4b flags=04 status=13 pc=01845e command=33 arg=02
[   4.742]   [header-byte] write $ffa517 = 13 mask=00ff (pc=018446)
[   4.742] [packet-accepted] total=77 seq=4c flags=04 status=13 pc=01845e command=33 arg=02
[   4.776]   [header-byte] write $ffa517 = 13 mask=00ff (pc=018446)
[   4.776] [packet-accepted] total=78 seq=4d flags=04 status=13 pc=01845e command=33 arg=02
[   4.792]   [header-byte] write $ffa517 = 13 mask=00ff (pc=018446)
[   4.792] [packet-accepted] total=79 seq=4e flags=04 status=13 pc=01845e command=33 arg=02
[   4.809]   [header-byte] write $ffa517 = 13 mask=00ff (pc=018446)
[   4.809] [packet-accepted] total=80 seq=4f flags=04 status=13 pc=01845e command=33 arg=02
[   4.825]   [header-byte] write $ffa517 = 13 mask=00ff (pc=018446)
[   4.825] [packet-accepted] total=81 seq=50 flags=04 status=13 pc=01845e command=33 arg=02
[   4.842]   [header-byte] write $ffa517 = 13 mask=00ff (pc=018446)
[   4.842] [packet-accepted] total=82 seq=51 flags=04 status=13 pc=01845e command=33 arg=02
[   4.859]   [header-byte] write $ffa517 = 13 mask=00ff (pc=018446)
[   4.859] [packet-accepted] total=83 seq=52 flags=04 status=13 pc=01845e command=33 arg=02
[   4.875]   [header-byte] write $ffa517 = 13 mask=00ff (pc=018446)
[   4.875] [packet-accepted] total=84 seq=53 flags=04 status=13 pc=01845e command=33 arg=02
[   4.892]   [header-byte] write $ffa517 = 13 mask=00ff (pc=018446)
[   4.892] [packet-accepted] total=85 seq=54 flags=04 status=13 pc=01845e command=33 arg=02
[   4.909]   [header-byte] write $ffa517 = 13 mask=00ff (pc=018446)
[   4.909] [packet-accepted] total=86 seq=55 flags=04 status=13 pc=01845e command=33 arg=02
[   4.925]   [header-byte] write $ffa517 = 13 mask=00ff (pc=018446)
[   4.925] [packet-accepted] total=87 seq=56 flags=04 status=13 pc=01845e command=33 arg=02
[   4.944]   [header-byte] write $ffa517 = 13 mask=00ff (pc=018446)
[   4.944] [packet-accepted] total=88 seq=57 flags=04 status=13 pc=01845e command=33 arg=02
[   4.959]   [header-byte] write $ffa517 = 13 mask=00ff (pc=018446)
[   4.959] [packet-accepted] total=89 seq=58 flags=04 status=13 pc=01845e command=33 arg=02
[   4.976]   [header-byte] write $ffa517 = 13 mask=00ff (pc=018446)
[   4.976] [packet-accepted] total=90 seq=59 flags=04 status=13 pc=01845e command=33 arg=02
[   4.992]   [header-byte] write $ffa517 = 13 mask=00ff (pc=018446)
[   4.992] [packet-accepted] total=91 seq=5a flags=04 status=13 pc=01845e command=33 arg=02
[   5.006] heartbeat frame=300 tx=283 rx=441 fc=1 fd=10 fe=1 linkflag=82 pc=00028a a502=00 a524=0005 a525=05 a170=08 a17f=00 txtail=001b rxpend=0000
[   5.006] [transport] captured=283 flushed=283 received=441 accepted=91 payload2=84 payload3=0 payload4=0 payload5=0 pump_reads=357 bursts=61 txcredit=0 outq=0 inq=0 watchdog=0 txseq=3e rxseq=5b rxcredit=5 protection=00 checks=0000
[   5.006] [epochs] local=1 peer=1 ready=true discarded_rx=0
[   5.006] [tcb-continuations] ffa580=ff80->018392 sleep=0 local26=7710 ffa5c0=ff80->01853c sleep=0 local26=0000 ffd040=ff80->018a40 sleep=0 local26=0300 ffd080=ff80->018ee4 sleep=0 local26=0000 ffd0c0=ff80->018ee4 sleep=0 local26=0000 ffd100=ff80->01fbb4 sleep=0 local26=0000 ffd140=ff80->01fbb6 sleep=0 local26=0002 ffd180=ff80->01fbb6 sleep=0 local26=00a2 ffd1c0=ff80->01fbb6 sleep=0 local26=01c2 ffd200=ff80->01fbb6 sleep=0 local26=02e2 ffd240=ff80->01902e sleep=0 local26=0000 ffd280=ff80->01ffe2 sleep=0 local26=0000 ffd2c0=ff80->020004 sleep=0 local26=0002 ffd300=ff80->020004 sleep=0 local26=0000 ffd340=ff80->01febe sleep=0 local26=0000 ffd380=ff80->01fedc sleep=0 local26=0000 ffd3c0=ff80->01febe sleep=0 local26=0000 ffd400=ff80->01fedc sleep=0 local26=0000
[   5.009]   [header-byte] write $ffa517 = 13 mask=00ff (pc=018446)
[   5.009] [packet-accepted] total=92 seq=5b flags=04 status=13 pc=01845e command=33 arg=02
[   5.026]   [header-byte] write $ffa517 = 13 mask=00ff (pc=018446)
[   5.026] [packet-accepted] total=93 seq=5c flags=04 status=13 pc=01845e command=33 arg=02
[   5.042]   [header-byte] write $ffa517 = 13 mask=00ff (pc=018446)
[   5.042] [packet-accepted] total=94 seq=5d flags=04 status=13 pc=01845e command=33 arg=02
[   5.059]   [header-byte] write $ffa517 = 13 mask=00ff (pc=018446)
[   5.059] [packet-accepted] total=95 seq=5e flags=04 status=13 pc=01845e command=33 arg=02
[   5.076]   [header-byte] write $ffa517 = 13 mask=00ff (pc=018446)
[   5.076] [packet-accepted] total=96 seq=5f flags=04 status=13 pc=01845e command=33 arg=02
[   5.094]   [header-byte] write $ffa517 = 13 mask=00ff (pc=018446)
[   5.094] [packet-accepted] total=97 seq=60 flags=04 status=13 pc=01845e command=33 arg=02
[   5.109]   [header-byte] write $ffa517 = 13 mask=00ff (pc=018446)
[   5.109] [packet-accepted] total=98 seq=61 flags=04 status=13 pc=01845e command=33 arg=02
[   5.126]   [header-byte] write $ffa517 = 13 mask=00ff (pc=018446)
[   5.126] [packet-accepted] total=99 seq=62 flags=04 status=13 pc=01845e command=33 arg=02
[   5.142]   [header-byte] write $ffa517 = 13 mask=00ff (pc=018446)
[   5.142] [packet-accepted] total=100 seq=63 flags=04 status=13 pc=01845e command=33 arg=02
[   5.159]   [header-byte] write $ffa517 = 13 mask=00ff (pc=018446)
[   5.159] [packet-accepted] total=101 seq=64 flags=04 status=13 pc=01845e command=33 arg=02
[   5.176]   [header-byte] write $ffa517 = 13 mask=00ff (pc=018446)
[   5.176] [packet-accepted] total=102 seq=65 flags=04 status=13 pc=01845e command=33 arg=02
[   5.192]   [header-byte] write $ffa517 = 13 mask=00ff (pc=018446)
[   5.192] [packet-accepted] total=103 seq=66 flags=04 status=13 pc=01845e command=33 arg=02
[   5.209]   [header-byte] write $ffa517 = 13 mask=00ff (pc=018446)
[   5.209] [packet-accepted] total=104 seq=67 flags=04 status=13 pc=01845e command=33 arg=02
[   5.209]   [header-byte] write $ffa517 = 13 mask=00ff (pc=018446)
[   5.209] [packet-accepted] total=105 seq=68 flags=04 status=13 pc=01845e command=33 arg=02
[   5.242]   [header-byte] write $ffa517 = 13 mask=00ff (pc=018446)
[   5.242] [packet-accepted] total=106 seq=69 flags=04 status=13 pc=01845e command=33 arg=02
[   5.259]   [header-byte] write $ffa517 = 13 mask=00ff (pc=018446)
[   5.259] [packet-accepted] total=107 seq=6a flags=04 status=13 pc=01845e command=33 arg=02
[   5.276]   [header-byte] write $ffa517 = 13 mask=00ff (pc=018446)
[   5.276] [packet-accepted] total=108 seq=6b flags=04 status=13 pc=01845e command=33 arg=02
[   5.292]   [header-byte] write $ffa517 = 13 mask=00ff (pc=018446)
[   5.292] [packet-accepted] total=109 seq=6c flags=04 status=13 pc=01845e command=33 arg=02
[   5.309]   [header-byte] write $ffa517 = 13 mask=00ff (pc=018446)
[   5.309] [packet-accepted] total=110 seq=6d flags=04 status=13 pc=01845e command=33 arg=02
[   5.309]   [header-byte] write $ffa517 = 13 mask=00ff (pc=018446)
[   5.309] [packet-accepted] total=111 seq=6e flags=04 status=13 pc=01845e command=33 arg=02
[   5.326]   [header-byte] write $ffa517 = 13 mask=00ff (pc=018446)
[   5.326] [packet-accepted] total=112 seq=6f flags=04 status=13 pc=01845e command=33 arg=02
[   5.359]   [header-byte] write $ffa517 = 13 mask=00ff (pc=018446)
[   5.359] [packet-accepted] total=113 seq=70 flags=04 status=13 pc=01845e command=33 arg=02
[   5.376]   [header-byte] write $ffa517 = 13 mask=00ff (pc=018446)
[   5.376] [packet-accepted] total=114 seq=71 flags=04 status=13 pc=01845e command=33 arg=02
[   5.392]   [header-byte] write $ffa517 = 13 mask=00ff (pc=018446)
[   5.392] [packet-accepted] total=115 seq=72 flags=04 status=13 pc=01845e command=33 arg=02
[   5.411]   [header-byte] write $ffa517 = 13 mask=00ff (pc=018446)
[   5.411] [packet-accepted] total=116 seq=73 flags=04 status=13 pc=01845e command=33 arg=02
[   5.426]   [header-byte] write $ffa517 = 13 mask=00ff (pc=018446)
[   5.426] [packet-accepted] total=117 seq=74 flags=04 status=13 pc=01845e command=33 arg=02
[   5.443]   [header-byte] write $ffa517 = 13 mask=00ff (pc=018446)
[   5.443] [packet-accepted] total=118 seq=75 flags=04 status=13 pc=01845e command=33 arg=02
[   5.443]   [header-byte] write $ffa517 = 13 mask=00ff (pc=018446)
[   5.443] [packet-accepted] total=119 seq=76 flags=04 status=13 pc=01845e command=33 arg=02
[   5.459]   [header-byte] write $ffa517 = 13 mask=00ff (pc=018446)
[   5.459] [packet-accepted] total=120 seq=77 flags=04 status=13 pc=01845e command=33 arg=02
[   5.493]   [header-byte] write $ffa517 = 13 mask=00ff (pc=018446)
[   5.493] [packet-accepted] total=121 seq=78 flags=04 status=13 pc=01845e command=33 arg=02
[   5.493]   [header-byte] write $ffa517 = 13 mask=00ff (pc=018446)
[   5.493] [packet-accepted] total=122 seq=79 flags=04 status=13 pc=01845e command=33 arg=02
[   5.509]   [header-byte] write $ffa517 = 13 mask=00ff (pc=018446)
[   5.509] [packet-accepted] total=123 seq=7a flags=04 status=13 pc=01845e command=33 arg=02
[   5.526]   [header-byte] write $ffa517 = 13 mask=00ff (pc=018446)
[   5.526] [packet-accepted] total=124 seq=7b flags=04 status=13 pc=01845e command=33 arg=02
[   5.543]   [header-byte] write $ffa517 = 13 mask=00ff (pc=018446)
[   5.543] [packet-accepted] total=125 seq=7c flags=04 status=13 pc=01845e command=33 arg=02
[   5.578]   [header-byte] write $ffa517 = 13 mask=00ff (pc=018446)
[   5.578] [packet-accepted] total=126 seq=7d flags=04 status=13 pc=01845e command=33 arg=02
[   5.578]   [header-byte] write $ffa517 = 13 mask=00ff (pc=018446)
[   5.578] [packet-accepted] total=127 seq=7e flags=04 status=13 pc=01845e command=33 arg=02
[   5.593]   [header-byte] write $ffa517 = 13 mask=00ff (pc=018446)
[   5.593] [packet-accepted] total=128 seq=7f flags=04 status=13 pc=01845e command=33 arg=02
[   5.610]   [header-byte] write $ffa517 = 13 mask=00ff (pc=018446)
[   5.610] [packet-accepted] total=129 seq=80 flags=04 status=13 pc=01845e command=33 arg=02
[   5.626]   [header-byte] write $ffa517 = 13 mask=00ff (pc=018446)
[   5.626] [packet-accepted] total=130 seq=81 flags=04 status=13 pc=01845e command=33 arg=02
[   5.660]   [header-byte] write $ffa517 = 13 mask=00ff (pc=018446)
[   5.660] [packet-accepted] total=131 seq=82 flags=04 status=13 pc=01845e command=33 arg=02
[   5.676]   [header-byte] write $ffa517 = 13 mask=00ff (pc=018446)
[   5.676] [packet-accepted] total=132 seq=83 flags=04 status=13 pc=01845e command=33 arg=02
[   5.676]   [header-byte] write $ffa517 = 13 mask=00ff (pc=018446)
[   5.676] [packet-accepted] total=133 seq=84 flags=04 status=13 pc=01845e command=33 arg=02
[   5.693]   [header-byte] write $ffa517 = 13 mask=00ff (pc=018446)
[   5.693] [packet-accepted] total=134 seq=85 flags=04 status=13 pc=01845e command=33 arg=02
[   5.726]   [header-byte] write $ffa517 = 13 mask=00ff (pc=018446)
[   5.726] [packet-accepted] total=135 seq=86 flags=04 status=13 pc=01845e command=33 arg=02
[   5.727]   [header-byte] write $ffa517 = 13 mask=00ff (pc=018446)
[   5.727] [packet-accepted] total=136 seq=87 flags=04 status=13 pc=01845e command=33 arg=02
[   5.743]   [header-byte] write $ffa517 = 13 mask=00ff (pc=018446)
[   5.743] [packet-accepted] total=137 seq=88 flags=04 status=13 pc=01845e command=33 arg=02
[   5.776]   [header-byte] write $ffa517 = 13 mask=00ff (pc=018446)
[   5.776] [packet-accepted] total=138 seq=89 flags=04 status=13 pc=01845e command=33 arg=02
[   5.793]   [header-byte] write $ffa517 = 13 mask=00ff (pc=018446)
[   5.793] [packet-accepted] total=139 seq=8a flags=04 status=13 pc=01845e command=33 arg=02
[   5.810]   [header-byte] write $ffa517 = 13 mask=00ff (pc=018446)
[   5.810] [packet-accepted] total=140 seq=8b flags=04 status=13 pc=01845e command=33 arg=02
[   5.826]   [header-byte] write $ffa517 = 13 mask=00ff (pc=018446)
[   5.826] [packet-accepted] total=141 seq=8c flags=04 status=13 pc=01845e command=33 arg=02
[   5.843]   [header-byte] write $ffa517 = 13 mask=00ff (pc=018446)
[   5.843] [packet-accepted] total=142 seq=8d flags=04 status=13 pc=01845e command=33 arg=02
[   5.860]   [header-byte] write $ffa517 = 13 mask=00ff (pc=018446)
[   5.860] [packet-accepted] total=143 seq=8e flags=04 status=13 pc=01845e command=33 arg=02
[   5.876]   [header-byte] write $ffa517 = 13 mask=00ff (pc=018446)
[   5.876] [packet-accepted] total=144 seq=8f flags=04 status=13 pc=01845e command=33 arg=02
[   5.895]   [header-byte] write $ffa517 = 13 mask=00ff (pc=018446)
[   5.895] [packet-accepted] total=145 seq=90 flags=04 status=13 pc=01845e command=33 arg=02
[   5.910]   [header-byte] write $ffa517 = 13 mask=00ff (pc=018446)
[   5.910] [packet-accepted] total=146 seq=91 flags=04 status=13 pc=01845e command=33 arg=02
[   5.927]   [header-byte] write $ffa517 = 13 mask=00ff (pc=018446)
[   5.927] [packet-accepted] total=147 seq=92 flags=04 status=13 pc=01845e command=33 arg=02
[   5.927]   [header-byte] write $ffa517 = 13 mask=00ff (pc=018446)
[   5.927] [packet-accepted] total=148 seq=93 flags=04 status=13 pc=01845e command=33 arg=02
[   5.960]   [header-byte] write $ffa517 = 13 mask=00ff (pc=018446)
[   5.960] [packet-accepted] total=149 seq=94 flags=04 status=13 pc=01845e command=33 arg=02
[   5.960]   [header-byte] write $ffa517 = 13 mask=00ff (pc=018446)
[   5.960] [packet-accepted] total=150 seq=95 flags=04 status=13 pc=01845e command=33 arg=02
[   5.977]   [header-byte] write $ffa517 = 13 mask=00ff (pc=018446)
[   5.977] [packet-accepted] total=151 seq=96 flags=04 status=13 pc=01845e command=33 arg=02
[   5.993]   [header-byte] write $ffa517 = 13 mask=00ff (pc=018446)
[   5.993] [packet-accepted] total=152 seq=97 flags=04 status=13 pc=01845e command=33 arg=02
[   6.008] heartbeat frame=360 tx=583 rx=746 fc=1 fd=10 fe=1 linkflag=82 pc=00028a a502=00 a524=0005 a525=05 a170=08 a17f=00 txtail=0047 rxpend=0000
[   6.008] [transport] captured=583 flushed=583 received=746 accepted=152 payload2=145 payload3=0 payload4=0 payload5=0 pump_reads=469 bursts=121 txcredit=0 outq=0 inq=0 watchdog=0 txseq=7a rxseq=98 rxcredit=0 protection=00 checks=0000
[   6.008] [epochs] local=1 peer=1 ready=true discarded_rx=0
[   6.008] [tcb-continuations] ffa580=ff80->018392 sleep=0 local26=7710 ffa5c0=ff80->01853c sleep=0 local26=0000 ffd040=ff80->018a40 sleep=0 local26=0300 ffd080=ff80->018ee4 sleep=0 local26=0000 ffd0c0=ff80->018ee4 sleep=0 local26=0000 ffd100=ff80->01fbb4 sleep=0 local26=0000 ffd140=ff80->01fbb6 sleep=0 local26=0002 ffd180=ff80->01fbb6 sleep=0 local26=00a2 ffd1c0=ff80->01fbb6 sleep=0 local26=01c2 ffd200=ff80->01fbb6 sleep=0 local26=02e2 ffd240=ff80->01902e sleep=0 local26=0000 ffd280=ff80->01ffe2 sleep=0 local26=0009 ffd2c0=ff80->020004 sleep=0 local26=0002 ffd300=ff80->020004 sleep=0 local26=0000 ffd340=ff80->01febe sleep=0 local26=0000 ffd380=ff80->01fedc sleep=0 local26=0000 ffd3c0=ff80->01febe sleep=0 local26=0000 ffd400=ff80->01fedc sleep=0 local26=0000
[   6.027]   [header-byte] write $ffa517 = 13 mask=00ff (pc=018446)
[   6.027] [packet-accepted] total=153 seq=98 flags=04 status=13 pc=01845e command=33 arg=02
[   6.045]   [header-byte] write $ffa517 = 13 mask=00ff (pc=018446)
[   6.045] [packet-accepted] total=154 seq=99 flags=04 status=13 pc=01845e command=33 arg=02
[   6.060]   [header-byte] write $ffa517 = 13 mask=00ff (pc=018446)
[   6.060] [packet-accepted] total=155 seq=9a flags=04 status=13 pc=01845e command=33 arg=02
[   6.077]   [header-byte] write $ffa517 = 13 mask=00ff (pc=018446)
[   6.077] [packet-accepted] total=156 seq=9b flags=04 status=13 pc=01845e command=33 arg=02
[   6.094]   [header-byte] write $ffa517 = 13 mask=00ff (pc=018446)
[   6.094] [packet-accepted] total=157 seq=9c flags=04 status=13 pc=01845e command=33 arg=02
[   6.110]   [header-byte] write $ffa517 = 13 mask=00ff (pc=018446)
[   6.110] [packet-accepted] total=158 seq=9d flags=04 status=13 pc=01845e command=33 arg=02
[   6.127]   [header-byte] write $ffa517 = 13 mask=00ff (pc=018446)
[   6.127] [packet-accepted] total=159 seq=9e flags=04 status=13 pc=01845e command=33 arg=02
[   6.144]   [header-byte] write $ffa517 = 13 mask=00ff (pc=018446)
[   6.144] [packet-accepted] total=160 seq=9f flags=04 status=13 pc=01845e command=33 arg=02
[   6.144]   [header-byte] write $ffa517 = 13 mask=00ff (pc=018446)
[   6.144] [packet-accepted] total=161 seq=a0 flags=04 status=13 pc=01845e command=33 arg=02
[   6.177]   [header-byte] write $ffa517 = 13 mask=00ff (pc=018446)
[   6.177] [packet-accepted] total=162 seq=a1 flags=04 status=13 pc=01845e command=33 arg=02
[   6.194]   [header-byte] write $ffa517 = 13 mask=00ff (pc=018446)
[   6.194] [packet-accepted] total=163 seq=a2 flags=04 status=13 pc=01845e command=33 arg=02
[   6.211]   [header-byte] write $ffa517 = 13 mask=00ff (pc=018446)
[   6.211] [packet-accepted] total=164 seq=a3 flags=04 status=13 pc=01845e command=33 arg=02
[   6.227]   [header-byte] write $ffa517 = 13 mask=00ff (pc=018446)
[   6.227] [packet-accepted] total=165 seq=a4 flags=04 status=13 pc=01845e command=33 arg=02
[   6.244]   [header-byte] write $ffa517 = 13 mask=00ff (pc=018446)
[   6.244] [packet-accepted] total=166 seq=a5 flags=04 status=13 pc=01845e command=33 arg=02
[   6.261]   [header-byte] write $ffa517 = 13 mask=00ff (pc=018446)
[   6.261] [packet-accepted] total=167 seq=a6 flags=04 status=13 pc=01845e command=33 arg=02
[   6.277]   [header-byte] write $ffa517 = 13 mask=00ff (pc=018446)
[   6.277] [packet-accepted] total=168 seq=a7 flags=04 status=13 pc=01845e command=33 arg=02
[   6.294]   [header-byte] write $ffa517 = 13 mask=00ff (pc=018446)
[   6.294] [packet-accepted] total=169 seq=a8 flags=04 status=13 pc=01845e command=33 arg=02
[   6.311]   [header-byte] write $ffa517 = 13 mask=00ff (pc=018446)
[   6.311] [packet-accepted] total=170 seq=a9 flags=04 status=13 pc=01845e command=33 arg=02
[   6.327]   [header-byte] write $ffa517 = 13 mask=00ff (pc=018446)
[   6.327] [packet-accepted] total=171 seq=aa flags=04 status=13 pc=01845e command=33 arg=02
[   6.344]   [header-byte] write $ffa517 = 13 mask=00ff (pc=018446)
[   6.344] [packet-accepted] total=172 seq=ab flags=04 status=13 pc=01845e command=33 arg=02
[   6.362]   [header-byte] write $ffa517 = 13 mask=00ff (pc=018446)
[   6.362] [packet-accepted] total=173 seq=ac flags=04 status=13 pc=01845e command=33 arg=02
[   6.377]   [header-byte] write $ffa517 = 13 mask=00ff (pc=018446)
[   6.377] [packet-accepted] total=174 seq=ad flags=04 status=13 pc=01845e command=33 arg=02
[   6.394]   [header-byte] write $ffa517 = 13 mask=00ff (pc=018446)
[   6.394] [packet-accepted] total=175 seq=ae flags=04 status=13 pc=01845e command=33 arg=02
[   6.411]   [header-byte] write $ffa517 = 13 mask=00ff (pc=018446)
[   6.411] [packet-accepted] total=176 seq=af flags=04 status=13 pc=01845e command=33 arg=02
[   6.427]   [header-byte] write $ffa517 = 13 mask=00ff (pc=018446)
[   6.427] [packet-accepted] total=177 seq=b0 flags=04 status=13 pc=01845e command=33 arg=02
[   6.427]   [header-byte] write $ffa517 = 13 mask=00ff (pc=018446)
[   6.427] [packet-accepted] total=178 seq=b1 flags=04 status=13 pc=01845e command=33 arg=02
[   6.461]   [header-byte] write $ffa517 = 13 mask=00ff (pc=018446)
[   6.461] [packet-accepted] total=179 seq=b2 flags=04 status=13 pc=01845e command=33 arg=02
[   6.477]   [header-byte] write $ffa517 = 13 mask=00ff (pc=018446)
[   6.477] [packet-accepted] total=180 seq=b3 flags=04 status=13 pc=01845e command=33 arg=02
[   6.494]   [header-byte] write $ffa517 = 13 mask=00ff (pc=018446)
[   6.494] [packet-accepted] total=181 seq=b4 flags=04 status=13 pc=01845e command=33 arg=02
[   6.511]   [header-byte] write $ffa517 = 13 mask=00ff (pc=018446)
[   6.511] [packet-accepted] total=182 seq=b5 flags=04 status=13 pc=01845e command=33 arg=02
[   6.530]   [header-byte] write $ffa517 = 13 mask=00ff (pc=018446)
[   6.530] [packet-accepted] total=183 seq=b6 flags=04 status=13 pc=01845e command=33 arg=02
[   6.544]   [header-byte] write $ffa517 = 13 mask=00ff (pc=018446)
[   6.544] [packet-accepted] total=184 seq=b7 flags=04 status=13 pc=01845e command=33 arg=02
[   6.561]   [header-byte] write $ffa517 = 13 mask=00ff (pc=018446)
[   6.561] [packet-accepted] total=185 seq=b8 flags=04 status=13 pc=01845e command=33 arg=02
[   6.578]   [header-byte] write $ffa517 = 13 mask=00ff (pc=018446)
[   6.578] [packet-accepted] total=186 seq=b9 flags=04 status=13 pc=01845e command=33 arg=02
[   6.594]   [header-byte] write $ffa517 = 13 mask=00ff (pc=018446)
[   6.594] [packet-accepted] total=187 seq=ba flags=04 status=13 pc=01845e command=33 arg=02
[   6.611]   [header-byte] write $ffa517 = 13 mask=00ff (pc=018446)
[   6.611] [packet-accepted] total=188 seq=bb flags=04 status=13 pc=01845e command=33 arg=02
[   6.628]   [header-byte] write $ffa517 = 13 mask=00ff (pc=018446)
[   6.628] [packet-accepted] total=189 seq=bc flags=04 status=13 pc=01845e command=33 arg=02
[   6.644]   [header-byte] write $ffa517 = 13 mask=00ff (pc=018446)
[   6.644] [packet-accepted] total=190 seq=bd flags=04 status=13 pc=01845e command=33 arg=02
[   6.661]   [header-byte] write $ffa517 = 13 mask=00ff (pc=018446)
[   6.661] [packet-accepted] total=191 seq=be flags=04 status=13 pc=01845e command=33 arg=02
[   6.678]   [header-byte] write $ffa517 = 13 mask=00ff (pc=018446)
[   6.678] [packet-accepted] total=192 seq=bf flags=04 status=13 pc=01845e command=33 arg=02
[   6.694]   [header-byte] write $ffa517 = 13 mask=00ff (pc=018446)
[   6.694] [packet-accepted] total=193 seq=c0 flags=04 status=13 pc=01845e command=33 arg=02
[   6.711]   [header-byte] write $ffa517 = 13 mask=00ff (pc=018446)
[   6.711] [packet-accepted] total=194 seq=c1 flags=04 status=13 pc=01845e command=33 arg=02
[   6.728]   [header-byte] write $ffa517 = 13 mask=00ff (pc=018446)
[   6.728] [packet-accepted] total=195 seq=c2 flags=04 status=13 pc=01845e command=33 arg=02
[   6.745]   [header-byte] write $ffa517 = 13 mask=00ff (pc=018446)
[   6.745] [packet-accepted] total=196 seq=c3 flags=04 status=13 pc=01845e command=33 arg=02
[   6.761]   [header-byte] write $ffa517 = 13 mask=00ff (pc=018446)
[   6.761] [packet-accepted] total=197 seq=c4 flags=04 status=13 pc=01845e command=33 arg=02
[   6.778]   [header-byte] write $ffa517 = 13 mask=00ff (pc=018446)
[   6.778] [packet-accepted] total=198 seq=c5 flags=04 status=13 pc=01845e command=33 arg=02
[   6.795]   [header-byte] write $ffa517 = 13 mask=00ff (pc=018446)
[   6.795] [packet-accepted] total=199 seq=c6 flags=04 status=13 pc=01845e command=33 arg=02
[   6.811]   [header-byte] write $ffa517 = 13 mask=00ff (pc=018446)
[   6.811] [packet-accepted] total=200 seq=c7 flags=04 status=13 pc=01845e command=33 arg=02
[   6.828]   [header-byte] write $ffa517 = 13 mask=00ff (pc=018446)
[   6.828] [packet-accepted] total=201 seq=c8 flags=04 status=13 pc=01845e command=33 arg=02
[   6.846]   [header-byte] write $ffa517 = 13 mask=00ff (pc=018446)
[   6.846] [packet-accepted] total=202 seq=c9 flags=04 status=13 pc=01845e command=33 arg=02
[   6.861]   [header-byte] write $ffa517 = 13 mask=00ff (pc=018446)
[   6.861] [packet-accepted] total=203 seq=ca flags=04 status=13 pc=01845e command=33 arg=02
[   6.878]   [header-byte] write $ffa517 = 13 mask=00ff (pc=018446)
[   6.878] [packet-accepted] total=204 seq=cb flags=04 status=13 pc=01845e command=33 arg=02
[   6.895]   [header-byte] write $ffa517 = 13 mask=00ff (pc=018446)
[   6.895] [packet-accepted] total=205 seq=cc flags=04 status=13 pc=01845e command=33 arg=02
[   6.911]   [header-byte] write $ffa517 = 13 mask=00ff (pc=018446)
[   6.911] [packet-accepted] total=206 seq=cd flags=04 status=13 pc=01845e command=33 arg=02
[   6.928]   [header-byte] write $ffa517 = 13 mask=00ff (pc=018446)
[   6.928] [packet-accepted] total=207 seq=ce flags=04 status=13 pc=01845e command=33 arg=02
[   6.945]   [header-byte] write $ffa517 = 13 mask=00ff (pc=018446)
[   6.945] [packet-accepted] total=208 seq=cf flags=04 status=13 pc=01845e command=33 arg=02
[   6.961]   [header-byte] write $ffa517 = 13 mask=00ff (pc=018446)
[   6.961] [packet-accepted] total=209 seq=d0 flags=04 status=13 pc=01845e command=33 arg=02
[   6.978]   [header-byte] write $ffa517 = 13 mask=00ff (pc=018446)
[   6.978] [packet-accepted] total=210 seq=d1 flags=04 status=13 pc=01845e command=33 arg=02
[   6.996]   [header-byte] write $ffa517 = 13 mask=00ff (pc=018446)
[   6.996] [packet-accepted] total=211 seq=d2 flags=04 status=13 pc=01845e command=33 arg=02
[   7.009] heartbeat frame=420 tx=883 rx=1041 fc=1 fd=10 fe=1 linkflag=82 pc=00028a a502=00 a524=0005 a525=05 a170=08 a17f=00 txtail=0073 rxpend=0000
[   7.009] [transport] captured=883 flushed=883 received=1041 accepted=211 payload2=204 payload3=0 payload4=0 payload5=0 pump_reads=586 bursts=181 txcredit=0 outq=0 inq=0 watchdog=0 txseq=b6 rxseq=d3 rxcredit=5 protection=00 checks=0000
[   7.009] [epochs] local=1 peer=1 ready=true discarded_rx=0
[   7.009] [tcb-continuations] ffa580=ff80->018392 sleep=0 local26=7710 ffa5c0=ff80->01853c sleep=0 local26=0000 ffd040=ff80->018a40 sleep=0 local26=0300 ffd080=ff80->018ee4 sleep=0 local26=0000 ffd0c0=ff80->018ee4 sleep=0 local26=0000 ffd100=ff80->01fbb4 sleep=0 local26=0000 ffd140=ff80->01fbb6 sleep=0 local26=0002 ffd180=ff80->01fbb6 sleep=0 local26=00a2 ffd1c0=ff80->01fbb6 sleep=0 local26=01c2 ffd200=ff80->01fbb6 sleep=0 local26=02e2 ffd240=ff80->01902e sleep=0 local26=0000 ffd280=ff80->01ffe2 sleep=0 local26=0008 ffd2c0=ff80->020004 sleep=0 local26=0002 ffd300=ff80->020004 sleep=0 local26=0000 ffd340=ff80->01febe sleep=0 local26=0000 ffd380=ff80->01fedc sleep=0 local26=0000 ffd3c0=ff80->01febe sleep=0 local26=0000 ffd400=ff80->01fedc sleep=0 local26=0000
[   7.011]   [header-byte] write $ffa517 = 13 mask=00ff (pc=018446)
[   7.011] [packet-accepted] total=212 seq=d3 flags=04 status=13 pc=01845e command=33 arg=02
[   7.026] [protection-state] address=ffa020 data=0101 mask=ff00 pc=000948
[   7.026] [protection-state] address=ffa020 data=0101 mask=00ff pc=000952
[   7.033]   [header-byte] write $ffa517 = 13 mask=00ff (pc=018446)
[   7.033] [packet-accepted] total=213 seq=d4 flags=04 status=13 pc=01845e command=33 arg=02
[   7.043] [protection-state] address=ffa020 data=0000 mask=00ff pc=000952
[   7.045]   [header-byte] write $ffa517 = 13 mask=00ff (pc=018446)
[   7.045] [packet-accepted] total=214 seq=d5 flags=04 status=13 pc=01845e command=33 arg=02
[   7.063]   [header-byte] write $ffa517 = 13 mask=00ff (pc=018446)
[   7.063] [packet-accepted] total=215 seq=d6 flags=04 status=13 pc=01845e command=33 arg=02
[   7.076] [protection-state] address=ffa020 data=0000 mask=ff00 pc=000948
[   7.079]   [header-byte] write $ffa517 = 13 mask=00ff (pc=018446)
[   7.079] [packet-accepted] total=216 seq=d7 flags=04 status=13 pc=01845e command=33 arg=02
[   7.096]   [header-byte] write $ffa517 = 13 mask=00ff (pc=018446)
[   7.096] [packet-accepted] total=217 seq=d8 flags=04 status=13 pc=01845e command=33 arg=02
[   7.112]   [header-byte] write $ffa517 = 13 mask=00ff (pc=018446)
[   7.112] [packet-accepted] total=218 seq=d9 flags=04 status=13 pc=01845e command=33 arg=02
[   7.129]   [header-byte] write $ffa517 = 13 mask=00ff (pc=018446)
[   7.129] [packet-accepted] total=219 seq=da flags=04 status=13 pc=01845e command=33 arg=02
[   7.145]   [header-byte] write $ffa517 = 13 mask=00ff (pc=018446)
[   7.145] [packet-accepted] total=220 seq=db flags=04 status=13 pc=01845e command=33 arg=02
[   7.162]   [header-byte] write $ffa517 = 13 mask=00ff (pc=018446)
[   7.162] [packet-accepted] total=221 seq=dc flags=04 status=13 pc=01845e command=33 arg=02
[   7.179]   [header-byte] write $ffa517 = 13 mask=00ff (pc=018446)
[   7.179] [packet-accepted] total=222 seq=dd flags=04 status=13 pc=01845e command=33 arg=02
[   7.195]   [header-byte] write $ffa517 = 13 mask=00ff (pc=018446)
[   7.195] [packet-accepted] total=223 seq=de flags=04 status=13 pc=01845e command=33 arg=02
[   7.212]   [header-byte] write $ffa517 = 13 mask=00ff (pc=018446)
[   7.212] [packet-accepted] total=224 seq=df flags=04 status=13 pc=01845e command=33 arg=02
[   7.229]   [header-byte] write $ffa517 = 13 mask=00ff (pc=018446)
[   7.229] [packet-accepted] total=225 seq=e0 flags=04 status=13 pc=01845e command=33 arg=02
[   7.245]   [header-byte] write $ffa517 = 13 mask=00ff (pc=018446)
[   7.245] [packet-accepted] total=226 seq=e1 flags=04 status=13 pc=01845e command=33 arg=02
[   7.262]   [header-byte] write $ffa517 = 13 mask=00ff (pc=018446)
[   7.262] [packet-accepted] total=227 seq=e2 flags=04 status=13 pc=01845e command=33 arg=02
[   7.276] [protection-state] address=ffa020 data=0101 mask=ff00 pc=000948
[   7.276] [protection-state] address=ffa020 data=0101 mask=00ff pc=000952
[   7.281]   [header-byte] write $ffa517 = 13 mask=00ff (pc=018446)
[   7.281] [packet-accepted] total=228 seq=e3 flags=04 status=13 pc=01845e command=33 arg=02
[   7.293] [protection-state] address=ffa020 data=0000 mask=00ff pc=000952
[   7.295]   [header-byte] write $ffa517 = 13 mask=00ff (pc=018446)
[   7.295] [packet-accepted] total=229 seq=e4 flags=04 status=13 pc=01845e command=33 arg=02
[   7.313]   [header-byte] write $ffa517 = 13 mask=00ff (pc=018446)
[   7.313] [packet-accepted] total=230 seq=e5 flags=04 status=13 pc=01845e command=33 arg=02
[   7.326] [protection-state] address=ffa020 data=0000 mask=ff00 pc=000948
[   7.329]   [header-byte] write $ffa517 = 13 mask=00ff (pc=018446)
[   7.329] [packet-accepted] total=231 seq=e6 flags=04 status=13 pc=01845e command=33 arg=02
[   7.346]   [header-byte] write $ffa517 = 13 mask=00ff (pc=018446)
[   7.346] [packet-accepted] total=232 seq=e7 flags=04 status=13 pc=01845e command=33 arg=02
[   7.363]   [header-byte] write $ffa517 = 13 mask=00ff (pc=018446)
[   7.363] [packet-accepted] total=233 seq=e8 flags=04 status=13 pc=01845e command=33 arg=02
[   7.379]   [header-byte] write $ffa517 = 13 mask=00ff (pc=018446)
[   7.379] [packet-accepted] total=234 seq=e9 flags=04 status=13 pc=01845e command=33 arg=02
[   7.396]   [header-byte] write $ffa517 = 13 mask=00ff (pc=018446)
[   7.396] [packet-accepted] total=235 seq=ea flags=04 status=13 pc=01845e command=33 arg=02
[   7.413]   [header-byte] write $ffa517 = 13 mask=00ff (pc=018446)
[   7.413] [packet-accepted] total=236 seq=eb flags=04 status=13 pc=01845e command=33 arg=02
[   7.429]   [header-byte] write $ffa517 = 13 mask=00ff (pc=018446)
[   7.429] [packet-accepted] total=237 seq=ec flags=04 status=13 pc=01845e command=33 arg=02
[   7.446]   [header-byte] write $ffa517 = 13 mask=00ff (pc=018446)
[   7.446] [packet-accepted] total=238 seq=ed flags=04 status=13 pc=01845e command=33 arg=02
[   7.462]   [header-byte] write $ffa517 = 13 mask=00ff (pc=018446)
[   7.462] [packet-accepted] total=239 seq=ee flags=04 status=13 pc=01845e command=33 arg=02
[   7.480]   [header-byte] write $ffa517 = 13 mask=00ff (pc=018446)
[   7.480] [packet-accepted] total=240 seq=ef flags=04 status=13 pc=01845e command=33 arg=02
[   7.496]   [header-byte] write $ffa517 = 13 mask=00ff (pc=018446)
[   7.496] [packet-accepted] total=241 seq=f0 flags=04 status=13 pc=01845e command=33 arg=02
[   7.513]   [header-byte] write $ffa517 = 13 mask=00ff (pc=018446)
[   7.513] [packet-accepted] total=242 seq=f1 flags=04 status=13 pc=01845e command=33 arg=02
[   7.526] [protection-state] address=ffa020 data=0101 mask=ff00 pc=000948
[   7.526] [protection-state] address=ffa020 data=0101 mask=00ff pc=000952
[   7.531]   [header-byte] write $ffa517 = 13 mask=00ff (pc=018446)
[   7.531] [packet-accepted] total=243 seq=f2 flags=04 status=13 pc=01845e command=33 arg=02
[   7.543] [protection-state] address=ffa020 data=0000 mask=00ff pc=000952
[   7.546]   [header-byte] write $ffa517 = 13 mask=00ff (pc=018446)
[   7.546] [packet-accepted] total=244 seq=f3 flags=04 status=13 pc=01845e command=33 arg=02
[   7.563]   [header-byte] write $ffa517 = 13 mask=00ff (pc=018446)
[   7.563] [packet-accepted] total=245 seq=f4 flags=04 status=13 pc=01845e command=33 arg=02
[   7.577] [protection-state] address=ffa020 data=0000 mask=ff00 pc=000948
[   7.579]   [header-byte] write $ffa517 = 13 mask=00ff (pc=018446)
[   7.579] [packet-accepted] total=246 seq=f5 flags=04 status=13 pc=01845e command=33 arg=02
[   7.596]   [header-byte] write $ffa517 = 13 mask=00ff (pc=018446)
[   7.596] [packet-accepted] total=247 seq=f6 flags=04 status=13 pc=01845e command=33 arg=02
[   7.613]   [header-byte] write $ffa517 = 13 mask=00ff (pc=018446)
[   7.613] [packet-accepted] total=248 seq=f7 flags=04 status=13 pc=01845e command=33 arg=02
[   7.630]   [header-byte] write $ffa517 = 13 mask=00ff (pc=018446)
[   7.630] [packet-accepted] total=249 seq=f8 flags=04 status=13 pc=01845e command=33 arg=02
[   7.646]   [header-byte] write $ffa517 = 13 mask=00ff (pc=018446)
[   7.646] [packet-accepted] total=250 seq=f9 flags=04 status=13 pc=01845e command=33 arg=02
[   7.663]   [header-byte] write $ffa517 = 13 mask=00ff (pc=018446)
[   7.663] [packet-accepted] total=251 seq=fa flags=04 status=13 pc=01845e command=33 arg=02
[   7.679]   [header-byte] write $ffa517 = 13 mask=00ff (pc=018446)
[   7.679] [packet-accepted] total=252 seq=fb flags=04 status=13 pc=01845e command=33 arg=02
[   7.696]   [header-byte] write $ffa517 = 13 mask=00ff (pc=018446)
[   7.696] [packet-accepted] total=253 seq=fc flags=04 status=13 pc=01845e command=33 arg=02
[   7.713]   [header-byte] write $ffa517 = 13 mask=00ff (pc=018446)
[   7.713] [packet-accepted] total=254 seq=fd flags=04 status=13 pc=01845e command=33 arg=02
[   7.729]   [header-byte] write $ffa517 = 13 mask=00ff (pc=018446)
[   7.729] [packet-accepted] total=255 seq=fe flags=04 status=13 pc=01845e command=33 arg=02
[   7.746]   [header-byte] write $ffa517 = 13 mask=00ff (pc=018446)
[   7.746] [packet-accepted] total=256 seq=ff flags=04 status=13 pc=01845e command=33 arg=02
[   7.763]   [header-byte] write $ffa517 = 13 mask=00ff (pc=018446)
[   7.763] [packet-accepted] total=257 seq=00 flags=04 status=13 pc=01845e command=33 arg=02
[   7.777] [protection-state] address=ffa020 data=0101 mask=ff00 pc=000948
[   7.777] [protection-state] address=ffa020 data=0101 mask=00ff pc=000952
[   7.782]   [header-byte] write $ffa517 = 13 mask=00ff (pc=018446)
[   7.782] [packet-accepted] total=258 seq=01 flags=04 status=13 pc=01845e command=33 arg=02
[   7.794] [protection-state] address=ffa020 data=0000 mask=00ff pc=000952
[   7.798]   [header-byte] write $ffa517 = 13 mask=00ff (pc=018446)
[   7.798] [packet-accepted] total=259 seq=02 flags=04 status=13 pc=01845e command=33 arg=02
[   7.814]   [header-byte] write $ffa517 = 13 mask=00ff (pc=018446)
[   7.814] [packet-accepted] total=260 seq=03 flags=04 status=13 pc=01845e command=33 arg=02
[   7.827] [protection-state] address=ffa020 data=0000 mask=ff00 pc=000948
[   7.830]   [header-byte] write $ffa517 = 13 mask=00ff (pc=018446)
[   7.830] [packet-accepted] total=261 seq=04 flags=04 status=13 pc=01845e command=33 arg=02
[   7.847]   [header-byte] write $ffa517 = 13 mask=00ff (pc=018446)
[   7.847] [packet-accepted] total=262 seq=05 flags=04 status=13 pc=01845e command=33 arg=02
[   7.863]   [header-byte] write $ffa517 = 13 mask=00ff (pc=018446)
[   7.863] [packet-accepted] total=263 seq=06 flags=04 status=13 pc=01845e command=33 arg=02
[   7.880]   [header-byte] write $ffa517 = 13 mask=00ff (pc=018446)
[   7.880] [packet-accepted] total=264 seq=07 flags=04 status=13 pc=01845e command=33 arg=02
[   7.896]   [header-byte] write $ffa517 = 13 mask=00ff (pc=018446)
[   7.896] [packet-accepted] total=265 seq=08 flags=04 status=13 pc=01845e command=33 arg=02
[   7.913]   [header-byte] write $ffa517 = 13 mask=00ff (pc=018446)
[   7.913] [packet-accepted] total=266 seq=09 flags=04 status=13 pc=01845e command=33 arg=02
[   7.930]   [header-byte] write $ffa517 = 13 mask=00ff (pc=018446)
[   7.930] [packet-accepted] total=267 seq=0a flags=04 status=13 pc=01845e command=33 arg=02
[   7.947]   [header-byte] write $ffa517 = 13 mask=00ff (pc=018446)
[   7.947] [packet-accepted] total=268 seq=0b flags=04 status=13 pc=01845e command=33 arg=02
[   7.963]   [header-byte] write $ffa517 = 13 mask=00ff (pc=018446)
[   7.963] [packet-accepted] total=269 seq=0c flags=04 status=13 pc=01845e command=33 arg=02
[   7.980]   [header-byte] write $ffa517 = 13 mask=00ff (pc=018446)
[   7.980] [packet-accepted] total=270 seq=0d flags=04 status=13 pc=01845e command=33 arg=02
[   7.997]   [header-byte] write $ffa517 = 13 mask=00ff (pc=018446)
[   7.997] [packet-accepted] total=271 seq=0e flags=04 status=13 pc=01845e command=33 arg=02
[   8.010] heartbeat frame=480 tx=1183 rx=1341 fc=1 fd=10 fe=1 linkflag=82 pc=000288 a502=00 a524=0005 a525=05 a170=08 a17f=00 txtail=009f rxpend=0000
[   8.010] [transport] captured=1183 flushed=1183 received=1341 accepted=271 payload2=264 payload3=0 payload4=0 payload5=0 pump_reads=706 bursts=241 txcredit=0 outq=0 inq=0 watchdog=0 txseq=f2 rxseq=0f rxcredit=5 protection=00 checks=0000
[   8.010] [epochs] local=1 peer=1 ready=true discarded_rx=0
[   8.010] [tcb-continuations] ffa580=ff80->018392 sleep=0 local26=7710 ffa5c0=ff80->01853c sleep=0 local26=0000 ffd040=ff80->018a40 sleep=0 local26=0300 ffd080=ff80->018ee4 sleep=0 local26=0000 ffd0c0=ff80->018ee4 sleep=0 local26=0000 ffd100=ff80->01fbb4 sleep=0 local26=0000 ffd140=ff80->01fbb6 sleep=0 local26=0002 ffd180=ff80->01fbb6 sleep=0 local26=00a2 ffd1c0=ff80->01fbb6 sleep=0 local26=01c2 ffd200=ff80->01fbb6 sleep=0 local26=02e2 ffd240=ff80->01902e sleep=0 local26=0000 ffd280=ff80->01ffe2 sleep=0 local26=0007 ffd2c0=ff80->020004 sleep=0 local26=0002 ffd300=ff80->020004 sleep=0 local26=0000 ffd340=ff80->01febe sleep=0 local26=0000 ffd380=ff80->01fedc sleep=0 local26=0000 ffd3c0=ff80->01febe sleep=0 local26=0000 ffd400=ff80->01fedc sleep=0 local26=0000
[   8.013]   [header-byte] write $ffa517 = 13 mask=00ff (pc=018446)
[   8.013] [packet-accepted] total=272 seq=0f flags=04 status=13 pc=01845e command=33 arg=02
[   8.030]   [header-byte] write $ffa517 = 13 mask=00ff (pc=018446)
[   8.030] [packet-accepted] total=273 seq=10 flags=04 status=13 pc=01845e command=33 arg=02
[   8.047]   [header-byte] write $ffa517 = 13 mask=00ff (pc=018446)
[   8.047] [packet-accepted] total=274 seq=11 flags=04 status=13 pc=01845e command=33 arg=02
[   8.063]   [header-byte] write $ffa517 = 13 mask=00ff (pc=018446)
[   8.063] [packet-accepted] total=275 seq=12 flags=04 status=13 pc=01845e command=33 arg=02
[   8.080]   [header-byte] write $ffa517 = 13 mask=00ff (pc=018446)
[   8.080] [packet-accepted] total=276 seq=13 flags=04 status=13 pc=01845e command=33 arg=02
[   8.097]   [header-byte] write $ffa517 = 13 mask=00ff (pc=018446)
[   8.097] [packet-accepted] total=277 seq=14 flags=04 status=13 pc=01845e command=33 arg=02
[   8.114]   [header-byte] write $ffa517 = 13 mask=00ff (pc=018446)
[   8.114] [packet-accepted] total=278 seq=15 flags=04 status=13 pc=01845e command=33 arg=02
[   8.130]   [header-byte] write $ffa517 = 13 mask=00ff (pc=018446)
[   8.130] [packet-accepted] total=279 seq=16 flags=04 status=13 pc=01845e command=33 arg=02
[   8.147]   [header-byte] write $ffa517 = 13 mask=00ff (pc=018446)
[   8.147] [packet-accepted] total=280 seq=17 flags=04 status=13 pc=01845e command=33 arg=02
[   8.163]   [header-byte] write $ffa517 = 13 mask=00ff (pc=018446)
[   8.163] [packet-accepted] total=281 seq=18 flags=04 status=13 pc=01845e command=33 arg=02
[   8.180]   [header-byte] write $ffa517 = 13 mask=00ff (pc=018446)
[   8.180] [packet-accepted] total=282 seq=19 flags=04 status=13 pc=01845e command=33 arg=02
[   8.197]   [header-byte] write $ffa517 = 13 mask=00ff (pc=018446)
[   8.197] [packet-accepted] total=283 seq=1a flags=04 status=13 pc=01845e command=33 arg=02
[   8.213]   [header-byte] write $ffa517 = 13 mask=00ff (pc=018446)
[   8.213] [packet-accepted] total=284 seq=1b flags=04 status=13 pc=01845e command=33 arg=02
[   8.230]   [header-byte] write $ffa517 = 13 mask=00ff (pc=018446)
[   8.230] [packet-accepted] total=285 seq=1c flags=04 status=13 pc=01845e command=33 arg=02
[   8.246]   [header-byte] write $ffa517 = 13 mask=00ff (pc=018446)
[   8.246] [packet-accepted] total=286 seq=1d flags=04 status=13 pc=01845e command=33 arg=02
[   8.265]   [header-byte] write $ffa517 = 13 mask=00ff (pc=018446)
[   8.265] [packet-accepted] total=287 seq=1e flags=04 status=13 pc=01845e command=33 arg=02
[   8.280]   [header-byte] write $ffa517 = 13 mask=00ff (pc=018446)
[   8.280] [packet-accepted] total=288 seq=1f flags=04 status=13 pc=01845e command=33 arg=02
[   8.296]   [header-byte] write $ffa517 = 13 mask=00ff (pc=018446)
[   8.296] [packet-accepted] total=289 seq=20 flags=04 status=13 pc=01845e command=33 arg=02
[   8.313]   [header-byte] write $ffa517 = 13 mask=00ff (pc=018446)
[   8.313] [packet-accepted] total=290 seq=21 flags=04 status=13 pc=01845e command=33 arg=02
[   8.329]   [header-byte] write $ffa517 = 13 mask=00ff (pc=018446)
[   8.329] [packet-accepted] total=291 seq=22 flags=04 status=13 pc=01845e command=33 arg=02
[   8.346]   [header-byte] write $ffa517 = 13 mask=00ff (pc=018446)
[   8.346] [packet-accepted] total=292 seq=23 flags=04 status=13 pc=01845e command=33 arg=02
[   8.363]   [header-byte] write $ffa517 = 13 mask=00ff (pc=018446)
[   8.363] [packet-accepted] total=293 seq=24 flags=04 status=13 pc=01845e command=33 arg=02
[   8.380]   [header-byte] write $ffa517 = 13 mask=00ff (pc=018446)
[   8.380] [packet-accepted] total=294 seq=25 flags=04 status=13 pc=01845e command=33 arg=02
[   8.396]   [header-byte] write $ffa517 = 13 mask=00ff (pc=018446)
[   8.396] [packet-accepted] total=295 seq=26 flags=04 status=13 pc=01845e command=33 arg=02
[   8.413]   [header-byte] write $ffa517 = 13 mask=00ff (pc=018446)
[   8.413] [packet-accepted] total=296 seq=27 flags=04 status=13 pc=01845e command=33 arg=02
[   8.434]   [header-byte] write $ffa517 = 13 mask=00ff (pc=018446)
[   8.434] [packet-accepted] total=297 seq=28 flags=04 status=13 pc=01845e command=33 arg=02
[   8.447]   [header-byte] write $ffa517 = 13 mask=00ff (pc=018446)
[   8.447] [packet-accepted] total=298 seq=29 flags=04 status=13 pc=01845e command=33 arg=02
[   8.463]   [header-byte] write $ffa517 = 13 mask=00ff (pc=018446)
[   8.464] [packet-accepted] total=299 seq=2a flags=04 status=13 pc=01845e command=33 arg=02
[   8.480]   [header-byte] write $ffa517 = 13 mask=00ff (pc=018446)
[   8.480] [packet-accepted] total=300 seq=2b flags=04 status=13 pc=01845e command=33 arg=02
[   8.497]   [header-byte] write $ffa517 = 13 mask=00ff (pc=018446)
[   8.497] [packet-accepted] total=301 seq=2c flags=04 status=13 pc=01845e command=33 arg=02
[   8.513]   [header-byte] write $ffa517 = 13 mask=00ff (pc=018446)
[   8.514] [packet-accepted] total=302 seq=2d flags=04 status=13 pc=01845e command=33 arg=02
[   8.528] [protection-state] address=ffa020 data=1010 mask=ff00 pc=000948
[   8.528] [protection-state] address=ffa020 data=1010 mask=00ff pc=000952
[   8.530]   [header-byte] write $ffa517 = 13 mask=00ff (pc=018446)
[   8.530] [packet-accepted] total=303 seq=2e flags=04 status=13 pc=01845e command=33 arg=02
[   8.545] [protection-state] address=ffa020 data=0000 mask=00ff pc=000952
[   8.548]   [header-byte] write $ffa517 = 13 mask=00ff (pc=018446)
[   8.548] [packet-accepted] total=304 seq=2f flags=04 status=13 pc=01845e command=33 arg=02
[   8.548] [game-command] data=1313 mask=ff00 pc=018ae0 requests=00
[   8.564]   [header-byte] write $ffa517 = 13 mask=00ff (pc=018446)
[   8.564] [packet-accepted] total=305 seq=30 flags=04 status=13 pc=01845e command=33 arg=02
[   8.578] [protection-state] address=ffa020 data=0000 mask=ff00 pc=000948
[   8.580]   [header-byte] write $ffa517 = 13 mask=00ff (pc=018446)
[   8.580] [packet-accepted] total=306 seq=31 flags=04 status=13 pc=01845e command=33 arg=02
[   8.597]   [header-byte] write $ffa517 = 13 mask=00ff (pc=018446)
[   8.597] [packet-accepted] total=307 seq=32 flags=04 status=13 pc=01845e command=33 arg=02
[   8.614]   [header-byte] write $ffa517 = 13 mask=00ff (pc=018446)
[   8.614] [packet-accepted] total=308 seq=33 flags=04 status=13 pc=01845e command=33 arg=02
[   8.630]   [header-byte] write $ffa517 = 13 mask=00ff (pc=018446)
[   8.630] [packet-accepted] total=309 seq=34 flags=04 status=13 pc=01845e command=33 arg=02
[   8.647]   [header-byte] write $ffa517 = 13 mask=00ff (pc=018446)
[   8.647] [packet-accepted] total=310 seq=35 flags=04 status=13 pc=01845e command=33 arg=02
[   8.664]   [header-byte] write $ffa517 = 13 mask=00ff (pc=018446)
[   8.664] [packet-accepted] total=311 seq=36 flags=04 status=13 pc=01845e command=33 arg=02
[   8.680]   [header-byte] write $ffa517 = 13 mask=00ff (pc=018446)
[   8.680] [packet-accepted] total=312 seq=37 flags=04 status=13 pc=01845e command=33 arg=02
[   8.697]   [header-byte] write $ffa517 = 13 mask=00ff (pc=018446)
[   8.697] [packet-accepted] total=313 seq=38 flags=04 status=13 pc=01845e command=33 arg=02
[   8.714]   [header-byte] write $ffa517 = 13 mask=00ff (pc=018446)
[   8.714] [packet-accepted] total=314 seq=39 flags=04 status=13 pc=01845e command=33 arg=02
[   8.732]   [header-byte] write $ffa517 = 13 mask=00ff (pc=018446)
[   8.732] [packet-accepted] total=315 seq=3a flags=04 status=13 pc=01845e command=33 arg=02
[   8.747]   [header-byte] write $ffa517 = 13 mask=00ff (pc=018446)
[   8.747] [packet-accepted] total=316 seq=3b flags=04 status=13 pc=01845e command=33 arg=02
[   8.747]   [header-byte] write $ffa517 = 13 mask=00ff (pc=018446)
[   8.747] [packet-accepted] total=317 seq=3c flags=04 status=13 pc=01845e command=33 arg=02
[   8.781]   [header-byte] write $ffa517 = 13 mask=00ff (pc=018446)
[   8.781] [packet-accepted] total=318 seq=3d flags=04 status=13 pc=01845e command=33 arg=02
[   8.797]   [header-byte] write $ffa517 = 13 mask=00ff (pc=018446)
[   8.797] [packet-accepted] total=319 seq=3e flags=04 status=13 pc=01845e command=33 arg=02
[   8.814]   [header-byte] write $ffa517 = 13 mask=00ff (pc=018446)
[   8.814] [packet-accepted] total=320 seq=3f flags=04 status=13 pc=01845e command=33 arg=02
[   8.831]   [header-byte] write $ffa517 = 13 mask=00ff (pc=018446)
[   8.831] [packet-accepted] total=321 seq=40 flags=04 status=13 pc=01845e command=33 arg=02
[   8.847]   [header-byte] write $ffa517 = 13 mask=00ff (pc=018446)
[   8.847] [packet-accepted] total=322 seq=41 flags=04 status=13 pc=01845e command=33 arg=02
[   8.864]   [header-byte] write $ffa517 = 13 mask=00ff (pc=018446)
[   8.864] [packet-accepted] total=323 seq=42 flags=04 status=13 pc=01845e command=33 arg=02
[   8.864]   [header-byte] write $ffa517 = 13 mask=00ff (pc=018446)
[   8.864] [packet-accepted] total=324 seq=43 flags=04 status=13 pc=01845e command=33 arg=02
[   8.900]   [header-byte] write $ffa517 = 13 mask=00ff (pc=018446)
[   8.900] [packet-accepted] total=325 seq=44 flags=04 status=13 pc=01845e command=33 arg=02
[   8.900]   [header-byte] write $ffa517 = 13 mask=00ff (pc=018446)
[   8.900] [packet-accepted] total=326 seq=45 flags=04 status=13 pc=01845e command=33 arg=02
[   8.931]   [header-byte] write $ffa517 = 13 mask=00ff (pc=018446)
[   8.931] [packet-accepted] total=327 seq=46 flags=04 status=13 pc=01845e command=33 arg=02
[   8.931]   [header-byte] write $ffa517 = 13 mask=00ff (pc=018446)
[   8.931] [packet-accepted] total=328 seq=47 flags=04 status=13 pc=01845e command=33 arg=02
[   8.964]   [header-byte] write $ffa517 = 13 mask=00ff (pc=018446)
[   8.964] [packet-accepted] total=329 seq=48 flags=04 status=13 pc=01845e command=33 arg=02
[   8.981]   [header-byte] write $ffa517 = 13 mask=00ff (pc=018446)
[   8.981] [packet-accepted] total=330 seq=49 flags=04 status=13 pc=01845e command=33 arg=02
[   8.997]   [header-byte] write $ffa517 = 13 mask=00ff (pc=018446)
[   8.997] [packet-accepted] total=331 seq=4a flags=04 status=13 pc=01845e command=33 arg=02
[   8.997]   [header-byte] write $ffa517 = 13 mask=00ff (pc=018446)
[   8.997] [packet-accepted] total=332 seq=4b flags=04 status=13 pc=01845e command=33 arg=02
[   9.012] heartbeat frame=540 tx=1483 rx=1646 fc=1 fd=10 fe=1 linkflag=82 pc=000288 a502=00 a524=0005 a525=05 a170=08 a17f=00 txtail=00cb rxpend=0000
[   9.012] [transport] captured=1483 flushed=1483 received=1646 accepted=332 payload2=325 payload3=0 payload4=0 payload5=0 pump_reads=822 bursts=301 txcredit=0 outq=0 inq=0 watchdog=0 txseq=2e rxseq=4c rxcredit=5 protection=00 checks=0000
[   9.012] [epochs] local=1 peer=1 ready=true discarded_rx=0
[   9.012] [game-state] a142=04 a13e=01 a13f=01 a530=1302 a506=03 a507=00 a508=01 a7b0=0000 a7a6=3302 script=01a39e
[   9.012] [tcb-continuations] ffa580=ff80->018392 sleep=0 local26=7710 ffa5c0=ff80->01853c sleep=0 local26=0000 ffd040=ff80->018a40 sleep=0 local26=0300 ffd0c0=ff80->018ee4 sleep=0 local26=0000 ffd100=ff80->01fbb4 sleep=0 local26=0000 ffd140=ff80->01fbb6 sleep=0 local26=0002 ffd180=ff80->01fbb6 sleep=0 local26=00a2 ffd1c0=ff80->01fbb6 sleep=0 local26=01c2 ffd200=ff80->01fbb6 sleep=0 local26=02e2 ffd240=ff80->01902e sleep=0 local26=0000 ffd280=ff80->01ffe2 sleep=0 local26=0006 ffd2c0=ff80->020004 sleep=0 local26=0002 ffd300=ff80->020004 sleep=0 local26=0000 ffd3c0=ff80->01febe sleep=0 local26=0000 ffd400=ff80->01fedc sleep=0 local26=0000
[   9.014]   [header-byte] write $ffa517 = 13 mask=00ff (pc=018446)
[   9.014] [packet-accepted] total=333 seq=4c flags=04 status=13 pc=01845e command=33 arg=02
[   9.030]   [header-byte] write $ffa517 = 13 mask=00ff (pc=018446)
[   9.031] [packet-accepted] total=334 seq=4d flags=04 status=13 pc=01845e command=33 arg=02
[   9.064]   [header-byte] write $ffa517 = 13 mask=00ff (pc=018446)
[   9.064] [packet-accepted] total=335 seq=4e flags=04 status=13 pc=01845e command=33 arg=02
[   9.080]   [header-byte] write $ffa517 = 13 mask=00ff (pc=018446)
[   9.080] [packet-accepted] total=336 seq=4f flags=04 status=13 pc=01845e command=33 arg=02
[   9.097]   [header-byte] write $ffa517 = 13 mask=00ff (pc=018446)
[   9.097] [packet-accepted] total=337 seq=50 flags=04 status=13 pc=01845e command=33 arg=02
[   9.114]   [header-byte] write $ffa517 = 13 mask=00ff (pc=018446)
[   9.114] [packet-accepted] total=338 seq=51 flags=04 status=13 pc=01845e command=33 arg=02
[   9.114]   [header-byte] write $ffa517 = 13 mask=00ff (pc=018446)
[   9.114] [packet-accepted] total=339 seq=52 flags=04 status=13 pc=01845e command=33 arg=02
[   9.147]   [header-byte] write $ffa517 = 13 mask=00ff (pc=018446)
[   9.147] [packet-accepted] total=340 seq=53 flags=04 status=13 pc=01845e command=33 arg=02
[   9.164]   [header-byte] write $ffa517 = 13 mask=00ff (pc=018446)
[   9.164] [packet-accepted] total=341 seq=54 flags=04 status=13 pc=01845e command=33 arg=02
[   9.181]   [header-byte] write $ffa517 = 13 mask=00ff (pc=018446)
[   9.181] [packet-accepted] total=342 seq=55 flags=04 status=13 pc=01845e command=33 arg=02
[   9.197]   [header-byte] write $ffa517 = 13 mask=00ff (pc=018446)
[   9.197] [packet-accepted] total=343 seq=56 flags=04 status=13 pc=01845e command=33 arg=02
[   9.216]   [header-byte] write $ffa517 = 13 mask=00ff (pc=018446)
[   9.216] [packet-accepted] total=344 seq=57 flags=04 status=13 pc=01845e command=33 arg=02
[   9.231]   [header-byte] write $ffa517 = 13 mask=00ff (pc=018446)
[   9.231] [packet-accepted] total=345 seq=58 flags=04 status=13 pc=01845e command=33 arg=02
[   9.248]   [header-byte] write $ffa517 = 13 mask=00ff (pc=018446)
[   9.248] [packet-accepted] total=346 seq=59 flags=04 status=13 pc=01845e command=33 arg=02
[   9.264]   [header-byte] write $ffa517 = 13 mask=00ff (pc=018446)
[   9.264] [packet-accepted] total=347 seq=5a flags=04 status=13 pc=01845e command=33 arg=02
[   9.281]   [header-byte] write $ffa517 = 13 mask=00ff (pc=018446)
[   9.281] [packet-accepted] total=348 seq=5b flags=04 status=13 pc=01845e command=33 arg=02
[   9.298]   [header-byte] write $ffa517 = 13 mask=00ff (pc=018446)
[   9.298] [packet-accepted] total=349 seq=5c flags=04 status=13 pc=01845e command=33 arg=02
[   9.314]   [header-byte] write $ffa517 = 13 mask=00ff (pc=018446)
[   9.314] [packet-accepted] total=350 seq=5d flags=04 status=13 pc=01845e command=33 arg=02
[   9.331]   [header-byte] write $ffa517 = 13 mask=00ff (pc=018446)
[   9.331] [packet-accepted] total=351 seq=5e flags=04 status=13 pc=01845e command=33 arg=02
[   9.348]   [header-byte] write $ffa517 = 13 mask=00ff (pc=018446)
[   9.348] [packet-accepted] total=352 seq=5f flags=04 status=13 pc=01845e command=33 arg=02
[   9.366]   [header-byte] write $ffa517 = 13 mask=00ff (pc=018446)
[   9.366] [packet-accepted] total=353 seq=60 flags=04 status=13 pc=01845e command=33 arg=02
[   9.381]   [header-byte] write $ffa517 = 13 mask=00ff (pc=018446)
[   9.381] [packet-accepted] total=354 seq=61 flags=04 status=13 pc=01845e command=33 arg=02
[   9.398]   [header-byte] write $ffa517 = 13 mask=00ff (pc=018446)
[   9.398] [packet-accepted] total=355 seq=62 flags=04 status=13 pc=01845e command=33 arg=02
[   9.415]   [header-byte] write $ffa517 = 13 mask=00ff (pc=018446)
[   9.415] [packet-accepted] total=356 seq=63 flags=04 status=13 pc=01845e command=33 arg=02
[   9.431]   [header-byte] write $ffa517 = 13 mask=00ff (pc=018446)
[   9.431] [packet-accepted] total=357 seq=64 flags=04 status=13 pc=01845e command=33 arg=02
[   9.448]   [header-byte] write $ffa517 = 13 mask=00ff (pc=018446)
[   9.448] [packet-accepted] total=358 seq=65 flags=04 status=13 pc=01845e command=33 arg=02
[   9.465]   [header-byte] write $ffa517 = 13 mask=00ff (pc=018446)
[   9.465] [packet-accepted] total=359 seq=66 flags=04 status=13 pc=01845e command=33 arg=02
[   9.481]   [header-byte] write $ffa517 = 13 mask=00ff (pc=018446)
[   9.481] [packet-accepted] total=360 seq=67 flags=04 status=13 pc=01845e command=33 arg=02
[   9.498]   [header-byte] write $ffa517 = 13 mask=00ff (pc=018446)
[   9.498] [packet-accepted] total=361 seq=68 flags=04 status=13 pc=01845e command=33 arg=02
[   9.515]   [header-byte] write $ffa517 = 13 mask=00ff (pc=018446)
[   9.515] [packet-accepted] total=362 seq=69 flags=04 status=13 pc=01845e command=33 arg=02
[   9.529] [protection-state] address=ffa020 data=1010 mask=ff00 pc=000948
[   9.529] [protection-state] address=ffa020 data=1010 mask=00ff pc=000952
[   9.531]   [header-byte] write $ffa517 = 13 mask=00ff (pc=018446)
[   9.531] [packet-accepted] total=363 seq=6a flags=04 status=13 pc=01845e command=33 arg=02
[   9.546] [protection-state] address=ffa020 data=0000 mask=00ff pc=000952
[   9.548]   [header-byte] write $ffa517 = 13 mask=00ff (pc=018446)
[   9.548] [packet-accepted] total=364 seq=6b flags=04 status=13 pc=01845e command=33 arg=02
[   9.565]   [header-byte] write $ffa517 = 13 mask=00ff (pc=018446)
[   9.565] [packet-accepted] total=365 seq=6c flags=04 status=13 pc=01845e command=33 arg=02
[   9.579] [protection-state] address=ffa020 data=0000 mask=ff00 pc=000948
[   9.581]   [header-byte] write $ffa517 = 13 mask=00ff (pc=018446)
[   9.581] [packet-accepted] total=366 seq=6d flags=04 status=13 pc=01845e command=33 arg=02
[   9.598]   [header-byte] write $ffa517 = 13 mask=00ff (pc=018446)
[   9.598] [packet-accepted] total=367 seq=6e flags=04 status=13 pc=01845e command=33 arg=02
[   9.615]   [header-byte] write $ffa517 = 13 mask=00ff (pc=018446)
[   9.615] [packet-accepted] total=368 seq=6f flags=04 status=13 pc=01845e command=33 arg=02
[   9.631]   [header-byte] write $ffa517 = 13 mask=00ff (pc=018446)
[   9.631] [packet-accepted] total=369 seq=70 flags=04 status=13 pc=01845e command=33 arg=02
[   9.648]   [header-byte] write $ffa517 = 13 mask=00ff (pc=018446)
[   9.648] [packet-accepted] total=370 seq=71 flags=04 status=13 pc=01845e command=33 arg=02
[   9.665]   [header-byte] write $ffa517 = 13 mask=00ff (pc=018446)
[   9.665] [packet-accepted] total=371 seq=72 flags=04 status=13 pc=01845e command=33 arg=02
[   9.683]   [header-byte] write $ffa517 = 13 mask=00ff (pc=018446)
[   9.683] [packet-accepted] total=372 seq=73 flags=04 status=13 pc=01845e command=33 arg=02
[   9.698]   [header-byte] write $ffa517 = 13 mask=00ff (pc=018446)
[   9.698] [packet-accepted] total=373 seq=74 flags=04 status=13 pc=01845e command=33 arg=02
[   9.715]   [header-byte] write $ffa517 = 13 mask=00ff (pc=018446)
[   9.715] [packet-accepted] total=374 seq=75 flags=04 status=13 pc=01845e command=33 arg=02
[   9.732]   [header-byte] write $ffa517 = 13 mask=00ff (pc=018446)
[   9.732] [packet-accepted] total=375 seq=76 flags=04 status=13 pc=01845e command=33 arg=02
[   9.748]   [header-byte] write $ffa517 = 13 mask=00ff (pc=018446)
[   9.748] [packet-accepted] total=376 seq=77 flags=04 status=13 pc=01845e command=33 arg=02
[   9.765]   [header-byte] write $ffa517 = 13 mask=00ff (pc=018446)
[   9.765] [packet-accepted] total=377 seq=78 flags=04 status=13 pc=01845e command=33 arg=02
[   9.782]   [header-byte] write $ffa517 = 13 mask=00ff (pc=018446)
[   9.782] [packet-accepted] total=378 seq=79 flags=04 status=13 pc=01845e command=33 arg=02
[   9.798]   [header-byte] write $ffa517 = 13 mask=00ff (pc=018446)
[   9.798] [packet-accepted] total=379 seq=7a flags=04 status=13 pc=01845e command=33 arg=02
[   9.815]   [header-byte] write $ffa517 = 13 mask=00ff (pc=018446)
[   9.815] [packet-accepted] total=380 seq=7b flags=04 status=13 pc=01845e command=33 arg=02
[   9.832]   [header-byte] write $ffa517 = 13 mask=00ff (pc=018446)
[   9.832] [packet-accepted] total=381 seq=7c flags=04 status=13 pc=01845e command=33 arg=02
[   9.850]   [header-byte] write $ffa517 = 13 mask=00ff (pc=018446)
[   9.850] [packet-accepted] total=382 seq=7d flags=04 status=13 pc=01845e command=33 arg=02
[   9.865]   [header-byte] write $ffa517 = 13 mask=00ff (pc=018446)
[   9.865] [packet-accepted] total=383 seq=7e flags=04 status=13 pc=01845e command=33 arg=02
[   9.882]   [header-byte] write $ffa517 = 13 mask=00ff (pc=018446)
[   9.882] [packet-accepted] total=384 seq=7f flags=04 status=13 pc=01845e command=33 arg=02
[   9.899]   [header-byte] write $ffa517 = 13 mask=00ff (pc=018446)
[   9.899] [packet-accepted] total=385 seq=80 flags=04 status=13 pc=01845e command=33 arg=02
[   9.915]   [header-byte] write $ffa517 = 13 mask=00ff (pc=018446)
[   9.915] [packet-accepted] total=386 seq=81 flags=04 status=13 pc=01845e command=33 arg=02
[   9.932]   [header-byte] write $ffa517 = 13 mask=00ff (pc=018446)
[   9.932] [packet-accepted] total=387 seq=82 flags=04 status=13 pc=01845e command=33 arg=02
[   9.949]   [header-byte] write $ffa517 = 13 mask=00ff (pc=018446)
[   9.949] [packet-accepted] total=388 seq=83 flags=04 status=13 pc=01845e command=33 arg=02
[   9.965]   [header-byte] write $ffa517 = 13 mask=00ff (pc=018446)
[   9.965] [packet-accepted] total=389 seq=84 flags=04 status=13 pc=01845e command=33 arg=02
[   9.982]   [header-byte] write $ffa517 = 13 mask=00ff (pc=018446)
[   9.982] [packet-accepted] total=390 seq=85 flags=04 status=13 pc=01845e command=33 arg=02
[   9.999]   [header-byte] write $ffa517 = 13 mask=00ff (pc=018446)
[   9.999] [packet-accepted] total=391 seq=86 flags=04 status=13 pc=01845e command=33 arg=02
[  10.013] heartbeat frame=600 tx=1783 rx=1941 fc=1 fd=10 fe=1 linkflag=82 pc=00028a a502=00 a524=0005 a525=05 a170=08 a17f=00 txtail=00f7 rxpend=0000
[  10.013] [transport] captured=1783 flushed=1783 received=1941 accepted=391 payload2=384 payload3=0 payload4=0 payload5=0 pump_reads=940 bursts=361 txcredit=0 outq=0 inq=0 watchdog=0 txseq=6a rxseq=87 rxcredit=5 protection=00 checks=0000
[  10.013] [epochs] local=1 peer=1 ready=true discarded_rx=0
[  10.013] [tcb-continuations] ffa580=ff80->018392 sleep=0 local26=7710 ffa5c0=ff80->01853c sleep=0 local26=0000 ffd040=ff80->018a40 sleep=0 local26=0300 ffd0c0=ff80->018ee4 sleep=0 local26=0000 ffd100=ff80->01fbb4 sleep=0 local26=0000 ffd140=ff80->01fbb6 sleep=0 local26=0002 ffd180=ff80->01fbb6 sleep=0 local26=00a2 ffd1c0=ff80->01fbb6 sleep=0 local26=01c2 ffd200=ff80->01fbb6 sleep=0 local26=02e2 ffd240=ff80->01902e sleep=0 local26=0000 ffd280=ff80->01ffe2 sleep=0 local26=0005 ffd2c0=ff80->020004 sleep=0 local26=0002 ffd300=ff80->020004 sleep=0 local26=0000 ffd3c0=ff80->01febe sleep=0 local26=0000 ffd400=ff80->01fedc sleep=0 local26=0000
[  10.015]   [header-byte] write $ffa517 = 13 mask=00ff (pc=018446)
[  10.015] [packet-accepted] total=392 seq=87 flags=04 status=13 pc=01845e command=33 arg=02
[  10.032]   [header-byte] write $ffa517 = 13 mask=00ff (pc=018446)
[  10.032] [packet-accepted] total=393 seq=88 flags=04 status=13 pc=01845e command=33 arg=02
[  10.049]   [header-byte] write $ffa517 = 13 mask=00ff (pc=018446)
[  10.049] [packet-accepted] total=394 seq=89 flags=04 status=13 pc=01845e command=33 arg=02
[  10.065]   [header-byte] write $ffa517 = 13 mask=00ff (pc=018446)
[  10.065] [packet-accepted] total=395 seq=8a flags=04 status=13 pc=01845e command=33 arg=02
[  10.082]   [header-byte] write $ffa517 = 13 mask=00ff (pc=018446)
[  10.082] [packet-accepted] total=396 seq=8b flags=04 status=13 pc=01845e command=33 arg=02
[  10.099]   [header-byte] write $ffa517 = 13 mask=00ff (pc=018446)
[  10.099] [packet-accepted] total=397 seq=8c flags=04 status=13 pc=01845e command=33 arg=02
[  10.115]   [header-byte] write $ffa517 = 13 mask=00ff (pc=018446)
[  10.115] [packet-accepted] total=398 seq=8d flags=04 status=13 pc=01845e command=33 arg=02
[  10.132]   [header-byte] write $ffa517 = 13 mask=00ff (pc=018446)
[  10.132] [packet-accepted] total=399 seq=8e flags=04 status=13 pc=01845e command=33 arg=02
[  10.149]   [header-byte] write $ffa517 = 13 mask=00ff (pc=018446)
[  10.149] [packet-accepted] total=400 seq=8f flags=04 status=13 pc=01845e command=33 arg=02
[  10.167]   [header-byte] write $ffa517 = 13 mask=00ff (pc=018446)
[  10.167] [packet-accepted] total=401 seq=90 flags=04 status=13 pc=01845e command=33 arg=02
[  10.182]   [header-byte] write $ffa517 = 13 mask=00ff (pc=018446)
[  10.182] [packet-accepted] total=402 seq=91 flags=04 status=13 pc=01845e command=33 arg=02
[  10.199]   [header-byte] write $ffa517 = 13 mask=00ff (pc=018446)
[  10.199] [packet-accepted] total=403 seq=92 flags=04 status=13 pc=01845e command=33 arg=02
[  10.216]   [header-byte] write $ffa517 = 13 mask=00ff (pc=018446)
[  10.216] [packet-accepted] total=404 seq=93 flags=04 status=13 pc=01845e command=33 arg=02
[  10.232]   [header-byte] write $ffa517 = 13 mask=00ff (pc=018446)
[  10.232] [packet-accepted] total=405 seq=94 flags=04 status=13 pc=01845e command=33 arg=02
[  10.249]   [header-byte] write $ffa517 = 13 mask=00ff (pc=018446)
[  10.249] [packet-accepted] total=406 seq=95 flags=04 status=13 pc=01845e command=33 arg=02
[  10.266]   [header-byte] write $ffa517 = 13 mask=00ff (pc=018446)
[  10.266] [packet-accepted] total=407 seq=96 flags=04 status=13 pc=01845e command=33 arg=02
[  10.282]   [header-byte] write $ffa517 = 13 mask=00ff (pc=018446)
[  10.282] [packet-accepted] total=408 seq=97 flags=04 status=13 pc=01845e command=33 arg=02
[  10.299]   [header-byte] write $ffa517 = 13 mask=00ff (pc=018446)
[  10.299] [packet-accepted] total=409 seq=98 flags=04 status=13 pc=01845e command=33 arg=02
[  10.318]   [header-byte] write $ffa517 = 13 mask=00ff (pc=018446)
[  10.318] [packet-accepted] total=410 seq=99 flags=04 status=13 pc=01845e command=33 arg=02
[  10.332]   [header-byte] write $ffa517 = 13 mask=00ff (pc=018446)
[  10.332] [packet-accepted] total=411 seq=9a flags=04 status=13 pc=01845e command=33 arg=02
[  10.349]   [header-byte] write $ffa517 = 13 mask=00ff (pc=018446)
[  10.349] [packet-accepted] total=412 seq=9b flags=04 status=13 pc=01845e command=33 arg=02
[  10.366]   [header-byte] write $ffa517 = 13 mask=00ff (pc=018446)
[  10.366] [packet-accepted] total=413 seq=9c flags=04 status=13 pc=01845e command=33 arg=02
[  10.382]   [header-byte] write $ffa517 = 13 mask=00ff (pc=018446)
[  10.382] [packet-accepted] total=414 seq=9d flags=04 status=13 pc=01845e command=33 arg=02
[  10.399]   [header-byte] write $ffa517 = 13 mask=00ff (pc=018446)
[  10.399] [packet-accepted] total=415 seq=9e flags=04 status=13 pc=01845e command=33 arg=02
[  10.416]   [header-byte] write $ffa517 = 13 mask=00ff (pc=018446)
[  10.416] [packet-accepted] total=416 seq=9f flags=04 status=13 pc=01845e command=33 arg=02
[  10.433]   [header-byte] write $ffa517 = 13 mask=00ff (pc=018446)
[  10.433] [packet-accepted] total=417 seq=a0 flags=04 status=13 pc=01845e command=33 arg=02
[  10.449]   [header-byte] write $ffa517 = 13 mask=00ff (pc=018446)
[  10.449] [packet-accepted] total=418 seq=a1 flags=04 status=13 pc=01845e command=33 arg=02
[  10.466]   [header-byte] write $ffa517 = 13 mask=00ff (pc=018446)
[  10.466] [packet-accepted] total=419 seq=a2 flags=04 status=13 pc=01845e command=33 arg=02
[  10.483]   [header-byte] write $ffa517 = 13 mask=00ff (pc=018446)
[  10.483] [packet-accepted] total=420 seq=a3 flags=04 status=13 pc=01845e command=33 arg=02
[  10.499]   [header-byte] write $ffa517 = 13 mask=00ff (pc=018446)
[  10.499] [packet-accepted] total=421 seq=a4 flags=04 status=13 pc=01845e command=33 arg=02
[  10.516]   [header-byte] write $ffa517 = 13 mask=00ff (pc=018446)
[  10.516] [packet-accepted] total=422 seq=a5 flags=04 status=13 pc=01845e command=33 arg=02
[  10.530] [protection-state] address=ffa020 data=2020 mask=ff00 pc=000948
[  10.530] [protection-state] address=ffa020 data=2020 mask=00ff pc=000952
[  10.533]   [header-byte] write $ffa517 = 13 mask=00ff (pc=018446)
[  10.533] [packet-accepted] total=423 seq=a6 flags=04 status=13 pc=01845e command=33 arg=02
[  10.547] [protection-state] address=ffa020 data=0000 mask=00ff pc=000952
[  10.551]   [header-byte] write $ffa517 = 13 mask=00ff (pc=018446)
[  10.551] [packet-accepted] total=424 seq=a7 flags=04 status=13 pc=01845e command=33 arg=02
[  10.551] [game-command] data=3333 mask=ff00 pc=018ae0 requests=00
[  10.551] [game-command] data=7373 mask=ff00 pc=018b72 requests=04
[  10.566]   [header-byte] write $ffa517 = 13 mask=00ff (pc=018446)
[  10.566] [packet-accepted] total=425 seq=a8 flags=04 status=13 pc=01845e command=33 arg=02
[  10.580] [protection-state] address=ffa020 data=0000 mask=ff00 pc=000948
[  10.583]   [header-byte] write $ffa517 = 13 mask=00ff (pc=018446)
[  10.583] [packet-accepted] total=426 seq=a9 flags=04 status=13 pc=01845e command=33 arg=02
[  10.583] [game-command] data=3434 mask=00ff pc=018c2c requests=00
[  10.583] [game-command] data=8383 mask=ff00 pc=018c34 requests=00
[  10.600]   [header-byte] write $ffa517 = 13 mask=00ff (pc=018446)
[  10.600] [packet-accepted] total=427 seq=aa flags=04 status=13 pc=01845e command=33 arg=02
[  10.616]   [header-byte] write $ffa517 = 13 mask=00ff (pc=018446)
[  10.616] [packet-accepted] total=428 seq=ab flags=04 status=13 pc=01845e command=33 arg=02
[  10.634]   [header-byte] write $ffa517 = 13 mask=00ff (pc=018446)
[  10.634] [packet-accepted] total=429 seq=ac flags=04 status=13 pc=01845e command=33 arg=02
[  10.650]   [header-byte] write $ffa517 = 13 mask=00ff (pc=018446)
[  10.650] [packet-accepted] total=430 seq=ad flags=04 status=13 pc=01845e command=73 arg=02
[  10.683]   [header-byte] write $ffa517 = 13 mask=00ff (pc=018446)
[  10.683] [packet-accepted] total=431 seq=ae flags=04 status=13 pc=01845e command=83 arg=34
[  11.014] heartbeat frame=660 tx=1958 rx=2141 fc=1 fd=10 fe=1 linkflag=82 pc=00028a a502=00 a524=0000 a525=00 a170=08 a17f=00 txtail=00a6 rxpend=0000
[  11.014] [transport] captured=1958 flushed=1958 received=2141 accepted=431 payload2=424 payload3=0 payload4=0 payload5=0 pump_reads=1040 bursts=396 txcredit=0 outq=0 inq=0 watchdog=19 txseq=8c rxseq=af rxcredit=0 protection=00 checks=0000
[  11.014] [epochs] local=1 peer=1 ready=true discarded_rx=0
[  11.014] [game-state] a142=04 a13e=04 a13f=0f a530=8334 a506=03 a507=01 a508=01 a7b0=0000 a7a6=8334 script=01a39e
[  11.014] [tcb-continuations] ffa580=ff80->018392 sleep=0 local26=7710 ffa5c0=ff80->01853c sleep=0 local26=1900 ffd040=ff80->018cea sleep=0 local26=0300 ffd100=ff80->01fbb4 sleep=0 local26=0000 ffd140=ff80->01fbb6 sleep=0 local26=0002 ffd180=ff80->01fbb6 sleep=0 local26=00a2 ffd1c0=ff80->01fbb6 sleep=0 local26=01c2 ffd200=ff80->01fbb6 sleep=0 local26=02e2 ffd240=ff80->01902e sleep=0 local26=0000
[  11.183]   [header-byte] write $ffa517 = 13 mask=00ff (pc=018446)
[  11.233]   [header-byte] write $ffa517 = 10 mask=00ff (pc=018446)
[  11.233] [packet-accepted] total=433 seq=b0 flags=04 status=10 pc=01845e command=93 arg=34
[  11.250] [game-command] data=9393 mask=ff00 pc=018d36 requests=00
[  11.250]   [header-byte] write $ffa513 = 10 mask=00ff (pc=018d50)
[  11.268] [game-command] data=0404 mask=ff00 pc=018d6e requests=00
[  11.268] [game-command] data=0000 mask=00ff pc=018d76 requests=00
[  11.357]   [menu-state] write $ffa170 = 0000 mask=ff00 (pc=01afb6)
[  11.357]   [menu-state] write $ffa170 = 8282 mask=ff00 (pc=01afd8)
[  11.357]   [menu-state] write $ffa176 = 0000 mask=ff00 (pc=01afde)
[  11.357]   [header-byte] write $ffa513 = 00 mask=00ff (pc=01afe6)
[  11.357]   [header-byte] write $ffa513 = 10 mask=00ff (pc=01affe)
[  11.357]   [header-byte] write $ffa513 = 50 mask=00ff (pc=01b022)
[  11.357]   [header-byte] write $ffa513 = 54 mask=00ff (pc=01b044)
[  11.357]   [menu-state] write $ffa170 = c2c2 mask=ff00 (pc=01a87a)
[  11.357]   [menu-state] write $ffa170 = c2c2 mask=ff00 (pc=01a87c)
[  11.357]   [menu-state] write $ffa170 = 4040 mask=ff00 (pc=01afb6)
[  11.357]   [menu-state] write $ffa170 = c2c2 mask=ff00 (pc=01afd8)
[  11.357]   [menu-state] write $ffa176 = 0000 mask=ff00 (pc=01afde)
[  11.357]   [header-byte] write $ffa513 = 00 mask=00ff (pc=01afe6)
[  11.357]   [header-byte] write $ffa513 = 10 mask=00ff (pc=01affe)
[  11.357]   [header-byte] write $ffa513 = 50 mask=00ff (pc=01b022)
[  11.357]   [header-byte] write $ffa513 = 54 mask=00ff (pc=01b044)
[  11.532] [protection-state] address=ffa020 data=2020 mask=ff00 pc=000948
[  11.532] [protection-state] address=ffa020 data=2020 mask=00ff pc=000952
[  11.548] [protection-state] address=ffa020 data=0000 mask=00ff pc=000952
[  11.582] [protection-state] address=ffa020 data=0000 mask=ff00 pc=000948
[  11.691]   [header-byte] write $ffa517 = 54 mask=00ff (pc=018446)
[  11.691]   [header-byte] write $ffa517 = 54 mask=00ff (pc=018446)
[  11.691] [packet-accepted] total=435 seq=b2 flags=04 status=54 pc=01845e command=04 arg=00
[  12.015] heartbeat frame=720 tx=2059 rx=2157 fc=1 fd=10 fe=1 linkflag=82 pc=00028a a502=00 a524=0005 a525=05 a170=c2 a17f=00 txtail=000b rxpend=0000
[  12.015] [transport] captured=2059 flushed=2059 received=2157 accepted=435 payload2=426 payload3=0 payload4=0 payload5=0 pump_reads=1103 bursts=417 txcredit=0 outq=0 inq=0 watchdog=20 txseq=a2 rxseq=b3 rxcredit=0 protection=00 checks=0000
[  12.015] [epochs] local=1 peer=1 ready=true discarded_rx=0
[  12.015] [game-state] a142=04 a13e=04 a13f=0f a530=0400 a506=03 a507=01 a508=01 a7b0=0000 a7a6=9334 script=01f7f6
[  12.015] [tcb-continuations] ffa580=ff80->018392 sleep=0 local26=7710 ffa5c0=ff80->01853c sleep=0 local26=0000 ffd100=ff80->0242d0 sleep=0 local26=0000 ffd140=ff80->023f9e sleep=0 local26=0000 ffd180=ff80->023c40 sleep=0 local26=0000 ffd1c0=ff80->023c70 sleep=0 local26=0002 ffd200=ff80->023c70 sleep=0 local26=0000 ffd240=ff80->023c08 sleep=0 local26=0000
[  12.035] [game-command] data=8484 mask=ff00 pc=024322 requests=00
[  12.051] [game-command] data=0404 mask=ff00 pc=02434e requests=00
[  12.135]   [header-byte] write $ffa517 = 54 mask=00ff (pc=018446)
[  12.135] [packet-accepted] total=436 seq=b3 flags=04 status=54 pc=01845e command=84 arg=00
[  12.638]   [header-byte] write $ffa517 = 54 mask=00ff (pc=018446)
[  13.017] heartbeat frame=780 tx=2102 rx=2165 fc=1 fd=10 fe=1 linkflag=82 pc=00028a a502=00 a524=0000 a525=00 a170=c2 a17f=00 txtail=0036 rxpend=0000
[  13.017] [transport] captured=2102 flushed=2102 received=2165 accepted=437 payload2=427 payload3=0 payload4=0 payload5=0 pump_reads=1165 bursts=426 txcredit=0 outq=0 inq=0 watchdog=22 txseq=aa rxseq=b5 rxcredit=0 protection=00 checks=0000
[  13.017] [epochs] local=1 peer=1 ready=true discarded_rx=0
[  13.017] [game-state] a142=04 a13e=04 a13f=0f a530=0400 a506=03 a507=01 a508=01 a7b0=0000 a7a6=9334 script=01f7fc
[  13.017] [tcb-continuations] ffa580=ff80->018392 sleep=0 local26=7710 ffa5c0=ff80->01853c sleep=0 local26=1700 ffd100=ff80->02437e sleep=0 local26=0000 ffd240=ff80->023c3e sleep=0 local26=0000
[  13.136]   [header-byte] write $ffa517 = 54 mask=00ff (pc=018446)
[  14.018] heartbeat frame=840 tx=2105 rx=2168 fc=1 fd=10 fe=1 linkflag=82 pc=00028a a502=00 a524=0000 a525=00 a170=c2 a17f=00 txtail=0039 rxpend=0000
[  14.018] [transport] captured=2105 flushed=2105 received=2168 accepted=438 payload2=427 payload3=0 payload4=0 payload5=0 pump_reads=1226 bursts=427 txcredit=0 outq=0 inq=0 watchdog=23 txseq=ab rxseq=b6 rxcredit=0 protection=00 checks=0000
[  14.018] [epochs] local=1 peer=1 ready=true discarded_rx=0
[  14.018] [game-state] a142=04 a13e=04 a13f=0f a530=0400 a506=03 a507=01 a508=01 a7b0=0000 a7a6=9334 script=01a4d8
[  14.018] [tcb-continuations] ffa580=ff80->018392 sleep=0 local26=7710 ffa5c0=ff80->01853c sleep=0 local26=1800
[  14.070] [game-command] data=1616 mask=ff00 pc=00655a requests=00
[  14.070] [game-command] data=0101 mask=00ff pc=006562 requests=00
[  14.121]   [header-byte] write $ffa517 = 54 mask=00ff (pc=018446)
[  14.189]   [header-byte] write $ffa517 = 54 mask=00ff (pc=018446)
[  14.189] [packet-accepted] total=440 seq=b7 flags=20 status=54 pc=01845e
[  14.204]   [header-byte] write $ffa517 = 54 mask=00ff (pc=018446)
[  14.204] [packet-accepted] total=441 seq=b8 flags=20 status=54 pc=01845e
[  14.221]   [header-byte] write $ffa517 = 54 mask=00ff (pc=018446)
[  14.221] [packet-accepted] total=442 seq=b9 flags=20 status=54 pc=01845e
[  14.238]   [header-byte] write $ffa517 = 54 mask=00ff (pc=018446)
[  14.238] [packet-accepted] total=443 seq=ba flags=20 status=54 pc=01845e
[  14.254]   [header-byte] write $ffa517 = 54 mask=00ff (pc=018446)
[  14.254] [packet-accepted] total=444 seq=bb flags=20 status=54 pc=01845e
[  14.271]   [header-byte] write $ffa517 = 54 mask=00ff (pc=018446)
[  14.271] [packet-accepted] total=445 seq=bc flags=20 status=54 pc=01845e
[  14.288]   [header-byte] write $ffa517 = 54 mask=00ff (pc=018446)
[  14.288] [packet-accepted] total=446 seq=bd flags=20 status=54 pc=01845e
[  14.305]   [header-byte] write $ffa517 = 54 mask=00ff (pc=018446)
[  14.306] [packet-accepted] total=447 seq=be flags=20 status=54 pc=01845e
[  14.321]   [header-byte] write $ffa517 = 54 mask=00ff (pc=018446)
[  14.321] [packet-accepted] total=448 seq=bf flags=20 status=54 pc=01845e
[  14.338]   [header-byte] write $ffa517 = 54 mask=00ff (pc=018446)
[  14.338] [packet-accepted] total=449 seq=c0 flags=20 status=54 pc=01845e
[  14.354]   [header-byte] write $ffa517 = 54 mask=00ff (pc=018446)
[  14.354] [packet-accepted] total=450 seq=c1 flags=20 status=54 pc=01845e
[  14.371]   [header-byte] write $ffa517 = 54 mask=00ff (pc=018446)
[  14.371] [packet-accepted] total=451 seq=c2 flags=20 status=54 pc=01845e
[  14.388]   [header-byte] write $ffa517 = 54 mask=00ff (pc=018446)
[  14.388] [packet-accepted] total=452 seq=c3 flags=20 status=54 pc=01845e
[  14.404]   [header-byte] write $ffa517 = 54 mask=00ff (pc=018446)
[  14.404] [packet-accepted] total=453 seq=c4 flags=20 status=54 pc=01845e
[  14.421]   [header-byte] write $ffa517 = 54 mask=00ff (pc=018446)
[  14.421] [packet-accepted] total=454 seq=c5 flags=20 status=54 pc=01845e
[  14.438]   [header-byte] write $ffa517 = 54 mask=00ff (pc=018446)
[  14.438] [packet-accepted] total=455 seq=c6 flags=20 status=54 pc=01845e
[  14.454]   [header-byte] write $ffa517 = 54 mask=00ff (pc=018446)
[  14.454] [packet-accepted] total=456 seq=c7 flags=20 status=54 pc=01845e
[  14.471]   [header-byte] write $ffa517 = 54 mask=00ff (pc=018446)
[  14.471] [packet-accepted] total=457 seq=c8 flags=20 status=54 pc=01845e
[  14.488]   [header-byte] write $ffa517 = 54 mask=00ff (pc=018446)
[  14.488] [packet-accepted] total=458 seq=c9 flags=20 status=54 pc=01845e
[  14.505]   [header-byte] write $ffa517 = 54 mask=00ff (pc=018446)
[  14.505] [packet-accepted] total=459 seq=ca flags=20 status=54 pc=01845e
[  14.521]   [header-byte] write $ffa517 = 54 mask=00ff (pc=018446)
[  14.521] [packet-accepted] total=460 seq=cb flags=20 status=54 pc=01845e
[  14.539]   [header-byte] write $ffa517 = 54 mask=00ff (pc=018446)
[  14.539] [packet-accepted] total=461 seq=cc flags=20 status=54 pc=01845e
[  14.554]   [header-byte] write $ffa517 = 54 mask=00ff (pc=018446)
[  14.554] [packet-accepted] total=462 seq=cd flags=20 status=54 pc=01845e
[  14.571]   [header-byte] write $ffa517 = 54 mask=00ff (pc=018446)
[  14.571] [packet-accepted] total=463 seq=ce flags=24 status=54 pc=01845e command=26 arg=01
[  14.721]   [header-byte] write $ffa517 = 54 mask=00ff (pc=018446)
[  14.721] [packet-accepted] total=464 seq=cf flags=04 status=54 pc=01845e command=28 arg=22
[  14.723] [game-command] data=2828 mask=ff00 pc=005340 requests=00
[  14.723] [game-command] data=2222 mask=00ff pc=005356 requests=00
[  15.019] heartbeat frame=900 tx=2118 rx=2658 fc=1 fd=10 fe=1 linkflag=82 pc=00028a a502=00 a524=0000 a525=00 a170=c2 a17f=00 txtail=0046 rxpend=0000
[  15.019] [transport] captured=2118 flushed=2118 received=2658 accepted=464 payload2=429 payload3=0 payload4=0 payload5=24 pump_reads=1312 bursts=430 txcredit=0 outq=0 inq=0 watchdog=17 txseq=ae rxseq=d0 rxcredit=0 protection=00 checks=0000
[  15.019] [epochs] local=1 peer=1 ready=true discarded_rx=0
[  15.019] [game-state] a142=04 a13e=04 a13f=0f a530=2822 a506=03 a507=01 a508=01 a7b0=2822 a7a6=9334 script=01a51a
[  15.019] [tcb-continuations] ffa580=ff80->018392 sleep=0 local26=7710 ffa5c0=ff80->01853c sleep=0 local26=1100 ffd000=ffc0->00d454 sleep=0 local26=0000 ffd040=ffc0->00daca sleep=0 local26=0000 ffd080=ffc0->004f14 sleep=0 local26=0000 ffd0c0=ffc0->004f14 sleep=0 local26=0000 ffd100=ff80->006782 sleep=0 local26=0000 ffd140=ffc0->007f6e sleep=0 local26=0000 ffd180=ff80->00539a sleep=0 local26=0200 ffd1c0=ff00->005660 sleep=0 local26=b402 ffd200=ff00->0056e4 sleep=0 local26=0000 ffd240=ff80->00539a sleep=0 local26=0200 ffd280=ff00->005660 sleep=0 local26=b402 ffd2c0=ff00->0056e4 sleep=0 local26=0000 ffd300=ff80->0086ee sleep=0 local26=0000 ffd340=ff80->0086ee sleep=0 local26=0000 ffdfc0=ffc0->00d5ca sleep=0 local26=0000
[  15.222]   [header-byte] write $ffa517 = 54 mask=00ff (pc=018446)
[  15.639] [game-command] data=3838 mask=ff00 pc=00d470 requests=00
[  15.723]   [header-byte] write $ffa517 = 54 mask=00ff (pc=018446)
[  16.021] heartbeat frame=960 tx=2126 rx=2664 fc=1 fd=10 fe=1 linkflag=82 pc=000288 a502=00 a524=0000 a525=00 a170=c2 a17f=00 txtail=004e rxpend=0000
[  16.021] [transport] captured=2126 flushed=2126 received=2664 accepted=466 payload2=429 payload3=0 payload4=0 payload5=24 pump_reads=1374 bursts=432 txcredit=0 outq=0 inq=0 watchdog=17 txseq=b0 rxseq=d2 rxcredit=0 protection=00 checks=0000
[  16.021] [epochs] local=1 peer=1 ready=true discarded_rx=0
[  16.021] [game-state] a142=04 a13e=04 a13f=0f a530=3822 a506=03 a507=01 a508=01 a7b0=2822 a7a6=9334 script=01a51a
[  16.021] [tcb-continuations] ffa580=ff80->018392 sleep=0 local26=7710 ffa5c0=ff80->01853c sleep=0 local26=1600 ffd000=ffc0->00d47c sleep=0 local26=0000 ffd040=ffc0->00daca sleep=0 local26=0000 ffd080=ffc0->004f30 sleep=0 local26=0000 ffd0c0=ffc0->004f30 sleep=0 local26=0000 ffd100=ff80->006782 sleep=0 local26=0000 ffd140=ffc0->007f6e sleep=0 local26=0000 ffd180=ff80->005526 sleep=0 local26=0200 ffd240=ff80->005526 sleep=0 local26=0200 ffdfc0=ffc0->00d5ca sleep=0 local26=0000
[  16.223]   [header-byte] write $ffa517 = 54 mask=00ff (pc=018446)
[  16.724]   [header-byte] write $ffa517 = 54 mask=00ff (pc=018446)
[  17.022] heartbeat frame=1020 tx=2132 rx=2670 fc=1 fd=10 fe=1 linkflag=82 pc=00028a a502=00 a524=0000 a525=00 a170=c2 a17f=00 txtail=0054 rxpend=0000
[  17.022] [transport] captured=2132 flushed=2132 received=2670 accepted=468 payload2=429 payload3=0 payload4=0 payload5=24 pump_reads=1436 bursts=434 txcredit=0 outq=0 inq=0 watchdog=17 txseq=b2 rxseq=d4 rxcredit=0 protection=00 checks=0000
[  17.022] [epochs] local=1 peer=1 ready=true discarded_rx=0
[  17.225]   [header-byte] write $ffa517 = 54 mask=00ff (pc=018446)
[  17.725]   [header-byte] write $ffa517 = 54 mask=00ff (pc=018446)
[  18.023] heartbeat frame=1080 tx=2138 rx=2676 fc=1 fd=10 fe=1 linkflag=82 pc=00028a a502=00 a524=0000 a525=00 a170=c2 a17f=00 txtail=005a rxpend=0000
[  18.023] [transport] captured=2138 flushed=2138 received=2676 accepted=470 payload2=429 payload3=0 payload4=0 payload5=24 pump_reads=1498 bursts=436 txcredit=0 outq=0 inq=0 watchdog=17 txseq=b4 rxseq=d6 rxcredit=0 protection=00 checks=0000
[  18.023] [epochs] local=1 peer=1 ready=true discarded_rx=0
[  18.226]   [header-byte] write $ffa517 = 54 mask=00ff (pc=018446)
[  18.726]   [header-byte] write $ffa517 = 54 mask=00ff (pc=018446)
[  19.024] heartbeat frame=1140 tx=2144 rx=2682 fc=1 fd=10 fe=1 linkflag=82 pc=000288 a502=00 a524=0000 a525=00 a170=c2 a17f=00 txtail=0060 rxpend=0000
[  19.024] [transport] captured=2144 flushed=2144 received=2682 accepted=472 payload2=429 payload3=0 payload4=0 payload5=24 pump_reads=1560 bursts=438 txcredit=0 outq=0 inq=0 watchdog=17 txseq=b6 rxseq=d8 rxcredit=0 protection=00 checks=0000
[  19.024] [epochs] local=1 peer=1 ready=true discarded_rx=0
[  19.227]   [header-byte] write $ffa517 = 54 mask=00ff (pc=018446)
[  19.728]   [header-byte] write $ffa517 = 54 mask=00ff (pc=018446)
[  20.026] heartbeat frame=1200 tx=2150 rx=2688 fc=1 fd=10 fe=1 linkflag=82 pc=000288 a502=00 a524=0000 a525=00 a170=c2 a17f=00 txtail=0066 rxpend=0000
[  20.026] [transport] captured=2150 flushed=2150 received=2688 accepted=474 payload2=429 payload3=0 payload4=0 payload5=24 pump_reads=1622 bursts=440 txcredit=0 outq=0 inq=0 watchdog=17 txseq=b8 rxseq=da rxcredit=0 protection=00 checks=0000
[  20.026] [epochs] local=1 peer=1 ready=true discarded_rx=0
[  20.228]   [header-byte] write $ffa517 = 54 mask=00ff (pc=018446)
[  20.729]   [header-byte] write $ffa517 = 54 mask=00ff (pc=018446)
[  21.027] heartbeat frame=1260 tx=2156 rx=2694 fc=1 fd=10 fe=1 linkflag=82 pc=000288 a502=00 a524=0000 a525=00 a170=c2 a17f=00 txtail=006c rxpend=0000
[  21.027] [transport] captured=2156 flushed=2156 received=2694 accepted=476 payload2=429 payload3=0 payload4=0 payload5=24 pump_reads=1684 bursts=442 txcredit=0 outq=0 inq=0 watchdog=17 txseq=ba rxseq=dc rxcredit=0 protection=00 checks=0000
[  21.027] [epochs] local=1 peer=1 ready=true discarded_rx=0
[  21.230]   [header-byte] write $ffa517 = 54 mask=00ff (pc=018446)
[  21.730]   [header-byte] write $ffa517 = 54 mask=00ff (pc=018446)
[  21.765]   [header-byte] write $ffa517 = 54 mask=00ff (pc=018446)
[  21.765] [packet-accepted] total=479 seq=de flags=04 status=54 pc=01845e command=38 arg=22
[  22.028] heartbeat frame=1320 tx=2162 rx=2705 fc=1 fd=10 fe=1 linkflag=82 pc=000288 a502=00 a524=0000 a525=00 a170=c2 a17f=00 txtail=0072 rxpend=0000
[  22.028] [transport] captured=2162 flushed=2162 received=2705 accepted=479 payload2=430 payload3=0 payload4=0 payload5=24 pump_reads=1747 bursts=444 txcredit=0 outq=0 inq=0 watchdog=15 txseq=bc rxseq=df rxcredit=0 protection=00 checks=0000
[  22.028] [epochs] local=1 peer=1 ready=true discarded_rx=0
[  22.028] [game-state] a142=04 a13e=04 a13f=0f a530=3822 a506=03 a507=01 a508=01 a7b0=3822 a7a6=9334 script=01a51a
[  22.028] [tcb-continuations] ffa580=ff80->018392 sleep=0 local26=7710 ffa5c0=ff80->01853c sleep=0 local26=1600 ffd000=ffc0->00d47c sleep=0 local26=0000 ffd040=ffc0->00daca sleep=0 local26=0000 ffd080=ffc0->004f30 sleep=0 local26=0000 ffd0c0=ffc0->004f30 sleep=0 local26=0000 ffd100=ff80->006782 sleep=0 local26=0000 ffd140=ffc0->007fb6 sleep=0 local26=0000 ffdfc0=ffc0->00d66e sleep=0 local26=0000
[  22.045] [protection-state] address=ffa020 data=2020 mask=ff00 pc=000948
[  22.045] [protection-state] address=ffa020 data=2020 mask=00ff pc=000952
[  22.047]   [menu-state] write $ffa172 = 0101 mask=ff00 (pc=0194b6)
[  22.062] [protection-state] address=ffa020 data=0000 mask=00ff pc=000952
[  22.064]   [menu-state] write $ffa172 = 0000 mask=ff00 (pc=019418)
[  22.064]   [menu-state] write $ffa171 = 8888 mask=00ff (pc=019420)
[  22.064]   [header-byte] write $ffa513 = 54 mask=00ff (pc=019432)
[  22.064]   [header-byte] write $ffa513 = 5c mask=00ff (pc=019438)
[  22.095] [protection-state] address=ffa020 data=0000 mask=ff00 pc=000948
[  22.181]   [header-byte] write $ffa517 = 04 mask=00ff (pc=018446)
[  22.181] [packet-accepted] total=480 seq=df flags=00 status=04 pc=01845e
[  22.197]   [menu-state] write $ffa171 = 0808 mask=00ff (pc=019466)
[  22.197]   [header-byte] write $ffa513 = 4c mask=00ff (pc=019e4a)
[  22.197]   [header-byte] write $ffa513 = 08 mask=00ff (pc=01afe6)
[  22.197]   [header-byte] write $ffa513 = 0c mask=00ff (pc=01b044)
[  22.682]   [header-byte] write $ffa517 = 04 mask=00ff (pc=018446)
[  23.030] heartbeat frame=1380 tx=2171 rx=2711 fc=1 fd=10 fe=1 linkflag=82 pc=000288 a502=00 a524=0000 a525=00 a170=c2 a17f=00 txtail=007b rxpend=0000
[  23.030] [transport] captured=2171 flushed=2171 received=2711 accepted=481 payload2=430 payload3=0 payload4=0 payload5=24 pump_reads=1809 bursts=447 txcredit=0 outq=0 inq=0 watchdog=20 txseq=bf rxseq=e1 rxcredit=0 protection=00 checks=0000
[  23.030] [epochs] local=1 peer=1 ready=true discarded_rx=0
[  23.030] [tcb-continuations] ffa580=ff80->018392 sleep=0 local26=7710 ffa5c0=ff80->01853c sleep=0 local26=1300 ffd000=ffc0->00d47c sleep=0 local26=0000 ffd040=ffc0->00daca sleep=0 local26=0000 ffd080=ffc0->004f30 sleep=0 local26=0000 ffd0c0=ffc0->004f30 sleep=0 local26=0000 ffd100=ff80->006782 sleep=0 local26=0000 ffd140=ffc0->007fb6 sleep=0 local26=0000 ffdfc0=ffc0->00d66e sleep=0 local26=0000
[  23.182]   [header-byte] write $ffa517 = 04 mask=00ff (pc=018446)
[  23.217] [game-command] data=f8f8 mask=ff00 pc=008022 requests=00
[  23.234] [game-command] data=0b0b mask=ff00 pc=00d49c requests=00
[  23.250]   [header-byte] write $ffa517 = 04 mask=00ff (pc=018446)
[  23.250] [packet-accepted] total=483 seq=e2 flags=10 status=04 pc=01845e
[  23.266]   [header-byte] write $ffa517 = 04 mask=00ff (pc=018446)
[  23.266] [packet-accepted] total=484 seq=e3 flags=10 status=04 pc=01845e
[  23.766]   [header-byte] write $ffa517 = 04 mask=00ff (pc=018446)
[  24.031] heartbeat frame=1440 tx=2211 rx=2751 fc=1 fd=10 fe=1 linkflag=82 pc=00028a a502=00 a524=0000 a525=00 a170=c2 a17f=00 txtail=00a3 rxpend=0000
[  24.031] [transport] captured=2211 flushed=2211 received=2751 accepted=485 payload2=430 payload3=0 payload4=2 payload5=24 pump_reads=1873 bursts=451 txcredit=0 outq=0 inq=0 watchdog=15 txseq=c3 rxseq=e5 rxcredit=17 protection=00 checks=0000
[  24.031] [epochs] local=1 peer=1 ready=true discarded_rx=0
[  24.031] [game-state] a142=04 a13e=04 a13f=0f a530=0b22 a506=0b a507=01 a508=01 a7b0=3822 a7a6=9334 script=01a51a
[  24.031] [tcb-continuations] ffa580=ff80->018392 sleep=0 local26=7710 ffa5c0=ff80->01853c sleep=0 local26=0f00 ffd000=ffc0->00d4b4 sleep=0 local26=0000 ffd040=ffc0->00daca sleep=0 local26=0000 ffd080=ffc0->00504e sleep=0 local26=2a00 ffd0c0=ffc0->00504e sleep=0 local26=2a00 ffd100=ff80->006782 sleep=0 local26=0000 ffd140=ffc0->008082 sleep=0 local26=0304 ffd180=ff80->0079d4 sleep=0 local26=0001 ffd1c0=ff80->007dfc sleep=0 local26=0000 ffd200=ff80->0079d4 sleep=0 local26=0001 ffd240=ff80->007dfc sleep=0 local26=0000 ffdfc0=ffc0->00d6d0 sleep=0 local26=0000 ffe000=ff00->008362 sleep=0 local26=ffe3 ffe080=ff00->008362 sleep=0 local26=ffe3 ffe0c0=ff00->008362 sleep=0 local26=ffe3 ffe100=ff00->008362 sleep=0 local26=ffe3 ffe140=ff00->008362 sleep=0 local26=ffe3 ffe180=ff00->008362 sleep=0 local26=ffe3 ffe1c0=ff00->008362 sleep=0 local26=ffe3 ffe200=ff00->008362 sleep=0 local26=ffe3 ffe240=ff00->008362 sleep=0 local26=ffe3 ffe280=ff00->008362 sleep=0 local26=ffe3 ffe2c0=ff00->008362 sleep=0 local26=ffe3 ffe300=ff00->008362 sleep=0 local26=ffe3 ffe500=ff00->008362 sleep=0 local26=ffe3 ffe540=ff00->008362 sleep=0 local26=ffe3 ffe580=ff00->008362 sleep=0 local26=ffe3 ffe5c0=ff00->008362 sleep=0 local26=ffe3 ffe600=ff00->008362 sleep=0 local26=ffe3 ffe640=ff00->008362 sleep=0 local26=ffe3 ffe680=ff00->008362 sleep=0 local26=ffe3 ffe6c0=ff00->008362 sleep=0 local26=ffe3 ffe700=ff00->008362 sleep=0 local26=ffe3 ffe780=ff00->008362 sleep=0 local26=ffe3 ffe7c0=ff00->008362 sleep=0 local26=ffe3
[  24.033]   [header-byte] write $ffa517 = 04 mask=00ff (pc=018446)
[  24.033] [packet-accepted] total=486 seq=e5 flags=10 status=04 pc=01845e
[  24.050]   [header-byte] write $ffa517 = 04 mask=00ff (pc=018446)
[  24.050] [packet-accepted] total=487 seq=e6 flags=10 status=04 pc=01845e
[  24.150]   [header-byte] write $ffa517 = 04 mask=00ff (pc=018446)
[  24.150] [packet-accepted] total=488 seq=e7 flags=08 status=04 pc=01845e attack=ffff,8000
[  24.150] [attack-state] address=ffa7f4 data=8080 mask=ff00 pc=018638 protection=00
[  24.150] [attack-state] address=ffa7fc data=8080 mask=ff00 pc=01863c protection=00
[  24.184]   [header-byte] write $ffa517 = 04 mask=00ff (pc=018446)
[  24.184] [packet-accepted] total=489 seq=e8 flags=08 status=04 pc=01845e attack=8000,ffff
[  24.184] [attack-state] address=ffa7f0 data=8080 mask=ff00 pc=018638 protection=00
[  24.184] [attack-state] address=ffa7f8 data=8080 mask=ff00 pc=01863c protection=00
[  24.300] [attack-state] address=ffa7e0 data=8080 mask=ff00 pc=0050ce protection=00
[  24.302] [attack-state] address=ffa7e0 data=0000 mask=ff00 pc=00da56 protection=00
[  24.335] [attack-state] address=ffa7e4 data=8080 mask=ff00 pc=0050ce protection=00
[  24.336] [attack-state] address=ffa7e4 data=0000 mask=ff00 pc=00da56 protection=00
[  24.684]   [header-byte] write $ffa517 = 04 mask=00ff (pc=018446)
[  24.968]   [header-byte] write $ffa517 = 04 mask=00ff (pc=018446)
[  24.968] [packet-accepted] total=491 seq=ea flags=10 status=04 pc=01845e
[  24.986]   [header-byte] write $ffa517 = 04 mask=00ff (pc=018446)
[  24.986] [packet-accepted] total=492 seq=eb flags=10 status=04 pc=01845e
[  25.032] heartbeat frame=1500 tx=2262 rx=2836 fc=1 fd=10 fe=1 linkflag=82 pc=000288 a502=00 a524=0000 a525=00 a170=c2 a17f=00 txtail=00d6 rxpend=0000
[  25.032] [transport] captured=2262 flushed=2262 received=2836 accepted=492 payload2=430 payload3=2 payload4=6 payload5=24 pump_reads=1940 bursts=456 txcredit=0 outq=0 inq=0 watchdog=2 txseq=c8 rxseq=ec rxcredit=0 protection=00 checks=0000
[  25.032] [epochs] local=1 peer=1 ready=true discarded_rx=0
[  25.032] [tcb-continuations] ffa580=ff80->018392 sleep=0 local26=7710 ffa5c0=ff80->01853c sleep=0 local26=0b00 ffd000=ffc0->00d4b4 sleep=0 local26=0000 ffd040=ffc0->00daca sleep=0 local26=0000 ffd080=ffc0->00504e sleep=0 local26=2600 ffd0c0=ffc0->00504e sleep=0 local26=2400 ffd100=ff80->006782 sleep=0 local26=0000 ffd140=ffc0->008082 sleep=0 local26=0304 ffd280=ff80->0079d4 sleep=0 local26=0001 ffd2c0=ff80->007dfc sleep=0 local26=0000 ffd300=ff80->0079d4 sleep=0 local26=0001 ffd340=ff80->007dfc sleep=0 local26=0000 ffdfc0=ffc0->00d6d0 sleep=0 local26=0000 ffe000=ff00->0070c2 sleep=0 local26=4100
[  25.102]   [header-byte] write $ffa517 = 04 mask=00ff (pc=018446)
[  25.102] [packet-accepted] total=493 seq=ec flags=08 status=04 pc=01845e attack=8000,8000
[  25.402] [attack-state] address=ffa7e0 data=8080 mask=ff00 pc=0050ce protection=00
[  25.402] [attack-state] address=ffa7e4 data=8080 mask=ff00 pc=0050ce protection=00
[  25.403] [attack-state] address=ffa7e0 data=0000 mask=ff00 pc=00da56 protection=00
[  25.403] [attack-state] address=ffa7e4 data=0000 mask=ff00 pc=00da56 protection=00
[  25.602]   [header-byte] write $ffa517 = 04 mask=00ff (pc=018446)
[  25.919]   [header-byte] write $ffa517 = 04 mask=00ff (pc=018446)
[  25.919] [packet-accepted] total=495 seq=ee flags=10 status=04 pc=01845e
[  26.034] heartbeat frame=1560 tx=2306 rx=2863 fc=1 fd=10 fe=1 linkflag=82 pc=000288 a502=00 a524=0000 a525=00 a170=c2 a17f=00 txtail=0002 rxpend=0000
[  26.034] [transport] captured=2306 flushed=2306 received=2863 accepted=495 payload2=430 payload3=3 payload4=7 payload5=24 pump_reads=2003 bursts=460 txcredit=0 outq=0 inq=0 watchdog=6 txseq=cc rxseq=ef rxcredit=17 protection=00 checks=0000
[  26.034] [epochs] local=1 peer=1 ready=true discarded_rx=0
[  26.034] [tcb-continuations] ffa580=ff80->018392 sleep=0 local26=7710 ffa5c0=ff80->01853c sleep=0 local26=0700 ffd000=ffc0->00d4b4 sleep=0 local26=0000 ffd040=ffc0->00daca sleep=0 local26=0000 ffd080=ffc0->00504e sleep=0 local26=2000 ffd0c0=ffc0->00504e sleep=0 local26=2000 ffd100=ff80->006782 sleep=0 local26=0000 ffd140=ffc0->008082 sleep=0 local26=0204 ffd180=ff80->007944 sleep=0 local26=0000 ffd1c0=ff80->007d70 sleep=0 local26=0000 ffd200=ff80->0079d4 sleep=0 local26=0001 ffd240=ff80->007dfc sleep=0 local26=0000 ffd280=ff00->007a24 sleep=0 local26=0101 ffd2c0=ff00->007a24 sleep=0 local26=0100 ffd300=ff00->007a24 sleep=0 local26=0101 ffd340=ff00->007a24 sleep=0 local26=0100 ffdfc0=ffc0->00d6d0 sleep=0 local26=0000 ffe000=ff00->0070c2 sleep=0 local26=4100
[  26.036]   [header-byte] write $ffa517 = 04 mask=00ff (pc=018446)
[  26.036] [packet-accepted] total=496 seq=ef flags=10 status=04 pc=01845e
[  26.053]   [header-byte] write $ffa517 = 04 mask=00ff (pc=018446)
[  26.053] [packet-accepted] total=497 seq=f0 flags=08 status=04 pc=01845e attack=8000,ffff
[  26.169]   [header-byte] write $ffa517 = 04 mask=00ff (pc=018446)
[  26.169] [packet-accepted] total=498 seq=f1 flags=08 status=04 pc=01845e attack=ffff,8000
[  26.354] [attack-state] address=ffa7e4 data=8080 mask=ff00 pc=0050ce protection=00
[  26.356] [attack-state] address=ffa7e4 data=0000 mask=ff00 pc=00da56 protection=00
[  26.470] [attack-state] address=ffa7e0 data=8080 mask=ff00 pc=0050ce protection=00
[  26.471] [attack-state] address=ffa7e0 data=0000 mask=ff00 pc=00da56 protection=00
[  26.672]   [header-byte] write $ffa517 = 04 mask=00ff (pc=018446)
[  26.987]   [header-byte] write $ffa517 = 04 mask=00ff (pc=018446)
[  26.987] [packet-accepted] total=500 seq=f3 flags=10 status=04 pc=01845e
[  27.035] heartbeat frame=1620 tx=2357 rx=2914 fc=1 fd=10 fe=1 linkflag=82 pc=00028a a502=00 a524=0000 a525=00 a170=c2 a17f=00 txtail=0035 rxpend=0000
[  27.035] [transport] captured=2357 flushed=2357 received=2914 accepted=500 payload2=430 payload3=5 payload4=9 payload5=24 pump_reads=2068 bursts=465 txcredit=0 outq=0 inq=0 watchdog=2 txseq=d1 rxseq=f4 rxcredit=0 protection=00 checks=0000
[  27.035] [epochs] local=1 peer=1 ready=true discarded_rx=0
[  27.035] [tcb-continuations] ffa580=ff80->018392 sleep=0 local26=7710 ffa5c0=ff80->01853c sleep=0 local26=0300 ffd000=ffc0->00d4b4 sleep=0 local26=0000 ffd040=ffc0->00daca sleep=0 local26=0000 ffd080=ffc0->00504e sleep=0 local26=1c00 ffd0c0=ffc0->00504e sleep=0 local26=2300 ffd100=ff80->006782 sleep=0 local26=0000 ffd140=ffc0->008082 sleep=0 local26=0204 ffd180=ff00->007a24 sleep=0 local26=0201 ffd1c0=ff00->007a24 sleep=0 local26=0200 ffd280=ff80->0079d4 sleep=0 local26=0001 ffd2c0=ff80->007dfc sleep=0 local26=0000 ffd300=ff80->0079d4 sleep=0 local26=0001 ffd340=ff80->007dc0 sleep=0 local26=0000 ffdfc0=ffc0->00d6d0 sleep=0 local26=0000 ffe000=ff00->0070c2 sleep=0 local26=4100
[  27.123]   [header-byte] write $ffa517 = 04 mask=00ff (pc=018446)
[  27.123] [packet-accepted] total=501 seq=f4 flags=08 status=04 pc=01845e attack=8000,ffff
[  27.138]   [header-byte] write $ffa517 = 04 mask=00ff (pc=018446)
[  27.138] [packet-accepted] total=502 seq=f5 flags=10 status=04 pc=01845e
[  27.271]   [header-byte] write $ffa517 = 04 mask=00ff (pc=018446)
[  27.271] [packet-accepted] total=503 seq=f6 flags=08 status=04 pc=01845e attack=ffff,8000
[  27.306] [attack-state] address=ffa7e4 data=8080 mask=ff00 pc=0050ce protection=00
[  27.307] [attack-state] address=ffa7e4 data=0000 mask=ff00 pc=00da56 protection=00
[  27.421] [attack-state] address=ffa7e0 data=8080 mask=ff00 pc=0050ce protection=00
[  27.423] [attack-state] address=ffa7e0 data=0000 mask=ff00 pc=00da56 protection=00
[  27.771]   [header-byte] write $ffa517 = 04 mask=00ff (pc=018446)
[  28.036] heartbeat frame=1680 tx=2408 rx=2948 fc=1 fd=10 fe=1 linkflag=82 pc=000288 a502=00 a524=0000 a525=00 a170=c2 a17f=00 txtail=0068 rxpend=0000
[  28.036] [transport] captured=2408 flushed=2408 received=2948 accepted=504 payload2=430 payload3=7 payload4=10 payload5=24 pump_reads=2132 bursts=470 txcredit=0 outq=0 inq=0 watchdog=15 txseq=d6 rxseq=f8 rxcredit=0 protection=00 checks=0000
[  28.036] [epochs] local=1 peer=1 ready=true discarded_rx=0
[  28.036] [tcb-continuations] ffa580=ff80->018392 sleep=0 local26=7710 ffa5c0=ff80->01853c sleep=0 local26=0600 ffd000=ffc0->00d4b4 sleep=0 local26=0000 ffd040=ffc0->00daca sleep=0 local26=0000 ffd080=ffc0->00504e sleep=0 local26=1f00 ffd0c0=ffc0->00504e sleep=0 local26=2600 ffd100=ff80->006782 sleep=0 local26=0000 ffd140=ffc0->008082 sleep=0 local26=0004 ffd180=ff80->0079d4 sleep=0 local26=0001 ffd1c0=ff80->007dfc sleep=0 local26=0000 ffd200=ff80->0079d4 sleep=0 local26=0001 ffd240=ff80->007dfc sleep=0 local26=0000 ffd300=ff00->007a24 sleep=0 local26=0101 ffd340=ff00->007a24 sleep=0 local26=0100 ffdfc0=ffc0->00d6d0 sleep=0 local26=0000 ffe000=ff00->0070c2 sleep=0 local26=4100
[  28.089]   [header-byte] write $ffa517 = 04 mask=00ff (pc=018446)
[  28.089] [packet-accepted] total=505 seq=f8 flags=10 status=04 pc=01845e
[  28.206]   [header-byte] write $ffa517 = 04 mask=00ff (pc=018446)
[  28.206] [packet-accepted] total=506 seq=f9 flags=10 status=04 pc=01845e
[  28.206]   [header-byte] write $ffa517 = 04 mask=00ff (pc=018446)
[  28.206] [packet-accepted] total=507 seq=fa flags=08 status=04 pc=01845e attack=8000,ffff
[  28.339]   [header-byte] write $ffa517 = 04 mask=00ff (pc=018446)
[  28.339] [packet-accepted] total=508 seq=fb flags=08 status=04 pc=01845e attack=ffff,8000
[  28.339] [attack-state] address=ffa7e0 data=8080 mask=ff00 pc=0050ce protection=00
[  28.342] [attack-state] address=ffa7e0 data=0000 mask=ff00 pc=00da56 protection=00
[  28.589] [garbage-calculation] protection=00 score=0067 divisor=0078 task=ffd0c0 pc=00784e players=4 rule=01 split_remainder=00
[  28.840]   [header-byte] write $ffa517 = 04 mask=00ff (pc=018446)
[  29.037] heartbeat frame=1740 tx=2452 rx=2999 fc=1 fd=10 fe=1 linkflag=82 pc=00028a a502=00 a524=0000 a525=00 a170=c2 a17f=00 txtail=0094 rxpend=0000
[  29.037] [transport] captured=2452 flushed=2452 received=2999 accepted=509 payload2=430 payload3=9 payload4=12 payload5=24 pump_reads=2196 bursts=474 txcredit=0 outq=0 inq=0 watchdog=11 txseq=da rxseq=fd rxcredit=0 protection=00 checks=0000
[  29.037] [epochs] local=1 peer=1 ready=true discarded_rx=0
[  29.037] [tcb-continuations] ffa580=ff80->018392 sleep=0 local26=7710 ffa5c0=ff80->01853c sleep=0 local26=0b00 ffd000=ffc0->00d4b4 sleep=0 local26=0000 ffd040=ffc0->00daca sleep=0 local26=0000 ffd080=ffc0->00504e sleep=0 local26=2400 ffd0c0=ffc0->005164 sleep=0 local26=0001 ffd100=ff80->006782 sleep=0 local26=0000 ffd140=ffc0->008082 sleep=0 local26=0004 ffd280=ff80->0079d4 sleep=0 local26=0001 ffd2c0=ff80->007dfc sleep=0 local26=0000 ffd300=ff80->00963c sleep=0 local26=0000 ffd340=ff00->009950 sleep=0 local26=0018 ffdfc0=ffc0->00d6d0 sleep=0 local26=0000 ffe000=ff00->0070c2 sleep=0 local26=3600 ffe040=ff00->009ac0 sleep=0 local26=0000 ffe080=ff00->009ac0 sleep=0 local26=0000 ffe0c0=ff00->009ac0 sleep=0 local26=0000 ffe100=ff00->009ac0 sleep=0 local26=0000 ffe140=ff00->009ac0 sleep=0 local26=0000 ffe180=ff00->009ac0 sleep=0 local26=0000 ffe1c0=ff00->009ac0 sleep=0 local26=0000 ffe200=ff00->009ac0 sleep=0 local26=0000 ffe240=ff00->009ac0 sleep=0 local26=0000 ffe280=ff00->009ac0 sleep=0 local26=0000 ffe2c0=ff00->009ac0 sleep=0 local26=0000 ffe300=ff00->009ac0 sleep=0 local26=0000 ffe340=ff00->009ac0 sleep=0 local26=0000 ffe380=ff00->009ac0 sleep=0 local26=0000 ffe3c0=ff00->009ac0 sleep=0 local26=0000 ffe400=ff00->009ac0 sleep=0 local26=0000
[  29.140]   [header-byte] write $ffa517 = 04 mask=00ff (pc=018446)
[  29.140] [packet-accepted] total=510 seq=fd flags=10 status=04 pc=01845e
[  29.173]   [header-byte] write $ffa517 = 04 mask=00ff (pc=018446)
[  29.173] [packet-accepted] total=511 seq=fe flags=10 status=04 pc=01845e
[  29.290]   [header-byte] write $ffa517 = 04 mask=00ff (pc=018446)
[  29.290] [packet-accepted] total=512 seq=ff flags=08 status=04 pc=01845e attack=8000,8000
[  29.291] [attack-state] address=ffa7e0 data=8080 mask=ff00 pc=0050ce protection=00
[  29.293] [attack-state] address=ffa7e0 data=0000 mask=ff00 pc=00da56 protection=00
[  29.591] [attack-state] address=ffa7e4 data=8080 mask=ff00 pc=0050ce protection=00
[  29.593] [attack-state] address=ffa7e4 data=0000 mask=ff00 pc=00da56 protection=00
[  29.791]   [header-byte] write $ffa517 = 04 mask=00ff (pc=018446)
[  29.974]   [header-byte] write $ffa517 = 04 mask=00ff (pc=018446)
[  29.975] [packet-accepted] total=514 seq=01 flags=10 status=04 pc=01845e
[  30.039] heartbeat frame=1800 tx=2500 rx=3060 fc=1 fd=10 fe=1 linkflag=82 pc=000288 a502=00 a524=0000 a525=00 a170=c2 a17f=00 txtail=00c4 rxpend=0000
[  30.039] [transport] captured=2500 flushed=2500 received=3060 accepted=514 payload2=430 payload3=10 payload4=15 payload5=24 pump_reads=2261 bursts=478 txcredit=0 outq=0 inq=0 watchdog=3 txseq=de rxseq=02 rxcredit=17 protection=00 checks=0000
[  30.039] [epochs] local=1 peer=1 ready=true discarded_rx=0
[  30.039] [tcb-continuations] ffa580=ff80->018392 sleep=0 local26=7710 ffa5c0=ff80->01853c sleep=0 local26=1a00 ffd000=ffc0->00d4b4 sleep=0 local26=0000 ffd040=ffc0->00daca sleep=0 local26=0000 ffd080=ffc0->00504e sleep=0 local26=2700 ffd0c0=ffc0->00504e sleep=0 local26=1500 ffd100=ff80->006782 sleep=0 local26=0000 ffd140=ffc0->008082 sleep=0 local26=05ff ffd180=ff80->0079d4 sleep=0 local26=0001 ffd1c0=ff80->007dfc sleep=0 local26=0000 ffd200=ff80->007944 sleep=0 local26=0000 ffd240=ff80->007d70 sleep=0 local26=0000 ffdfc0=ffc0->00d6d0 sleep=0 local26=0000
[  30.043]   [header-byte] write $ffa517 = 04 mask=00ff (pc=018446)
[  30.043] [packet-accepted] total=515 seq=02 flags=10 status=04 pc=01845e
[  30.108]   [header-byte] write $ffa517 = 04 mask=00ff (pc=018446)
[  30.108] [packet-accepted] total=516 seq=03 flags=08 status=04 pc=01845e attack=ffff,8000
[  30.175]   [header-byte] write $ffa517 = 04 mask=00ff (pc=018446)
[  30.175] [packet-accepted] total=517 seq=04 flags=08 status=04 pc=01845e attack=8000,ffff
[  30.292] [attack-state] address=ffa7e0 data=8080 mask=ff00 pc=0050ce protection=00
[  30.293] [attack-state] address=ffa7e0 data=0000 mask=ff00 pc=00da56 protection=00
[  30.659] [attack-state] address=ffa7e4 data=8080 mask=ff00 pc=0050ce protection=00
[  30.661] [attack-state] address=ffa7e4 data=0000 mask=ff00 pc=00da56 protection=00
[  30.675]   [header-byte] write $ffa517 = 04 mask=00ff (pc=018446)
[  30.862]   [header-byte] write $ffa517 = 04 mask=00ff (pc=018446)
[  30.862] [packet-accepted] total=519 seq=06 flags=10 status=04 pc=01845e
[  30.876]   [header-byte] write $ffa517 = 04 mask=00ff (pc=018446)
[  30.876] [packet-accepted] total=520 seq=07 flags=10 status=04 pc=01845e
[  30.993]   [header-byte] write $ffa517 = 04 mask=00ff (pc=018446)
[  30.993] [packet-accepted] total=521 seq=08 flags=08 status=04 pc=01845e attack=8000,8000
[  31.040] heartbeat frame=1860 tx=2551 rx=3135 fc=1 fd=10 fe=1 linkflag=82 pc=00028a a502=00 a524=0000 a525=00 a170=c2 a17f=00 txtail=00f7 rxpend=0000
[  31.040] [transport] captured=2551 flushed=2551 received=3135 accepted=521 payload2=430 payload3=13 payload4=18 payload5=24 pump_reads=2328 bursts=483 txcredit=0 outq=0 inq=0 watchdog=2 txseq=e3 rxseq=09 rxcredit=0 protection=00 checks=0000
[  31.040] [epochs] local=1 peer=1 ready=true discarded_rx=0
[  31.040] [tcb-continuations] ffa580=ff80->018392 sleep=0 local26=7710 ffa5c0=ff80->01853c sleep=0 local26=1600 ffd000=ffc0->00d4b4 sleep=0 local26=0000 ffd040=ffc0->00daca sleep=0 local26=0000 ffd080=ffc0->00504e sleep=0 local26=2700 ffd0c0=ffc0->00504e sleep=0 local26=1100 ffd100=ff80->006782 sleep=0 local26=0000 ffd140=ffc0->008082 sleep=0 local26=031c ffd200=ff00->007a24 sleep=0 local26=0501 ffd240=ff00->007a24 sleep=0 local26=0400 ffd280=ff80->0079d4 sleep=0 local26=0001 ffd2c0=ff80->007dfc sleep=0 local26=0000 ffd300=ff80->007944 sleep=0 local26=0000 ffd340=ff80->007d70 sleep=0 local26=0000 ffdfc0=ffc0->00d6d0 sleep=0 local26=0000
[  31.293] [attack-state] address=ffa7e0 data=8080 mask=ff00 pc=0050ce protection=00
[  31.294] [attack-state] address=ffa7e0 data=0000 mask=ff00 pc=00da56 protection=00
[  31.493]   [header-byte] write $ffa517 = 04 mask=00ff (pc=018446)
[  31.610] [attack-state] address=ffa7e4 data=8080 mask=ff00 pc=0050ce protection=00
[  31.612] [attack-state] address=ffa7e4 data=0000 mask=ff00 pc=00da56 protection=00
[  31.762]   [header-byte] write $ffa517 = 04 mask=00ff (pc=018446)
[  31.762] [packet-accepted] total=523 seq=0a flags=10 status=04 pc=01845e
[  31.861]   [header-byte] write $ffa517 = 04 mask=00ff (pc=018446)
[  31.861] [packet-accepted] total=524 seq=0b flags=10 status=04 pc=01845e
[  31.877]   [header-byte] write $ffa517 = 04 mask=00ff (pc=018446)
[  31.877] [packet-accepted] total=525 seq=0c flags=08 status=04 pc=01845e attack=8000,ffff
[  31.994]   [header-byte] write $ffa517 = 04 mask=00ff (pc=018446)
[  31.994] [packet-accepted] total=526 seq=0d flags=08 status=04 pc=01845e attack=ffff,8000
[  32.041] heartbeat frame=1920 tx=2602 rx=3186 fc=1 fd=10 fe=1 linkflag=82 pc=00028a a502=00 a524=0000 a525=00 a170=c2 a17f=00 txtail=002a rxpend=0000
[  32.041] [transport] captured=2602 flushed=2602 received=3186 accepted=526 payload2=430 payload3=15 payload4=20 payload5=24 pump_reads=2393 bursts=488 txcredit=0 outq=0 inq=0 watchdog=2 txseq=e8 rxseq=0e rxcredit=0 protection=00 checks=0000
[  32.041] [epochs] local=1 peer=1 ready=true discarded_rx=0
[  32.041] [tcb-continuations] ffa580=ff80->018392 sleep=0 local26=7710 ffa5c0=ff80->01853c sleep=0 local26=1900 ffd000=ffc0->00d4b4 sleep=0 local26=0000 ffd040=ffc0->00daca sleep=0 local26=0000 ffd080=ffc0->00504e sleep=0 local26=2700 ffd0c0=ffc0->00504e sleep=0 local26=1400 ffd100=ff80->006782 sleep=0 local26=0000 ffd140=ffc0->008082 sleep=0 local26=021c ffd180=ff00->0079fe sleep=24 local26=0001 ffd1c0=ff00->0079fe sleep=22 local26=0000 ffd200=ff80->007944 sleep=0 local26=0000 ffd240=ff80->007d70 sleep=0 local26=0000 ffd300=ff00->007a24 sleep=0 local26=0401 ffd340=ff00->007a24 sleep=0 local26=0400 ffdfc0=ffc0->00d6d0 sleep=0 local26=0000 ffe000=ff00->0070c2 sleep=0 local26=4c00
[  32.178] [attack-state] address=ffa7e0 data=8080 mask=ff00 pc=0050ce protection=00
[  32.179] [attack-state] address=ffa7e0 data=0000 mask=ff00 pc=00da56 protection=00
[  32.496]   [header-byte] write $ffa517 = 04 mask=00ff (pc=018446)
[  32.496] [attack-state] address=ffa7e4 data=8080 mask=ff00 pc=0050ce protection=00
[  32.498] [attack-state] address=ffa7e4 data=0000 mask=ff00 pc=00da56 protection=00
[  32.762]   [header-byte] write $ffa517 = 04 mask=00ff (pc=018446)
[  32.762] [packet-accepted] total=528 seq=0f flags=10 status=04 pc=01845e
[  32.861]   [header-byte] write $ffa517 = 04 mask=00ff (pc=018446)
[  32.861] [packet-accepted] total=529 seq=10 flags=10 status=04 pc=01845e
[  32.995]   [header-byte] write $ffa517 = 04 mask=00ff (pc=018446)
[  32.995] [packet-accepted] total=530 seq=11 flags=08 status=04 pc=01845e attack=ffff,8000
[  33.043] heartbeat frame=1980 tx=2667 rx=3230 fc=1 fd=10 fe=1 linkflag=82 pc=000288 a502=00 a524=0000 a525=00 a170=c2 a17f=00 txtail=006b rxpend=0000
[  33.043] [transport] captured=2667 flushed=2667 received=3230 accepted=530 payload2=430 payload3=16 payload4=22 payload5=24 pump_reads=2457 bursts=493 txcredit=0 outq=0 inq=0 watchdog=2 txseq=ed rxseq=12 rxcredit=0 protection=00 checks=0000
[  33.043] [epochs] local=1 peer=1 ready=true discarded_rx=0
[  33.043] [tcb-continuations] ffa580=ff80->018392 sleep=0 local26=7710 ffa5c0=ff80->01853c sleep=0 local26=0600 ffd000=ffc0->00d4b4 sleep=0 local26=0000 ffd040=ffc0->00daca sleep=0 local26=0000 ffd080=ffc0->005120 sleep=23 local26=0001 ffd0c0=ffc0->00504e sleep=0 local26=1b00 ffd100=ff80->006782 sleep=0 local26=0000 ffd140=ffc0->008082 sleep=0 local26=021c ffd200=ff00->007a24 sleep=0 local26=0201 ffd240=ff00->007a24 sleep=0 local26=0200 ffd280=ff00->0079fe sleep=17 local26=0001 ffd2c0=ff00->0079fe sleep=15 local26=0000 ffd300=ff80->007944 sleep=0 local26=0000 ffd340=ff80->007d70 sleep=0 local26=0000 ffdfc0=ffc0->00d6d0 sleep=0 local26=0000 ffe000=ff00->0070c2 sleep=0 local26=4c00
[  33.245]   [header-byte] write $ffa517 = 04 mask=00ff (pc=018446)
[  33.245] [packet-accepted] total=531 seq=12 flags=08 status=04 pc=01845e attack=0000,ffff
[  33.245] [attack-state] address=ffa7f0 data=0101 mask=ff00 pc=018648 protection=00
[  33.245] [attack-state] address=ffa7f0 data=0001 mask=ffff pc=00d96c protection=00
[  33.429] [garbage-calculation] protection=00 score=009d divisor=0078 task=ffd080 pc=00784e players=4 rule=01 split_remainder=00
[  33.429] [attack-state] address=ffa7e0 data=0101 mask=ff00 pc=007576 protection=00
[  33.433] [attack-state] address=ffa7e0 data=0000 mask=ff00 pc=00da56 protection=00
[  33.497] [attack-state] address=ffa7e4 data=8080 mask=ff00 pc=0050ce protection=00
[  33.498] [attack-state] address=ffa7e4 data=0000 mask=ff00 pc=00da56 protection=00
[  33.746]   [header-byte] write $ffa517 = 04 mask=00ff (pc=018446)
[  33.863]   [header-byte] write $ffa517 = 04 mask=00ff (pc=018446)
[  33.863] [packet-accepted] total=533 seq=14 flags=10 status=04 pc=01845e
[  33.997]   [header-byte] write $ffa517 = 04 mask=00ff (pc=018446)
[  33.997] [packet-accepted] total=534 seq=15 flags=08 status=04 pc=01845e attack=ffff,8000
[  34.044] heartbeat frame=2040 tx=2701 rx=3264 fc=1 fd=10 fe=1 linkflag=82 pc=00028a a502=00 a524=0000 a525=00 a170=c2 a17f=00 txtail=008d rxpend=0000
[  34.044] [transport] captured=2701 flushed=2701 received=3264 accepted=534 payload2=430 payload3=18 payload4=23 payload5=24 pump_reads=2521 bursts=497 txcredit=0 outq=0 inq=0 watchdog=2 txseq=f1 rxseq=16 rxcredit=0 protection=00 checks=0000
[  34.044] [epochs] local=1 peer=1 ready=true discarded_rx=0
[  34.044] [tcb-continuations] ffa580=ff80->018392 sleep=0 local26=7710 ffa5c0=ff80->01853c sleep=0 local26=0200 ffd000=ffc0->00d4b4 sleep=0 local26=0000 ffd040=ffc0->00daca sleep=0 local26=0000 ffd080=ffc0->005164 sleep=0 local26=0001 ffd0c0=ffc0->00504e sleep=0 local26=1b00 ffd100=ff80->006782 sleep=0 local26=0000 ffd140=ffc0->008082 sleep=0 local26=011c ffd180=ff80->00980a sleep=0 local26=0000 ffd1c0=ff80->00963c sleep=0 local26=0000 ffd200=ff00->009950 sleep=0 local26=000e ffd240=ff80->0079d4 sleep=0 local26=0001 ffd300=ff00->007a24 sleep=0 local26=0201 ffd340=ff00->007a24 sleep=0 local26=0200 ffd380=ff80->007dfc sleep=0 local26=0000 ffdfc0=ffc0->00d6d0 sleep=0 local26=0000 ffe000=ff00->0070c2 sleep=0 local26=4c00 ffe340=ff00->009ac0 sleep=0 local26=0000 ffe380=ff00->009ac0 sleep=0 local26=0000 ffe3c0=ff00->009ac0 sleep=0 local26=0000 ffe400=ff00->009ac0 sleep=0 local26=0000 ffe440=ff00->0070c2 sleep=0 local26=3600 ffe480=ff00->0070c2 sleep=0 local26=2000
[  34.164]   [header-byte] write $ffa517 = 04 mask=00ff (pc=018446)
[  34.164] [packet-accepted] total=535 seq=16 flags=10 status=04 pc=01845e
[  34.297]   [header-byte] write $ffa517 = 04 mask=00ff (pc=018446)
[  34.297] [packet-accepted] total=536 seq=17 flags=08 status=04 pc=01845e attack=8000,ffff
[  34.297] [attack-state] address=ffa7f0 data=8080 mask=ff00 pc=018638 protection=00
[  34.297] [attack-state] address=ffa7f0 data=0000 mask=00ff pc=00d992 protection=00
[  34.299] [attack-state] address=ffa7f0 data=0000 mask=ffff pc=00982c protection=00
[  34.299] [attack-state] address=ffa7f8 data=0000 mask=ffff pc=009842 protection=00
[  34.381] [attack-state] address=ffa7e4 data=8080 mask=ff00 pc=0050ce protection=00
[  34.383] [attack-state] address=ffa7e4 data=0000 mask=ff00 pc=00da56 protection=00
[  34.480] [attack-state] address=ffa7e0 data=8080 mask=ff00 pc=0050ce protection=00
[  34.482] [attack-state] address=ffa7e0 data=0000 mask=ff00 pc=00da56 protection=00
[  34.764]   [header-byte] write $ffa517 = 04 mask=00ff (pc=018446)
[  34.764] [packet-accepted] total=537 seq=18 flags=10 status=04 pc=01845e
[  35.045] heartbeat frame=2100 tx=2752 rx=3305 fc=1 fd=10 fe=1 linkflag=82 pc=000288 a502=00 a524=0000 a525=00 a170=c2 a17f=00 txtail=00c0 rxpend=0000
[  35.045] [transport] captured=2752 flushed=2752 received=3305 accepted=537 payload2=430 payload3=19 payload4=25 payload5=24 pump_reads=2584 bursts=502 txcredit=0 outq=0 inq=0 watchdog=16 txseq=f6 rxseq=19 rxcredit=0 protection=00 checks=0000
[  35.045] [epochs] local=1 peer=1 ready=true discarded_rx=0
[  35.045] [tcb-continuations] ffa580=ff80->018392 sleep=0 local26=7710 ffa5c0=ff80->01853c sleep=0 local26=0300 ffd000=ffc0->00d4b4 sleep=0 local26=0000 ffd040=ffc0->00daca sleep=0 local26=0000 ffd080=ffc0->00504e sleep=0 local26=1c00 ffd0c0=ffc0->00504e sleep=0 local26=2200 ffd100=ff80->006782 sleep=0 local26=0000 ffd140=ffc0->008082 sleep=0 local26=001c ffd180=ff80->0079d4 sleep=0 local26=0001 ffd1c0=ff80->0079d4 sleep=0 local26=0001 ffd200=ff80->007dfc sleep=0 local26=0000 ffd240=ff00->007a24 sleep=0 local26=0101 ffd280=ff80->007dfc sleep=0 local26=0000 ffdfc0=ffc0->00d6d0 sleep=0 local26=0000 ffe000=ff00->0070c2 sleep=0 local26=4c00
[  35.045] === session start, version=0.6.0 side=B ===
[  35.045] [rom-guards] cpld_compare=b202 garbage_divisor=323c,ffff
[  35.045] taps installed; out=C:\Users\tbend\mame\PuyoPuyo2\run_purist_reset_20260911_05\B_to_A.bin in=C:\Users\tbend\mame\PuyoPuyo2\run_purist_reset_20260911_05\A_to_B.bin
[  35.045] SERVICE port fields: Coin 1 | 1 Player Start | Coin 2 | Service Mode | 2 Players Start | Service 1
[  35.062] [attack-state] address=ffa7f4 data=0000 mask=ffff pc=0181bc protection=00
[  35.062] [attack-state] address=ffa7f4 data=0000 mask=ffff pc=0181bc protection=00
[  35.062] [attack-state] address=ffa7fc data=0000 mask=ffff pc=0181c8 protection=00
[  35.062] [attack-state] address=ffa7fc data=0000 mask=ffff pc=0181c8 protection=00
[  35.062] [link-state] data=0000 mask=ffff pc=0181ec watchdog=16 expect=19 rxhead=00e9 rxtail=00e9 rxpend=0000
[  35.062] [link-state] data=0000 mask=ffff pc=0181ec watchdog=16 expect=19 rxhead=00e9 rxtail=00e9 rxpend=0000
[  35.063] [protection-state] address=ffa020 data=ff00 mask=ffff pc=000932
[  35.063] [protection-state] address=ffa020 data=ff00 mask=ffff pc=000932
[  35.063]   [menu-state] write $ffa172 = 0000 mask=ffff (pc=019320)
[  35.063]   [menu-state] write $ffa172 = 0000 mask=ffff (pc=019320)
[  35.063]   [menu-state] write $ffa170 = 0000 mask=ffff (pc=019320)
[  35.063]   [menu-state] write $ffa170 = 0000 mask=ffff (pc=019320)
[  35.063]   [menu-state] write $ffa17c = 0000 mask=ff00 (pc=019326)
[  35.063]   [menu-state] write $ffa17c = 0000 mask=ff00 (pc=019326)
[  35.063]   [menu-state] write $ffa17f = 0000 mask=00ff (pc=01932c)
[  35.063]   [menu-state] write $ffa17f = 0000 mask=00ff (pc=01932c)
[  35.063]   [menu-state] write $ffa176 = 0000 mask=ff00 (pc=01afde)
[  35.063]   [menu-state] write $ffa176 = 0000 mask=ff00 (pc=01afde)
[  35.063]   [header-byte] write $ffa513 = 00 mask=00ff (pc=01afe6)
[  35.063]   [header-byte] write $ffa513 = 00 mask=00ff (pc=01afe6)
[  35.063] [protection-checksum] data=0000 mask=ff00 pc=00040e
[  35.063] [protection-checksum] data=0000 mask=ff00 pc=00040e
[  35.063] [protection-checksum] data=0000 mask=00ff pc=000414
[  35.063] [protection-checksum] data=0000 mask=00ff pc=000414
[  35.063] [protection-state] address=ffa020 data=0000 mask=ff00 pc=000948
[  35.063] [protection-state] address=ffa020 data=0000 mask=ff00 pc=000948
[  35.072]   [menu-state] write $ffa170 = 0000 mask=ff00 (pc=018062)
[  35.072]   [menu-state] write $ffa170 = 0000 mask=ff00 (pc=018062)
[  35.072]   [menu-state] write $ffa176 = 0000 mask=ff00 (pc=01afde)
[  35.072]   [menu-state] write $ffa176 = 0000 mask=ff00 (pc=01afde)
[  35.072]   [header-byte] write $ffa513 = 00 mask=00ff (pc=01afe6)
[  35.072]   [header-byte] write $ffa513 = 00 mask=00ff (pc=01afe6)
[  35.208] CONTROL reset pulse start (pc=01823e, prev_bank=cmd)
[  35.208] [reset] discarded tx=0 rx=17
[  35.208] [epoch-reset] local=2 peer=1 queued_rx=17
[  35.496] [link-state] data=7f7f mask=ff00 pc=018334 watchdog=16 expect=19 rxhead=0000 rxtail=0000 rxpend=0000
[  36.046] heartbeat frame=60 tx=0 rx=0 fc=1 fd=10 fe=0 linkflag=7f pc=000288 a502=80 a524=0000 a525=00 a170=00 a17f=00 txtail=0000 rxpend=0000
[  36.046] [transport] captured=0 flushed=0 received=0 accepted=0 payload2=0 payload3=0 payload4=0 payload5=0 pump_reads=0 bursts=0 txcredit=255 outq=0 inq=0 watchdog=16 txseq=f6 rxseq=19 rxcredit=0 protection=00 checks=0000
[  36.046] [epochs] local=2 peer=1 ready=false discarded_rx=17
[  36.046] [game-state] a142=04 a13e=04 a13f=0f a530=0b22 a506=00 a507=00 a508=01 a7b0=0000 a7a6=0000 script=019f80
[  36.046] [tcb-continuations] ffa580=ff80->01833a sleep=0 local26=7710 ffa5c0=0000->000000 sleep=0 local26=0000 ffd100=ff80->01b388 sleep=129 local26=0000
[  37.048] heartbeat frame=120 tx=0 rx=0 fc=1 fd=10 fe=0 linkflag=7f pc=000288 a502=80 a524=0000 a525=00 a170=00 a17f=00 txtail=0000 rxpend=0000
[  37.048] [transport] captured=0 flushed=0 received=0 accepted=0 payload2=0 payload3=0 payload4=0 payload5=0 pump_reads=0 bursts=0 txcredit=255 outq=0 inq=0 watchdog=16 txseq=f6 rxseq=19 rxcredit=0 protection=00 checks=0000
[  37.048] [epochs] local=2 peer=1 ready=false discarded_rx=17
[  37.048] [tcb-continuations] ffa580=ff80->01833a sleep=0 local26=7710 ffa5c0=0000->000000 sleep=0 local26=0000 ffd100=ff80->01b388 sleep=69 local26=0000
[  38.049] heartbeat frame=180 tx=0 rx=0 fc=1 fd=10 fe=0 linkflag=7f pc=000288 a502=80 a524=0000 a525=00 a170=00 a17f=00 txtail=0000 rxpend=0000
[  38.049] [transport] captured=0 flushed=0 received=0 accepted=0 payload2=0 payload3=0 payload4=0 payload5=0 pump_reads=0 bursts=0 txcredit=255 outq=0 inq=0 watchdog=16 txseq=f6 rxseq=19 rxcredit=0 protection=00 checks=0000
[  38.049] [epochs] local=2 peer=1 ready=false discarded_rx=17
[  38.049] [tcb-continuations] ffa580=ff80->01833a sleep=0 local26=7710 ffa5c0=0000->000000 sleep=0 local26=0000 ffd100=ff80->01b388 sleep=9 local26=0000
[  38.307]   [menu-state] write $ffa170 = 0909 mask=ff00 (pc=018062)
[  38.307]   [menu-state] write $ffa176 = 0000 mask=ff00 (pc=01afde)
[  38.307]   [header-byte] write $ffa513 = 00 mask=00ff (pc=01afe6)
[  38.307]   [header-byte] write $ffa513 = 01 mask=00ff (pc=01b034)
[  38.339] [protection-checksum] data=0101 mask=00ff pc=01b0bc
[  38.339] [protection-checksum] data=0000 mask=00ff pc=01b11a
[  39.050] heartbeat frame=240 tx=0 rx=0 fc=1 fd=10 fe=0 linkflag=7f pc=000288 a502=80 a524=0000 a525=00 a170=09 a17f=00 txtail=0000 rxpend=0000
[  39.050] [transport] captured=0 flushed=0 received=0 accepted=0 payload2=0 payload3=0 payload4=0 payload5=0 pump_reads=0 bursts=0 txcredit=255 outq=0 inq=0 watchdog=16 txseq=f6 rxseq=19 rxcredit=0 protection=00 checks=0000
[  39.050] [epochs] local=2 peer=1 ready=false discarded_rx=17
[  39.050] [game-state] a142=04 a13e=04 a13f=0f a530=0b22 a506=00 a507=00 a508=01 a7b0=0000 a7a6=0000 script=01a004
[  39.050] [tcb-continuations] ffa580=ff80->01833a sleep=0 local26=7710 ffa5c0=0000->000000 sleep=0 local26=0000 ffd100=ff80->01b4ee sleep=0 local26=0000 ffd140=ff80->00628e sleep=0 local26=008a
[  40.052] heartbeat frame=300 tx=0 rx=0 fc=1 fd=10 fe=0 linkflag=7f pc=000288 a502=80 a524=0000 a525=00 a170=09 a17f=00 txtail=0000 rxpend=0000
[  40.052] [transport] captured=0 flushed=0 received=0 accepted=0 payload2=0 payload3=0 payload4=0 payload5=0 pump_reads=0 bursts=0 txcredit=255 outq=0 inq=0 watchdog=16 txseq=f6 rxseq=19 rxcredit=0 protection=00 checks=0000
[  40.052] [epochs] local=2 peer=1 ready=false discarded_rx=17
[  40.052] [tcb-continuations] ffa580=ff80->01833a sleep=0 local26=7710 ffa5c0=0000->000000 sleep=0 local26=0000 ffd100=ff80->01b4ee sleep=0 local26=0000 ffd140=ff80->00628e sleep=0 local26=004e
[  41.053] heartbeat frame=360 tx=0 rx=0 fc=1 fd=10 fe=0 linkflag=7f pc=000288 a502=80 a524=0000 a525=00 a170=09 a17f=00 txtail=0000 rxpend=0000
[  41.053] [transport] captured=0 flushed=0 received=0 accepted=0 payload2=0 payload3=0 payload4=0 payload5=0 pump_reads=0 bursts=0 txcredit=255 outq=0 inq=0 watchdog=16 txseq=f6 rxseq=19 rxcredit=0 protection=00 checks=0000
[  41.053] [epochs] local=2 peer=1 ready=false discarded_rx=17
[  41.053] [tcb-continuations] ffa580=ff80->01833a sleep=0 local26=7710 ffa5c0=0000->000000 sleep=0 local26=0000 ffd100=ff80->01b4ee sleep=0 local26=0000 ffd140=ff80->00628e sleep=0 local26=0012
[  42.054] heartbeat frame=420 tx=0 rx=0 fc=1 fd=10 fe=0 linkflag=7f pc=00028a a502=80 a524=0000 a525=00 a170=09 a17f=00 txtail=0000 rxpend=0000
[  42.054] [transport] captured=0 flushed=0 received=0 accepted=0 payload2=0 payload3=0 payload4=0 payload5=0 pump_reads=0 bursts=0 txcredit=255 outq=0 inq=0 watchdog=16 txseq=f6 rxseq=19 rxcredit=0 protection=00 checks=0000
[  42.054] [epochs] local=2 peer=1 ready=false discarded_rx=17
[  42.054] [game-state] a142=04 a13e=04 a13f=0f a530=0b22 a506=00 a507=00 a508=01 a7b0=0000 a7a6=0000 script=01f582
[  42.054] [tcb-continuations] ffa580=ff80->01833a sleep=0 local26=7710 ffa5c0=0000->000000 sleep=0 local26=0000 ffd100=ff80->018fcc sleep=0 local26=0000 ffd140=ff80->0250ba sleep=147 local26=0000 ffd180=ff80->024fe2 sleep=0 local26=0000
[  42.071] [protection-state] address=ffa020 data=0101 mask=ff00 pc=000948
[  42.071] [protection-state] address=ffa020 data=0101 mask=00ff pc=000952
[  42.088] [protection-state] address=ffa020 data=0000 mask=00ff pc=000952
[  42.121] [protection-state] address=ffa020 data=0000 mask=ff00 pc=000948
[  42.321] [protection-state] address=ffa020 data=0101 mask=ff00 pc=000948
[  42.321] [protection-state] address=ffa020 data=0101 mask=00ff pc=000952
[  42.338] [protection-state] address=ffa020 data=0000 mask=00ff pc=000952
[  42.371] [protection-state] address=ffa020 data=0000 mask=ff00 pc=000948
[  42.572] [protection-state] address=ffa020 data=0101 mask=ff00 pc=000948
[  42.572] [protection-state] address=ffa020 data=0101 mask=00ff pc=000952
[  42.588] [protection-state] address=ffa020 data=0000 mask=00ff pc=000952
[  42.622] [protection-state] address=ffa020 data=0000 mask=ff00 pc=000948
[  42.822] [protection-state] address=ffa020 data=0101 mask=ff00 pc=000948
[  42.822] [protection-state] address=ffa020 data=0101 mask=00ff pc=000952
[  42.839] [protection-state] address=ffa020 data=0000 mask=00ff pc=000952
[  42.872] [protection-state] address=ffa020 data=0000 mask=ff00 pc=000948
[  43.055] heartbeat frame=480 tx=0 rx=0 fc=1 fd=10 fe=0 linkflag=7f pc=00028a a502=80 a524=0000 a525=00 a170=09 a17f=00 txtail=0000 rxpend=0000
[  43.055] [transport] captured=0 flushed=0 received=0 accepted=0 payload2=0 payload3=0 payload4=0 payload5=0 pump_reads=0 bursts=0 txcredit=255 outq=0 inq=0 watchdog=16 txseq=f6 rxseq=19 rxcredit=0 protection=00 checks=0000
[  43.055] [epochs] local=2 peer=1 ready=false discarded_rx=17
[  43.055] [tcb-continuations] ffa580=ff80->01833a sleep=0 local26=7710 ffa5c0=0000->000000 sleep=0 local26=0000 ffd100=ff80->018fcc sleep=0 local26=0000 ffd140=ff80->0250ba sleep=87 local26=0000 ffd180=ff80->024fe2 sleep=0 local26=0000
[  43.573] [protection-state] address=ffa020 data=1010 mask=ff00 pc=000948
[  43.573] [protection-state] address=ffa020 data=1010 mask=00ff pc=000952
[  43.590] [protection-state] address=ffa020 data=0000 mask=00ff pc=000952
[  43.623] [protection-state] address=ffa020 data=0000 mask=ff00 pc=000948
[  43.747]   [menu-state] write $ffa172 = 0101 mask=ff00 (pc=01b08e)
[  43.747]   [menu-state] write $ffa170 = 0808 mask=ff00 (pc=018062)
[  43.747]   [menu-state] write $ffa176 = 0000 mask=ff00 (pc=01afde)
[  43.747]   [header-byte] write $ffa513 = 00 mask=00ff (pc=01afe6)
[  43.747]   [header-byte] write $ffa513 = 01 mask=00ff (pc=01b034)
[  43.747] [game-command] data=0303 mask=ff00 pc=0188d8 requests=80
[  43.775]   [header-byte] write $ffa513 = 03 mask=00ff (pc=0189b4)
[  43.775]   [menu-state] write $ffa17f = 0000 mask=00ff (pc=0189c2)
[  43.825]   [menu-state] write $ffa172 = 0000 mask=ff00 (pc=01936a)
[  43.825]   [menu-state] write $ffa171 = 8080 mask=00ff (pc=019372)
[  44.057] heartbeat frame=540 tx=0 rx=0 fc=1 fd=10 fe=0 linkflag=7f pc=000288 a502=80 a524=0000 a525=00 a170=08 a17f=00 txtail=0000 rxpend=0000
[  44.057] [transport] captured=0 flushed=0 received=0 accepted=0 payload2=0 payload3=0 payload4=0 payload5=0 pump_reads=0 bursts=0 txcredit=255 outq=0 inq=0 watchdog=16 txseq=f6 rxseq=19 rxcredit=0 protection=00 checks=0000
[  44.057] [epochs] local=2 peer=1 ready=false discarded_rx=17
[  44.057] [game-state] a142=04 a13e=01 a13f=01 a530=0322 a506=03 a507=00 a508=00 a7b0=0000 a7a6=0000 script=01a3ee
[  44.057] [tcb-continuations] ffa580=ff80->01833a sleep=0 local26=7710 ffa5c0=0000->000000 sleep=0 local26=0000 ffd040=ff80->0189c6 sleep=0 local26=0001
[  44.574] [protection-state] address=ffa020 data=1010 mask=ff00 pc=000948
[  44.574] [protection-state] address=ffa020 data=1010 mask=00ff pc=000952
[  44.591] [protection-state] address=ffa020 data=0000 mask=00ff pc=000952
[  44.624] [protection-state] address=ffa020 data=0000 mask=ff00 pc=000948
[  45.058] heartbeat frame=600 tx=0 rx=0 fc=1 fd=10 fe=0 linkflag=7f pc=000288 a502=80 a524=0000 a525=00 a170=08 a17f=00 txtail=0000 rxpend=0000
[  45.058] [transport] captured=0 flushed=0 received=0 accepted=0 payload2=0 payload3=0 payload4=0 payload5=0 pump_reads=0 bursts=0 txcredit=255 outq=0 inq=0 watchdog=16 txseq=f6 rxseq=19 rxcredit=0 protection=00 checks=0000
[  45.058] [epochs] local=2 peer=1 ready=false discarded_rx=17
[  45.058] [tcb-continuations] ffa580=ff80->01833a sleep=0 local26=7710 ffa5c0=0000->000000 sleep=0 local26=0000 ffd040=ff80->018a40 sleep=0 local26=0000 ffd0c0=ff80->018ee4 sleep=0 local26=0000 ffd100=ff80->01fbb4 sleep=0 local26=0000 ffd140=ff80->01fbb6 sleep=0 local26=0002 ffd180=ff80->01fbb6 sleep=0 local26=00a2 ffd1c0=ff80->01fbb6 sleep=0 local26=01c2 ffd200=ff80->01fbb6 sleep=0 local26=02e2 ffd240=ff80->01902e sleep=0 local26=0000 ffd280=ff80->01ffe2 sleep=0 local26=0000 ffd2c0=ff80->020004 sleep=0 local26=0002 ffd300=ff80->020004 sleep=0 local26=0000 ffd340=ff80->01febe sleep=0 local26=0000 ffd380=ff80->01fedc sleep=0 local26=0000
[  45.575] [protection-state] address=ffa020 data=2020 mask=ff00 pc=000948
[  45.575] [protection-state] address=ffa020 data=2020 mask=00ff pc=000952
[  45.592] [protection-state] address=ffa020 data=0000 mask=00ff pc=000952
[  45.626] [protection-state] address=ffa020 data=0000 mask=ff00 pc=000948
[  46.059] heartbeat frame=660 tx=0 rx=0 fc=1 fd=10 fe=0 linkflag=7f pc=00028a a502=80 a524=0000 a525=00 a170=08 a17f=00 txtail=0000 rxpend=0000
[  46.059] [transport] captured=0 flushed=0 received=0 accepted=0 payload2=0 payload3=0 payload4=0 payload5=0 pump_reads=0 bursts=0 txcredit=255 outq=0 inq=0 watchdog=16 txseq=f6 rxseq=19 rxcredit=0 protection=00 checks=0000
[  46.059] [epochs] local=2 peer=1 ready=false discarded_rx=17
[  46.059] [game-state] a142=04 a13e=02 a13f=03 a530=0322 a506=03 a507=00 a508=00 a7b0=0000 a7a6=0000 script=01a3ee
[  46.059] [tcb-continuations] ffa580=ff80->01833a sleep=0 local26=7710 ffa5c0=0000->000000 sleep=0 local26=0000 ffd040=ff80->018a40 sleep=0 local26=0000 ffd100=ff80->01fbb4 sleep=0 local26=0000 ffd140=ff80->01fbb6 sleep=0 local26=0002 ffd180=ff80->01fbb6 sleep=0 local26=00a2 ffd1c0=ff80->01fbb6 sleep=0 local26=01c2 ffd200=ff80->01fbb6 sleep=0 local26=02e2 ffd240=ff80->01902e sleep=0 local26=0000 ffd280=ff80->01ffe2 sleep=0 local26=0008 ffd2c0=ff80->020004 sleep=0 local26=0002 ffd300=ff80->020004 sleep=0 local26=0000
[  46.577] [protection-state] address=ffa020 data=2020 mask=ff00 pc=000948
[  46.577] [protection-state] address=ffa020 data=2020 mask=00ff pc=000952
[  46.593] [protection-state] address=ffa020 data=0000 mask=00ff pc=000952
[  46.596] [game-command] data=4343 mask=ff00 pc=018b72 requests=80
[  46.612]   [header-byte] write $ffa513 = 00 mask=00ff (pc=018d88)
[  46.627] [protection-state] address=ffa020 data=0000 mask=ff00 pc=000948
[  47.061] heartbeat frame=720 tx=0 rx=0 fc=1 fd=10 fe=0 linkflag=7f pc=00028a a502=84 a524=0000 a525=00 a170=08 a17f=00 txtail=0000 rxpend=0000
[  47.061] [transport] captured=0 flushed=0 received=0 accepted=0 payload2=0 payload3=0 payload4=0 payload5=0 pump_reads=0 bursts=0 txcredit=255 outq=0 inq=0 watchdog=16 txseq=f6 rxseq=19 rxcredit=0 protection=00 checks=0000
[  47.061] [epochs] local=2 peer=1 ready=false discarded_rx=17
[  47.061] [game-state] a142=04 a13e=02 a13f=03 a530=4322 a506=03 a507=00 a508=00 a7b0=0000 a7a6=0000 script=01a3ee
[  47.061] [tcb-continuations] ffa580=ff80->01833a sleep=0 local26=7710 ffa5c0=0000->000000 sleep=0 local26=0000 ffd040=ff80->018e08 sleep=174 local26=0000 ffd100=ff80->01fbb4 sleep=0 local26=0000 ffd140=ff80->01fbb6 sleep=0 local26=0002 ffd180=ff80->01fbb6 sleep=0 local26=00a2 ffd1c0=ff80->01fbb6 sleep=0 local26=01c2 ffd200=ff80->01fbb6 sleep=0 local26=02e2 ffd240=ff80->01902e sleep=0 local26=0000 ffd280=ff80->027726 sleep=0 local26=0001
[  47.187]   [menu-state] write $ffa170 = 0000 mask=ff00 (pc=01afb6)
[  47.187]   [menu-state] write $ffa170 = 8282 mask=ff00 (pc=01afd8)
[  47.187]   [menu-state] write $ffa176 = 0000 mask=ff00 (pc=01afde)
[  47.187]   [header-byte] write $ffa513 = 00 mask=00ff (pc=01afe6)
[  47.187]   [header-byte] write $ffa513 = 40 mask=00ff (pc=01b022)
[  47.187]   [header-byte] write $ffa513 = 44 mask=00ff (pc=01b044)
[  47.187]   [menu-state] write $ffa170 = 8282 mask=ff00 (pc=018062)
[  47.187]   [menu-state] write $ffa176 = 0000 mask=ff00 (pc=01afde)
[  47.187]   [header-byte] write $ffa513 = 00 mask=00ff (pc=01afe6)
[  47.187]   [header-byte] write $ffa513 = 40 mask=00ff (pc=01b022)
[  47.187]   [header-byte] write $ffa513 = 44 mask=00ff (pc=01b044)
[  48.062] heartbeat frame=780 tx=0 rx=0 fc=1 fd=10 fe=0 linkflag=7f pc=000288 a502=84 a524=0000 a525=00 a170=82 a17f=00 txtail=0000 rxpend=0000
[  48.062] [transport] captured=0 flushed=0 received=0 accepted=0 payload2=0 payload3=0 payload4=0 payload5=0 pump_reads=0 bursts=0 txcredit=255 outq=0 inq=0 watchdog=16 txseq=f6 rxseq=19 rxcredit=0 protection=00 checks=0000
[  48.062] [epochs] local=2 peer=1 ready=false discarded_rx=17
[  48.062] [game-state] a142=02 a13e=02 a13f=03 a530=4322 a506=03 a507=00 a508=00 a7b0=0000 a7a6=0000 script=01f7f6
[  48.062] [tcb-continuations] ffa580=ff80->01833a sleep=0 local26=7710 ffa5c0=0000->000000 sleep=0 local26=0000 ffd100=ff80->023daa sleep=0 local26=0000 ffd140=ff80->023c40 sleep=0 local26=0000 ffd180=ff80->023c70 sleep=0 local26=0002 ffd1c0=ff80->023c70 sleep=0 local26=0000 ffd200=ff80->023c08 sleep=0 local26=0000
[  49.063] heartbeat frame=840 tx=0 rx=0 fc=1 fd=10 fe=0 linkflag=7f pc=000288 a502=84 a524=0000 a525=00 a170=82 a17f=00 txtail=0000 rxpend=0000
[  49.063] [transport] captured=0 flushed=0 received=0 accepted=0 payload2=0 payload3=0 payload4=0 payload5=0 pump_reads=0 bursts=0 txcredit=255 outq=0 inq=0 watchdog=16 txseq=f6 rxseq=19 rxcredit=0 protection=00 checks=0000
[  49.063] [epochs] local=2 peer=1 ready=false discarded_rx=17
[  49.063] [tcb-continuations] ffa580=ff80->01833a sleep=0 local26=7710 ffa5c0=0000->000000 sleep=0 local26=0000 ffd100=ff80->023f42 sleep=1 local26=0000 ffd200=ff80->023c3e sleep=0 local26=0000
[  50.064] heartbeat frame=900 tx=0 rx=0 fc=1 fd=10 fe=0 linkflag=7f pc=001ea0 a502=84 a524=0000 a525=00 a170=82 a17f=00 txtail=0000 rxpend=0000
[  50.064] [transport] captured=0 flushed=0 received=0 accepted=0 payload2=0 payload3=0 payload4=0 payload5=0 pump_reads=0 bursts=0 txcredit=255 outq=0 inq=0 watchdog=16 txseq=f6 rxseq=19 rxcredit=0 protection=00 checks=0000
[  50.064] [epochs] local=2 peer=1 ready=false discarded_rx=17
[  50.064] [game-state] a142=02 a13e=02 a13f=03 a530=4322 a506=03 a507=00 a508=00 a7b0=0000 a7a6=0000 script=01a4b0
[  50.064] [tcb-continuations] ffa580=ff80->01833a sleep=0 local26=7710 ffa5c0=0000->000000 sleep=0 local26=0000
[  51.066] heartbeat frame=960 tx=0 rx=0 fc=1 fd=10 fe=0 linkflag=7f pc=00028a a502=84 a524=0000 a525=00 a170=82 a17f=00 txtail=0000 rxpend=0000
[  51.066] [transport] captured=0 flushed=0 received=0 accepted=0 payload2=0 payload3=0 payload4=0 payload5=0 pump_reads=0 bursts=0 txcredit=255 outq=0 inq=0 watchdog=16 txseq=f6 rxseq=19 rxcredit=0 protection=00 checks=0000
[  51.066] [epochs] local=2 peer=1 ready=false discarded_rx=17
[  51.066] [game-state] a142=02 a13e=02 a13f=03 a530=4322 a506=03 a507=00 a508=00 a7b0=0022 a7a6=0000 script=01a51a
[  51.066] [tcb-continuations] ffa580=ff80->01833a sleep=0 local26=7710 ffa5c0=0000->000000 sleep=0 local26=0000 ffd040=ffc0->00daca sleep=0 local26=0000 ffd080=ffc0->004f14 sleep=0 local26=0000 ffd0c0=ffc0->004f14 sleep=0 local26=0000 ffd100=ff80->006782 sleep=0 local26=0000 ffd140=ffc0->007f6e sleep=0 local26=0000 ffd180=ff80->00539a sleep=0 local26=0200 ffd1c0=ff00->005660 sleep=0 local26=f002 ffd200=ff00->0056e4 sleep=0 local26=0000 ffd240=ff80->00539a sleep=0 local26=0200 ffd280=ff00->005660 sleep=0 local26=f002 ffd2c0=ff00->0056e4 sleep=0 local26=0000 ffd300=ff80->0086ee sleep=0 local26=0000 ffd340=ff80->0086ee sleep=0 local26=0000
[  52.067] heartbeat frame=1020 tx=0 rx=0 fc=1 fd=10 fe=0 linkflag=7f pc=00028a a502=84 a524=0000 a525=00 a170=82 a17f=00 txtail=0000 rxpend=0000
[  52.067] [transport] captured=0 flushed=0 received=0 accepted=0 payload2=0 payload3=0 payload4=0 payload5=0 pump_reads=0 bursts=0 txcredit=255 outq=0 inq=0 watchdog=16 txseq=f6 rxseq=19 rxcredit=0 protection=00 checks=0000
[  52.067] [epochs] local=2 peer=1 ready=false discarded_rx=17
[  52.067] [tcb-continuations] ffa580=ff80->01833a sleep=0 local26=7710 ffa5c0=0000->000000 sleep=0 local26=0000 ffd040=ffc0->00daca sleep=0 local26=0000 ffd080=ffc0->004f14 sleep=0 local26=0000 ffd0c0=ffc0->004f14 sleep=0 local26=0000 ffd100=ff80->006782 sleep=0 local26=0000 ffd140=ffc0->007f6e sleep=0 local26=0000 ffd180=ff80->0054b2 sleep=0 local26=0200 ffd240=ff80->0054b2 sleep=0 local26=0200
[  53.068] heartbeat frame=1080 tx=0 rx=0 fc=1 fd=10 fe=0 linkflag=7f pc=00028a a502=84 a524=0000 a525=00 a170=82 a17f=00 txtail=0000 rxpend=0000
[  53.068] [transport] captured=0 flushed=0 received=0 accepted=0 payload2=0 payload3=0 payload4=0 payload5=0 pump_reads=0 bursts=0 txcredit=255 outq=0 inq=0 watchdog=16 txseq=f6 rxseq=19 rxcredit=0 protection=00 checks=0000
[  53.068] [epochs] local=2 peer=1 ready=false discarded_rx=17
[  53.068] [tcb-continuations] ffa580=ff80->01833a sleep=0 local26=7710 ffa5c0=0000->000000 sleep=0 local26=0000 ffd040=ffc0->00daca sleep=0 local26=0000 ffd080=ffc0->004f30 sleep=0 local26=0000 ffd0c0=ffc0->004f30 sleep=0 local26=0000 ffd100=ff80->006782 sleep=0 local26=0000 ffd140=ffc0->007fb6 sleep=0 local26=0000
[  53.090] [game-command] data=7878 mask=ff00 pc=007ffa requests=84
[  53.138] [game-command] data=f8f8 mask=ff00 pc=008022 requests=84
[  54.070] heartbeat frame=1140 tx=0 rx=0 fc=1 fd=10 fe=0 linkflag=7f pc=00028a a502=84 a524=0000 a525=00 a170=82 a17f=00 txtail=0000 rxpend=0000
[  54.070] [transport] captured=0 flushed=0 received=0 accepted=0 payload2=0 payload3=0 payload4=0 payload5=0 pump_reads=0 bursts=0 txcredit=255 outq=0 inq=0 watchdog=16 txseq=f6 rxseq=19 rxcredit=0 protection=00 checks=0000
[  54.070] [epochs] local=2 peer=1 ready=false discarded_rx=17
[  54.070] [game-state] a142=02 a13e=02 a13f=03 a530=f822 a506=03 a507=00 a508=00 a7b0=0022 a7a6=0000 script=01a51a
[  54.070] [tcb-continuations] ffa580=ff80->01833a sleep=0 local26=7710 ffa5c0=0000->000000 sleep=0 local26=0000 ffd040=ffc0->00daca sleep=0 local26=0000 ffd080=ffc0->00504e sleep=0 local26=3100 ffd0c0=ffc0->00504e sleep=0 local26=3100 ffd100=ff80->006782 sleep=0 local26=0000 ffd140=ffc0->008082 sleep=0 local26=030e ffd180=ff80->007944 sleep=0 local26=0000 ffd1c0=ff80->007d70 sleep=0 local26=0000 ffd200=ff80->007944 sleep=0 local26=0000 ffd240=ff80->007d70 sleep=0 local26=0000 ffe200=ff00->008362 sleep=0 local26=ffdc ffe240=ff00->008362 sleep=0 local26=ffdc ffe280=ff00->008362 sleep=0 local26=ffdc ffe2c0=ff00->008362 sleep=0 local26=ffdc ffe300=ff00->008362 sleep=0 local26=ffdc ffe340=ff00->008362 sleep=0 local26=ffdc ffe380=ff00->008362 sleep=0 local26=ffdc ffe3c0=ff00->008362 sleep=0 local26=ffdc ffe400=ff00->008362 sleep=0 local26=ffdc ffe480=ff00->008362 sleep=0 local26=ffdc ffe4c0=ff00->008362 sleep=0 local26=ffdc ffe500=ff00->008362 sleep=0 local26=ffdc ffe540=ff00->008362 sleep=0 local26=ffdc ffe580=ff00->008362 sleep=0 local26=ffdc ffe5c0=ff00->008362 sleep=0 local26=ffdc ffe600=ff00->008362 sleep=0 local26=ffdc ffe640=ff00->008362 sleep=0 local26=ffdc ffe680=ff00->008362 sleep=0 local26=ffdc
[  55.071] heartbeat frame=1200 tx=0 rx=0 fc=1 fd=10 fe=0 linkflag=7f pc=00028a a502=84 a524=0000 a525=00 a170=82 a17f=00 txtail=0000 rxpend=0000
[  55.071] [transport] captured=0 flushed=0 received=0 accepted=0 payload2=0 payload3=0 payload4=0 payload5=0 pump_reads=0 bursts=0 txcredit=255 outq=0 inq=0 watchdog=16 txseq=f6 rxseq=19 rxcredit=0 protection=00 checks=0000
[  55.071] [epochs] local=2 peer=1 ready=false discarded_rx=17
[  55.071] [tcb-continuations] ffa580=ff80->01833a sleep=0 local26=7710 ffa5c0=0000->000000 sleep=0 local26=0000 ffd040=ffc0->00daca sleep=0 local26=0000 ffd080=ffc0->00504e sleep=0 local26=6d00 ffd0c0=ffc0->00504e sleep=0 local26=6d00 ffd100=ff80->006782 sleep=0 local26=0000 ffd140=ffc0->008082 sleep=0 local26=020e ffd180=ff80->007944 sleep=0 local26=0000 ffd1c0=ff80->007d70 sleep=0 local26=0000 ffd200=ff80->007944 sleep=0 local26=0000 ffd240=ff80->007d70 sleep=0 local26=0000
[  55.075] [peer-reset] old=1 new=2 local=2 queued_rx=0
[  55.425] [epoch-ready] local=2 peer=2
[  55.425] CMD $FE -> cabinet role=2 (ROM linkflag=82)
[  55.425] [link-state] data=8282 mask=ff00 pc=018358 watchdog=16 expect=19 rxhead=0000 rxtail=0000 rxpend=0000
[  55.425]   [header-byte] write $ffa513 = 00 mask=00ff (pc=01afe6)
[  55.425]   [header-byte] write $ffa513 = 10 mask=00ff (pc=01affe)
[  55.425]   [header-byte] write $ffa513 = 50 mask=00ff (pc=01b022)
[  55.425]   [header-byte] write $ffa513 = 54 mask=00ff (pc=01b044)
[  55.440]   [menu-state] write $ffa173 = 8080 mask=00ff (pc=01939c)
[  55.457]   [menu-state] write $ffa171 = 0000 mask=00ff (pc=019466)
[  55.457]   [header-byte] write $ffa513 = 44 mask=00ff (pc=019e4a)
[  55.457]   [header-byte] write $ffa513 = 00 mask=00ff (pc=01afe6)
[  55.457]   [header-byte] write $ffa513 = 04 mask=00ff (pc=01b044)
[  55.474]   [header-byte] write $ffa517 = 00 mask=00ff (pc=018446)
[  55.474] [packet-accepted] total=1 seq=00 flags=00 status=00 pc=01845e
[  55.491]   [header-byte] write $ffa517 = 10 mask=00ff (pc=018446)
[  55.491] [packet-accepted] total=2 seq=01 flags=00 status=10 pc=01845e
[  55.507]   [menu-state] write $ffa171 = 8080 mask=00ff (pc=019466)
[  55.507]   [header-byte] write $ffa513 = 04 mask=00ff (pc=019e4a)
[  55.507]   [header-byte] write $ffa513 = 14 mask=00ff (pc=019e5a)
[  55.507]   [header-byte] write $ffa513 = 00 mask=00ff (pc=01afe6)
[  55.507]   [header-byte] write $ffa513 = 10 mask=00ff (pc=01affe)
[  55.507]   [header-byte] write $ffa513 = 50 mask=00ff (pc=01b022)
[  55.507]   [header-byte] write $ffa513 = 54 mask=00ff (pc=01b044)
[  55.808] [attack-state] address=ffa7e0 data=8080 mask=ff00 pc=0050ce protection=00
[  55.975]   [header-byte] write $ffa517 = 10 mask=00ff (pc=018446)
[  55.975] [packet-accepted] total=3 seq=02 flags=00 status=10 pc=01845e
[  56.072] heartbeat frame=1260 tx=12 rx=9 fc=1 fd=10 fe=1 linkflag=82 pc=00028a a502=00 a524=0000 a525=00 a170=82 a17f=00 txtail=000c rxpend=0000
[  56.072] [transport] captured=12 flushed=12 received=9 accepted=3 payload2=0 payload3=0 payload4=0 payload5=0 pump_reads=41 bursts=4 txcredit=0 outq=0 inq=0 watchdog=5 txseq=04 rxseq=03 rxcredit=0 protection=00 checks=0000
[  56.072] [epochs] local=2 peer=2 ready=true discarded_rx=17
[  56.072] [tcb-continuations] ffa580=ff80->018392 sleep=0 local26=7710 ffa5c0=ff80->01853c sleep=0 local26=0300 ffd040=ffc0->00daca sleep=0 local26=0000 ffd080=ffc0->00504e sleep=0 local26=0a00 ffd0c0=ffc0->00504e sleep=0 local26=a900 ffd100=ff80->006782 sleep=0 local26=0000 ffd140=ffc0->008082 sleep=0 local26=020e ffd180=ff00->007a16 sleep=0 local26=0001 ffd1c0=ff00->007a24 sleep=0 local26=0600 ffd200=ff80->007944 sleep=0 local26=0000 ffd240=ff80->007d70 sleep=0 local26=0000 ffd280=ff80->007944 sleep=0 local26=0000 ffd2c0=ff80->007d70 sleep=0 local26=0000
[  56.492]   [header-byte] write $ffa517 = 10 mask=00ff (pc=018446)
[  56.492] [packet-accepted] total=4 seq=03 flags=00 status=10 pc=01845e
[  56.992]   [header-byte] write $ffa517 = 10 mask=00ff (pc=018446)
[  57.073] heartbeat frame=1320 tx=18 rx=15 fc=1 fd=10 fe=1 linkflag=82 pc=000288 a502=00 a524=0000 a525=00 a170=82 a17f=00 txtail=0012 rxpend=0000
[  57.073] [transport] captured=18 flushed=18 received=15 accepted=5 payload2=0 payload3=0 payload4=0 payload5=0 pump_reads=103 bursts=6 txcredit=0 outq=0 inq=0 watchdog=4 txseq=06 rxseq=05 rxcredit=0 protection=00 checks=0000
[  57.073] [epochs] local=2 peer=2 ready=true discarded_rx=17
[  57.073] [tcb-continuations] ffa580=ff80->018392 sleep=0 local26=7710 ffa5c0=ff80->01853c sleep=0 local26=0300 ffd040=ffc0->00daca sleep=0 local26=0000 ffd080=ffc0->00504e sleep=0 local26=0600 ffd0c0=ffc0->005096 sleep=0 local26=0000 ffd100=ff80->006782 sleep=0 local26=0000 ffd140=ffc0->008082 sleep=0 local26=010e ffd180=ff80->007944 sleep=0 local26=0000 ffd1c0=ff80->007d70 sleep=0 local26=0000 ffd200=ff00->0079fe sleep=20 local26=0001 ffd240=ff00->0079fe sleep=21 local26=0000 ffd280=ff00->0079fe sleep=4 local26=0001 ffd2c0=ff00->0079fe sleep=2 local26=0000
[  57.090] [protection-state] address=ffa020 data=2020 mask=ff00 pc=000948
[  57.090] [protection-state] address=ffa020 data=2020 mask=00ff pc=000952
[  57.092]   [menu-state] write $ffa172 = 0101 mask=ff00 (pc=0194b6)
[  57.107] [protection-state] address=ffa020 data=0000 mask=00ff pc=000952
[  57.109]   [menu-state] write $ffa172 = 0000 mask=ff00 (pc=019418)
[  57.109]   [menu-state] write $ffa171 = 8888 mask=00ff (pc=019420)
[  57.109]   [header-byte] write $ffa513 = 54 mask=00ff (pc=019432)
[  57.109]   [header-byte] write $ffa513 = 5c mask=00ff (pc=019438)
[  57.140] [protection-state] address=ffa020 data=0000 mask=ff00 pc=000948
[  57.161] [attack-state] address=ffa7e4 data=8080 mask=ff00 pc=0050ce protection=00
[  57.226]   [header-byte] write $ffa517 = 00 mask=00ff (pc=018446)
[  57.243]   [menu-state] write $ffa171 = 0808 mask=00ff (pc=019466)
[  57.243]   [header-byte] write $ffa513 = 4c mask=00ff (pc=019e4a)
[  57.243]   [header-byte] write $ffa513 = 08 mask=00ff (pc=01afe6)
[  57.243]   [header-byte] write $ffa513 = 0c mask=00ff (pc=01b044)
[  57.727]   [header-byte] write $ffa517 = 00 mask=00ff (pc=018446)
[  58.075] heartbeat frame=1380 tx=27 rx=21 fc=1 fd=10 fe=1 linkflag=82 pc=000288 a502=00 a524=0000 a525=00 a170=82 a17f=00 txtail=001b rxpend=0000
[  58.075] [transport] captured=27 flushed=27 received=21 accepted=7 payload2=0 payload3=0 payload4=0 payload5=0 pump_reads=165 bursts=9 txcredit=0 outq=0 inq=0 watchdog=20 txseq=09 rxseq=07 rxcredit=0 protection=00 checks=0000
[  58.075] [epochs] local=2 peer=2 ready=true discarded_rx=17
[  58.075] [tcb-continuations] ffa580=ff80->018392 sleep=0 local26=7710 ffa5c0=ff80->01853c sleep=0 local26=1300 ffd040=ffc0->00daca sleep=0 local26=0000 ffd080=ffc0->00504e sleep=0 local26=0900 ffd0c0=ffc0->00504e sleep=0 local26=3100 ffd100=ff80->006782 sleep=0 local26=0000 ffd140=ffc0->008082 sleep=0 local26=000e ffd180=ff00->0079fe sleep=1 local26=0001 ffd1c0=ff00->007a24 sleep=0 local26=0600 ffd200=ff80->007944 sleep=0 local26=0000 ffd240=ff80->007d70 sleep=0 local26=0000 ffd300=ff80->0079d4 sleep=0 local26=0001 ffd340=ff00->0079fe sleep=23 local26=0000
[  58.227]   [header-byte] write $ffa517 = 00 mask=00ff (pc=018446)
[  58.728]   [header-byte] write $ffa517 = 00 mask=00ff (pc=018446)
[  59.076] heartbeat frame=1440 tx=33 rx=27 fc=1 fd=10 fe=1 linkflag=82 pc=00028a a502=00 a524=0000 a525=00 a170=82 a17f=00 txtail=0021 rxpend=0000
[  59.076] [transport] captured=33 flushed=33 received=27 accepted=9 payload2=0 payload3=0 payload4=0 payload5=0 pump_reads=227 bursts=11 txcredit=0 outq=0 inq=0 watchdog=20 txseq=0b rxseq=09 rxcredit=0 protection=00 checks=0000
[  59.076] [epochs] local=2 peer=2 ready=true discarded_rx=17
[  59.076] [tcb-continuations] ffa580=ff80->018392 sleep=0 local26=7710 ffa5c0=ff80->01853c sleep=0 local26=1300 ffd040=ffc0->00daca sleep=0 local26=0000 ffd080=ffc0->00504e sleep=0 local26=0e00 ffd0c0=ffc0->00508e sleep=0 local26=0000 ffd100=ff80->006782 sleep=0 local26=0000 ffd140=ffc0->008082 sleep=0 local26=000e ffd180=ff80->007944 sleep=0 local26=0000 ffd1c0=ff80->007d70 sleep=0 local26=0000 ffd200=ff00->007a24 sleep=0 local26=0601 ffd240=ff00->007a24 sleep=0 local26=0500 ffd280=ff00->0079fe sleep=22 local26=0001 ffd2c0=ff00->0079fe sleep=20 local26=0000
[  59.228]   [header-byte] write $ffa517 = 00 mask=00ff (pc=018446)
[  59.730]   [header-byte] write $ffa517 = 00 mask=00ff (pc=018446)
[  60.077] heartbeat frame=1500 tx=39 rx=33 fc=1 fd=10 fe=1 linkflag=82 pc=00028a a502=00 a524=0000 a525=00 a170=82 a17f=00 txtail=0027 rxpend=0000
[  60.077] [transport] captured=39 flushed=39 received=33 accepted=11 payload2=0 payload3=0 payload4=0 payload5=0 pump_reads=289 bursts=13 txcredit=0 outq=0 inq=0 watchdog=20 txseq=0d rxseq=0b rxcredit=0 protection=00 checks=0000
[  60.077] [epochs] local=2 peer=2 ready=true discarded_rx=17
[  60.077] [tcb-continuations] ffa580=ff80->018392 sleep=0 local26=7710 ffa5c0=ff80->01853c sleep=0 local26=1300 ffd040=ffc0->00daca sleep=0 local26=0000 ffd080=ffc0->00504e sleep=0 local26=1100 ffd0c0=ffc0->0050b6 sleep=1 local26=0000 ffd100=ff80->006782 sleep=0 local26=0000 ffd140=ffc0->008082 sleep=0 local26=02ff ffd180=ff00->007a24 sleep=0 local26=0501 ffd1c0=ff00->007a24 sleep=0 local26=0400 ffd200=ff80->007944 sleep=0 local26=0000 ffd240=ff80->007d70 sleep=0 local26=0000 ffd300=ff00->0079fe sleep=17 local26=0001 ffd340=ff00->0079fe sleep=15 local26=0000
[  60.230]   [header-byte] write $ffa517 = 00 mask=00ff (pc=018446)
[  60.731]   [header-byte] write $ffa517 = 00 mask=00ff (pc=018446)
[  61.079] heartbeat frame=1560 tx=45 rx=39 fc=1 fd=10 fe=1 linkflag=82 pc=000288 a502=00 a524=0000 a525=00 a170=82 a17f=00 txtail=002d rxpend=0000
[  61.079] [transport] captured=45 flushed=45 received=39 accepted=13 payload2=0 payload3=0 payload4=0 payload5=0 pump_reads=351 bursts=15 txcredit=0 outq=0 inq=0 watchdog=20 txseq=0f rxseq=0d rxcredit=0 protection=00 checks=0000
[  61.079] [epochs] local=2 peer=2 ready=true discarded_rx=17
[  61.079] [tcb-continuations] ffa580=ff80->018392 sleep=0 local26=7710 ffa5c0=ff80->01853c sleep=0 local26=1300 ffd040=ffc0->00daca sleep=0 local26=0000 ffd080=ffc0->00504e sleep=0 local26=1100 ffd0c0=ffc0->004fac sleep=0 local26=0000 ffd100=ff80->006782 sleep=0 local26=0000 ffd140=ffc0->008082 sleep=0 local26=02ff ffd180=ff80->007944 sleep=0 local26=0000 ffd1c0=ff80->007d70 sleep=0 local26=0000 ffd200=ff00->007a24 sleep=0 local26=0501 ffd240=ff00->007a24 sleep=0 local26=0500 ffd280=ff00->0079fe sleep=14 local26=0001 ffd2c0=ff00->0079fe sleep=12 local26=0000 ffe000=ff00->0070c2 sleep=0 local26=4c00
[  61.231]   [header-byte] write $ffa517 = 00 mask=00ff (pc=018446)
[  61.732]   [header-byte] write $ffa517 = 00 mask=00ff (pc=018446)
[  62.080] heartbeat frame=1620 tx=51 rx=45 fc=1 fd=10 fe=1 linkflag=82 pc=00028a a502=00 a524=0000 a525=00 a170=82 a17f=00 txtail=0033 rxpend=0000
[  62.080] [transport] captured=51 flushed=51 received=45 accepted=15 payload2=0 payload3=0 payload4=0 payload5=0 pump_reads=413 bursts=17 txcredit=0 outq=0 inq=0 watchdog=20 txseq=11 rxseq=0f rxcredit=0 protection=00 checks=0000
[  62.080] [epochs] local=2 peer=2 ready=true discarded_rx=17
[  62.080] [tcb-continuations] ffa580=ff80->018392 sleep=0 local26=7710 ffa5c0=ff80->01853c sleep=0 local26=1300 ffd040=ffc0->00daca sleep=0 local26=0000 ffd080=ffc0->00504e sleep=0 local26=0d00 ffd0c0=ffc0->004fac sleep=0 local26=0000 ffd100=ff80->006782 sleep=0 local26=0000 ffd140=ffc0->008082 sleep=0 local26=01ff ffd180=ff00->007a24 sleep=0 local26=0601 ffd1c0=ff00->007a24 sleep=0 local26=0500 ffd200=ff80->007944 sleep=0 local26=0000 ffd240=ff80->007d70 sleep=0 local26=0000 ffd300=ff00->0079fe sleep=14 local26=0001 ffd340=ff00->0079fe sleep=14 local26=0000 ffe000=ff00->0070c2 sleep=0 local26=4c00 ffe040=ff00->0070c2 sleep=0 local26=3600
[  62.233]   [header-byte] write $ffa517 = 00 mask=00ff (pc=018446)
[  62.733]   [header-byte] write $ffa517 = 00 mask=00ff (pc=018446)
[  63.017] [garbage-calculation] protection=00 score=0081 divisor=0078 task=ffd080 pc=00784e players=2 rule=01 split_remainder=00
[  63.017] [attack-state] address=ffa7e2 data=0001 mask=ffff pc=007564 protection=00
[  63.081] heartbeat frame=1680 tx=57 rx=51 fc=1 fd=10 fe=1 linkflag=82 pc=00028a a502=00 a524=0000 a525=00 a170=82 a17f=00 txtail=0039 rxpend=0000
[  63.081] [transport] captured=57 flushed=57 received=51 accepted=17 payload2=0 payload3=0 payload4=0 payload5=0 pump_reads=475 bursts=19 txcredit=0 outq=0 inq=0 watchdog=20 txseq=13 rxseq=11 rxcredit=0 protection=00 checks=0000
[  63.081] [epochs] local=2 peer=2 ready=true discarded_rx=17
[  63.081] [tcb-continuations] ffa580=ff80->018392 sleep=0 local26=7710 ffa5c0=ff80->01853c sleep=0 local26=1300 ffd040=ffc0->00daca sleep=0 local26=0000 ffd080=ffc0->00514e sleep=21 local26=0001 ffd0c0=ffc0->0050b6 sleep=2 local26=0000 ffd100=ff80->006782 sleep=0 local26=0000 ffd140=ffc0->008082 sleep=0 local26=00ff ffd180=ff80->009390 sleep=6 local26=0000 ffd1c0=ff00->009950 sleep=0 local26=002f ffd200=ff00->007a24 sleep=0 local26=0401 ffd240=ff00->007a24 sleep=0 local26=0400 ffd280=ff00->0079fe sleep=18 local26=0001 ffd2c0=ff00->0079fe sleep=16 local26=0000 ffe000=ff00->0070c2 sleep=0 local26=4c00 ffe040=ff00->0070c2 sleep=0 local26=3600 ffe080=ff00->009ab2 sleep=1 local26=0000 ffe0c0=ff00->009ab2 sleep=1 local26=0000 ffe100=ff00->009ab2 sleep=1 local26=0000 ffe140=ff00->009ab2 sleep=1 local26=0000 ffe180=ff00->009ab2 sleep=4 local26=0000 ffe1c0=ff00->009ab2 sleep=4 local26=0000 ffe200=ff00->009ab2 sleep=4 local26=0000 ffe240=ff00->009ab2 sleep=4 local26=0000
[  63.234]   [header-byte] write $ffa517 = 00 mask=00ff (pc=018446)
[  63.735]   [header-byte] write $ffa517 = 00 mask=00ff (pc=018446)
[  64.083] heartbeat frame=1740 tx=63 rx=57 fc=1 fd=10 fe=1 linkflag=82 pc=00028a a502=00 a524=0000 a525=00 a170=82 a17f=00 txtail=003f rxpend=0000
[  64.083] [transport] captured=63 flushed=63 received=57 accepted=19 payload2=0 payload3=0 payload4=0 payload5=0 pump_reads=537 bursts=21 txcredit=0 outq=0 inq=0 watchdog=20 txseq=15 rxseq=13 rxcredit=0 protection=00 checks=0000
[  64.083] [epochs] local=2 peer=2 ready=true discarded_rx=17
[  64.083] [tcb-continuations] ffa580=ff80->018392 sleep=0 local26=7710 ffa5c0=ff80->01853c sleep=0 local26=1300 ffd040=ffc0->00daca sleep=0 local26=0000 ffd080=ffc0->004fac sleep=0 local26=0000 ffd0c0=ffc0->005120 sleep=17 local26=0001 ffd100=ff80->006782 sleep=0 local26=0000 ffd140=ffc0->008082 sleep=0 local26=00ff ffd180=ff80->00962a sleep=0 local26=ffff ffd300=ff00->0079fe sleep=11 local26=0001 ffd340=ff00->0079fe sleep=9 local26=0000
[  64.234]   [header-byte] write $ffa517 = 00 mask=00ff (pc=018446)
[  64.368] [garbage-calculation] protection=00 score=007c divisor=0078 task=ffd0c0 pc=00784e players=2 rule=01 split_remainder=00
[  64.738]   [header-byte] write $ffa517 = 00 mask=00ff (pc=018446)
[  65.084] heartbeat frame=1800 tx=69 rx=63 fc=1 fd=10 fe=1 linkflag=82 pc=00028a a502=00 a524=0000 a525=00 a170=82 a17f=00 txtail=0045 rxpend=0000
[  65.084] [transport] captured=69 flushed=69 received=63 accepted=21 payload2=0 payload3=0 payload4=0 payload5=0 pump_reads=599 bursts=23 txcredit=0 outq=0 inq=0 watchdog=20 txseq=17 rxseq=15 rxcredit=0 protection=00 checks=0000
[  65.084] [epochs] local=2 peer=2 ready=true discarded_rx=17
[  65.084] [tcb-continuations] ffa580=ff80->018392 sleep=0 local26=7710 ffa5c0=ff80->01853c sleep=0 local26=1300 ffd040=ffc0->00daca sleep=0 local26=0000 ffd080=ffc0->005120 sleep=20 local26=0001 ffd0c0=ffc0->005164 sleep=0 local26=0001 ffd100=ff80->006782 sleep=0 local26=0000 ffd140=ffc0->008082 sleep=0 local26=0314 ffd180=ff80->00962a sleep=0 local26=ffff ffd1c0=ff00->0079fe sleep=14 local26=0001 ffd200=ff00->0079fe sleep=12 local26=0000 ffd240=ff00->009950 sleep=0 local26=0008 ffd280=ff00->00989e sleep=0 local26=004a ffe400=ff00->0070c2 sleep=0 local26=3600 ffe440=ff00->009714 sleep=0 local26=0000 ffe480=ff00->009714 sleep=0 local26=0000 ffe4c0=ff00->009714 sleep=0 local26=0000 ffe500=ff00->009714 sleep=0 local26=0000 ffe540=ff00->009714 sleep=0 local26=0000 ffe580=ff00->009714 sleep=0 local26=0000 ffe5c0=ff00->009714 sleep=0 local26=0000 ffe600=ff00->009714 sleep=0 local26=0000
[  65.237]   [header-byte] write $ffa517 = 00 mask=00ff (pc=018446)
[  65.421] [garbage-calculation] protection=00 score=003b divisor=0078 task=ffd080 pc=00784e players=2 rule=01 split_remainder=00
[  65.737]   [header-byte] write $ffa517 = 00 mask=00ff (pc=018446)
[  66.085] heartbeat frame=1860 tx=75 rx=69 fc=1 fd=10 fe=1 linkflag=82 pc=000288 a502=00 a524=0000 a525=00 a170=82 a17f=00 txtail=004b rxpend=0000
[  66.085] [transport] captured=75 flushed=75 received=69 accepted=23 payload2=0 payload3=0 payload4=0 payload5=0 pump_reads=661 bursts=25 txcredit=0 outq=0 inq=0 watchdog=20 txseq=19 rxseq=17 rxcredit=0 protection=00 checks=0000
[  66.085] [epochs] local=2 peer=2 ready=true discarded_rx=17
[  66.085] [tcb-continuations] ffa580=ff80->018392 sleep=0 local26=7710 ffa5c0=ff80->01853c sleep=0 local26=1300 ffd040=ffc0->00daca sleep=0 local26=0000 ffd080=ffc0->004fe8 sleep=0 local26=0000 ffd0c0=ffc0->00504e sleep=0 local26=2300 ffd100=ff80->006782 sleep=0 local26=0000 ffd140=ffc0->008082 sleep=0 local26=0314 ffd180=ff80->0079d4 sleep=0 local26=0001 ffd280=ff00->00989e sleep=0 local26=000e ffd2c0=ff00->009950 sleep=0 local26=000b ffd300=ff80->007dfc sleep=0 local26=0000 ffe440=ff00->0070c2 sleep=0 local26=4c00
[  66.238]   [header-byte] write $ffa517 = 00 mask=00ff (pc=018446)
[  66.739]   [header-byte] write $ffa517 = 00 mask=00ff (pc=018446)
[  66.772] [garbage-calculation] protection=00 score=0036 divisor=0078 task=ffd0c0 pc=00784e players=2 rule=01 split_remainder=00
[  67.086] heartbeat frame=1920 tx=81 rx=75 fc=1 fd=10 fe=1 linkflag=82 pc=00028a a502=00 a524=0000 a525=00 a170=82 a17f=00 txtail=0051 rxpend=0000
[  67.086] [transport] captured=81 flushed=81 received=75 accepted=25 payload2=0 payload3=0 payload4=0 payload5=0 pump_reads=723 bursts=27 txcredit=0 outq=0 inq=0 watchdog=20 txseq=1b rxseq=19 rxcredit=0 protection=00 checks=0000
[  67.086] [epochs] local=2 peer=2 ready=true discarded_rx=17
[  67.086] [tcb-continuations] ffa580=ff80->018392 sleep=0 local26=7710 ffa5c0=ff80->01853c sleep=0 local26=1300 ffd040=ffc0->00daca sleep=0 local26=0000 ffd080=ffc0->005120 sleep=22 local26=0001 ffd0c0=ffc0->00514e sleep=6 local26=0001 ffd100=ff80->006782 sleep=0 local26=0000 ffd140=ffc0->008082 sleep=0 local26=0214 ffd1c0=ff00->0079fe sleep=16 local26=0001 ffd200=ff00->0079fe sleep=14 local26=0000 ffd240=ff80->00963c sleep=0 local26=0000 ffd280=ff00->009950 sleep=0 local26=0020 ffe000=ff00->009ac0 sleep=0 local26=0000 ffe040=ff00->009ac0 sleep=0 local26=0000 ffe080=ff00->009ac0 sleep=0 local26=0000 ffe0c0=ff00->009ac0 sleep=0 local26=0000 ffe100=ff00->009ac0 sleep=0 local26=0000 ffe140=ff00->009ac0 sleep=0 local26=0000 ffe180=ff00->009ac0 sleep=0 local26=0000 ffe1c0=ff00->009ac0 sleep=0 local26=0000 ffe200=ff00->009ac0 sleep=0 local26=0000 ffe240=ff00->009ac0 sleep=0 local26=0000 ffe280=ff00->009ac0 sleep=0 local26=0000 ffe2c0=ff00->009ac0 sleep=0 local26=0000 ffe300=ff00->009ac0 sleep=0 local26=0000 ffe340=ff00->009ac0 sleep=0 local26=0000 ffe380=ff00->009ac0 sleep=0 local26=0000 ffe3c0=ff00->009ac0 sleep=0 local26=0000 ffe440=ff00->0070c2 sleep=0 local26=4c00
[  67.239]   [header-byte] write $ffa517 = 00 mask=00ff (pc=018446)
[  67.456] [garbage-calculation] protection=00 score=006f divisor=0078 task=ffd080 pc=00784e players=2 rule=01 split_remainder=00
[  67.740]   [header-byte] write $ffa517 = 00 mask=00ff (pc=018446)
[  68.088] heartbeat frame=1980 tx=87 rx=81 fc=1 fd=10 fe=1 linkflag=82 pc=00028a a502=00 a524=0000 a525=00 a170=82 a17f=00 txtail=0057 rxpend=0000
[  68.088] [transport] captured=87 flushed=87 received=81 accepted=27 payload2=0 payload3=0 payload4=0 payload5=0 pump_reads=785 bursts=29 txcredit=0 outq=0 inq=0 watchdog=20 txseq=1d rxseq=1b rxcredit=0 protection=00 checks=0000
[  68.088] [epochs] local=2 peer=2 ready=true discarded_rx=17
[  68.088] [tcb-continuations] ffa580=ff80->018392 sleep=0 local26=7710 ffa5c0=ff80->01853c sleep=0 local26=1300 ffd040=ffc0->00daca sleep=0 local26=0000 ffd080=ffc0->004fac sleep=0 local26=0000 ffd0c0=ffc0->00504e sleep=0 local26=2500 ffd100=ff80->006782 sleep=0 local26=0000 ffd140=ffc0->008082 sleep=0 local26=0114 ffd240=ff00->009950 sleep=0 local26=000d ffd2c0=ff80->0079d4 sleep=0 local26=0001 ffd300=ff80->007dfc sleep=0 local26=0000 ffe300=ff00->009ac0 sleep=0 local26=0000 ffe340=ff00->009ac0 sleep=0 local26=0000 ffe380=ff00->009ac0 sleep=0 local26=0000 ffe3c0=ff00->009ac0 sleep=0 local26=0000 ffe440=ff00->0070c2 sleep=0 local26=4c00
[  68.242]   [header-byte] write $ffa517 = 00 mask=00ff (pc=018446)
[  68.741]   [header-byte] write $ffa517 = 00 mask=00ff (pc=018446)
[  68.808] [garbage-calculation] protection=00 score=006a divisor=0078 task=ffd0c0 pc=00784e players=2 rule=01 split_remainder=00
[  69.089] heartbeat frame=2040 tx=93 rx=87 fc=1 fd=10 fe=1 linkflag=82 pc=000288 a502=00 a524=0000 a525=00 a170=82 a17f=00 txtail=005d rxpend=0000
[  69.089] [transport] captured=93 flushed=93 received=87 accepted=29 payload2=0 payload3=0 payload4=0 payload5=0 pump_reads=847 bursts=31 txcredit=0 outq=0 inq=0 watchdog=20 txseq=1f rxseq=1d rxcredit=0 protection=00 checks=0000
[  69.089] [epochs] local=2 peer=2 ready=true discarded_rx=17
[  69.089] [tcb-continuations] ffa580=ff80->018392 sleep=0 local26=7710 ffa5c0=ff80->01853c sleep=0 local26=1300 ffd040=ffc0->00daca sleep=0 local26=0000 ffd080=ffc0->005014 sleep=0 local26=0000 ffd0c0=ffc0->00514e sleep=8 local26=0001 ffd100=ff80->006782 sleep=0 local26=0000 ffd140=ffc0->008082 sleep=0 local26=0114 ffd180=ff00->0079fe sleep=11 local26=0001 ffd1c0=ff00->0079fe sleep=9 local26=0000 ffd200=ff80->00963c sleep=0 local26=0000 ffd240=ff00->009950 sleep=0 local26=0022 ffd2c0=ff00->007a24 sleep=0 local26=0101 ffe000=ff00->0070c2 sleep=0 local26=2b00 ffe040=ff00->009ac0 sleep=0 local26=0000 ffe080=ff00->009ac0 sleep=0 local26=0000 ffe0c0=ff00->009ac0 sleep=0 local26=0000 ffe100=ff00->009ac0 sleep=0 local26=0000 ffe140=ff00->009ac0 sleep=0 local26=0000 ffe180=ff00->009ac0 sleep=0 local26=0000 ffe1c0=ff00->009ac0 sleep=0 local26=0000 ffe200=ff00->009ac0 sleep=0 local26=0000 ffe240=ff00->009ac0 sleep=0 local26=0000 ffe280=ff00->009ac0 sleep=0 local26=0000 ffe2c0=ff00->009ac0 sleep=0 local26=0000 ffe300=ff00->009ac0 sleep=0 local26=0000 ffe340=ff00->009ac0 sleep=0 local26=0000 ffe380=ff00->009ac0 sleep=0 local26=0000 ffe3c0=ff00->009ac0 sleep=0 local26=0000 ffe400=ff00->009ac0 sleep=0 local26=0000
[  69.241]   [header-byte] write $ffa517 = 00 mask=00ff (pc=018446)
[  69.742]   [header-byte] write $ffa517 = 00 mask=00ff (pc=018446)
[  70.090] heartbeat frame=2100 tx=99 rx=93 fc=1 fd=10 fe=1 linkflag=82 pc=00028a a502=00 a524=0000 a525=00 a170=82 a17f=00 txtail=0063 rxpend=0000
[  70.090] [transport] captured=99 flushed=99 received=93 accepted=31 payload2=0 payload3=0 payload4=0 payload5=0 pump_reads=909 bursts=33 txcredit=0 outq=0 inq=0 watchdog=20 txseq=21 rxseq=1f rxcredit=0 protection=00 checks=0000
[  70.090] [epochs] local=2 peer=2 ready=true discarded_rx=17
[  70.090] [tcb-continuations] ffa580=ff80->018392 sleep=0 local26=7710 ffa5c0=ff80->01853c sleep=0 local26=1300 ffd040=ffc0->00daca sleep=0 local26=0000 ffd080=ffc0->005120 sleep=21 local26=0001 ffd0c0=ffc0->00504e sleep=0 local26=2300 ffd100=ff80->006782 sleep=0 local26=0000 ffd140=ffc0->008082 sleep=0 local26=0014 ffd200=ff80->0079d4 sleep=0 local26=0001 ffd280=ff00->0079fe sleep=15 local26=0001 ffd2c0=ff80->007dfc sleep=0 local26=0000 ffd300=ff00->0079fe sleep=13 local26=0000 ffe000=ff00->0070c2 sleep=0 local26=2b00
[  70.090] === session start, version=0.6.0 side=B ===
[  70.090] [rom-guards] cpld_compare=b202 garbage_divisor=323c,ffff
[  70.090] taps installed; out=C:\Users\tbend\mame\PuyoPuyo2\run_purist_reset_20260911_05\B_to_A.bin in=C:\Users\tbend\mame\PuyoPuyo2\run_purist_reset_20260911_05\A_to_B.bin
[  70.090] SERVICE port fields: Coin 1 | 1 Player Start | Coin 2 | Service Mode | 2 Players Start | Service 1
[  70.107] [attack-state] address=ffa7e2 data=0000 mask=ffff pc=0181aa protection=00
[  70.107] [attack-state] address=ffa7e2 data=0000 mask=ffff pc=0181aa protection=00
[  70.107] [attack-state] address=ffa7e0 data=0000 mask=ffff pc=0181aa protection=00
[  70.107] [attack-state] address=ffa7e0 data=0000 mask=ffff pc=0181aa protection=00
[  70.107] [attack-state] address=ffa7e4 data=0000 mask=ffff pc=0181b0 protection=00
[  70.107] [attack-state] address=ffa7e4 data=0000 mask=ffff pc=0181b0 protection=00
[  70.107] [link-state] data=0000 mask=ffff pc=0181ec watchdog=20 expect=1f rxhead=005d rxtail=005d rxpend=0000
[  70.107] [link-state] data=0000 mask=ffff pc=0181ec watchdog=20 expect=1f rxhead=005d rxtail=005d rxpend=0000
[  70.108] [protection-state] address=ffa020 data=ff00 mask=ffff pc=000932
[  70.108] [protection-state] address=ffa020 data=ff00 mask=ffff pc=000932
[  70.108]   [menu-state] write $ffa172 = 0000 mask=ffff (pc=019320)
[  70.108]   [menu-state] write $ffa172 = 0000 mask=ffff (pc=019320)
[  70.108]   [menu-state] write $ffa170 = 0000 mask=ffff (pc=019320)
[  70.108]   [menu-state] write $ffa170 = 0000 mask=ffff (pc=019320)
[  70.108]   [menu-state] write $ffa17c = 0000 mask=ff00 (pc=019326)
[  70.108]   [menu-state] write $ffa17c = 0000 mask=ff00 (pc=019326)
[  70.108]   [menu-state] write $ffa17f = 0000 mask=00ff (pc=01932c)
[  70.108]   [menu-state] write $ffa17f = 0000 mask=00ff (pc=01932c)
[  70.108]   [menu-state] write $ffa176 = 0000 mask=ff00 (pc=01afde)
[  70.108]   [menu-state] write $ffa176 = 0000 mask=ff00 (pc=01afde)
[  70.108]   [header-byte] write $ffa513 = 00 mask=00ff (pc=01afe6)
[  70.108]   [header-byte] write $ffa513 = 00 mask=00ff (pc=01afe6)
[  70.108] [protection-checksum] data=0000 mask=ff00 pc=00040e
[  70.108] [protection-checksum] data=0000 mask=ff00 pc=00040e
[  70.108] [protection-checksum] data=0000 mask=00ff pc=000414
[  70.108] [protection-checksum] data=0000 mask=00ff pc=000414
[  70.108] [protection-state] address=ffa020 data=0000 mask=ff00 pc=000948
[  70.108] [protection-state] address=ffa020 data=0000 mask=ff00 pc=000948
[  70.117]   [menu-state] write $ffa170 = 0000 mask=ff00 (pc=018062)
[  70.117]   [menu-state] write $ffa170 = 0000 mask=ff00 (pc=018062)
[  70.117]   [menu-state] write $ffa176 = 0000 mask=ff00 (pc=01afde)
[  70.117]   [menu-state] write $ffa176 = 0000 mask=ff00 (pc=01afde)
[  70.117]   [header-byte] write $ffa513 = 00 mask=00ff (pc=01afe6)
[  70.117]   [header-byte] write $ffa513 = 00 mask=00ff (pc=01afe6)
[  70.253] CONTROL reset pulse start (pc=01823e, prev_bank=cmd)
[  70.253] [reset] discarded tx=0 rx=3
[  70.253] [epoch-reset] local=3 peer=2 queued_rx=3
[  70.253] CONTROL reset pulse start (pc=01823e, prev_bank=cmd)
[  70.253] [reset] discarded tx=0 rx=0
[  70.253] [epoch-reset] local=4 peer=2 queued_rx=0
[  70.542] [link-state] data=7f7f mask=ff00 pc=018334 watchdog=20 expect=1f rxhead=0000 rxtail=0000 rxpend=0000
[  71.092] heartbeat frame=60 tx=0 rx=0 fc=1 fd=10 fe=0 linkflag=7f pc=00028a a502=80 a524=0000 a525=00 a170=00 a17f=00 txtail=0000 rxpend=0000
[  71.092] [transport] captured=0 flushed=0 received=0 accepted=0 payload2=0 payload3=0 payload4=0 payload5=0 pump_reads=0 bursts=0 txcredit=255 outq=0 inq=0 watchdog=20 txseq=21 rxseq=1f rxcredit=0 protection=00 checks=0000
[  71.092] [epochs] local=4 peer=2 ready=false discarded_rx=20
[  71.092] [game-state] a142=02 a13e=02 a13f=03 a530=f822 a506=00 a507=00 a508=00 a7b0=0000 a7a6=0000 script=019f80
[  71.092] [tcb-continuations] ffa580=ff80->01833a sleep=0 local26=7710 ffa5c0=0000->000000 sleep=0 local26=0000 ffd100=ff80->01b388 sleep=129 local26=0000
[  72.093] heartbeat frame=120 tx=0 rx=0 fc=1 fd=10 fe=0 linkflag=7f pc=00028a a502=80 a524=0000 a525=00 a170=00 a17f=00 txtail=0000 rxpend=0000
[  72.093] [transport] captured=0 flushed=0 received=0 accepted=0 payload2=0 payload3=0 payload4=0 payload5=0 pump_reads=0 bursts=0 txcredit=255 outq=0 inq=0 watchdog=20 txseq=21 rxseq=1f rxcredit=0 protection=00 checks=0000
[  72.093] [epochs] local=4 peer=2 ready=false discarded_rx=20
[  72.093] [tcb-continuations] ffa580=ff80->01833a sleep=0 local26=7710 ffa5c0=0000->000000 sleep=0 local26=0000 ffd100=ff80->01b388 sleep=69 local26=0000
[  73.094] heartbeat frame=180 tx=0 rx=0 fc=1 fd=10 fe=0 linkflag=7f pc=000288 a502=80 a524=0000 a525=00 a170=00 a17f=00 txtail=0000 rxpend=0000
[  73.094] [transport] captured=0 flushed=0 received=0 accepted=0 payload2=0 payload3=0 payload4=0 payload5=0 pump_reads=0 bursts=0 txcredit=255 outq=0 inq=0 watchdog=20 txseq=21 rxseq=1f rxcredit=0 protection=00 checks=0000
[  73.094] [epochs] local=4 peer=2 ready=false discarded_rx=20
[  73.094] [tcb-continuations] ffa580=ff80->01833a sleep=0 local26=7710 ffa5c0=0000->000000 sleep=0 local26=0000 ffd100=ff80->01b388 sleep=9 local26=0000
[  73.352]   [menu-state] write $ffa170 = 0909 mask=ff00 (pc=018062)
[  73.352]   [menu-state] write $ffa176 = 0000 mask=ff00 (pc=01afde)
[  73.352]   [header-byte] write $ffa513 = 00 mask=00ff (pc=01afe6)
[  73.352]   [header-byte] write $ffa513 = 01 mask=00ff (pc=01b034)
[  73.384] [protection-checksum] data=0101 mask=00ff pc=01b0bc
[  73.384] [protection-checksum] data=0000 mask=00ff pc=01b11a
[  74.095] heartbeat frame=240 tx=0 rx=0 fc=1 fd=10 fe=0 linkflag=7f pc=00028a a502=80 a524=0000 a525=00 a170=09 a17f=00 txtail=0000 rxpend=0000
[  74.095] [transport] captured=0 flushed=0 received=0 accepted=0 payload2=0 payload3=0 payload4=0 payload5=0 pump_reads=0 bursts=0 txcredit=255 outq=0 inq=0 watchdog=20 txseq=21 rxseq=1f rxcredit=0 protection=00 checks=0000
[  74.095] [epochs] local=4 peer=2 ready=false discarded_rx=20
[  74.095] [game-state] a142=02 a13e=02 a13f=03 a530=f822 a506=00 a507=00 a508=00 a7b0=0000 a7a6=0000 script=01a004
[  74.095] [tcb-continuations] ffa580=ff80->01833a sleep=0 local26=7710 ffa5c0=0000->000000 sleep=0 local26=0000 ffd100=ff80->01b4ee sleep=0 local26=0000 ffd140=ff80->00628e sleep=0 local26=008a
[  75.097] heartbeat frame=300 tx=0 rx=0 fc=1 fd=10 fe=0 linkflag=7f pc=00028a a502=80 a524=0000 a525=00 a170=09 a17f=00 txtail=0000 rxpend=0000
[  75.097] [transport] captured=0 flushed=0 received=0 accepted=0 payload2=0 payload3=0 payload4=0 payload5=0 pump_reads=0 bursts=0 txcredit=255 outq=0 inq=0 watchdog=20 txseq=21 rxseq=1f rxcredit=0 protection=00 checks=0000
[  75.097] [epochs] local=4 peer=2 ready=false discarded_rx=20
[  75.097] [tcb-continuations] ffa580=ff80->01833a sleep=0 local26=7710 ffa5c0=0000->000000 sleep=0 local26=0000 ffd100=ff80->01b4ee sleep=0 local26=0000 ffd140=ff80->00628e sleep=0 local26=004e
[  76.098] heartbeat frame=360 tx=0 rx=0 fc=1 fd=10 fe=0 linkflag=7f pc=000288 a502=80 a524=0000 a525=00 a170=09 a17f=00 txtail=0000 rxpend=0000
[  76.098] [transport] captured=0 flushed=0 received=0 accepted=0 payload2=0 payload3=0 payload4=0 payload5=0 pump_reads=0 bursts=0 txcredit=255 outq=0 inq=0 watchdog=20 txseq=21 rxseq=1f rxcredit=0 protection=00 checks=0000
[  76.098] [epochs] local=4 peer=2 ready=false discarded_rx=20
[  76.098] [tcb-continuations] ffa580=ff80->01833a sleep=0 local26=7710 ffa5c0=0000->000000 sleep=0 local26=0000 ffd100=ff80->01b4ee sleep=0 local26=0000 ffd140=ff80->00628e sleep=0 local26=0012
[  77.099] heartbeat frame=420 tx=0 rx=0 fc=1 fd=10 fe=0 linkflag=7f pc=000288 a502=80 a524=0000 a525=00 a170=09 a17f=00 txtail=0000 rxpend=0000
[  77.099] [transport] captured=0 flushed=0 received=0 accepted=0 payload2=0 payload3=0 payload4=0 payload5=0 pump_reads=0 bursts=0 txcredit=255 outq=0 inq=0 watchdog=20 txseq=21 rxseq=1f rxcredit=0 protection=00 checks=0000
[  77.099] [epochs] local=4 peer=2 ready=false discarded_rx=20
[  77.099] [game-state] a142=02 a13e=02 a13f=03 a530=f822 a506=00 a507=00 a508=00 a7b0=0000 a7a6=0000 script=01f582
[  77.099] [tcb-continuations] ffa580=ff80->01833a sleep=0 local26=7710 ffa5c0=0000->000000 sleep=0 local26=0000 ffd100=ff80->018fcc sleep=0 local26=0000 ffd140=ff80->0250ba sleep=147 local26=0000 ffd180=ff80->024fe2 sleep=0 local26=0000
[  77.116] [protection-state] address=ffa020 data=0101 mask=ff00 pc=000948
[  77.116] [protection-state] address=ffa020 data=0101 mask=00ff pc=000952
[  77.133] [protection-state] address=ffa020 data=0000 mask=00ff pc=000952
[  77.166] [protection-state] address=ffa020 data=0000 mask=ff00 pc=000948
[  77.366] [protection-state] address=ffa020 data=0101 mask=ff00 pc=000948
[  77.366] [protection-state] address=ffa020 data=0101 mask=00ff pc=000952
[  77.383] [protection-state] address=ffa020 data=0000 mask=00ff pc=000952
[  77.416] [protection-state] address=ffa020 data=0000 mask=ff00 pc=000948
[  77.617] [protection-state] address=ffa020 data=0101 mask=ff00 pc=000948
[  77.617] [protection-state] address=ffa020 data=0101 mask=00ff pc=000952
[  77.633] [protection-state] address=ffa020 data=0000 mask=00ff pc=000952
[  77.667] [protection-state] address=ffa020 data=0000 mask=ff00 pc=000948
[  77.867] [protection-state] address=ffa020 data=0101 mask=ff00 pc=000948
[  77.867] [protection-state] address=ffa020 data=0101 mask=00ff pc=000952
[  77.884] [protection-state] address=ffa020 data=0000 mask=00ff pc=000952
[  77.917] [protection-state] address=ffa020 data=0000 mask=ff00 pc=000948
[  78.101] heartbeat frame=480 tx=0 rx=0 fc=1 fd=10 fe=0 linkflag=7f pc=000288 a502=80 a524=0000 a525=00 a170=09 a17f=00 txtail=0000 rxpend=0000
[  78.101] [transport] captured=0 flushed=0 received=0 accepted=0 payload2=0 payload3=0 payload4=0 payload5=0 pump_reads=0 bursts=0 txcredit=255 outq=0 inq=0 watchdog=20 txseq=21 rxseq=1f rxcredit=0 protection=00 checks=0000
[  78.101] [epochs] local=4 peer=2 ready=false discarded_rx=20
[  78.101] [tcb-continuations] ffa580=ff80->01833a sleep=0 local26=7710 ffa5c0=0000->000000 sleep=0 local26=0000 ffd100=ff80->018fcc sleep=0 local26=0000 ffd140=ff80->0250ba sleep=87 local26=0000 ffd180=ff80->024fe2 sleep=0 local26=0000
[  78.618] [protection-state] address=ffa020 data=1010 mask=ff00 pc=000948
[  78.618] [protection-state] address=ffa020 data=1010 mask=00ff pc=000952
[  78.635] [protection-state] address=ffa020 data=0000 mask=00ff pc=000952
[  78.668] [protection-state] address=ffa020 data=0000 mask=ff00 pc=000948
[  78.792]   [menu-state] write $ffa172 = 0101 mask=ff00 (pc=01b08e)
[  78.792]   [menu-state] write $ffa170 = 0808 mask=ff00 (pc=018062)
[  78.792]   [menu-state] write $ffa176 = 0000 mask=ff00 (pc=01afde)
[  78.792]   [header-byte] write $ffa513 = 00 mask=00ff (pc=01afe6)
[  78.792]   [header-byte] write $ffa513 = 01 mask=00ff (pc=01b034)
[  78.793] [game-command] data=0303 mask=ff00 pc=0188d8 requests=80
[  78.820]   [header-byte] write $ffa513 = 03 mask=00ff (pc=0189b4)
[  78.820]   [menu-state] write $ffa17f = 0000 mask=00ff (pc=0189c2)
[  78.870]   [menu-state] write $ffa172 = 0000 mask=ff00 (pc=01936a)
[  78.870]   [menu-state] write $ffa171 = 8080 mask=00ff (pc=019372)
[  79.102] heartbeat frame=540 tx=0 rx=0 fc=1 fd=10 fe=0 linkflag=7f pc=000288 a502=80 a524=0000 a525=00 a170=08 a17f=00 txtail=0000 rxpend=0000
[  79.102] [transport] captured=0 flushed=0 received=0 accepted=0 payload2=0 payload3=0 payload4=0 payload5=0 pump_reads=0 bursts=0 txcredit=255 outq=0 inq=0 watchdog=20 txseq=21 rxseq=1f rxcredit=0 protection=00 checks=0000
[  79.102] [epochs] local=4 peer=2 ready=false discarded_rx=20
[  79.102] [game-state] a142=04 a13e=01 a13f=01 a530=0322 a506=03 a507=00 a508=00 a7b0=0000 a7a6=0000 script=01a3ee
[  79.102] [tcb-continuations] ffa580=ff80->01833a sleep=0 local26=7710 ffa5c0=0000->000000 sleep=0 local26=0000 ffd040=ff80->0189c6 sleep=0 local26=0001
[  79.619] [protection-state] address=ffa020 data=1010 mask=ff00 pc=000948
[  79.619] [protection-state] address=ffa020 data=1010 mask=00ff pc=000952
[  79.636] [protection-state] address=ffa020 data=0000 mask=00ff pc=000952
[  79.670] [protection-state] address=ffa020 data=0000 mask=ff00 pc=000948
[  80.003] === session stop ===
