[   0.000] === session start, version=0.6.1 side=A debug=true ===
[   0.000] [rom-guards] cpld_compare=b202 garbage_divisor=323c,ffff
[   0.000] taps installed; out=C:\Users\tbend\mame\PuyoPuyo2\run_latejoin_yes_02_20260911\A_to_B.bin in=C:\Users\tbend\mame\PuyoPuyo2\run_latejoin_yes_02_20260911\B_to_A.bin
[   0.000] SERVICE port fields: 2 Players Start | Coin 1 | Service Mode | Coin 2 | Service 1 | 1 Player Start
[   0.017] [attack-state] address=ffa7f0 data=0000 mask=ffff pc=0181b6 protection=00
[   0.017] [attack-state] address=ffa7f8 data=0000 mask=ffff pc=0181c2 protection=00
[   0.017] [link-state] data=0000 mask=ffff pc=0181ec watchdog=102 expect=0f rxhead=0025 rxtail=0025 rxpend=0000
[   0.017] [protection-state] address=ffa020 data=ff00 mask=ffff pc=000932
[   0.017]   [menu-state] write $ffa172 = 0000 mask=ffff (pc=019320)
[   0.017]   [menu-state] write $ffa170 = 0000 mask=ffff (pc=019320)
[   0.017]   [menu-state] write $ffa17c = 0000 mask=ff00 (pc=019326)
[   0.017]   [menu-state] write $ffa17f = 0000 mask=00ff (pc=01932c)
[   0.017]   [menu-state] write $ffa176 = 0000 mask=ff00 (pc=01afde)
[   0.017]   [header-byte] write $ffa513 = 00 mask=00ff (pc=01afe6)
[   0.017] [protection-checksum] data=0000 mask=ff00 pc=00040e
[   0.017] [protection-checksum] data=0000 mask=00ff pc=000414
[   0.018] [protection-state] address=ffa020 data=0000 mask=ff00 pc=000948
[   0.027]   [menu-state] write $ffa170 = 0000 mask=ff00 (pc=018062)
[   0.027]   [menu-state] write $ffa176 = 0000 mask=ff00 (pc=01afde)
[   0.027]   [header-byte] write $ffa513 = 00 mask=00ff (pc=01afe6)
[   0.162] CONTROL reset pulse start (pc=01823e, prev_bank=cmd)
[   0.162] [reset] discarded tx=0 rx=0
[   0.162] [epoch-reset] local=1 peer=0 queued_rx=0
[   0.250] [peer-reset] old=0 new=1 local=1 queued_rx=0
[   0.401] [link-state] data=7f7f mask=ff00 pc=018334 watchdog=102 expect=0f rxhead=0000 rxtail=0000 rxpend=0000
[   0.535] [epoch-ready] local=1 peer=1
[   0.535] CMD $FE -> cabinet role=1 (ROM linkflag=81)
[   0.535] [link-state] data=8181 mask=ff00 pc=018358 watchdog=102 expect=0f rxhead=0000 rxtail=0000 rxpend=0000
[   0.535]   [header-byte] write $ffa513 = 00 mask=00ff (pc=01afe6)
[   0.551]   [menu-state] write $ffa173 = 8080 mask=00ff (pc=01939c)
[   0.551]   [menu-state] write $ffa171 = 8080 mask=00ff (pc=019466)
[   0.551]   [header-byte] write $ffa513 = 00 mask=00ff (pc=019e4a)
[   0.551]   [header-byte] write $ffa513 = 10 mask=00ff (pc=019e5a)
[   0.551]   [header-byte] write $ffa513 = 00 mask=00ff (pc=01afe6)
[   0.551]   [header-byte] write $ffa513 = 10 mask=00ff (pc=01affe)
[   0.568]   [header-byte] write $ffa517 = 00 mask=00ff (pc=018446)
[   0.568] [packet-accepted] total=1 seq=00 flags=00 status=00 pc=01845e
[   0.585]   [header-byte] write $ffa517 = 10 mask=00ff (pc=018446)
[   0.585] [packet-accepted] total=2 seq=01 flags=00 status=10 pc=01845e
[   0.602]   [header-byte] write $ffa517 = 00 mask=00ff (pc=018446)
[   0.602] [packet-accepted] total=3 seq=02 flags=00 status=00 pc=01845e
[   0.668]   [header-byte] write $ffa517 = 10 mask=00ff (pc=018446)
[   0.668] [packet-accepted] total=4 seq=03 flags=00 status=10 pc=01845e
[   1.001] heartbeat frame=60 tx=6 rx=12 fc=1 fd=10 fe=1 linkflag=81 pc=000288 a502=00 a524=0000 a525=00 a170=00 a17f=00 txtail=0006 rxpend=0000
[   1.001] [transport] captured=6 flushed=6 received=12 accepted=4 payload2=0 payload3=0 payload4=0 payload5=0 pump_reads=31 bursts=2 txcredit=0 outq=0 inq=0 watchdog=19 txseq=02 rxseq=04 rxcredit=0 protection=00 checks=0000
[   1.001] [epochs] local=1 peer=1 ready=true discarded_rx=0
[   1.001] [game-state] a142=04 a13e=02 a13f=05 a530=0b22 a506=00 a507=00 a508=01 a7b0=0000 a7a6=0000 script=019f80 mode=01 rule=01 base=70 margin=6 difficulty=0 preset=0
[   1.001] [tcb-continuations] ffa580=ff80->018392 sleep=0 local26=7710 ffa5c0=ff80->01853c sleep=0 local26=1a00 ffd100=ff80->01b388 sleep=129 local26=0000
[   1.018] [protection-state] address=ffa020 data=0101 mask=ff00 pc=000948
[   1.018] [protection-state] address=ffa020 data=0101 mask=00ff pc=000952
[   1.035] [protection-state] address=ffa020 data=0000 mask=00ff pc=000952
[   1.068] [protection-state] address=ffa020 data=0000 mask=ff00 pc=000948
[   1.187]   [header-byte] write $ffa517 = 10 mask=00ff (pc=018446)
[   1.268] [protection-state] address=ffa020 data=0101 mask=ff00 pc=000948
[   1.268] [protection-state] address=ffa020 data=0101 mask=00ff pc=000952
[   1.285] [protection-state] address=ffa020 data=0000 mask=00ff pc=000952
[   1.318] [protection-state] address=ffa020 data=0000 mask=ff00 pc=000948
[   1.519] [protection-state] address=ffa020 data=0101 mask=ff00 pc=000948
[   1.519] [protection-state] address=ffa020 data=0101 mask=00ff pc=000952
[   1.535] [protection-state] address=ffa020 data=0000 mask=00ff pc=000952
[   1.569] [protection-state] address=ffa020 data=0000 mask=ff00 pc=000948
[   1.737]   [header-byte] write $ffa517 = 10 mask=00ff (pc=018446)
[   1.769] [protection-state] address=ffa020 data=0101 mask=ff00 pc=000948
[   1.769] [protection-state] address=ffa020 data=0101 mask=00ff pc=000952
[   1.786] [protection-state] address=ffa020 data=0000 mask=00ff pc=000952
[   1.819] [protection-state] address=ffa020 data=0000 mask=ff00 pc=000948
[   2.003] heartbeat frame=120 tx=12 rx=18 fc=1 fd=10 fe=1 linkflag=81 pc=00028a a502=00 a524=0000 a525=00 a170=00 a17f=00 txtail=000c rxpend=0000
[   2.003] [transport] captured=12 flushed=12 received=18 accepted=6 payload2=0 payload3=0 payload4=0 payload5=0 pump_reads=93 bursts=4 txcredit=0 outq=0 inq=0 watchdog=15 txseq=04 rxseq=06 rxcredit=0 protection=00 checks=0000
[   2.003] [epochs] local=1 peer=1 ready=true discarded_rx=0
[   2.003] [tcb-continuations] ffa580=ff80->018392 sleep=0 local26=7710 ffa5c0=ff80->01853c sleep=0 local26=1a00 ffd100=ff80->01b388 sleep=69 local26=0000
[   2.254]   [header-byte] write $ffa517 = 10 mask=00ff (pc=018446)
[   2.520] [protection-state] address=ffa020 data=1010 mask=ff00 pc=000948
[   2.520] [protection-state] address=ffa020 data=1010 mask=00ff pc=000952
[   2.537] [protection-state] address=ffa020 data=0000 mask=00ff pc=000952
[   2.570] [protection-state] address=ffa020 data=0000 mask=ff00 pc=000948
[   2.771]   [header-byte] write $ffa517 = 10 mask=00ff (pc=018446)
[   3.004] heartbeat frame=180 tx=18 rx=24 fc=1 fd=10 fe=1 linkflag=81 pc=00028a a502=00 a524=0000 a525=00 a170=00 a17f=00 txtail=0012 rxpend=0000
[   3.004] [transport] captured=18 flushed=18 received=24 accepted=8 payload2=0 payload3=0 payload4=0 payload5=0 pump_reads=155 bursts=6 txcredit=0 outq=0 inq=0 watchdog=13 txseq=06 rxseq=08 rxcredit=0 protection=00 checks=0000
[   3.004] [epochs] local=1 peer=1 ready=true discarded_rx=0
[   3.004] [tcb-continuations] ffa580=ff80->018392 sleep=0 local26=7710 ffa5c0=ff80->01853c sleep=0 local26=1a00 ffd100=ff80->01b388 sleep=9 local26=0000
[   3.262]   [menu-state] write $ffa170 = 0909 mask=ff00 (pc=018062)
[   3.262]   [menu-state] write $ffa176 = 0000 mask=ff00 (pc=01afde)
[   3.262]   [header-byte] write $ffa513 = 00 mask=00ff (pc=01afe6)
[   3.262]   [header-byte] write $ffa513 = 10 mask=00ff (pc=01affe)
[   3.262]   [header-byte] write $ffa513 = 11 mask=00ff (pc=01b034)
[   3.294] [protection-checksum] data=0101 mask=00ff pc=01b0bc
[   3.294] [protection-checksum] data=0000 mask=00ff pc=01b11a
[   3.315]   [header-byte] write $ffa517 = 10 mask=00ff (pc=018446)
[   3.521] [protection-state] address=ffa020 data=1010 mask=ff00 pc=000948
[   3.521] [protection-state] address=ffa020 data=1010 mask=00ff pc=000952
[   3.538] [protection-state] address=ffa020 data=0000 mask=00ff pc=000952
[   3.572] [protection-state] address=ffa020 data=0000 mask=ff00 pc=000948
[   3.589]   [header-byte] write $ffa517 = 11 mask=00ff (pc=018446)
[   4.005] heartbeat frame=240 tx=27 rx=30 fc=1 fd=10 fe=1 linkflag=81 pc=00028a a502=00 a524=0000 a525=00 a170=09 a17f=00 txtail=001b rxpend=0000
[   4.005] [transport] captured=27 flushed=27 received=30 accepted=10 payload2=0 payload3=0 payload4=0 payload5=0 pump_reads=217 bursts=9 txcredit=0 outq=0 inq=0 watchdog=24 txseq=09 rxseq=0a rxcredit=0 protection=00 checks=0000
[   4.005] [epochs] local=1 peer=1 ready=true discarded_rx=0
[   4.005] [game-state] a142=04 a13e=02 a13f=05 a530=0b22 a506=00 a507=00 a508=01 a7b0=0000 a7a6=0000 script=01a008 mode=00 rule=01 base=70 margin=6 difficulty=0 preset=0
[   4.005] [tcb-continuations] ffa580=ff80->018392 sleep=0 local26=7710 ffa5c0=ff80->01853c sleep=0 local26=0b00 ffd100=ff80->01b4ee sleep=0 local26=0000
[   4.120]   [menu-state] write $ffa170 = 0808 mask=ff00 (pc=018062)
[   4.120]   [menu-state] write $ffa176 = 0000 mask=ff00 (pc=01afde)
[   4.120]   [header-byte] write $ffa513 = 00 mask=00ff (pc=01afe6)
[   4.120]   [header-byte] write $ffa513 = 10 mask=00ff (pc=01affe)
[   4.120]   [header-byte] write $ffa513 = 11 mask=00ff (pc=01b034)
[   4.120] [game-command] data=0303 mask=ff00 pc=0188d8 requests=80
[   4.121]   [header-byte] write $ffa517 = 11 mask=00ff (pc=018446)
[   4.148]   [header-byte] write $ffa513 = 13 mask=00ff (pc=0189b4)
[   4.148]   [menu-state] write $ffa17f = 0000 mask=00ff (pc=0189c2)
[   4.440]   [header-byte] write $ffa517 = 13 mask=00ff (pc=018446)
[   4.523] [protection-state] address=ffa020 data=2020 mask=ff00 pc=000948
[   4.523] [protection-state] address=ffa020 data=2020 mask=00ff pc=000952
[   4.539] [protection-state] address=ffa020 data=0000 mask=00ff pc=000952
[   4.573] [protection-state] address=ffa020 data=0000 mask=ff00 pc=000948
[   4.848] [game-command] data=1313 mask=ff00 pc=018ae0 requests=00
[   5.006] heartbeat frame=300 tx=75 rx=36 fc=1 fd=10 fe=1 linkflag=81 pc=00028a a502=00 a524=0005 a525=05 a170=08 a17f=00 txtail=004b rxpend=0000
[   5.006] [transport] captured=75 flushed=75 received=36 accepted=12 payload2=0 payload3=0 payload4=0 payload5=0 pump_reads=279 bursts=19 txcredit=0 outq=0 inq=0 watchdog=21 txseq=14 rxseq=0c rxcredit=0 protection=00 checks=0000
[   5.006] [epochs] local=1 peer=1 ready=true discarded_rx=0
[   5.006] [game-state] a142=04 a13e=01 a13f=01 a530=1322 a506=03 a507=00 a508=00 a7b0=0000 a7a6=0000 script=01a3ee mode=01 rule=01 base=70 margin=6 difficulty=0 preset=0
[   5.006] [tcb-continuations] ffa580=ff80->018392 sleep=0 local26=7710 ffa5c0=ff80->01853c sleep=0 local26=0000 ffd040=ff80->018a40 sleep=0 local26=8300 ffd080=ff80->01fe6e sleep=0 local26=0000 ffd0c0=ff80->018ee4 sleep=0 local26=0000 ffd100=ff80->01fbb4 sleep=0 local26=0000 ffd140=ff80->01fbb6 sleep=0 local26=0002 ffd180=ff80->01fbb6 sleep=0 local26=00a2 ffd1c0=ff80->01fbb6 sleep=0 local26=01c2 ffd200=ff80->01fbb6 sleep=0 local26=02e2 ffd240=ff80->01902e sleep=0 local26=0000 ffd280=ff80->01ffe2 sleep=0 local26=0009 ffd2c0=ff80->020004 sleep=0 local26=0002 ffd300=ff80->020004 sleep=0 local26=0000 ffd340=ff80->01febe sleep=0 local26=0000 ffd380=ff80->01fedc sleep=0 local26=0000
[   5.126]   [header-byte] write $ffa517 = 13 mask=00ff (pc=018446)
[   5.126] [packet-accepted] total=13 seq=0c flags=04 status=13 pc=01845e command=03 arg=22
[   5.144]   [header-byte] write $ffa517 = 13 mask=00ff (pc=018446)
[   5.144] [packet-accepted] total=14 seq=0d flags=04 status=13 pc=01845e command=03 arg=22
[   5.159]   [header-byte] write $ffa517 = 13 mask=00ff (pc=018446)
[   5.159] [packet-accepted] total=15 seq=0e flags=04 status=13 pc=01845e command=03 arg=22
[   5.176]   [header-byte] write $ffa517 = 13 mask=00ff (pc=018446)
[   5.176] [packet-accepted] total=16 seq=0f flags=04 status=13 pc=01845e command=03 arg=22
[   5.193]   [header-byte] write $ffa517 = 13 mask=00ff (pc=018446)
[   5.193] [packet-accepted] total=17 seq=10 flags=04 status=13 pc=01845e command=03 arg=22
[   5.226]   [header-byte] write $ffa517 = 13 mask=00ff (pc=018446)
[   5.226] [packet-accepted] total=18 seq=11 flags=04 status=13 pc=01845e command=03 arg=22
[   5.243]   [header-byte] write $ffa517 = 13 mask=00ff (pc=018446)
[   5.243] [packet-accepted] total=19 seq=12 flags=04 status=13 pc=01845e command=03 arg=22
[   5.259]   [header-byte] write $ffa517 = 13 mask=00ff (pc=018446)
[   5.259] [packet-accepted] total=20 seq=13 flags=04 status=13 pc=01845e command=03 arg=22
[   5.276]   [header-byte] write $ffa517 = 13 mask=00ff (pc=018446)
[   5.276] [packet-accepted] total=21 seq=14 flags=04 status=13 pc=01845e command=03 arg=22
[   5.293]   [header-byte] write $ffa517 = 13 mask=00ff (pc=018446)
[   5.293] [packet-accepted] total=22 seq=15 flags=04 status=13 pc=01845e command=03 arg=22
[   5.311]   [header-byte] write $ffa517 = 13 mask=00ff (pc=018446)
[   5.311] [packet-accepted] total=23 seq=16 flags=04 status=13 pc=01845e command=03 arg=22
[   5.326]   [header-byte] write $ffa517 = 13 mask=00ff (pc=018446)
[   5.326] [packet-accepted] total=24 seq=17 flags=04 status=13 pc=01845e command=03 arg=22
[   5.343]   [header-byte] write $ffa517 = 13 mask=00ff (pc=018446)
[   5.343] [packet-accepted] total=25 seq=18 flags=04 status=13 pc=01845e command=03 arg=22
[   5.359]   [header-byte] write $ffa517 = 13 mask=00ff (pc=018446)
[   5.359] [packet-accepted] total=26 seq=19 flags=04 status=13 pc=01845e command=03 arg=22
[   5.376]   [header-byte] write $ffa517 = 13 mask=00ff (pc=018446)
[   5.376] [packet-accepted] total=27 seq=1a flags=04 status=13 pc=01845e command=03 arg=22
[   5.393]   [header-byte] write $ffa517 = 13 mask=00ff (pc=018446)
[   5.393] [packet-accepted] total=28 seq=1b flags=04 status=13 pc=01845e command=03 arg=22
[   5.410]   [header-byte] write $ffa517 = 13 mask=00ff (pc=018446)
[   5.410] [packet-accepted] total=29 seq=1c flags=04 status=13 pc=01845e command=03 arg=22
[   5.426]   [header-byte] write $ffa517 = 13 mask=00ff (pc=018446)
[   5.426] [packet-accepted] total=30 seq=1d flags=04 status=13 pc=01845e command=03 arg=22
[   5.443]   [header-byte] write $ffa517 = 13 mask=00ff (pc=018446)
[   5.443] [packet-accepted] total=31 seq=1e flags=04 status=13 pc=01845e command=03 arg=22
[   5.460]   [header-byte] write $ffa517 = 13 mask=00ff (pc=018446)
[   5.460] [packet-accepted] total=32 seq=1f flags=04 status=13 pc=01845e command=03 arg=22
[   5.476]   [header-byte] write $ffa517 = 13 mask=00ff (pc=018446)
[   5.476] [packet-accepted] total=33 seq=20 flags=04 status=13 pc=01845e command=03 arg=22
[   5.493]   [header-byte] write $ffa517 = 13 mask=00ff (pc=018446)
[   5.493] [packet-accepted] total=34 seq=21 flags=04 status=13 pc=01845e command=03 arg=22
[   5.510]   [header-byte] write $ffa517 = 13 mask=00ff (pc=018446)
[   5.510] [packet-accepted] total=35 seq=22 flags=04 status=13 pc=01845e command=03 arg=22
[   5.524] [protection-state] address=ffa020 data=2020 mask=ff00 pc=000948
[   5.524] [protection-state] address=ffa020 data=2020 mask=00ff pc=000952
[   5.541] [protection-state] address=ffa020 data=0000 mask=00ff pc=000952
[   5.544]   [header-byte] write $ffa517 = 13 mask=00ff (pc=018446)
[   5.544] [packet-accepted] total=36 seq=23 flags=04 status=13 pc=01845e command=03 arg=22
[   5.545] [game-command] data=3333 mask=ff00 pc=018ae0 requests=00
[   5.560]   [header-byte] write $ffa517 = 13 mask=00ff (pc=018446)
[   5.560] [packet-accepted] total=37 seq=24 flags=04 status=13 pc=01845e command=03 arg=22
[   5.574] [protection-state] address=ffa020 data=0000 mask=ff00 pc=000948
[   5.576]   [header-byte] write $ffa517 = 13 mask=00ff (pc=018446)
[   5.576] [packet-accepted] total=38 seq=25 flags=04 status=13 pc=01845e command=03 arg=22
[   5.593]   [header-byte] write $ffa517 = 13 mask=00ff (pc=018446)
[   5.593] [packet-accepted] total=39 seq=26 flags=04 status=13 pc=01845e command=03 arg=22
[   5.610]   [header-byte] write $ffa517 = 13 mask=00ff (pc=018446)
[   5.610] [packet-accepted] total=40 seq=27 flags=04 status=13 pc=01845e command=03 arg=22
[   5.628]   [header-byte] write $ffa517 = 13 mask=00ff (pc=018446)
[   5.628] [packet-accepted] total=41 seq=28 flags=04 status=13 pc=01845e command=03 arg=22
[   5.643]   [header-byte] write $ffa517 = 13 mask=00ff (pc=018446)
[   5.643] [packet-accepted] total=42 seq=29 flags=04 status=13 pc=01845e command=03 arg=22
[   5.660]   [header-byte] write $ffa517 = 13 mask=00ff (pc=018446)
[   5.660] [packet-accepted] total=43 seq=2a flags=04 status=13 pc=01845e command=03 arg=22
[   5.677]   [header-byte] write $ffa517 = 13 mask=00ff (pc=018446)
[   5.677] [packet-accepted] total=44 seq=2b flags=04 status=13 pc=01845e command=03 arg=22
[   5.693]   [header-byte] write $ffa517 = 13 mask=00ff (pc=018446)
[   5.693] [packet-accepted] total=45 seq=2c flags=04 status=13 pc=01845e command=03 arg=22
[   5.710]   [header-byte] write $ffa517 = 13 mask=00ff (pc=018446)
[   5.710] [packet-accepted] total=46 seq=2d flags=04 status=13 pc=01845e command=03 arg=22
[   5.727]   [header-byte] write $ffa517 = 13 mask=00ff (pc=018446)
[   5.727] [packet-accepted] total=47 seq=2e flags=04 status=13 pc=01845e command=03 arg=22
[   5.760]   [header-byte] write $ffa517 = 13 mask=00ff (pc=018446)
[   5.760] [packet-accepted] total=48 seq=2f flags=04 status=13 pc=01845e command=03 arg=22
[   5.778]   [header-byte] write $ffa517 = 13 mask=00ff (pc=018446)
[   5.778] [packet-accepted] total=49 seq=30 flags=04 status=13 pc=01845e command=03 arg=22
[   5.793]   [header-byte] write $ffa517 = 13 mask=00ff (pc=018446)
[   5.793] [packet-accepted] total=50 seq=31 flags=04 status=13 pc=01845e command=03 arg=22
[   5.810]   [header-byte] write $ffa517 = 13 mask=00ff (pc=018446)
[   5.810] [packet-accepted] total=51 seq=32 flags=04 status=13 pc=01845e command=03 arg=22
[   5.843]   [header-byte] write $ffa517 = 13 mask=00ff (pc=018446)
[   5.843] [packet-accepted] total=52 seq=33 flags=04 status=13 pc=01845e command=03 arg=22
[   5.860]   [header-byte] write $ffa517 = 13 mask=00ff (pc=018446)
[   5.860] [packet-accepted] total=53 seq=34 flags=04 status=13 pc=01845e command=03 arg=22
[   5.877]   [header-byte] write $ffa517 = 13 mask=00ff (pc=018446)
[   5.877] [packet-accepted] total=54 seq=35 flags=04 status=13 pc=01845e command=03 arg=22
[   5.893]   [header-byte] write $ffa517 = 13 mask=00ff (pc=018446)
[   5.893] [packet-accepted] total=55 seq=36 flags=04 status=13 pc=01845e command=03 arg=22
[   5.910]   [header-byte] write $ffa517 = 13 mask=00ff (pc=018446)
[   5.910] [packet-accepted] total=56 seq=37 flags=04 status=13 pc=01845e command=03 arg=22
[   5.926]   [header-byte] write $ffa517 = 13 mask=00ff (pc=018446)
[   5.926] [packet-accepted] total=57 seq=38 flags=04 status=13 pc=01845e command=03 arg=22
[   5.943]   [header-byte] write $ffa517 = 13 mask=00ff (pc=018446)
[   5.943] [packet-accepted] total=58 seq=39 flags=04 status=13 pc=01845e command=03 arg=22
[   5.960]   [header-byte] write $ffa517 = 13 mask=00ff (pc=018446)
[   5.960] [packet-accepted] total=59 seq=3a flags=04 status=13 pc=01845e command=03 arg=22
[   5.976]   [header-byte] write $ffa517 = 13 mask=00ff (pc=018446)
[   5.976] [packet-accepted] total=60 seq=3b flags=04 status=13 pc=01845e command=03 arg=22
[   5.993]   [header-byte] write $ffa517 = 13 mask=00ff (pc=018446)
[   5.993] [packet-accepted] total=61 seq=3c flags=04 status=13 pc=01845e command=03 arg=22
[   6.008] heartbeat frame=360 tx=375 rx=281 fc=1 fd=10 fe=1 linkflag=81 pc=00028a a502=00 a524=0005 a525=05 a170=08 a17f=00 txtail=0077 rxpend=0000
[   6.008] [transport] captured=375 flushed=375 received=281 accepted=61 payload2=49 payload3=0 payload4=0 payload5=0 pump_reads=388 bursts=79 txcredit=0 outq=0 inq=0 watchdog=0 txseq=50 rxseq=3d rxcredit=5 protection=00 checks=0000
[   6.008] [epochs] local=1 peer=1 ready=true discarded_rx=0
[   6.008] [game-state] a142=04 a13e=02 a13f=03 a530=3322 a506=03 a507=00 a508=00 a7b0=0000 a7a6=0322 script=01a3ee mode=01 rule=01 base=70 margin=6 difficulty=0 preset=0
[   6.008] [tcb-continuations] ffa580=ff80->018392 sleep=0 local26=7710 ffa5c0=ff80->01853c sleep=0 local26=0000 ffd040=ff80->018a40 sleep=0 local26=8300 ffd100=ff80->01fbb4 sleep=0 local26=0000 ffd140=ff80->01fbb6 sleep=0 local26=0002 ffd180=ff80->01fbb6 sleep=0 local26=00a2 ffd1c0=ff80->01fbb6 sleep=0 local26=01c2 ffd200=ff80->01fbb6 sleep=0 local26=02e2 ffd240=ff80->01902e sleep=0 local26=0000 ffd280=ff80->01ffe2 sleep=0 local26=0008 ffd2c0=ff80->020004 sleep=0 local26=0002 ffd300=ff80->020004 sleep=0 local26=0000
[   6.010]   [header-byte] write $ffa517 = 13 mask=00ff (pc=018446)
[   6.010] [packet-accepted] total=62 seq=3d flags=04 status=13 pc=01845e command=03 arg=22
[   6.045]   [header-byte] write $ffa517 = 13 mask=00ff (pc=018446)
[   6.045] [packet-accepted] total=63 seq=3e flags=04 status=13 pc=01845e command=03 arg=22
[   6.060]   [header-byte] write $ffa517 = 13 mask=00ff (pc=018446)
[   6.060] [packet-accepted] total=64 seq=3f flags=04 status=13 pc=01845e command=03 arg=22
[   6.077]   [header-byte] write $ffa517 = 13 mask=00ff (pc=018446)
[   6.077] [packet-accepted] total=65 seq=40 flags=04 status=13 pc=01845e command=03 arg=22
[   6.095]   [header-byte] write $ffa517 = 13 mask=00ff (pc=018446)
[   6.095] [packet-accepted] total=66 seq=41 flags=04 status=13 pc=01845e command=03 arg=22
[   6.110]   [header-byte] write $ffa517 = 13 mask=00ff (pc=018446)
[   6.110] [packet-accepted] total=67 seq=42 flags=04 status=13 pc=01845e command=03 arg=22
[   6.127]   [header-byte] write $ffa517 = 13 mask=00ff (pc=018446)
[   6.127] [packet-accepted] total=68 seq=43 flags=04 status=13 pc=01845e command=03 arg=22
[   6.144]   [header-byte] write $ffa517 = 13 mask=00ff (pc=018446)
[   6.144] [packet-accepted] total=69 seq=44 flags=04 status=13 pc=01845e command=03 arg=22
[   6.160]   [header-byte] write $ffa517 = 13 mask=00ff (pc=018446)
[   6.160] [packet-accepted] total=70 seq=45 flags=04 status=13 pc=01845e command=03 arg=22
[   6.177]   [header-byte] write $ffa517 = 13 mask=00ff (pc=018446)
[   6.177] [packet-accepted] total=71 seq=46 flags=04 status=13 pc=01845e command=03 arg=22
[   6.194]   [header-byte] write $ffa517 = 13 mask=00ff (pc=018446)
[   6.194] [packet-accepted] total=72 seq=47 flags=04 status=13 pc=01845e command=03 arg=22
[   6.227]   [header-byte] write $ffa517 = 13 mask=00ff (pc=018446)
[   6.227] [packet-accepted] total=73 seq=48 flags=04 status=13 pc=01845e command=03 arg=22
[   6.244]   [header-byte] write $ffa517 = 13 mask=00ff (pc=018446)
[   6.244] [packet-accepted] total=74 seq=49 flags=04 status=13 pc=01845e command=03 arg=22
[   6.263]   [header-byte] write $ffa517 = 13 mask=00ff (pc=018446)
[   6.263] [packet-accepted] total=75 seq=4a flags=04 status=13 pc=01845e command=03 arg=22
[   6.277]   [header-byte] write $ffa517 = 13 mask=00ff (pc=018446)
[   6.277] [packet-accepted] total=76 seq=4b flags=04 status=13 pc=01845e command=03 arg=22
[   6.294]   [header-byte] write $ffa517 = 13 mask=00ff (pc=018446)
[   6.294] [packet-accepted] total=77 seq=4c flags=04 status=13 pc=01845e command=03 arg=22
[   6.310]   [header-byte] write $ffa517 = 13 mask=00ff (pc=018446)
[   6.310] [packet-accepted] total=78 seq=4d flags=04 status=13 pc=01845e command=03 arg=22
[   6.327]   [header-byte] write $ffa517 = 13 mask=00ff (pc=018446)
[   6.327] [packet-accepted] total=79 seq=4e flags=04 status=13 pc=01845e command=03 arg=22
[   6.344]   [header-byte] write $ffa517 = 13 mask=00ff (pc=018446)
[   6.344] [packet-accepted] total=80 seq=4f flags=04 status=13 pc=01845e command=03 arg=22
[   6.361]   [header-byte] write $ffa517 = 13 mask=00ff (pc=018446)
[   6.361] [packet-accepted] total=81 seq=50 flags=04 status=13 pc=01845e command=03 arg=22
[   6.377]   [header-byte] write $ffa517 = 13 mask=00ff (pc=018446)
[   6.377] [packet-accepted] total=82 seq=51 flags=04 status=13 pc=01845e command=03 arg=22
[   6.394]   [header-byte] write $ffa517 = 13 mask=00ff (pc=018446)
[   6.394] [packet-accepted] total=83 seq=52 flags=04 status=13 pc=01845e command=03 arg=22
[   6.411]   [header-byte] write $ffa517 = 13 mask=00ff (pc=018446)
[   6.411] [packet-accepted] total=84 seq=53 flags=04 status=13 pc=01845e command=03 arg=22
[   6.427]   [header-byte] write $ffa517 = 13 mask=00ff (pc=018446)
[   6.427] [packet-accepted] total=85 seq=54 flags=04 status=13 pc=01845e command=03 arg=22
[   6.444]   [header-byte] write $ffa517 = 13 mask=00ff (pc=018446)
[   6.444] [packet-accepted] total=86 seq=55 flags=04 status=13 pc=01845e command=03 arg=22
[   6.461]   [header-byte] write $ffa517 = 13 mask=00ff (pc=018446)
[   6.461] [packet-accepted] total=87 seq=56 flags=04 status=13 pc=01845e command=03 arg=22
[   6.477]   [header-byte] write $ffa517 = 13 mask=00ff (pc=018446)
[   6.477] [packet-accepted] total=88 seq=57 flags=04 status=13 pc=01845e command=03 arg=22
[   6.494]   [header-byte] write $ffa517 = 13 mask=00ff (pc=018446)
[   6.494] [packet-accepted] total=89 seq=58 flags=04 status=13 pc=01845e command=03 arg=22
[   6.510]   [header-byte] write $ffa517 = 13 mask=00ff (pc=018446)
[   6.511] [packet-accepted] total=90 seq=59 flags=04 status=13 pc=01845e command=03 arg=22
[   6.527]   [header-byte] write $ffa517 = 13 mask=00ff (pc=018446)
[   6.527] [packet-accepted] total=91 seq=5a flags=04 status=13 pc=01845e command=03 arg=22
[   6.544]   [header-byte] write $ffa517 = 13 mask=00ff (pc=018446)
[   6.544] [packet-accepted] total=92 seq=5b flags=04 status=13 pc=01845e command=03 arg=22
[   6.561]   [header-byte] write $ffa517 = 13 mask=00ff (pc=018446)
[   6.561] [packet-accepted] total=93 seq=5c flags=04 status=13 pc=01845e command=03 arg=22
[   6.579]   [header-byte] write $ffa517 = 13 mask=00ff (pc=018446)
[   6.579] [packet-accepted] total=94 seq=5d flags=04 status=13 pc=01845e command=03 arg=22
[   6.594]   [header-byte] write $ffa517 = 13 mask=00ff (pc=018446)
[   6.594] [packet-accepted] total=95 seq=5e flags=04 status=13 pc=01845e command=03 arg=22
[   6.611]   [header-byte] write $ffa517 = 13 mask=00ff (pc=018446)
[   6.611] [packet-accepted] total=96 seq=5f flags=04 status=13 pc=01845e command=03 arg=22
[   6.627]   [header-byte] write $ffa517 = 13 mask=00ff (pc=018446)
[   6.627] [packet-accepted] total=97 seq=60 flags=04 status=13 pc=01845e command=03 arg=22
[   6.661]   [header-byte] write $ffa517 = 13 mask=00ff (pc=018446)
[   6.661] [packet-accepted] total=98 seq=61 flags=04 status=13 pc=01845e command=03 arg=22
[   6.678]   [header-byte] write $ffa517 = 13 mask=00ff (pc=018446)
[   6.678] [packet-accepted] total=99 seq=62 flags=04 status=13 pc=01845e command=03 arg=22
[   6.694]   [header-byte] write $ffa517 = 13 mask=00ff (pc=018446)
[   6.694] [packet-accepted] total=100 seq=63 flags=04 status=13 pc=01845e command=03 arg=22
[   6.711]   [header-byte] write $ffa517 = 13 mask=00ff (pc=018446)
[   6.711] [packet-accepted] total=101 seq=64 flags=04 status=13 pc=01845e command=03 arg=22
[   6.729]   [header-byte] write $ffa517 = 13 mask=00ff (pc=018446)
[   6.729] [packet-accepted] total=102 seq=65 flags=04 status=13 pc=01845e command=03 arg=22
[   6.744]   [header-byte] write $ffa517 = 13 mask=00ff (pc=018446)
[   6.744] [packet-accepted] total=103 seq=66 flags=04 status=13 pc=01845e command=03 arg=22
[   6.761]   [header-byte] write $ffa517 = 13 mask=00ff (pc=018446)
[   6.761] [packet-accepted] total=104 seq=67 flags=04 status=13 pc=01845e command=03 arg=22
[   6.778]   [header-byte] write $ffa517 = 13 mask=00ff (pc=018446)
[   6.778] [packet-accepted] total=105 seq=68 flags=04 status=13 pc=01845e command=03 arg=22
[   6.795]   [header-byte] write $ffa517 = 13 mask=00ff (pc=018446)
[   6.795] [packet-accepted] total=106 seq=69 flags=04 status=13 pc=01845e command=03 arg=22
[   6.811]   [header-byte] write $ffa517 = 13 mask=00ff (pc=018446)
[   6.811] [packet-accepted] total=107 seq=6a flags=04 status=13 pc=01845e command=03 arg=22
[   6.828]   [header-byte] write $ffa517 = 13 mask=00ff (pc=018446)
[   6.828] [packet-accepted] total=108 seq=6b flags=04 status=13 pc=01845e command=03 arg=22
[   6.845]   [header-byte] write $ffa517 = 13 mask=00ff (pc=018446)
[   6.845] [packet-accepted] total=109 seq=6c flags=04 status=13 pc=01845e command=03 arg=22
[   6.861]   [header-byte] write $ffa517 = 13 mask=00ff (pc=018446)
[   6.861] [packet-accepted] total=110 seq=6d flags=04 status=13 pc=01845e command=03 arg=22
[   6.878]   [header-byte] write $ffa517 = 13 mask=00ff (pc=018446)
[   6.878] [packet-accepted] total=111 seq=6e flags=04 status=13 pc=01845e command=03 arg=22
[   6.911]   [header-byte] write $ffa517 = 13 mask=00ff (pc=018446)
[   6.911] [packet-accepted] total=112 seq=6f flags=04 status=13 pc=01845e command=03 arg=22
[   6.928]   [header-byte] write $ffa517 = 13 mask=00ff (pc=018446)
[   6.928] [packet-accepted] total=113 seq=70 flags=04 status=13 pc=01845e command=03 arg=22
[   6.928]   [header-byte] write $ffa517 = 13 mask=00ff (pc=018446)
[   6.928] [packet-accepted] total=114 seq=71 flags=04 status=13 pc=01845e command=03 arg=22
[   6.945]   [header-byte] write $ffa517 = 13 mask=00ff (pc=018446)
[   6.945] [packet-accepted] total=115 seq=72 flags=04 status=13 pc=01845e command=03 arg=22
[   6.961]   [header-byte] write $ffa517 = 13 mask=00ff (pc=018446)
[   6.961] [packet-accepted] total=116 seq=73 flags=04 status=13 pc=01845e command=03 arg=22
[   6.978]   [header-byte] write $ffa517 = 13 mask=00ff (pc=018446)
[   6.978] [packet-accepted] total=117 seq=74 flags=04 status=13 pc=01845e command=03 arg=22
[   6.995]   [header-byte] write $ffa517 = 13 mask=00ff (pc=018446)
[   6.995] [packet-accepted] total=118 seq=75 flags=04 status=13 pc=01845e command=03 arg=22
[   7.009] heartbeat frame=420 tx=675 rx=566 fc=1 fd=10 fe=1 linkflag=81 pc=000288 a502=00 a524=0005 a525=05 a170=08 a17f=00 txtail=00a3 rxpend=0000
[   7.009] [transport] captured=675 flushed=675 received=566 accepted=118 payload2=106 payload3=0 payload4=0 payload5=0 pump_reads=504 bursts=139 txcredit=0 outq=0 inq=0 watchdog=0 txseq=8c rxseq=76 rxcredit=5 protection=00 checks=0000
[   7.009] [epochs] local=1 peer=1 ready=true discarded_rx=0
[   7.009] [tcb-continuations] ffa580=ff80->018392 sleep=0 local26=7710 ffa5c0=ff80->01853c sleep=0 local26=0000 ffd040=ff80->018a40 sleep=0 local26=8300 ffd100=ff80->01fbb4 sleep=0 local26=0000 ffd140=ff80->01fbb6 sleep=0 local26=0002 ffd180=ff80->01fbb6 sleep=0 local26=00a2 ffd1c0=ff80->01fbb6 sleep=0 local26=01c2 ffd200=ff80->01fbb6 sleep=0 local26=02e2 ffd240=ff80->01902e sleep=0 local26=0000 ffd280=ff80->01ffe2 sleep=0 local26=0007 ffd2c0=ff80->020004 sleep=0 local26=0002 ffd300=ff80->020004 sleep=0 local26=0000
[   7.012]   [header-byte] write $ffa517 = 13 mask=00ff (pc=018446)
[   7.012] [packet-accepted] total=119 seq=76 flags=04 status=13 pc=01845e command=03 arg=22
[   7.028]   [header-byte] write $ffa517 = 13 mask=00ff (pc=018446)
[   7.028] [packet-accepted] total=120 seq=77 flags=04 status=13 pc=01845e command=03 arg=22
[   7.047]   [header-byte] write $ffa517 = 13 mask=00ff (pc=018446)
[   7.047] [packet-accepted] total=121 seq=78 flags=04 status=13 pc=01845e command=03 arg=22
[   7.062]   [header-byte] write $ffa517 = 13 mask=00ff (pc=018446)
[   7.062] [packet-accepted] total=122 seq=79 flags=04 status=13 pc=01845e command=03 arg=22
[   7.078]   [header-byte] write $ffa517 = 13 mask=00ff (pc=018446)
[   7.078] [packet-accepted] total=123 seq=7a flags=04 status=13 pc=01845e command=03 arg=22
[   7.095]   [header-byte] write $ffa517 = 13 mask=00ff (pc=018446)
[   7.095] [packet-accepted] total=124 seq=7b flags=04 status=13 pc=01845e command=03 arg=22
[   7.112]   [header-byte] write $ffa517 = 13 mask=00ff (pc=018446)
[   7.112] [packet-accepted] total=125 seq=7c flags=04 status=13 pc=01845e command=03 arg=22
[   7.145]   [header-byte] write $ffa517 = 13 mask=00ff (pc=018446)
[   7.145] [packet-accepted] total=126 seq=7d flags=04 status=13 pc=01845e command=03 arg=22
[   7.162]   [header-byte] write $ffa517 = 13 mask=00ff (pc=018446)
[   7.162] [packet-accepted] total=127 seq=7e flags=04 status=13 pc=01845e command=03 arg=22
[   7.178]   [header-byte] write $ffa517 = 13 mask=00ff (pc=018446)
[   7.178] [packet-accepted] total=128 seq=7f flags=04 status=13 pc=01845e command=03 arg=22
[   7.195]   [header-byte] write $ffa517 = 13 mask=00ff (pc=018446)
[   7.195] [packet-accepted] total=129 seq=80 flags=04 status=13 pc=01845e command=03 arg=22
[   7.214]   [header-byte] write $ffa517 = 13 mask=00ff (pc=018446)
[   7.214] [packet-accepted] total=130 seq=81 flags=04 status=13 pc=01845e command=03 arg=22
[   7.228]   [header-byte] write $ffa517 = 13 mask=00ff (pc=018446)
[   7.228] [packet-accepted] total=131 seq=82 flags=04 status=13 pc=01845e command=03 arg=22
[   7.245]   [header-byte] write $ffa517 = 13 mask=00ff (pc=018446)
[   7.245] [packet-accepted] total=132 seq=83 flags=04 status=13 pc=01845e command=03 arg=22
[   7.262]   [header-byte] write $ffa517 = 13 mask=00ff (pc=018446)
[   7.262] [packet-accepted] total=133 seq=84 flags=04 status=13 pc=01845e command=03 arg=22
[   7.279]   [header-byte] write $ffa517 = 13 mask=00ff (pc=018446)
[   7.279] [packet-accepted] total=134 seq=85 flags=04 status=13 pc=01845e command=03 arg=22
[   7.295]   [header-byte] write $ffa517 = 13 mask=00ff (pc=018446)
[   7.295] [packet-accepted] total=135 seq=86 flags=04 status=13 pc=01845e command=03 arg=22
[   7.312]   [header-byte] write $ffa517 = 13 mask=00ff (pc=018446)
[   7.312] [packet-accepted] total=136 seq=87 flags=04 status=13 pc=01845e command=03 arg=22
[   7.329]   [header-byte] write $ffa517 = 13 mask=00ff (pc=018446)
[   7.329] [packet-accepted] total=137 seq=88 flags=04 status=13 pc=01845e command=03 arg=22
[   7.362]   [header-byte] write $ffa517 = 13 mask=00ff (pc=018446)
[   7.362] [packet-accepted] total=138 seq=89 flags=04 status=13 pc=01845e command=03 arg=22
[   7.379]   [header-byte] write $ffa517 = 13 mask=00ff (pc=018446)
[   7.379] [packet-accepted] total=139 seq=8a flags=04 status=13 pc=01845e command=03 arg=22
[   7.395]   [header-byte] write $ffa517 = 13 mask=00ff (pc=018446)
[   7.395] [packet-accepted] total=140 seq=8b flags=04 status=13 pc=01845e command=03 arg=22
[   7.412]   [header-byte] write $ffa517 = 13 mask=00ff (pc=018446)
[   7.412] [packet-accepted] total=141 seq=8c flags=04 status=13 pc=01845e command=03 arg=22
[   7.429]   [header-byte] write $ffa517 = 13 mask=00ff (pc=018446)
[   7.429] [packet-accepted] total=142 seq=8d flags=04 status=13 pc=01845e command=03 arg=22
[   7.446]   [header-byte] write $ffa517 = 13 mask=00ff (pc=018446)
[   7.446] [packet-accepted] total=143 seq=8e flags=04 status=13 pc=01845e command=03 arg=22
[   7.462]   [header-byte] write $ffa517 = 13 mask=00ff (pc=018446)
[   7.462] [packet-accepted] total=144 seq=8f flags=04 status=13 pc=01845e command=03 arg=22
[   7.479]   [header-byte] write $ffa517 = 13 mask=00ff (pc=018446)
[   7.479] [packet-accepted] total=145 seq=90 flags=04 status=13 pc=01845e command=03 arg=22
[   7.496]   [header-byte] write $ffa517 = 13 mask=00ff (pc=018446)
[   7.496] [packet-accepted] total=146 seq=91 flags=04 status=13 pc=01845e command=03 arg=22
[   7.512]   [header-byte] write $ffa517 = 13 mask=00ff (pc=018446)
[   7.512] [packet-accepted] total=147 seq=92 flags=04 status=13 pc=01845e command=03 arg=22
[   7.547]   [header-byte] write $ffa517 = 13 mask=00ff (pc=018446)
[   7.547] [packet-accepted] total=148 seq=93 flags=04 status=13 pc=01845e command=03 arg=22
[   7.562]   [header-byte] write $ffa517 = 13 mask=00ff (pc=018446)
[   7.562] [packet-accepted] total=149 seq=94 flags=04 status=13 pc=01845e command=03 arg=22
[   7.579]   [header-byte] write $ffa517 = 13 mask=00ff (pc=018446)
[   7.579] [packet-accepted] total=150 seq=95 flags=04 status=13 pc=01845e command=03 arg=22
[   7.595]   [header-byte] write $ffa517 = 13 mask=00ff (pc=018446)
[   7.595] [packet-accepted] total=151 seq=96 flags=04 status=13 pc=01845e command=03 arg=22
[   7.629]   [header-byte] write $ffa517 = 13 mask=00ff (pc=018446)
[   7.629] [packet-accepted] total=152 seq=97 flags=04 status=13 pc=01845e command=03 arg=22
[   7.645]   [header-byte] write $ffa517 = 13 mask=00ff (pc=018446)
[   7.645] [packet-accepted] total=153 seq=98 flags=04 status=13 pc=01845e command=03 arg=22
[   7.662]   [header-byte] write $ffa517 = 13 mask=00ff (pc=018446)
[   7.662] [packet-accepted] total=154 seq=99 flags=04 status=13 pc=01845e command=03 arg=22
[   7.681]   [header-byte] write $ffa517 = 13 mask=00ff (pc=018446)
[   7.681] [packet-accepted] total=155 seq=9a flags=04 status=13 pc=01845e command=03 arg=22
[   7.695]   [header-byte] write $ffa517 = 13 mask=00ff (pc=018446)
[   7.695] [packet-accepted] total=156 seq=9b flags=04 status=13 pc=01845e command=03 arg=22
[   7.712]   [header-byte] write $ffa517 = 13 mask=00ff (pc=018446)
[   7.712] [packet-accepted] total=157 seq=9c flags=04 status=13 pc=01845e command=03 arg=22
[   7.729]   [header-byte] write $ffa517 = 13 mask=00ff (pc=018446)
[   7.729] [packet-accepted] total=158 seq=9d flags=04 status=13 pc=01845e command=03 arg=22
[   7.746]   [header-byte] write $ffa517 = 13 mask=00ff (pc=018446)
[   7.746] [packet-accepted] total=159 seq=9e flags=04 status=13 pc=01845e command=03 arg=22
[   7.762]   [header-byte] write $ffa517 = 13 mask=00ff (pc=018446)
[   7.762] [packet-accepted] total=160 seq=9f flags=04 status=13 pc=01845e command=03 arg=22
[   7.779]   [header-byte] write $ffa517 = 13 mask=00ff (pc=018446)
[   7.779] [packet-accepted] total=161 seq=a0 flags=04 status=13 pc=01845e command=03 arg=22
[   7.796]   [header-byte] write $ffa517 = 13 mask=00ff (pc=018446)
[   7.796] [packet-accepted] total=162 seq=a1 flags=04 status=13 pc=01845e command=03 arg=22
[   7.812]   [header-byte] write $ffa517 = 13 mask=00ff (pc=018446)
[   7.812] [packet-accepted] total=163 seq=a2 flags=04 status=13 pc=01845e command=03 arg=22
[   7.846]   [header-byte] write $ffa517 = 13 mask=00ff (pc=018446)
[   7.846] [packet-accepted] total=164 seq=a3 flags=04 status=13 pc=01845e command=03 arg=22
[   7.846]   [header-byte] write $ffa517 = 13 mask=00ff (pc=018446)
[   7.846] [packet-accepted] total=165 seq=a4 flags=04 status=13 pc=01845e command=03 arg=22
[   7.879]   [header-byte] write $ffa517 = 13 mask=00ff (pc=018446)
[   7.879] [packet-accepted] total=166 seq=a5 flags=04 status=13 pc=01845e command=03 arg=22
[   7.896]   [header-byte] write $ffa517 = 13 mask=00ff (pc=018446)
[   7.896] [packet-accepted] total=167 seq=a6 flags=04 status=13 pc=01845e command=03 arg=22
[   7.912]   [header-byte] write $ffa517 = 13 mask=00ff (pc=018446)
[   7.912] [packet-accepted] total=168 seq=a7 flags=04 status=13 pc=01845e command=03 arg=22
[   7.929]   [header-byte] write $ffa517 = 13 mask=00ff (pc=018446)
[   7.929] [packet-accepted] total=169 seq=a8 flags=04 status=13 pc=01845e command=03 arg=22
[   7.946]   [header-byte] write $ffa517 = 13 mask=00ff (pc=018446)
[   7.946] [packet-accepted] total=170 seq=a9 flags=04 status=13 pc=01845e command=03 arg=22
[   7.962]   [header-byte] write $ffa517 = 13 mask=00ff (pc=018446)
[   7.962] [packet-accepted] total=171 seq=aa flags=04 status=13 pc=01845e command=03 arg=22
[   7.979]   [header-byte] write $ffa517 = 13 mask=00ff (pc=018446)
[   7.979] [packet-accepted] total=172 seq=ab flags=04 status=13 pc=01845e command=03 arg=22
[   7.998]   [header-byte] write $ffa517 = 13 mask=00ff (pc=018446)
[   7.998] [packet-accepted] total=173 seq=ac flags=04 status=13 pc=01845e command=03 arg=22
[   8.010] heartbeat frame=480 tx=975 rx=841 fc=1 fd=10 fe=1 linkflag=81 pc=00028a a502=00 a524=0005 a525=05 a170=08 a17f=00 txtail=00cf rxpend=0000
[   8.010] [transport] captured=975 flushed=975 received=841 accepted=173 payload2=161 payload3=0 payload4=0 payload5=0 pump_reads=618 bursts=199 txcredit=0 outq=0 inq=0 watchdog=0 txseq=c8 rxseq=ad rxcredit=5 protection=00 checks=0000
[   8.010] [epochs] local=1 peer=1 ready=true discarded_rx=0
[   8.010] [tcb-continuations] ffa580=ff80->018392 sleep=0 local26=7710 ffa5c0=ff80->01853c sleep=0 local26=0000 ffd040=ff80->018a40 sleep=0 local26=8300 ffd100=ff80->01fbb4 sleep=0 local26=0000 ffd140=ff80->01fbb6 sleep=0 local26=0002 ffd180=ff80->01fbb6 sleep=0 local26=00a2 ffd1c0=ff80->01fbb6 sleep=0 local26=01c2 ffd200=ff80->01fbb6 sleep=0 local26=02e2 ffd240=ff80->01902e sleep=0 local26=0000 ffd280=ff80->01ffe2 sleep=0 local26=0005 ffd2c0=ff80->020004 sleep=0 local26=0002 ffd300=ff80->020004 sleep=0 local26=0000
[   8.013]   [header-byte] write $ffa517 = 13 mask=00ff (pc=018446)
[   8.013] [packet-accepted] total=174 seq=ad flags=04 status=13 pc=01845e command=03 arg=22
[   8.029]   [header-byte] write $ffa517 = 13 mask=00ff (pc=018446)
[   8.029] [packet-accepted] total=175 seq=ae flags=04 status=13 pc=01845e command=03 arg=22
[   8.063]   [header-byte] write $ffa517 = 13 mask=00ff (pc=018446)
[   8.063] [packet-accepted] total=176 seq=af flags=04 status=13 pc=01845e command=03 arg=22
[   8.079]   [header-byte] write $ffa517 = 13 mask=00ff (pc=018446)
[   8.079] [packet-accepted] total=177 seq=b0 flags=04 status=13 pc=01845e command=03 arg=22
[   8.096]   [header-byte] write $ffa517 = 13 mask=00ff (pc=018446)
[   8.096] [packet-accepted] total=178 seq=b1 flags=04 status=13 pc=01845e command=03 arg=22
[   8.113]   [header-byte] write $ffa517 = 13 mask=00ff (pc=018446)
[   8.113] [packet-accepted] total=179 seq=b2 flags=04 status=13 pc=01845e command=03 arg=22
[   8.113]   [header-byte] write $ffa517 = 13 mask=00ff (pc=018446)
[   8.113] [packet-accepted] total=180 seq=b3 flags=04 status=13 pc=01845e command=03 arg=22
[   8.146]   [header-byte] write $ffa517 = 13 mask=00ff (pc=018446)
[   8.146] [packet-accepted] total=181 seq=b4 flags=04 status=13 pc=01845e command=03 arg=22
[   8.164]   [header-byte] write $ffa517 = 13 mask=00ff (pc=018446)
[   8.164] [packet-accepted] total=182 seq=b5 flags=04 status=13 pc=01845e command=03 arg=22
[   8.180]   [header-byte] write $ffa517 = 13 mask=00ff (pc=018446)
[   8.180] [packet-accepted] total=183 seq=b6 flags=04 status=13 pc=01845e command=03 arg=22
[   8.196]   [header-byte] write $ffa517 = 13 mask=00ff (pc=018446)
[   8.196] [packet-accepted] total=184 seq=b7 flags=04 status=13 pc=01845e command=03 arg=22
[   8.213]   [header-byte] write $ffa517 = 13 mask=00ff (pc=018446)
[   8.213] [packet-accepted] total=185 seq=b8 flags=04 status=13 pc=01845e command=03 arg=22
[   8.230]   [header-byte] write $ffa517 = 13 mask=00ff (pc=018446)
[   8.230] [packet-accepted] total=186 seq=b9 flags=04 status=13 pc=01845e command=03 arg=22
[   8.246]   [header-byte] write $ffa517 = 13 mask=00ff (pc=018446)
[   8.246] [packet-accepted] total=187 seq=ba flags=04 status=13 pc=01845e command=03 arg=22
[   8.263]   [header-byte] write $ffa517 = 13 mask=00ff (pc=018446)
[   8.263] [packet-accepted] total=188 seq=bb flags=04 status=13 pc=01845e command=03 arg=22
[   8.280]   [header-byte] write $ffa517 = 13 mask=00ff (pc=018446)
[   8.280] [packet-accepted] total=189 seq=bc flags=04 status=13 pc=01845e command=03 arg=22
[   8.296]   [header-byte] write $ffa517 = 13 mask=00ff (pc=018446)
[   8.296] [packet-accepted] total=190 seq=bd flags=04 status=13 pc=01845e command=03 arg=22
[   8.313]   [header-byte] write $ffa517 = 13 mask=00ff (pc=018446)
[   8.313] [packet-accepted] total=191 seq=be flags=04 status=13 pc=01845e command=03 arg=22
[   8.330]   [header-byte] write $ffa517 = 13 mask=00ff (pc=018446)
[   8.330] [packet-accepted] total=192 seq=bf flags=04 status=13 pc=01845e command=03 arg=22
[   8.363]   [header-byte] write $ffa517 = 13 mask=00ff (pc=018446)
[   8.363] [packet-accepted] total=193 seq=c0 flags=04 status=13 pc=01845e command=03 arg=22
[   8.380]   [header-byte] write $ffa517 = 13 mask=00ff (pc=018446)
[   8.380] [packet-accepted] total=194 seq=c1 flags=04 status=13 pc=01845e command=03 arg=22
[   8.396]   [header-byte] write $ffa517 = 13 mask=00ff (pc=018446)
[   8.396] [packet-accepted] total=195 seq=c2 flags=04 status=13 pc=01845e command=03 arg=22
[   8.413]   [header-byte] write $ffa517 = 13 mask=00ff (pc=018446)
[   8.413] [packet-accepted] total=196 seq=c3 flags=04 status=13 pc=01845e command=03 arg=22
[   8.430]   [header-byte] write $ffa517 = 13 mask=00ff (pc=018446)
[   8.430] [packet-accepted] total=197 seq=c4 flags=04 status=13 pc=01845e command=03 arg=22
[   8.446]   [header-byte] write $ffa517 = 13 mask=00ff (pc=018446)
[   8.446] [packet-accepted] total=198 seq=c5 flags=04 status=13 pc=01845e command=03 arg=22
[   8.463]   [header-byte] write $ffa517 = 13 mask=00ff (pc=018446)
[   8.463] [packet-accepted] total=199 seq=c6 flags=04 status=13 pc=01845e command=03 arg=22
[   8.482]   [header-byte] write $ffa517 = 13 mask=00ff (pc=018446)
[   8.482] [packet-accepted] total=200 seq=c7 flags=04 status=13 pc=01845e command=03 arg=22
[   8.497]   [header-byte] write $ffa517 = 13 mask=00ff (pc=018446)
[   8.497] [packet-accepted] total=201 seq=c8 flags=04 status=13 pc=01845e command=03 arg=22
[   8.513]   [header-byte] write $ffa517 = 13 mask=00ff (pc=018446)
[   8.513] [packet-accepted] total=202 seq=c9 flags=04 status=13 pc=01845e command=03 arg=22
[   8.530]   [header-byte] write $ffa517 = 13 mask=00ff (pc=018446)
[   8.530] [packet-accepted] total=203 seq=ca flags=04 status=13 pc=01845e command=03 arg=22
[   8.547]   [header-byte] write $ffa517 = 13 mask=00ff (pc=018446)
[   8.547] [packet-accepted] total=204 seq=cb flags=04 status=13 pc=01845e command=03 arg=22
[   8.580]   [header-byte] write $ffa517 = 13 mask=00ff (pc=018446)
[   8.580] [packet-accepted] total=205 seq=cc flags=04 status=13 pc=01845e command=03 arg=22
[   8.580]   [header-byte] write $ffa517 = 13 mask=00ff (pc=018446)
[   8.580] [packet-accepted] total=206 seq=cd flags=04 status=13 pc=01845e command=03 arg=22
[   8.597]   [header-byte] write $ffa517 = 13 mask=00ff (pc=018446)
[   8.597] [packet-accepted] total=207 seq=ce flags=04 status=13 pc=01845e command=03 arg=22
[   8.613]   [header-byte] write $ffa517 = 13 mask=00ff (pc=018446)
[   8.613] [packet-accepted] total=208 seq=cf flags=04 status=13 pc=01845e command=03 arg=22
[   8.632]   [header-byte] write $ffa517 = 13 mask=00ff (pc=018446)
[   8.632] [packet-accepted] total=209 seq=d0 flags=04 status=13 pc=01845e command=03 arg=22
[   8.664]   [header-byte] write $ffa517 = 13 mask=00ff (pc=018446)
[   8.664] [packet-accepted] total=210 seq=d1 flags=04 status=13 pc=01845e command=03 arg=22
[   8.680]   [header-byte] write $ffa517 = 13 mask=00ff (pc=018446)
[   8.680] [packet-accepted] total=211 seq=d2 flags=04 status=13 pc=01845e command=03 arg=22
[   8.697]   [header-byte] write $ffa517 = 13 mask=00ff (pc=018446)
[   8.697] [packet-accepted] total=212 seq=d3 flags=04 status=13 pc=01845e command=03 arg=22
[   8.714]   [header-byte] write $ffa517 = 13 mask=00ff (pc=018446)
[   8.714] [packet-accepted] total=213 seq=d4 flags=04 status=13 pc=01845e command=03 arg=22
[   8.730]   [header-byte] write $ffa517 = 13 mask=00ff (pc=018446)
[   8.730] [packet-accepted] total=214 seq=d5 flags=04 status=13 pc=01845e command=03 arg=22
[   8.747]   [header-byte] write $ffa517 = 13 mask=00ff (pc=018446)
[   8.747] [packet-accepted] total=215 seq=d6 flags=04 status=13 pc=01845e command=03 arg=22
[   8.764]   [header-byte] write $ffa517 = 13 mask=00ff (pc=018446)
[   8.764] [packet-accepted] total=216 seq=d7 flags=04 status=13 pc=01845e command=03 arg=22
[   8.780]   [header-byte] write $ffa517 = 13 mask=00ff (pc=018446)
[   8.780] [packet-accepted] total=217 seq=d8 flags=04 status=13 pc=01845e command=03 arg=22
[   8.797]   [header-byte] write $ffa517 = 13 mask=00ff (pc=018446)
[   8.797] [packet-accepted] total=218 seq=d9 flags=04 status=13 pc=01845e command=03 arg=22
[   8.814]   [header-byte] write $ffa517 = 13 mask=00ff (pc=018446)
[   8.814] [packet-accepted] total=219 seq=da flags=04 status=13 pc=01845e command=03 arg=22
[   8.831]   [header-byte] write $ffa517 = 13 mask=00ff (pc=018446)
[   8.831] [packet-accepted] total=220 seq=db flags=04 status=13 pc=01845e command=03 arg=22
[   8.847]   [header-byte] write $ffa517 = 13 mask=00ff (pc=018446)
[   8.847] [packet-accepted] total=221 seq=dc flags=04 status=13 pc=01845e command=03 arg=22
[   8.864]   [header-byte] write $ffa517 = 13 mask=00ff (pc=018446)
[   8.864] [packet-accepted] total=222 seq=dd flags=04 status=13 pc=01845e command=03 arg=22
[   8.881]   [header-byte] write $ffa517 = 13 mask=00ff (pc=018446)
[   8.881] [packet-accepted] total=223 seq=de flags=04 status=13 pc=01845e command=03 arg=22
[   8.897]   [header-byte] write $ffa517 = 13 mask=00ff (pc=018446)
[   8.897] [packet-accepted] total=224 seq=df flags=04 status=13 pc=01845e command=03 arg=22
[   8.914]   [header-byte] write $ffa517 = 13 mask=00ff (pc=018446)
[   8.914] [packet-accepted] total=225 seq=e0 flags=04 status=13 pc=01845e command=03 arg=22
[   8.931]   [header-byte] write $ffa517 = 13 mask=00ff (pc=018446)
[   8.931] [packet-accepted] total=226 seq=e1 flags=04 status=13 pc=01845e command=03 arg=22
[   8.949]   [header-byte] write $ffa517 = 13 mask=00ff (pc=018446)
[   8.949] [packet-accepted] total=227 seq=e2 flags=04 status=13 pc=01845e command=03 arg=22
[   8.964]   [header-byte] write $ffa517 = 13 mask=00ff (pc=018446)
[   8.964] [packet-accepted] total=228 seq=e3 flags=04 status=13 pc=01845e command=03 arg=22
[   8.981]   [header-byte] write $ffa517 = 13 mask=00ff (pc=018446)
[   8.981] [packet-accepted] total=229 seq=e4 flags=04 status=13 pc=01845e command=03 arg=22
[   8.997]   [header-byte] write $ffa517 = 13 mask=00ff (pc=018446)
[   8.997] [packet-accepted] total=230 seq=e5 flags=04 status=13 pc=01845e command=03 arg=22
[   9.012] heartbeat frame=540 tx=1275 rx=1126 fc=1 fd=10 fe=1 linkflag=81 pc=00028a a502=00 a524=0005 a525=05 a170=08 a17f=00 txtail=00fb rxpend=0000
[   9.012] [transport] captured=1275 flushed=1275 received=1126 accepted=230 payload2=218 payload3=0 payload4=0 payload5=0 pump_reads=733 bursts=259 txcredit=0 outq=0 inq=0 watchdog=0 txseq=04 rxseq=e6 rxcredit=5 protection=00 checks=0000
[   9.012] [epochs] local=1 peer=1 ready=true discarded_rx=0
[   9.012] [tcb-continuations] ffa580=ff80->018392 sleep=0 local26=7710 ffa5c0=ff80->01853c sleep=0 local26=0000 ffd040=ff80->018a40 sleep=0 local26=8300 ffd100=ff80->01fbb4 sleep=0 local26=0000 ffd140=ff80->01fbb6 sleep=0 local26=0002 ffd180=ff80->01fbb6 sleep=0 local26=00a2 ffd1c0=ff80->01fbb6 sleep=0 local26=01c2 ffd200=ff80->01fbb6 sleep=0 local26=02e2 ffd240=ff80->01902e sleep=0 local26=0000 ffd280=ff80->01ffe2 sleep=0 local26=0004 ffd2c0=ff80->020004 sleep=0 local26=0002 ffd300=ff80->020004 sleep=0 local26=0000
[   9.014]   [header-byte] write $ffa517 = 13 mask=00ff (pc=018446)
[   9.014] [packet-accepted] total=231 seq=e6 flags=04 status=13 pc=01845e command=03 arg=22
[   9.031]   [header-byte] write $ffa517 = 13 mask=00ff (pc=018446)
[   9.031] [packet-accepted] total=232 seq=e7 flags=04 status=13 pc=01845e command=03 arg=22
[   9.049]   [header-byte] write $ffa517 = 13 mask=00ff (pc=018446)
[   9.049] [packet-accepted] total=233 seq=e8 flags=04 status=13 pc=01845e command=03 arg=22
[   9.049]   [header-byte] write $ffa517 = 13 mask=00ff (pc=018446)
[   9.049] [packet-accepted] total=234 seq=e9 flags=04 status=13 pc=01845e command=03 arg=22
[   9.081]   [header-byte] write $ffa517 = 13 mask=00ff (pc=018446)
[   9.081] [packet-accepted] total=235 seq=ea flags=04 status=13 pc=01845e command=03 arg=22
[   9.097]   [header-byte] write $ffa517 = 13 mask=00ff (pc=018446)
[   9.097] [packet-accepted] total=236 seq=eb flags=04 status=13 pc=01845e command=03 arg=22
[   9.117]   [header-byte] write $ffa517 = 13 mask=00ff (pc=018446)
[   9.117] [packet-accepted] total=237 seq=ec flags=04 status=13 pc=01845e command=03 arg=22
[   9.131]   [header-byte] write $ffa517 = 13 mask=00ff (pc=018446)
[   9.131] [packet-accepted] total=238 seq=ed flags=04 status=13 pc=01845e command=03 arg=22
[   9.148]   [header-byte] write $ffa517 = 13 mask=00ff (pc=018446)
[   9.148] [packet-accepted] total=239 seq=ee flags=04 status=13 pc=01845e command=03 arg=22
[   9.164]   [header-byte] write $ffa517 = 13 mask=00ff (pc=018446)
[   9.164] [packet-accepted] total=240 seq=ef flags=04 status=13 pc=01845e command=03 arg=22
[   9.181]   [header-byte] write $ffa517 = 13 mask=00ff (pc=018446)
[   9.181] [packet-accepted] total=241 seq=f0 flags=04 status=13 pc=01845e command=03 arg=22
[   9.198]   [header-byte] write $ffa517 = 13 mask=00ff (pc=018446)
[   9.198] [packet-accepted] total=242 seq=f1 flags=04 status=13 pc=01845e command=03 arg=22
[   9.214]   [header-byte] write $ffa517 = 13 mask=00ff (pc=018446)
[   9.214] [packet-accepted] total=243 seq=f2 flags=04 status=13 pc=01845e command=03 arg=22
[   9.231]   [header-byte] write $ffa517 = 13 mask=00ff (pc=018446)
[   9.231] [packet-accepted] total=244 seq=f3 flags=04 status=13 pc=01845e command=03 arg=22
[   9.248]   [header-byte] write $ffa517 = 13 mask=00ff (pc=018446)
[   9.248] [packet-accepted] total=245 seq=f4 flags=04 status=13 pc=01845e command=03 arg=22
[   9.265]   [header-byte] write $ffa517 = 13 mask=00ff (pc=018446)
[   9.265] [packet-accepted] total=246 seq=f5 flags=04 status=13 pc=01845e command=03 arg=22
[   9.281]   [header-byte] write $ffa517 = 13 mask=00ff (pc=018446)
[   9.281] [packet-accepted] total=247 seq=f6 flags=04 status=13 pc=01845e command=03 arg=22
[   9.315]   [header-byte] write $ffa517 = 13 mask=00ff (pc=018446)
[   9.315] [packet-accepted] total=248 seq=f7 flags=04 status=13 pc=01845e command=03 arg=22
[   9.331]   [header-byte] write $ffa517 = 13 mask=00ff (pc=018446)
[   9.331] [packet-accepted] total=249 seq=f8 flags=04 status=13 pc=01845e command=03 arg=22
[   9.348]   [header-byte] write $ffa517 = 13 mask=00ff (pc=018446)
[   9.348] [packet-accepted] total=250 seq=f9 flags=04 status=13 pc=01845e command=03 arg=22
[   9.365]   [header-byte] write $ffa517 = 13 mask=00ff (pc=018446)
[   9.365] [packet-accepted] total=251 seq=fa flags=04 status=13 pc=01845e command=03 arg=22
[   9.381]   [header-byte] write $ffa517 = 13 mask=00ff (pc=018446)
[   9.381] [packet-accepted] total=252 seq=fb flags=04 status=13 pc=01845e command=03 arg=22
[   9.398]   [header-byte] write $ffa517 = 13 mask=00ff (pc=018446)
[   9.398] [packet-accepted] total=253 seq=fc flags=04 status=13 pc=01845e command=03 arg=22
[   9.416]   [header-byte] write $ffa517 = 13 mask=00ff (pc=018446)
[   9.416] [packet-accepted] total=254 seq=fd flags=04 status=13 pc=01845e command=03 arg=22
[   9.431]   [header-byte] write $ffa517 = 13 mask=00ff (pc=018446)
[   9.431] [packet-accepted] total=255 seq=fe flags=04 status=13 pc=01845e command=03 arg=22
[   9.448]   [header-byte] write $ffa517 = 13 mask=00ff (pc=018446)
[   9.448] [packet-accepted] total=256 seq=ff flags=04 status=13 pc=01845e command=03 arg=22
[   9.465]   [header-byte] write $ffa517 = 13 mask=00ff (pc=018446)
[   9.465] [packet-accepted] total=257 seq=00 flags=04 status=13 pc=01845e command=03 arg=22
[   9.481]   [header-byte] write $ffa517 = 13 mask=00ff (pc=018446)
[   9.481] [packet-accepted] total=258 seq=01 flags=04 status=13 pc=01845e command=03 arg=22
[   9.498]   [header-byte] write $ffa517 = 13 mask=00ff (pc=018446)
[   9.498] [packet-accepted] total=259 seq=02 flags=04 status=13 pc=01845e command=03 arg=22
[   9.515]   [header-byte] write $ffa517 = 13 mask=00ff (pc=018446)
[   9.515] [packet-accepted] total=260 seq=03 flags=04 status=13 pc=01845e command=03 arg=22
[   9.531]   [header-byte] write $ffa517 = 13 mask=00ff (pc=018446)
[   9.531] [packet-accepted] total=261 seq=04 flags=04 status=13 pc=01845e command=03 arg=22
[   9.548]   [header-byte] write $ffa517 = 13 mask=00ff (pc=018446)
[   9.548] [packet-accepted] total=262 seq=05 flags=04 status=13 pc=01845e command=03 arg=22
[   9.565]   [header-byte] write $ffa517 = 13 mask=00ff (pc=018446)
[   9.565] [packet-accepted] total=263 seq=06 flags=04 status=13 pc=01845e command=03 arg=22
[   9.583]   [header-byte] write $ffa517 = 13 mask=00ff (pc=018446)
[   9.583] [packet-accepted] total=264 seq=07 flags=04 status=13 pc=01845e command=03 arg=22
[   9.615]   [header-byte] write $ffa517 = 13 mask=00ff (pc=018446)
[   9.615] [packet-accepted] total=265 seq=08 flags=04 status=13 pc=01845e command=03 arg=22
[   9.615]   [header-byte] write $ffa517 = 13 mask=00ff (pc=018446)
[   9.615] [packet-accepted] total=266 seq=09 flags=04 status=13 pc=01845e command=03 arg=22
[   9.631]   [header-byte] write $ffa517 = 13 mask=00ff (pc=018446)
[   9.631] [packet-accepted] total=267 seq=0a flags=04 status=13 pc=01845e command=03 arg=22
[   9.648]   [header-byte] write $ffa517 = 13 mask=00ff (pc=018446)
[   9.648] [packet-accepted] total=268 seq=0b flags=04 status=13 pc=01845e command=03 arg=22
[   9.681]   [header-byte] write $ffa517 = 13 mask=00ff (pc=018446)
[   9.681] [packet-accepted] total=269 seq=0c flags=04 status=13 pc=01845e command=03 arg=22
[   9.698]   [header-byte] write $ffa517 = 13 mask=00ff (pc=018446)
[   9.698] [packet-accepted] total=270 seq=0d flags=04 status=13 pc=01845e command=03 arg=22
[   9.715]   [header-byte] write $ffa517 = 13 mask=00ff (pc=018446)
[   9.715] [packet-accepted] total=271 seq=0e flags=04 status=13 pc=01845e command=03 arg=22
[   9.731]   [header-byte] write $ffa517 = 13 mask=00ff (pc=018446)
[   9.732] [packet-accepted] total=272 seq=0f flags=04 status=13 pc=01845e command=03 arg=22
[   9.748]   [header-byte] write $ffa517 = 13 mask=00ff (pc=018446)
[   9.748] [packet-accepted] total=273 seq=10 flags=04 status=13 pc=01845e command=03 arg=22
[   9.765]   [header-byte] write $ffa517 = 13 mask=00ff (pc=018446)
[   9.765] [packet-accepted] total=274 seq=11 flags=04 status=13 pc=01845e command=03 arg=22
[   9.781]   [header-byte] write $ffa517 = 13 mask=00ff (pc=018446)
[   9.781] [packet-accepted] total=275 seq=12 flags=04 status=13 pc=01845e command=03 arg=22
[   9.798]   [header-byte] write $ffa517 = 13 mask=00ff (pc=018446)
[   9.798] [packet-accepted] total=276 seq=13 flags=04 status=13 pc=01845e command=03 arg=22
[   9.815]   [header-byte] write $ffa517 = 13 mask=00ff (pc=018446)
[   9.815] [packet-accepted] total=277 seq=14 flags=04 status=13 pc=01845e command=03 arg=22
[   9.831]   [header-byte] write $ffa517 = 13 mask=00ff (pc=018446)
[   9.831] [packet-accepted] total=278 seq=15 flags=04 status=13 pc=01845e command=03 arg=22
[   9.848]   [header-byte] write $ffa517 = 13 mask=00ff (pc=018446)
[   9.848] [packet-accepted] total=279 seq=16 flags=04 status=13 pc=01845e command=03 arg=22
[   9.865]   [header-byte] write $ffa517 = 13 mask=00ff (pc=018446)
[   9.865] [packet-accepted] total=280 seq=17 flags=04 status=13 pc=01845e command=03 arg=22
[   9.881]   [header-byte] write $ffa517 = 13 mask=00ff (pc=018446)
[   9.881] [packet-accepted] total=281 seq=18 flags=04 status=13 pc=01845e command=03 arg=22
[   9.900]   [header-byte] write $ffa517 = 13 mask=00ff (pc=018446)
[   9.900] [packet-accepted] total=282 seq=19 flags=04 status=13 pc=01845e command=03 arg=22
[   9.915]   [header-byte] write $ffa517 = 13 mask=00ff (pc=018446)
[   9.915] [packet-accepted] total=283 seq=1a flags=04 status=13 pc=01845e command=03 arg=22
[   9.932]   [header-byte] write $ffa517 = 13 mask=00ff (pc=018446)
[   9.932] [packet-accepted] total=284 seq=1b flags=04 status=13 pc=01845e command=03 arg=22
[   9.948]   [header-byte] write $ffa517 = 13 mask=00ff (pc=018446)
[   9.948] [packet-accepted] total=285 seq=1c flags=04 status=13 pc=01845e command=03 arg=22
[   9.982]   [header-byte] write $ffa517 = 13 mask=00ff (pc=018446)
[   9.982] [packet-accepted] total=286 seq=1d flags=04 status=13 pc=01845e command=03 arg=22
[   9.999]   [header-byte] write $ffa517 = 13 mask=00ff (pc=018446)
[   9.999] [packet-accepted] total=287 seq=1e flags=04 status=13 pc=01845e command=03 arg=22
[  10.013] heartbeat frame=600 tx=1575 rx=1411 fc=1 fd=10 fe=1 linkflag=81 pc=000288 a502=00 a524=0005 a525=05 a170=08 a17f=00 txtail=0027 rxpend=0000
[  10.013] [transport] captured=1575 flushed=1575 received=1411 accepted=287 payload2=275 payload3=0 payload4=0 payload5=0 pump_reads=848 bursts=319 txcredit=0 outq=0 inq=0 watchdog=0 txseq=40 rxseq=1f rxcredit=5 protection=00 checks=0000
[  10.013] [epochs] local=1 peer=1 ready=true discarded_rx=0
[  10.013] [tcb-continuations] ffa580=ff80->018392 sleep=0 local26=7710 ffa5c0=ff80->01853c sleep=0 local26=0000 ffd040=ff80->018a40 sleep=0 local26=8300 ffd100=ff80->01fbb4 sleep=0 local26=0000 ffd140=ff80->01fbb6 sleep=0 local26=0002 ffd180=ff80->01fbb6 sleep=0 local26=00a2 ffd1c0=ff80->01fbb6 sleep=0 local26=01c2 ffd200=ff80->01fbb6 sleep=0 local26=02e2 ffd240=ff80->01902e sleep=0 local26=0000 ffd280=ff80->01ffe2 sleep=0 local26=0003 ffd2c0=ff80->020004 sleep=0 local26=0002 ffd300=ff80->020004 sleep=0 local26=0000
[  10.015]   [header-byte] write $ffa517 = 13 mask=00ff (pc=018446)
[  10.015] [packet-accepted] total=288 seq=1f flags=04 status=13 pc=01845e command=03 arg=22
[  10.032]   [header-byte] write $ffa517 = 13 mask=00ff (pc=018446)
[  10.032] [packet-accepted] total=289 seq=20 flags=04 status=13 pc=01845e command=03 arg=22
[  10.032]   [header-byte] write $ffa517 = 13 mask=00ff (pc=018446)
[  10.032] [packet-accepted] total=290 seq=21 flags=04 status=13 pc=01845e command=03 arg=22
[  10.032]   [header-byte] write $ffa517 = 13 mask=00ff (pc=018446)
[  10.032] [packet-accepted] total=291 seq=22 flags=04 status=13 pc=01845e command=03 arg=22
[  10.050]   [header-byte] write $ffa517 = 13 mask=00ff (pc=018446)
[  10.050] [packet-accepted] total=292 seq=23 flags=04 status=13 pc=01845e command=03 arg=22
[  10.065]   [header-byte] write $ffa517 = 13 mask=00ff (pc=018446)
[  10.065] [packet-accepted] total=293 seq=24 flags=04 status=13 pc=01845e command=03 arg=22
[  10.082]   [header-byte] write $ffa517 = 13 mask=00ff (pc=018446)
[  10.082] [packet-accepted] total=294 seq=25 flags=04 status=13 pc=01845e command=03 arg=22
[  10.099]   [header-byte] write $ffa517 = 13 mask=00ff (pc=018446)
[  10.099] [packet-accepted] total=295 seq=26 flags=04 status=13 pc=01845e command=03 arg=22
[  10.115]   [header-byte] write $ffa517 = 13 mask=00ff (pc=018446)
[  10.115] [packet-accepted] total=296 seq=27 flags=04 status=13 pc=01845e command=03 arg=22
[  10.132]   [header-byte] write $ffa517 = 13 mask=00ff (pc=018446)
[  10.132] [packet-accepted] total=297 seq=28 flags=04 status=13 pc=01845e command=03 arg=22
[  10.149]   [header-byte] write $ffa517 = 13 mask=00ff (pc=018446)
[  10.149] [packet-accepted] total=298 seq=29 flags=04 status=13 pc=01845e command=03 arg=22
[  10.165]   [header-byte] write $ffa517 = 13 mask=00ff (pc=018446)
[  10.165] [packet-accepted] total=299 seq=2a flags=04 status=13 pc=01845e command=03 arg=22
[  10.182]   [header-byte] write $ffa517 = 13 mask=00ff (pc=018446)
[  10.182] [packet-accepted] total=300 seq=2b flags=04 status=13 pc=01845e command=03 arg=22
[  10.199]   [header-byte] write $ffa517 = 13 mask=00ff (pc=018446)
[  10.199] [packet-accepted] total=301 seq=2c flags=04 status=13 pc=01845e command=03 arg=22
[  10.216]   [header-byte] write $ffa517 = 13 mask=00ff (pc=018446)
[  10.216] [packet-accepted] total=302 seq=2d flags=04 status=13 pc=01845e command=03 arg=22
[  10.232]   [header-byte] write $ffa517 = 13 mask=00ff (pc=018446)
[  10.232] [packet-accepted] total=303 seq=2e flags=04 status=13 pc=01845e command=03 arg=22
[  10.249]   [header-byte] write $ffa517 = 13 mask=00ff (pc=018446)
[  10.249] [packet-accepted] total=304 seq=2f flags=04 status=13 pc=01845e command=03 arg=22
[  10.265]   [header-byte] write $ffa517 = 13 mask=00ff (pc=018446)
[  10.265] [packet-accepted] total=305 seq=30 flags=04 status=13 pc=01845e command=03 arg=22
[  10.282]   [header-byte] write $ffa517 = 13 mask=00ff (pc=018446)
[  10.282] [packet-accepted] total=306 seq=31 flags=04 status=13 pc=01845e command=03 arg=22
[  10.315]   [header-byte] write $ffa517 = 13 mask=00ff (pc=018446)
[  10.315] [packet-accepted] total=307 seq=32 flags=04 status=13 pc=01845e command=03 arg=22
[  10.316]   [header-byte] write $ffa517 = 13 mask=00ff (pc=018446)
[  10.316] [packet-accepted] total=308 seq=33 flags=04 status=13 pc=01845e command=03 arg=22
[  10.349]   [header-byte] write $ffa517 = 13 mask=00ff (pc=018446)
[  10.349] [packet-accepted] total=309 seq=34 flags=04 status=13 pc=01845e command=03 arg=22
[  10.367]   [header-byte] write $ffa517 = 13 mask=00ff (pc=018446)
[  10.367] [packet-accepted] total=310 seq=35 flags=04 status=13 pc=01845e command=03 arg=22
[  10.382]   [header-byte] write $ffa517 = 13 mask=00ff (pc=018446)
[  10.382] [packet-accepted] total=311 seq=36 flags=04 status=13 pc=01845e command=03 arg=22
[  10.382]   [header-byte] write $ffa517 = 13 mask=00ff (pc=018446)
[  10.382] [packet-accepted] total=312 seq=37 flags=04 status=13 pc=01845e command=03 arg=22
[  10.416]   [header-byte] write $ffa517 = 13 mask=00ff (pc=018446)
[  10.416] [packet-accepted] total=313 seq=38 flags=04 status=13 pc=01845e command=03 arg=22
[  10.416]   [header-byte] write $ffa517 = 13 mask=00ff (pc=018446)
[  10.416] [packet-accepted] total=314 seq=39 flags=04 status=13 pc=01845e command=03 arg=22
[  10.432]   [header-byte] write $ffa517 = 13 mask=00ff (pc=018446)
[  10.432] [packet-accepted] total=315 seq=3a flags=04 status=13 pc=01845e command=03 arg=22
[  10.449]   [header-byte] write $ffa517 = 13 mask=00ff (pc=018446)
[  10.449] [packet-accepted] total=316 seq=3b flags=04 status=13 pc=01845e command=03 arg=22
[  10.482]   [header-byte] write $ffa517 = 13 mask=00ff (pc=018446)
[  10.483] [packet-accepted] total=317 seq=3c flags=04 status=13 pc=01845e command=03 arg=22
[  10.483]   [header-byte] write $ffa517 = 13 mask=00ff (pc=018446)
[  10.483] [packet-accepted] total=318 seq=3d flags=04 status=13 pc=01845e command=03 arg=22
[  10.499]   [header-byte] write $ffa517 = 13 mask=00ff (pc=018446)
[  10.499] [packet-accepted] total=319 seq=3e flags=04 status=13 pc=01845e command=03 arg=22
[  10.516]   [header-byte] write $ffa517 = 13 mask=00ff (pc=018446)
[  10.516] [packet-accepted] total=320 seq=3f flags=04 status=13 pc=01845e command=03 arg=22
[  10.534]   [header-byte] write $ffa517 = 13 mask=00ff (pc=018446)
[  10.534] [packet-accepted] total=321 seq=40 flags=04 status=13 pc=01845e command=03 arg=22
[  10.551]   [header-byte] write $ffa517 = 13 mask=00ff (pc=018446)
[  10.551] [packet-accepted] total=322 seq=41 flags=04 status=13 pc=01845e command=03 arg=22
[  10.599]   [header-byte] write $ffa517 = 13 mask=00ff (pc=018446)
[  10.599] [packet-accepted] total=323 seq=42 flags=04 status=13 pc=01845e command=03 arg=22
[  10.616]   [header-byte] write $ffa517 = 13 mask=00ff (pc=018446)
[  10.616] [packet-accepted] total=324 seq=43 flags=04 status=13 pc=01845e command=03 arg=22
[  10.633]   [header-byte] write $ffa517 = 13 mask=00ff (pc=018446)
[  10.633] [packet-accepted] total=325 seq=44 flags=04 status=13 pc=01845e command=03 arg=22
[  10.649]   [header-byte] write $ffa517 = 13 mask=00ff (pc=018446)
[  10.649] [packet-accepted] total=326 seq=45 flags=04 status=13 pc=01845e command=03 arg=22
[  10.650]   [header-byte] write $ffa517 = 13 mask=00ff (pc=018446)
[  10.650] [packet-accepted] total=327 seq=46 flags=04 status=13 pc=01845e command=03 arg=22
[  10.666]   [header-byte] write $ffa517 = 13 mask=00ff (pc=018446)
[  10.666] [packet-accepted] total=328 seq=47 flags=04 status=13 pc=01845e command=03 arg=22
[  10.683]   [header-byte] write $ffa517 = 13 mask=00ff (pc=018446)
[  10.683] [packet-accepted] total=329 seq=48 flags=04 status=13 pc=01845e command=03 arg=22
[  10.699]   [header-byte] write $ffa517 = 13 mask=00ff (pc=018446)
[  10.699] [packet-accepted] total=330 seq=49 flags=04 status=13 pc=01845e command=03 arg=22
[  10.699]   [header-byte] write $ffa517 = 13 mask=00ff (pc=018446)
[  10.699] [packet-accepted] total=331 seq=4a flags=04 status=13 pc=01845e command=03 arg=22
[  10.716]   [header-byte] write $ffa517 = 13 mask=00ff (pc=018446)
[  10.716] [packet-accepted] total=332 seq=4b flags=04 status=13 pc=01845e command=03 arg=22
[  10.733]   [header-byte] write $ffa517 = 13 mask=00ff (pc=018446)
[  10.733] [packet-accepted] total=333 seq=4c flags=04 status=13 pc=01845e command=03 arg=22
[  10.749]   [header-byte] write $ffa517 = 13 mask=00ff (pc=018446)
[  10.749] [packet-accepted] total=334 seq=4d flags=04 status=13 pc=01845e command=03 arg=22
[  10.766]   [header-byte] write $ffa517 = 13 mask=00ff (pc=018446)
[  10.766] [packet-accepted] total=335 seq=4e flags=04 status=13 pc=01845e command=03 arg=22
[  10.783]   [header-byte] write $ffa517 = 13 mask=00ff (pc=018446)
[  10.783] [packet-accepted] total=336 seq=4f flags=04 status=13 pc=01845e command=03 arg=22
[  10.800]   [header-byte] write $ffa517 = 13 mask=00ff (pc=018446)
[  10.800] [packet-accepted] total=337 seq=50 flags=04 status=13 pc=01845e command=03 arg=22
[  10.833]   [header-byte] write $ffa517 = 13 mask=00ff (pc=018446)
[  10.833] [packet-accepted] total=338 seq=51 flags=04 status=13 pc=01845e command=03 arg=22
[  10.851]   [header-byte] write $ffa517 = 13 mask=00ff (pc=018446)
[  10.851] [packet-accepted] total=339 seq=52 flags=04 status=13 pc=01845e command=03 arg=22
[  10.866]   [header-byte] write $ffa517 = 13 mask=00ff (pc=018446)
[  10.866] [packet-accepted] total=340 seq=53 flags=04 status=13 pc=01845e command=03 arg=22
[  10.866]   [header-byte] write $ffa517 = 13 mask=00ff (pc=018446)
[  10.866] [packet-accepted] total=341 seq=54 flags=04 status=13 pc=01845e command=03 arg=22
[  10.900]   [header-byte] write $ffa517 = 13 mask=00ff (pc=018446)
[  10.900] [packet-accepted] total=342 seq=55 flags=04 status=13 pc=01845e command=03 arg=22
[  10.916]   [header-byte] write $ffa517 = 13 mask=00ff (pc=018446)
[  10.916] [packet-accepted] total=343 seq=56 flags=04 status=13 pc=01845e command=03 arg=22
[  10.933]   [header-byte] write $ffa517 = 13 mask=00ff (pc=018446)
[  10.933] [packet-accepted] total=344 seq=57 flags=04 status=13 pc=01845e command=03 arg=22
[  10.950]   [header-byte] write $ffa517 = 13 mask=00ff (pc=018446)
[  10.950] [packet-accepted] total=345 seq=58 flags=04 status=13 pc=01845e command=03 arg=22
[  10.966]   [header-byte] write $ffa517 = 13 mask=00ff (pc=018446)
[  10.966] [packet-accepted] total=346 seq=59 flags=04 status=13 pc=01845e command=03 arg=22
[  10.983]   [header-byte] write $ffa517 = 13 mask=00ff (pc=018446)
[  10.983] [packet-accepted] total=347 seq=5a flags=04 status=13 pc=01845e command=03 arg=22
[  11.003]   [header-byte] write $ffa517 = 13 mask=00ff (pc=018446)
[  11.003] [packet-accepted] total=348 seq=5b flags=04 status=13 pc=01845e command=03 arg=22
[  11.014] heartbeat frame=660 tx=1875 rx=1716 fc=1 fd=10 fe=1 linkflag=81 pc=000288 a502=00 a524=0005 a525=05 a170=08 a17f=00 txtail=0053 rxpend=0000
[  11.014] [transport] captured=1875 flushed=1875 received=1716 accepted=348 payload2=336 payload3=0 payload4=0 payload5=0 pump_reads=960 bursts=379 txcredit=0 outq=0 inq=0 watchdog=0 txseq=7c rxseq=5c rxcredit=5 protection=00 checks=0000
[  11.014] [epochs] local=1 peer=1 ready=true discarded_rx=0
[  11.014] [tcb-continuations] ffa580=ff80->018392 sleep=0 local26=7710 ffa5c0=ff80->01853c sleep=0 local26=0000 ffd040=ff80->018a40 sleep=0 local26=8300 ffd100=ff80->01fbb4 sleep=0 local26=0000 ffd140=ff80->01fbb6 sleep=0 local26=0002 ffd180=ff80->01fbb6 sleep=0 local26=00a2 ffd1c0=ff80->01fbb6 sleep=0 local26=01c2 ffd200=ff80->01fbb6 sleep=0 local26=02e2 ffd240=ff80->01902e sleep=0 local26=0000 ffd280=ff80->01ffe2 sleep=0 local26=0001 ffd2c0=ff80->020004 sleep=0 local26=0002 ffd300=ff80->020004 sleep=0 local26=0000
[  11.017]   [header-byte] write $ffa517 = 13 mask=00ff (pc=018446)
[  11.017] [packet-accepted] total=349 seq=5c flags=04 status=13 pc=01845e command=03 arg=22
[  11.033]   [header-byte] write $ffa517 = 13 mask=00ff (pc=018446)
[  11.033] [packet-accepted] total=350 seq=5d flags=04 status=13 pc=01845e command=03 arg=22
[  11.050]   [header-byte] write $ffa517 = 13 mask=00ff (pc=018446)
[  11.050] [packet-accepted] total=351 seq=5e flags=04 status=13 pc=01845e command=03 arg=22
[  11.067]   [header-byte] write $ffa517 = 13 mask=00ff (pc=018446)
[  11.067] [packet-accepted] total=352 seq=5f flags=04 status=13 pc=01845e command=03 arg=22
[  11.084]   [header-byte] write $ffa517 = 13 mask=00ff (pc=018446)
[  11.084] [packet-accepted] total=353 seq=60 flags=04 status=13 pc=01845e command=03 arg=22
[  11.100]   [header-byte] write $ffa517 = 13 mask=00ff (pc=018446)
[  11.100] [packet-accepted] total=354 seq=61 flags=04 status=13 pc=01845e command=03 arg=22
[  11.117]   [header-byte] write $ffa517 = 13 mask=00ff (pc=018446)
[  11.117] [packet-accepted] total=355 seq=62 flags=04 status=13 pc=01845e command=03 arg=22
[  11.134]   [header-byte] write $ffa517 = 13 mask=00ff (pc=018446)
[  11.134] [packet-accepted] total=356 seq=63 flags=04 status=13 pc=01845e command=03 arg=22
[  11.150]   [header-byte] write $ffa517 = 13 mask=00ff (pc=018446)
[  11.150] [packet-accepted] total=357 seq=64 flags=04 status=13 pc=01845e command=03 arg=22
[  11.167]   [header-byte] write $ffa517 = 13 mask=00ff (pc=018446)
[  11.167] [packet-accepted] total=358 seq=65 flags=04 status=13 pc=01845e command=03 arg=22
[  11.184]   [header-byte] write $ffa517 = 13 mask=00ff (pc=018446)
[  11.184] [packet-accepted] total=359 seq=66 flags=04 status=13 pc=01845e command=03 arg=22
[  11.200]   [header-byte] write $ffa517 = 13 mask=00ff (pc=018446)
[  11.200] [packet-accepted] total=360 seq=67 flags=04 status=13 pc=01845e command=03 arg=22
[  11.217]   [header-byte] write $ffa517 = 13 mask=00ff (pc=018446)
[  11.217] [packet-accepted] total=361 seq=68 flags=04 status=13 pc=01845e command=03 arg=22
[  11.234]   [header-byte] write $ffa517 = 13 mask=00ff (pc=018446)
[  11.234] [packet-accepted] total=362 seq=69 flags=04 status=13 pc=01845e command=03 arg=22
[  11.250]   [header-byte] write $ffa517 = 13 mask=00ff (pc=018446)
[  11.250] [packet-accepted] total=363 seq=6a flags=04 status=13 pc=01845e command=03 arg=22
[  11.267]   [header-byte] write $ffa517 = 13 mask=00ff (pc=018446)
[  11.267] [packet-accepted] total=364 seq=6b flags=04 status=13 pc=01845e command=03 arg=22
[  11.284]   [header-byte] write $ffa517 = 13 mask=00ff (pc=018446)
[  11.284] [packet-accepted] total=365 seq=6c flags=04 status=13 pc=01845e command=03 arg=22
[  11.300]   [header-byte] write $ffa517 = 13 mask=00ff (pc=018446)
[  11.300] [packet-accepted] total=366 seq=6d flags=04 status=13 pc=01845e command=03 arg=22
[  11.318]   [header-byte] write $ffa517 = 13 mask=00ff (pc=018446)
[  11.318] [packet-accepted] total=367 seq=6e flags=04 status=13 pc=01845e command=03 arg=22
[  11.334]   [header-byte] write $ffa517 = 13 mask=00ff (pc=018446)
[  11.334] [packet-accepted] total=368 seq=6f flags=04 status=13 pc=01845e command=03 arg=22
[  11.334]   [header-byte] write $ffa517 = 13 mask=00ff (pc=018446)
[  11.334] [packet-accepted] total=369 seq=70 flags=04 status=13 pc=01845e command=03 arg=22
[  11.367]   [header-byte] write $ffa517 = 13 mask=00ff (pc=018446)
[  11.367] [packet-accepted] total=370 seq=71 flags=04 status=13 pc=01845e command=03 arg=22
[  11.367]   [header-byte] write $ffa517 = 13 mask=00ff (pc=018446)
[  11.367] [packet-accepted] total=371 seq=72 flags=04 status=13 pc=01845e command=03 arg=22
[  11.401]   [header-byte] write $ffa517 = 13 mask=00ff (pc=018446)
[  11.401] [packet-accepted] total=372 seq=73 flags=04 status=13 pc=01845e command=03 arg=22
[  11.417]   [header-byte] write $ffa517 = 13 mask=00ff (pc=018446)
[  11.417] [packet-accepted] total=373 seq=74 flags=04 status=13 pc=01845e command=03 arg=22
[  11.434]   [header-byte] write $ffa517 = 13 mask=00ff (pc=018446)
[  11.434] [packet-accepted] total=374 seq=75 flags=04 status=13 pc=01845e command=03 arg=22
[  11.451]   [header-byte] write $ffa517 = 13 mask=00ff (pc=018446)
[  11.451] [packet-accepted] total=375 seq=76 flags=04 status=13 pc=01845e command=03 arg=22
[  11.467]   [header-byte] write $ffa517 = 13 mask=00ff (pc=018446)
[  11.467] [packet-accepted] total=376 seq=77 flags=04 status=13 pc=01845e command=03 arg=22
[  11.484]   [header-byte] write $ffa517 = 13 mask=00ff (pc=018446)
[  11.484] [packet-accepted] total=377 seq=78 flags=04 status=13 pc=01845e command=03 arg=22
[  11.500]   [header-byte] write $ffa517 = 13 mask=00ff (pc=018446)
[  11.500] [packet-accepted] total=378 seq=79 flags=04 status=13 pc=01845e command=03 arg=22
[  11.517]   [header-byte] write $ffa517 = 13 mask=00ff (pc=018446)
[  11.517] [packet-accepted] total=379 seq=7a flags=04 status=13 pc=01845e command=03 arg=22
[  11.534]   [header-byte] write $ffa517 = 13 mask=00ff (pc=018446)
[  11.534] [packet-accepted] total=380 seq=7b flags=04 status=13 pc=01845e command=03 arg=22
[  11.550]   [header-byte] write $ffa517 = 13 mask=00ff (pc=018446)
[  11.550] [packet-accepted] total=381 seq=7c flags=04 status=13 pc=01845e command=03 arg=22
[  11.567]   [header-byte] write $ffa517 = 13 mask=00ff (pc=018446)
[  11.567] [packet-accepted] total=382 seq=7d flags=04 status=13 pc=01845e command=03 arg=22
[  11.584]   [header-byte] write $ffa517 = 13 mask=00ff (pc=018446)
[  11.584] [packet-accepted] total=383 seq=7e flags=04 status=13 pc=01845e command=03 arg=22
[  11.600]   [header-byte] write $ffa517 = 13 mask=00ff (pc=018446)
[  11.600] [packet-accepted] total=384 seq=7f flags=04 status=13 pc=01845e command=03 arg=22
[  11.617]   [header-byte] write $ffa517 = 13 mask=00ff (pc=018446)
[  11.617] [packet-accepted] total=385 seq=80 flags=04 status=13 pc=01845e command=03 arg=22
[  11.634]   [header-byte] write $ffa517 = 13 mask=00ff (pc=018446)
[  11.634] [packet-accepted] total=386 seq=81 flags=04 status=13 pc=01845e command=03 arg=22
[  11.650]   [header-byte] write $ffa517 = 13 mask=00ff (pc=018446)
[  11.650] [packet-accepted] total=387 seq=82 flags=04 status=13 pc=01845e command=03 arg=22
[  11.667]   [header-byte] write $ffa517 = 13 mask=00ff (pc=018446)
[  11.667] [packet-accepted] total=388 seq=83 flags=04 status=13 pc=01845e command=03 arg=22
[  11.684]   [header-byte] write $ffa517 = 13 mask=00ff (pc=018446)
[  11.684] [packet-accepted] total=389 seq=84 flags=04 status=13 pc=01845e command=03 arg=22
[  11.700]   [header-byte] write $ffa517 = 13 mask=00ff (pc=018446)
[  11.700] [packet-accepted] total=390 seq=85 flags=04 status=13 pc=01845e command=03 arg=22
[  11.717]   [header-byte] write $ffa517 = 13 mask=00ff (pc=018446)
[  11.717] [packet-accepted] total=391 seq=86 flags=04 status=13 pc=01845e command=03 arg=22
[  11.734]   [header-byte] write $ffa517 = 13 mask=00ff (pc=018446)
[  11.734] [packet-accepted] total=392 seq=87 flags=04 status=13 pc=01845e command=03 arg=22
[  11.750]   [header-byte] write $ffa517 = 13 mask=00ff (pc=018446)
[  11.750] [packet-accepted] total=393 seq=88 flags=04 status=13 pc=01845e command=03 arg=22
[  11.767]   [header-byte] write $ffa517 = 13 mask=00ff (pc=018446)
[  11.767] [packet-accepted] total=394 seq=89 flags=04 status=13 pc=01845e command=03 arg=22
[  11.784]   [header-byte] write $ffa517 = 13 mask=00ff (pc=018446)
[  11.784] [packet-accepted] total=395 seq=8a flags=04 status=13 pc=01845e command=03 arg=22
[  11.801]   [header-byte] write $ffa517 = 13 mask=00ff (pc=018446)
[  11.801] [packet-accepted] total=396 seq=8b flags=04 status=13 pc=01845e command=03 arg=22
[  11.817]   [header-byte] write $ffa517 = 13 mask=00ff (pc=018446)
[  11.817] [packet-accepted] total=397 seq=8c flags=04 status=13 pc=01845e command=03 arg=22
[  11.834]   [header-byte] write $ffa517 = 13 mask=00ff (pc=018446)
[  11.834] [packet-accepted] total=398 seq=8d flags=04 status=13 pc=01845e command=03 arg=22
[  11.851]   [header-byte] write $ffa517 = 13 mask=00ff (pc=018446)
[  11.851] [packet-accepted] total=399 seq=8e flags=04 status=13 pc=01845e command=03 arg=22
[  11.867]   [header-byte] write $ffa517 = 13 mask=00ff (pc=018446)
[  11.867] [packet-accepted] total=400 seq=8f flags=04 status=13 pc=01845e command=03 arg=22
[  11.884]   [header-byte] write $ffa517 = 13 mask=00ff (pc=018446)
[  11.884] [packet-accepted] total=401 seq=90 flags=04 status=13 pc=01845e command=03 arg=22
[  11.901]   [header-byte] write $ffa517 = 13 mask=00ff (pc=018446)
[  11.901] [packet-accepted] total=402 seq=91 flags=04 status=13 pc=01845e command=03 arg=22
[  11.917]   [header-byte] write $ffa517 = 13 mask=00ff (pc=018446)
[  11.917] [packet-accepted] total=403 seq=92 flags=04 status=13 pc=01845e command=03 arg=22
[  11.934]   [header-byte] write $ffa517 = 13 mask=00ff (pc=018446)
[  11.934] [packet-accepted] total=404 seq=93 flags=04 status=13 pc=01845e command=03 arg=22
[  11.952]   [header-byte] write $ffa517 = 13 mask=00ff (pc=018446)
[  11.952] [packet-accepted] total=405 seq=94 flags=04 status=13 pc=01845e command=03 arg=22
[  11.968]   [header-byte] write $ffa517 = 13 mask=00ff (pc=018446)
[  11.968] [packet-accepted] total=406 seq=95 flags=04 status=13 pc=01845e command=03 arg=22
[  11.984]   [header-byte] write $ffa517 = 13 mask=00ff (pc=018446)
[  11.984] [packet-accepted] total=407 seq=96 flags=04 status=13 pc=01845e command=03 arg=22
[  12.001]   [header-byte] write $ffa517 = 13 mask=00ff (pc=018446)
[  12.001] [packet-accepted] total=408 seq=97 flags=04 status=13 pc=01845e command=03 arg=22
[  12.015] heartbeat frame=720 tx=2175 rx=2016 fc=1 fd=10 fe=1 linkflag=81 pc=00028a a502=00 a524=0005 a525=05 a170=08 a17f=00 txtail=007f rxpend=0000
[  12.015] [transport] captured=2175 flushed=2175 received=2016 accepted=408 payload2=396 payload3=0 payload4=0 payload5=0 pump_reads=1078 bursts=439 txcredit=0 outq=0 inq=0 watchdog=0 txseq=b8 rxseq=98 rxcredit=5 protection=00 checks=0000
[  12.015] [epochs] local=1 peer=1 ready=true discarded_rx=0
[  12.015] [tcb-continuations] ffa580=ff80->018392 sleep=0 local26=7710 ffa5c0=ff80->01853c sleep=0 local26=0000 ffd040=ff80->018a40 sleep=0 local26=8300 ffd100=ff80->01fbb4 sleep=0 local26=0000 ffd140=ff80->01fbb6 sleep=0 local26=0002 ffd180=ff80->01fbb6 sleep=0 local26=00a2 ffd1c0=ff80->01fbb6 sleep=0 local26=01c2 ffd200=ff80->01fbb6 sleep=0 local26=02e2 ffd240=ff80->01902e sleep=0 local26=0000 ffd280=ff80->01ffe2 sleep=0 local26=0000 ffd2c0=ff80->020004 sleep=0 local26=0002 ffd300=ff80->020004 sleep=0 local26=0000
[  12.018]   [header-byte] write $ffa517 = 13 mask=00ff (pc=018446)
[  12.018] [packet-accepted] total=409 seq=98 flags=04 status=13 pc=01845e command=03 arg=22
[  12.034]   [header-byte] write $ffa517 = 13 mask=00ff (pc=018446)
[  12.034] [packet-accepted] total=410 seq=99 flags=04 status=13 pc=01845e command=03 arg=22
[  12.052]   [header-byte] write $ffa517 = 13 mask=00ff (pc=018446)
[  12.052] [packet-accepted] total=411 seq=9a flags=04 status=13 pc=01845e command=03 arg=22
[  12.052] [game-command] data=7373 mask=ff00 pc=018b72 requests=04
[  12.068]   [header-byte] write $ffa517 = 13 mask=00ff (pc=018446)
[  12.068] [packet-accepted] total=412 seq=9b flags=04 status=13 pc=01845e command=03 arg=22
[  12.068]   [header-byte] write $ffa513 = 10 mask=00ff (pc=018d88)
[  12.084]   [header-byte] write $ffa517 = 13 mask=00ff (pc=018446)
[  12.084] [packet-accepted] total=413 seq=9c flags=04 status=13 pc=01845e command=03 arg=22
[  12.101]   [header-byte] write $ffa517 = 13 mask=00ff (pc=018446)
[  12.101] [packet-accepted] total=414 seq=9d flags=04 status=13 pc=01845e command=03 arg=22
[  12.118]   [header-byte] write $ffa517 = 13 mask=00ff (pc=018446)
[  12.118] [packet-accepted] total=415 seq=9e flags=04 status=13 pc=01845e command=03 arg=22
[  12.134]   [header-byte] write $ffa517 = 13 mask=00ff (pc=018446)
[  12.134] [packet-accepted] total=416 seq=9f flags=04 status=13 pc=01845e command=43 arg=22
[  12.151]   [header-byte] write $ffa517 = 10 mask=00ff (pc=018446)
[  12.151] [packet-accepted] total=417 seq=a0 flags=04 status=10 pc=01845e command=43 arg=22
[  12.652]   [header-byte] write $ffa517 = 10 mask=00ff (pc=018446)
[  13.017] heartbeat frame=780 tx=2203 rx=2064 fc=1 fd=10 fe=1 linkflag=81 pc=000288 a502=00 a524=0000 a525=00 a170=08 a17f=00 txtail=009b rxpend=0000
[  13.017] [transport] captured=2203 flushed=2203 received=2064 accepted=418 payload2=405 payload3=0 payload4=0 payload5=0 pump_reads=1148 bursts=445 txcredit=0 outq=0 inq=0 watchdog=21 txseq=bd rxseq=a2 rxcredit=0 protection=00 checks=0000
[  13.017] [epochs] local=1 peer=1 ready=true discarded_rx=0
[  13.017] [game-state] a142=04 a13e=02 a13f=03 a530=7322 a506=03 a507=00 a508=00 a7b0=0000 a7a6=4322 script=01a3ee mode=01 rule=01 base=70 margin=6 difficulty=0 preset=0
[  13.017] [tcb-continuations] ffa580=ff80->018392 sleep=0 local26=7710 ffa5c0=ff80->01853c sleep=0 local26=1a00 ffd040=ff80->018e08 sleep=144 local26=8300 ffd100=ff80->01fbb4 sleep=0 local26=0000 ffd140=ff80->01fbb6 sleep=0 local26=0002 ffd180=ff80->01fbb6 sleep=0 local26=00a2 ffd1c0=ff80->01fbb6 sleep=0 local26=01c2 ffd200=ff80->01fbb6 sleep=0 local26=02e2 ffd240=ff80->01902e sleep=0 local26=0000 ffd280=ff80->027726 sleep=0 local26=0001
[  13.153]   [header-byte] write $ffa517 = 10 mask=00ff (pc=018446)
[  13.643]   [menu-state] write $ffa170 = 0000 mask=ff00 (pc=01afb6)
[  13.643]   [menu-state] write $ffa170 = 8282 mask=ff00 (pc=01afd8)
[  13.643]   [menu-state] write $ffa176 = 0000 mask=ff00 (pc=01afde)
[  13.643]   [header-byte] write $ffa513 = 00 mask=00ff (pc=01afe6)
[  13.643]   [header-byte] write $ffa513 = 10 mask=00ff (pc=01affe)
[  13.643]   [header-byte] write $ffa513 = 50 mask=00ff (pc=01b022)
[  13.643]   [header-byte] write $ffa513 = 54 mask=00ff (pc=01b044)
[  13.643]   [menu-state] write $ffa170 = 8282 mask=ff00 (pc=018062)
[  13.643]   [menu-state] write $ffa176 = 0000 mask=ff00 (pc=01afde)
[  13.643]   [header-byte] write $ffa513 = 00 mask=00ff (pc=01afe6)
[  13.643]   [header-byte] write $ffa513 = 10 mask=00ff (pc=01affe)
[  13.643]   [header-byte] write $ffa513 = 50 mask=00ff (pc=01b022)
[  13.643]   [header-byte] write $ffa513 = 54 mask=00ff (pc=01b044)
[  13.977]   [header-byte] write $ffa517 = 10 mask=00ff (pc=018446)
[  13.977] [packet-accepted] total=420 seq=a3 flags=00 status=10 pc=01845e
[  14.018] heartbeat frame=840 tx=2212 rx=2070 fc=1 fd=10 fe=1 linkflag=81 pc=00028a a502=00 a524=0000 a525=00 a170=82 a17f=00 txtail=00a4 rxpend=0000
[  14.018] [transport] captured=2212 flushed=2212 received=2070 accepted=420 payload2=405 payload3=0 payload4=0 payload5=0 pump_reads=1210 bursts=448 txcredit=0 outq=0 inq=0 watchdog=3 txseq=c0 rxseq=a4 rxcredit=0 protection=00 checks=0000
[  14.018] [epochs] local=1 peer=1 ready=true discarded_rx=0
[  14.018] [game-state] a142=02 a13e=02 a13f=03 a530=7322 a506=03 a507=00 a508=00 a7b0=0000 a7a6=4322 script=01f7f6 mode=01 rule=01 base=70 margin=6 difficulty=0 preset=0
[  14.018] [tcb-continuations] ffa580=ff80->018392 sleep=0 local26=7710 ffa5c0=ff80->01853c sleep=0 local26=0300 ffd100=ff80->023daa sleep=0 local26=0000 ffd140=ff80->023c40 sleep=0 local26=0000 ffd180=ff80->023c70 sleep=0 local26=0002 ffd1c0=ff80->023c70 sleep=0 local26=0000 ffd200=ff80->023c08 sleep=0 local26=0000
[  14.154]   [header-byte] write $ffa517 = 10 mask=00ff (pc=018446)
[  14.655]   [header-byte] write $ffa517 = 10 mask=00ff (pc=018446)
[  15.019] heartbeat frame=900 tx=2218 rx=2076 fc=1 fd=10 fe=1 linkflag=81 pc=000288 a502=00 a524=0000 a525=00 a170=82 a17f=00 txtail=00aa rxpend=0000
[  15.019] [transport] captured=2218 flushed=2218 received=2076 accepted=422 payload2=405 payload3=0 payload4=0 payload5=0 pump_reads=1272 bursts=450 txcredit=0 outq=0 inq=0 watchdog=21 txseq=c2 rxseq=a6 rxcredit=0 protection=00 checks=0000
[  15.019] [epochs] local=1 peer=1 ready=true discarded_rx=0
[  15.172]   [header-byte] write $ffa517 = 10 mask=00ff (pc=018446)
[  15.639]   [header-byte] write $ffa517 = 11 mask=00ff (pc=018446)
[  16.021] heartbeat frame=960 tx=2224 rx=2082 fc=1 fd=10 fe=1 linkflag=81 pc=000288 a502=00 a524=0000 a525=00 a170=82 a17f=00 txtail=00b0 rxpend=0000
[  16.021] [transport] captured=2224 flushed=2224 received=2082 accepted=424 payload2=405 payload3=0 payload4=0 payload5=0 pump_reads=1334 bursts=452 txcredit=0 outq=0 inq=0 watchdog=22 txseq=c4 rxseq=a8 rxcredit=0 protection=00 checks=0000
[  16.021] [epochs] local=1 peer=1 ready=true discarded_rx=0
[  16.021] [game-state] a142=02 a13e=02 a13f=03 a530=7322 a506=03 a507=00 a508=00 a7b0=0000 a7a6=4322 script=01f7fc mode=01 rule=01 base=70 margin=6 difficulty=0 preset=0
[  16.021] [tcb-continuations] ffa580=ff80->018392 sleep=0 local26=7710 ffa5c0=ff80->01853c sleep=0 local26=0300 ffd200=ff80->023c3e sleep=0 local26=0000
[  16.157]   [header-byte] write $ffa517 = 11 mask=00ff (pc=018446)
[  16.912]   [header-byte] write $ffa517 = 11 mask=00ff (pc=018446)
[  17.022] heartbeat frame=1020 tx=2227 rx=2088 fc=1 fd=10 fe=1 linkflag=81 pc=00028a a502=00 a524=0000 a525=00 a170=82 a17f=00 txtail=00b3 rxpend=0000
[  17.022] [transport] captured=2227 flushed=2227 received=2088 accepted=426 payload2=405 payload3=0 payload4=0 payload5=0 pump_reads=1396 bursts=453 txcredit=0 outq=0 inq=0 watchdog=6 txseq=c5 rxseq=aa rxcredit=0 protection=00 checks=0000
[  17.022] [epochs] local=1 peer=1 ready=true discarded_rx=0
[  17.022] [game-state] a142=02 a13e=02 a13f=03 a530=7322 a506=03 a507=00 a508=00 a7b0=0022 a7a6=4322 script=01a51a mode=01 rule=01 base=120 margin=6 difficulty=2 preset=0
[  17.022] [tcb-continuations] ffa580=ff80->018392 sleep=0 local26=7710 ffa5c0=ff80->01853c sleep=0 local26=0300 ffd040=ffc0->00daca sleep=0 local26=0000 ffd080=ffc0->004f14 sleep=0 local26=0000 ffd0c0=ffc0->004f14 sleep=0 local26=0000 ffd100=ff80->006782 sleep=0 local26=0000 ffd140=ffc0->007f6e sleep=0 local26=0000 ffd180=ff80->00529a sleep=0 local26=0500 ffd1c0=ff00->005660 sleep=0 local26=0000 ffd200=ff00->0056e4 sleep=0 local26=0000 ffd240=ff80->00529a sleep=0 local26=0500 ffd280=ff00->005660 sleep=0 local26=0000 ffd2c0=ff00->0056e4 sleep=0 local26=0000
[  17.158]   [header-byte] write $ffa517 = 11 mask=00ff (pc=018446)
[  17.658]   [header-byte] write $ffa517 = 11 mask=00ff (pc=018446)
[  18.023] heartbeat frame=1080 tx=2233 rx=2094 fc=1 fd=10 fe=1 linkflag=81 pc=00028a a502=00 a524=0000 a525=00 a170=82 a17f=00 txtail=00b9 rxpend=0000
[  18.023] [transport] captured=2233 flushed=2233 received=2094 accepted=428 payload2=405 payload3=0 payload4=0 payload5=0 pump_reads=1458 bursts=455 txcredit=0 outq=0 inq=0 watchdog=21 txseq=c7 rxseq=ac rxcredit=0 protection=00 checks=0000
[  18.023] [epochs] local=1 peer=1 ready=true discarded_rx=0
[  18.023] [tcb-continuations] ffa580=ff80->018392 sleep=0 local26=7710 ffa5c0=ff80->01853c sleep=0 local26=0300 ffd040=ffc0->00daca sleep=0 local26=0000 ffd080=ffc0->004f14 sleep=0 local26=0000 ffd0c0=ffc0->004f14 sleep=0 local26=0000 ffd100=ff80->006782 sleep=0 local26=0000 ffd140=ffc0->007f6e sleep=0 local26=0000 ffd180=ff80->00539a sleep=0 local26=0200 ffd1c0=ff00->005660 sleep=0 local26=1c02 ffd200=ff00->0056e4 sleep=0 local26=0000 ffd240=ff80->00539a sleep=0 local26=0200 ffd280=ff00->005660 sleep=0 local26=1c02 ffd2c0=ff00->0056e4 sleep=0 local26=0000 ffd300=ff80->0086ee sleep=0 local26=0000 ffd340=ff80->0086ee sleep=0 local26=0000
[  18.159]   [header-byte] write $ffa517 = 11 mask=00ff (pc=018446)
[  18.676]   [header-byte] write $ffa517 = 11 mask=00ff (pc=018446)
[  19.024] heartbeat frame=1140 tx=2239 rx=2100 fc=1 fd=10 fe=1 linkflag=81 pc=000288 a502=00 a524=0000 a525=00 a170=82 a17f=00 txtail=00bf rxpend=0000
[  19.024] [transport] captured=2239 flushed=2239 received=2100 accepted=430 payload2=405 payload3=0 payload4=0 payload5=0 pump_reads=1520 bursts=457 txcredit=0 outq=0 inq=0 watchdog=20 txseq=c9 rxseq=ae rxcredit=0 protection=00 checks=0000
[  19.024] [epochs] local=1 peer=1 ready=true discarded_rx=0
[  19.024] [tcb-continuations] ffa580=ff80->018392 sleep=0 local26=7710 ffa5c0=ff80->01853c sleep=0 local26=0300 ffd040=ffc0->00daca sleep=0 local26=0000 ffd080=ffc0->004f30 sleep=0 local26=0000 ffd0c0=ffc0->004f30 sleep=0 local26=0000 ffd100=ff80->006782 sleep=0 local26=0000 ffd140=ffc0->007fb6 sleep=0 local26=0000
[  19.196]   [header-byte] write $ffa517 = 11 mask=00ff (pc=018446)
[  19.547] [game-command] data=7878 mask=ff00 pc=007ffa requests=00
[  19.595] [game-command] data=f8f8 mask=ff00 pc=008022 requests=00
[  19.695]   [header-byte] write $ffa517 = 11 mask=00ff (pc=018446)
[  20.026] heartbeat frame=1200 tx=2257 rx=2106 fc=1 fd=10 fe=1 linkflag=81 pc=00028a a502=00 a524=0000 a525=00 a170=82 a17f=00 txtail=00d1 rxpend=0000
[  20.026] [transport] captured=2257 flushed=2257 received=2106 accepted=432 payload2=405 payload3=0 payload4=0 payload5=0 pump_reads=1582 bursts=461 txcredit=0 outq=0 inq=0 watchdog=19 txseq=cd rxseq=b0 rxcredit=0 protection=00 checks=0000
[  20.026] [epochs] local=1 peer=1 ready=true discarded_rx=0
[  20.026] [game-state] a142=02 a13e=02 a13f=03 a530=f822 a506=03 a507=00 a508=00 a7b0=0022 a7a6=4322 script=01a51a mode=01 rule=01 base=120 margin=6 difficulty=2 preset=0
[  20.026] [tcb-continuations] ffa580=ff80->018392 sleep=0 local26=7710 ffa5c0=ff80->01853c sleep=0 local26=1a00 ffd040=ffc0->00daca sleep=0 local26=0000 ffd080=ffc0->00504e sleep=0 local26=1300 ffd0c0=ffc0->00504e sleep=0 local26=1300 ffd100=ff80->006782 sleep=0 local26=0000 ffd140=ffc0->008082 sleep=0 local26=030a ffd180=ff80->007944 sleep=0 local26=0000 ffd1c0=ff80->007d70 sleep=0 local26=0000 ffd200=ff80->007944 sleep=0 local26=0000 ffd240=ff80->007d70 sleep=0 local26=0000 ffe000=ff00->008362 sleep=0 local26=fffa ffe080=ff00->008362 sleep=0 local26=fffa ffe0c0=ff00->008362 sleep=0 local26=fffa ffe100=ff00->008362 sleep=0 local26=fffa ffe140=ff00->008362 sleep=0 local26=fffa ffe180=ff00->008362 sleep=0 local26=fffa ffe1c0=ff00->008362 sleep=0 local26=fffa ffe200=ff00->008362 sleep=0 local26=fffa ffe240=ff00->008362 sleep=0 local26=fffa ffe280=ff00->008362 sleep=0 local26=fffa ffe2c0=ff00->008362 sleep=0 local26=fffa ffe300=ff00->008362 sleep=0 local26=fffa ffe340=ff00->008362 sleep=0 local26=fffa ffe380=ff00->008362 sleep=0 local26=fffa ffe3c0=ff00->008362 sleep=0 local26=fffa ffe400=ff00->008362 sleep=0 local26=fffa ffe440=ff00->008362 sleep=0 local26=fffa ffe480=ff00->008362 sleep=0 local26=fffa ffe4c0=ff00->008362 sleep=0 local26=fffa ffe500=ff00->008362 sleep=0 local26=fffa ffe540=ff00->008362 sleep=0 local26=fffa ffe580=ff00->008362 sleep=0 local26=fffa ffe5c0=ff00->008362 sleep=0 local26=fffa ffe600=ff00->008362 sleep=0 local26=fffa ffe640=ff00->008362 sleep=0 local26=fffa ffe680=ff00->008362 sleep=0 local26=fffa ffe6c0=ff00->008362 sleep=0 local26=fffa ffe700=ff00->008362 sleep=0 local26=fffa ffe740=ff00->008362 sleep=0 local26=fffa ffe780=ff00->008362 sleep=0 local26=fffa ffe7c0=ff00->008362 sleep=0 local26=fffa
[  20.145]   [header-byte] write $ffa517 = 11 mask=00ff (pc=018446)
[  20.696]   [header-byte] write $ffa517 = 11 mask=00ff (pc=018446)
[  21.027] heartbeat frame=1260 tx=2263 rx=2112 fc=1 fd=10 fe=1 linkflag=81 pc=000288 a502=00 a524=0000 a525=00 a170=82 a17f=00 txtail=00d7 rxpend=0000
[  21.027] [transport] captured=2263 flushed=2263 received=2112 accepted=434 payload2=405 payload3=0 payload4=0 payload5=0 pump_reads=1644 bursts=463 txcredit=0 outq=0 inq=0 watchdog=19 txseq=cf rxseq=b2 rxcredit=0 protection=00 checks=0000
[  21.027] [epochs] local=1 peer=1 ready=true discarded_rx=0
[  21.027] [tcb-continuations] ffa580=ff80->018392 sleep=0 local26=7710 ffa5c0=ff80->01853c sleep=0 local26=1a00 ffd040=ffc0->00daca sleep=0 local26=0000 ffd080=ffc0->00504e sleep=0 local26=4f00 ffd0c0=ffc0->00504e sleep=0 local26=4f00 ffd100=ff80->006782 sleep=0 local26=0000 ffd140=ffc0->008082 sleep=0 local26=030a ffd180=ff80->007944 sleep=0 local26=0000 ffd1c0=ff80->007d70 sleep=0 local26=0000 ffd200=ff80->007944 sleep=0 local26=0000 ffd240=ff80->007d70 sleep=0 local26=0000
[  21.196]   [header-byte] write $ffa517 = 11 mask=00ff (pc=018446)
[  21.697]   [header-byte] write $ffa517 = 11 mask=00ff (pc=018446)
[  22.028] heartbeat frame=1320 tx=2269 rx=2118 fc=1 fd=10 fe=1 linkflag=81 pc=00028a a502=00 a524=0000 a525=00 a170=82 a17f=00 txtail=00dd rxpend=0000
[  22.028] [transport] captured=2269 flushed=2269 received=2118 accepted=436 payload2=405 payload3=0 payload4=0 payload5=0 pump_reads=1706 bursts=465 txcredit=0 outq=0 inq=0 watchdog=19 txseq=d1 rxseq=b4 rxcredit=0 protection=00 checks=0000
[  22.028] [epochs] local=1 peer=1 ready=true discarded_rx=0
[  22.028] [tcb-continuations] ffa580=ff80->018392 sleep=0 local26=7710 ffa5c0=ff80->01853c sleep=0 local26=1a00 ffd040=ffc0->00daca sleep=0 local26=0000 ffd080=ffc0->00504e sleep=0 local26=8b00 ffd0c0=ffc0->00504e sleep=0 local26=8b00 ffd100=ff80->006782 sleep=0 local26=0000 ffd140=ffc0->008082 sleep=0 local26=020a ffd180=ff80->007944 sleep=0 local26=0000 ffd1c0=ff80->007d70 sleep=0 local26=0000 ffd200=ff80->007944 sleep=0 local26=0000 ffd240=ff80->007d70 sleep=0 local26=0000
[  22.615]   [header-byte] write $ffa517 = 11 mask=00ff (pc=018446)
[  23.030] heartbeat frame=1380 tx=2275 rx=2121 fc=1 fd=10 fe=1 linkflag=81 pc=00028a a502=00 a524=0000 a525=00 a170=82 a17f=00 txtail=00e3 rxpend=0000
[  23.030] [transport] captured=2275 flushed=2275 received=2121 accepted=437 payload2=405 payload3=0 payload4=0 payload5=0 pump_reads=1767 bursts=467 txcredit=0 outq=0 inq=0 watchdog=24 txseq=d3 rxseq=b5 rxcredit=0 protection=00 checks=0000
[  23.030] [epochs] local=1 peer=1 ready=true discarded_rx=0
[  23.030] [tcb-continuations] ffa580=ff80->018392 sleep=0 local26=7710 ffa5c0=ff80->01853c sleep=0 local26=1a00 ffd040=ffc0->00daca sleep=0 local26=0000 ffd080=ffc0->00504e sleep=0 local26=c700 ffd0c0=ffc0->00504e sleep=0 local26=c700 ffd100=ff80->006782 sleep=0 local26=0000 ffd140=ffc0->008082 sleep=0 local26=010a ffd180=ff80->007944 sleep=0 local26=0000 ffd1c0=ff80->007d70 sleep=0 local26=0000 ffd200=ff80->007944 sleep=0 local26=0000 ffd240=ff80->007d70 sleep=0 local26=0000
[  23.115]   [header-byte] write $ffa517 = 11 mask=00ff (pc=018446)
[  23.483] [attack-state] address=ffa7e0 data=8080 mask=ff00 pc=0050ce protection=00
[  23.483] [attack-state] address=ffa7e4 data=8080 mask=ff00 pc=0050ce protection=00
[  23.883]   [header-byte] write $ffa517 = 11 mask=00ff (pc=018446)
[  24.031] heartbeat frame=1440 tx=2281 rx=2127 fc=1 fd=10 fe=1 linkflag=81 pc=00028a a502=00 a524=0000 a525=00 a170=82 a17f=00 txtail=00e9 rxpend=0000
[  24.031] [transport] captured=2281 flushed=2281 received=2127 accepted=439 payload2=405 payload3=0 payload4=0 payload5=0 pump_reads=1829 bursts=469 txcredit=0 outq=0 inq=0 watchdog=8 txseq=d5 rxseq=b7 rxcredit=0 protection=00 checks=0000
[  24.031] [epochs] local=1 peer=1 ready=true discarded_rx=0
[  24.031] [tcb-continuations] ffa580=ff80->018392 sleep=0 local26=7710 ffa5c0=ff80->01853c sleep=0 local26=1a00 ffd040=ffc0->00daca sleep=0 local26=0000 ffd080=ffc0->00504e sleep=0 local26=1b00 ffd0c0=ffc0->00504e sleep=0 local26=1b00 ffd100=ff80->006782 sleep=0 local26=0000 ffd140=ffc0->008082 sleep=0 local26=010a ffd180=ff00->007a24 sleep=0 local26=0200 ffd200=ff00->007a24 sleep=0 local26=0200 ffd280=ff80->007944 sleep=0 local26=0000 ffd2c0=ff80->007d70 sleep=0 local26=0000 ffd300=ff80->007944 sleep=0 local26=0000 ffd340=ff80->007d70 sleep=0 local26=0000
[  24.384]   [header-byte] write $ffa517 = 11 mask=00ff (pc=018446)
[  24.484]   [header-byte] write $ffa517 = 10 mask=00ff (pc=018446)
[  25.032] heartbeat frame=1500 tx=2287 rx=2133 fc=1 fd=10 fe=1 linkflag=81 pc=000288 a502=00 a524=0000 a525=00 a170=82 a17f=00 txtail=00ef rxpend=0000
[  25.032] [transport] captured=2287 flushed=2287 received=2133 accepted=441 payload2=405 payload3=0 payload4=0 payload5=0 pump_reads=1891 bursts=471 txcredit=0 outq=0 inq=0 watchdog=32 txseq=d7 rxseq=b9 rxcredit=0 protection=00 checks=0000
[  25.032] [epochs] local=1 peer=1 ready=true discarded_rx=0
[  25.032] [tcb-continuations] ffa580=ff80->018392 sleep=0 local26=7710 ffa5c0=ff80->01853c sleep=0 local26=1a00 ffd040=ffc0->00daca sleep=0 local26=0000 ffd080=ffc0->00504e sleep=0 local26=5700 ffd0c0=ffc0->00504e sleep=0 local26=5700 ffd100=ff80->006782 sleep=0 local26=0000 ffd140=ffc0->008082 sleep=0 local26=000a ffd280=ff80->007944 sleep=0 local26=0000 ffd2c0=ff80->007d70 sleep=0 local26=0000 ffd300=ff80->007944 sleep=0 local26=0000 ffd340=ff80->007d70 sleep=0 local26=0000
[  25.068]   [header-byte] write $ffa517 = 10 mask=00ff (pc=018446)
[  25.352]   [header-byte] write $ffa517 = 90 mask=00ff (pc=018446)
[  25.352] [packet-accepted] total=443 seq=ba flags=04 status=90 pc=01845e command=01 arg=22
[  25.369] [game-command] data=9191 mask=ff00 pc=0198e2 requests=00
[  25.369]   [menu-state] write $ffa178 = 012c mask=ffff (pc=0198f2)
[  25.369]   [menu-state] write $ffa174 = 0001 mask=ffff (pc=019abc)
[  25.369]   [menu-state] write $ffa176 = 98f6 mask=ffff (pc=019abc)
[  25.385]   [menu-state] write $ffa178 = 012b mask=ffff (pc=019912)
[  25.401]   [menu-state] write $ffa178 = 012a mask=ffff (pc=019912)
[  25.418]   [menu-state] write $ffa178 = 0129 mask=ffff (pc=019912)
[  25.435]   [menu-state] write $ffa178 = 0128 mask=ffff (pc=019912)
[  25.452]   [menu-state] write $ffa178 = 0127 mask=ffff (pc=019912)
[  25.468]   [menu-state] write $ffa178 = 0126 mask=ffff (pc=019912)
[  25.468]   [header-byte] write $ffa517 = 90 mask=00ff (pc=018446)
[  25.468] [packet-accepted] total=444 seq=bb flags=04 status=90 pc=01845e command=21 arg=01
[  25.486] [game-command] data=8181 mask=ff00 pc=019960 requests=00
[  25.486]   [menu-state] write $ffa174 = 0001 mask=ffff (pc=019abc)
[  25.486]   [menu-state] write $ffa176 = 996a mask=ffff (pc=019abc)
[  25.502]   [menu-state] write $ffa17f = 0000 mask=00ff (pc=019aec)
[  25.518] [game-command] data=0202 mask=00ff pc=0199b2 requests=00
[  25.518]   [menu-state] write $ffa174 = 0001 mask=ffff (pc=019abc)
[  25.518]   [menu-state] write $ffa176 = 99da mask=ffff (pc=019abc)
[  25.968]   [header-byte] write $ffa517 = 90 mask=00ff (pc=018446)
[  26.034] heartbeat frame=1560 tx=2300 rx=2149 fc=1 fd=10 fe=1 linkflag=81 pc=00028a a502=00 a524=0000 a525=00 a170=82 a17f=00 txtail=00fc rxpend=0000
[  26.034] [transport] captured=2300 flushed=2300 received=2149 accepted=445 payload2=407 payload3=0 payload4=0 payload5=0 pump_reads=1955 bursts=474 txcredit=0 outq=0 inq=0 watchdog=3 txseq=da rxseq=bd rxcredit=0 protection=00 checks=0000
[  26.034] [epochs] local=1 peer=1 ready=true discarded_rx=0
[  26.034] [game-state] a142=02 a13e=02 a13f=03 a530=8102 a506=03 a507=01 a508=00 a7b0=0022 a7a6=4322 script=01a7fc mode=01 rule=01 base=120 margin=6 difficulty=2 preset=0
[  26.034] [tcb-continuations] ffa580=ff80->018392 sleep=0 local26=7710 ffa5c0=ff80->01853c sleep=0 local26=1c00 ffd040=ff80->019d96 sleep=106 local26=0200
[  26.468]   [header-byte] write $ffa517 = 90 mask=00ff (pc=018446)
[  26.969]   [header-byte] write $ffa517 = 90 mask=00ff (pc=018446)
[  27.035] heartbeat frame=1620 tx=2306 rx=2155 fc=1 fd=10 fe=1 linkflag=81 pc=00028a a502=00 a524=0000 a525=00 a170=82 a17f=00 txtail=0002 rxpend=0000
[  27.035] [transport] captured=2306 flushed=2306 received=2155 accepted=447 payload2=407 payload3=0 payload4=0 payload5=0 pump_reads=2017 bursts=476 txcredit=0 outq=0 inq=0 watchdog=3 txseq=dc rxseq=bf rxcredit=0 protection=00 checks=0000
[  27.035] [epochs] local=1 peer=1 ready=true discarded_rx=0
[  27.035] [tcb-continuations] ffa580=ff80->018392 sleep=0 local26=7710 ffa5c0=ff80->01853c sleep=0 local26=1c00 ffd040=ff80->019d96 sleep=46 local26=0200
[  27.086] [game-command] data=0101 mask=ff00 pc=0199f4 requests=00
[  27.086]   [menu-state] write $ffa174 = 0001 mask=ffff (pc=019ab4)
[  27.086]   [menu-state] write $ffa176 = 99fe mask=ffff (pc=019ab4)
[  27.186]   [header-byte] write $ffa517 = 54 mask=00ff (pc=018446)
[  27.202]   [menu-state] write $ffa176 = 0000 mask=ff00 (pc=019a16)
[  27.486]   [menu-state] write $ffa170 = 8282 mask=ff00 (pc=01a87a)
[  27.486]   [menu-state] write $ffa170 = 0202 mask=ff00 (pc=01a87c)
[  27.486] [game-command] data=0303 mask=ff00 pc=0188d8 requests=00
[  27.487]   [header-byte] write $ffa517 = 56 mask=00ff (pc=018446)
[  27.513]   [header-byte] write $ffa513 = 56 mask=00ff (pc=0189b4)
[  27.513]   [menu-state] write $ffa17f = 0000 mask=00ff (pc=0189c2)
[  28.036] heartbeat frame=1680 tx=2317 rx=2161 fc=1 fd=10 fe=1 linkflag=81 pc=000ff2 a502=00 a524=0000 a525=00 a170=02 a17f=00 txtail=000d rxpend=0000
[  28.036] [transport] captured=2317 flushed=2317 received=2161 accepted=449 payload2=407 payload3=0 payload4=0 payload5=0 pump_reads=2079 bursts=479 txcredit=0 outq=0 inq=0 watchdog=19 txseq=df rxseq=c1 rxcredit=0 protection=00 checks=0000
[  28.036] [epochs] local=1 peer=1 ready=true discarded_rx=0
[  28.036] [game-state] a142=04 a13e=02 a13f=03 a530=0302 a506=03 a507=01 a508=00 a7b0=0022 a7a6=0000 script=01a842 mode=01 rule=01 base=120 margin=6 difficulty=2 preset=0
[  28.036] [tcb-continuations] ffa580=ff80->018392 sleep=0 local26=7710 ffa5c0=ff80->01853c sleep=0 local26=1300 ffd040=ff80->0189c6 sleep=0 local26=0301
[  28.154]   [header-byte] write $ffa517 = 56 mask=00ff (pc=018446)
[  28.154] [packet-accepted] total=450 seq=c1 flags=04 status=56 pc=01845e command=13 arg=01
[  28.171]   [header-byte] write $ffa517 = 56 mask=00ff (pc=018446)
[  28.171] [packet-accepted] total=451 seq=c2 flags=04 status=56 pc=01845e command=13 arg=01
[  28.187]   [header-byte] write $ffa517 = 56 mask=00ff (pc=018446)
[  28.187] [packet-accepted] total=452 seq=c3 flags=04 status=56 pc=01845e command=13 arg=01
[  28.212]   [header-byte] write $ffa517 = 56 mask=00ff (pc=018446)
[  28.212] [packet-accepted] total=453 seq=c4 flags=04 status=56 pc=01845e command=13 arg=01
[  28.228]   [header-byte] write $ffa517 = 56 mask=00ff (pc=018446)
[  28.228] [packet-accepted] total=454 seq=c5 flags=04 status=56 pc=01845e command=13 arg=01
[  28.228] [game-command] data=3333 mask=ff00 pc=018ae0 requests=00
[  28.239]   [header-byte] write $ffa517 = 56 mask=00ff (pc=018446)
[  28.239] [packet-accepted] total=455 seq=c6 flags=04 status=56 pc=01845e command=13 arg=01
[  28.256]   [header-byte] write $ffa517 = 56 mask=00ff (pc=018446)
[  28.256] [packet-accepted] total=456 seq=c7 flags=04 status=56 pc=01845e command=13 arg=01
[  28.272]   [header-byte] write $ffa517 = 56 mask=00ff (pc=018446)
[  28.272] [packet-accepted] total=457 seq=c8 flags=04 status=56 pc=01845e command=13 arg=01
[  28.289]   [header-byte] write $ffa517 = 56 mask=00ff (pc=018446)
[  28.289] [packet-accepted] total=458 seq=c9 flags=04 status=56 pc=01845e command=13 arg=01
[  28.306]   [header-byte] write $ffa517 = 56 mask=00ff (pc=018446)
[  28.306] [packet-accepted] total=459 seq=ca flags=04 status=56 pc=01845e command=13 arg=01
[  28.322]   [header-byte] write $ffa517 = 56 mask=00ff (pc=018446)
[  28.322] [packet-accepted] total=460 seq=cb flags=04 status=56 pc=01845e command=13 arg=01
[  28.339]   [header-byte] write $ffa517 = 56 mask=00ff (pc=018446)
[  28.339] [packet-accepted] total=461 seq=cc flags=04 status=56 pc=01845e command=13 arg=01
[  28.356]   [header-byte] write $ffa517 = 56 mask=00ff (pc=018446)
[  28.356] [packet-accepted] total=462 seq=cd flags=04 status=56 pc=01845e command=13 arg=01
[  28.374]   [header-byte] write $ffa517 = 56 mask=00ff (pc=018446)
[  28.374] [packet-accepted] total=463 seq=ce flags=04 status=56 pc=01845e command=13 arg=01
[  28.389]   [header-byte] write $ffa517 = 56 mask=00ff (pc=018446)
[  28.389] [packet-accepted] total=464 seq=cf flags=04 status=56 pc=01845e command=13 arg=01
[  28.406]   [header-byte] write $ffa517 = 56 mask=00ff (pc=018446)
[  28.406] [packet-accepted] total=465 seq=d0 flags=04 status=56 pc=01845e command=13 arg=01
[  28.423]   [header-byte] write $ffa517 = 56 mask=00ff (pc=018446)
[  28.423] [packet-accepted] total=466 seq=d1 flags=04 status=56 pc=01845e command=13 arg=01
[  28.439]   [header-byte] write $ffa517 = 56 mask=00ff (pc=018446)
[  28.439] [packet-accepted] total=467 seq=d2 flags=04 status=56 pc=01845e command=13 arg=01
[  28.456]   [header-byte] write $ffa517 = 56 mask=00ff (pc=018446)
[  28.456] [packet-accepted] total=468 seq=d3 flags=04 status=56 pc=01845e command=13 arg=01
[  28.473]   [header-byte] write $ffa517 = 56 mask=00ff (pc=018446)
[  28.473] [packet-accepted] total=469 seq=d4 flags=04 status=56 pc=01845e command=13 arg=01
[  28.489]   [header-byte] write $ffa517 = 56 mask=00ff (pc=018446)
[  28.489] [packet-accepted] total=470 seq=d5 flags=04 status=56 pc=01845e command=13 arg=01
[  28.506]   [header-byte] write $ffa517 = 56 mask=00ff (pc=018446)
[  28.506] [packet-accepted] total=471 seq=d6 flags=04 status=56 pc=01845e command=13 arg=01
[  28.524]   [header-byte] write $ffa517 = 56 mask=00ff (pc=018446)
[  28.524] [packet-accepted] total=472 seq=d7 flags=04 status=56 pc=01845e command=13 arg=01
[  28.539]   [header-byte] write $ffa517 = 56 mask=00ff (pc=018446)
[  28.539] [packet-accepted] total=473 seq=d8 flags=04 status=56 pc=01845e command=13 arg=01
[  28.556]   [header-byte] write $ffa517 = 56 mask=00ff (pc=018446)
[  28.556] [packet-accepted] total=474 seq=d9 flags=04 status=56 pc=01845e command=13 arg=01
[  28.574]   [header-byte] write $ffa517 = 56 mask=00ff (pc=018446)
[  28.574] [packet-accepted] total=475 seq=da flags=04 status=56 pc=01845e command=13 arg=01
[  28.589]   [header-byte] write $ffa517 = 56 mask=00ff (pc=018446)
[  28.589] [packet-accepted] total=476 seq=db flags=04 status=56 pc=01845e command=13 arg=01
[  28.606]   [header-byte] write $ffa517 = 56 mask=00ff (pc=018446)
[  28.606] [packet-accepted] total=477 seq=dc flags=04 status=56 pc=01845e command=13 arg=01
[  28.623]   [header-byte] write $ffa517 = 56 mask=00ff (pc=018446)
[  28.623] [packet-accepted] total=478 seq=dd flags=04 status=56 pc=01845e command=13 arg=01
[  28.639]   [header-byte] write $ffa517 = 56 mask=00ff (pc=018446)
[  28.639] [packet-accepted] total=479 seq=de flags=04 status=56 pc=01845e command=13 arg=01
[  28.656]   [header-byte] write $ffa517 = 56 mask=00ff (pc=018446)
[  28.656] [packet-accepted] total=480 seq=df flags=04 status=56 pc=01845e command=13 arg=01
[  28.673]   [header-byte] write $ffa517 = 56 mask=00ff (pc=018446)
[  28.673] [packet-accepted] total=481 seq=e0 flags=04 status=56 pc=01845e command=13 arg=01
[  28.692]   [header-byte] write $ffa517 = 56 mask=00ff (pc=018446)
[  28.692] [packet-accepted] total=482 seq=e1 flags=04 status=56 pc=01845e command=13 arg=01
[  28.706]   [header-byte] write $ffa517 = 56 mask=00ff (pc=018446)
[  28.706] [packet-accepted] total=483 seq=e2 flags=04 status=56 pc=01845e command=13 arg=01
[  28.723]   [header-byte] write $ffa517 = 56 mask=00ff (pc=018446)
[  28.723] [packet-accepted] total=484 seq=e3 flags=04 status=56 pc=01845e command=13 arg=01
[  28.740]   [header-byte] write $ffa517 = 56 mask=00ff (pc=018446)
[  28.740] [packet-accepted] total=485 seq=e4 flags=04 status=56 pc=01845e command=13 arg=01
[  28.756]   [header-byte] write $ffa517 = 56 mask=00ff (pc=018446)
[  28.756] [packet-accepted] total=486 seq=e5 flags=04 status=56 pc=01845e command=13 arg=01
[  28.773]   [header-byte] write $ffa517 = 56 mask=00ff (pc=018446)
[  28.773] [packet-accepted] total=487 seq=e6 flags=04 status=56 pc=01845e command=13 arg=01
[  28.790]   [header-byte] write $ffa517 = 56 mask=00ff (pc=018446)
[  28.790] [packet-accepted] total=488 seq=e7 flags=04 status=56 pc=01845e command=13 arg=01
[  28.806]   [header-byte] write $ffa517 = 56 mask=00ff (pc=018446)
[  28.806] [packet-accepted] total=489 seq=e8 flags=04 status=56 pc=01845e command=13 arg=01
[  28.823]   [header-byte] write $ffa517 = 56 mask=00ff (pc=018446)
[  28.823] [packet-accepted] total=490 seq=e9 flags=04 status=56 pc=01845e command=13 arg=01
[  28.840]   [header-byte] write $ffa517 = 56 mask=00ff (pc=018446)
[  28.840] [packet-accepted] total=491 seq=ea flags=04 status=56 pc=01845e command=13 arg=01
[  28.856]   [header-byte] write $ffa517 = 56 mask=00ff (pc=018446)
[  28.856] [packet-accepted] total=492 seq=eb flags=04 status=56 pc=01845e command=13 arg=01
[  28.873]   [header-byte] write $ffa517 = 56 mask=00ff (pc=018446)
[  28.873] [packet-accepted] total=493 seq=ec flags=04 status=56 pc=01845e command=13 arg=01
[  28.890]   [header-byte] write $ffa517 = 56 mask=00ff (pc=018446)
[  28.890] [packet-accepted] total=494 seq=ed flags=04 status=56 pc=01845e command=13 arg=01
[  28.906]   [header-byte] write $ffa517 = 56 mask=00ff (pc=018446)
[  28.906] [packet-accepted] total=495 seq=ee flags=04 status=56 pc=01845e command=13 arg=01
[  28.923]   [header-byte] write $ffa517 = 56 mask=00ff (pc=018446)
[  28.923] [packet-accepted] total=496 seq=ef flags=04 status=56 pc=01845e command=13 arg=01
[  28.940]   [header-byte] write $ffa517 = 56 mask=00ff (pc=018446)
[  28.940] [packet-accepted] total=497 seq=f0 flags=04 status=56 pc=01845e command=13 arg=01
[  28.957]   [header-byte] write $ffa517 = 56 mask=00ff (pc=018446)
[  28.957] [packet-accepted] total=498 seq=f1 flags=04 status=56 pc=01845e command=13 arg=01
[  28.973]   [header-byte] write $ffa517 = 56 mask=00ff (pc=018446)
[  28.973] [packet-accepted] total=499 seq=f2 flags=04 status=56 pc=01845e command=13 arg=01
[  28.990]   [header-byte] write $ffa517 = 56 mask=00ff (pc=018446)
[  28.990] [packet-accepted] total=500 seq=f3 flags=04 status=56 pc=01845e command=13 arg=01
[  29.008]   [header-byte] write $ffa517 = 56 mask=00ff (pc=018446)
[  29.008] [packet-accepted] total=501 seq=f4 flags=04 status=56 pc=01845e command=13 arg=01
[  29.023]   [header-byte] write $ffa517 = 56 mask=00ff (pc=018446)
[  29.023] [packet-accepted] total=502 seq=f5 flags=04 status=56 pc=01845e command=13 arg=01
[  29.037] heartbeat frame=1740 tx=2557 rx=2426 fc=1 fd=10 fe=1 linkflag=81 pc=000288 a502=00 a524=0005 a525=05 a170=02 a17f=00 txtail=00fd rxpend=0000
[  29.037] [transport] captured=2557 flushed=2557 received=2426 accepted=502 payload2=460 payload3=0 payload4=0 payload5=0 pump_reads=2192 bursts=527 txcredit=0 outq=0 inq=0 watchdog=0 txseq=10 rxseq=f6 rxcredit=5 protection=00 checks=0000
[  29.037] [epochs] local=1 peer=1 ready=true discarded_rx=0
[  29.037] [game-state] a142=04 a13e=02 a13f=03 a530=3302 a506=03 a507=01 a508=00 a7b0=0022 a7a6=1301 script=01a842 mode=01 rule=01 base=120 margin=6 difficulty=2 preset=0
[  29.037] [tcb-continuations] ffa580=ff80->018392 sleep=0 local26=7710 ffa5c0=ff80->01853c sleep=0 local26=0000 ffd040=ff80->018a40 sleep=0 local26=8300 ffd100=ff80->01fbb4 sleep=0 local26=0000 ffd140=ff80->01fbb6 sleep=0 local26=0002 ffd180=ff80->01fbb6 sleep=0 local26=00a2 ffd1c0=ff80->01fbb6 sleep=0 local26=01c2 ffd200=ff80->01fbb6 sleep=0 local26=02e2 ffd240=ff80->01902e sleep=0 local26=0000 ffd280=ff80->01ffe2 sleep=0 local26=0008 ffd2c0=ff80->020004 sleep=0 local26=0002 ffd300=ff80->020004 sleep=0 local26=0000
[  29.040]   [header-byte] write $ffa517 = 56 mask=00ff (pc=018446)
[  29.040] [packet-accepted] total=503 seq=f6 flags=04 status=56 pc=01845e command=13 arg=01
[  29.057]   [header-byte] write $ffa517 = 56 mask=00ff (pc=018446)
[  29.057] [packet-accepted] total=504 seq=f7 flags=04 status=56 pc=01845e command=13 arg=01
[  29.073]   [header-byte] write $ffa517 = 56 mask=00ff (pc=018446)
[  29.073] [packet-accepted] total=505 seq=f8 flags=04 status=56 pc=01845e command=13 arg=01
[  29.090]   [header-byte] write $ffa517 = 56 mask=00ff (pc=018446)
[  29.090] [packet-accepted] total=506 seq=f9 flags=04 status=56 pc=01845e command=13 arg=01
[  29.107]   [header-byte] write $ffa517 = 56 mask=00ff (pc=018446)
[  29.107] [packet-accepted] total=507 seq=fa flags=04 status=56 pc=01845e command=13 arg=01
[  29.123]   [header-byte] write $ffa517 = 56 mask=00ff (pc=018446)
[  29.123] [packet-accepted] total=508 seq=fb flags=04 status=56 pc=01845e command=13 arg=01
[  29.158]   [header-byte] write $ffa517 = 56 mask=00ff (pc=018446)
[  29.158] [packet-accepted] total=509 seq=fc flags=04 status=56 pc=01845e command=13 arg=01
[  29.173]   [header-byte] write $ffa517 = 56 mask=00ff (pc=018446)
[  29.173] [packet-accepted] total=510 seq=fd flags=04 status=56 pc=01845e command=13 arg=01
[  29.173]   [header-byte] write $ffa517 = 56 mask=00ff (pc=018446)
[  29.173] [packet-accepted] total=511 seq=fe flags=04 status=56 pc=01845e command=13 arg=01
[  29.190]   [header-byte] write $ffa517 = 56 mask=00ff (pc=018446)
[  29.190] [packet-accepted] total=512 seq=ff flags=04 status=56 pc=01845e command=13 arg=01
[  29.207]   [header-byte] write $ffa517 = 56 mask=00ff (pc=018446)
[  29.207] [packet-accepted] total=513 seq=00 flags=04 status=56 pc=01845e command=13 arg=01
[  29.223]   [header-byte] write $ffa517 = 56 mask=00ff (pc=018446)
[  29.223] [packet-accepted] total=514 seq=01 flags=04 status=56 pc=01845e command=13 arg=01
[  29.240]   [header-byte] write $ffa517 = 56 mask=00ff (pc=018446)
[  29.240] [packet-accepted] total=515 seq=02 flags=04 status=56 pc=01845e command=13 arg=01
[  29.257]   [header-byte] write $ffa517 = 56 mask=00ff (pc=018446)
[  29.257] [packet-accepted] total=516 seq=03 flags=04 status=56 pc=01845e command=13 arg=01
[  29.273]   [header-byte] write $ffa517 = 56 mask=00ff (pc=018446)
[  29.273] [packet-accepted] total=517 seq=04 flags=04 status=56 pc=01845e command=13 arg=01
[  29.290]   [header-byte] write $ffa517 = 56 mask=00ff (pc=018446)
[  29.290] [packet-accepted] total=518 seq=05 flags=04 status=56 pc=01845e command=13 arg=01
[  29.307]   [header-byte] write $ffa517 = 56 mask=00ff (pc=018446)
[  29.307] [packet-accepted] total=519 seq=06 flags=04 status=56 pc=01845e command=13 arg=01
[  29.323]   [header-byte] write $ffa517 = 56 mask=00ff (pc=018446)
[  29.323] [packet-accepted] total=520 seq=07 flags=04 status=56 pc=01845e command=13 arg=01
[  29.340]   [header-byte] write $ffa517 = 56 mask=00ff (pc=018446)
[  29.340] [packet-accepted] total=521 seq=08 flags=04 status=56 pc=01845e command=13 arg=01
[  29.357]   [header-byte] write $ffa517 = 56 mask=00ff (pc=018446)
[  29.357] [packet-accepted] total=522 seq=09 flags=04 status=56 pc=01845e command=13 arg=01
[  29.373]   [header-byte] write $ffa517 = 56 mask=00ff (pc=018446)
[  29.373] [packet-accepted] total=523 seq=0a flags=04 status=56 pc=01845e command=13 arg=01
[  29.390]   [header-byte] write $ffa517 = 56 mask=00ff (pc=018446)
[  29.390] [packet-accepted] total=524 seq=0b flags=04 status=56 pc=01845e command=13 arg=01
[  29.423]   [header-byte] write $ffa517 = 56 mask=00ff (pc=018446)
[  29.423] [packet-accepted] total=525 seq=0c flags=04 status=56 pc=01845e command=13 arg=01
[  29.440]   [header-byte] write $ffa517 = 56 mask=00ff (pc=018446)
[  29.440] [packet-accepted] total=526 seq=0d flags=04 status=56 pc=01845e command=13 arg=01
[  29.440]   [header-byte] write $ffa517 = 56 mask=00ff (pc=018446)
[  29.440] [packet-accepted] total=527 seq=0e flags=04 status=56 pc=01845e command=13 arg=01
[  29.457]   [header-byte] write $ffa517 = 56 mask=00ff (pc=018446)
[  29.457] [packet-accepted] total=528 seq=0f flags=04 status=56 pc=01845e command=13 arg=01
[  29.475]   [header-byte] write $ffa517 = 56 mask=00ff (pc=018446)
[  29.475] [packet-accepted] total=529 seq=10 flags=04 status=56 pc=01845e command=13 arg=01
[  29.490]   [header-byte] write $ffa517 = 56 mask=00ff (pc=018446)
[  29.490] [packet-accepted] total=530 seq=11 flags=04 status=56 pc=01845e command=13 arg=01
[  29.524]   [header-byte] write $ffa517 = 56 mask=00ff (pc=018446)
[  29.524] [packet-accepted] total=531 seq=12 flags=04 status=56 pc=01845e command=13 arg=01
[  29.524]   [header-byte] write $ffa517 = 56 mask=00ff (pc=018446)
[  29.524] [packet-accepted] total=532 seq=13 flags=04 status=56 pc=01845e command=13 arg=01
[  29.557]   [header-byte] write $ffa517 = 56 mask=00ff (pc=018446)
[  29.557] [packet-accepted] total=533 seq=14 flags=04 status=56 pc=01845e command=13 arg=01
[  29.557]   [header-byte] write $ffa517 = 56 mask=00ff (pc=018446)
[  29.557] [packet-accepted] total=534 seq=15 flags=04 status=56 pc=01845e command=13 arg=01
[  29.574]   [header-byte] write $ffa517 = 56 mask=00ff (pc=018446)
[  29.574] [packet-accepted] total=535 seq=16 flags=04 status=56 pc=01845e command=13 arg=01
[  29.591]   [header-byte] write $ffa517 = 56 mask=00ff (pc=018446)
[  29.591] [packet-accepted] total=536 seq=17 flags=04 status=56 pc=01845e command=13 arg=01
[  29.607]   [header-byte] write $ffa517 = 56 mask=00ff (pc=018446)
[  29.607] [packet-accepted] total=537 seq=18 flags=04 status=56 pc=01845e command=13 arg=01
[  29.624]   [header-byte] write $ffa517 = 56 mask=00ff (pc=018446)
[  29.624] [packet-accepted] total=538 seq=19 flags=04 status=56 pc=01845e command=13 arg=01
[  29.642]   [header-byte] write $ffa517 = 56 mask=00ff (pc=018446)
[  29.642] [packet-accepted] total=539 seq=1a flags=04 status=56 pc=01845e command=13 arg=01
[  29.674]   [header-byte] write $ffa517 = 56 mask=00ff (pc=018446)
[  29.674] [packet-accepted] total=540 seq=1b flags=04 status=56 pc=01845e command=13 arg=01
[  29.691]   [header-byte] write $ffa517 = 56 mask=00ff (pc=018446)
[  29.691] [packet-accepted] total=541 seq=1c flags=04 status=56 pc=01845e command=13 arg=01
[  29.707]   [header-byte] write $ffa517 = 56 mask=00ff (pc=018446)
[  29.707] [packet-accepted] total=542 seq=1d flags=04 status=56 pc=01845e command=13 arg=01
[  29.724]   [header-byte] write $ffa517 = 56 mask=00ff (pc=018446)
[  29.724] [packet-accepted] total=543 seq=1e flags=04 status=56 pc=01845e command=13 arg=01
[  29.724]   [header-byte] write $ffa517 = 56 mask=00ff (pc=018446)
[  29.724] [packet-accepted] total=544 seq=1f flags=04 status=56 pc=01845e command=13 arg=01
[  29.741]   [header-byte] write $ffa517 = 56 mask=00ff (pc=018446)
[  29.741] [packet-accepted] total=545 seq=20 flags=04 status=56 pc=01845e command=13 arg=01
[  29.757]   [header-byte] write $ffa517 = 56 mask=00ff (pc=018446)
[  29.757] [packet-accepted] total=546 seq=21 flags=04 status=56 pc=01845e command=13 arg=01
[  29.774]   [header-byte] write $ffa517 = 56 mask=00ff (pc=018446)
[  29.774] [packet-accepted] total=547 seq=22 flags=04 status=56 pc=01845e command=13 arg=01
[  29.824]   [header-byte] write $ffa517 = 56 mask=00ff (pc=018446)
[  29.824] [packet-accepted] total=548 seq=23 flags=04 status=56 pc=01845e command=13 arg=01
[  29.841]   [header-byte] write $ffa517 = 56 mask=00ff (pc=018446)
[  29.841] [packet-accepted] total=549 seq=24 flags=04 status=56 pc=01845e command=13 arg=01
[  29.857]   [header-byte] write $ffa517 = 56 mask=00ff (pc=018446)
[  29.857] [packet-accepted] total=550 seq=25 flags=04 status=56 pc=01845e command=13 arg=01
[  29.874]   [header-byte] write $ffa517 = 56 mask=00ff (pc=018446)
[  29.874] [packet-accepted] total=551 seq=26 flags=04 status=56 pc=01845e command=13 arg=01
[  29.891]   [header-byte] write $ffa517 = 56 mask=00ff (pc=018446)
[  29.891] [packet-accepted] total=552 seq=27 flags=04 status=56 pc=01845e command=13 arg=01
[  29.907]   [header-byte] write $ffa517 = 56 mask=00ff (pc=018446)
[  29.907] [packet-accepted] total=553 seq=28 flags=04 status=56 pc=01845e command=13 arg=01
[  29.924]   [header-byte] write $ffa517 = 56 mask=00ff (pc=018446)
[  29.924] [packet-accepted] total=554 seq=29 flags=04 status=56 pc=01845e command=13 arg=01
[  29.941]   [header-byte] write $ffa517 = 56 mask=00ff (pc=018446)
[  29.941] [packet-accepted] total=555 seq=2a flags=04 status=56 pc=01845e command=13 arg=01
[  29.959]   [header-byte] write $ffa517 = 56 mask=00ff (pc=018446)
[  29.959] [packet-accepted] total=556 seq=2b flags=04 status=56 pc=01845e command=13 arg=01
[  29.974]   [header-byte] write $ffa517 = 56 mask=00ff (pc=018446)
[  29.974] [packet-accepted] total=557 seq=2c flags=04 status=56 pc=01845e command=13 arg=01
[  29.991]   [header-byte] write $ffa517 = 56 mask=00ff (pc=018446)
[  29.991] [packet-accepted] total=558 seq=2d flags=04 status=56 pc=01845e command=13 arg=01
[  30.008]   [header-byte] write $ffa517 = 56 mask=00ff (pc=018446)
[  30.008] [packet-accepted] total=559 seq=2e flags=04 status=56 pc=01845e command=13 arg=01
[  30.024]   [header-byte] write $ffa517 = 56 mask=00ff (pc=018446)
[  30.024] [packet-accepted] total=560 seq=2f flags=04 status=56 pc=01845e command=13 arg=01
[  30.039] heartbeat frame=1800 tx=2857 rx=2716 fc=1 fd=10 fe=1 linkflag=81 pc=00028a a502=00 a524=0005 a525=05 a170=02 a17f=00 txtail=0029 rxpend=0000
[  30.039] [transport] captured=2857 flushed=2857 received=2716 accepted=560 payload2=518 payload3=0 payload4=0 payload5=0 pump_reads=2305 bursts=587 txcredit=0 outq=0 inq=0 watchdog=0 txseq=4c rxseq=30 rxcredit=5 protection=00 checks=0000
[  30.039] [epochs] local=1 peer=1 ready=true discarded_rx=0
[  30.039] [tcb-continuations] ffa580=ff80->018392 sleep=0 local26=7710 ffa5c0=ff80->01853c sleep=0 local26=0000 ffd040=ff80->018a40 sleep=0 local26=8300 ffd100=ff80->01fbb4 sleep=0 local26=0000 ffd140=ff80->01fbb6 sleep=0 local26=0002 ffd180=ff80->01fbb6 sleep=0 local26=00a2 ffd1c0=ff80->01fbb6 sleep=0 local26=01c2 ffd200=ff80->01fbb6 sleep=0 local26=02e2 ffd240=ff80->01902e sleep=0 local26=0000 ffd280=ff80->01ffe2 sleep=0 local26=0007 ffd2c0=ff80->020004 sleep=0 local26=0002 ffd300=ff80->020004 sleep=0 local26=0000
[  30.041]   [header-byte] write $ffa517 = 56 mask=00ff (pc=018446)
[  30.041] [packet-accepted] total=561 seq=30 flags=04 status=56 pc=01845e command=13 arg=01
[  30.058]   [header-byte] write $ffa517 = 56 mask=00ff (pc=018446)
[  30.058] [packet-accepted] total=562 seq=31 flags=04 status=56 pc=01845e command=13 arg=01
[  30.058]   [header-byte] write $ffa517 = 56 mask=00ff (pc=018446)
[  30.058] [packet-accepted] total=563 seq=32 flags=04 status=56 pc=01845e command=13 arg=01
[  30.076]   [header-byte] write $ffa517 = 56 mask=00ff (pc=018446)
[  30.076] [packet-accepted] total=564 seq=33 flags=04 status=56 pc=01845e command=13 arg=01
[  30.091]   [header-byte] write $ffa517 = 56 mask=00ff (pc=018446)
[  30.091] [packet-accepted] total=565 seq=34 flags=04 status=56 pc=01845e command=13 arg=01
[  30.110]   [header-byte] write $ffa517 = 56 mask=00ff (pc=018446)
[  30.110] [packet-accepted] total=566 seq=35 flags=04 status=56 pc=01845e command=13 arg=01
[  30.125]   [header-byte] write $ffa517 = 56 mask=00ff (pc=018446)
[  30.125] [packet-accepted] total=567 seq=36 flags=04 status=56 pc=01845e command=13 arg=01
[  30.141]   [header-byte] write $ffa517 = 56 mask=00ff (pc=018446)
[  30.141] [packet-accepted] total=568 seq=37 flags=04 status=56 pc=01845e command=13 arg=01
[  30.158]   [header-byte] write $ffa517 = 56 mask=00ff (pc=018446)
[  30.158] [packet-accepted] total=569 seq=38 flags=04 status=56 pc=01845e command=13 arg=01
[  30.175]   [header-byte] write $ffa517 = 56 mask=00ff (pc=018446)
[  30.175] [packet-accepted] total=570 seq=39 flags=04 status=56 pc=01845e command=13 arg=01
[  30.208]   [header-byte] write $ffa517 = 56 mask=00ff (pc=018446)
[  30.208] [packet-accepted] total=571 seq=3a flags=04 status=56 pc=01845e command=13 arg=01
[  30.225]   [header-byte] write $ffa517 = 56 mask=00ff (pc=018446)
[  30.225] [packet-accepted] total=572 seq=3b flags=04 status=56 pc=01845e command=13 arg=01
[  30.241]   [header-byte] write $ffa517 = 56 mask=00ff (pc=018446)
[  30.241] [packet-accepted] total=573 seq=3c flags=04 status=56 pc=01845e command=13 arg=01
[  30.258]   [header-byte] write $ffa517 = 56 mask=00ff (pc=018446)
[  30.258] [packet-accepted] total=574 seq=3d flags=04 status=56 pc=01845e command=13 arg=01
[  30.275]   [header-byte] write $ffa517 = 56 mask=00ff (pc=018446)
[  30.275] [packet-accepted] total=575 seq=3e flags=04 status=56 pc=01845e command=13 arg=01
[  30.292]   [header-byte] write $ffa517 = 56 mask=00ff (pc=018446)
[  30.292] [packet-accepted] total=576 seq=3f flags=04 status=56 pc=01845e command=13 arg=01
[  30.308]   [header-byte] write $ffa517 = 56 mask=00ff (pc=018446)
[  30.308] [packet-accepted] total=577 seq=40 flags=04 status=56 pc=01845e command=13 arg=01
[  30.325]   [header-byte] write $ffa517 = 56 mask=00ff (pc=018446)
[  30.325] [packet-accepted] total=578 seq=41 flags=04 status=56 pc=01845e command=13 arg=01
[  30.342]   [header-byte] write $ffa517 = 56 mask=00ff (pc=018446)
[  30.342] [packet-accepted] total=579 seq=42 flags=04 status=56 pc=01845e command=13 arg=01
[  30.358]   [header-byte] write $ffa517 = 56 mask=00ff (pc=018446)
[  30.358] [packet-accepted] total=580 seq=43 flags=04 status=56 pc=01845e command=13 arg=01
[  30.375]   [header-byte] write $ffa517 = 56 mask=00ff (pc=018446)
[  30.375] [packet-accepted] total=581 seq=44 flags=04 status=56 pc=01845e command=13 arg=01
[  30.392]   [header-byte] write $ffa517 = 56 mask=00ff (pc=018446)
[  30.392] [packet-accepted] total=582 seq=45 flags=04 status=56 pc=01845e command=13 arg=01
[  30.408]   [header-byte] write $ffa517 = 56 mask=00ff (pc=018446)
[  30.408] [packet-accepted] total=583 seq=46 flags=04 status=56 pc=01845e command=13 arg=01
[  30.427]   [header-byte] write $ffa517 = 56 mask=00ff (pc=018446)
[  30.427] [packet-accepted] total=584 seq=47 flags=04 status=56 pc=01845e command=13 arg=01
[  30.458]   [header-byte] write $ffa517 = 56 mask=00ff (pc=018446)
[  30.458] [packet-accepted] total=585 seq=48 flags=04 status=56 pc=01845e command=13 arg=01
[  30.459]   [header-byte] write $ffa517 = 56 mask=00ff (pc=018446)
[  30.459] [packet-accepted] total=586 seq=49 flags=04 status=56 pc=01845e command=13 arg=01
[  30.492]   [header-byte] write $ffa517 = 56 mask=00ff (pc=018446)
[  30.492] [packet-accepted] total=587 seq=4a flags=04 status=56 pc=01845e command=13 arg=01
[  30.492]   [header-byte] write $ffa517 = 56 mask=00ff (pc=018446)
[  30.492] [packet-accepted] total=588 seq=4b flags=04 status=56 pc=01845e command=13 arg=01
[  30.525]   [header-byte] write $ffa517 = 56 mask=00ff (pc=018446)
[  30.525] [packet-accepted] total=589 seq=4c flags=04 status=56 pc=01845e command=13 arg=01
[  30.525]   [header-byte] write $ffa517 = 56 mask=00ff (pc=018446)
[  30.525] [packet-accepted] total=590 seq=4d flags=04 status=56 pc=01845e command=13 arg=01
[  30.559]   [header-byte] write $ffa517 = 56 mask=00ff (pc=018446)
[  30.559] [packet-accepted] total=591 seq=4e flags=04 status=56 pc=01845e command=13 arg=01
[  30.575]   [header-byte] write $ffa517 = 56 mask=00ff (pc=018446)
[  30.575] [packet-accepted] total=592 seq=4f flags=04 status=56 pc=01845e command=13 arg=01
[  30.594]   [header-byte] write $ffa517 = 56 mask=00ff (pc=018446)
[  30.594] [packet-accepted] total=593 seq=50 flags=04 status=56 pc=01845e command=13 arg=01
[  30.609]   [header-byte] write $ffa517 = 56 mask=00ff (pc=018446)
[  30.609] [packet-accepted] total=594 seq=51 flags=04 status=56 pc=01845e command=13 arg=01
[  30.626]   [header-byte] write $ffa517 = 56 mask=00ff (pc=018446)
[  30.626] [packet-accepted] total=595 seq=52 flags=04 status=56 pc=01845e command=13 arg=01
[  30.626]   [header-byte] write $ffa517 = 56 mask=00ff (pc=018446)
[  30.626] [packet-accepted] total=596 seq=53 flags=04 status=56 pc=01845e command=13 arg=01
[  30.642]   [header-byte] write $ffa517 = 56 mask=00ff (pc=018446)
[  30.642] [packet-accepted] total=597 seq=54 flags=04 status=56 pc=01845e command=13 arg=01
[  30.659]   [header-byte] write $ffa517 = 56 mask=00ff (pc=018446)
[  30.659] [packet-accepted] total=598 seq=55 flags=04 status=56 pc=01845e command=13 arg=01
[  30.675]   [header-byte] write $ffa517 = 56 mask=00ff (pc=018446)
[  30.675] [packet-accepted] total=599 seq=56 flags=04 status=56 pc=01845e command=13 arg=01
[  30.709]   [header-byte] write $ffa517 = 56 mask=00ff (pc=018446)
[  30.709] [packet-accepted] total=600 seq=57 flags=04 status=56 pc=01845e command=13 arg=01
[  30.742]   [header-byte] write $ffa517 = 56 mask=00ff (pc=018446)
[  30.742] [packet-accepted] total=601 seq=58 flags=04 status=56 pc=01845e command=13 arg=01
[  30.759]   [header-byte] write $ffa517 = 56 mask=00ff (pc=018446)
[  30.759] [packet-accepted] total=602 seq=59 flags=04 status=56 pc=01845e command=13 arg=01
[  30.776]   [header-byte] write $ffa517 = 56 mask=00ff (pc=018446)
[  30.776] [packet-accepted] total=603 seq=5a flags=04 status=56 pc=01845e command=13 arg=01
[  30.792]   [header-byte] write $ffa517 = 56 mask=00ff (pc=018446)
[  30.792] [packet-accepted] total=604 seq=5b flags=04 status=56 pc=01845e command=13 arg=01
[  30.809]   [header-byte] write $ffa517 = 56 mask=00ff (pc=018446)
[  30.809] [packet-accepted] total=605 seq=5c flags=04 status=56 pc=01845e command=13 arg=01
[  30.826]   [header-byte] write $ffa517 = 56 mask=00ff (pc=018446)
[  30.826] [packet-accepted] total=606 seq=5d flags=04 status=56 pc=01845e command=13 arg=01
[  30.826]   [header-byte] write $ffa517 = 56 mask=00ff (pc=018446)
[  30.826] [packet-accepted] total=607 seq=5e flags=04 status=56 pc=01845e command=13 arg=01
[  30.842]   [header-byte] write $ffa517 = 56 mask=00ff (pc=018446)
[  30.842] [packet-accepted] total=608 seq=5f flags=04 status=56 pc=01845e command=13 arg=01
[  30.859]   [header-byte] write $ffa517 = 56 mask=00ff (pc=018446)
[  30.859] [packet-accepted] total=609 seq=60 flags=04 status=56 pc=01845e command=13 arg=01
[  30.876]   [header-byte] write $ffa517 = 56 mask=00ff (pc=018446)
[  30.876] [packet-accepted] total=610 seq=61 flags=04 status=56 pc=01845e command=13 arg=01
[  30.892]   [header-byte] write $ffa517 = 56 mask=00ff (pc=018446)
[  30.892] [packet-accepted] total=611 seq=62 flags=04 status=56 pc=01845e command=13 arg=01
[  30.911]   [header-byte] write $ffa517 = 56 mask=00ff (pc=018446)
[  30.911] [packet-accepted] total=612 seq=63 flags=04 status=56 pc=01845e command=13 arg=01
[  30.911]   [header-byte] write $ffa517 = 56 mask=00ff (pc=018446)
[  30.911] [packet-accepted] total=613 seq=64 flags=04 status=56 pc=01845e command=13 arg=01
[  30.926]   [header-byte] write $ffa517 = 56 mask=00ff (pc=018446)
[  30.926] [packet-accepted] total=614 seq=65 flags=04 status=56 pc=01845e command=13 arg=01
[  30.959]   [header-byte] write $ffa517 = 56 mask=00ff (pc=018446)
[  30.959] [packet-accepted] total=615 seq=66 flags=04 status=56 pc=01845e command=13 arg=01
[  30.976]   [header-byte] write $ffa517 = 56 mask=00ff (pc=018446)
[  30.976] [packet-accepted] total=616 seq=67 flags=04 status=56 pc=01845e command=13 arg=01
[  30.992]   [header-byte] write $ffa517 = 56 mask=00ff (pc=018446)
[  30.992] [packet-accepted] total=617 seq=68 flags=04 status=56 pc=01845e command=13 arg=01
[  31.009]   [header-byte] write $ffa517 = 56 mask=00ff (pc=018446)
[  31.009] [packet-accepted] total=618 seq=69 flags=04 status=56 pc=01845e command=13 arg=01
[  31.026]   [header-byte] write $ffa517 = 56 mask=00ff (pc=018446)
[  31.026] [packet-accepted] total=619 seq=6a flags=04 status=56 pc=01845e command=13 arg=01
[  31.040] heartbeat frame=1860 tx=3157 rx=3011 fc=1 fd=10 fe=1 linkflag=81 pc=000288 a502=00 a524=0005 a525=05 a170=02 a17f=00 txtail=0055 rxpend=0000
[  31.040] [transport] captured=3157 flushed=3157 received=3011 accepted=619 payload2=577 payload3=0 payload4=0 payload5=0 pump_reads=2417 bursts=647 txcredit=0 outq=0 inq=0 watchdog=0 txseq=88 rxseq=6b rxcredit=5 protection=00 checks=0000
[  31.040] [epochs] local=1 peer=1 ready=true discarded_rx=0
[  31.040] [tcb-continuations] ffa580=ff80->018392 sleep=0 local26=7710 ffa5c0=ff80->01853c sleep=0 local26=0000 ffd040=ff80->018a40 sleep=0 local26=8300 ffd100=ff80->01fbb4 sleep=0 local26=0000 ffd140=ff80->01fbb6 sleep=0 local26=0002 ffd180=ff80->01fbb6 sleep=0 local26=00a2 ffd1c0=ff80->01fbb6 sleep=0 local26=01c2 ffd200=ff80->01fbb6 sleep=0 local26=02e2 ffd240=ff80->01902e sleep=0 local26=0000 ffd280=ff80->01ffe2 sleep=0 local26=0006 ffd2c0=ff80->020004 sleep=0 local26=0002 ffd300=ff80->020004 sleep=0 local26=0000
[  31.043]   [header-byte] write $ffa517 = 56 mask=00ff (pc=018446)
[  31.043] [packet-accepted] total=620 seq=6b flags=04 status=56 pc=01845e command=13 arg=01
[  31.061]   [header-byte] write $ffa517 = 56 mask=00ff (pc=018446)
[  31.061] [packet-accepted] total=621 seq=6c flags=04 status=56 pc=01845e command=13 arg=01
[  31.076]   [header-byte] write $ffa517 = 56 mask=00ff (pc=018446)
[  31.076] [packet-accepted] total=622 seq=6d flags=04 status=56 pc=01845e command=13 arg=01
[  31.092]   [header-byte] write $ffa517 = 56 mask=00ff (pc=018446)
[  31.092] [packet-accepted] total=623 seq=6e flags=04 status=56 pc=01845e command=13 arg=01
[  31.109]   [header-byte] write $ffa517 = 56 mask=00ff (pc=018446)
[  31.109] [packet-accepted] total=624 seq=6f flags=04 status=56 pc=01845e command=13 arg=01
[  31.126]   [header-byte] write $ffa517 = 56 mask=00ff (pc=018446)
[  31.126] [packet-accepted] total=625 seq=70 flags=04 status=56 pc=01845e command=13 arg=01
[  31.143]   [header-byte] write $ffa517 = 56 mask=00ff (pc=018446)
[  31.143] [packet-accepted] total=626 seq=71 flags=04 status=56 pc=01845e command=13 arg=01
[  31.159]   [header-byte] write $ffa517 = 56 mask=00ff (pc=018446)
[  31.159] [packet-accepted] total=627 seq=72 flags=04 status=56 pc=01845e command=13 arg=01
[  31.176]   [header-byte] write $ffa517 = 56 mask=00ff (pc=018446)
[  31.176] [packet-accepted] total=628 seq=73 flags=04 status=56 pc=01845e command=13 arg=01
[  31.193]   [header-byte] write $ffa517 = 56 mask=00ff (pc=018446)
[  31.193] [packet-accepted] total=629 seq=74 flags=04 status=56 pc=01845e command=13 arg=01
[  31.209]   [header-byte] write $ffa517 = 56 mask=00ff (pc=018446)
[  31.209] [packet-accepted] total=630 seq=75 flags=04 status=56 pc=01845e command=13 arg=01
[  31.226]   [header-byte] write $ffa517 = 56 mask=00ff (pc=018446)
[  31.226] [packet-accepted] total=631 seq=76 flags=04 status=56 pc=01845e command=13 arg=01
[  31.242]   [header-byte] write $ffa517 = 56 mask=00ff (pc=018446)
[  31.242] [packet-accepted] total=632 seq=77 flags=04 status=56 pc=01845e command=13 arg=01
[  31.259]   [header-byte] write $ffa517 = 56 mask=00ff (pc=018446)
[  31.259] [packet-accepted] total=633 seq=78 flags=04 status=56 pc=01845e command=13 arg=01
[  31.276]   [header-byte] write $ffa517 = 56 mask=00ff (pc=018446)
[  31.276] [packet-accepted] total=634 seq=79 flags=04 status=56 pc=01845e command=13 arg=01
[  31.293]   [header-byte] write $ffa517 = 56 mask=00ff (pc=018446)
[  31.293] [packet-accepted] total=635 seq=7a flags=04 status=56 pc=01845e command=13 arg=01
[  31.309]   [header-byte] write $ffa517 = 56 mask=00ff (pc=018446)
[  31.309] [packet-accepted] total=636 seq=7b flags=04 status=56 pc=01845e command=13 arg=01
[  31.326]   [header-byte] write $ffa517 = 56 mask=00ff (pc=018446)
[  31.326] [packet-accepted] total=637 seq=7c flags=04 status=56 pc=01845e command=13 arg=01
[  31.343]   [header-byte] write $ffa517 = 56 mask=00ff (pc=018446)
[  31.343] [packet-accepted] total=638 seq=7d flags=04 status=56 pc=01845e command=13 arg=01
[  31.359]   [header-byte] write $ffa517 = 56 mask=00ff (pc=018446)
[  31.359] [packet-accepted] total=639 seq=7e flags=04 status=56 pc=01845e command=13 arg=01
[  31.378]   [header-byte] write $ffa517 = 56 mask=00ff (pc=018446)
[  31.378] [packet-accepted] total=640 seq=7f flags=04 status=56 pc=01845e command=13 arg=01
[  31.393]   [header-byte] write $ffa517 = 56 mask=00ff (pc=018446)
[  31.393] [packet-accepted] total=641 seq=80 flags=04 status=56 pc=01845e command=13 arg=01
[  31.409]   [header-byte] write $ffa517 = 56 mask=00ff (pc=018446)
[  31.410] [packet-accepted] total=642 seq=81 flags=04 status=56 pc=01845e command=13 arg=01
[  31.426]   [header-byte] write $ffa517 = 56 mask=00ff (pc=018446)
[  31.426] [packet-accepted] total=643 seq=82 flags=04 status=56 pc=01845e command=13 arg=01
[  31.443]   [header-byte] write $ffa517 = 56 mask=00ff (pc=018446)
[  31.443] [packet-accepted] total=644 seq=83 flags=04 status=56 pc=01845e command=13 arg=01
[  31.460]   [header-byte] write $ffa517 = 56 mask=00ff (pc=018446)
[  31.460] [packet-accepted] total=645 seq=84 flags=04 status=56 pc=01845e command=13 arg=01
[  31.476]   [header-byte] write $ffa517 = 56 mask=00ff (pc=018446)
[  31.476] [packet-accepted] total=646 seq=85 flags=04 status=56 pc=01845e command=13 arg=01
[  31.493]   [header-byte] write $ffa517 = 56 mask=00ff (pc=018446)
[  31.493] [packet-accepted] total=647 seq=86 flags=04 status=56 pc=01845e command=13 arg=01
[  31.510]   [header-byte] write $ffa517 = 56 mask=00ff (pc=018446)
[  31.510] [packet-accepted] total=648 seq=87 flags=04 status=56 pc=01845e command=13 arg=01
[  31.526]   [header-byte] write $ffa517 = 56 mask=00ff (pc=018446)
[  31.526] [packet-accepted] total=649 seq=88 flags=04 status=56 pc=01845e command=13 arg=01
[  31.544]   [header-byte] write $ffa517 = 56 mask=00ff (pc=018446)
[  31.544] [packet-accepted] total=650 seq=89 flags=04 status=56 pc=01845e command=13 arg=01
[  31.560]   [header-byte] write $ffa517 = 56 mask=00ff (pc=018446)
[  31.560] [packet-accepted] total=651 seq=8a flags=04 status=56 pc=01845e command=13 arg=01
[  31.578]   [header-byte] write $ffa517 = 56 mask=00ff (pc=018446)
[  31.578] [packet-accepted] total=652 seq=8b flags=04 status=56 pc=01845e command=13 arg=01
[  31.593]   [header-byte] write $ffa517 = 56 mask=00ff (pc=018446)
[  31.593] [packet-accepted] total=653 seq=8c flags=04 status=56 pc=01845e command=13 arg=01
[  31.610]   [header-byte] write $ffa517 = 56 mask=00ff (pc=018446)
[  31.610] [packet-accepted] total=654 seq=8d flags=04 status=56 pc=01845e command=13 arg=01
[  31.626]   [header-byte] write $ffa517 = 56 mask=00ff (pc=018446)
[  31.626] [packet-accepted] total=655 seq=8e flags=04 status=56 pc=01845e command=13 arg=01
[  31.643]   [header-byte] write $ffa517 = 56 mask=00ff (pc=018446)
[  31.643] [packet-accepted] total=656 seq=8f flags=04 status=56 pc=01845e command=13 arg=01
[  31.660]   [header-byte] write $ffa517 = 56 mask=00ff (pc=018446)
[  31.660] [packet-accepted] total=657 seq=90 flags=04 status=56 pc=01845e command=13 arg=01
[  31.676]   [header-byte] write $ffa517 = 56 mask=00ff (pc=018446)
[  31.676] [packet-accepted] total=658 seq=91 flags=04 status=56 pc=01845e command=13 arg=01
[  31.693]   [header-byte] write $ffa517 = 56 mask=00ff (pc=018446)
[  31.693] [packet-accepted] total=659 seq=92 flags=04 status=56 pc=01845e command=13 arg=01
[  31.710]   [header-byte] write $ffa517 = 56 mask=00ff (pc=018446)
[  31.710] [packet-accepted] total=660 seq=93 flags=04 status=56 pc=01845e command=13 arg=01
[  31.726]   [header-byte] write $ffa517 = 56 mask=00ff (pc=018446)
[  31.726] [packet-accepted] total=661 seq=94 flags=04 status=56 pc=01845e command=13 arg=01
[  31.743]   [header-byte] write $ffa517 = 56 mask=00ff (pc=018446)
[  31.743] [packet-accepted] total=662 seq=95 flags=04 status=56 pc=01845e command=13 arg=01
[  31.760]   [header-byte] write $ffa517 = 56 mask=00ff (pc=018446)
[  31.760] [packet-accepted] total=663 seq=96 flags=04 status=56 pc=01845e command=13 arg=01
[  31.793]   [header-byte] write $ffa517 = 56 mask=00ff (pc=018446)
[  31.793] [packet-accepted] total=664 seq=97 flags=04 status=56 pc=01845e command=13 arg=01
[  31.810]   [header-byte] write $ffa517 = 56 mask=00ff (pc=018446)
[  31.810] [packet-accepted] total=665 seq=98 flags=04 status=56 pc=01845e command=13 arg=01
[  31.810]   [header-byte] write $ffa517 = 56 mask=00ff (pc=018446)
[  31.810] [packet-accepted] total=666 seq=99 flags=04 status=56 pc=01845e command=13 arg=01
[  31.843]   [header-byte] write $ffa517 = 56 mask=00ff (pc=018446)
[  31.843] [packet-accepted] total=667 seq=9a flags=04 status=56 pc=01845e command=13 arg=01
[  31.843]   [header-byte] write $ffa517 = 56 mask=00ff (pc=018446)
[  31.843] [packet-accepted] total=668 seq=9b flags=04 status=56 pc=01845e command=13 arg=01
[  31.862]   [header-byte] write $ffa517 = 56 mask=00ff (pc=018446)
[  31.862] [packet-accepted] total=669 seq=9c flags=04 status=56 pc=01845e command=13 arg=01
[  31.877]   [header-byte] write $ffa517 = 56 mask=00ff (pc=018446)
[  31.877] [packet-accepted] total=670 seq=9d flags=04 status=56 pc=01845e command=13 arg=01
[  31.910]   [header-byte] write $ffa517 = 56 mask=00ff (pc=018446)
[  31.910] [packet-accepted] total=671 seq=9e flags=04 status=56 pc=01845e command=73 arg=01
[  31.910] [game-command] data=7373 mask=ff00 pc=018b72 requests=04
[  31.927]   [header-byte] write $ffa517 = 56 mask=00ff (pc=018446)
[  31.927] [packet-accepted] total=672 seq=9f flags=04 status=56 pc=01845e command=83 arg=34
[  31.927]   [header-byte] write $ffa513 = 54 mask=00ff (pc=018d88)
[  32.041] heartbeat frame=1920 tx=3432 rx=3276 fc=1 fd=10 fe=1 linkflag=81 pc=000288 a502=00 a524=0000 a525=00 a170=02 a17f=00 txtail=0068 rxpend=0000
[  32.041] [transport] captured=3432 flushed=3432 received=3276 accepted=672 payload2=630 payload3=0 payload4=0 payload5=0 pump_reads=2528 bursts=702 txcredit=0 outq=0 inq=0 watchdog=6 txseq=be rxseq=a0 rxcredit=0 protection=00 checks=0000
[  32.041] [epochs] local=1 peer=1 ready=true discarded_rx=0
[  32.041] [game-state] a142=04 a13e=02 a13f=03 a530=7302 a506=03 a507=00 a508=00 a7b0=0022 a7a6=8334 script=01a842 mode=01 rule=01 base=120 margin=6 difficulty=2 preset=0
[  32.041] [tcb-continuations] ffa580=ff80->018392 sleep=0 local26=7710 ffa5c0=ff80->01853c sleep=0 local26=0600 ffd040=ff80->018db6 sleep=13 local26=8300 ffd100=ff80->01fbb4 sleep=0 local26=0000 ffd140=ff80->01fbb6 sleep=0 local26=0002 ffd180=ff80->01fbb6 sleep=0 local26=00a2 ffd1c0=ff80->01fbb6 sleep=0 local26=01c2 ffd200=ff80->01fbb6 sleep=0 local26=02e2 ffd240=ff80->01902e sleep=0 local26=0000
[  32.444]   [header-byte] write $ffa517 = 56 mask=00ff (pc=018446)
[  32.928]   [header-byte] write $ffa517 = 56 mask=00ff (pc=018446)
[  33.043] heartbeat frame=1980 tx=3438 rx=3282 fc=1 fd=10 fe=1 linkflag=81 pc=000288 a502=00 a524=0000 a525=00 a170=02 a17f=00 txtail=006e rxpend=0000
[  33.043] [transport] captured=3438 flushed=3438 received=3282 accepted=674 payload2=630 payload3=0 payload4=0 payload5=0 pump_reads=2590 bursts=704 txcredit=0 outq=0 inq=0 watchdog=6 txseq=c0 rxseq=a2 rxcredit=0 protection=00 checks=0000
[  33.043] [epochs] local=1 peer=1 ready=true discarded_rx=0
[  33.043] [tcb-continuations] ffa580=ff80->018392 sleep=0 local26=7710 ffa5c0=ff80->01853c sleep=0 local26=0600 ffd040=ff80->018e08 sleep=134 local26=8300 ffd100=ff80->01fbb4 sleep=0 local26=0000 ffd140=ff80->01fbb6 sleep=0 local26=0002 ffd180=ff80->01fbb6 sleep=0 local26=00a2 ffd1c0=ff80->01fbb6 sleep=0 local26=01c2 ffd200=ff80->01fbb6 sleep=0 local26=02e2 ffd240=ff80->01902e sleep=0 local26=0000 ffd280=ff80->027726 sleep=0 local26=0001
[  33.168]   [menu-state] write $ffa170 = 0000 mask=ff00 (pc=01afb6)
[  33.168]   [menu-state] write $ffa170 = 8282 mask=ff00 (pc=01afd8)
[  33.168]   [menu-state] write $ffa176 = 0000 mask=ff00 (pc=01afde)
[  33.168]   [header-byte] write $ffa513 = 00 mask=00ff (pc=01afe6)
[  33.168]   [header-byte] write $ffa513 = 10 mask=00ff (pc=01affe)
[  33.168]   [header-byte] write $ffa513 = 50 mask=00ff (pc=01b022)
[  33.168]   [header-byte] write $ffa513 = 54 mask=00ff (pc=01b044)
[  33.168]   [menu-state] write $ffa170 = 8282 mask=ff00 (pc=018062)
[  33.168]   [menu-state] write $ffa176 = 0000 mask=ff00 (pc=01afde)
[  33.168]   [header-byte] write $ffa513 = 00 mask=00ff (pc=01afe6)
[  33.168]   [header-byte] write $ffa513 = 10 mask=00ff (pc=01affe)
[  33.169]   [header-byte] write $ffa513 = 50 mask=00ff (pc=01b022)
[  33.169]   [header-byte] write $ffa513 = 54 mask=00ff (pc=01b044)
[  33.502]   [header-byte] write $ffa517 = 56 mask=00ff (pc=018446)
[  33.963]   [header-byte] write $ffa517 = 56 mask=00ff (pc=018446)
[  34.044] heartbeat frame=2040 tx=3444 rx=3288 fc=1 fd=10 fe=1 linkflag=81 pc=00028a a502=00 a524=0000 a525=00 a170=82 a17f=00 txtail=0074 rxpend=0000
[  34.044] [transport] captured=3444 flushed=3444 received=3288 accepted=676 payload2=630 payload3=0 payload4=0 payload5=0 pump_reads=2652 bursts=706 txcredit=0 outq=0 inq=0 watchdog=4 txseq=c2 rxseq=a4 rxcredit=0 protection=00 checks=0000
[  34.044] [epochs] local=1 peer=1 ready=true discarded_rx=0
[  34.044] [game-state] a142=02 a13e=02 a13f=03 a530=7302 a506=03 a507=00 a508=00 a7b0=0022 a7a6=8334 script=01f7f6 mode=01 rule=01 base=120 margin=6 difficulty=0 preset=0
[  34.044] [tcb-continuations] ffa580=ff80->018392 sleep=0 local26=7710 ffa5c0=ff80->01853c sleep=0 local26=0300 ffd100=ff80->023daa sleep=0 local26=0000 ffd140=ff80->023c40 sleep=0 local26=0000 ffd180=ff80->023c70 sleep=0 local26=0002 ffd1c0=ff80->023c70 sleep=0 local26=0000 ffd200=ff80->023c08 sleep=0 local26=0000
[  34.463]   [header-byte] write $ffa517 = 56 mask=00ff (pc=018446)
[  34.964]   [header-byte] write $ffa517 = 56 mask=00ff (pc=018446)
[  35.045] heartbeat frame=2100 tx=3450 rx=3294 fc=1 fd=10 fe=1 linkflag=81 pc=00028a a502=00 a524=0000 a525=00 a170=82 a17f=00 txtail=007a rxpend=0000
[  35.045] [transport] captured=3450 flushed=3450 received=3294 accepted=678 payload2=630 payload3=0 payload4=0 payload5=0 pump_reads=2714 bursts=708 txcredit=0 outq=0 inq=0 watchdog=4 txseq=c4 rxseq=a6 rxcredit=0 protection=00 checks=0000
[  35.045] [epochs] local=1 peer=1 ready=true discarded_rx=0
[  35.045] [tcb-continuations] ffa580=ff80->018392 sleep=0 local26=7710 ffa5c0=ff80->01853c sleep=0 local26=0300 ffd100=ff80->023f42 sleep=1 local26=0000 ffd200=ff80->023c3e sleep=0 local26=0000
[  35.465]   [header-byte] write $ffa517 = 56 mask=00ff (pc=018446)
[  36.046] heartbeat frame=2160 tx=3453 rx=3300 fc=1 fd=10 fe=1 linkflag=81 pc=001eda a502=00 a524=0000 a525=00 a170=82 a17f=00 txtail=007d rxpend=0003
[  36.046] [transport] captured=3453 flushed=3453 received=3300 accepted=679 payload2=630 payload3=0 payload4=0 payload5=0 pump_reads=2776 bursts=709 txcredit=0 outq=0 inq=0 watchdog=27 txseq=c5 rxseq=a7 rxcredit=0 protection=00 checks=0000
[  36.046] [epochs] local=1 peer=1 ready=true discarded_rx=0
[  36.046] [game-state] a142=02 a13e=02 a13f=03 a530=7302 a506=03 a507=00 a508=00 a7b0=0022 a7a6=8334 script=01a4b0 mode=01 rule=01 base=120 margin=6 difficulty=2 preset=0
[  36.046] [tcb-continuations] ffa580=ff80->018392 sleep=0 local26=7710 ffa5c0=ff80->01853c sleep=0 local26=1a00
[  36.454]   [header-byte] write $ffa517 = 56 mask=00ff (pc=018446)
[  36.454]   [header-byte] write $ffa517 = 54 mask=00ff (pc=018446)
[  36.454] [packet-accepted] total=681 seq=a8 flags=04 status=54 pc=01845e command=c3 arg=34
[  36.543] [attack-state] address=ffa7e0 data=0000 mask=ffff pc=004d98 protection=00
[  36.543] [attack-state] address=ffa7e4 data=0000 mask=ffff pc=004d9e protection=00
[  36.733]   [header-byte] write $ffa517 = 54 mask=00ff (pc=018446)
[  37.048] heartbeat frame=2220 tx=3459 rx=3308 fc=1 fd=10 fe=1 linkflag=81 pc=000288 a502=00 a524=0000 a525=00 a170=82 a17f=00 txtail=0083 rxpend=0000
[  37.048] [transport] captured=3459 flushed=3459 received=3308 accepted=682 payload2=631 payload3=0 payload4=0 payload5=0 pump_reads=2838 bursts=711 txcredit=0 outq=0 inq=0 watchdog=18 txseq=c7 rxseq=aa rxcredit=0 protection=00 checks=0000
[  37.048] [epochs] local=1 peer=1 ready=true discarded_rx=0
[  37.048] [game-state] a142=02 a13e=02 a13f=03 a530=7302 a506=03 a507=00 a508=00 a7b0=0022 a7a6=c334 script=01a51a mode=01 rule=01 base=120 margin=6 difficulty=2 preset=0
[  37.048] [tcb-continuations] ffa580=ff80->018392 sleep=0 local26=7710 ffa5c0=ff80->01853c sleep=0 local26=0200 ffd040=ffc0->00daca sleep=0 local26=0000 ffd080=ffc0->004f14 sleep=0 local26=0000 ffd0c0=ffc0->004f14 sleep=0 local26=0000 ffd100=ff80->006782 sleep=0 local26=0000 ffd140=ffc0->007f6e sleep=0 local26=0000 ffd180=ff80->00539a sleep=0 local26=0200 ffd1c0=ff00->005660 sleep=0 local26=e602 ffd200=ff00->0056e4 sleep=0 local26=0000 ffd240=ff80->00539a sleep=0 local26=0200 ffd280=ff00->005660 sleep=0 local26=e602 ffd2c0=ff00->0056e4 sleep=0 local26=0000 ffd300=ff80->0086ee sleep=0 local26=0000 ffd340=ff80->0086ee sleep=0 local26=0000
[  37.234]   [header-byte] write $ffa517 = 54 mask=00ff (pc=018446)
[  37.718]   [header-byte] write $ffa517 = 54 mask=00ff (pc=018446)
[  38.049] heartbeat frame=2280 tx=3465 rx=3314 fc=1 fd=10 fe=1 linkflag=81 pc=000288 a502=00 a524=0000 a525=00 a170=82 a17f=00 txtail=0089 rxpend=0000
[  38.049] [transport] captured=3465 flushed=3465 received=3314 accepted=684 payload2=631 payload3=0 payload4=0 payload5=0 pump_reads=2900 bursts=713 txcredit=0 outq=0 inq=0 watchdog=19 txseq=c9 rxseq=ac rxcredit=0 protection=00 checks=0000
[  38.049] [epochs] local=1 peer=1 ready=true discarded_rx=0
[  38.049] [tcb-continuations] ffa580=ff80->018392 sleep=0 local26=7710 ffa5c0=ff80->01853c sleep=0 local26=0200 ffd040=ffc0->00daca sleep=0 local26=0000 ffd080=ffc0->004f14 sleep=0 local26=0000 ffd0c0=ffc0->004f14 sleep=0 local26=0000 ffd100=ff80->006782 sleep=0 local26=0000 ffd140=ffc0->007f6e sleep=0 local26=0000 ffd180=ff80->0054b2 sleep=0 local26=0200 ffd240=ff80->0054b2 sleep=0 local26=0200
[  38.218]   [header-byte] write $ffa517 = 54 mask=00ff (pc=018446)
[  38.719]   [header-byte] write $ffa517 = 54 mask=00ff (pc=018446)
[  39.050] heartbeat frame=2340 tx=3471 rx=3320 fc=1 fd=10 fe=1 linkflag=81 pc=00028a a502=00 a524=0000 a525=00 a170=82 a17f=00 txtail=008f rxpend=0000
[  39.050] [transport] captured=3471 flushed=3471 received=3320 accepted=686 payload2=631 payload3=0 payload4=0 payload5=0 pump_reads=2962 bursts=715 txcredit=0 outq=0 inq=0 watchdog=19 txseq=cb rxseq=ae rxcredit=0 protection=00 checks=0000
[  39.050] [epochs] local=1 peer=1 ready=true discarded_rx=0
[  39.050] [tcb-continuations] ffa580=ff80->018392 sleep=0 local26=7710 ffa5c0=ff80->01853c sleep=0 local26=0200 ffd040=ffc0->00daca sleep=0 local26=0000 ffd080=ffc0->004f30 sleep=0 local26=0000 ffd0c0=ffc0->004f30 sleep=0 local26=0000 ffd100=ff80->006782 sleep=0 local26=0000 ffd140=ffc0->007fb6 sleep=0 local26=0000
[  39.070] [game-command] data=7878 mask=ff00 pc=007ffa requests=00
[  39.120] [game-command] data=f8f8 mask=ff00 pc=008022 requests=00
[  39.219]   [header-byte] write $ffa517 = 54 mask=00ff (pc=018446)
[  39.720]   [header-byte] write $ffa517 = 54 mask=00ff (pc=018446)
[  40.052] heartbeat frame=2400 tx=3489 rx=3326 fc=1 fd=10 fe=1 linkflag=81 pc=000288 a502=00 a524=0000 a525=00 a170=82 a17f=00 txtail=00a1 rxpend=0000
[  40.052] [transport] captured=3489 flushed=3489 received=3326 accepted=688 payload2=631 payload3=0 payload4=0 payload5=0 pump_reads=3024 bursts=719 txcredit=0 outq=0 inq=0 watchdog=19 txseq=cf rxseq=b0 rxcredit=0 protection=00 checks=0000
[  40.052] [epochs] local=1 peer=1 ready=true discarded_rx=0
[  40.052] [game-state] a142=02 a13e=02 a13f=03 a530=f802 a506=03 a507=00 a508=00 a7b0=0022 a7a6=c334 script=01a51a mode=01 rule=01 base=120 margin=6 difficulty=2 preset=0
[  40.052] [tcb-continuations] ffa580=ff80->018392 sleep=0 local26=7710 ffa5c0=ff80->01853c sleep=0 local26=1a00 ffd040=ffc0->00daca sleep=0 local26=0000 ffd080=ffc0->00504e sleep=0 local26=3100 ffd0c0=ffc0->00504e sleep=0 local26=3100 ffd100=ff80->006782 sleep=0 local26=0000 ffd140=ffc0->008082 sleep=0 local26=0319 ffd180=ff80->007944 sleep=0 local26=0000 ffd1c0=ff80->007d70 sleep=0 local26=0000 ffd200=ff80->007944 sleep=0 local26=0000 ffd240=ff80->007d70 sleep=0 local26=0000 ffe180=ff00->008362 sleep=0 local26=ffdc ffe200=ff00->008362 sleep=0 local26=ffdc ffe240=ff00->008362 sleep=0 local26=ffdc ffe280=ff00->008362 sleep=0 local26=ffdc ffe2c0=ff00->008362 sleep=0 local26=ffdc ffe300=ff00->008362 sleep=0 local26=ffdc ffe340=ff00->008362 sleep=0 local26=ffdc ffe380=ff00->008362 sleep=0 local26=ffdc ffe3c0=ff00->008362 sleep=0 local26=ffdc ffe400=ff00->008362 sleep=0 local26=ffdc ffe440=ff00->008362 sleep=0 local26=ffdc ffe480=ff00->008362 sleep=0 local26=ffdc ffe4c0=ff00->008362 sleep=0 local26=ffdc ffe500=ff00->008362 sleep=0 local26=ffdc ffe540=ff00->008362 sleep=0 local26=ffdc ffe580=ff00->008362 sleep=0 local26=ffdc ffe640=ff00->008362 sleep=0 local26=ffdc
[  40.221]   [header-byte] write $ffa517 = 54 mask=00ff (pc=018446)
[  40.738]   [header-byte] write $ffa517 = 54 mask=00ff (pc=018446)
[  41.053] heartbeat frame=2460 tx=3495 rx=3332 fc=1 fd=10 fe=1 linkflag=81 pc=00028a a502=00 a524=0000 a525=00 a170=82 a17f=00 txtail=00a7 rxpend=0000
[  41.053] [transport] captured=3495 flushed=3495 received=3332 accepted=690 payload2=631 payload3=0 payload4=0 payload5=0 pump_reads=3086 bursts=721 txcredit=0 outq=0 inq=0 watchdog=18 txseq=d1 rxseq=b2 rxcredit=0 protection=00 checks=0000
[  41.053] [epochs] local=1 peer=1 ready=true discarded_rx=0
[  41.053] [tcb-continuations] ffa580=ff80->018392 sleep=0 local26=7710 ffa5c0=ff80->01853c sleep=0 local26=1a00 ffd040=ffc0->00daca sleep=0 local26=0000 ffd080=ffc0->00504e sleep=0 local26=6d00 ffd0c0=ffc0->00504e sleep=0 local26=6d00 ffd100=ff80->006782 sleep=0 local26=0000 ffd140=ffc0->008082 sleep=0 local26=0319 ffd180=ff80->007944 sleep=0 local26=0000 ffd1c0=ff80->007d70 sleep=0 local26=0000 ffd200=ff80->007944 sleep=0 local26=0000 ffd240=ff80->007d70 sleep=0 local26=0000
[  41.238]   [header-byte] write $ffa517 = 54 mask=00ff (pc=018446)
[  41.756]   [header-byte] write $ffa517 = 54 mask=00ff (pc=018446)
[  42.054] heartbeat frame=2520 tx=3501 rx=3338 fc=1 fd=10 fe=1 linkflag=81 pc=00028a a502=00 a524=0000 a525=00 a170=82 a17f=00 txtail=00ad rxpend=0000
[  42.054] [transport] captured=3501 flushed=3501 received=3338 accepted=692 payload2=631 payload3=0 payload4=0 payload5=0 pump_reads=3148 bursts=723 txcredit=0 outq=0 inq=0 watchdog=17 txseq=d3 rxseq=b4 rxcredit=0 protection=00 checks=0000
[  42.054] [epochs] local=1 peer=1 ready=true discarded_rx=0
[  42.054] [tcb-continuations] ffa580=ff80->018392 sleep=0 local26=7710 ffa5c0=ff80->01853c sleep=0 local26=1a00 ffd040=ffc0->00daca sleep=0 local26=0000 ffd080=ffc0->00504e sleep=0 local26=a900 ffd0c0=ffc0->00504e sleep=0 local26=a900 ffd100=ff80->006782 sleep=0 local26=0000 ffd140=ffc0->008082 sleep=0 local26=0219 ffd180=ff80->007944 sleep=0 local26=0000 ffd1c0=ff80->007d70 sleep=0 local26=0000 ffd200=ff80->007944 sleep=0 local26=0000 ffd240=ff80->007d70 sleep=0 local26=0000
[  42.257]   [header-byte] write $ffa517 = 54 mask=00ff (pc=018446)
[  42.757]   [header-byte] write $ffa517 = 54 mask=00ff (pc=018446)
[  43.008] [attack-state] address=ffa7e0 data=8080 mask=ff00 pc=0050ce protection=00
[  43.008] [attack-state] address=ffa7e4 data=8080 mask=ff00 pc=0050ce protection=00
[  43.055] heartbeat frame=2580 tx=3507 rx=3344 fc=1 fd=10 fe=1 linkflag=81 pc=00028a a502=00 a524=0000 a525=00 a170=82 a17f=00 txtail=00b3 rxpend=0000
[  43.055] [transport] captured=3507 flushed=3507 received=3344 accepted=694 payload2=631 payload3=0 payload4=0 payload5=0 pump_reads=3210 bursts=725 txcredit=0 outq=0 inq=0 watchdog=17 txseq=d5 rxseq=b6 rxcredit=0 protection=00 checks=0000
[  43.055] [epochs] local=1 peer=1 ready=true discarded_rx=0
[  43.055] [tcb-continuations] ffa580=ff80->018392 sleep=0 local26=7710 ffa5c0=ff80->01853c sleep=0 local26=1a00 ffd040=ffc0->00daca sleep=0 local26=0000 ffd080=ffc0->004fbc sleep=0 local26=0000 ffd0c0=ffc0->004fbc sleep=0 local26=0000 ffd100=ff80->006782 sleep=0 local26=0000 ffd140=ffc0->008082 sleep=0 local26=0119 ffd180=ff00->0079fe sleep=13 local26=0000 ffd1c0=ff00->0079fe sleep=5 local26=0000 ffd200=ff00->0079fe sleep=13 local26=0000 ffd240=ff00->0079fe sleep=5 local26=0000
[  43.258]   [header-byte] write $ffa517 = 54 mask=00ff (pc=018446)
[  43.759]   [header-byte] write $ffa517 = 54 mask=00ff (pc=018446)
[  44.057] heartbeat frame=2640 tx=3513 rx=3350 fc=1 fd=10 fe=1 linkflag=81 pc=000288 a502=00 a524=0000 a525=00 a170=82 a17f=00 txtail=00b9 rxpend=0000
[  44.057] [transport] captured=3513 flushed=3513 received=3350 accepted=696 payload2=631 payload3=0 payload4=0 payload5=0 pump_reads=3272 bursts=727 txcredit=0 outq=0 inq=0 watchdog=17 txseq=d7 rxseq=b8 rxcredit=0 protection=00 checks=0000
[  44.057] [epochs] local=1 peer=1 ready=true discarded_rx=0
[  44.057] [tcb-continuations] ffa580=ff80->018392 sleep=0 local26=7710 ffa5c0=ff80->01853c sleep=0 local26=1a00 ffd040=ffc0->00daca sleep=0 local26=0000 ffd080=ffc0->00504e sleep=0 local26=3900 ffd0c0=ffc0->00504e sleep=0 local26=3900 ffd100=ff80->006782 sleep=0 local26=0000 ffd140=ffc0->008082 sleep=0 local26=0019 ffd280=ff80->007944 sleep=0 local26=0000 ffd2c0=ff80->007d70 sleep=0 local26=0000 ffd300=ff80->007944 sleep=0 local26=0000 ffd340=ff80->007d70 sleep=0 local26=0000
[  44.260]   [header-byte] write $ffa517 = 54 mask=00ff (pc=018446)
[  44.760]   [header-byte] write $ffa517 = 54 mask=00ff (pc=018446)
[  45.058] heartbeat frame=2700 tx=3519 rx=3356 fc=1 fd=10 fe=1 linkflag=81 pc=00028a a502=00 a524=0000 a525=00 a170=82 a17f=00 txtail=00bf rxpend=0000
[  45.058] [transport] captured=3519 flushed=3519 received=3356 accepted=698 payload2=631 payload3=0 payload4=0 payload5=0 pump_reads=3334 bursts=729 txcredit=0 outq=0 inq=0 watchdog=17 txseq=d9 rxseq=ba rxcredit=0 protection=00 checks=0000
[  45.058] [epochs] local=1 peer=1 ready=true discarded_rx=0
[  45.058] [tcb-continuations] ffa580=ff80->018392 sleep=0 local26=7710 ffa5c0=ff80->01853c sleep=0 local26=1a00 ffd040=ffc0->00daca sleep=0 local26=0000 ffd080=ffc0->00504e sleep=0 local26=7500 ffd0c0=ffc0->00504e sleep=0 local26=7500 ffd100=ff80->006782 sleep=0 local26=0000 ffd140=ffc0->008082 sleep=0 local26=00ff ffd280=ff80->007944 sleep=0 local26=0000 ffd2c0=ff80->007d70 sleep=0 local26=0000 ffd300=ff80->007944 sleep=0 local26=0000 ffd340=ff80->007d70 sleep=0 local26=0000
[  45.262]   [header-byte] write $ffa517 = 54 mask=00ff (pc=018446)
[  45.761]   [header-byte] write $ffa517 = 54 mask=00ff (pc=018446)
[  46.059] heartbeat frame=2760 tx=3525 rx=3362 fc=1 fd=10 fe=1 linkflag=81 pc=00028a a502=00 a524=0000 a525=00 a170=82 a17f=00 txtail=00c5 rxpend=0000
[  46.059] [transport] captured=3525 flushed=3525 received=3362 accepted=700 payload2=631 payload3=0 payload4=0 payload5=0 pump_reads=3396 bursts=731 txcredit=0 outq=0 inq=0 watchdog=17 txseq=db rxseq=bc rxcredit=0 protection=00 checks=0000
[  46.059] [epochs] local=1 peer=1 ready=true discarded_rx=0
[  46.059] [tcb-continuations] ffa580=ff80->018392 sleep=0 local26=7710 ffa5c0=ff80->01853c sleep=0 local26=1a00 ffd040=ffc0->00daca sleep=0 local26=0000 ffd080=ffc0->00504e sleep=0 local26=b100 ffd0c0=ffc0->00504e sleep=0 local26=b100 ffd100=ff80->006782 sleep=0 local26=0000 ffd140=ffc0->008082 sleep=0 local26=00ff ffd280=ff80->007944 sleep=0 local26=0001 ffd2c0=ff80->007d70 sleep=0 local26=0000 ffd300=ff80->007944 sleep=0 local26=0001 ffd340=ff80->007d70 sleep=0 local26=0000
[  46.262]   [header-byte] write $ffa517 = 54 mask=00ff (pc=018446)
[  46.763]   [header-byte] write $ffa517 = 54 mask=00ff (pc=018446)
[  47.061] heartbeat frame=2820 tx=3531 rx=3368 fc=1 fd=10 fe=1 linkflag=81 pc=000288 a502=00 a524=0000 a525=00 a170=82 a17f=00 txtail=00cb rxpend=0000
[  47.061] [transport] captured=3531 flushed=3531 received=3368 accepted=702 payload2=631 payload3=0 payload4=0 payload5=0 pump_reads=3458 bursts=733 txcredit=0 outq=0 inq=0 watchdog=17 txseq=dd rxseq=be rxcredit=0 protection=00 checks=0000
[  47.061] [epochs] local=1 peer=1 ready=true discarded_rx=0
[  47.061] [tcb-continuations] ffa580=ff80->018392 sleep=0 local26=7710 ffa5c0=ff80->01853c sleep=0 local26=1a00 ffd040=ffc0->00daca sleep=0 local26=0000 ffd080=ffc0->00504e sleep=0 local26=0500 ffd0c0=ffc0->00504e sleep=0 local26=0500 ffd100=ff80->006782 sleep=0 local26=0000 ffd140=ffc0->008082 sleep=0 local26=0300 ffd180=ff80->007944 sleep=0 local26=0000 ffd1c0=ff80->007d70 sleep=0 local26=0000 ffd200=ff80->007944 sleep=0 local26=0000 ffd240=ff80->007d70 sleep=0 local26=0000 ffd280=ff00->0079fe sleep=5 local26=0001 ffd2c0=ff00->007a24 sleep=0 local26=0600 ffd300=ff00->0079fe sleep=5 local26=0001 ffd340=ff00->007a24 sleep=0 local26=0600 ffe000=ff00->0070c2 sleep=0 local26=4c00
[  47.263]   [header-byte] write $ffa517 = 54 mask=00ff (pc=018446)
[  47.764]   [header-byte] write $ffa517 = 54 mask=00ff (pc=018446)
[  48.062] heartbeat frame=2880 tx=3537 rx=3374 fc=1 fd=10 fe=1 linkflag=81 pc=000288 a502=00 a524=0000 a525=00 a170=82 a17f=00 txtail=00d1 rxpend=0000
[  48.062] [transport] captured=3537 flushed=3537 received=3374 accepted=704 payload2=631 payload3=0 payload4=0 payload5=0 pump_reads=3520 bursts=735 txcredit=0 outq=0 inq=0 watchdog=17 txseq=df rxseq=c0 rxcredit=0 protection=00 checks=0000
[  48.062] [epochs] local=1 peer=1 ready=true discarded_rx=0
[  48.062] [tcb-continuations] ffa580=ff80->018392 sleep=0 local26=7710 ffa5c0=ff80->01853c sleep=0 local26=1a00 ffd040=ffc0->00daca sleep=0 local26=0000 ffd080=ffc0->00504e sleep=0 local26=4100 ffd0c0=ffc0->00504e sleep=0 local26=4100 ffd100=ff80->006782 sleep=0 local26=0000 ffd140=ffc0->008082 sleep=0 local26=0200 ffd180=ff80->007944 sleep=0 local26=0000 ffd1c0=ff80->007d70 sleep=0 local26=0000 ffd200=ff80->007944 sleep=0 local26=0000 ffd240=ff80->007d70 sleep=0 local26=0000 ffe000=ff00->0070c2 sleep=0 local26=4c00
[  48.264]   [header-byte] write $ffa517 = 54 mask=00ff (pc=018446)
[  48.782]   [header-byte] write $ffa517 = 54 mask=00ff (pc=018446)
[  49.063] heartbeat frame=2940 tx=3543 rx=3380 fc=1 fd=10 fe=1 linkflag=81 pc=00028a a502=00 a524=0000 a525=00 a170=82 a17f=00 txtail=00d7 rxpend=0000
[  49.063] [transport] captured=3543 flushed=3543 received=3380 accepted=706 payload2=631 payload3=0 payload4=0 payload5=0 pump_reads=3582 bursts=737 txcredit=0 outq=0 inq=0 watchdog=16 txseq=e1 rxseq=c2 rxcredit=0 protection=00 checks=0000
[  49.063] [epochs] local=1 peer=1 ready=true discarded_rx=0
[  49.063] [tcb-continuations] ffa580=ff80->018392 sleep=0 local26=7710 ffa5c0=ff80->01853c sleep=0 local26=1a00 ffd040=ffc0->00daca sleep=0 local26=0000 ffd080=ffc0->00504e sleep=0 local26=7d00 ffd0c0=ffc0->00504e sleep=0 local26=7d00 ffd100=ff80->006782 sleep=0 local26=0000 ffd140=ffc0->008082 sleep=0 local26=0100 ffd180=ff80->007944 sleep=0 local26=0000 ffd1c0=ff80->007d70 sleep=0 local26=0000 ffd200=ff80->007944 sleep=0 local26=0000 ffd240=ff80->007d70 sleep=0 local26=0000 ffe000=ff00->0070c2 sleep=0 local26=4c00
[  49.266]   [header-byte] write $ffa517 = 54 mask=00ff (pc=018446)
[  49.785]   [header-byte] write $ffa517 = 54 mask=00ff (pc=018446)
[  50.064] heartbeat frame=3000 tx=3549 rx=3386 fc=1 fd=10 fe=1 linkflag=81 pc=00028a a502=00 a524=0000 a525=00 a170=82 a17f=00 txtail=00dd rxpend=0000
[  50.064] [transport] captured=3549 flushed=3549 received=3386 accepted=708 payload2=631 payload3=0 payload4=0 payload5=0 pump_reads=3644 bursts=739 txcredit=0 outq=0 inq=0 watchdog=16 txseq=e3 rxseq=c4 rxcredit=0 protection=00 checks=0000
[  50.064] [epochs] local=1 peer=1 ready=true discarded_rx=0
[  50.064] [tcb-continuations] ffa580=ff80->018392 sleep=0 local26=7710 ffa5c0=ff80->01853c sleep=0 local26=1a00 ffd040=ffc0->00daca sleep=0 local26=0000 ffd080=ffc0->00504e sleep=0 local26=b900 ffd0c0=ffc0->00504e sleep=0 local26=b900 ffd100=ff80->006782 sleep=0 local26=0000 ffd140=ffc0->008082 sleep=0 local26=0100 ffd180=ff80->007944 sleep=0 local26=0001 ffd1c0=ff80->007d70 sleep=0 local26=0000 ffd200=ff80->007944 sleep=0 local26=0001 ffd240=ff80->007d70 sleep=0 local26=0000 ffe000=ff00->0070c2 sleep=0 local26=4c00
[  50.284]   [header-byte] write $ffa517 = 54 mask=00ff (pc=018446)
[  50.785]   [header-byte] write $ffa517 = 54 mask=00ff (pc=018446)
[  51.066] heartbeat frame=3060 tx=3555 rx=3392 fc=1 fd=10 fe=1 linkflag=81 pc=00028a a502=00 a524=0000 a525=00 a170=82 a17f=00 txtail=00e3 rxpend=0000
[  51.066] [transport] captured=3555 flushed=3555 received=3392 accepted=710 payload2=631 payload3=0 payload4=0 payload5=0 pump_reads=3706 bursts=741 txcredit=0 outq=0 inq=0 watchdog=16 txseq=e5 rxseq=c6 rxcredit=0 protection=00 checks=0000
[  51.066] [epochs] local=1 peer=1 ready=true discarded_rx=0
[  51.066] [tcb-continuations] ffa580=ff80->018392 sleep=0 local26=7710 ffa5c0=ff80->01853c sleep=0 local26=1a00 ffd040=ffc0->00daca sleep=0 local26=0000 ffd080=ffc0->00504e sleep=0 local26=0d00 ffd0c0=ffc0->00504e sleep=0 local26=0d00 ffd100=ff80->006782 sleep=0 local26=0000 ffd140=ffc0->008082 sleep=0 local26=0000 ffd180=ff00->007a24 sleep=0 local26=0601 ffd1c0=ff00->007a24 sleep=0 local26=0400 ffd200=ff00->007a24 sleep=0 local26=0601 ffd240=ff00->007a24 sleep=0 local26=0400 ffd280=ff80->007944 sleep=0 local26=0000 ffd2c0=ff80->007d70 sleep=0 local26=0000 ffd300=ff80->007944 sleep=0 local26=0000 ffd340=ff80->007d70 sleep=0 local26=0000 ffe000=ff00->0070c2 sleep=0 local26=4c00 ffe040=ff00->0070c2 sleep=0 local26=3600
[  51.285]   [header-byte] write $ffa517 = 54 mask=00ff (pc=018446)
[  51.787]   [header-byte] write $ffa517 = 54 mask=00ff (pc=018446)
[  52.067] heartbeat frame=3120 tx=3561 rx=3398 fc=1 fd=10 fe=1 linkflag=81 pc=00028a a502=00 a524=0000 a525=00 a170=82 a17f=00 txtail=00e9 rxpend=0000
[  52.067] [transport] captured=3561 flushed=3561 received=3398 accepted=712 payload2=631 payload3=0 payload4=0 payload5=0 pump_reads=3768 bursts=743 txcredit=0 outq=0 inq=0 watchdog=16 txseq=e7 rxseq=c8 rxcredit=0 protection=00 checks=0000
[  52.067] [epochs] local=1 peer=1 ready=true discarded_rx=0
[  52.067] [tcb-continuations] ffa580=ff80->018392 sleep=0 local26=7710 ffa5c0=ff80->01853c sleep=0 local26=1a00 ffd040=ffc0->00daca sleep=0 local26=0000 ffd080=ffc0->00504e sleep=0 local26=4900 ffd0c0=ffc0->00504e sleep=0 local26=4900 ffd100=ff80->006782 sleep=0 local26=0000 ffd140=ffc0->008082 sleep=0 local26=0000 ffd280=ff80->007944 sleep=0 local26=0000 ffd2c0=ff80->007d70 sleep=0 local26=0000 ffd300=ff80->007944 sleep=0 local26=0000 ffd340=ff80->007d70 sleep=0 local26=0000 ffe000=ff00->0070c2 sleep=0 local26=4c00 ffe040=ff00->0070c2 sleep=0 local26=3600
[  52.287]   [header-byte] write $ffa517 = 54 mask=00ff (pc=018446)
[  52.787]   [header-byte] write $ffa517 = 54 mask=00ff (pc=018446)
[  53.068] heartbeat frame=3180 tx=3567 rx=3404 fc=1 fd=10 fe=1 linkflag=81 pc=000288 a502=00 a524=0000 a525=00 a170=82 a17f=00 txtail=00ef rxpend=0000
[  53.068] [transport] captured=3567 flushed=3567 received=3404 accepted=714 payload2=631 payload3=0 payload4=0 payload5=0 pump_reads=3830 bursts=745 txcredit=0 outq=0 inq=0 watchdog=16 txseq=e9 rxseq=ca rxcredit=0 protection=00 checks=0000
[  53.068] [epochs] local=1 peer=1 ready=true discarded_rx=0
[  53.068] [tcb-continuations] ffa580=ff80->018392 sleep=0 local26=7710 ffa5c0=ff80->01853c sleep=0 local26=1a00 ffd040=ffc0->00daca sleep=0 local26=0000 ffd080=ffc0->00504e sleep=0 local26=8500 ffd0c0=ffc0->00504e sleep=0 local26=8500 ffd100=ff80->006782 sleep=0 local26=0000 ffd140=ffc0->008082 sleep=0 local26=03ff ffd280=ff80->007944 sleep=0 local26=0000 ffd2c0=ff80->007d70 sleep=0 local26=0000 ffd300=ff80->007944 sleep=0 local26=0000 ffd340=ff80->007d70 sleep=0 local26=0000 ffe000=ff00->0070c2 sleep=0 local26=4100
[  53.288]   [header-byte] write $ffa517 = 54 mask=00ff (pc=018446)
[  53.789]   [header-byte] write $ffa517 = 54 mask=00ff (pc=018446)
[  54.070] heartbeat frame=3240 tx=3573 rx=3410 fc=1 fd=10 fe=1 linkflag=81 pc=000288 a502=00 a524=0000 a525=00 a170=82 a17f=00 txtail=00f5 rxpend=0000
[  54.070] [transport] captured=3573 flushed=3573 received=3410 accepted=716 payload2=631 payload3=0 payload4=0 payload5=0 pump_reads=3892 bursts=747 txcredit=0 outq=0 inq=0 watchdog=16 txseq=eb rxseq=cc rxcredit=0 protection=00 checks=0000
[  54.070] [epochs] local=1 peer=1 ready=true discarded_rx=0
[  54.070] [tcb-continuations] ffa580=ff80->018392 sleep=0 local26=7710 ffa5c0=ff80->01853c sleep=0 local26=1a00 ffd040=ffc0->00daca sleep=0 local26=0000 ffd080=ffc0->00504e sleep=0 local26=c100 ffd0c0=ffc0->00504e sleep=0 local26=c100 ffd100=ff80->006782 sleep=0 local26=0000 ffd140=ffc0->008082 sleep=0 local26=01ff ffd280=ff80->007944 sleep=0 local26=0001 ffd2c0=ff80->007d70 sleep=0 local26=0000 ffd300=ff80->007944 sleep=0 local26=0001 ffd340=ff80->007d70 sleep=0 local26=0000 ffe000=ff00->0070c2 sleep=0 local26=4100
[  54.289]   [header-byte] write $ffa517 = 54 mask=00ff (pc=018446)
[  54.790]   [header-byte] write $ffa517 = 54 mask=00ff (pc=018446)
[  55.071] heartbeat frame=3300 tx=3579 rx=3416 fc=1 fd=10 fe=1 linkflag=81 pc=00028a a502=00 a524=0000 a525=00 a170=82 a17f=00 txtail=00fb rxpend=0000
[  55.071] [transport] captured=3579 flushed=3579 received=3416 accepted=718 payload2=631 payload3=0 payload4=0 payload5=0 pump_reads=3954 bursts=749 txcredit=0 outq=0 inq=0 watchdog=16 txseq=ed rxseq=ce rxcredit=0 protection=00 checks=0000
[  55.071] [epochs] local=1 peer=1 ready=true discarded_rx=0
[  55.071] [tcb-continuations] ffa580=ff80->018392 sleep=0 local26=7710 ffa5c0=ff80->01853c sleep=0 local26=1a00 ffd040=ffc0->00daca sleep=0 local26=0000 ffd080=ffc0->00504e sleep=0 local26=0500 ffd0c0=ffc0->00504e sleep=0 local26=0500 ffd100=ff80->006782 sleep=0 local26=0000 ffd140=ffc0->008082 sleep=0 local26=031c ffd180=ff80->007944 sleep=0 local26=0000 ffd1c0=ff80->007d70 sleep=0 local26=0000 ffd200=ff80->007944 sleep=0 local26=0000 ffd240=ff80->007d70 sleep=0 local26=0000 ffd280=ff00->0079fe sleep=5 local26=0002 ffd2c0=ff00->007a24 sleep=0 local26=0600 ffd300=ff00->0079fe sleep=5 local26=0002 ffd340=ff00->007a24 sleep=0 local26=0600
[  55.291]   [header-byte] write $ffa517 = 54 mask=00ff (pc=018446)
[  55.791]   [header-byte] write $ffa517 = 54 mask=00ff (pc=018446)
[  55.791] [packet-accepted] total=720 seq=cf flags=00 status=54 pc=01845e
[  56.072] heartbeat frame=3360 tx=3585 rx=3422 fc=1 fd=10 fe=1 linkflag=81 pc=00028a a502=00 a524=0000 a525=00 a170=82 a17f=00 txtail=0001 rxpend=0000
[  56.072] [transport] captured=3585 flushed=3585 received=3422 accepted=720 payload2=631 payload3=0 payload4=0 payload5=0 pump_reads=4016 bursts=751 txcredit=0 outq=0 inq=0 watchdog=16 txseq=ef rxseq=d0 rxcredit=0 protection=00 checks=0000
[  56.072] [epochs] local=1 peer=1 ready=true discarded_rx=0
[  56.072] [tcb-continuations] ffa580=ff80->018392 sleep=0 local26=7710 ffa5c0=ff80->01853c sleep=0 local26=1a00 ffd040=ffc0->00daca sleep=0 local26=0000 ffd080=ffc0->00504e sleep=0 local26=4100 ffd0c0=ffc0->00504e sleep=0 local26=4100 ffd100=ff80->006782 sleep=0 local26=0000 ffd140=ffc0->008082 sleep=0 local26=031c ffd180=ff80->007944 sleep=0 local26=0000 ffd1c0=ff80->007d70 sleep=0 local26=0000 ffd200=ff80->007944 sleep=0 local26=0000 ffd240=ff80->007d70 sleep=0 local26=0000
[  56.292]   [header-byte] write $ffa517 = 54 mask=00ff (pc=018446)
[  56.794]   [header-byte] write $ffa517 = 54 mask=00ff (pc=018446)
[  57.073] heartbeat frame=3420 tx=3591 rx=3428 fc=1 fd=10 fe=1 linkflag=81 pc=00028a a502=00 a524=0000 a525=00 a170=82 a17f=00 txtail=0007 rxpend=0000
[  57.073] [transport] captured=3591 flushed=3591 received=3428 accepted=722 payload2=631 payload3=0 payload4=0 payload5=0 pump_reads=4078 bursts=753 txcredit=0 outq=0 inq=0 watchdog=16 txseq=f1 rxseq=d2 rxcredit=0 protection=00 checks=0000
[  57.073] [epochs] local=1 peer=1 ready=true discarded_rx=0
[  57.073] [tcb-continuations] ffa580=ff80->018392 sleep=0 local26=7710 ffa5c0=ff80->01853c sleep=0 local26=1a00 ffd040=ffc0->00daca sleep=0 local26=0000 ffd080=ffc0->00504e sleep=0 local26=7d00 ffd0c0=ffc0->00504e sleep=0 local26=7d00 ffd100=ff80->006782 sleep=0 local26=0000 ffd140=ffc0->008082 sleep=0 local26=021c ffd180=ff80->007944 sleep=0 local26=0000 ffd1c0=ff80->007d70 sleep=0 local26=0000 ffd200=ff80->007944 sleep=0 local26=0000 ffd240=ff80->007d70 sleep=0 local26=0000 ffe000=ff00->0070c2 sleep=0 local26=4100
[  57.293]   [header-byte] write $ffa517 = 54 mask=00ff (pc=018446)
[  57.794]   [header-byte] write $ffa517 = 54 mask=00ff (pc=018446)
[  58.075] heartbeat frame=3480 tx=3597 rx=3434 fc=1 fd=10 fe=1 linkflag=81 pc=00028a a502=00 a524=0000 a525=00 a170=82 a17f=00 txtail=000d rxpend=0000
[  58.075] [transport] captured=3597 flushed=3597 received=3434 accepted=724 payload2=631 payload3=0 payload4=0 payload5=0 pump_reads=4140 bursts=755 txcredit=0 outq=0 inq=0 watchdog=16 txseq=f3 rxseq=d4 rxcredit=0 protection=00 checks=0000
[  58.075] [epochs] local=1 peer=1 ready=true discarded_rx=0
[  58.075] [tcb-continuations] ffa580=ff80->018392 sleep=0 local26=7710 ffa5c0=ff80->01853c sleep=0 local26=1a00 ffd040=ffc0->00daca sleep=0 local26=0000 ffd080=ffc0->00504e sleep=0 local26=b900 ffd0c0=ffc0->00504e sleep=0 local26=b900 ffd100=ff80->006782 sleep=0 local26=0000 ffd140=ffc0->008082 sleep=0 local26=021c ffd180=ff80->007944 sleep=0 local26=0001 ffd1c0=ff80->007d70 sleep=0 local26=0000 ffd200=ff80->007944 sleep=0 local26=0001 ffd240=ff80->007d70 sleep=0 local26=0000 ffe000=ff00->0070c2 sleep=0 local26=4100 ffe040=ff00->0070c2 sleep=0 local26=4c00
[  58.294]   [header-byte] write $ffa517 = 54 mask=00ff (pc=018446)
[  58.795]   [header-byte] write $ffa517 = 54 mask=00ff (pc=018446)
[  59.076] heartbeat frame=3540 tx=3603 rx=3440 fc=1 fd=10 fe=1 linkflag=81 pc=000288 a502=00 a524=0000 a525=00 a170=82 a17f=00 txtail=0013 rxpend=0000
[  59.076] [transport] captured=3603 flushed=3603 received=3440 accepted=726 payload2=631 payload3=0 payload4=0 payload5=0 pump_reads=4202 bursts=757 txcredit=0 outq=0 inq=0 watchdog=16 txseq=f5 rxseq=d6 rxcredit=0 protection=00 checks=0000
[  59.076] [epochs] local=1 peer=1 ready=true discarded_rx=0
[  59.076] [tcb-continuations] ffa580=ff80->018392 sleep=0 local26=7710 ffa5c0=ff80->01853c sleep=0 local26=1a00 ffd040=ffc0->00daca sleep=0 local26=0000 ffd080=ffc0->00504e sleep=0 local26=2500 ffd0c0=ffc0->00504e sleep=0 local26=2500 ffd100=ff80->006782 sleep=0 local26=0000 ffd140=ffc0->008082 sleep=0 local26=011c ffd280=ff80->007944 sleep=0 local26=0000 ffd2c0=ff80->007d70 sleep=0 local26=0000 ffd300=ff80->007944 sleep=0 local26=0000 ffd340=ff80->007d70 sleep=0 local26=0000 ffe040=ff00->0070c2 sleep=0 local26=4c00
[  59.296]   [header-byte] write $ffa517 = 54 mask=00ff (pc=018446)
[  59.813]   [header-byte] write $ffa517 = 54 mask=00ff (pc=018446)
[  60.077] heartbeat frame=3600 tx=3609 rx=3446 fc=1 fd=10 fe=1 linkflag=81 pc=00028a a502=00 a524=0000 a525=00 a170=82 a17f=00 txtail=0019 rxpend=0000
[  60.077] [transport] captured=3609 flushed=3609 received=3446 accepted=728 payload2=631 payload3=0 payload4=0 payload5=0 pump_reads=4264 bursts=759 txcredit=0 outq=0 inq=0 watchdog=15 txseq=f7 rxseq=d8 rxcredit=0 protection=00 checks=0000
[  60.077] [epochs] local=1 peer=1 ready=true discarded_rx=0
[  60.077] [tcb-continuations] ffa580=ff80->018392 sleep=0 local26=7710 ffa5c0=ff80->01853c sleep=0 local26=1a00 ffd040=ffc0->00daca sleep=0 local26=0000 ffd080=ffc0->00504e sleep=0 local26=6100 ffd0c0=ffc0->00504e sleep=0 local26=6100 ffd100=ff80->006782 sleep=0 local26=0000 ffd140=ffc0->008082 sleep=0 local26=001c ffd280=ff80->007944 sleep=0 local26=0000 ffd2c0=ff80->007d70 sleep=0 local26=0000 ffd300=ff80->007944 sleep=0 local26=0000 ffd340=ff80->007d70 sleep=0 local26=0000 ffe040=ff00->0070c2 sleep=0 local26=4c00
[  60.314]   [header-byte] write $ffa517 = 54 mask=00ff (pc=018446)
[  60.831]   [header-byte] write $ffa517 = 54 mask=00ff (pc=018446)
[  61.079] heartbeat frame=3660 tx=3615 rx=3452 fc=1 fd=10 fe=1 linkflag=81 pc=00028a a502=00 a524=0000 a525=00 a170=82 a17f=00 txtail=001f rxpend=0000
[  61.079] [transport] captured=3615 flushed=3615 received=3452 accepted=730 payload2=631 payload3=0 payload4=0 payload5=0 pump_reads=4326 bursts=761 txcredit=0 outq=0 inq=0 watchdog=14 txseq=f9 rxseq=da rxcredit=0 protection=00 checks=0000
[  61.079] [epochs] local=1 peer=1 ready=true discarded_rx=0
[  61.079] [tcb-continuations] ffa580=ff80->018392 sleep=0 local26=7710 ffa5c0=ff80->01853c sleep=0 local26=1a00 ffd040=ffc0->00daca sleep=0 local26=0000 ffd080=ffc0->00504e sleep=0 local26=9d00 ffd0c0=ffc0->00504e sleep=0 local26=9d00 ffd100=ff80->006782 sleep=0 local26=0000 ffd140=ffc0->008082 sleep=0 local26=001c ffd280=ff80->007944 sleep=0 local26=0000 ffd2c0=ff80->007d70 sleep=0 local26=0000 ffd300=ff80->007944 sleep=0 local26=0000 ffd340=ff80->007d70 sleep=0 local26=0000
[  61.331]   [header-byte] write $ffa517 = 54 mask=00ff (pc=018446)
[  61.832]   [header-byte] write $ffa517 = 54 mask=00ff (pc=018446)
[  62.080] heartbeat frame=3720 tx=3621 rx=3458 fc=1 fd=10 fe=1 linkflag=81 pc=000288 a502=00 a524=0000 a525=00 a170=82 a17f=00 txtail=0025 rxpend=0000
[  62.080] [transport] captured=3621 flushed=3621 received=3458 accepted=732 payload2=631 payload3=0 payload4=0 payload5=0 pump_reads=4388 bursts=763 txcredit=0 outq=0 inq=0 watchdog=14 txseq=fb rxseq=dc rxcredit=0 protection=00 checks=0000
[  62.080] [epochs] local=1 peer=1 ready=true discarded_rx=0
[  62.080] [tcb-continuations] ffa580=ff80->018392 sleep=0 local26=7710 ffa5c0=ff80->01853c sleep=0 local26=1a00 ffd040=ffc0->00daca sleep=0 local26=0000 ffd080=ffc0->00504e sleep=0 local26=d900 ffd0c0=ffc0->00504e sleep=0 local26=d900 ffd100=ff80->006782 sleep=0 local26=0000 ffd140=ffc0->008082 sleep=0 local26=03ff ffd280=ff80->0079d4 sleep=0 local26=0001 ffd2c0=ff00->0079fe sleep=17 local26=0000 ffd300=ff80->0079d4 sleep=0 local26=0001 ffd340=ff00->0079fe sleep=17 local26=0000
[  62.333]   [header-byte] write $ffa517 = 54 mask=00ff (pc=018446)
[  62.833]   [header-byte] write $ffa517 = 54 mask=00ff (pc=018446)
[  63.081] heartbeat frame=3780 tx=3627 rx=3464 fc=1 fd=10 fe=1 linkflag=81 pc=000288 a502=00 a524=0000 a525=00 a170=82 a17f=00 txtail=002b rxpend=0000
[  63.081] [transport] captured=3627 flushed=3627 received=3464 accepted=734 payload2=631 payload3=0 payload4=0 payload5=0 pump_reads=4450 bursts=765 txcredit=0 outq=0 inq=0 watchdog=14 txseq=fd rxseq=de rxcredit=0 protection=00 checks=0000
[  63.081] [epochs] local=1 peer=1 ready=true discarded_rx=0
[  63.081] [tcb-continuations] ffa580=ff80->018392 sleep=0 local26=7710 ffa5c0=ff80->01853c sleep=0 local26=1a00 ffd040=ffc0->00daca sleep=0 local26=0000 ffd080=ffc0->00504e sleep=0 local26=2d00 ffd0c0=ffc0->00504e sleep=0 local26=2d00 ffd100=ff80->006782 sleep=0 local26=0000 ffd140=ffc0->008082 sleep=0 local26=031a ffd180=ff80->007944 sleep=0 local26=0000 ffd1c0=ff80->007d70 sleep=0 local26=0000 ffd200=ff80->007944 sleep=0 local26=0000 ffd240=ff80->007d70 sleep=0 local26=0000 ffe000=ff00->0070c2 sleep=0 local26=2b00
[  63.334]   [header-byte] write $ffa517 = 54 mask=00ff (pc=018446)
[  63.835]   [header-byte] write $ffa517 = 54 mask=00ff (pc=018446)
[  64.083] heartbeat frame=3840 tx=3633 rx=3470 fc=1 fd=10 fe=1 linkflag=81 pc=00028a a502=00 a524=0000 a525=00 a170=82 a17f=00 txtail=0031 rxpend=0000
[  64.083] [transport] captured=3633 flushed=3633 received=3470 accepted=736 payload2=631 payload3=0 payload4=0 payload5=0 pump_reads=4512 bursts=767 txcredit=0 outq=0 inq=0 watchdog=14 txseq=ff rxseq=e0 rxcredit=0 protection=00 checks=0000
[  64.083] [epochs] local=1 peer=1 ready=true discarded_rx=0
[  64.083] [tcb-continuations] ffa580=ff80->018392 sleep=0 local26=7710 ffa5c0=ff80->01853c sleep=0 local26=1a00 ffd040=ffc0->00daca sleep=0 local26=0000 ffd080=ffc0->00504e sleep=0 local26=6900 ffd0c0=ffc0->00504e sleep=0 local26=6900 ffd100=ff80->006782 sleep=0 local26=0000 ffd140=ffc0->008082 sleep=0 local26=031a ffd180=ff80->007944 sleep=0 local26=0000 ffd1c0=ff80->007d70 sleep=0 local26=0000 ffd200=ff80->007944 sleep=0 local26=0000 ffd240=ff80->007d70 sleep=0 local26=0000 ffe000=ff00->0070c2 sleep=0 local26=2b00
[  64.336]   [header-byte] write $ffa517 = 54 mask=00ff (pc=018446)
[  64.853]   [header-byte] write $ffa517 = 54 mask=00ff (pc=018446)
[  65.084] heartbeat frame=3900 tx=3639 rx=3476 fc=1 fd=10 fe=1 linkflag=81 pc=00028a a502=00 a524=0000 a525=00 a170=82 a17f=00 txtail=0037 rxpend=0000
[  65.084] [transport] captured=3639 flushed=3639 received=3476 accepted=738 payload2=631 payload3=0 payload4=0 payload5=0 pump_reads=4574 bursts=769 txcredit=0 outq=0 inq=0 watchdog=13 txseq=01 rxseq=e2 rxcredit=0 protection=00 checks=0000
[  65.084] [epochs] local=1 peer=1 ready=true discarded_rx=0
[  65.084] [tcb-continuations] ffa580=ff80->018392 sleep=0 local26=7710 ffa5c0=ff80->01853c sleep=0 local26=1a00 ffd040=ffc0->00daca sleep=0 local26=0000 ffd080=ffc0->00504e sleep=0 local26=a500 ffd0c0=ffc0->00504e sleep=0 local26=a500 ffd100=ff80->006782 sleep=0 local26=0000 ffd140=ffc0->008082 sleep=0 local26=021a ffd180=ff80->007944 sleep=0 local26=0000 ffd1c0=ff80->007d70 sleep=0 local26=0000 ffd200=ff80->007944 sleep=0 local26=0000 ffd240=ff80->007d70 sleep=0 local26=0000 ffe000=ff00->0070c2 sleep=0 local26=2b00
[  65.353]   [header-byte] write $ffa517 = 54 mask=00ff (pc=018446)
[  65.854]   [header-byte] write $ffa517 = 54 mask=00ff (pc=018446)
[  66.085] heartbeat frame=3960 tx=3645 rx=3482 fc=1 fd=10 fe=1 linkflag=81 pc=000288 a502=00 a524=0000 a525=00 a170=82 a17f=00 txtail=003d rxpend=0000
[  66.085] [transport] captured=3645 flushed=3645 received=3482 accepted=740 payload2=631 payload3=0 payload4=0 payload5=0 pump_reads=4636 bursts=771 txcredit=0 outq=0 inq=0 watchdog=13 txseq=03 rxseq=e4 rxcredit=0 protection=00 checks=0000
[  66.085] [epochs] local=1 peer=1 ready=true discarded_rx=0
[  66.085] [tcb-continuations] ffa580=ff80->018392 sleep=0 local26=7710 ffa5c0=ff80->01853c sleep=0 local26=1a00 ffd040=ffc0->00daca sleep=0 local26=0000 ffd080=ffc0->00504e sleep=0 local26=2100 ffd0c0=ffc0->00504e sleep=0 local26=2100 ffd100=ff80->006782 sleep=0 local26=0000 ffd140=ffc0->008082 sleep=0 local26=011a ffd180=ff00->007a24 sleep=0 local26=0100 ffd1c0=ff00->007a24 sleep=0 local26=0100 ffd200=ff00->007a24 sleep=0 local26=0100 ffd240=ff00->007a24 sleep=0 local26=0100 ffd280=ff80->007944 sleep=0 local26=0000 ffd2c0=ff80->007d70 sleep=0 local26=0000 ffd300=ff80->007944 sleep=0 local26=0000 ffd340=ff80->007d70 sleep=0 local26=0000
[  66.360]   [header-byte] write $ffa517 = 54 mask=00ff (pc=018446)
[  66.855]   [header-byte] write $ffa517 = 54 mask=00ff (pc=018446)
[  67.086] heartbeat frame=4020 tx=3651 rx=3488 fc=1 fd=10 fe=1 linkflag=81 pc=00028a a502=00 a524=0000 a525=00 a170=82 a17f=00 txtail=0043 rxpend=0000
[  67.086] [transport] captured=3651 flushed=3651 received=3488 accepted=742 payload2=631 payload3=0 payload4=0 payload5=0 pump_reads=4698 bursts=773 txcredit=0 outq=0 inq=0 watchdog=13 txseq=05 rxseq=e6 rxcredit=0 protection=00 checks=0000
[  67.086] [epochs] local=1 peer=1 ready=true discarded_rx=0
[  67.086] [tcb-continuations] ffa580=ff80->018392 sleep=0 local26=7710 ffa5c0=ff80->01853c sleep=0 local26=1a00 ffd040=ffc0->00daca sleep=0 local26=0000 ffd080=ffc0->00504e sleep=0 local26=5d00 ffd0c0=ffc0->00504e sleep=0 local26=5d00 ffd100=ff80->006782 sleep=0 local26=0000 ffd140=ffc0->008082 sleep=0 local26=001a ffd280=ff80->007944 sleep=0 local26=0000 ffd2c0=ff80->007d70 sleep=0 local26=0000 ffd300=ff80->007944 sleep=0 local26=0000 ffd340=ff80->007d70 sleep=0 local26=0000
[  67.372]   [header-byte] write $ffa517 = 54 mask=00ff (pc=018446)
[  67.857]   [header-byte] write $ffa517 = 54 mask=00ff (pc=018446)
[  68.088] heartbeat frame=4080 tx=3657 rx=3494 fc=1 fd=10 fe=1 linkflag=81 pc=000288 a502=00 a524=0000 a525=00 a170=82 a17f=00 txtail=0049 rxpend=0000
[  68.088] [transport] captured=3657 flushed=3657 received=3494 accepted=744 payload2=631 payload3=0 payload4=0 payload5=0 pump_reads=4760 bursts=775 txcredit=0 outq=0 inq=0 watchdog=13 txseq=07 rxseq=e8 rxcredit=0 protection=00 checks=0000
[  68.088] [epochs] local=1 peer=1 ready=true discarded_rx=0
[  68.088] [tcb-continuations] ffa580=ff80->018392 sleep=0 local26=7710 ffa5c0=ff80->01853c sleep=0 local26=1a00 ffd040=ffc0->00daca sleep=0 local26=0000 ffd080=ffc0->00504e sleep=0 local26=9900 ffd0c0=ffc0->00504e sleep=0 local26=9900 ffd100=ff80->006782 sleep=0 local26=0000 ffd140=ffc0->008082 sleep=0 local26=00ff ffd280=ff80->007944 sleep=0 local26=0001 ffd2c0=ff80->007d70 sleep=0 local26=0000 ffd300=ff80->007944 sleep=0 local26=0002 ffd340=ff80->007d70 sleep=0 local26=0000 ffe000=ff00->0070c2 sleep=0 local26=3600
[  68.357]   [header-byte] write $ffa517 = 54 mask=00ff (pc=018446)
[  68.841]   [header-byte] write $ffa517 = 54 mask=00ff (pc=018446)
[  69.089] heartbeat frame=4140 tx=3663 rx=3500 fc=1 fd=10 fe=1 linkflag=81 pc=000288 a502=00 a524=0000 a525=00 a170=82 a17f=00 txtail=004f rxpend=0000
[  69.089] [transport] captured=3663 flushed=3663 received=3500 accepted=746 payload2=631 payload3=0 payload4=0 payload5=0 pump_reads=4822 bursts=777 txcredit=0 outq=0 inq=0 watchdog=14 txseq=09 rxseq=ea rxcredit=0 protection=00 checks=0000
[  69.089] [epochs] local=1 peer=1 ready=true discarded_rx=0
[  69.089] [tcb-continuations] ffa580=ff80->018392 sleep=0 local26=7710 ffa5c0=ff80->01853c sleep=0 local26=1a00 ffd040=ffc0->00daca sleep=0 local26=0000 ffd080=ffc0->00504e sleep=0 local26=0d00 ffd0c0=ffc0->0050b6 sleep=2 local26=0000 ffd100=ff80->006782 sleep=0 local26=0000 ffd140=ffc0->008082 sleep=0 local26=0302 ffd180=ff80->007944 sleep=0 local26=0000 ffd1c0=ff80->007d70 sleep=0 local26=0000 ffd280=ff00->007a24 sleep=0 local26=0601 ffd2c0=ff00->007a24 sleep=0 local26=0400 ffd300=ff00->0079fe sleep=18 local26=0003 ffd340=ff00->0079fe sleep=10 local26=0000 ffe000=ff00->0070c2 sleep=0 local26=3600
[  69.342]   [header-byte] write $ffa517 = 54 mask=00ff (pc=018446)
[  69.844]   [header-byte] write $ffa517 = 54 mask=00ff (pc=018446)
[  70.090] heartbeat frame=4200 tx=3669 rx=3506 fc=1 fd=10 fe=1 linkflag=81 pc=000288 a502=00 a524=0000 a525=00 a170=82 a17f=00 txtail=0055 rxpend=0000
[  70.090] [transport] captured=3669 flushed=3669 received=3506 accepted=748 payload2=631 payload3=0 payload4=0 payload5=0 pump_reads=4884 bursts=779 txcredit=0 outq=0 inq=0 watchdog=14 txseq=0b rxseq=ec rxcredit=0 protection=00 checks=0000
[  70.090] [epochs] local=1 peer=1 ready=true discarded_rx=0
[  70.090] [tcb-continuations] ffa580=ff80->018392 sleep=0 local26=7710 ffa5c0=ff80->01853c sleep=0 local26=1a00 ffd040=ffc0->00daca sleep=0 local26=0000 ffd080=ffc0->00504e sleep=0 local26=4900 ffd0c0=ffc0->00504e sleep=0 local26=3400 ffd100=ff80->006782 sleep=0 local26=0000 ffd140=ffc0->008082 sleep=0 local26=0202 ffd180=ff80->007944 sleep=0 local26=0000 ffd1c0=ff80->007d70 sleep=0 local26=0000 ffd200=ff80->007944 sleep=0 local26=0000 ffd240=ff80->007d70 sleep=0 local26=0000 ffe000=ff00->0070c2 sleep=0 local26=2b00
[  70.311]   [header-byte] write $ffa517 = 54 mask=00ff (pc=018446)
[  70.810]   [header-byte] write $ffa517 = 54 mask=00ff (pc=018446)
[  71.092] heartbeat frame=4260 tx=3675 rx=3512 fc=1 fd=10 fe=1 linkflag=81 pc=000288 a502=00 a524=0000 a525=00 a170=82 a17f=00 txtail=005b rxpend=0000
[  71.092] [transport] captured=3675 flushed=3675 received=3512 accepted=750 payload2=631 payload3=0 payload4=0 payload5=0 pump_reads=4946 bursts=781 txcredit=0 outq=0 inq=0 watchdog=16 txseq=0d rxseq=ee rxcredit=0 protection=00 checks=0000
[  71.092] [epochs] local=1 peer=1 ready=true discarded_rx=0
[  71.092] [tcb-continuations] ffa580=ff80->018392 sleep=0 local26=7710 ffa5c0=ff80->01853c sleep=0 local26=1a00 ffd040=ffc0->00daca sleep=0 local26=0000 ffd080=ffc0->00504e sleep=0 local26=8500 ffd0c0=ffc0->00504e sleep=0 local26=7000 ffd100=ff80->006782 sleep=0 local26=0000 ffd140=ffc0->008082 sleep=0 local26=0202 ffd180=ff80->007944 sleep=0 local26=0000 ffd1c0=ff80->007d70 sleep=0 local26=0000 ffd200=ff80->007944 sleep=0 local26=0000 ffd240=ff80->007d70 sleep=0 local26=0000 ffe000=ff00->0070c2 sleep=0 local26=2b00
[  71.344]   [header-byte] write $ffa517 = 54 mask=00ff (pc=018446)
[  71.845]   [header-byte] write $ffa517 = 54 mask=00ff (pc=018446)
[  72.093] heartbeat frame=4320 tx=3681 rx=3518 fc=1 fd=10 fe=1 linkflag=81 pc=00028a a502=00 a524=0000 a525=00 a170=82 a17f=00 txtail=0061 rxpend=0000
[  72.093] [transport] captured=3681 flushed=3681 received=3518 accepted=752 payload2=631 payload3=0 payload4=0 payload5=0 pump_reads=5008 bursts=783 txcredit=0 outq=0 inq=0 watchdog=14 txseq=0f rxseq=f0 rxcredit=0 protection=00 checks=0000
[  72.093] [epochs] local=1 peer=1 ready=true discarded_rx=0
[  72.093] [tcb-continuations] ffa580=ff80->018392 sleep=0 local26=7710 ffa5c0=ff80->01853c sleep=0 local26=1a00 ffd040=ffc0->00daca sleep=0 local26=0000 ffd080=ffc0->005120 sleep=23 local26=0001 ffd0c0=ffc0->00504e sleep=0 local26=ac00 ffd100=ff80->006782 sleep=0 local26=0000 ffd140=ffc0->008082 sleep=0 local26=0002 ffd180=ff00->0079fe sleep=17 local26=0001 ffd1c0=ff00->0079fe sleep=9 local26=0000 ffd200=ff80->007944 sleep=0 local26=0001 ffd240=ff80->007d70 sleep=0 local26=0000 ffe040=ff00->0070c2 sleep=0 local26=3600
[  72.346]   [header-byte] write $ffa517 = 54 mask=00ff (pc=018446)
[  72.479] [protection-state] address=ffa024 data=7878 mask=ff00 pc=007848
[  72.479] [garbage-calculation] protection=00 score=0028 divisor=0078 task=ffd080 pc=00784e players=2 rule=01 split_remainder=00 base=120 margin=6 seconds=33 mode=01 participants=03 chain=1 difficulty=2 preset=0
[  72.847]   [header-byte] write $ffa517 = 54 mask=00ff (pc=018446)
[  73.094] heartbeat frame=4380 tx=3687 rx=3524 fc=1 fd=10 fe=1 linkflag=81 pc=00028a a502=00 a524=0000 a525=00 a170=82 a17f=00 txtail=0067 rxpend=0000
[  73.094] [transport] captured=3687 flushed=3687 received=3524 accepted=754 payload2=631 payload3=0 payload4=0 payload5=0 pump_reads=5070 bursts=785 txcredit=0 outq=0 inq=0 watchdog=14 txseq=11 rxseq=f2 rxcredit=0 protection=00 checks=0000
[  73.094] [epochs] local=1 peer=1 ready=true discarded_rx=0
[  73.094] [tcb-continuations] ffa580=ff80->018392 sleep=0 local26=7710 ffa5c0=ff80->01853c sleep=0 local26=1a00 ffd040=ffc0->00daca sleep=0 local26=0000 ffd080=ffc0->005164 sleep=0 local26=0001 ffd0c0=ffc0->00504e sleep=0 local26=1000 ffd100=ff80->006782 sleep=0 local26=0000 ffd140=ffc0->008082 sleep=0 local26=0002 ffd180=ff80->007944 sleep=0 local26=0000 ffd1c0=ff80->007d70 sleep=0 local26=0000 ffd200=ff00->007a24 sleep=0 local26=0502 ffd240=ff00->007a24 sleep=0 local26=0500 ffd280=ff80->00963c sleep=0 local26=0000 ffd2c0=ff00->009950 sleep=0 local26=000e ffe040=ff00->0070c2 sleep=0 local26=3600 ffe340=ff00->009ac0 sleep=0 local26=0000 ffe380=ff00->009ac0 sleep=0 local26=0000 ffe3c0=ff00->009ac0 sleep=0 local26=0000 ffe400=ff00->009ac0 sleep=0 local26=0000 ffe440=ff00->0070c2 sleep=0 local26=2000
[  73.349]   [header-byte] write $ffa517 = 54 mask=00ff (pc=018446)
[  73.848]   [header-byte] write $ffa517 = 54 mask=00ff (pc=018446)
[  74.095] heartbeat frame=4440 tx=3693 rx=3530 fc=1 fd=10 fe=1 linkflag=81 pc=00028a a502=00 a524=0000 a525=00 a170=82 a17f=00 txtail=006d rxpend=0000
[  74.095] [transport] captured=3693 flushed=3693 received=3530 accepted=756 payload2=631 payload3=0 payload4=0 payload5=0 pump_reads=5132 bursts=787 txcredit=0 outq=0 inq=0 watchdog=14 txseq=13 rxseq=f4 rxcredit=0 protection=00 checks=0000
[  74.095] [epochs] local=1 peer=1 ready=true discarded_rx=0
[  74.095] [tcb-continuations] ffa580=ff80->018392 sleep=0 local26=7710 ffa5c0=ff80->01853c sleep=0 local26=1a00 ffd040=ffc0->00daca sleep=0 local26=0000 ffd080=ffc0->00504e sleep=0 local26=1f00 ffd0c0=ffc0->00504e sleep=0 local26=4c00 ffd100=ff80->006782 sleep=0 local26=0000 ffd140=ffc0->008082 sleep=0 local26=03ff ffd180=ff80->007944 sleep=0 local26=0000 ffd1c0=ff80->007d70 sleep=0 local26=0000 ffd200=ff80->007944 sleep=0 local26=0000 ffd240=ff80->007d70 sleep=0 local26=0000 ffe000=ff00->0070c2 sleep=0 local26=4100
[  74.331]   [header-byte] write $ffa517 = 54 mask=00ff (pc=018446)
[  74.849]   [header-byte] write $ffa517 = 54 mask=00ff (pc=018446)
[  75.097] heartbeat frame=4500 tx=3699 rx=3536 fc=1 fd=10 fe=1 linkflag=81 pc=000288 a502=00 a524=0000 a525=00 a170=82 a17f=00 txtail=0073 rxpend=0000
[  75.097] [transport] captured=3699 flushed=3699 received=3536 accepted=758 payload2=631 payload3=0 payload4=0 payload5=0 pump_reads=5194 bursts=789 txcredit=0 outq=0 inq=0 watchdog=14 txseq=15 rxseq=f6 rxcredit=0 protection=00 checks=0000
[  75.097] [epochs] local=1 peer=1 ready=true discarded_rx=0
[  75.097] [tcb-continuations] ffa580=ff80->018392 sleep=0 local26=7710 ffa5c0=ff80->01853c sleep=0 local26=1a00 ffd040=ffc0->00daca sleep=0 local26=0000 ffd080=ffc0->00504e sleep=0 local26=5b00 ffd0c0=ffc0->00504e sleep=0 local26=8800 ffd100=ff80->006782 sleep=0 local26=0000 ffd140=ffc0->008082 sleep=0 local26=01ff ffd180=ff80->007944 sleep=0 local26=0001 ffd1c0=ff80->007d70 sleep=0 local26=0000 ffd200=ff80->007944 sleep=0 local26=0000 ffd240=ff80->007d70 sleep=0 local26=0000 ffe000=ff00->0070c2 sleep=0 local26=4100
[  75.333]   [header-byte] write $ffa517 = 54 mask=00ff (pc=018446)
[  75.850]   [header-byte] write $ffa517 = 54 mask=00ff (pc=018446)
[  76.098] heartbeat frame=4560 tx=3705 rx=3542 fc=1 fd=10 fe=1 linkflag=81 pc=00028a a502=00 a524=0000 a525=00 a170=82 a17f=00 txtail=0079 rxpend=0000
[  76.098] [transport] captured=3705 flushed=3705 received=3542 accepted=760 payload2=631 payload3=0 payload4=0 payload5=0 pump_reads=5256 bursts=791 txcredit=0 outq=0 inq=0 watchdog=14 txseq=17 rxseq=f8 rxcredit=0 protection=00 checks=0000
[  76.098] [epochs] local=1 peer=1 ready=true discarded_rx=0
[  76.098] [tcb-continuations] ffa580=ff80->018392 sleep=0 local26=7710 ffa5c0=ff80->01853c sleep=0 local26=1a00 ffd040=ffc0->00daca sleep=0 local26=0000 ffd080=ffc0->00504e sleep=0 local26=9700 ffd0c0=ffc0->00508e sleep=0 local26=0000 ffd100=ff80->006782 sleep=0 local26=0000 ffd140=ffc0->008082 sleep=0 local26=0311 ffd180=ff00->0079fe sleep=21 local26=0002 ffd1c0=ff00->0079fe sleep=22 local26=0000 ffd200=ff80->007944 sleep=0 local26=0000 ffd240=ff80->007d70 sleep=0 local26=0000
[  76.333]   [header-byte] write $ffa517 = 54 mask=00ff (pc=018446)
[  76.836]   [header-byte] write $ffa517 = 54 mask=00ff (pc=018446)
[  77.099] heartbeat frame=4620 tx=3711 rx=3548 fc=1 fd=10 fe=1 linkflag=81 pc=000288 a502=00 a524=0000 a525=00 a170=82 a17f=00 txtail=007f rxpend=0000
[  77.099] [transport] captured=3711 flushed=3711 received=3548 accepted=762 payload2=631 payload3=0 payload4=0 payload5=0 pump_reads=5318 bursts=793 txcredit=0 outq=0 inq=0 watchdog=15 txseq=19 rxseq=fa rxcredit=0 protection=00 checks=0000
[  77.099] [epochs] local=1 peer=1 ready=true discarded_rx=0
[  77.099] [tcb-continuations] ffa580=ff80->018392 sleep=0 local26=7710 ffa5c0=ff80->01853c sleep=0 local26=1a00 ffd040=ffc0->00daca sleep=0 local26=0000 ffd080=ffc0->005082 sleep=0 local26=d300 ffd0c0=ffc0->00504e sleep=0 local26=3000 ffd100=ff80->006782 sleep=0 local26=0000 ffd140=ffc0->008082 sleep=0 local26=0211 ffd200=ff00->0079fe sleep=22 local26=0002 ffd240=ff00->0079fe sleep=23 local26=0000 ffd280=ff80->007944 sleep=0 local26=0000 ffd2c0=ff80->007d70 sleep=0 local26=0000
[  77.319]   [header-byte] write $ffa517 = 54 mask=00ff (pc=018446)
[  77.819]   [header-byte] write $ffa517 = 54 mask=00ff (pc=018446)
[  78.101] heartbeat frame=4680 tx=3717 rx=3554 fc=1 fd=10 fe=1 linkflag=81 pc=00028a a502=00 a524=0000 a525=00 a170=82 a17f=00 txtail=0085 rxpend=0000
[  78.101] [transport] captured=3717 flushed=3717 received=3554 accepted=764 payload2=631 payload3=0 payload4=0 payload5=0 pump_reads=5380 bursts=795 txcredit=0 outq=0 inq=0 watchdog=16 txseq=1b rxseq=fc rxcredit=0 protection=00 checks=0000
[  78.101] [epochs] local=1 peer=1 ready=true discarded_rx=0
[  78.101] [tcb-continuations] ffa580=ff80->018392 sleep=0 local26=7710 ffa5c0=ff80->01853c sleep=0 local26=1a00 ffd040=ffc0->00daca sleep=0 local26=0000 ffd080=ffc0->00504e sleep=0 local26=2f00 ffd0c0=ffc0->00504e sleep=0 local26=6c00 ffd100=ff80->006782 sleep=0 local26=0000 ffd140=ffc0->008082 sleep=0 local26=0111 ffd180=ff80->007944 sleep=0 local26=0000 ffd1c0=ff80->007d70 sleep=0 local26=0000 ffd280=ff80->007944 sleep=0 local26=0000 ffd2c0=ff80->007d70 sleep=0 local26=0000
[  78.305]   [header-byte] write $ffa517 = 54 mask=00ff (pc=018446)
[  78.787]   [header-byte] write $ffa517 = 54 mask=00ff (pc=018446)
[  79.102] heartbeat frame=4740 tx=3723 rx=3560 fc=1 fd=10 fe=1 linkflag=81 pc=000288 a502=00 a524=0000 a525=00 a170=82 a17f=00 txtail=008b rxpend=0000
[  79.102] [transport] captured=3723 flushed=3723 received=3560 accepted=766 payload2=631 payload3=0 payload4=0 payload5=0 pump_reads=5442 bursts=797 txcredit=0 outq=0 inq=0 watchdog=18 txseq=1d rxseq=fe rxcredit=0 protection=00 checks=0000
[  79.102] [epochs] local=1 peer=1 ready=true discarded_rx=0
[  79.102] [tcb-continuations] ffa580=ff80->018392 sleep=0 local26=7710 ffa5c0=ff80->01853c sleep=0 local26=1a00 ffd040=ffc0->00daca sleep=0 local26=0000 ffd080=ffc0->00504e sleep=0 local26=6b00 ffd0c0=ffc0->00504e sleep=0 local26=a800 ffd100=ff80->006782 sleep=0 local26=0000 ffd140=ffc0->008082 sleep=0 local26=0011 ffd180=ff80->007944 sleep=0 local26=0000 ffd1c0=ff80->007d70 sleep=0 local26=0000 ffd280=ff80->0079d4 sleep=0 local26=0001 ffd2c0=ff00->0079fe sleep=18 local26=0000 ffe000=ff00->0070c2 sleep=0 local26=3600
[  79.271]   [header-byte] write $ffa517 = 54 mask=00ff (pc=018446)
[  79.772]   [header-byte] write $ffa517 = 54 mask=00ff (pc=018446)
[  80.103] heartbeat frame=4800 tx=3729 rx=3566 fc=1 fd=10 fe=1 linkflag=81 pc=00028a a502=00 a524=0000 a525=00 a170=82 a17f=00 txtail=0091 rxpend=0000
[  80.103] [transport] captured=3729 flushed=3729 received=3566 accepted=768 payload2=631 payload3=0 payload4=0 payload5=0 pump_reads=5504 bursts=799 txcredit=0 outq=0 inq=0 watchdog=19 txseq=1f rxseq=00 rxcredit=0 protection=00 checks=0000
[  80.103] [epochs] local=1 peer=1 ready=true discarded_rx=0
[  80.103] [tcb-continuations] ffa580=ff80->018392 sleep=0 local26=7710 ffa5c0=ff80->01853c sleep=0 local26=1a00 ffd040=ffc0->00daca sleep=0 local26=0000 ffd080=ffc0->00504e sleep=0 local26=a700 ffd0c0=ffc0->00504e sleep=0 local26=2c00 ffd100=ff80->006782 sleep=0 local26=0000 ffd140=ffc0->008082 sleep=0 local26=0011 ffd180=ff80->007944 sleep=0 local26=0001 ffd1c0=ff80->007d70 sleep=0 local26=0000 ffd200=ff80->007944 sleep=0 local26=0000 ffd240=ff80->007d70 sleep=0 local26=0000 ffe000=ff00->0070c2 sleep=0 local26=3600
[  80.223]   [header-byte] write $ffa517 = 54 mask=00ff (pc=018446)
[  80.740]   [header-byte] write $ffa517 = 54 mask=00ff (pc=018446)
[  81.104] heartbeat frame=4860 tx=3735 rx=3572 fc=1 fd=10 fe=1 linkflag=81 pc=00028a a502=00 a524=0000 a525=00 a170=82 a17f=00 txtail=0097 rxpend=0000
[  81.104] [transport] captured=3735 flushed=3735 received=3572 accepted=770 payload2=631 payload3=0 payload4=0 payload5=0 pump_reads=5566 bursts=801 txcredit=0 outq=0 inq=0 watchdog=21 txseq=21 rxseq=02 rxcredit=0 protection=00 checks=0000
[  81.104] [epochs] local=1 peer=1 ready=true discarded_rx=0
[  81.104] [tcb-continuations] ffa580=ff80->018392 sleep=0 local26=7710 ffa5c0=ff80->01853c sleep=0 local26=1a00 ffd040=ffc0->00daca sleep=0 local26=0000 ffd080=ffc0->00504e sleep=0 local26=2300 ffd0c0=ffc0->00504e sleep=0 local26=6800 ffd100=ff80->006782 sleep=0 local26=0000 ffd140=ffc0->008082 sleep=0 local26=00ff ffd200=ff80->007944 sleep=0 local26=0000 ffd240=ff80->007d70 sleep=0 local26=0000 ffd280=ff80->007944 sleep=0 local26=0000 ffd2c0=ff80->007d70 sleep=0 local26=0000
[  81.257]   [header-byte] write $ffa517 = 54 mask=00ff (pc=018446)
[  81.758]   [header-byte] write $ffa517 = 54 mask=00ff (pc=018446)
[  82.106] heartbeat frame=4920 tx=3741 rx=3578 fc=1 fd=10 fe=1 linkflag=81 pc=00028a a502=00 a524=0000 a525=00 a170=82 a17f=00 txtail=009d rxpend=0000
[  82.106] [transport] captured=3741 flushed=3741 received=3578 accepted=772 payload2=631 payload3=0 payload4=0 payload5=0 pump_reads=5628 bursts=803 txcredit=0 outq=0 inq=0 watchdog=20 txseq=23 rxseq=04 rxcredit=0 protection=00 checks=0000
[  82.106] [epochs] local=1 peer=1 ready=true discarded_rx=0
[  82.106] [tcb-continuations] ffa580=ff80->018392 sleep=0 local26=7710 ffa5c0=ff80->01853c sleep=0 local26=1a00 ffd040=ffc0->00daca sleep=0 local26=0000 ffd080=ffc0->00504e sleep=0 local26=5f00 ffd0c0=ffc0->00504e sleep=0 local26=a400 ffd100=ff80->006782 sleep=0 local26=0000 ffd140=ffc0->008082 sleep=0 local26=00ff ffd200=ff80->007944 sleep=0 local26=0001 ffd240=ff80->007d70 sleep=0 local26=0000 ffd280=ff80->007944 sleep=0 local26=0000 ffd2c0=ff80->007d70 sleep=0 local26=0000 ffe000=ff00->0070c2 sleep=0 local26=4100
[  82.258]   [header-byte] write $ffa517 = 54 mask=00ff (pc=018446)
[  82.759]   [header-byte] write $ffa517 = 54 mask=00ff (pc=018446)
[  83.107] heartbeat frame=4980 tx=3747 rx=3584 fc=1 fd=10 fe=1 linkflag=81 pc=00028a a502=00 a524=0000 a525=00 a170=82 a17f=00 txtail=00a3 rxpend=0000
[  83.107] [transport] captured=3747 flushed=3747 received=3584 accepted=774 payload2=631 payload3=0 payload4=0 payload5=0 pump_reads=5690 bursts=805 txcredit=0 outq=0 inq=0 watchdog=20 txseq=25 rxseq=06 rxcredit=0 protection=00 checks=0000
[  83.107] [epochs] local=1 peer=1 ready=true discarded_rx=0
[  83.107] [tcb-continuations] ffa580=ff80->018392 sleep=0 local26=7710 ffa5c0=ff80->01853c sleep=0 local26=1a00 ffd040=ffc0->00daca sleep=0 local26=0000 ffd080=ffc0->00504e sleep=0 local26=9b00 ffd0c0=ffc0->00504e sleep=0 local26=1800 ffd100=ff80->006782 sleep=0 local26=0000 ffd140=ffc0->008082 sleep=0 local26=0309 ffd180=ff80->007944 sleep=0 local26=0000 ffd1c0=ff80->007d70 sleep=0 local26=0000 ffd200=ff00->007a24 sleep=0 local26=0301 ffd240=ff00->007a24 sleep=0 local26=0100 ffd280=ff80->007944 sleep=0 local26=0002 ffd2c0=ff80->007d70 sleep=0 local26=0000 ffe000=ff00->0070c2 sleep=0 local26=4100
[  83.226]   [header-byte] write $ffa517 = 54 mask=00ff (pc=018446)
[  83.744]   [header-byte] write $ffa517 = 54 mask=00ff (pc=018446)
[  84.108] heartbeat frame=5040 tx=3753 rx=3590 fc=1 fd=10 fe=1 linkflag=81 pc=00028a a502=00 a524=0000 a525=00 a170=82 a17f=00 txtail=00a9 rxpend=0000
[  84.108] [transport] captured=3753 flushed=3753 received=3590 accepted=776 payload2=631 payload3=0 payload4=0 payload5=0 pump_reads=5752 bursts=807 txcredit=0 outq=0 inq=0 watchdog=21 txseq=27 rxseq=08 rxcredit=0 protection=00 checks=0000
[  84.108] [epochs] local=1 peer=1 ready=true discarded_rx=0
[  84.108] [tcb-continuations] ffa580=ff80->018392 sleep=0 local26=7710 ffa5c0=ff80->01853c sleep=0 local26=1a00 ffd040=ffc0->00daca sleep=0 local26=0000 ffd080=ffc0->00504e sleep=0 local26=0f00 ffd0c0=ffc0->00504e sleep=0 local26=5400 ffd100=ff80->006782 sleep=0 local26=0000 ffd140=ffc0->008082 sleep=0 local26=0309 ffd180=ff80->007944 sleep=0 local26=0000 ffd1c0=ff80->007d70 sleep=0 local26=0000 ffd200=ff80->007944 sleep=0 local26=0000 ffd240=ff80->007d70 sleep=0 local26=0000 ffd280=ff00->007a24 sleep=0 local26=0502 ffd2c0=ff00->007a24 sleep=0 local26=0300
[  84.261]   [header-byte] write $ffa517 = 54 mask=00ff (pc=018446)
[  84.764]   [header-byte] write $ffa517 = 54 mask=00ff (pc=018446)
[  85.009] === session stop ===
