[   0.000] === session start, version=0.6.0 side=B ===
[   0.000] [rom-guards] cpld_compare=b202 garbage_divisor=323c,ffff
[   0.000] taps installed; out=C:\Users\tbend\mame\PuyoPuyo2\run_live_20260911_142603\B_to_A.bin in=C:\Users\tbend\mame\PuyoPuyo2\run_live_20260911_142603\A_to_B.bin
[   0.000] SERVICE port fields: Coin 2 | Service 1 | Coin 1 | 1 Player Start | Service Mode | 2 Players Start
[   0.017] [peer-reset] old=0 new=1 local=0 queued_rx=0
[   0.017] [attack-state] address=ffa7e2 data=0000 mask=ffff pc=0181aa protection=00
[   0.017] [attack-state] address=ffa7e0 data=0000 mask=ffff pc=0181aa protection=00
[   0.017] [attack-state] address=ffa7e6 data=0000 mask=ffff pc=0181b0 protection=00
[   0.017] [attack-state] address=ffa7e4 data=0000 mask=ffff pc=0181b0 protection=00
[   0.017] [link-state] data=0000 mask=ffff pc=0181ec watchdog=583 expect=0c rxhead=0024 rxtail=0024 rxpend=0000
[   0.017] [protection-state] address=ffa020 data=ff00 mask=ffff pc=000932
[   0.017]   [menu-state] write $ffa172 = 0000 mask=ffff (pc=019320)
[   0.017]   [menu-state] write $ffa170 = 0000 mask=ffff (pc=019320)
[   0.017]   [menu-state] write $ffa17c = 0000 mask=ff00 (pc=019326)
[   0.017]   [menu-state] write $ffa17f = 0000 mask=00ff (pc=01932c)
[   0.017]   [menu-state] write $ffa176 = 0000 mask=ff00 (pc=01afde)
[   0.017]   [header-byte] write $ffa513 = 00 mask=00ff (pc=01afe6)
[   0.017] [protection-checksum] data=0000 mask=ff00 pc=00040e
[   0.017] [protection-checksum] data=0000 mask=00ff pc=000414
[   0.018] [protection-state] address=ffa020 data=0000 mask=ff00 pc=000948
[   0.027]   [menu-state] write $ffa170 = 0000 mask=ff00 (pc=018062)
[   0.027]   [menu-state] write $ffa176 = 0000 mask=ff00 (pc=01afde)
[   0.027]   [header-byte] write $ffa513 = 00 mask=00ff (pc=01afe6)
[   0.162] CONTROL reset pulse start (pc=01823e, prev_bank=cmd)
[   0.162] [reset] discarded tx=0 rx=0
[   0.162] [epoch-reset] local=1 peer=1 queued_rx=0
[   0.418] [link-state] data=7f7f mask=ff00 pc=018334 watchdog=583 expect=0c rxhead=0000 rxtail=0000 rxpend=0000
[   0.435] [epoch-ready] local=1 peer=1
[   0.435] CMD $FE -> cabinet role=2 (ROM linkflag=82)
[   0.435] [link-state] data=8282 mask=ff00 pc=018358 watchdog=583 expect=0c rxhead=0000 rxtail=0000 rxpend=0000
[   0.435]   [header-byte] write $ffa513 = 00 mask=00ff (pc=01afe6)
[   0.451]   [menu-state] write $ffa173 = 8080 mask=00ff (pc=01939c)
[   0.451]   [menu-state] write $ffa171 = 8080 mask=00ff (pc=019466)
[   0.451]   [header-byte] write $ffa513 = 00 mask=00ff (pc=019e4a)
[   0.451]   [header-byte] write $ffa513 = 10 mask=00ff (pc=019e5a)
[   0.451]   [header-byte] write $ffa513 = 00 mask=00ff (pc=01afe6)
[   0.451]   [header-byte] write $ffa513 = 10 mask=00ff (pc=01affe)
[   0.468]   [menu-state] write $ffa171 = 0000 mask=00ff (pc=019466)
[   0.468]   [header-byte] write $ffa513 = 00 mask=00ff (pc=019e4a)
[   0.468]   [header-byte] write $ffa513 = 00 mask=00ff (pc=01afe6)
[   0.485]   [header-byte] write $ffa517 = 00 mask=00ff (pc=018446)
[   0.485] [packet-accepted] total=1 seq=00 flags=00 status=00 pc=01845e
[   0.501]   [header-byte] write $ffa517 = 10 mask=00ff (pc=018446)
[   0.501] [packet-accepted] total=2 seq=01 flags=00 status=10 pc=01845e
[   0.518]   [menu-state] write $ffa171 = 8080 mask=00ff (pc=019466)
[   0.518]   [header-byte] write $ffa513 = 00 mask=00ff (pc=019e4a)
[   0.518]   [header-byte] write $ffa513 = 10 mask=00ff (pc=019e5a)
[   0.518]   [header-byte] write $ffa513 = 00 mask=00ff (pc=01afe6)
[   0.518]   [header-byte] write $ffa513 = 10 mask=00ff (pc=01affe)
[   1.001] heartbeat frame=60 tx=12 rx=6 fc=1 fd=10 fe=1 linkflag=82 pc=000288 a502=00 a524=0000 a525=00 a170=00 a17f=00 txtail=000c rxpend=0000
[   1.001] [transport] captured=12 flushed=12 received=6 accepted=2 payload2=0 payload3=0 payload4=0 payload5=0 pump_reads=35 bursts=4 txcredit=0 outq=0 inq=0 watchdog=29 txseq=04 rxseq=02 rxcredit=3 protection=00 checks=0000
[   1.001] [epochs] local=1 peer=1 ready=true discarded_rx=0
[   1.001] [game-state] a142=02 a13e=02 a13f=03 a530=f822 a506=00 a507=00 a508=00 a7b0=0000 a7a6=0000 script=019f80
[   1.001] [tcb-continuations] ffa580=ff80->018392 sleep=0 local26=7710 ffa5c0=ff80->01853c sleep=0 local26=1c00 ffd100=ff80->01b388 sleep=129 local26=0000
[   1.002]   [header-byte] write $ffa517 = 10 mask=00ff (pc=018446)
[   1.002] [packet-accepted] total=3 seq=02 flags=00 status=10 pc=01845e
[   1.503]   [header-byte] write $ffa517 = 10 mask=00ff (pc=018446)
[   1.503] [packet-accepted] total=4 seq=03 flags=00 status=10 pc=01845e
[   2.003] heartbeat frame=120 tx=18 rx=12 fc=1 fd=10 fe=1 linkflag=82 pc=000288 a502=00 a524=0000 a525=00 a170=00 a17f=00 txtail=0012 rxpend=0000
[   2.003] [transport] captured=18 flushed=18 received=12 accepted=4 payload2=0 payload3=0 payload4=0 payload5=0 pump_reads=97 bursts=6 txcredit=0 outq=0 inq=0 watchdog=29 txseq=06 rxseq=04 rxcredit=3 protection=00 checks=0000
[   2.003] [epochs] local=1 peer=1 ready=true discarded_rx=0
[   2.003] [tcb-continuations] ffa580=ff80->018392 sleep=0 local26=7710 ffa5c0=ff80->01853c sleep=0 local26=1c00 ffd100=ff80->01b388 sleep=69 local26=0000
[   2.003]   [header-byte] write $ffa517 = 10 mask=00ff (pc=018446)
[   2.204]   [header-byte] write $ffa517 = 11 mask=00ff (pc=018446)
[   2.704]   [header-byte] write $ffa517 = 11 mask=00ff (pc=018446)
[   3.004] heartbeat frame=180 tx=24 rx=21 fc=1 fd=10 fe=1 linkflag=82 pc=000288 a502=00 a524=0000 a525=00 a170=00 a17f=00 txtail=0018 rxpend=0000
[   3.004] [transport] captured=24 flushed=24 received=21 accepted=7 payload2=0 payload3=0 payload4=0 payload5=0 pump_reads=160 bursts=8 txcredit=0 outq=0 inq=0 watchdog=17 txseq=08 rxseq=07 rxcredit=0 protection=00 checks=0000
[   3.004] [epochs] local=1 peer=1 ready=true discarded_rx=0
[   3.004] [tcb-continuations] ffa580=ff80->018392 sleep=0 local26=7710 ffa5c0=ff80->01853c sleep=0 local26=1c00 ffd100=ff80->01b388 sleep=9 local26=0000
[   3.205]   [header-byte] write $ffa517 = 11 mask=00ff (pc=018446)
[   3.262]   [menu-state] write $ffa170 = 0909 mask=ff00 (pc=018062)
[   3.262]   [menu-state] write $ffa176 = 0000 mask=ff00 (pc=01afde)
[   3.262]   [header-byte] write $ffa513 = 00 mask=00ff (pc=01afe6)
[   3.262]   [header-byte] write $ffa513 = 10 mask=00ff (pc=01affe)
[   3.262]   [header-byte] write $ffa513 = 11 mask=00ff (pc=01b034)
[   3.294] [protection-checksum] data=0101 mask=00ff pc=01b0bc
[   3.294] [protection-checksum] data=0000 mask=00ff pc=01b11a
[   3.706]   [header-byte] write $ffa517 = 11 mask=00ff (pc=018446)
[   4.005] heartbeat frame=240 tx=33 rx=27 fc=1 fd=10 fe=1 linkflag=82 pc=00028a a502=00 a524=0000 a525=00 a170=09 a17f=00 txtail=0021 rxpend=0000
[   4.005] [transport] captured=33 flushed=33 received=27 accepted=9 payload2=0 payload3=0 payload4=0 payload5=0 pump_reads=222 bursts=11 txcredit=0 outq=0 inq=0 watchdog=17 txseq=0b rxseq=09 rxcredit=0 protection=00 checks=0000
[   4.005] [epochs] local=1 peer=1 ready=true discarded_rx=0
[   4.005] [game-state] a142=02 a13e=02 a13f=03 a530=f822 a506=00 a507=00 a508=00 a7b0=0000 a7a6=0000 script=01a004
[   4.005] [tcb-continuations] ffa580=ff80->018392 sleep=0 local26=7710 ffa5c0=ff80->01853c sleep=0 local26=0b00 ffd100=ff80->01b4ee sleep=0 local26=0000 ffd140=ff80->00628e sleep=0 local26=008a
[   4.206]   [header-byte] write $ffa517 = 11 mask=00ff (pc=018446)
[   4.707]   [header-byte] write $ffa517 = 11 mask=00ff (pc=018446)
[   5.006] heartbeat frame=300 tx=39 rx=33 fc=1 fd=10 fe=1 linkflag=82 pc=000288 a502=00 a524=0000 a525=00 a170=09 a17f=00 txtail=0027 rxpend=0000
[   5.006] [transport] captured=39 flushed=39 received=33 accepted=11 payload2=0 payload3=0 payload4=0 payload5=0 pump_reads=284 bursts=13 txcredit=0 outq=0 inq=0 watchdog=17 txseq=0d rxseq=0b rxcredit=0 protection=00 checks=0000
[   5.006] [epochs] local=1 peer=1 ready=true discarded_rx=0
[   5.006] [tcb-continuations] ffa580=ff80->018392 sleep=0 local26=7710 ffa5c0=ff80->01853c sleep=0 local26=0b00 ffd100=ff80->01b4ee sleep=0 local26=0000 ffd140=ff80->00628e sleep=0 local26=004e
[   5.208]   [header-byte] write $ffa517 = 11 mask=00ff (pc=018446)
[   5.725]   [header-byte] write $ffa517 = 11 mask=00ff (pc=018446)
[   6.008] heartbeat frame=360 tx=45 rx=39 fc=1 fd=10 fe=1 linkflag=82 pc=000288 a502=00 a524=0000 a525=00 a170=09 a17f=00 txtail=002d rxpend=0000
[   6.008] [transport] captured=45 flushed=45 received=39 accepted=13 payload2=0 payload3=0 payload4=0 payload5=0 pump_reads=346 bursts=15 txcredit=0 outq=0 inq=0 watchdog=16 txseq=0f rxseq=0d rxcredit=0 protection=00 checks=0000
[   6.008] [epochs] local=1 peer=1 ready=true discarded_rx=0
[   6.008] [tcb-continuations] ffa580=ff80->018392 sleep=0 local26=7710 ffa5c0=ff80->01853c sleep=0 local26=0b00 ffd100=ff80->01b4ee sleep=0 local26=0000 ffd140=ff80->00628e sleep=0 local26=0012
[   6.226]   [header-byte] write $ffa517 = 11 mask=00ff (pc=018446)
[   6.730]   [header-byte] write $ffa517 = 11 mask=00ff (pc=018446)
[   7.009] heartbeat frame=420 tx=51 rx=45 fc=1 fd=10 fe=1 linkflag=82 pc=00028a a502=00 a524=0000 a525=00 a170=09 a17f=00 txtail=0033 rxpend=0000
[   7.009] [transport] captured=51 flushed=51 received=45 accepted=15 payload2=0 payload3=0 payload4=0 payload5=0 pump_reads=408 bursts=17 txcredit=0 outq=0 inq=0 watchdog=16 txseq=11 rxseq=0f rxcredit=0 protection=00 checks=0000
[   7.009] [epochs] local=1 peer=1 ready=true discarded_rx=0
[   7.009] [game-state] a142=02 a13e=02 a13f=03 a530=f822 a506=00 a507=00 a508=00 a7b0=0000 a7a6=0000 script=01f582
[   7.009] [tcb-continuations] ffa580=ff80->018392 sleep=0 local26=7710 ffa5c0=ff80->01853c sleep=0 local26=0a00 ffd100=ff80->018fcc sleep=0 local26=0000 ffd140=ff80->0250ba sleep=147 local26=0000 ffd180=ff80->024fe2 sleep=0 local26=0000
[   7.227]   [header-byte] write $ffa517 = 11 mask=00ff (pc=018446)
[   7.727]   [header-byte] write $ffa517 = 11 mask=00ff (pc=018446)
[   8.010] heartbeat frame=480 tx=57 rx=51 fc=1 fd=10 fe=1 linkflag=82 pc=00028a a502=00 a524=0000 a525=00 a170=09 a17f=00 txtail=0039 rxpend=0000
[   8.010] [transport] captured=57 flushed=57 received=51 accepted=17 payload2=0 payload3=0 payload4=0 payload5=0 pump_reads=470 bursts=19 txcredit=0 outq=0 inq=0 watchdog=16 txseq=13 rxseq=11 rxcredit=0 protection=00 checks=0000
[   8.010] [epochs] local=1 peer=1 ready=true discarded_rx=0
[   8.010] [tcb-continuations] ffa580=ff80->018392 sleep=0 local26=7710 ffa5c0=ff80->01853c sleep=0 local26=0a00 ffd100=ff80->018fcc sleep=0 local26=0000 ffd140=ff80->0250ba sleep=87 local26=0000 ffd180=ff80->024fe2 sleep=0 local26=0000
[   8.228]   [header-byte] write $ffa517 = 11 mask=00ff (pc=018446)
[   9.012] heartbeat frame=540 tx=63 rx=54 fc=1 fd=10 fe=1 linkflag=82 pc=00028a a502=00 a524=0000 a525=00 a170=09 a17f=00 txtail=003f rxpend=0000
[   9.012] [transport] captured=63 flushed=63 received=54 accepted=18 payload2=0 payload3=0 payload4=0 payload5=0 pump_reads=531 bursts=21 txcredit=0 outq=0 inq=0 watchdog=46 txseq=15 rxseq=12 rxcredit=0 protection=00 checks=0000
[   9.012] [epochs] local=1 peer=1 ready=true discarded_rx=0
[   9.012] [tcb-continuations] ffa580=ff80->018392 sleep=0 local26=7710 ffa5c0=ff80->01853c sleep=0 local26=0a00 ffd100=ff80->018fcc sleep=0 local26=0000 ffd140=ff80->0250ba sleep=27 local26=0000 ffd180=ff80->024fe2 sleep=0 local26=0000
[   9.146]   [header-byte] write $ffa517 = 11 mask=00ff (pc=018446)
[  10.013] heartbeat frame=600 tx=66 rx=60 fc=1 fd=10 fe=1 linkflag=82 pc=001ea0 a502=00 a524=0000 a525=00 a170=09 a17f=00 txtail=0042 rxpend=0003
[  10.013] [transport] captured=66 flushed=66 received=60 accepted=19 payload2=0 payload3=0 payload4=0 payload5=0 pump_reads=593 bursts=22 txcredit=0 outq=0 inq=0 watchdog=27 txseq=16 rxseq=13 rxcredit=0 protection=00 checks=0000
[  10.013] [epochs] local=1 peer=1 ready=true discarded_rx=0
[  10.013] [game-state] a142=02 a13e=02 a13f=03 a530=f822 a506=00 a507=00 a508=00 a7b0=0000 a7a6=0000 script=01f5ba
[  10.013] [tcb-continuations] ffa580=ff80->018392 sleep=0 local26=7710 ffa5c0=ff80->01853c sleep=0 local26=1000 ffd100=ff80->018fba sleep=0 local26=0000
[  10.046]   [header-byte] write $ffa517 = 11 mask=00ff (pc=018446)
[  10.399]   [header-byte] write $ffa517 = 11 mask=00ff (pc=018446)
[  11.014] heartbeat frame=660 tx=72 rx=66 fc=1 fd=10 fe=1 linkflag=82 pc=001ea4 a502=00 a524=0000 a525=00 a170=09 a17f=00 txtail=0048 rxpend=0003
[  11.014] [transport] captured=72 flushed=72 received=66 accepted=21 payload2=0 payload3=0 payload4=0 payload5=0 pump_reads=655 bursts=24 txcredit=0 outq=0 inq=0 watchdog=23 txseq=18 rxseq=15 rxcredit=0 protection=00 checks=0000
[  11.014] [epochs] local=1 peer=1 ready=true discarded_rx=0
[  11.014] [game-state] a142=02 a13e=02 a13f=03 a530=f822 a506=00 a507=00 a508=00 a7b0=0000 a7a6=0000 script=01f5da
[  11.014] [tcb-continuations] ffa580=ff80->018392 sleep=0 local26=7710 ffa5c0=ff80->01853c sleep=0 local26=0200 ffd100=ff80->018fcc sleep=0 local26=0000 ffd140=ff80->025b9a sleep=0 local26=0000 ffd180=ff80->02558e sleep=0 local26=0000
[  11.058]   [header-byte] write $ffa517 = 11 mask=00ff (pc=018446)
[  11.701]   [header-byte] write $ffa517 = 11 mask=00ff (pc=018446)
[  12.015] heartbeat frame=720 tx=75 rx=69 fc=1 fd=10 fe=1 linkflag=82 pc=000288 a502=00 a524=0003 a525=03 a170=09 a17f=00 txtail=004b rxpend=0000
[  12.015] [transport] captured=75 flushed=75 received=69 accepted=23 payload2=0 payload3=0 payload4=0 payload5=0 pump_reads=716 bursts=25 txcredit=0 outq=0 inq=0 watchdog=18 txseq=1a rxseq=17 rxcredit=0 protection=00 checks=0000
[  12.015] [epochs] local=1 peer=1 ready=true discarded_rx=0
[  12.015] [tcb-continuations] ffa580=ff80->018392 sleep=0 local26=7710 ffa5c0=ff80->01853c sleep=0 local26=0000 ffd100=ff80->018fcc sleep=0 local26=0000 ffd140=ff80->025be6 sleep=15 local26=0000 ffd180=ff80->02558e sleep=0 local26=0000 ffd1c0=ff80->02585c sleep=0 local26=0000 ffd200=ff80->02585c sleep=0 local26=0001
[  12.495]   [header-byte] write $ffa517 = 11 mask=00ff (pc=018446)
[  12.952]   [header-byte] write $ffa517 = 11 mask=00ff (pc=018446)
[  13.017] heartbeat frame=780 tx=81 rx=75 fc=1 fd=10 fe=1 linkflag=82 pc=000288 a502=00 a524=0000 a525=00 a170=09 a17f=00 txtail=0051 rxpend=0000
[  13.017] [transport] captured=81 flushed=81 received=75 accepted=25 payload2=0 payload3=0 payload4=0 payload5=0 pump_reads=778 bursts=27 txcredit=0 outq=0 inq=0 watchdog=3 txseq=1b rxseq=19 rxcredit=0 protection=00 checks=0000
[  13.017] [epochs] local=1 peer=1 ready=true discarded_rx=0
[  13.017] [tcb-continuations] ffa580=ff80->018392 sleep=0 local26=7710 ffa5c0=ff80->01853c sleep=0 local26=0c00 ffd100=ff80->018fcc sleep=0 local26=0000 ffd140=ff80->025cf2 sleep=0 local26=0000 ffd180=ff80->02558e sleep=0 local26=0000 ffd1c0=ff00->027736 sleep=0 local26=0002
[  13.559]   [header-byte] write $ffa517 = 11 mask=00ff (pc=018446)
[  14.018] heartbeat frame=840 tx=84 rx=78 fc=1 fd=10 fe=1 linkflag=82 pc=00028a a502=00 a524=0000 a525=00 a170=09 a17f=00 txtail=0054 rxpend=0000
[  14.018] [transport] captured=84 flushed=84 received=78 accepted=26 payload2=0 payload3=0 payload4=0 payload5=0 pump_reads=839 bursts=28 txcredit=0 outq=0 inq=0 watchdog=27 txseq=1c rxseq=1a rxcredit=0 protection=00 checks=0000
[  14.018] [epochs] local=1 peer=1 ready=true discarded_rx=0
[  14.018] [tcb-continuations] ffa580=ff80->018392 sleep=0 local26=7710 ffa5c0=ff80->01853c sleep=0 local26=1b00 ffd100=ff80->018fcc sleep=0 local26=0000 ffd140=ff80->025d88 sleep=45 local26=0000 ffd180=ff80->02558e sleep=0 local26=0000 ffd1c0=ff80->02585c sleep=0 local26=0000 ffd200=ff80->02585c sleep=0 local26=0001
[  14.254]   [header-byte] write $ffa517 = 11 mask=00ff (pc=018446)
[  14.755]   [header-byte] write $ffa517 = 11 mask=00ff (pc=018446)
[  15.019] heartbeat frame=900 tx=90 rx=84 fc=1 fd=10 fe=1 linkflag=82 pc=001ede a502=00 a524=0000 a525=00 a170=09 a17f=00 txtail=005a rxpend=0000
[  15.019] [transport] captured=90 flushed=90 received=84 accepted=28 payload2=0 payload3=0 payload4=0 payload5=0 pump_reads=901 bursts=30 txcredit=0 outq=0 inq=0 watchdog=7 txseq=1e rxseq=1c rxcredit=0 protection=00 checks=0000
[  15.019] [epochs] local=1 peer=1 ready=true discarded_rx=0
[  15.019] [tcb-continuations] ffa580=ff80->018392 sleep=0 local26=7710 ffa5c0=ff80->01853c sleep=0 local26=1300 ffd100=ff80->018fcc sleep=0 local26=0000 ffd140=ff80->025de6 sleep=0 local26=0000 ffd180=ff80->02558e sleep=0 local26=0000 ffd1c0=ff80->0253a2 sleep=0 local26=0000
[  15.262]   [header-byte] write $ffa517 = 11 mask=00ff (pc=018446)
[  15.756]   [header-byte] write $ffa517 = 11 mask=00ff (pc=018446)
[  16.021] heartbeat frame=960 tx=96 rx=90 fc=1 fd=10 fe=1 linkflag=82 pc=000288 a502=00 a524=0000 a525=00 a170=09 a17f=00 txtail=0060 rxpend=0000
[  16.021] [transport] captured=96 flushed=96 received=90 accepted=30 payload2=0 payload3=0 payload4=0 payload5=0 pump_reads=963 bursts=32 txcredit=0 outq=0 inq=0 watchdog=15 txseq=20 rxseq=1e rxcredit=0 protection=00 checks=0000
[  16.021] [epochs] local=1 peer=1 ready=true discarded_rx=0
[  16.021] [tcb-continuations] ffa580=ff80->018392 sleep=0 local26=7710 ffa5c0=ff80->01853c sleep=0 local26=0900 ffd100=ff80->018fcc sleep=0 local26=0000 ffd140=ff80->025de6 sleep=0 local26=0000 ffd180=ff80->02558e sleep=0 local26=0000 ffd1c0=ff80->02547c sleep=0 local26=0000 ffd200=ff80->027736 sleep=0 local26=0002 ffd240=ff80->02533c sleep=0 local26=0108
[  16.256]   [header-byte] write $ffa517 = 11 mask=00ff (pc=018446)
[  16.756]   [header-byte] write $ffa517 = 11 mask=00ff (pc=018446)
[  17.022] heartbeat frame=1020 tx=102 rx=96 fc=1 fd=10 fe=1 linkflag=82 pc=000288 a502=00 a524=0000 a525=00 a170=09 a17f=00 txtail=0066 rxpend=0000
[  17.022] [transport] captured=102 flushed=102 received=96 accepted=32 payload2=0 payload3=0 payload4=0 payload5=0 pump_reads=1025 bursts=34 txcredit=0 outq=0 inq=0 watchdog=15 txseq=22 rxseq=20 rxcredit=0 protection=00 checks=0000
[  17.022] [epochs] local=1 peer=1 ready=true discarded_rx=0
[  17.022] [tcb-continuations] ffa580=ff80->018392 sleep=0 local26=7710 ffa5c0=ff80->01853c sleep=0 local26=0900 ffd100=ff80->018fcc sleep=0 local26=0000 ffd140=ff80->025de6 sleep=0 local26=0000 ffd180=ff80->02558e sleep=0 local26=0000 ffd1c0=ff80->02549a sleep=101 local26=0000 ffd200=ff80->027736 sleep=0 local26=0002 ffd240=ff80->02535e sleep=0 local26=0108
[  17.039] [protection-state] address=ffa020 data=1010 mask=ff00 pc=000948
[  17.039] [protection-state] address=ffa020 data=1010 mask=00ff pc=000952
[  17.055] [protection-state] address=ffa020 data=0000 mask=00ff pc=000952
[  17.106] [protection-state] address=ffa020 data=0000 mask=ff00 pc=000948
[  17.214]   [menu-state] write $ffa170 = 0808 mask=ff00 (pc=018062)
[  17.214]   [menu-state] write $ffa176 = 0000 mask=ff00 (pc=01afde)
[  17.214]   [header-byte] write $ffa513 = 00 mask=00ff (pc=01afe6)
[  17.214]   [header-byte] write $ffa513 = 10 mask=00ff (pc=01affe)
[  17.214]   [header-byte] write $ffa513 = 11 mask=00ff (pc=01b034)
[  17.214] [game-command] data=0303 mask=ff00 pc=0188d8 requests=80
[  17.242]   [header-byte] write $ffa513 = 13 mask=00ff (pc=0189b4)
[  17.242]   [menu-state] write $ffa17f = 0000 mask=00ff (pc=0189c2)
[  17.292]   [header-byte] write $ffa517 = 11 mask=00ff (pc=018446)
[  17.369]   [header-byte] write $ffa517 = 15 mask=00ff (pc=018446)
[  17.390]   [header-byte] write $ffa517 = 13 mask=00ff (pc=018446)
[  17.931] [game-command] data=1313 mask=ff00 pc=018ae0 requests=00
[  18.023] heartbeat frame=1080 tx=130 rx=105 fc=1 fd=10 fe=1 linkflag=82 pc=000288 a502=00 a524=0005 a525=05 a170=08 a17f=00 txtail=0082 rxpend=0000
[  18.023] [transport] captured=130 flushed=130 received=105 accepted=35 payload2=0 payload3=0 payload4=0 payload5=0 pump_reads=1088 bursts=40 txcredit=0 outq=0 inq=0 watchdog=25 txseq=29 rxseq=23 rxcredit=0 protection=00 checks=0000
[  18.023] [epochs] local=1 peer=1 ready=true discarded_rx=0
[  18.023] [game-state] a142=04 a13e=01 a13f=01 a530=1322 a506=03 a507=00 a508=00 a7b0=0000 a7a6=0000 script=01a3ee
[  18.023] [tcb-continuations] ffa580=ff80->018392 sleep=0 local26=7710 ffa5c0=ff80->01853c sleep=0 local26=0000 ffd040=ff80->018a40 sleep=0 local26=8300 ffd080=ff80->01fe6e sleep=0 local26=0000 ffd0c0=ff80->018ee4 sleep=0 local26=0000 ffd100=ff80->01fbb4 sleep=0 local26=0000 ffd140=ff80->01fbb6 sleep=0 local26=0002 ffd180=ff80->01fbb6 sleep=0 local26=00a2 ffd1c0=ff80->01fbb6 sleep=0 local26=01c2 ffd200=ff80->01fbb6 sleep=0 local26=02e2 ffd240=ff80->01902e sleep=0 local26=0000 ffd280=ff80->01ffe2 sleep=0 local26=0009 ffd2c0=ff80->020004 sleep=0 local26=0002 ffd300=ff80->020004 sleep=0 local26=0000 ffd340=ff80->01febe sleep=0 local26=0000 ffd380=ff80->01fedc sleep=0 local26=0000
[  18.093]   [header-byte] write $ffa517 = 13 mask=00ff (pc=018446)
[  18.093] [packet-accepted] total=36 seq=23 flags=04 status=13 pc=01845e command=03 arg=22
[  18.109]   [header-byte] write $ffa517 = 13 mask=00ff (pc=018446)
[  18.109] [packet-accepted] total=37 seq=24 flags=04 status=13 pc=01845e command=03 arg=22
[  18.126]   [header-byte] write $ffa517 = 13 mask=00ff (pc=018446)
[  18.126] [packet-accepted] total=38 seq=25 flags=04 status=13 pc=01845e command=03 arg=22
[  18.142]   [header-byte] write $ffa517 = 13 mask=00ff (pc=018446)
[  18.142] [packet-accepted] total=39 seq=26 flags=04 status=13 pc=01845e command=03 arg=22
[  18.159]   [header-byte] write $ffa517 = 13 mask=00ff (pc=018446)
[  18.159] [packet-accepted] total=40 seq=27 flags=04 status=13 pc=01845e command=03 arg=22
[  18.176]   [header-byte] write $ffa517 = 13 mask=00ff (pc=018446)
[  18.176] [packet-accepted] total=41 seq=28 flags=04 status=13 pc=01845e command=03 arg=22
[  18.193]   [header-byte] write $ffa517 = 13 mask=00ff (pc=018446)
[  18.193] [packet-accepted] total=42 seq=29 flags=04 status=13 pc=01845e command=03 arg=22
[  18.209]   [header-byte] write $ffa517 = 13 mask=00ff (pc=018446)
[  18.209] [packet-accepted] total=43 seq=2a flags=04 status=13 pc=01845e command=03 arg=22
[  18.228]   [header-byte] write $ffa517 = 13 mask=00ff (pc=018446)
[  18.228] [packet-accepted] total=44 seq=2b flags=04 status=13 pc=01845e command=03 arg=22
[  18.243]   [header-byte] write $ffa517 = 13 mask=00ff (pc=018446)
[  18.243] [packet-accepted] total=45 seq=2c flags=04 status=13 pc=01845e command=03 arg=22
[  18.259]   [header-byte] write $ffa517 = 13 mask=00ff (pc=018446)
[  18.259] [packet-accepted] total=46 seq=2d flags=04 status=13 pc=01845e command=03 arg=22
[  18.276]   [header-byte] write $ffa517 = 13 mask=00ff (pc=018446)
[  18.276] [packet-accepted] total=47 seq=2e flags=04 status=13 pc=01845e command=03 arg=22
[  18.293]   [header-byte] write $ffa517 = 13 mask=00ff (pc=018446)
[  18.293] [packet-accepted] total=48 seq=2f flags=04 status=13 pc=01845e command=03 arg=22
[  18.309]   [header-byte] write $ffa517 = 13 mask=00ff (pc=018446)
[  18.309] [packet-accepted] total=49 seq=30 flags=04 status=13 pc=01845e command=03 arg=22
[  18.326]   [header-byte] write $ffa517 = 13 mask=00ff (pc=018446)
[  18.326] [packet-accepted] total=50 seq=31 flags=04 status=13 pc=01845e command=03 arg=22
[  18.343]   [header-byte] write $ffa517 = 13 mask=00ff (pc=018446)
[  18.343] [packet-accepted] total=51 seq=32 flags=04 status=13 pc=01845e command=03 arg=22
[  18.360]   [header-byte] write $ffa517 = 13 mask=00ff (pc=018446)
[  18.360] [packet-accepted] total=52 seq=33 flags=04 status=13 pc=01845e command=03 arg=22
[  18.376]   [header-byte] write $ffa517 = 13 mask=00ff (pc=018446)
[  18.376] [packet-accepted] total=53 seq=34 flags=04 status=13 pc=01845e command=03 arg=22
[  18.395]   [header-byte] write $ffa517 = 13 mask=00ff (pc=018446)
[  18.395] [packet-accepted] total=54 seq=35 flags=04 status=13 pc=01845e command=03 arg=22
[  18.410]   [header-byte] write $ffa517 = 13 mask=00ff (pc=018446)
[  18.410] [packet-accepted] total=55 seq=36 flags=04 status=13 pc=01845e command=03 arg=22
[  18.426]   [header-byte] write $ffa517 = 13 mask=00ff (pc=018446)
[  18.426] [packet-accepted] total=56 seq=37 flags=04 status=13 pc=01845e command=03 arg=22
[  18.443]   [header-byte] write $ffa517 = 13 mask=00ff (pc=018446)
[  18.443] [packet-accepted] total=57 seq=38 flags=04 status=13 pc=01845e command=03 arg=22
[  18.460]   [header-byte] write $ffa517 = 13 mask=00ff (pc=018446)
[  18.460] [packet-accepted] total=58 seq=39 flags=04 status=13 pc=01845e command=03 arg=22
[  18.476]   [header-byte] write $ffa517 = 13 mask=00ff (pc=018446)
[  18.476] [packet-accepted] total=59 seq=3a flags=04 status=13 pc=01845e command=03 arg=22
[  18.493]   [header-byte] write $ffa517 = 13 mask=00ff (pc=018446)
[  18.493] [packet-accepted] total=60 seq=3b flags=04 status=13 pc=01845e command=03 arg=22
[  18.510]   [header-byte] write $ffa517 = 13 mask=00ff (pc=018446)
[  18.510] [packet-accepted] total=61 seq=3c flags=04 status=13 pc=01845e command=03 arg=22
[  18.526]   [header-byte] write $ffa517 = 13 mask=00ff (pc=018446)
[  18.526] [packet-accepted] total=62 seq=3d flags=04 status=13 pc=01845e command=03 arg=22
[  18.543]   [header-byte] write $ffa517 = 13 mask=00ff (pc=018446)
[  18.543] [packet-accepted] total=63 seq=3e flags=04 status=13 pc=01845e command=03 arg=22
[  18.560]   [header-byte] write $ffa517 = 13 mask=00ff (pc=018446)
[  18.560] [packet-accepted] total=64 seq=3f flags=04 status=13 pc=01845e command=03 arg=22
[  18.576]   [header-byte] write $ffa517 = 13 mask=00ff (pc=018446)
[  18.576] [packet-accepted] total=65 seq=40 flags=04 status=13 pc=01845e command=03 arg=22
[  18.593]   [header-byte] write $ffa517 = 13 mask=00ff (pc=018446)
[  18.593] [packet-accepted] total=66 seq=41 flags=04 status=13 pc=01845e command=03 arg=22
[  18.610]   [header-byte] write $ffa517 = 13 mask=00ff (pc=018446)
[  18.610] [packet-accepted] total=67 seq=42 flags=04 status=13 pc=01845e command=03 arg=22
[  18.627]   [header-byte] write $ffa517 = 13 mask=00ff (pc=018446)
[  18.627] [packet-accepted] total=68 seq=43 flags=04 status=13 pc=01845e command=03 arg=22
[  18.643]   [header-byte] write $ffa517 = 13 mask=00ff (pc=018446)
[  18.643] [packet-accepted] total=69 seq=44 flags=04 status=13 pc=01845e command=03 arg=22
[  18.660]   [header-byte] write $ffa517 = 13 mask=00ff (pc=018446)
[  18.660] [packet-accepted] total=70 seq=45 flags=04 status=13 pc=01845e command=03 arg=22
[  18.677]   [header-byte] write $ffa517 = 13 mask=00ff (pc=018446)
[  18.677] [packet-accepted] total=71 seq=46 flags=04 status=13 pc=01845e command=03 arg=22
[  18.693]   [header-byte] write $ffa517 = 13 mask=00ff (pc=018446)
[  18.693] [packet-accepted] total=72 seq=47 flags=04 status=13 pc=01845e command=03 arg=22
[  18.712]   [header-byte] write $ffa517 = 13 mask=00ff (pc=018446)
[  18.712] [packet-accepted] total=73 seq=48 flags=04 status=13 pc=01845e command=03 arg=22
[  18.727]   [header-byte] write $ffa517 = 13 mask=00ff (pc=018446)
[  18.727] [packet-accepted] total=74 seq=49 flags=04 status=13 pc=01845e command=03 arg=22
[  18.743]   [header-byte] write $ffa517 = 13 mask=00ff (pc=018446)
[  18.743] [packet-accepted] total=75 seq=4a flags=04 status=13 pc=01845e command=03 arg=22
[  18.760]   [header-byte] write $ffa517 = 13 mask=00ff (pc=018446)
[  18.760] [packet-accepted] total=76 seq=4b flags=04 status=13 pc=01845e command=03 arg=22
[  18.777]   [header-byte] write $ffa517 = 13 mask=00ff (pc=018446)
[  18.777] [packet-accepted] total=77 seq=4c flags=04 status=13 pc=01845e command=03 arg=22
[  18.793]   [header-byte] write $ffa517 = 13 mask=00ff (pc=018446)
[  18.793] [packet-accepted] total=78 seq=4d flags=04 status=13 pc=01845e command=03 arg=22
[  18.810]   [header-byte] write $ffa517 = 13 mask=00ff (pc=018446)
[  18.810] [packet-accepted] total=79 seq=4e flags=04 status=13 pc=01845e command=03 arg=22
[  18.827]   [header-byte] write $ffa517 = 13 mask=00ff (pc=018446)
[  18.827] [packet-accepted] total=80 seq=4f flags=04 status=13 pc=01845e command=03 arg=22
[  18.843]   [header-byte] write $ffa517 = 13 mask=00ff (pc=018446)
[  18.843] [packet-accepted] total=81 seq=50 flags=04 status=13 pc=01845e command=03 arg=22
[  18.861]   [header-byte] write $ffa517 = 13 mask=00ff (pc=018446)
[  18.861] [packet-accepted] total=82 seq=51 flags=04 status=13 pc=01845e command=03 arg=22
[  18.877]   [header-byte] write $ffa517 = 13 mask=00ff (pc=018446)
[  18.877] [packet-accepted] total=83 seq=52 flags=04 status=13 pc=01845e command=03 arg=22
[  18.893]   [header-byte] write $ffa517 = 13 mask=00ff (pc=018446)
[  18.893] [packet-accepted] total=84 seq=53 flags=04 status=13 pc=01845e command=03 arg=22
[  18.910]   [header-byte] write $ffa517 = 13 mask=00ff (pc=018446)
[  18.910] [packet-accepted] total=85 seq=54 flags=04 status=13 pc=01845e command=03 arg=22
[  18.927]   [header-byte] write $ffa517 = 13 mask=00ff (pc=018446)
[  18.927] [packet-accepted] total=86 seq=55 flags=04 status=13 pc=01845e command=03 arg=22
[  18.943]   [header-byte] write $ffa517 = 13 mask=00ff (pc=018446)
[  18.943] [packet-accepted] total=87 seq=56 flags=04 status=13 pc=01845e command=03 arg=22
[  18.960]   [header-byte] write $ffa517 = 13 mask=00ff (pc=018446)
[  18.960] [packet-accepted] total=88 seq=57 flags=04 status=13 pc=01845e command=03 arg=22
[  18.977]   [header-byte] write $ffa517 = 13 mask=00ff (pc=018446)
[  18.977] [packet-accepted] total=89 seq=58 flags=04 status=13 pc=01845e command=03 arg=22
[  18.993]   [header-byte] write $ffa517 = 13 mask=00ff (pc=018446)
[  18.993] [packet-accepted] total=90 seq=59 flags=04 status=13 pc=01845e command=03 arg=22
[  19.010]   [header-byte] write $ffa517 = 13 mask=00ff (pc=018446)
[  19.010] [packet-accepted] total=91 seq=5a flags=04 status=13 pc=01845e command=03 arg=22
[  19.024] heartbeat frame=1140 tx=430 rx=385 fc=1 fd=10 fe=1 linkflag=82 pc=00028a a502=00 a524=0005 a525=05 a170=08 a17f=00 txtail=00ae rxpend=0000
[  19.024] [transport] captured=430 flushed=430 received=385 accepted=91 payload2=56 payload3=0 payload4=0 payload5=0 pump_reads=1204 bursts=100 txcredit=0 outq=0 inq=0 watchdog=0 txseq=65 rxseq=5b rxcredit=5 protection=00 checks=0000
[  19.024] [epochs] local=1 peer=1 ready=true discarded_rx=0
[  19.024] [game-state] a142=04 a13e=01 a13f=01 a530=1322 a506=03 a507=00 a508=00 a7b0=0000 a7a6=0322 script=01a3ee
[  19.024] [tcb-continuations] ffa580=ff80->018392 sleep=0 local26=7710 ffa5c0=ff80->01853c sleep=0 local26=0000 ffd040=ff80->018a40 sleep=0 local26=8300 ffd0c0=ff80->018ee4 sleep=0 local26=0000 ffd100=ff80->01fbb4 sleep=0 local26=0000 ffd140=ff80->01fbb6 sleep=0 local26=0002 ffd180=ff80->01fbb6 sleep=0 local26=00a2 ffd1c0=ff80->01fbb6 sleep=0 local26=01c2 ffd200=ff80->01fbb6 sleep=0 local26=02e2 ffd240=ff80->01902e sleep=0 local26=0000 ffd280=ff80->01ffe2 sleep=0 local26=0008 ffd2c0=ff80->020004 sleep=0 local26=0002 ffd300=ff80->020004 sleep=0 local26=0000 ffd340=ff80->01febe sleep=0 local26=0000 ffd380=ff80->01fedc sleep=0 local26=0000
[  19.027]   [header-byte] write $ffa517 = 13 mask=00ff (pc=018446)
[  19.027] [packet-accepted] total=92 seq=5b flags=04 status=13 pc=01845e command=03 arg=22
[  19.043]   [header-byte] write $ffa517 = 13 mask=00ff (pc=018446)
[  19.043] [packet-accepted] total=93 seq=5c flags=04 status=13 pc=01845e command=03 arg=22
[  19.060]   [header-byte] write $ffa517 = 13 mask=00ff (pc=018446)
[  19.060] [packet-accepted] total=94 seq=5d flags=04 status=13 pc=01845e command=03 arg=22
[  19.077]   [header-byte] write $ffa517 = 13 mask=00ff (pc=018446)
[  19.077] [packet-accepted] total=95 seq=5e flags=04 status=13 pc=01845e command=03 arg=22
[  19.093]   [header-byte] write $ffa517 = 13 mask=00ff (pc=018446)
[  19.093] [packet-accepted] total=96 seq=5f flags=04 status=13 pc=01845e command=03 arg=22
[  19.110]   [header-byte] write $ffa517 = 13 mask=00ff (pc=018446)
[  19.110] [packet-accepted] total=97 seq=60 flags=04 status=13 pc=01845e command=03 arg=22
[  19.127]   [header-byte] write $ffa517 = 13 mask=00ff (pc=018446)
[  19.127] [packet-accepted] total=98 seq=61 flags=04 status=13 pc=01845e command=03 arg=22
[  19.143]   [header-byte] write $ffa517 = 13 mask=00ff (pc=018446)
[  19.143] [packet-accepted] total=99 seq=62 flags=04 status=13 pc=01845e command=03 arg=22
[  19.160]   [header-byte] write $ffa517 = 13 mask=00ff (pc=018446)
[  19.160] [packet-accepted] total=100 seq=63 flags=04 status=13 pc=01845e command=03 arg=22
[  19.179]   [header-byte] write $ffa517 = 13 mask=00ff (pc=018446)
[  19.179] [packet-accepted] total=101 seq=64 flags=04 status=13 pc=01845e command=03 arg=22
[  19.194]   [header-byte] write $ffa517 = 13 mask=00ff (pc=018446)
[  19.194] [packet-accepted] total=102 seq=65 flags=04 status=13 pc=01845e command=03 arg=22
[  19.210]   [header-byte] write $ffa517 = 13 mask=00ff (pc=018446)
[  19.210] [packet-accepted] total=103 seq=66 flags=04 status=13 pc=01845e command=03 arg=22
[  19.227]   [header-byte] write $ffa517 = 13 mask=00ff (pc=018446)
[  19.227] [packet-accepted] total=104 seq=67 flags=04 status=13 pc=01845e command=03 arg=22
[  19.244]   [header-byte] write $ffa517 = 13 mask=00ff (pc=018446)
[  19.244] [packet-accepted] total=105 seq=68 flags=04 status=13 pc=01845e command=03 arg=22
[  19.261]   [header-byte] write $ffa517 = 13 mask=00ff (pc=018446)
[  19.261] [packet-accepted] total=106 seq=69 flags=04 status=13 pc=01845e command=03 arg=22
[  19.277]   [header-byte] write $ffa517 = 13 mask=00ff (pc=018446)
[  19.277] [packet-accepted] total=107 seq=6a flags=04 status=13 pc=01845e command=03 arg=22
[  19.294]   [header-byte] write $ffa517 = 13 mask=00ff (pc=018446)
[  19.294] [packet-accepted] total=108 seq=6b flags=04 status=13 pc=01845e command=03 arg=22
[  19.311]   [header-byte] write $ffa517 = 13 mask=00ff (pc=018446)
[  19.311] [packet-accepted] total=109 seq=6c flags=04 status=13 pc=01845e command=03 arg=22
[  19.327]   [header-byte] write $ffa517 = 13 mask=00ff (pc=018446)
[  19.327] [packet-accepted] total=110 seq=6d flags=04 status=13 pc=01845e command=03 arg=22
[  19.346]   [header-byte] write $ffa517 = 13 mask=00ff (pc=018446)
[  19.346] [packet-accepted] total=111 seq=6e flags=04 status=13 pc=01845e command=03 arg=22
[  19.361]   [header-byte] write $ffa517 = 13 mask=00ff (pc=018446)
[  19.361] [packet-accepted] total=112 seq=6f flags=04 status=13 pc=01845e command=03 arg=22
[  19.377]   [header-byte] write $ffa517 = 13 mask=00ff (pc=018446)
[  19.377] [packet-accepted] total=113 seq=70 flags=04 status=13 pc=01845e command=03 arg=22
[  19.394]   [header-byte] write $ffa517 = 13 mask=00ff (pc=018446)
[  19.394] [packet-accepted] total=114 seq=71 flags=04 status=13 pc=01845e command=03 arg=22
[  19.411]   [header-byte] write $ffa517 = 13 mask=00ff (pc=018446)
[  19.411] [packet-accepted] total=115 seq=72 flags=04 status=13 pc=01845e command=03 arg=22
[  19.427]   [header-byte] write $ffa517 = 13 mask=00ff (pc=018446)
[  19.427] [packet-accepted] total=116 seq=73 flags=04 status=13 pc=01845e command=03 arg=22
[  19.444]   [header-byte] write $ffa517 = 13 mask=00ff (pc=018446)
[  19.444] [packet-accepted] total=117 seq=74 flags=04 status=13 pc=01845e command=03 arg=22
[  19.461]   [header-byte] write $ffa517 = 13 mask=00ff (pc=018446)
[  19.461] [packet-accepted] total=118 seq=75 flags=04 status=13 pc=01845e command=03 arg=22
[  19.477]   [header-byte] write $ffa517 = 13 mask=00ff (pc=018446)
[  19.477] [packet-accepted] total=119 seq=76 flags=04 status=13 pc=01845e command=03 arg=22
[  19.494]   [header-byte] write $ffa517 = 13 mask=00ff (pc=018446)
[  19.494] [packet-accepted] total=120 seq=77 flags=04 status=13 pc=01845e command=03 arg=22
[  19.511]   [header-byte] write $ffa517 = 13 mask=00ff (pc=018446)
[  19.511] [packet-accepted] total=121 seq=78 flags=04 status=13 pc=01845e command=03 arg=22
[  19.527]   [header-byte] write $ffa517 = 13 mask=00ff (pc=018446)
[  19.527] [packet-accepted] total=122 seq=79 flags=04 status=13 pc=01845e command=03 arg=22
[  19.544]   [header-byte] write $ffa517 = 13 mask=00ff (pc=018446)
[  19.544] [packet-accepted] total=123 seq=7a flags=04 status=13 pc=01845e command=03 arg=22
[  19.559] [protection-state] address=ffa020 data=2020 mask=ff00 pc=000948
[  19.559] [protection-state] address=ffa020 data=2020 mask=00ff pc=000952
[  19.561]   [header-byte] write $ffa517 = 13 mask=00ff (pc=018446)
[  19.561] [packet-accepted] total=124 seq=7b flags=04 status=13 pc=01845e command=03 arg=22
[  19.575] [protection-state] address=ffa020 data=0000 mask=00ff pc=000952
[  19.579]   [header-byte] write $ffa517 = 13 mask=00ff (pc=018446)
[  19.579] [packet-accepted] total=125 seq=7c flags=04 status=13 pc=01845e command=03 arg=22
[  19.579] [game-command] data=3333 mask=ff00 pc=018ae0 requests=00
[  19.594]   [header-byte] write $ffa517 = 13 mask=00ff (pc=018446)
[  19.594] [packet-accepted] total=126 seq=7d flags=04 status=13 pc=01845e command=03 arg=22
[  19.611]   [header-byte] write $ffa517 = 13 mask=00ff (pc=018446)
[  19.611] [packet-accepted] total=127 seq=7e flags=04 status=13 pc=01845e command=03 arg=22
[  19.625] [protection-state] address=ffa020 data=0000 mask=ff00 pc=000948
[  19.628]   [header-byte] write $ffa517 = 13 mask=00ff (pc=018446)
[  19.628] [packet-accepted] total=128 seq=7f flags=04 status=13 pc=01845e command=03 arg=22
[  19.644]   [header-byte] write $ffa517 = 13 mask=00ff (pc=018446)
[  19.644] [packet-accepted] total=129 seq=80 flags=04 status=13 pc=01845e command=03 arg=22
[  19.663]   [header-byte] write $ffa517 = 13 mask=00ff (pc=018446)
[  19.663] [packet-accepted] total=130 seq=81 flags=04 status=13 pc=01845e command=03 arg=22
[  19.678]   [header-byte] write $ffa517 = 13 mask=00ff (pc=018446)
[  19.678] [packet-accepted] total=131 seq=82 flags=04 status=13 pc=01845e command=03 arg=22
[  19.695]   [header-byte] write $ffa517 = 13 mask=00ff (pc=018446)
[  19.695] [packet-accepted] total=132 seq=83 flags=04 status=13 pc=01845e command=03 arg=22
[  19.711]   [header-byte] write $ffa517 = 13 mask=00ff (pc=018446)
[  19.711] [packet-accepted] total=133 seq=84 flags=04 status=13 pc=01845e command=03 arg=22
[  19.728]   [header-byte] write $ffa517 = 13 mask=00ff (pc=018446)
[  19.728] [packet-accepted] total=134 seq=85 flags=04 status=13 pc=01845e command=03 arg=22
[  19.745]   [header-byte] write $ffa517 = 13 mask=00ff (pc=018446)
[  19.745] [packet-accepted] total=135 seq=86 flags=04 status=13 pc=01845e command=03 arg=22
[  19.761]   [header-byte] write $ffa517 = 13 mask=00ff (pc=018446)
[  19.761] [packet-accepted] total=136 seq=87 flags=04 status=13 pc=01845e command=03 arg=22
[  19.778]   [header-byte] write $ffa517 = 13 mask=00ff (pc=018446)
[  19.778] [packet-accepted] total=137 seq=88 flags=04 status=13 pc=01845e command=03 arg=22
[  19.795]   [header-byte] write $ffa517 = 13 mask=00ff (pc=018446)
[  19.795] [packet-accepted] total=138 seq=89 flags=04 status=13 pc=01845e command=03 arg=22
[  19.813]   [header-byte] write $ffa517 = 13 mask=00ff (pc=018446)
[  19.813] [packet-accepted] total=139 seq=8a flags=04 status=13 pc=01845e command=03 arg=22
[  19.828]   [header-byte] write $ffa517 = 13 mask=00ff (pc=018446)
[  19.828] [packet-accepted] total=140 seq=8b flags=04 status=13 pc=01845e command=03 arg=22
[  19.845]   [header-byte] write $ffa517 = 13 mask=00ff (pc=018446)
[  19.845] [packet-accepted] total=141 seq=8c flags=04 status=13 pc=01845e command=03 arg=22
[  19.862]   [header-byte] write $ffa517 = 13 mask=00ff (pc=018446)
[  19.862] [packet-accepted] total=142 seq=8d flags=04 status=13 pc=01845e command=03 arg=22
[  19.878]   [header-byte] write $ffa517 = 13 mask=00ff (pc=018446)
[  19.878] [packet-accepted] total=143 seq=8e flags=04 status=13 pc=01845e command=03 arg=22
[  19.895]   [header-byte] write $ffa517 = 13 mask=00ff (pc=018446)
[  19.895] [packet-accepted] total=144 seq=8f flags=04 status=13 pc=01845e command=03 arg=22
[  19.911]   [header-byte] write $ffa517 = 13 mask=00ff (pc=018446)
[  19.911] [packet-accepted] total=145 seq=90 flags=04 status=13 pc=01845e command=03 arg=22
[  19.928]   [header-byte] write $ffa517 = 13 mask=00ff (pc=018446)
[  19.928] [packet-accepted] total=146 seq=91 flags=04 status=13 pc=01845e command=03 arg=22
[  19.945]   [header-byte] write $ffa517 = 13 mask=00ff (pc=018446)
[  19.945] [packet-accepted] total=147 seq=92 flags=04 status=13 pc=01845e command=03 arg=22
[  19.961]   [header-byte] write $ffa517 = 13 mask=00ff (pc=018446)
[  19.961] [packet-accepted] total=148 seq=93 flags=04 status=13 pc=01845e command=03 arg=22
[  19.978]   [header-byte] write $ffa517 = 13 mask=00ff (pc=018446)
[  19.978] [packet-accepted] total=149 seq=94 flags=04 status=13 pc=01845e command=03 arg=22
[  19.995]   [header-byte] write $ffa517 = 13 mask=00ff (pc=018446)
[  19.995] [packet-accepted] total=150 seq=95 flags=04 status=13 pc=01845e command=03 arg=22
[  20.011]   [header-byte] write $ffa517 = 13 mask=00ff (pc=018446)
[  20.011] [packet-accepted] total=151 seq=96 flags=04 status=13 pc=01845e command=03 arg=22
[  20.026] heartbeat frame=1200 tx=730 rx=685 fc=1 fd=10 fe=1 linkflag=82 pc=00028a a502=00 a524=0005 a525=05 a170=08 a17f=00 txtail=00da rxpend=0000
[  20.026] [transport] captured=730 flushed=730 received=685 accepted=151 payload2=116 payload3=0 payload4=0 payload5=0 pump_reads=1324 bursts=160 txcredit=0 outq=0 inq=0 watchdog=0 txseq=a1 rxseq=97 rxcredit=5 protection=00 checks=0000
[  20.026] [epochs] local=1 peer=1 ready=true discarded_rx=0
[  20.026] [game-state] a142=04 a13e=02 a13f=03 a530=3322 a506=03 a507=00 a508=00 a7b0=0000 a7a6=0322 script=01a3ee
[  20.026] [tcb-continuations] ffa580=ff80->018392 sleep=0 local26=7710 ffa5c0=ff80->01853c sleep=0 local26=0000 ffd040=ff80->018a40 sleep=0 local26=8300 ffd100=ff80->01fbb4 sleep=0 local26=0000 ffd140=ff80->01fbb6 sleep=0 local26=0002 ffd180=ff80->01fbb6 sleep=0 local26=00a2 ffd1c0=ff80->01fbb6 sleep=0 local26=01c2 ffd200=ff80->01fbb6 sleep=0 local26=02e2 ffd240=ff80->01902e sleep=0 local26=0000 ffd280=ff80->01ffe2 sleep=0 local26=0008 ffd2c0=ff80->020004 sleep=0 local26=0002 ffd300=ff80->020004 sleep=0 local26=0000
[  20.028]   [header-byte] write $ffa517 = 13 mask=00ff (pc=018446)
[  20.028] [packet-accepted] total=152 seq=97 flags=04 status=13 pc=01845e command=03 arg=22
[  20.045]   [header-byte] write $ffa517 = 13 mask=00ff (pc=018446)
[  20.045] [packet-accepted] total=153 seq=98 flags=04 status=13 pc=01845e command=03 arg=22
[  20.061]   [header-byte] write $ffa517 = 13 mask=00ff (pc=018446)
[  20.061] [packet-accepted] total=154 seq=99 flags=04 status=13 pc=01845e command=03 arg=22
[  20.078]   [header-byte] write $ffa517 = 13 mask=00ff (pc=018446)
[  20.078] [packet-accepted] total=155 seq=9a flags=04 status=13 pc=01845e command=03 arg=22
[  20.095]   [header-byte] write $ffa517 = 13 mask=00ff (pc=018446)
[  20.095] [packet-accepted] total=156 seq=9b flags=04 status=13 pc=01845e command=03 arg=22
[  20.111]   [header-byte] write $ffa517 = 13 mask=00ff (pc=018446)
[  20.112] [packet-accepted] total=157 seq=9c flags=04 status=13 pc=01845e command=03 arg=22
[  20.130]   [header-byte] write $ffa517 = 13 mask=00ff (pc=018446)
[  20.130] [packet-accepted] total=158 seq=9d flags=04 status=13 pc=01845e command=03 arg=22
[  20.145]   [header-byte] write $ffa517 = 13 mask=00ff (pc=018446)
[  20.145] [packet-accepted] total=159 seq=9e flags=04 status=13 pc=01845e command=03 arg=22
[  20.162]   [header-byte] write $ffa517 = 13 mask=00ff (pc=018446)
[  20.162] [packet-accepted] total=160 seq=9f flags=04 status=13 pc=01845e command=03 arg=22
[  20.178]   [header-byte] write $ffa517 = 13 mask=00ff (pc=018446)
[  20.178] [packet-accepted] total=161 seq=a0 flags=04 status=13 pc=01845e command=03 arg=22
[  20.195]   [header-byte] write $ffa517 = 13 mask=00ff (pc=018446)
[  20.195] [packet-accepted] total=162 seq=a1 flags=04 status=13 pc=01845e command=03 arg=22
[  20.212]   [header-byte] write $ffa517 = 13 mask=00ff (pc=018446)
[  20.212] [packet-accepted] total=163 seq=a2 flags=04 status=13 pc=01845e command=03 arg=22
[  20.228]   [header-byte] write $ffa517 = 13 mask=00ff (pc=018446)
[  20.228] [packet-accepted] total=164 seq=a3 flags=04 status=13 pc=01845e command=03 arg=22
[  20.245]   [header-byte] write $ffa517 = 13 mask=00ff (pc=018446)
[  20.245] [packet-accepted] total=165 seq=a4 flags=04 status=13 pc=01845e command=03 arg=22
[  20.262]   [header-byte] write $ffa517 = 13 mask=00ff (pc=018446)
[  20.262] [packet-accepted] total=166 seq=a5 flags=04 status=13 pc=01845e command=03 arg=22
[  20.278]   [header-byte] write $ffa517 = 13 mask=00ff (pc=018446)
[  20.278] [packet-accepted] total=167 seq=a6 flags=04 status=13 pc=01845e command=03 arg=22
[  20.298]   [header-byte] write $ffa517 = 13 mask=00ff (pc=018446)
[  20.298] [packet-accepted] total=168 seq=a7 flags=04 status=13 pc=01845e command=03 arg=22
[  20.312]   [header-byte] write $ffa517 = 13 mask=00ff (pc=018446)
[  20.312] [packet-accepted] total=169 seq=a8 flags=04 status=13 pc=01845e command=03 arg=22
[  20.329]   [header-byte] write $ffa517 = 13 mask=00ff (pc=018446)
[  20.329] [packet-accepted] total=170 seq=a9 flags=04 status=13 pc=01845e command=03 arg=22
[  20.345]   [header-byte] write $ffa517 = 13 mask=00ff (pc=018446)
[  20.345] [packet-accepted] total=171 seq=aa flags=04 status=13 pc=01845e command=03 arg=22
[  20.362]   [header-byte] write $ffa517 = 13 mask=00ff (pc=018446)
[  20.362] [packet-accepted] total=172 seq=ab flags=04 status=13 pc=01845e command=03 arg=22
[  20.379]   [header-byte] write $ffa517 = 13 mask=00ff (pc=018446)
[  20.379] [packet-accepted] total=173 seq=ac flags=04 status=13 pc=01845e command=03 arg=22
[  20.395]   [header-byte] write $ffa517 = 13 mask=00ff (pc=018446)
[  20.395] [packet-accepted] total=174 seq=ad flags=04 status=13 pc=01845e command=03 arg=22
[  20.412]   [header-byte] write $ffa517 = 13 mask=00ff (pc=018446)
[  20.412] [packet-accepted] total=175 seq=ae flags=04 status=13 pc=01845e command=03 arg=22
[  20.429]   [header-byte] write $ffa517 = 13 mask=00ff (pc=018446)
[  20.429] [packet-accepted] total=176 seq=af flags=04 status=13 pc=01845e command=03 arg=22
[  20.446]   [header-byte] write $ffa517 = 13 mask=00ff (pc=018446)
[  20.446] [packet-accepted] total=177 seq=b0 flags=04 status=13 pc=01845e command=03 arg=22
[  20.462]   [header-byte] write $ffa517 = 13 mask=00ff (pc=018446)
[  20.462] [packet-accepted] total=178 seq=b1 flags=04 status=13 pc=01845e command=03 arg=22
[  20.479]   [header-byte] write $ffa517 = 13 mask=00ff (pc=018446)
[  20.479] [packet-accepted] total=179 seq=b2 flags=04 status=13 pc=01845e command=03 arg=22
[  20.496]   [header-byte] write $ffa517 = 13 mask=00ff (pc=018446)
[  20.496] [packet-accepted] total=180 seq=b3 flags=04 status=13 pc=01845e command=03 arg=22
[  20.512]   [header-byte] write $ffa517 = 13 mask=00ff (pc=018446)
[  20.512] [packet-accepted] total=181 seq=b4 flags=04 status=13 pc=01845e command=03 arg=22
[  20.529]   [header-byte] write $ffa517 = 13 mask=00ff (pc=018446)
[  20.529] [packet-accepted] total=182 seq=b5 flags=04 status=13 pc=01845e command=03 arg=22
[  20.546]   [header-byte] write $ffa517 = 13 mask=00ff (pc=018446)
[  20.546] [packet-accepted] total=183 seq=b6 flags=04 status=13 pc=01845e command=03 arg=22
[  20.562]   [header-byte] write $ffa517 = 13 mask=00ff (pc=018446)
[  20.562] [packet-accepted] total=184 seq=b7 flags=04 status=13 pc=01845e command=03 arg=22
[  20.579]   [header-byte] write $ffa517 = 13 mask=00ff (pc=018446)
[  20.579] [packet-accepted] total=185 seq=b8 flags=04 status=13 pc=01845e command=03 arg=22
[  20.596]   [header-byte] write $ffa517 = 13 mask=00ff (pc=018446)
[  20.596] [packet-accepted] total=186 seq=b9 flags=04 status=13 pc=01845e command=03 arg=22
[  20.614]   [header-byte] write $ffa517 = 13 mask=00ff (pc=018446)
[  20.614] [packet-accepted] total=187 seq=ba flags=04 status=13 pc=01845e command=03 arg=22
[  20.629]   [header-byte] write $ffa517 = 13 mask=00ff (pc=018446)
[  20.629] [packet-accepted] total=188 seq=bb flags=04 status=13 pc=01845e command=03 arg=22
[  20.646]   [header-byte] write $ffa517 = 13 mask=00ff (pc=018446)
[  20.646] [packet-accepted] total=189 seq=bc flags=04 status=13 pc=01845e command=03 arg=22
[  20.662]   [header-byte] write $ffa517 = 13 mask=00ff (pc=018446)
[  20.662] [packet-accepted] total=190 seq=bd flags=04 status=13 pc=01845e command=03 arg=22
[  20.679]   [header-byte] write $ffa517 = 13 mask=00ff (pc=018446)
[  20.679] [packet-accepted] total=191 seq=be flags=04 status=13 pc=01845e command=03 arg=22
[  20.696]   [header-byte] write $ffa517 = 13 mask=00ff (pc=018446)
[  20.696] [packet-accepted] total=192 seq=bf flags=04 status=13 pc=01845e command=03 arg=22
[  20.712]   [header-byte] write $ffa517 = 13 mask=00ff (pc=018446)
[  20.713] [packet-accepted] total=193 seq=c0 flags=04 status=13 pc=01845e command=03 arg=22
[  20.729]   [header-byte] write $ffa517 = 13 mask=00ff (pc=018446)
[  20.729] [packet-accepted] total=194 seq=c1 flags=04 status=13 pc=01845e command=03 arg=22
[  20.746]   [header-byte] write $ffa517 = 13 mask=00ff (pc=018446)
[  20.746] [packet-accepted] total=195 seq=c2 flags=04 status=13 pc=01845e command=03 arg=22
[  20.764]   [header-byte] write $ffa517 = 13 mask=00ff (pc=018446)
[  20.764] [packet-accepted] total=196 seq=c3 flags=04 status=13 pc=01845e command=13 arg=22
[  20.779]   [header-byte] write $ffa517 = 13 mask=00ff (pc=018446)
[  20.779] [packet-accepted] total=197 seq=c4 flags=04 status=13 pc=01845e command=13 arg=22
[  20.796]   [header-byte] write $ffa517 = 13 mask=00ff (pc=018446)
[  20.796] [packet-accepted] total=198 seq=c5 flags=04 status=13 pc=01845e command=13 arg=22
[  20.812]   [header-byte] write $ffa517 = 13 mask=00ff (pc=018446)
[  20.812] [packet-accepted] total=199 seq=c6 flags=04 status=13 pc=01845e command=13 arg=22
[  20.829]   [header-byte] write $ffa517 = 13 mask=00ff (pc=018446)
[  20.829] [packet-accepted] total=200 seq=c7 flags=04 status=13 pc=01845e command=13 arg=22
[  20.846]   [header-byte] write $ffa517 = 13 mask=00ff (pc=018446)
[  20.846] [packet-accepted] total=201 seq=c8 flags=04 status=13 pc=01845e command=13 arg=22
[  20.862]   [header-byte] write $ffa517 = 13 mask=00ff (pc=018446)
[  20.862] [packet-accepted] total=202 seq=c9 flags=04 status=13 pc=01845e command=13 arg=22
[  20.879]   [header-byte] write $ffa517 = 13 mask=00ff (pc=018446)
[  20.879] [packet-accepted] total=203 seq=ca flags=04 status=13 pc=01845e command=13 arg=22
[  20.896]   [header-byte] write $ffa517 = 13 mask=00ff (pc=018446)
[  20.896] [packet-accepted] total=204 seq=cb flags=04 status=13 pc=01845e command=13 arg=22
[  20.912]   [header-byte] write $ffa517 = 13 mask=00ff (pc=018446)
[  20.912] [packet-accepted] total=205 seq=cc flags=04 status=13 pc=01845e command=13 arg=22
[  20.929]   [header-byte] write $ffa517 = 13 mask=00ff (pc=018446)
[  20.929] [packet-accepted] total=206 seq=cd flags=04 status=13 pc=01845e command=13 arg=22
[  20.946]   [header-byte] write $ffa517 = 13 mask=00ff (pc=018446)
[  20.946] [packet-accepted] total=207 seq=ce flags=04 status=13 pc=01845e command=13 arg=22
[  20.962]   [header-byte] write $ffa517 = 13 mask=00ff (pc=018446)
[  20.962] [packet-accepted] total=208 seq=cf flags=04 status=13 pc=01845e command=13 arg=22
[  20.979]   [header-byte] write $ffa517 = 13 mask=00ff (pc=018446)
[  20.979] [packet-accepted] total=209 seq=d0 flags=04 status=13 pc=01845e command=13 arg=22
[  20.996]   [header-byte] write $ffa517 = 13 mask=00ff (pc=018446)
[  20.996] [packet-accepted] total=210 seq=d1 flags=04 status=13 pc=01845e command=13 arg=22
[  21.012]   [header-byte] write $ffa517 = 13 mask=00ff (pc=018446)
[  21.012] [packet-accepted] total=211 seq=d2 flags=04 status=13 pc=01845e command=13 arg=22
[  21.027] heartbeat frame=1260 tx=1030 rx=985 fc=1 fd=10 fe=1 linkflag=82 pc=000288 a502=00 a524=0005 a525=05 a170=08 a17f=00 txtail=0006 rxpend=0000
[  21.027] [transport] captured=1030 flushed=1030 received=985 accepted=211 payload2=176 payload3=0 payload4=0 payload5=0 pump_reads=1444 bursts=220 txcredit=0 outq=0 inq=0 watchdog=0 txseq=dd rxseq=d3 rxcredit=5 protection=00 checks=0000
[  21.027] [epochs] local=1 peer=1 ready=true discarded_rx=0
[  21.027] [game-state] a142=04 a13e=02 a13f=03 a530=3322 a506=03 a507=00 a508=00 a7b0=0000 a7a6=1322 script=01a3ee
[  21.027] [tcb-continuations] ffa580=ff80->018392 sleep=0 local26=7710 ffa5c0=ff80->01853c sleep=0 local26=0000 ffd040=ff80->018a40 sleep=0 local26=8300 ffd100=ff80->01fbb4 sleep=0 local26=0000 ffd140=ff80->01fbb6 sleep=0 local26=0002 ffd180=ff80->01fbb6 sleep=0 local26=00a2 ffd1c0=ff80->01fbb6 sleep=0 local26=01c2 ffd200=ff80->01fbb6 sleep=0 local26=02e2 ffd240=ff80->01902e sleep=0 local26=0000 ffd280=ff80->01ffe2 sleep=0 local26=0007 ffd2c0=ff80->020004 sleep=0 local26=0002 ffd300=ff80->020004 sleep=0 local26=0000
[  21.029]   [header-byte] write $ffa517 = 13 mask=00ff (pc=018446)
[  21.029] [packet-accepted] total=212 seq=d3 flags=04 status=13 pc=01845e command=13 arg=22
[  21.046]   [header-byte] write $ffa517 = 13 mask=00ff (pc=018446)
[  21.046] [packet-accepted] total=213 seq=d4 flags=04 status=13 pc=01845e command=13 arg=22
[  21.063]   [header-byte] write $ffa517 = 13 mask=00ff (pc=018446)
[  21.063] [packet-accepted] total=214 seq=d5 flags=04 status=13 pc=01845e command=13 arg=22
[  21.081]   [header-byte] write $ffa517 = 13 mask=00ff (pc=018446)
[  21.081] [packet-accepted] total=215 seq=d6 flags=04 status=13 pc=01845e command=13 arg=22
[  21.096]   [header-byte] write $ffa517 = 13 mask=00ff (pc=018446)
[  21.096] [packet-accepted] total=216 seq=d7 flags=04 status=13 pc=01845e command=13 arg=22
[  21.113]   [header-byte] write $ffa517 = 13 mask=00ff (pc=018446)
[  21.113] [packet-accepted] total=217 seq=d8 flags=04 status=13 pc=01845e command=13 arg=22
[  21.130]   [header-byte] write $ffa517 = 13 mask=00ff (pc=018446)
[  21.130] [packet-accepted] total=218 seq=d9 flags=04 status=13 pc=01845e command=13 arg=22
[  21.146]   [header-byte] write $ffa517 = 13 mask=00ff (pc=018446)
[  21.146] [packet-accepted] total=219 seq=da flags=04 status=13 pc=01845e command=13 arg=22
[  21.163]   [header-byte] write $ffa517 = 13 mask=00ff (pc=018446)
[  21.163] [packet-accepted] total=220 seq=db flags=04 status=13 pc=01845e command=13 arg=22
[  21.180]   [header-byte] write $ffa517 = 13 mask=00ff (pc=018446)
[  21.180] [packet-accepted] total=221 seq=dc flags=04 status=13 pc=01845e command=13 arg=22
[  21.196]   [header-byte] write $ffa517 = 13 mask=00ff (pc=018446)
[  21.196] [packet-accepted] total=222 seq=dd flags=04 status=13 pc=01845e command=13 arg=22
[  21.213]   [header-byte] write $ffa517 = 13 mask=00ff (pc=018446)
[  21.213] [packet-accepted] total=223 seq=de flags=04 status=13 pc=01845e command=13 arg=22
[  21.230]   [header-byte] write $ffa517 = 13 mask=00ff (pc=018446)
[  21.230] [packet-accepted] total=224 seq=df flags=04 status=13 pc=01845e command=13 arg=22
[  21.248]   [header-byte] write $ffa517 = 13 mask=00ff (pc=018446)
[  21.248] [packet-accepted] total=225 seq=e0 flags=04 status=13 pc=01845e command=13 arg=22
[  21.263]   [header-byte] write $ffa517 = 13 mask=00ff (pc=018446)
[  21.263] [packet-accepted] total=226 seq=e1 flags=04 status=13 pc=01845e command=73 arg=22
[  21.263] [game-command] data=7373 mask=ff00 pc=018b72 requests=04
[  21.296]   [header-byte] write $ffa517 = 13 mask=00ff (pc=018446)
[  21.296] [packet-accepted] total=227 seq=e2 flags=04 status=13 pc=01845e command=83 arg=34
[  21.296] [game-command] data=3434 mask=00ff pc=018c2c requests=00
[  21.296] [game-command] data=8383 mask=ff00 pc=018c34 requests=00
[  21.797]   [header-byte] write $ffa517 = 13 mask=00ff (pc=018446)
[  22.028] heartbeat frame=1320 tx=1118 rx=1068 fc=1 fd=10 fe=1 linkflag=82 pc=000288 a502=00 a524=0000 a525=00 a170=08 a17f=00 txtail=005e rxpend=0000
[  22.028] [transport] captured=1118 flushed=1118 received=1068 accepted=228 payload2=192 payload3=0 payload4=0 payload5=0 pump_reads=1521 bursts=238 txcredit=0 outq=0 inq=0 watchdog=13 txseq=ee rxseq=e4 rxcredit=0 protection=00 checks=0000
[  22.028] [epochs] local=1 peer=1 ready=true discarded_rx=0
[  22.028] [game-state] a142=04 a13e=04 a13f=0f a530=8334 a506=03 a507=01 a508=00 a7b0=0000 a7a6=8334 script=01a3ee
[  22.028] [tcb-continuations] ffa580=ff80->018392 sleep=0 local26=7710 ffa5c0=ff80->01853c sleep=0 local26=0d00 ffd040=ff80->018d1a sleep=158 local26=8300 ffd100=ff80->01fbb4 sleep=0 local26=0000 ffd140=ff80->01fbb6 sleep=0 local26=0002 ffd180=ff80->01fbb6 sleep=0 local26=00a2 ffd1c0=ff80->01fbb6 sleep=0 local26=01c2 ffd200=ff80->01fbb6 sleep=0 local26=02e2 ffd240=ff80->01902e sleep=0 local26=0000 ffd280=ff80->027726 sleep=0 local26=0001
[  22.298]   [header-byte] write $ffa517 = 13 mask=00ff (pc=018446)
[  22.798]   [header-byte] write $ffa517 = 13 mask=00ff (pc=018446)
[  23.030] heartbeat frame=1380 tx=1124 rx=1074 fc=1 fd=10 fe=1 linkflag=82 pc=00028a a502=00 a524=0000 a525=00 a170=08 a17f=00 txtail=0064 rxpend=0000
[  23.030] [transport] captured=1124 flushed=1124 received=1074 accepted=230 payload2=192 payload3=0 payload4=0 payload5=0 pump_reads=1583 bursts=240 txcredit=0 outq=0 inq=0 watchdog=13 txseq=f0 rxseq=e6 rxcredit=0 protection=00 checks=0000
[  23.030] [epochs] local=1 peer=1 ready=true discarded_rx=0
[  23.030] [tcb-continuations] ffa580=ff80->018392 sleep=0 local26=7710 ffa5c0=ff80->01853c sleep=0 local26=0d00 ffd040=ff80->018d1a sleep=98 local26=8300 ffd100=ff80->01fbb4 sleep=0 local26=0000 ffd140=ff80->01fbb6 sleep=0 local26=0002 ffd180=ff80->01fbb6 sleep=0 local26=00a2 ffd1c0=ff80->01fbb6 sleep=0 local26=01c2 ffd200=ff80->01fbb6 sleep=0 local26=02e2 ffd240=ff80->01902e sleep=0 local26=0000 ffd280=ff80->027726 sleep=0 local26=0001
[  23.299]   [header-byte] write $ffa517 = 13 mask=00ff (pc=018446)
[  23.800]   [header-byte] write $ffa517 = 13 mask=00ff (pc=018446)
[  24.031] heartbeat frame=1440 tx=1130 rx=1080 fc=1 fd=10 fe=1 linkflag=82 pc=00028a a502=00 a524=0000 a525=00 a170=08 a17f=00 txtail=006a rxpend=0000
[  24.031] [transport] captured=1130 flushed=1130 received=1080 accepted=232 payload2=192 payload3=0 payload4=0 payload5=0 pump_reads=1645 bursts=242 txcredit=0 outq=0 inq=0 watchdog=13 txseq=f2 rxseq=e8 rxcredit=0 protection=00 checks=0000
[  24.031] [epochs] local=1 peer=1 ready=true discarded_rx=0
[  24.031] [tcb-continuations] ffa580=ff80->018392 sleep=0 local26=7710 ffa5c0=ff80->01853c sleep=0 local26=0d00 ffd040=ff80->018d1a sleep=38 local26=8300 ffd100=ff80->01fbb4 sleep=0 local26=0000 ffd140=ff80->01fbb6 sleep=0 local26=0002 ffd180=ff80->01fbb6 sleep=0 local26=00a2 ffd1c0=ff80->01fbb6 sleep=0 local26=01c2 ffd200=ff80->01fbb6 sleep=0 local26=02e2 ffd240=ff80->01902e sleep=0 local26=0000 ffd280=ff80->027726 sleep=0 local26=0001
[  24.300]   [header-byte] write $ffa517 = 13 mask=00ff (pc=018446)
[  24.667] [game-command] data=9393 mask=ff00 pc=018d36 requests=00
[  24.667]   [header-byte] write $ffa513 = 10 mask=00ff (pc=018d50)
[  24.684] [game-command] data=0404 mask=ff00 pc=018d6e requests=00
[  24.684] [game-command] data=0000 mask=00ff pc=018d76 requests=00
[  24.734]   [header-byte] write $ffa517 = 10 mask=00ff (pc=018446)
[  24.734] [packet-accepted] total=234 seq=e9 flags=04 status=10 pc=01845e command=93 arg=34
[  24.774]   [menu-state] write $ffa170 = 0000 mask=ff00 (pc=01afb6)
[  24.774]   [menu-state] write $ffa170 = 8282 mask=ff00 (pc=01afd8)
[  24.774]   [menu-state] write $ffa176 = 0000 mask=ff00 (pc=01afde)
[  24.774]   [header-byte] write $ffa513 = 00 mask=00ff (pc=01afe6)
[  24.774]   [header-byte] write $ffa513 = 10 mask=00ff (pc=01affe)
[  24.774]   [header-byte] write $ffa513 = 50 mask=00ff (pc=01b022)
[  24.774]   [header-byte] write $ffa513 = 54 mask=00ff (pc=01b044)
[  24.774]   [menu-state] write $ffa170 = c2c2 mask=ff00 (pc=01a87a)
[  24.774]   [menu-state] write $ffa170 = c2c2 mask=ff00 (pc=01a87c)
[  24.774]   [menu-state] write $ffa170 = 4040 mask=ff00 (pc=01afb6)
[  24.774]   [menu-state] write $ffa170 = c2c2 mask=ff00 (pc=01afd8)
[  24.774]   [menu-state] write $ffa176 = 0000 mask=ff00 (pc=01afde)
[  24.774]   [header-byte] write $ffa513 = 00 mask=00ff (pc=01afe6)
[  24.774]   [header-byte] write $ffa513 = 10 mask=00ff (pc=01affe)
[  24.774]   [header-byte] write $ffa513 = 50 mask=00ff (pc=01b022)
[  24.774]   [header-byte] write $ffa513 = 54 mask=00ff (pc=01b044)
[  25.032] heartbeat frame=1500 tx=1138 rx=1088 fc=1 fd=10 fe=1 linkflag=82 pc=001ed4 a502=80 a524=0000 a525=00 a170=c2 a17f=00 txtail=0072 rxpend=0000
[  25.032] [transport] captured=1138 flushed=1138 received=1088 accepted=234 payload2=193 payload3=0 payload4=0 payload5=0 pump_reads=1707 bursts=244 txcredit=0 outq=0 inq=0 watchdog=1 txseq=f4 rxseq=ea rxcredit=0 protection=00 checks=0000
[  25.032] [epochs] local=1 peer=1 ready=true discarded_rx=0
[  25.032] [game-state] a142=04 a13e=04 a13f=0f a530=0400 a506=03 a507=01 a508=00 a7b0=0000 a7a6=9334 script=01f7d2
[  25.032] [tcb-continuations] ffa580=ff80->018392 sleep=0 local26=7710 ffa5c0=ff80->01853c sleep=0 local26=0500
[  25.168]   [header-byte] write $ffa517 = 54 mask=00ff (pc=018446)
[  25.168]   [header-byte] write $ffa517 = 54 mask=00ff (pc=018446)
[  25.168] [packet-accepted] total=236 seq=eb flags=04 status=54 pc=01845e command=04 arg=00
[  25.669]   [header-byte] write $ffa517 = 54 mask=00ff (pc=018446)
[  26.034] heartbeat frame=1560 tx=1396 rx=1099 fc=1 fd=10 fe=1 linkflag=82 pc=00028a a502=00 a524=0005 a525=05 a170=c2 a17f=00 txtail=0074 rxpend=0000
[  26.034] [transport] captured=1396 flushed=1396 received=1099 accepted=237 payload2=194 payload3=0 payload4=0 payload5=0 pump_reads=1769 bursts=296 txcredit=0 outq=0 inq=0 watchdog=21 txseq=29 rxseq=ed rxcredit=0 protection=00 checks=0000
[  26.034] [epochs] local=1 peer=1 ready=true discarded_rx=0
[  26.034] [game-state] a142=04 a13e=04 a13f=0f a530=0400 a506=03 a507=01 a508=00 a7b0=0000 a7a6=9334 script=01f7f6
[  26.034] [tcb-continuations] ffa580=ff80->018392 sleep=0 local26=7710 ffa5c0=ff80->01853c sleep=0 local26=0000 ffd100=ff80->0242d0 sleep=0 local26=0000 ffd140=ff80->023f9e sleep=0 local26=0000 ffd180=ff80->023c40 sleep=0 local26=0000 ffd1c0=ff80->023c70 sleep=0 local26=0002 ffd200=ff80->023c70 sleep=0 local26=0000 ffd240=ff80->023c08 sleep=0 local26=0000
[  26.169]   [header-byte] write $ffa517 = 54 mask=00ff (pc=018446)
[  26.670]   [header-byte] write $ffa517 = 54 mask=00ff (pc=018446)
[  26.720]   [header-byte] write $ffa517 = 54 mask=00ff (pc=018446)
[  26.720] [packet-accepted] total=240 seq=ef flags=04 status=54 pc=01845e command=44 arg=01
[  27.035] heartbeat frame=1620 tx=1696 rx=1110 fc=1 fd=10 fe=1 linkflag=82 pc=00028a a502=00 a524=0005 a525=05 a170=c2 a17f=00 txtail=00a0 rxpend=0000
[  27.035] [transport] captured=1696 flushed=1696 received=1110 accepted=240 payload2=195 payload3=0 payload4=0 payload5=0 pump_reads=1832 bursts=356 txcredit=0 outq=0 inq=0 watchdog=18 txseq=65 rxseq=f0 rxcredit=0 protection=00 checks=0000
[  27.035] [epochs] local=1 peer=1 ready=true discarded_rx=0
[  27.035] [tcb-continuations] ffa580=ff80->018392 sleep=0 local26=7710 ffa5c0=ff80->01853c sleep=0 local26=0000 ffd100=ff80->0242d0 sleep=0 local26=0100 ffd140=ff80->0240fe sleep=6 local26=0000 ffd180=ff80->023c40 sleep=0 local26=0009 ffd1c0=ff80->023c70 sleep=0 local26=0002 ffd200=ff80->023c70 sleep=0 local26=0000 ffd240=ff80->023c08 sleep=0 local26=0100
[  27.221]   [header-byte] write $ffa517 = 54 mask=00ff (pc=018446)
[  27.722]   [header-byte] write $ffa517 = 54 mask=00ff (pc=018446)
[  28.036] heartbeat frame=1680 tx=1996 rx=1116 fc=1 fd=10 fe=1 linkflag=82 pc=00028a a502=00 a524=0005 a525=05 a170=c2 a17f=00 txtail=00cc rxpend=0000
[  28.036] [transport] captured=1996 flushed=1996 received=1116 accepted=242 payload2=195 payload3=0 payload4=0 payload5=0 pump_reads=1894 bursts=416 txcredit=0 outq=0 inq=0 watchdog=18 txseq=a1 rxseq=f2 rxcredit=0 protection=00 checks=0000
[  28.036] [epochs] local=1 peer=1 ready=true discarded_rx=0
[  28.036] [tcb-continuations] ffa580=ff80->018392 sleep=0 local26=7710 ffa5c0=ff80->01853c sleep=0 local26=0000 ffd100=ff80->0242d0 sleep=0 local26=0101 ffd140=ff80->023f9e sleep=0 local26=0000 ffd180=ff80->023c40 sleep=0 local26=0008 ffd1c0=ff80->023c70 sleep=0 local26=0002 ffd200=ff80->023c70 sleep=0 local26=0000 ffd240=ff80->023c08 sleep=0 local26=0100
[  28.222]   [header-byte] write $ffa517 = 54 mask=00ff (pc=018446)
[  28.274] [game-command] data=2424 mask=ff00 pc=02434e requests=00
[  28.289] [game-command] data=0404 mask=ff00 pc=02434e requests=00
[  28.356]   [header-byte] write $ffa517 = 54 mask=00ff (pc=018446)
[  28.356] [packet-accepted] total=244 seq=f3 flags=04 status=54 pc=01845e command=44 arg=02
[  28.856]   [header-byte] write $ffa517 = 54 mask=00ff (pc=018446)
[  29.037] heartbeat frame=1740 tx=2296 rx=1127 fc=1 fd=10 fe=1 linkflag=82 pc=00028a a502=00 a524=0005 a525=05 a170=c2 a17f=00 txtail=00f8 rxpend=0000
[  29.037] [transport] captured=2296 flushed=2296 received=1127 accepted=245 payload2=196 payload3=0 payload4=0 payload5=0 pump_reads=1957 bursts=476 txcredit=0 outq=0 inq=0 watchdog=10 txseq=dd rxseq=f5 rxcredit=0 protection=00 checks=0000
[  29.037] [epochs] local=1 peer=1 ready=true discarded_rx=0
[  29.037] [tcb-continuations] ffa580=ff80->018392 sleep=0 local26=7710 ffa5c0=ff80->01853c sleep=0 local26=0000 ffd100=ff80->0242d0 sleep=0 local26=0202 ffd140=ff80->023f9e sleep=0 local26=0000 ffd180=ff80->023c40 sleep=0 local26=0007 ffd1c0=ff80->023c70 sleep=0 local26=0002 ffd200=ff80->023c70 sleep=0 local26=0000 ffd240=ff80->023c08 sleep=0 local26=0200
[  29.357]   [header-byte] write $ffa517 = 54 mask=00ff (pc=018446)
[  29.541] [game-command] data=2424 mask=ff00 pc=02434e requests=00
[  29.557] [game-command] data=0404 mask=ff00 pc=02434e requests=00
[  29.624]   [header-byte] write $ffa517 = 54 mask=00ff (pc=018446)
[  29.624] [packet-accepted] total=247 seq=f6 flags=04 status=54 pc=01845e command=44 arg=00
[  30.039] heartbeat frame=1800 tx=2596 rx=1135 fc=1 fd=10 fe=1 linkflag=82 pc=000288 a502=00 a524=0005 a525=05 a170=c2 a17f=00 txtail=0024 rxpend=0000
[  30.039] [transport] captured=2596 flushed=2596 received=1135 accepted=247 payload2=197 payload3=0 payload4=0 payload5=0 pump_reads=2019 bursts=536 txcredit=0 outq=0 inq=0 watchdog=24 txseq=19 rxseq=f7 rxcredit=0 protection=00 checks=0000
[  30.039] [epochs] local=1 peer=1 ready=true discarded_rx=0
[  30.039] [tcb-continuations] ffa580=ff80->018392 sleep=0 local26=7710 ffa5c0=ff80->01853c sleep=0 local26=0000 ffd100=ff80->0242d0 sleep=0 local26=0002 ffd140=ff80->024112 sleep=0 local26=0000 ffd180=ff80->023c40 sleep=0 local26=0006 ffd1c0=ff80->023c70 sleep=0 local26=0002 ffd200=ff80->023c70 sleep=0 local26=0000 ffd240=ff80->023c08 sleep=0 local26=0200
[  30.124]   [header-byte] write $ffa517 = 54 mask=00ff (pc=018446)
[  30.275] [game-command] data=2424 mask=ff00 pc=02434e requests=00
[  30.291] [game-command] data=0404 mask=ff00 pc=02434e requests=00
[  30.358]   [header-byte] write $ffa517 = 54 mask=00ff (pc=018446)
[  30.358] [packet-accepted] total=249 seq=f8 flags=04 status=54 pc=01845e command=44 arg=01
[  30.792] [game-command] data=2424 mask=ff00 pc=02434e requests=00
[  30.811] [game-command] data=0404 mask=ff00 pc=02434e requests=00
[  30.859]   [header-byte] write $ffa517 = 54 mask=00ff (pc=018446)
[  30.876]   [header-byte] write $ffa517 = 54 mask=00ff (pc=018446)
[  30.876] [packet-accepted] total=251 seq=fa flags=04 status=54 pc=01845e command=44 arg=02
[  31.040] heartbeat frame=1860 tx=2896 rx=1151 fc=1 fd=10 fe=1 linkflag=82 pc=00028a a502=00 a524=0005 a525=05 a170=c2 a17f=00 txtail=0050 rxpend=0000
[  31.040] [transport] captured=2896 flushed=2896 received=1151 accepted=251 payload2=199 payload3=0 payload4=0 payload5=0 pump_reads=2083 bursts=596 txcredit=0 outq=0 inq=0 watchdog=9 txseq=55 rxseq=fb rxcredit=0 protection=00 checks=0000
[  31.040] [epochs] local=1 peer=1 ready=true discarded_rx=0
[  31.040] [tcb-continuations] ffa580=ff80->018392 sleep=0 local26=7710 ffa5c0=ff80->01853c sleep=0 local26=0000 ffd100=ff80->0242d0 sleep=0 local26=0201 ffd140=ff80->0240fe sleep=15 local26=0000 ffd180=ff80->023c40 sleep=0 local26=0005 ffd1c0=ff80->023c70 sleep=0 local26=0002 ffd200=ff80->023c70 sleep=0 local26=0000 ffd240=ff80->023c08 sleep=0 local26=0300
[  31.376]   [header-byte] write $ffa517 = 54 mask=00ff (pc=018446)
[  31.410] [game-command] data=2424 mask=ff00 pc=02434e requests=00
[  31.426] [game-command] data=0404 mask=ff00 pc=02434e requests=00
[  31.493]   [header-byte] write $ffa517 = 54 mask=00ff (pc=018446)
[  31.493] [packet-accepted] total=253 seq=fc flags=04 status=54 pc=01845e command=44 arg=00
[  31.993]   [header-byte] write $ffa517 = 54 mask=00ff (pc=018446)
[  32.041] heartbeat frame=1920 tx=3196 rx=1162 fc=1 fd=10 fe=1 linkflag=82 pc=00028a a502=00 a524=0005 a525=05 a170=c2 a17f=00 txtail=007c rxpend=0000
[  32.041] [transport] captured=3196 flushed=3196 received=1162 accepted=254 payload2=200 payload3=0 payload4=0 payload5=0 pump_reads=2146 bursts=656 txcredit=0 outq=0 inq=0 watchdog=2 txseq=91 rxseq=fe rxcredit=0 protection=00 checks=0000
[  32.041] [epochs] local=1 peer=1 ready=true discarded_rx=0
[  32.041] [tcb-continuations] ffa580=ff80->018392 sleep=0 local26=7710 ffa5c0=ff80->01853c sleep=0 local26=0000 ffd100=ff80->0242d0 sleep=0 local26=0000 ffd140=ff80->023f9e sleep=0 local26=0000 ffd180=ff80->023c40 sleep=0 local26=0004 ffd1c0=ff80->023c70 sleep=0 local26=0002 ffd200=ff80->023c70 sleep=0 local26=0000 ffd240=ff80->023c08 sleep=0 local26=0300
[  32.160] [game-command] data=2424 mask=ff00 pc=02434e requests=00
[  32.177] [game-command] data=0404 mask=ff00 pc=02434e requests=00
[  32.244]   [header-byte] write $ffa517 = 54 mask=00ff (pc=018446)
[  32.244] [packet-accepted] total=255 seq=fe flags=04 status=54 pc=01845e command=44 arg=01
[  32.745]   [header-byte] write $ffa517 = 54 mask=00ff (pc=018446)
[  33.043] heartbeat frame=1980 tx=3496 rx=1170 fc=1 fd=10 fe=1 linkflag=82 pc=000288 a502=00 a524=0005 a525=05 a170=c2 a17f=00 txtail=00a8 rxpend=0000
[  33.043] [transport] captured=3496 flushed=3496 received=1170 accepted=256 payload2=201 payload3=0 payload4=0 payload5=0 pump_reads=2208 bursts=716 txcredit=0 outq=0 inq=0 watchdog=17 txseq=cd rxseq=00 rxcredit=0 protection=00 checks=0000
[  33.043] [epochs] local=1 peer=1 ready=true discarded_rx=0
[  33.043] [tcb-continuations] ffa580=ff80->018392 sleep=0 local26=7710 ffa5c0=ff80->01853c sleep=0 local26=0000 ffd100=ff80->0242d0 sleep=0 local26=0101 ffd140=ff80->023f9e sleep=0 local26=0000 ffd180=ff80->023c40 sleep=0 local26=0003 ffd1c0=ff80->023c70 sleep=0 local26=0002 ffd200=ff80->023c70 sleep=0 local26=0000 ffd240=ff80->023c08 sleep=0 local26=0400
[  33.245]   [header-byte] write $ffa517 = 54 mask=00ff (pc=018446)
[  33.746]   [header-byte] write $ffa517 = 54 mask=00ff (pc=018446)
[  33.946] [game-command] data=2424 mask=ff00 pc=02434e requests=00
[  33.964] [game-command] data=0404 mask=ff00 pc=02434e requests=00
[  34.029]   [header-byte] write $ffa517 = 54 mask=00ff (pc=018446)
[  34.029] [packet-accepted] total=259 seq=02 flags=04 status=54 pc=01845e command=44 arg=02
[  34.044] heartbeat frame=2040 tx=3796 rx=1181 fc=1 fd=10 fe=1 linkflag=82 pc=00028a a502=00 a524=0005 a525=05 a170=c2 a17f=00 txtail=00d4 rxpend=0000
[  34.044] [transport] captured=3796 flushed=3796 received=1181 accepted=259 payload2=202 payload3=0 payload4=0 payload5=0 pump_reads=2271 bursts=776 txcredit=0 outq=0 inq=0 watchdog=0 txseq=09 rxseq=03 rxcredit=0 protection=00 checks=0000
[  34.044] [epochs] local=1 peer=1 ready=true discarded_rx=0
[  34.044] [tcb-continuations] ffa580=ff80->018392 sleep=0 local26=7710 ffa5c0=ff80->01853c sleep=0 local26=0000 ffd100=ff80->0242d0 sleep=0 local26=0201 ffd140=ff80->0240ce sleep=0 local26=0000 ffd180=ff80->023c40 sleep=0 local26=0002 ffd1c0=ff80->023c70 sleep=0 local26=0002 ffd200=ff80->023c70 sleep=0 local26=0000 ffd240=ff80->023c08 sleep=0 local26=0500
[  34.530]   [header-byte] write $ffa517 = 54 mask=00ff (pc=018446)
[  35.031]   [header-byte] write $ffa517 = 54 mask=00ff (pc=018446)
[  35.045] heartbeat frame=2100 tx=4096 rx=1187 fc=1 fd=10 fe=1 linkflag=82 pc=00028a a502=00 a524=0005 a525=05 a170=c2 a17f=00 txtail=0000 rxpend=0000
[  35.045] [transport] captured=4096 flushed=4096 received=1187 accepted=261 payload2=202 payload3=0 payload4=0 payload5=0 pump_reads=2333 bursts=836 txcredit=0 outq=0 inq=0 watchdog=0 txseq=45 rxseq=05 rxcredit=0 protection=00 checks=0000
[  35.045] [epochs] local=1 peer=1 ready=true discarded_rx=0
[  35.045] [tcb-continuations] ffa580=ff80->018392 sleep=0 local26=7710 ffa5c0=ff80->01853c sleep=0 local26=0000 ffd100=ff80->0242d0 sleep=0 local26=0202 ffd140=ff80->023f9e sleep=0 local26=0000 ffd180=ff80->023c40 sleep=0 local26=0001 ffd1c0=ff80->023c70 sleep=0 local26=0002 ffd200=ff80->023c70 sleep=0 local26=0000 ffd240=ff80->023c08 sleep=0 local26=0500
[  35.532]   [header-byte] write $ffa517 = 54 mask=00ff (pc=018446)
[  36.034]   [header-byte] write $ffa517 = 54 mask=00ff (pc=018446)
[  36.046] heartbeat frame=2160 tx=4396 rx=1193 fc=1 fd=10 fe=1 linkflag=82 pc=00028a a502=00 a524=0005 a525=05 a170=c2 a17f=00 txtail=002c rxpend=0000
[  36.046] [transport] captured=4396 flushed=4396 received=1193 accepted=263 payload2=202 payload3=0 payload4=0 payload5=0 pump_reads=2395 bursts=896 txcredit=0 outq=0 inq=0 watchdog=0 txseq=81 rxseq=07 rxcredit=0 protection=00 checks=0000
[  36.046] [epochs] local=1 peer=1 ready=true discarded_rx=0
[  36.046] [tcb-continuations] ffa580=ff80->018392 sleep=0 local26=7710 ffa5c0=ff80->01853c sleep=0 local26=0000 ffd100=ff80->0242d0 sleep=0 local26=0202 ffd140=ff80->023f9e sleep=0 local26=0000 ffd180=ff80->023c40 sleep=0 local26=0000 ffd1c0=ff80->023c70 sleep=0 local26=0002 ffd200=ff80->023c70 sleep=0 local26=0000 ffd240=ff80->023c08 sleep=0 local26=0600
[  36.533]   [header-byte] write $ffa517 = 54 mask=00ff (pc=018446)
[  36.867] [game-command] data=8484 mask=ff00 pc=024322 requests=00
[  36.933]   [header-byte] write $ffa517 = 54 mask=00ff (pc=018446)
[  36.933] [packet-accepted] total=265 seq=08 flags=04 status=54 pc=01845e command=84 arg=02
[  37.048] heartbeat frame=2220 tx=4666 rx=1201 fc=1 fd=10 fe=1 linkflag=82 pc=00028a a502=00 a524=0000 a525=00 a170=c2 a17f=00 txtail=003a rxpend=0000
[  37.048] [transport] captured=4666 flushed=4666 received=1201 accepted=265 payload2=203 payload3=0 payload4=0 payload5=0 pump_reads=2457 bursts=950 txcredit=0 outq=0 inq=0 watchdog=6 txseq=b6 rxseq=09 rxcredit=0 protection=00 checks=0000
[  37.048] [epochs] local=1 peer=1 ready=true discarded_rx=0
[  37.048] [game-state] a142=04 a13e=04 a13f=0f a530=8400 a506=03 a507=01 a508=00 a7b0=0000 a7a6=9334 script=01f7f6
[  37.048] [tcb-continuations] ffa580=ff80->018392 sleep=0 local26=7710 ffa5c0=ff80->01853c sleep=0 local26=0700 ffd100=ff80->02437e sleep=0 local26=0202 ffd140=ff80->02415c sleep=2 local26=0000 ffd240=ff80->023c3e sleep=0 local26=0600
[  37.434]   [header-byte] write $ffa517 = 54 mask=00ff (pc=018446)
[  37.937]   [header-byte] write $ffa517 = 54 mask=00ff (pc=018446)
[  38.049] heartbeat frame=2280 tx=4672 rx=1207 fc=1 fd=10 fe=1 linkflag=82 pc=00028a a502=00 a524=0000 a525=00 a170=c2 a17f=00 txtail=0040 rxpend=0000
[  38.049] [transport] captured=4672 flushed=4672 received=1207 accepted=267 payload2=203 payload3=0 payload4=0 payload5=0 pump_reads=2519 bursts=952 txcredit=0 outq=0 inq=0 watchdog=6 txseq=b8 rxseq=0b rxcredit=0 protection=00 checks=0000
[  38.049] [epochs] local=1 peer=1 ready=true discarded_rx=0
[  38.049] [game-state] a142=04 a13e=04 a13f=0f a530=8400 a506=03 a507=01 a508=00 a7b0=0000 a7a6=9334 script=01f7fc
[  38.049] [tcb-continuations] ffa580=ff80->018392 sleep=0 local26=7710 ffa5c0=ff80->01853c sleep=0 local26=0700 ffd100=ff80->02437e sleep=0 local26=0202 ffd240=ff80->023c3e sleep=0 local26=0600
[  38.835] [game-command] data=1616 mask=ff00 pc=00655a requests=00
[  38.835] [game-command] data=0101 mask=00ff pc=006562 requests=00
[  38.902]   [header-byte] write $ffa517 = 54 mask=00ff (pc=018446)
[  38.936]   [header-byte] write $ffa517 = 54 mask=00ff (pc=018446)
[  38.936] [packet-accepted] total=269 seq=0c flags=20 status=54 pc=01845e
[  38.954]   [header-byte] write $ffa517 = 54 mask=00ff (pc=018446)
[  38.954] [packet-accepted] total=270 seq=0d flags=20 status=54 pc=01845e
[  38.969]   [header-byte] write $ffa517 = 54 mask=00ff (pc=018446)
[  38.969] [packet-accepted] total=271 seq=0e flags=20 status=54 pc=01845e
[  38.986]   [header-byte] write $ffa517 = 54 mask=00ff (pc=018446)
[  38.986] [packet-accepted] total=272 seq=0f flags=20 status=54 pc=01845e
[  39.003]   [header-byte] write $ffa517 = 54 mask=00ff (pc=018446)
[  39.003] [packet-accepted] total=273 seq=10 flags=20 status=54 pc=01845e
[  39.019]   [header-byte] write $ffa517 = 54 mask=00ff (pc=018446)
[  39.019] [packet-accepted] total=274 seq=11 flags=20 status=54 pc=01845e
[  39.036]   [header-byte] write $ffa517 = 54 mask=00ff (pc=018446)
[  39.036] [packet-accepted] total=275 seq=12 flags=20 status=54 pc=01845e
[  39.050] heartbeat frame=2340 tx=4677 rx=1350 fc=1 fd=10 fe=1 linkflag=82 pc=00028a a502=00 a524=0000 a525=00 a170=c2 a17f=00 txtail=0045 rxpend=0000
[  39.050] [transport] captured=4677 flushed=4677 received=1350 accepted=275 payload2=203 payload3=0 payload4=0 payload5=7 pump_reads=2587 bursts=953 txcredit=0 outq=0 inq=0 watchdog=0 txseq=b9 rxseq=13 rxcredit=20 protection=00 checks=0000
[  39.050] [epochs] local=1 peer=1 ready=true discarded_rx=0
[  39.050] [game-state] a142=04 a13e=04 a13f=0f a530=1601 a506=03 a507=01 a508=00 a7b0=0022 a7a6=9334 script=01a512
[  39.050] [tcb-continuations] ffa580=ff80->018392 sleep=0 local26=7710 ffa5c0=ff80->01853c sleep=0 local26=0c00 ffd100=ff80->006570 sleep=0 local26=0000
[  39.053]   [header-byte] write $ffa517 = 54 mask=00ff (pc=018446)
[  39.053] [packet-accepted] total=276 seq=13 flags=20 status=54 pc=01845e
[  39.071]   [header-byte] write $ffa517 = 54 mask=00ff (pc=018446)
[  39.071] [packet-accepted] total=277 seq=14 flags=20 status=54 pc=01845e
[  39.086]   [header-byte] write $ffa517 = 54 mask=00ff (pc=018446)
[  39.086] [packet-accepted] total=278 seq=15 flags=20 status=54 pc=01845e
[  39.103]   [header-byte] write $ffa517 = 54 mask=00ff (pc=018446)
[  39.103] [packet-accepted] total=279 seq=16 flags=20 status=54 pc=01845e
[  39.120]   [header-byte] write $ffa517 = 54 mask=00ff (pc=018446)
[  39.120] [packet-accepted] total=280 seq=17 flags=20 status=54 pc=01845e
[  39.136]   [header-byte] write $ffa517 = 54 mask=00ff (pc=018446)
[  39.136] [packet-accepted] total=281 seq=18 flags=20 status=54 pc=01845e
[  39.153]   [header-byte] write $ffa517 = 54 mask=00ff (pc=018446)
[  39.153] [packet-accepted] total=282 seq=19 flags=20 status=54 pc=01845e
[  39.170]   [header-byte] write $ffa517 = 54 mask=00ff (pc=018446)
[  39.170] [packet-accepted] total=283 seq=1a flags=20 status=54 pc=01845e
[  39.186]   [header-byte] write $ffa517 = 54 mask=00ff (pc=018446)
[  39.186] [packet-accepted] total=284 seq=1b flags=20 status=54 pc=01845e
[  39.203]   [header-byte] write $ffa517 = 54 mask=00ff (pc=018446)
[  39.203] [packet-accepted] total=285 seq=1c flags=20 status=54 pc=01845e
[  39.220]   [header-byte] write $ffa517 = 54 mask=00ff (pc=018446)
[  39.220] [packet-accepted] total=286 seq=1d flags=20 status=54 pc=01845e
[  39.236]   [header-byte] write $ffa517 = 54 mask=00ff (pc=018446)
[  39.236] [packet-accepted] total=287 seq=1e flags=20 status=54 pc=01845e
[  39.253]   [header-byte] write $ffa517 = 54 mask=00ff (pc=018446)
[  39.253] [packet-accepted] total=288 seq=1f flags=20 status=54 pc=01845e
[  39.270]   [header-byte] write $ffa517 = 54 mask=00ff (pc=018446)
[  39.270] [packet-accepted] total=289 seq=20 flags=20 status=54 pc=01845e
[  39.286]   [header-byte] write $ffa517 = 54 mask=00ff (pc=018446)
[  39.286] [packet-accepted] total=290 seq=21 flags=20 status=54 pc=01845e
[  39.304]   [header-byte] write $ffa517 = 54 mask=00ff (pc=018446)
[  39.304] [packet-accepted] total=291 seq=22 flags=20 status=54 pc=01845e
[  39.320]   [header-byte] write $ffa517 = 54 mask=00ff (pc=018446)
[  39.320] [packet-accepted] total=292 seq=23 flags=24 status=54 pc=01845e command=26 arg=01
[  39.470]   [header-byte] write $ffa517 = 54 mask=00ff (pc=018446)
[  39.470] [packet-accepted] total=293 seq=24 flags=04 status=54 pc=01845e command=28 arg=22
[  39.472] [game-command] data=2828 mask=ff00 pc=005340 requests=00
[  39.472] [game-command] data=2222 mask=00ff pc=005356 requests=00
[  39.971]   [header-byte] write $ffa517 = 54 mask=00ff (pc=018446)
[  40.052] heartbeat frame=2400 tx=4688 rx=1700 fc=1 fd=10 fe=1 linkflag=82 pc=00028a a502=00 a524=0000 a525=00 a170=c2 a17f=00 txtail=0050 rxpend=0000
[  40.052] [transport] captured=4688 flushed=4688 received=1700 accepted=294 payload2=205 payload3=0 payload4=0 payload5=24 pump_reads=2666 bursts=956 txcredit=0 outq=0 inq=0 watchdog=4 txseq=bc rxseq=26 rxcredit=0 protection=00 checks=0000
[  40.052] [epochs] local=1 peer=1 ready=true discarded_rx=0
[  40.052] [game-state] a142=04 a13e=04 a13f=0f a530=2822 a506=03 a507=01 a508=00 a7b0=2822 a7a6=9334 script=01a51a
[  40.052] [tcb-continuations] ffa580=ff80->018392 sleep=0 local26=7710 ffa5c0=ff80->01853c sleep=0 local26=0400 ffd000=ffc0->00d454 sleep=0 local26=0000 ffd040=ffc0->00daca sleep=0 local26=0000 ffd080=ffc0->004f14 sleep=0 local26=0000 ffd0c0=ffc0->004f14 sleep=0 local26=0000 ffd100=ff80->006782 sleep=0 local26=0000 ffd140=ffc0->007f6e sleep=0 local26=0000 ffd180=ff80->00539a sleep=0 local26=0200 ffd1c0=ff00->005660 sleep=0 local26=5e02 ffd200=ff00->0056e4 sleep=0 local26=0000 ffd240=ff80->00539a sleep=0 local26=0200 ffd280=ff00->005660 sleep=0 local26=5e02 ffd2c0=ff00->0056e4 sleep=0 local26=0000 ffd300=ff80->0086ee sleep=0 local26=0000 ffd340=ff80->0086ee sleep=0 local26=0000 ffdfc0=ffc0->00d5ca sleep=0 local26=0000
[  40.473]   [header-byte] write $ffa517 = 54 mask=00ff (pc=018446)
[  40.972]   [header-byte] write $ffa517 = 54 mask=00ff (pc=018446)
[  41.053] heartbeat frame=2460 tx=4694 rx=1706 fc=1 fd=10 fe=1 linkflag=82 pc=000288 a502=00 a524=0000 a525=00 a170=c2 a17f=00 txtail=0056 rxpend=0000
[  41.053] [transport] captured=4694 flushed=4694 received=1706 accepted=296 payload2=205 payload3=0 payload4=0 payload5=24 pump_reads=2728 bursts=958 txcredit=0 outq=0 inq=0 watchdog=4 txseq=be rxseq=28 rxcredit=0 protection=00 checks=0000
[  41.053] [epochs] local=1 peer=1 ready=true discarded_rx=0
[  41.053] [tcb-continuations] ffa580=ff80->018392 sleep=0 local26=7710 ffa5c0=ff80->01853c sleep=0 local26=0400 ffd000=ffc0->00d454 sleep=0 local26=0000 ffd040=ffc0->00daca sleep=0 local26=0000 ffd080=ffc0->004f14 sleep=0 local26=0000 ffd0c0=ffc0->004f14 sleep=0 local26=0000 ffd100=ff80->006782 sleep=0 local26=0000 ffd140=ffc0->007f6e sleep=0 local26=0000 ffd180=ff80->00539a sleep=0 local26=0200 ffd1c0=ff00->005660 sleep=0 local26=b602 ffd200=ff00->0056e4 sleep=0 local26=0000 ffd240=ff80->00539a sleep=0 local26=0200 ffd280=ff00->005660 sleep=0 local26=b602 ffd2c0=ff00->0056e4 sleep=0 local26=0000 ffd300=ff80->0086ee sleep=0 local26=0000 ffd340=ff80->0086ee sleep=0 local26=0000 ffdfc0=ffc0->00d5ca sleep=0 local26=0000
[  41.472]   [header-byte] write $ffa517 = 54 mask=00ff (pc=018446)
[  41.973]   [header-byte] write $ffa517 = 54 mask=00ff (pc=018446)
[  42.054] heartbeat frame=2520 tx=4700 rx=1712 fc=1 fd=10 fe=1 linkflag=82 pc=000288 a502=00 a524=0000 a525=00 a170=c2 a17f=00 txtail=005c rxpend=0000
[  42.054] [transport] captured=4700 flushed=4700 received=1712 accepted=298 payload2=205 payload3=0 payload4=0 payload5=24 pump_reads=2790 bursts=960 txcredit=0 outq=0 inq=0 watchdog=4 txseq=c0 rxseq=2a rxcredit=0 protection=00 checks=0000
[  42.054] [epochs] local=1 peer=1 ready=true discarded_rx=0
[  42.054] [tcb-continuations] ffa580=ff80->018392 sleep=0 local26=7710 ffa5c0=ff80->01853c sleep=0 local26=0400 ffd000=ffc0->00d454 sleep=0 local26=0000 ffd040=ffc0->00daca sleep=0 local26=0000 ffd080=ffc0->004f14 sleep=0 local26=0000 ffd0c0=ffc0->004f14 sleep=0 local26=0000 ffd100=ff80->006782 sleep=0 local26=0000 ffd140=ffc0->007f6e sleep=0 local26=0000 ffd180=ff80->00539a sleep=0 local26=0200 ffd1c0=ff00->005660 sleep=0 local26=0e02 ffd200=ff00->0056e4 sleep=0 local26=0000 ffd240=ff80->00539a sleep=0 local26=0200 ffd280=ff00->005660 sleep=0 local26=0e02 ffd2c0=ff00->0056e4 sleep=0 local26=0000 ffd300=ff80->0086ee sleep=0 local26=0000 ffd340=ff80->0086ee sleep=0 local26=0000 ffdfc0=ffc0->00d5ca sleep=0 local26=0000
[  42.474]   [header-byte] write $ffa517 = 54 mask=00ff (pc=018446)
[  42.974]   [header-byte] write $ffa517 = 54 mask=00ff (pc=018446)
[  42.974] [packet-accepted] total=300 seq=2b flags=00 status=54 pc=01845e
[  43.055] heartbeat frame=2580 tx=4706 rx=1718 fc=1 fd=10 fe=1 linkflag=82 pc=00028a a502=00 a524=0000 a525=00 a170=c2 a17f=00 txtail=0062 rxpend=0000
[  43.055] [transport] captured=4706 flushed=4706 received=1718 accepted=300 payload2=205 payload3=0 payload4=0 payload5=24 pump_reads=2852 bursts=962 txcredit=0 outq=0 inq=0 watchdog=4 txseq=c2 rxseq=2c rxcredit=0 protection=00 checks=0000
[  43.055] [epochs] local=1 peer=1 ready=true discarded_rx=0
[  43.055] [tcb-continuations] ffa580=ff80->018392 sleep=0 local26=7710 ffa5c0=ff80->01853c sleep=0 local26=0400 ffd000=ffc0->00d454 sleep=0 local26=0000 ffd040=ffc0->00daca sleep=0 local26=0000 ffd080=ffc0->004f14 sleep=0 local26=0000 ffd0c0=ffc0->004f14 sleep=0 local26=0000 ffd100=ff80->006782 sleep=0 local26=0000 ffd140=ffc0->007f6e sleep=0 local26=0000 ffd180=ff80->00539a sleep=0 local26=0200 ffd1c0=ff00->005660 sleep=0 local26=6602 ffd200=ff00->0056e4 sleep=0 local26=0000 ffd240=ff80->005454 sleep=0 local26=0200 ffd280=ff00->005660 sleep=0 local26=6602 ffd2c0=ff00->0056e4 sleep=0 local26=0000 ffd300=ff80->0086ee sleep=0 local26=0000 ffdfc0=ffc0->00d5ca sleep=0 local26=0000
[  43.475]   [header-byte] write $ffa517 = 54 mask=00ff (pc=018446)
[  43.978]   [header-byte] write $ffa517 = 54 mask=00ff (pc=018446)
[  44.057] heartbeat frame=2640 tx=4712 rx=1724 fc=1 fd=10 fe=1 linkflag=82 pc=000288 a502=00 a524=0000 a525=00 a170=c2 a17f=00 txtail=0068 rxpend=0000
[  44.057] [transport] captured=4712 flushed=4712 received=1724 accepted=302 payload2=205 payload3=0 payload4=0 payload5=24 pump_reads=2914 bursts=964 txcredit=0 outq=0 inq=0 watchdog=4 txseq=c4 rxseq=2e rxcredit=0 protection=00 checks=0000
[  44.057] [epochs] local=1 peer=1 ready=true discarded_rx=0
[  44.057] [tcb-continuations] ffa580=ff80->018392 sleep=0 local26=7710 ffa5c0=ff80->01853c sleep=0 local26=0400 ffd000=ffc0->00d454 sleep=0 local26=0000 ffd040=ffc0->00daca sleep=0 local26=0000 ffd080=ffc0->004f14 sleep=0 local26=0000 ffd0c0=ffc0->004f30 sleep=0 local26=0000 ffd100=ff80->006782 sleep=0 local26=0000 ffd140=ffc0->007f6e sleep=0 local26=0000 ffd180=ff80->005454 sleep=0 local26=0200 ffd1c0=ff00->005660 sleep=0 local26=be02 ffd200=ff00->0056e4 sleep=0 local26=0000 ffd240=ff80->005526 sleep=0 local26=0200 ffdfc0=ffc0->00d5ca sleep=0 local26=0000
[  44.476]   [header-byte] write $ffa517 = 54 mask=00ff (pc=018446)
[  44.543] [game-command] data=3838 mask=ff00 pc=00d470 requests=00
[  44.976]   [header-byte] write $ffa517 = 54 mask=00ff (pc=018446)
[  45.058] heartbeat frame=2700 tx=4720 rx=1730 fc=1 fd=10 fe=1 linkflag=82 pc=000288 a502=00 a524=0003 a525=03 a170=c2 a17f=00 txtail=0070 rxpend=0000
[  45.058] [transport] captured=4720 flushed=4720 received=1730 accepted=304 payload2=205 payload3=0 payload4=0 payload5=24 pump_reads=2976 bursts=966 txcredit=0 outq=0 inq=0 watchdog=4 txseq=c7 rxseq=30 rxcredit=0 protection=00 checks=0000
[  45.058] [epochs] local=1 peer=1 ready=true discarded_rx=0
[  45.058] [game-state] a142=04 a13e=04 a13f=0f a530=3822 a506=03 a507=01 a508=00 a7b0=2822 a7a6=9334 script=01a51a
[  45.058] [tcb-continuations] ffa580=ff80->018392 sleep=0 local26=7710 ffa5c0=ff80->01853c sleep=0 local26=0000 ffd000=ffc0->00d47c sleep=0 local26=0000 ffd040=ffc0->00daca sleep=0 local26=0000 ffd080=ffc0->004f30 sleep=0 local26=0000 ffd0c0=ffc0->004f30 sleep=0 local26=0000 ffd100=ff80->006782 sleep=0 local26=0000 ffd140=ffc0->007f6e sleep=0 local26=0000 ffd180=ff80->005526 sleep=0 local26=0200 ffd240=ff80->005526 sleep=0 local26=0200 ffdfc0=ffc0->00d5ca sleep=0 local26=0000
[  45.478]   [header-byte] write $ffa517 = 54 mask=00ff (pc=018446)
[  45.978]   [header-byte] write $ffa517 = 54 mask=00ff (pc=018446)
[  46.059] heartbeat frame=2760 tx=4726 rx=1736 fc=1 fd=10 fe=1 linkflag=82 pc=00028a a502=00 a524=0003 a525=03 a170=c2 a17f=00 txtail=0076 rxpend=0000
[  46.059] [transport] captured=4726 flushed=4726 received=1736 accepted=306 payload2=205 payload3=0 payload4=0 payload5=24 pump_reads=3038 bursts=968 txcredit=0 outq=0 inq=0 watchdog=4 txseq=c9 rxseq=32 rxcredit=0 protection=00 checks=0000
[  46.059] [epochs] local=1 peer=1 ready=true discarded_rx=0
[  46.479]   [header-byte] write $ffa517 = 54 mask=00ff (pc=018446)
[  46.512]   [header-byte] write $ffa517 = 54 mask=00ff (pc=018446)
[  46.512] [packet-accepted] total=308 seq=33 flags=04 status=54 pc=01845e command=38 arg=22
[  47.013]   [header-byte] write $ffa517 = 54 mask=00ff (pc=018446)
[  47.061] heartbeat frame=2820 tx=4732 rx=1747 fc=1 fd=10 fe=1 linkflag=82 pc=000288 a502=00 a524=0003 a525=03 a170=c2 a17f=00 txtail=007c rxpend=0000
[  47.061] [transport] captured=4732 flushed=4732 received=1747 accepted=309 payload2=206 payload3=0 payload4=0 payload5=24 pump_reads=3101 bursts=970 txcredit=0 outq=0 inq=0 watchdog=2 txseq=cb rxseq=35 rxcredit=0 protection=00 checks=0000
[  47.061] [epochs] local=1 peer=1 ready=true discarded_rx=0
[  47.061] [game-state] a142=04 a13e=04 a13f=0f a530=3822 a506=03 a507=01 a508=00 a7b0=3822 a7a6=9334 script=01a51a
[  47.061] [tcb-continuations] ffa580=ff80->018392 sleep=0 local26=7710 ffa5c0=ff80->01853c sleep=0 local26=0000 ffd000=ffc0->00d47c sleep=0 local26=0000 ffd040=ffc0->00daca sleep=0 local26=0000 ffd080=ffc0->004f30 sleep=0 local26=0000 ffd0c0=ffc0->004f30 sleep=0 local26=0000 ffd100=ff80->006782 sleep=0 local26=0000 ffd140=ffc0->007fb6 sleep=0 local26=0000 ffdfc0=ffc0->00d66e sleep=0 local26=0000
[  47.513]   [header-byte] write $ffa517 = 54 mask=00ff (pc=018446)
[  47.965] [game-command] data=f8f8 mask=ff00 pc=008022 requests=00
[  47.982] [game-command] data=0b0b mask=ff00 pc=00d49c requests=00
[  47.998]   [header-byte] write $ffa517 = 54 mask=00ff (pc=018446)
[  47.998] [packet-accepted] total=311 seq=36 flags=10 status=54 pc=01845e
[  48.015]   [header-byte] write $ffa517 = 54 mask=00ff (pc=018446)
[  48.015] [packet-accepted] total=312 seq=37 flags=10 status=54 pc=01845e
[  48.062] heartbeat frame=2880 tx=4772 rx=1784 fc=1 fd=10 fe=1 linkflag=82 pc=00028a a502=00 a524=0000 a525=00 a170=c2 a17f=00 txtail=00a4 rxpend=0000
[  48.062] [transport] captured=4772 flushed=4772 received=1784 accepted=312 payload2=206 payload3=0 payload4=2 payload5=24 pump_reads=3164 bursts=974 txcredit=0 outq=0 inq=0 watchdog=2 txseq=ce rxseq=38 rxcredit=0 protection=00 checks=0000
[  48.062] [epochs] local=1 peer=1 ready=true discarded_rx=0
[  48.062] [game-state] a142=04 a13e=04 a13f=0f a530=0b22 a506=0b a507=01 a508=00 a7b0=3822 a7a6=9334 script=01a51a
[  48.062] [tcb-continuations] ffa580=ff80->018392 sleep=0 local26=7710 ffa5c0=ff80->01853c sleep=0 local26=0200 ffd000=ffc0->00d4b4 sleep=0 local26=0000 ffd040=ffc0->00daca sleep=0 local26=0000 ffd080=ffc0->005014 sleep=0 local26=0000 ffd0c0=ffc0->005014 sleep=0 local26=0000 ffd100=ff80->006782 sleep=0 local26=0000 ffd140=ffc0->008082 sleep=0 local26=0000 ffdfc0=ffc0->00d6d0 sleep=0 local26=0000 ffe000=ff00->008362 sleep=0 local26=000e ffe040=ff00->008362 sleep=0 local26=000e ffe080=ff00->008362 sleep=0 local26=000e ffe0c0=ff00->008362 sleep=0 local26=000e ffe100=ff00->008362 sleep=0 local26=000e ffe140=ff00->008362 sleep=0 local26=000e ffe180=ff00->008362 sleep=0 local26=000e ffe1c0=ff00->008362 sleep=0 local26=000e ffe200=ff00->008362 sleep=0 local26=000e ffe240=ff00->008362 sleep=0 local26=000e ffe280=ff00->008362 sleep=0 local26=000e ffe2c0=ff00->008362 sleep=0 local26=000e ffe300=ff00->008362 sleep=0 local26=000e ffe340=ff00->008362 sleep=0 local26=000e ffe380=ff00->008362 sleep=0 local26=000e ffe3c0=ff00->008362 sleep=0 local26=000e ffe400=ff00->008362 sleep=0 local26=000e ffe440=ff00->008362 sleep=0 local26=000e ffe480=ff00->008362 sleep=0 local26=000e ffe4c0=ff00->008362 sleep=0 local26=000e ffe500=ff00->008362 sleep=0 local26=000e ffe540=ff00->008362 sleep=0 local26=000e ffe580=ff00->008362 sleep=0 local26=000e ffe5c0=ff00->008362 sleep=0 local26=000e ffe600=ff00->008362 sleep=0 local26=000e ffe640=ff00->008362 sleep=0 local26=000e ffe680=ff00->008362 sleep=0 local26=000e ffe6c0=ff00->008362 sleep=0 local26=000e ffe700=ff00->008362 sleep=0 local26=000e ffe740=ff00->008362 sleep=0 local26=000e ffe780=ff00->008362 sleep=0 local26=000e ffe7c0=ff00->008362 sleep=0 local26=000e
[  48.517]   [header-byte] write $ffa517 = 54 mask=00ff (pc=018446)
[  49.016]   [header-byte] write $ffa517 = 54 mask=00ff (pc=018446)
[  49.063] heartbeat frame=2940 tx=4778 rx=1790 fc=1 fd=10 fe=1 linkflag=82 pc=000288 a502=00 a524=0000 a525=00 a170=c2 a17f=00 txtail=00aa rxpend=0000
[  49.063] [transport] captured=4778 flushed=4778 received=1790 accepted=314 payload2=206 payload3=0 payload4=2 payload5=24 pump_reads=3226 bursts=976 txcredit=0 outq=0 inq=0 watchdog=2 txseq=d0 rxseq=3a rxcredit=0 protection=00 checks=0000
[  49.063] [epochs] local=1 peer=1 ready=true discarded_rx=0
[  49.063] [tcb-continuations] ffa580=ff80->018392 sleep=0 local26=7710 ffa5c0=ff80->01853c sleep=0 local26=0200 ffd000=ffc0->00d4b4 sleep=0 local26=0000 ffd040=ffc0->00daca sleep=0 local26=0000 ffd080=ffc0->00504e sleep=0 local26=3b00 ffd0c0=ffc0->00504e sleep=0 local26=3b00 ffd100=ff80->006782 sleep=0 local26=0000 ffd140=ffc0->008082 sleep=0 local26=020f ffd180=ff80->007944 sleep=0 local26=0000 ffd1c0=ff80->007d70 sleep=0 local26=0000 ffd200=ff80->007944 sleep=0 local26=0000 ffd240=ff80->007d70 sleep=0 local26=0000 ffdfc0=ffc0->00d6d0 sleep=0 local26=0000 ffe200=ff00->008362 sleep=0 local26=ffd2 ffe280=ff00->008362 sleep=0 local26=ffd2 ffe540=ff00->008362 sleep=0 local26=ffd2 ffe580=ff00->008362 sleep=0 local26=ffd2 ffe680=ff00->008362 sleep=0 local26=ffd2 ffe6c0=ff00->008362 sleep=0 local26=ffd2
[  49.516]   [header-byte] write $ffa517 = 54 mask=00ff (pc=018446)
[  49.850] [attack-state] address=ffa7e0 data=8080 mask=ff00 pc=0050ce protection=00
[  49.851] [attack-state] address=ffa7e0 data=0000 mask=ff00 pc=00da56 protection=00
[  50.017]   [header-byte] write $ffa517 = 54 mask=00ff (pc=018446)
[  50.064] heartbeat frame=3000 tx=4805 rx=1796 fc=1 fd=10 fe=1 linkflag=82 pc=00028a a502=00 a524=0000 a525=00 a170=c2 a17f=00 txtail=00c5 rxpend=0000
[  50.064] [transport] captured=4805 flushed=4805 received=1796 accepted=316 payload2=206 payload3=0 payload4=2 payload5=24 pump_reads=3288 bursts=979 txcredit=0 outq=0 inq=0 watchdog=2 txseq=d3 rxseq=3c rxcredit=0 protection=00 checks=0000
[  50.064] [epochs] local=1 peer=1 ready=true discarded_rx=0
[  50.064] [tcb-continuations] ffa580=ff80->018392 sleep=0 local26=7710 ffa5c0=ff80->01853c sleep=0 local26=0c00 ffd000=ffc0->00d4b4 sleep=0 local26=0000 ffd040=ffc0->00daca sleep=0 local26=0000 ffd080=ffc0->00504e sleep=0 local26=0700 ffd0c0=ffc0->00504e sleep=0 local26=7700 ffd100=ff80->006782 sleep=0 local26=0000 ffd140=ffc0->008082 sleep=0 local26=020f ffd180=ff00->0079fe sleep=3 local26=0001 ffd1c0=ff00->0079fe sleep=1 local26=0000 ffd200=ff80->007944 sleep=0 local26=0000 ffd240=ff80->007d70 sleep=0 local26=0000 ffd280=ff80->007944 sleep=0 local26=0000 ffd2c0=ff80->007d70 sleep=0 local26=0000 ffdfc0=ffc0->00d6d0 sleep=0 local26=0000 ffe000=ff00->0070c2 sleep=0 local26=2b00
[  50.517]   [header-byte] write $ffa517 = 54 mask=00ff (pc=018446)
[  51.018]   [header-byte] write $ffa517 = 54 mask=00ff (pc=018446)
[  51.066] heartbeat frame=3060 tx=4811 rx=1802 fc=1 fd=10 fe=1 linkflag=82 pc=000288 a502=00 a524=0000 a525=00 a170=c2 a17f=00 txtail=00cb rxpend=0000
[  51.066] [transport] captured=4811 flushed=4811 received=1802 accepted=318 payload2=206 payload3=0 payload4=2 payload5=24 pump_reads=3350 bursts=981 txcredit=0 outq=0 inq=0 watchdog=2 txseq=d5 rxseq=3e rxcredit=0 protection=00 checks=0000
[  51.066] [epochs] local=1 peer=1 ready=true discarded_rx=0
[  51.066] [tcb-continuations] ffa580=ff80->018392 sleep=0 local26=7710 ffa5c0=ff80->01853c sleep=0 local26=0c00 ffd000=ffc0->00d4b4 sleep=0 local26=0000 ffd040=ffc0->00daca sleep=0 local26=0000 ffd080=ffc0->00504e sleep=0 local26=4300 ffd0c0=ffc0->00504e sleep=0 local26=b300 ffd100=ff80->006782 sleep=0 local26=0000 ffd140=ffc0->008082 sleep=0 local26=010f ffd200=ff80->007944 sleep=0 local26=0000 ffd240=ff80->007d70 sleep=0 local26=0000 ffd280=ff80->0079d4 sleep=0 local26=0001 ffd2c0=ff80->007dfc sleep=0 local26=0000 ffdfc0=ffc0->00d6d0 sleep=0 local26=0000 ffe000=ff00->0070c2 sleep=0 local26=2b00 ffe040=ff00->0070c2 sleep=0 local26=4c00
[  51.437] [attack-state] address=ffa7e0 data=8080 mask=ff00 pc=0050ce protection=00
[  51.439] [attack-state] address=ffa7e0 data=0000 mask=ff00 pc=00da56 protection=00
[  51.519]   [header-byte] write $ffa517 = 54 mask=00ff (pc=018446)
[  51.853]   [header-byte] write $ffa517 = 54 mask=00ff (pc=018446)
[  51.853] [packet-accepted] total=320 seq=3f flags=10 status=54 pc=01845e
[  51.869]   [header-byte] write $ffa517 = 54 mask=00ff (pc=018446)
[  51.869] [packet-accepted] total=321 seq=40 flags=10 status=54 pc=01845e
[  51.986]   [header-byte] write $ffa517 = 54 mask=00ff (pc=018446)
[  51.986] [packet-accepted] total=322 seq=41 flags=08 status=54 pc=01845e attack=8000,8000
[  51.986] [attack-state] address=ffa7f0 data=8080 mask=ff00 pc=018638 protection=00
[  51.986] [attack-state] address=ffa7f8 data=8080 mask=ff00 pc=01863c protection=00
[  51.986] [attack-state] address=ffa7f4 data=8080 mask=ff00 pc=018638 protection=00
[  51.986] [attack-state] address=ffa7fc data=8080 mask=ff00 pc=01863c protection=00
[  51.986] [attack-state] address=ffa7e4 data=8080 mask=ff00 pc=0050ce protection=00
[  51.988] [attack-state] address=ffa7e4 data=0000 mask=ff00 pc=00da56 protection=00
[  52.067] heartbeat frame=3120 tx=4859 rx=1846 fc=1 fd=10 fe=1 linkflag=82 pc=000288 a502=00 a524=0000 a525=00 a170=c2 a17f=00 txtail=00fb rxpend=0000
[  52.067] [transport] captured=4859 flushed=4859 received=1846 accepted=322 payload2=206 payload3=1 payload4=4 payload5=24 pump_reads=3414 bursts=985 txcredit=0 outq=0 inq=0 watchdog=4 txseq=d9 rxseq=42 rxcredit=0 protection=00 checks=0000
[  52.067] [epochs] local=1 peer=1 ready=true discarded_rx=0
[  52.067] [tcb-continuations] ffa580=ff80->018392 sleep=0 local26=7710 ffa5c0=ff80->01853c sleep=0 local26=0400 ffd000=ffc0->00d4b4 sleep=0 local26=0000 ffd040=ffc0->00daca sleep=0 local26=0000 ffd080=ffc0->00504e sleep=0 local26=2000 ffd0c0=ffc0->005014 sleep=0 local26=0000 ffd100=ff80->006782 sleep=0 local26=0000 ffd140=ffc0->008082 sleep=0 local26=000f ffd180=ff80->007944 sleep=0 local26=0000 ffd1c0=ff80->007d70 sleep=0 local26=0000 ffd200=ff00->0079fe sleep=10 local26=0001 ffd240=ff00->0079fe sleep=11 local26=0000 ffd280=ff00->007a24 sleep=0 local26=0101 ffd2c0=ff00->007a24 sleep=0 local26=0100 ffdfc0=ffc0->00d6d0 sleep=0 local26=0000 ffe040=ff00->0070c2 sleep=0 local26=4c00
[  52.486]   [header-byte] write $ffa517 = 54 mask=00ff (pc=018446)
[  52.987]   [header-byte] write $ffa517 = 54 mask=00ff (pc=018446)
[  53.068] heartbeat frame=3180 tx=4865 rx=1852 fc=1 fd=10 fe=1 linkflag=82 pc=000288 a502=00 a524=0000 a525=00 a170=c2 a17f=00 txtail=0001 rxpend=0000
[  53.068] [transport] captured=4865 flushed=4865 received=1852 accepted=324 payload2=206 payload3=1 payload4=4 payload5=24 pump_reads=3476 bursts=987 txcredit=0 outq=0 inq=0 watchdog=4 txseq=db rxseq=44 rxcredit=0 protection=00 checks=0000
[  53.068] [epochs] local=1 peer=1 ready=true discarded_rx=0
[  53.068] [tcb-continuations] ffa580=ff80->018392 sleep=0 local26=7710 ffa5c0=ff80->01853c sleep=0 local26=0400 ffd000=ffc0->00d4b4 sleep=0 local26=0000 ffd040=ffc0->00daca sleep=0 local26=0000 ffd080=ffc0->00504e sleep=0 local26=5c00 ffd0c0=ffc0->00504e sleep=0 local26=3b00 ffd100=ff80->006782 sleep=0 local26=0000 ffd140=ffc0->008082 sleep=0 local26=00ff ffd180=ff80->007944 sleep=0 local26=0000 ffd1c0=ff80->007d70 sleep=0 local26=0000 ffd300=ff80->007944 sleep=0 local26=0000 ffd340=ff80->007d70 sleep=0 local26=0000 ffdfc0=ffc0->00d6d0 sleep=0 local26=0000 ffe000=ff00->0070c2 sleep=0 local26=4100 ffe040=ff00->0070c2 sleep=0 local26=4c00
[  53.488]   [header-byte] write $ffa517 = 54 mask=00ff (pc=018446)
[  53.555] [attack-state] address=ffa7e0 data=8080 mask=ff00 pc=0050ce protection=00
[  53.556] [attack-state] address=ffa7e0 data=0000 mask=ff00 pc=00da56 protection=00
[  53.992]   [header-byte] write $ffa517 = 54 mask=00ff (pc=018446)
[  54.070] heartbeat frame=3240 tx=4889 rx=1858 fc=1 fd=10 fe=1 linkflag=82 pc=000288 a502=00 a524=0003 a525=03 a170=c2 a17f=00 txtail=0019 rxpend=0000
[  54.070] [transport] captured=4889 flushed=4889 received=1858 accepted=326 payload2=206 payload3=1 payload4=4 payload5=24 pump_reads=3538 bursts=989 txcredit=0 outq=0 inq=0 watchdog=4 txseq=de rxseq=46 rxcredit=0 protection=00 checks=0000
[  54.070] [epochs] local=1 peer=1 ready=true discarded_rx=0
[  54.070] [tcb-continuations] ffa580=ff80->018392 sleep=0 local26=7710 ffa5c0=ff80->01853c sleep=0 local26=0000 ffd000=ffc0->00d4b4 sleep=0 local26=0000 ffd040=ffc0->00daca sleep=0 local26=0000 ffd080=ffc0->00504e sleep=0 local26=1900 ffd0c0=ffc0->00504e sleep=0 local26=7700 ffd100=ff80->006782 sleep=0 local26=0000 ffd140=ffc0->008082 sleep=0 local26=00ff ffd180=ff00->007a24 sleep=0 local26=0301 ffd1c0=ff00->007a24 sleep=0 local26=0200 ffd200=ff80->007944 sleep=0 local26=0000 ffd240=ff80->007d70 sleep=0 local26=0000 ffd300=ff80->007944 sleep=0 local26=0000 ffd340=ff80->007d70 sleep=0 local26=0000 ffdfc0=ffc0->00d6d0 sleep=0 local26=0000 ffe000=ff00->0070c2 sleep=0 local26=4100 ffe040=ff00->0070c2 sleep=0 local26=4c00
[  54.490]   [header-byte] write $ffa517 = 54 mask=00ff (pc=018446)
[  54.973] [attack-state] address=ffa7e0 data=8080 mask=ff00 pc=0050ce protection=00
[  54.975] [attack-state] address=ffa7e0 data=0000 mask=ff00 pc=00da56 protection=00
[  54.990]   [header-byte] write $ffa517 = 54 mask=00ff (pc=018446)
[  55.071] heartbeat frame=3300 tx=4936 rx=1864 fc=1 fd=10 fe=1 linkflag=82 pc=000288 a502=00 a524=0000 a525=00 a170=c2 a17f=00 txtail=0048 rxpend=0000
[  55.071] [transport] captured=4936 flushed=4936 received=1864 accepted=328 payload2=206 payload3=1 payload4=4 payload5=24 pump_reads=3600 bursts=994 txcredit=0 outq=0 inq=0 watchdog=4 txseq=e2 rxseq=48 rxcredit=0 protection=00 checks=0000
[  55.071] [epochs] local=1 peer=1 ready=true discarded_rx=0
[  55.071] [tcb-continuations] ffa580=ff80->018392 sleep=0 local26=7710 ffa5c0=ff80->01853c sleep=0 local26=0500 ffd000=ffc0->00d4b4 sleep=0 local26=0000 ffd040=ffc0->00daca sleep=0 local26=0000 ffd080=ffc0->00504e sleep=0 local26=0000 ffd0c0=ffc0->00504e sleep=0 local26=b300 ffd100=ff80->006782 sleep=0 local26=0000 ffd140=ffc0->008082 sleep=0 local26=00ff ffd180=ff80->007944 sleep=0 local26=0000 ffd1c0=ff80->007d70 sleep=0 local26=0000 ffd200=ff00->0079fe sleep=10 local26=0001 ffd240=ff00->0079fe sleep=8 local26=0000 ffd300=ff80->007944 sleep=0 local26=0001 ffd340=ff80->007d70 sleep=0 local26=0000 ffdfc0=ffc0->00d6d0 sleep=0 local26=0000 ffe000=ff00->0070c2 sleep=0 local26=4100 ffe040=ff00->0070c2 sleep=0 local26=4c00 ffe080=ff00->0070c2 sleep=0 local26=2b00
[  55.324]   [header-byte] write $ffa517 = 54 mask=00ff (pc=018446)
[  55.324] [packet-accepted] total=329 seq=48 flags=10 status=54 pc=01845e
[  55.341]   [header-byte] write $ffa517 = 54 mask=00ff (pc=018446)
[  55.341] [packet-accepted] total=330 seq=49 flags=10 status=54 pc=01845e
[  55.457]   [header-byte] write $ffa517 = 54 mask=00ff (pc=018446)
[  55.457] [packet-accepted] total=331 seq=4a flags=08 status=54 pc=01845e attack=8000,8000
[  55.458] [attack-state] address=ffa7e4 data=8080 mask=ff00 pc=0050ce protection=00
[  55.459] [attack-state] address=ffa7e4 data=0000 mask=ff00 pc=00da56 protection=00
[  55.958]   [header-byte] write $ffa517 = 54 mask=00ff (pc=018446)
[  56.072] heartbeat frame=3360 tx=4963 rx=1908 fc=1 fd=10 fe=1 linkflag=82 pc=000288 a502=00 a524=0000 a525=00 a170=c2 a17f=00 txtail=0063 rxpend=0000
[  56.072] [transport] captured=4963 flushed=4963 received=1908 accepted=332 payload2=206 payload3=2 payload4=6 payload5=24 pump_reads=3664 bursts=997 txcredit=0 outq=0 inq=0 watchdog=6 txseq=e5 rxseq=4c rxcredit=0 protection=00 checks=0000
[  56.072] [epochs] local=1 peer=1 ready=true discarded_rx=0
[  56.072] [tcb-continuations] ffa580=ff80->018392 sleep=0 local26=7710 ffa5c0=ff80->01853c sleep=0 local26=0600 ffd000=ffc0->00d4b4 sleep=0 local26=0000 ffd040=ffc0->00daca sleep=0 local26=0000 ffd080=ffc0->00504e sleep=0 local26=3c00 ffd0c0=ffc0->00504e sleep=0 local26=1f00 ffd100=ff80->006782 sleep=0 local26=0000 ffd140=ffc0->008082 sleep=0 local26=00ff ffd180=ff80->007944 sleep=0 local26=0000 ffd1c0=ff80->007d70 sleep=0 local26=0000 ffd280=ff80->007944 sleep=0 local26=0000 ffd2c0=ff80->007d70 sleep=0 local26=0000 ffd300=ff00->007a24 sleep=0 local26=0101 ffd340=ff00->007a24 sleep=0 local26=0100 ffdfc0=ffc0->00d6d0 sleep=0 local26=0000 ffe000=ff00->0070c2 sleep=0 local26=4100 ffe040=ff00->0070c2 sleep=0 local26=4c00 ffe080=ff00->0070c2 sleep=0 local26=2b00
[  56.459]   [header-byte] write $ffa517 = 54 mask=00ff (pc=018446)
[  56.959]   [header-byte] write $ffa517 = 54 mask=00ff (pc=018446)
[  57.073] heartbeat frame=3420 tx=4983 rx=1914 fc=1 fd=10 fe=1 linkflag=82 pc=00028a a502=00 a524=0000 a525=00 a170=c2 a17f=00 txtail=0077 rxpend=0000
[  57.073] [transport] captured=4983 flushed=4983 received=1914 accepted=334 payload2=206 payload3=2 payload4=6 payload5=24 pump_reads=3726 bursts=999 txcredit=0 outq=0 inq=0 watchdog=6 txseq=e7 rxseq=4e rxcredit=0 protection=00 checks=0000
[  57.073] [epochs] local=1 peer=1 ready=true discarded_rx=0
[  57.073] [tcb-continuations] ffa580=ff80->018392 sleep=0 local26=7710 ffa5c0=ff80->01853c sleep=0 local26=1700 ffd000=ffc0->00d4b4 sleep=0 local26=0000 ffd040=ffc0->00daca sleep=0 local26=0000 ffd080=ffc0->005120 sleep=5 local26=0001 ffd0c0=ffc0->00504e sleep=0 local26=5b00 ffd100=ff80->006782 sleep=0 local26=0000 ffd140=ffc0->008082 sleep=0 local26=00ff ffd180=ff00->007a24 sleep=0 local26=0601 ffd1c0=ff00->007a24 sleep=0 local26=0600 ffd280=ff80->007944 sleep=0 local26=0000 ffd2c0=ff80->007d70 sleep=0 local26=0000 ffdfc0=ffc0->00d6d0 sleep=0 local26=0000 ffe000=ff00->0070c2 sleep=0 local26=4100
[  57.160] [protection-state] address=ffa024 data=8c8c mask=ff00 pc=007848
[  57.160] [garbage-calculation] protection=00 score=0050 divisor=008c task=ffd080 pc=00784e players=4 rule=01 split_remainder=00
[  57.460]   [header-byte] write $ffa517 = 54 mask=00ff (pc=018446)
[  57.962]   [header-byte] write $ffa517 = 54 mask=00ff (pc=018446)
[  58.075] heartbeat frame=3480 tx=5023 rx=1920 fc=1 fd=10 fe=1 linkflag=82 pc=00028a a502=00 a524=0000 a525=00 a170=c2 a17f=00 txtail=009f rxpend=0000
[  58.075] [transport] captured=5023 flushed=5023 received=1920 accepted=336 payload2=206 payload3=2 payload4=6 payload5=24 pump_reads=3788 bursts=1003 txcredit=0 outq=0 inq=0 watchdog=6 txseq=eb rxseq=50 rxcredit=0 protection=00 checks=0000
[  58.075] [epochs] local=1 peer=1 ready=true discarded_rx=0
[  58.075] [tcb-continuations] ffa580=ff80->018392 sleep=0 local26=7710 ffa5c0=ff80->01853c sleep=0 local26=0100 ffd000=ffc0->00d4b4 sleep=0 local26=0000 ffd040=ffc0->00daca sleep=0 local26=0000 ffd080=ffc0->005096 sleep=0 local26=0000 ffd0c0=ffc0->00504e sleep=0 local26=9700 ffd100=ff80->006782 sleep=0 local26=0000 ffd140=ffc0->008082 sleep=0 local26=031c ffd200=ff80->00963c sleep=0 local26=0000 ffd280=ff80->007944 sleep=0 local26=0001 ffd2c0=ff80->007d70 sleep=0 local26=0000 ffdfc0=ffc0->00d6d0 sleep=0 local26=0000 ffe000=ff00->0070c2 sleep=0 local26=4100 ffe440=ff00->0070c2 sleep=0 local26=4c00
[  58.161] [attack-state] address=ffa7e0 data=8080 mask=ff00 pc=0050ce protection=00
[  58.163] [attack-state] address=ffa7e0 data=0000 mask=ff00 pc=00da56 protection=00
[  58.394]   [header-byte] write $ffa517 = 54 mask=00ff (pc=018446)
[  58.394] [packet-accepted] total=337 seq=50 flags=10 status=54 pc=01845e
[  58.414]   [header-byte] write $ffa517 = 54 mask=00ff (pc=018446)
[  58.414] [packet-accepted] total=338 seq=51 flags=10 status=54 pc=01845e
[  58.530]   [header-byte] write $ffa517 = 54 mask=00ff (pc=018446)
[  58.530] [packet-accepted] total=339 seq=52 flags=08 status=54 pc=01845e attack=8000,8000
[  58.530] [attack-state] address=ffa7e4 data=8080 mask=ff00 pc=0050ce protection=00
[  58.531] [attack-state] address=ffa7e4 data=0000 mask=ff00 pc=00da56 protection=00
[  59.030]   [header-byte] write $ffa517 = 54 mask=00ff (pc=018446)
[  59.076] heartbeat frame=3540 tx=5057 rx=1964 fc=1 fd=10 fe=1 linkflag=82 pc=00028a a502=00 a524=0000 a525=00 a170=c2 a17f=00 txtail=00c1 rxpend=0000
[  59.076] [transport] captured=5057 flushed=5057 received=1964 accepted=340 payload2=206 payload3=3 payload4=8 payload5=24 pump_reads=3852 bursts=1007 txcredit=0 outq=0 inq=0 watchdog=2 txseq=ef rxseq=54 rxcredit=0 protection=00 checks=0000
[  59.076] [epochs] local=1 peer=1 ready=true discarded_rx=0
[  59.076] [tcb-continuations] ffa580=ff80->018392 sleep=0 local26=7710 ffa5c0=ff80->01853c sleep=0 local26=0200 ffd000=ffc0->00d4b4 sleep=0 local26=0000 ffd040=ffc0->00daca sleep=0 local26=0000 ffd080=ffc0->00504e sleep=0 local26=3100 ffd0c0=ffc0->00504e sleep=0 local26=1b00 ffd100=ff80->006782 sleep=0 local26=0000 ffd140=ffc0->008082 sleep=0 local26=031c ffd180=ff80->007944 sleep=0 local26=0000 ffd1c0=ff80->007d70 sleep=0 local26=0000 ffd200=ff80->007944 sleep=0 local26=0000 ffd240=ff80->007d70 sleep=0 local26=0000 ffd280=ff00->007a24 sleep=0 local26=0201 ffdfc0=ffc0->00d6d0 sleep=0 local26=0000 ffe000=ff00->0070c2 sleep=0 local26=4100
[  59.529]   [header-byte] write $ffa517 = 54 mask=00ff (pc=018446)
[  59.896] [attack-state] address=ffa7e0 data=8080 mask=ff00 pc=0050ce protection=00
[  59.898] [attack-state] address=ffa7e0 data=0000 mask=ff00 pc=00da56 protection=00
[  60.030]   [header-byte] write $ffa517 = 54 mask=00ff (pc=018446)
[  60.077] heartbeat frame=3600 tx=5084 rx=1970 fc=1 fd=10 fe=1 linkflag=82 pc=000288 a502=00 a524=0000 a525=00 a170=c2 a17f=00 txtail=00dc rxpend=0000
[  60.077] [transport] captured=5084 flushed=5084 received=1970 accepted=342 payload2=206 payload3=3 payload4=8 payload5=24 pump_reads=3914 bursts=1010 txcredit=0 outq=0 inq=0 watchdog=2 txseq=f2 rxseq=56 rxcredit=0 protection=00 checks=0000
[  60.077] [epochs] local=1 peer=1 ready=true discarded_rx=0
[  60.077] [tcb-continuations] ffa580=ff80->018392 sleep=0 local26=7710 ffa5c0=ff80->01853c sleep=0 local26=0a00 ffd000=ffc0->00d4b4 sleep=0 local26=0000 ffd040=ffc0->00daca sleep=0 local26=0000 ffd080=ffc0->00504e sleep=0 local26=0500 ffd0c0=ffc0->00504e sleep=0 local26=5700 ffd100=ff80->006782 sleep=0 local26=0000 ffd140=ffc0->008082 sleep=0 local26=021c ffd180=ff00->0079fe sleep=5 local26=0001 ffd1c0=ff00->0079fe sleep=3 local26=0000 ffd200=ff80->007944 sleep=0 local26=0000 ffd240=ff80->007d70 sleep=0 local26=0000 ffd280=ff80->007944 sleep=0 local26=0000 ffd2c0=ff80->007d70 sleep=0 local26=0000 ffdfc0=ffc0->00d6d0 sleep=0 local26=0000 ffe040=ff00->0070c2 sleep=0 local26=3600
[  60.532]   [header-byte] write $ffa517 = 54 mask=00ff (pc=018446)
[  60.931]   [header-byte] write $ffa517 = 54 mask=00ff (pc=018446)
[  60.931] [packet-accepted] total=344 seq=57 flags=10 status=54 pc=01845e
[  60.948]   [header-byte] write $ffa517 = 54 mask=00ff (pc=018446)
[  60.948] [packet-accepted] total=345 seq=58 flags=10 status=54 pc=01845e
[  61.064]   [header-byte] write $ffa517 = 54 mask=00ff (pc=018446)
[  61.064] [packet-accepted] total=346 seq=59 flags=08 status=54 pc=01845e attack=8000,8000
[  61.065] [attack-state] address=ffa7e4 data=8080 mask=ff00 pc=0050ce protection=00
[  61.066] [attack-state] address=ffa7e4 data=0000 mask=ff00 pc=00da56 protection=00
[  61.079] heartbeat frame=3660 tx=5107 rx=2014 fc=1 fd=10 fe=1 linkflag=82 pc=00028a a502=00 a524=0007 a525=07 a170=c2 a17f=00 txtail=00f3 rxpend=0000
[  61.079] [transport] captured=5107 flushed=5107 received=2014 accepted=346 payload2=206 payload3=4 payload4=10 payload5=24 pump_reads=3978 bursts=1013 txcredit=0 outq=0 inq=0 watchdog=0 txseq=f6 rxseq=5a rxcredit=0 protection=00 checks=0000
[  61.079] [epochs] local=1 peer=1 ready=true discarded_rx=0
[  61.079] [tcb-continuations] ffa580=ff80->018392 sleep=0 local26=7710 ffa5c0=ff80->01853c sleep=0 local26=0000 ffd000=ffc0->00d4b4 sleep=0 local26=0000 ffd040=ffc0->00daca sleep=0 local26=0000 ffd080=ffc0->00504e sleep=0 local26=4100 ffd0c0=ffc0->004f7e sleep=0 local26=0000 ffd100=ff80->006782 sleep=0 local26=0000 ffd140=ffc0->008082 sleep=0 local26=011c ffd200=ff00->0079fe sleep=15 local26=0001 ffd240=ff00->0079fe sleep=7 local26=0000 ffd280=ff80->0079d4 sleep=0 local26=0001 ffd2c0=ff80->007dfc sleep=0 local26=0000 ffdfc0=ffc0->00d6d0 sleep=0 local26=0000
[  61.566]   [header-byte] write $ffa517 = 54 mask=00ff (pc=018446)
[  61.599] [garbage-calculation] protection=00 score=0088 divisor=008c task=ffd080 pc=00784e players=4 rule=01 split_remainder=00
[  62.066]   [header-byte] write $ffa517 = 54 mask=00ff (pc=018446)
[  62.080] heartbeat frame=3720 tx=5151 rx=2020 fc=1 fd=10 fe=1 linkflag=82 pc=000288 a502=00 a524=0000 a525=00 a170=c2 a17f=00 txtail=001f rxpend=0000
[  62.080] [transport] captured=5151 flushed=5151 received=2020 accepted=348 payload2=206 payload3=4 payload4=10 payload5=24 pump_reads=4040 bursts=1017 txcredit=0 outq=0 inq=0 watchdog=0 txseq=f9 rxseq=5c rxcredit=0 protection=00 checks=0000
[  62.080] [epochs] local=1 peer=1 ready=true discarded_rx=0
[  62.080] [tcb-continuations] ffa580=ff80->018392 sleep=0 local26=7710 ffa5c0=ff80->01853c sleep=0 local26=1b00 ffd000=ffc0->00d4b4 sleep=0 local26=0000 ffd040=ffc0->00daca sleep=0 local26=0000 ffd080=ffc0->005164 sleep=0 local26=0001 ffd0c0=ffc0->00504e sleep=0 local26=3700 ffd100=ff80->006782 sleep=0 local26=0000 ffd140=ffc0->008082 sleep=0 local26=011c ffd180=ff80->007944 sleep=0 local26=0000 ffd1c0=ff80->007d70 sleep=0 local26=0000 ffd300=ff80->00963c sleep=0 local26=0000 ffd340=ff00->009950 sleep=0 local26=0016 ffdfc0=ffc0->00d6d0 sleep=0 local26=0000 ffe100=ff00->009ac0 sleep=0 local26=0000 ffe140=ff00->009ac0 sleep=0 local26=0000 ffe180=ff00->009ac0 sleep=0 local26=0000 ffe1c0=ff00->009ac0 sleep=0 local26=0000 ffe200=ff00->009ac0 sleep=0 local26=0000 ffe240=ff00->009ac0 sleep=0 local26=0000 ffe280=ff00->009ac0 sleep=0 local26=0000 ffe2c0=ff00->009ac0 sleep=0 local26=0000 ffe300=ff00->009ac0 sleep=0 local26=0000 ffe340=ff00->009ac0 sleep=0 local26=0000 ffe380=ff00->009ac0 sleep=0 local26=0000 ffe3c0=ff00->009ac0 sleep=0 local26=0000 ffe400=ff00->0070c2 sleep=0 local26=2000
[  62.567]   [header-byte] write $ffa517 = 54 mask=00ff (pc=018446)
[  62.650] [attack-state] address=ffa7e0 data=8080 mask=ff00 pc=0050ce protection=00
[  62.652] [attack-state] address=ffa7e0 data=0000 mask=ff00 pc=00da56 protection=00
[  62.934]   [header-byte] write $ffa517 = 54 mask=00ff (pc=018446)
[  62.934] [packet-accepted] total=350 seq=5d flags=10 status=54 pc=01845e
[  62.950]   [header-byte] write $ffa517 = 54 mask=00ff (pc=018446)
[  62.951] [packet-accepted] total=351 seq=5e flags=10 status=54 pc=01845e
[  63.067]   [header-byte] write $ffa517 = 54 mask=00ff (pc=018446)
[  63.067] [packet-accepted] total=352 seq=5f flags=08 status=54 pc=01845e attack=8000,8000
[  63.067] [attack-state] address=ffa7e4 data=8080 mask=ff00 pc=0050ce protection=00
[  63.069] [attack-state] address=ffa7e4 data=0000 mask=ff00 pc=00da56 protection=00
[  63.081] heartbeat frame=3780 tx=5212 rx=2064 fc=1 fd=10 fe=1 linkflag=82 pc=000288 a502=00 a524=0007 a525=07 a170=c2 a17f=00 txtail=005c rxpend=0000
[  63.081] [transport] captured=5212 flushed=5212 received=2064 accepted=352 payload2=206 payload3=5 payload4=12 payload5=24 pump_reads=4104 bursts=1022 txcredit=0 outq=0 inq=0 watchdog=0 txseq=ff rxseq=60 rxcredit=0 protection=00 checks=0000
[  63.081] [epochs] local=1 peer=1 ready=true discarded_rx=0
[  63.081] [tcb-continuations] ffa580=ff80->018392 sleep=0 local26=7710 ffa5c0=ff80->01853c sleep=0 local26=0000 ffd000=ffc0->00d4b4 sleep=0 local26=0000 ffd040=ffc0->00daca sleep=0 local26=0000 ffd080=ffc0->00504e sleep=0 local26=1400 ffd0c0=ffc0->004f7e sleep=0 local26=0000 ffd100=ff80->006782 sleep=0 local26=0000 ffd140=ffc0->008082 sleep=0 local26=001c ffd180=ff00->0079fe sleep=15 local26=0001 ffd1c0=ff00->0079fe sleep=7 local26=0000 ffd200=ff80->007944 sleep=0 local26=0000 ffd240=ff80->007d70 sleep=0 local26=0000 ffdfc0=ffc0->00d6d0 sleep=0 local26=0000
[  63.569]   [header-byte] write $ffa517 = 54 mask=00ff (pc=018446)
[  64.068]   [header-byte] write $ffa517 = 54 mask=00ff (pc=018446)
[  64.083] heartbeat frame=3840 tx=5222 rx=2070 fc=1 fd=10 fe=1 linkflag=82 pc=00028a a502=00 a524=0003 a525=03 a170=c2 a17f=00 txtail=0066 rxpend=0000
[  64.083] [transport] captured=5222 flushed=5222 received=2070 accepted=354 payload2=206 payload3=5 payload4=12 payload5=24 pump_reads=4166 bursts=1024 txcredit=0 outq=0 inq=0 watchdog=0 txseq=01 rxseq=62 rxcredit=0 protection=00 checks=0000
[  64.083] [epochs] local=1 peer=1 ready=true discarded_rx=0
[  64.083] [tcb-continuations] ffa580=ff80->018392 sleep=0 local26=7710 ffa5c0=ff80->01853c sleep=0 local26=0000 ffd000=ffc0->00d4b4 sleep=0 local26=0000 ffd040=ffc0->00daca sleep=0 local26=0000 ffd080=ffc0->00504e sleep=0 local26=5000 ffd0c0=ffc0->00504e sleep=0 local26=3700 ffd100=ff80->006782 sleep=0 local26=0000 ffd140=ffc0->008082 sleep=0 local26=04ff ffd200=ff80->007944 sleep=0 local26=0000 ffd240=ff80->007d70 sleep=0 local26=0000 ffd280=ff80->007944 sleep=0 local26=0001 ffd2c0=ff80->007d70 sleep=0 local26=0000 ffdfc0=ffc0->00d6d0 sleep=0 local26=0000 ffe000=ff00->0070c2 sleep=0 local26=3600
[  64.269]   [header-byte] write $ffa517 = 54 mask=00ff (pc=018446)
[  64.269] [packet-accepted] total=355 seq=62 flags=10 status=54 pc=01845e
[  64.286]   [header-byte] write $ffa517 = 54 mask=00ff (pc=018446)
[  64.286] [packet-accepted] total=356 seq=63 flags=10 status=54 pc=01845e
[  64.402]   [header-byte] write $ffa517 = 54 mask=00ff (pc=018446)
[  64.402] [packet-accepted] total=357 seq=64 flags=08 status=54 pc=01845e attack=8000,8000
[  64.403] [attack-state] address=ffa7e4 data=8080 mask=ff00 pc=0050ce protection=00
[  64.404] [attack-state] address=ffa7e4 data=0000 mask=ff00 pc=00da56 protection=00
[  64.488]   [header-byte] write $ffa517 = 54 mask=00ff (pc=018446)
[  64.488] [packet-accepted] total=358 seq=65 flags=04 status=54 pc=01845e command=3b arg=22
[  64.489] [game-command] data=2b2b mask=ff00 pc=00c030 requests=00
[  64.508] [game-command] data=6b6b mask=ff00 pc=00e190 requests=00
[  64.519] [game-command] data=1d1d mask=ff00 pc=00db3c requests=00
[  64.519] [game-command] data=1010 mask=00ff pc=00db50 requests=00
[  64.519]   [menu-state] write $ffa170 = e2e2 mask=ff00 (pc=00dc36)
[  64.519]   [menu-state] write $ffa176 = 0000 mask=ff00 (pc=01afde)
[  64.519]   [header-byte] write $ffa513 = 00 mask=00ff (pc=01afe6)
[  64.519]   [header-byte] write $ffa513 = 10 mask=00ff (pc=01affe)
[  64.519]   [header-byte] write $ffa513 = 14 mask=00ff (pc=01b044)
[  64.591]   [header-byte] write $ffa517 = 14 mask=00ff (pc=018446)
[  64.591] [packet-accepted] total=359 seq=66 flags=04 status=14 pc=01845e command=1d arg=23
[  64.670] [game-command] data=0d0d mask=ff00 pc=00dccc requests=00
[  64.736]   [header-byte] write $ffa517 = 14 mask=00ff (pc=018446)
[  64.736] [packet-accepted] total=360 seq=67 flags=24 status=14 pc=01845e command=0d arg=23
[  65.084] heartbeat frame=3900 tx=5286 rx=2143 fc=1 fd=10 fe=1 linkflag=82 pc=00028a a502=00 a524=0000 a525=00 a170=e2 a17f=00 txtail=00a6 rxpend=0000
[  65.084] [transport] captured=5286 flushed=5286 received=2143 accepted=360 payload2=209 payload3=6 payload4=14 payload5=25 pump_reads=4232 bursts=1031 txcredit=0 outq=0 inq=0 watchdog=20 txseq=07 rxseq=68 rxcredit=0 protection=00 checks=0000
[  65.084] [epochs] local=1 peer=1 ready=true discarded_rx=0
[  65.084] [game-state] a142=04 a13e=04 a13f=0f a530=0d10 a506=0c a507=01 a508=00 a7b0=3822 a7a6=9334 script=01a51a
[  65.084] [tcb-continuations] ffa580=ff80->018392 sleep=0 local26=7710 ffa5c0=ff80->01853c sleep=0 local26=1800 ffd000=ffc0->00d4b4 sleep=0 local26=0000 ffd040=ffc0->00dd2e sleep=0 local26=0000 ffd080=ffc0->00e1c8 sleep=0 local26=6900 ffd0c0=ffc0->00bdcc sleep=0 local26=0006 ffd100=ff80->006782 sleep=0 local26=0000 ffd1c0=ff80->00cec4 sleep=0 local26=001a ffd200=ff40->00e4d0 sleep=0 local26=0000 ffd240=ff40->00e4be sleep=0 local26=000f ffd300=ff80->00cec4 sleep=0 local26=0018 ffd340=ff80->00cec4 sleep=0 local26=0813 ffd380=ff80->00cec4 sleep=0 local26=0811 ffd3c0=ff80->00cec4 sleep=0 local26=0819 ffd400=ff80->00cec4 sleep=0 local26=001a ffd440=ff80->00449a sleep=0 local26=0001 ffdfc0=ffc0->00d6d0 sleep=0 local26=0000 ffe000=ff00->0070c2 sleep=0 local26=3600 ffe040=ff00->00e508 sleep=0 local26=0000 ffe080=ff00->00e508 sleep=0 local26=0000 ffe0c0=ff00->00e508 sleep=0 local26=0000 ffe100=ff00->00e508 sleep=0 local26=0000 ffe140=ff00->00e508 sleep=0 local26=0000 ffe180=ff00->00e508 sleep=0 local26=0000 ffe1c0=ff00->00e508 sleep=0 local26=0000 ffe200=ff00->00e508 sleep=0 local26=0000 ffe240=ff00->00e508 sleep=0 local26=0000 ffe280=ff00->00e508 sleep=0 local26=0000 ffe2c0=ff00->00e508 sleep=0 local26=0000 ffe300=ff00->00e508 sleep=0 local26=0000 ffe340=ff00->00e508 sleep=0 local26=0000 ffe380=ff00->00e508 sleep=0 local26=0000 ffe3c0=ff00->00e508 sleep=0 local26=0000 ffe400=ff00->00e508 sleep=0 local26=0000 ffe440=ff00->00e508 sleep=0 local26=0000 ffe480=ff00->00e508 sleep=0 local26=0000 ffe4c0=ff00->00e508 sleep=0 local26=0000 ffe500=ff00->00e508 sleep=0 local26=0000 ffe540=ff00->00e508 sleep=0 local26=0000 ffe580=ff00->00e508 sleep=0 local26=0000 ffe5c0=ff00->00e508 sleep=0 local26=0000 ffe600=ff00->00e508 sleep=0 local26=0000
[  65.237]   [header-byte] write $ffa517 = 14 mask=00ff (pc=018446)
[  65.738]   [header-byte] write $ffa517 = 14 mask=00ff (pc=018446)
[  66.085] heartbeat frame=3960 tx=5292 rx=2149 fc=1 fd=10 fe=1 linkflag=82 pc=00028a a502=00 a524=0000 a525=00 a170=e2 a17f=00 txtail=00ac rxpend=0000
[  66.085] [transport] captured=5292 flushed=5292 received=2149 accepted=362 payload2=209 payload3=6 payload4=14 payload5=25 pump_reads=4294 bursts=1033 txcredit=0 outq=0 inq=0 watchdog=20 txseq=09 rxseq=6a rxcredit=17 protection=00 checks=0000
[  66.085] [epochs] local=1 peer=1 ready=true discarded_rx=0
[  66.085] [tcb-continuations] ffa580=ff80->018392 sleep=0 local26=7710 ffa5c0=ff80->01853c sleep=0 local26=1800 ffd000=ffc0->00d4b4 sleep=0 local26=0000 ffd040=ffc0->00dd2e sleep=0 local26=0000 ffd080=ffc0->00e1c8 sleep=0 local26=6900 ffd0c0=ffc0->00bde4 sleep=0 local26=0000 ffd100=ff80->006782 sleep=0 local26=0000 ffd200=ff40->00e4e8 sleep=0 local26=0000 ffd440=ff80->00449a sleep=0 local26=0001 ffdfc0=ffc0->00d6d0 sleep=0 local26=0000 ffe100=ff00->00e508 sleep=0 local26=0000 ffe140=ff00->00e508 sleep=0 local26=0000 ffe180=ff00->00e508 sleep=0 local26=0000 ffe240=ff00->00e508 sleep=0 local26=0000 ffe2c0=ff00->00e508 sleep=0 local26=0000 ffe300=ff00->00e508 sleep=0 local26=0000 ffe340=ff00->00e508 sleep=0 local26=0000 ffe380=ff00->00e508 sleep=0 local26=0000 ffe3c0=ff00->00e508 sleep=0 local26=0000 ffe400=ff00->00e508 sleep=0 local26=0000 ffe440=ff00->00e508 sleep=0 local26=0000 ffe4c0=ff00->00e508 sleep=0 local26=0000 ffe500=ff00->00e508 sleep=0 local26=0000 ffe540=ff00->00e508 sleep=0 local26=0000 ffe580=ff00->00e508 sleep=0 local26=0000 ffe5c0=ff00->00e508 sleep=0 local26=0000 ffe600=ff00->00e508 sleep=0 local26=0000 ffe640=ff00->00e508 sleep=0 local26=0000 ffe680=ff00->00e508 sleep=0 local26=0000 ffe6c0=ff00->00e508 sleep=0 local26=0000 ffe700=ff00->00e508 sleep=0 local26=0000 ffe740=ff00->00e508 sleep=0 local26=0000 ffe780=ff00->00e508 sleep=0 local26=0000 ffe7c0=ff00->00e508 sleep=0 local26=0000 ffe800=ff00->00e508 sleep=0 local26=0000
[  66.088]   [header-byte] write $ffa517 = 14 mask=00ff (pc=018446)
[  66.088] [packet-accepted] total=363 seq=6a flags=10 status=14 pc=01845e
[  66.105]   [header-byte] write $ffa517 = 14 mask=00ff (pc=018446)
[  66.105] [packet-accepted] total=364 seq=6b flags=10 status=14 pc=01845e
[  66.122]   [header-byte] write $ffa517 = 14 mask=00ff (pc=018446)
[  66.122] [packet-accepted] total=365 seq=6c flags=10 status=14 pc=01845e
[  66.138]   [header-byte] write $ffa517 = 14 mask=00ff (pc=018446)
[  66.138] [packet-accepted] total=366 seq=6d flags=10 status=14 pc=01845e
[  66.155]   [header-byte] write $ffa517 = 14 mask=00ff (pc=018446)
[  66.155] [packet-accepted] total=367 seq=6e flags=10 status=14 pc=01845e
[  66.172]   [header-byte] write $ffa517 = 14 mask=00ff (pc=018446)
[  66.172] [packet-accepted] total=368 seq=6f flags=10 status=14 pc=01845e
[  66.671]   [header-byte] write $ffa517 = 14 mask=00ff (pc=018446)
[  67.086] heartbeat frame=4020 tx=5346 rx=2254 fc=1 fd=10 fe=1 linkflag=82 pc=000288 a502=00 a524=0000 a525=00 a170=e2 a17f=00 txtail=00e2 rxpend=0000
[  67.086] [transport] captured=5346 flushed=5346 received=2254 accepted=369 payload2=209 payload3=6 payload4=20 payload5=25 pump_reads=4361 bursts=1037 txcredit=0 outq=0 inq=0 watchdog=24 txseq=0d rxseq=71 rxcredit=5 protection=00 checks=0000
[  67.086] [epochs] local=1 peer=1 ready=true discarded_rx=0
[  67.086] [tcb-continuations] ffa580=ff80->018392 sleep=0 local26=7710 ffa5c0=ff80->01853c sleep=0 local26=1b00 ffd000=ffc0->00d4b4 sleep=0 local26=0000 ffd040=ffc0->00de4e sleep=9 local26=0000 ffd080=ffc0->00c426 sleep=86 local26=6900 ffd0c0=ffc0->00c426 sleep=71 local26=0000 ffd100=ffc0->00cd98 sleep=0 local26=0000 ffd140=ffc0->00ca8a sleep=0 local26=0006 ffd180=ffc0->00ca24 sleep=0 local26=0000 ffd1c0=ff40->00c880 sleep=0 local26=0000 ffd200=ff40->00c880 sleep=0 local26=0000 ffd240=ff40->00c880 sleep=0 local26=0000 ffd280=ff40->00c880 sleep=0 local26=0000 ffd2c0=ff40->00c880 sleep=0 local26=0000 ffd300=ff40->00c880 sleep=0 local26=0000 ffd340=ff40->00c880 sleep=0 local26=0000 ffd380=ff40->00c880 sleep=0 local26=0000 ffd3c0=ff40->00c880 sleep=0 local26=0000 ffd400=ff40->00c880 sleep=0 local26=0000 ffd440=ff40->00c880 sleep=0 local26=0000 ffd480=ff40->00c880 sleep=0 local26=0000 ffd4c0=ff40->00c880 sleep=0 local26=0000 ffd500=ff40->00c880 sleep=0 local26=0000 ffd540=ff40->00c880 sleep=0 local26=0000 ffd580=ff40->00c880 sleep=0 local26=0000 ffd5c0=ff40->00c880 sleep=0 local26=0000 ffd600=ff40->00c880 sleep=0 local26=0000 ffd640=ff40->00c880 sleep=0 local26=0000 ffd680=ff40->00c880 sleep=0 local26=0000 ffd6c0=ff40->00c880 sleep=0 local26=0000 ffd700=ff40->00c880 sleep=0 local26=0000 ffd740=ff40->00c880 sleep=0 local26=0000 ffd780=ff40->00c880 sleep=0 local26=0000 ffd7c0=ff40->00c880 sleep=0 local26=0000 ffd800=ff40->00c880 sleep=0 local26=0000 ffd840=ff40->00c880 sleep=0 local26=0000 ffd880=ff40->00c880 sleep=0 local26=0000 ffd8c0=ff40->00c880 sleep=0 local26=0000 ffd900=ff40->00c880 sleep=0 local26=0000 ffd940=ff40->00c880 sleep=0 local26=0000 ffd980=ff40->00c880 sleep=0 local26=0000 ffd9c0=ff80->01505a sleep=0 local26=0000 ffda00=ff80->01510e sleep=0 local26=0000 ffda40=ff80->01658c sleep=0 local26=0000 ffda80=ff80->016600 sleep=0 local26=0000 ffdac0=ff80->016600 sleep=0 local26=0000 ffdfc0=ffc0->00d6d0 sleep=0 local26=0000
[  67.090]   [header-byte] write $ffa517 = 14 mask=00ff (pc=018446)
[  67.090] [packet-accepted] total=370 seq=71 flags=04 status=14 pc=01845e command=4c arg=23
[  67.256] [game-command] data=4c4c mask=ff00 pc=00dec6 requests=00
[  67.506]   [header-byte] write $ffa517 = 14 mask=00ff (pc=018446)
[  67.990]   [header-byte] write $ffa517 = 14 mask=00ff (pc=018446)
[  68.088] heartbeat frame=4080 tx=5357 rx=2265 fc=1 fd=10 fe=1 linkflag=82 pc=000288 a502=00 a524=0000 a525=00 a170=e2 a17f=00 txtail=00ed rxpend=0000
[  68.088] [transport] captured=5357 flushed=5357 received=2265 accepted=372 payload2=210 payload3=6 payload4=20 payload5=25 pump_reads=4424 bursts=1040 txcredit=0 outq=0 inq=0 watchdog=5 txseq=10 rxseq=74 rxcredit=0 protection=00 checks=0000
[  68.088] [epochs] local=1 peer=1 ready=true discarded_rx=0
[  68.088] [game-state] a142=04 a13e=04 a13f=0f a530=4c10 a506=0c a507=01 a508=00 a7b0=3822 a7a6=9334 script=01a51a
[  68.088] [tcb-continuations] ffa580=ff80->018392 sleep=0 local26=7710 ffa5c0=ff80->01853c sleep=0 local26=1300 ffd000=ffc0->00d4b4 sleep=0 local26=0000 ffd040=ffc0->00df7a sleep=0 local26=0000 ffd080=ffc0->00c426 sleep=26 local26=6900 ffd0c0=ffc0->00c426 sleep=11 local26=0000 ffd100=ffc0->00cd98 sleep=0 local26=0000 ffd180=ffc0->00cb5c sleep=0 local26=0000 ffd9c0=ff80->01505a sleep=0 local26=0000 ffda00=ff80->01510e sleep=0 local26=0000 ffda40=ff80->01658c sleep=0 local26=0000 ffda80=ff80->016600 sleep=0 local26=0000 ffdac0=ff80->016600 sleep=0 local26=0000 ffdb00=ff80->0086ee sleep=0 local26=0000 ffdb40=ff80->00c936 sleep=11 local26=0000 ffdfc0=ffc0->00d6d0 sleep=0 local26=0000
[  68.492]   [header-byte] write $ffa517 = 14 mask=00ff (pc=018446)
[  68.991]   [header-byte] write $ffa517 = 14 mask=00ff (pc=018446)
[  69.089] heartbeat frame=4140 tx=5363 rx=2271 fc=1 fd=10 fe=1 linkflag=82 pc=000288 a502=00 a524=0000 a525=00 a170=e2 a17f=00 txtail=00f3 rxpend=0000
[  69.089] [transport] captured=5363 flushed=5363 received=2271 accepted=374 payload2=210 payload3=6 payload4=20 payload5=25 pump_reads=4486 bursts=1042 txcredit=0 outq=0 inq=0 watchdog=5 txseq=12 rxseq=76 rxcredit=0 protection=00 checks=0000
[  69.089] [epochs] local=1 peer=1 ready=true discarded_rx=0
[  69.089] [tcb-continuations] ffa580=ff80->018392 sleep=0 local26=7710 ffa5c0=ff80->01853c sleep=0 local26=1300 ffd000=ffc0->00d4b4 sleep=0 local26=0000 ffd040=ffc0->00df7a sleep=0 local26=0000 ffd080=ffc0->00c46c sleep=0 local26=6900 ffd0c0=ffc0->00c4c6 sleep=0 local26=0000 ffd100=ffc0->00cd98 sleep=0 local26=0000 ffd140=ff40->00c9ce sleep=0 local26=0000 ffd1c0=ff40->00c9ce sleep=0 local26=0000 ffd200=ff40->00c9ce sleep=0 local26=0000 ffd240=ff40->00c9ce sleep=0 local26=0000 ffd280=ff40->00c9ce sleep=0 local26=0000 ffd2c0=ff40->00c9ce sleep=0 local26=0000 ffd300=ff40->00c9ce sleep=0 local26=0000 ffd340=ff40->00c9ce sleep=0 local26=0000 ffd380=ff40->00c9ce sleep=0 local26=0000 ffd3c0=ff40->00c9ce sleep=0 local26=0000 ffd400=ff40->00c9ce sleep=0 local26=0000 ffd440=ff40->00c9ce sleep=0 local26=0000 ffd480=ff40->00c9ce sleep=0 local26=0000 ffd4c0=ff40->00c9ce sleep=0 local26=0000 ffd500=ff40->00c9ce sleep=0 local26=0000 ffd540=ff40->00c9ce sleep=0 local26=0000 ffd580=ff40->00c9ce sleep=0 local26=0000 ffd5c0=ff40->00c9ce sleep=0 local26=0000 ffd600=ff40->00c9ce sleep=0 local26=0000 ffd640=ff40->00c9ce sleep=0 local26=0000 ffd680=ff40->00c9ce sleep=0 local26=0000 ffd6c0=ff40->00c9ce sleep=0 local26=0000 ffd700=ff40->00c9ce sleep=0 local26=0000 ffd740=ff40->00c9ce sleep=0 local26=0000 ffd780=ff40->00c9ce sleep=0 local26=0000 ffd7c0=ff40->00c9ce sleep=0 local26=0000 ffd800=ff40->00c9ce sleep=0 local26=0000 ffd840=ff40->00c9ce sleep=0 local26=0000 ffd880=ff40->00c9ce sleep=0 local26=0000 ffd8c0=ff40->00c9ce sleep=0 local26=0000 ffd900=ff40->00c9ce sleep=0 local26=0000 ffd940=ff40->00c9ce sleep=0 local26=0000 ffd9c0=ff80->01505a sleep=0 local26=0000 ffda00=ff80->01510e sleep=0 local26=0000 ffda40=ff80->01658c sleep=0 local26=0000 ffda80=ff80->016600 sleep=0 local26=0000 ffdac0=ff80->016600 sleep=0 local26=0000 ffdb00=ff80->0086ee sleep=0 local26=0000 ffdfc0=ffc0->00d6d0 sleep=0 local26=0000
[  69.492]   [header-byte] write $ffa517 = 14 mask=00ff (pc=018446)
[  69.992]   [header-byte] write $ffa517 = 14 mask=00ff (pc=018446)
[  70.090] heartbeat frame=4200 tx=5369 rx=2277 fc=1 fd=10 fe=1 linkflag=82 pc=000288 a502=00 a524=0000 a525=00 a170=e2 a17f=00 txtail=00f9 rxpend=0000
[  70.090] [transport] captured=5369 flushed=5369 received=2277 accepted=376 payload2=210 payload3=6 payload4=20 payload5=25 pump_reads=4548 bursts=1044 txcredit=0 outq=0 inq=0 watchdog=5 txseq=14 rxseq=78 rxcredit=0 protection=00 checks=0000
[  70.090] [epochs] local=1 peer=1 ready=true discarded_rx=0
[  70.493]   [header-byte] write $ffa517 = 14 mask=00ff (pc=018446)
[  70.994]   [header-byte] write $ffa517 = 14 mask=00ff (pc=018446)
[  71.092] heartbeat frame=4260 tx=5375 rx=2283 fc=1 fd=10 fe=1 linkflag=82 pc=000288 a502=00 a524=0000 a525=00 a170=e2 a17f=00 txtail=00ff rxpend=0000
[  71.092] [transport] captured=5375 flushed=5375 received=2283 accepted=378 payload2=210 payload3=6 payload4=20 payload5=25 pump_reads=4610 bursts=1046 txcredit=0 outq=0 inq=0 watchdog=5 txseq=16 rxseq=7a rxcredit=0 protection=00 checks=0000
[  71.092] [epochs] local=1 peer=1 ready=true discarded_rx=0
[  71.494]   [header-byte] write $ffa517 = 14 mask=00ff (pc=018446)
[  71.995]   [header-byte] write $ffa517 = 14 mask=00ff (pc=018446)
[  72.093] heartbeat frame=4320 tx=5381 rx=2289 fc=1 fd=10 fe=1 linkflag=82 pc=000288 a502=00 a524=0000 a525=00 a170=e2 a17f=00 txtail=0005 rxpend=0000
[  72.093] [transport] captured=5381 flushed=5381 received=2289 accepted=380 payload2=210 payload3=6 payload4=20 payload5=25 pump_reads=4672 bursts=1048 txcredit=0 outq=0 inq=0 watchdog=5 txseq=18 rxseq=7c rxcredit=0 protection=00 checks=0000
[  72.093] [epochs] local=1 peer=1 ready=true discarded_rx=0
[  72.495]   [header-byte] write $ffa517 = 14 mask=00ff (pc=018446)
[  72.996]   [header-byte] write $ffa517 = 14 mask=00ff (pc=018446)
[  73.094] heartbeat frame=4380 tx=5387 rx=2295 fc=1 fd=10 fe=1 linkflag=82 pc=00028a a502=00 a524=0000 a525=00 a170=e2 a17f=00 txtail=000b rxpend=0000
[  73.094] [transport] captured=5387 flushed=5387 received=2295 accepted=382 payload2=210 payload3=6 payload4=20 payload5=25 pump_reads=4734 bursts=1050 txcredit=0 outq=0 inq=0 watchdog=5 txseq=1a rxseq=7e rxcredit=0 protection=00 checks=0000
[  73.094] [epochs] local=1 peer=1 ready=true discarded_rx=0
[  73.231] [game-command] data=6c6c mask=ff00 pc=00e108 requests=00
[  73.313]   [header-byte] write $ffa517 = 14 mask=00ff (pc=018446)
[  73.313] [packet-accepted] total=383 seq=7e flags=04 status=14 pc=01845e command=6c arg=23
[  73.498]   [menu-state] write $ffa170 = c0c0 mask=ff00 (pc=00e0e2)
[  73.498]   [menu-state] write $ffa176 = 0000 mask=ff00 (pc=01afde)
[  73.498]   [header-byte] write $ffa513 = 00 mask=00ff (pc=01afe6)
[  73.498]   [header-byte] write $ffa513 = 10 mask=00ff (pc=01affe)
[  73.498]   [header-byte] write $ffa513 = 14 mask=00ff (pc=01b044)
[  73.515]   [menu-state] write $ffa170 = 0808 mask=ff00 (pc=018062)
[  73.515]   [menu-state] write $ffa176 = 0000 mask=ff00 (pc=01afde)
[  73.515]   [header-byte] write $ffa513 = 00 mask=00ff (pc=01afe6)
[  73.515]   [header-byte] write $ffa513 = 10 mask=00ff (pc=01affe)
[  73.515]   [header-byte] write $ffa513 = 11 mask=00ff (pc=01b034)
[  73.814]   [header-byte] write $ffa517 = 14 mask=00ff (pc=018446)
[  74.095] heartbeat frame=4440 tx=5401 rx=2303 fc=1 fd=10 fe=1 linkflag=82 pc=000288 a502=00 a524=0000 a525=00 a170=08 a17f=00 txtail=0019 rxpend=0000
[  74.095] [transport] captured=5401 flushed=5401 received=2303 accepted=384 payload2=211 payload3=6 payload4=20 payload5=25 pump_reads=4796 bursts=1054 txcredit=0 outq=0 inq=0 watchdog=16 txseq=1e rxseq=80 rxcredit=0 protection=00 checks=0000
[  74.095] [epochs] local=1 peer=1 ready=true discarded_rx=0
[  74.095] [game-state] a142=04 a13e=01 a13f=01 a530=6c10 a506=0c a507=00 a508=00 a7b0=3822 a7a6=9334 script=01a606
[  74.095] [tcb-continuations] ffa580=ff80->018392 sleep=0 local26=7710 ffa5c0=ff80->01853c sleep=0 local26=0400 ffd000=ffc0->00d4b4 sleep=0 local26=0000 ffd140=ff40->00c9ce sleep=0 local26=0000 ffd1c0=ff40->00c9ce sleep=0 local26=0000 ffd200=ff40->00c9ce sleep=0 local26=0000 ffd240=ff40->00c9ce sleep=0 local26=0000 ffd280=ff40->00c9ce sleep=0 local26=0000 ffd2c0=ff40->00c9ce sleep=0 local26=0000 ffd300=ff40->00c9ce sleep=0 local26=0000 ffd340=ff40->00c9ce sleep=0 local26=0000 ffd380=ff40->00c9ce sleep=0 local26=0000 ffd3c0=ff40->00c9ce sleep=0 local26=0000 ffd400=ff40->00c9ce sleep=0 local26=0000 ffd440=ff40->00c9ce sleep=0 local26=0000 ffd480=ff40->00c9ce sleep=0 local26=0000 ffd4c0=ff40->00c9ce sleep=0 local26=0000 ffd500=ff40->00c9ce sleep=0 local26=0000 ffd540=ff40->00c9ce sleep=0 local26=0000 ffd580=ff40->00c9ce sleep=0 local26=0000 ffd5c0=ff40->00c9ce sleep=0 local26=0000 ffd600=ff40->00c9ce sleep=0 local26=0000 ffd640=ff40->00c9ce sleep=0 local26=0000 ffd680=ff40->00c9ce sleep=0 local26=0000 ffd6c0=ff40->00c9ce sleep=0 local26=0000 ffd700=ff40->00c9ce sleep=0 local26=0000 ffd740=ff40->00c9ce sleep=0 local26=0000 ffd780=ff40->00c9ce sleep=0 local26=0000 ffd7c0=ff40->00c9ce sleep=0 local26=0000 ffd800=ff40->00c9ce sleep=0 local26=0000 ffd840=ff40->00c9ce sleep=0 local26=0000 ffd880=ff40->00c9ce sleep=0 local26=0000 ffd8c0=ff40->00c9ce sleep=0 local26=0000 ffd900=ff40->00c9ce sleep=0 local26=0000 ffd940=ff40->00c9ce sleep=0 local26=0000 ffd9c0=ff80->01505a sleep=0 local26=0000 ffda00=ff80->015138 sleep=0 local26=0000 ffda80=ff80->01643e sleep=0 local26=0000 ffdac0=ff80->01643e sleep=0 local26=0000 ffdfc0=ffc0->00d6d0 sleep=0 local26=0000
[  74.316]   [header-byte] write $ffa517 = 14 mask=00ff (pc=018446)
[  74.816]   [header-byte] write $ffa517 = 14 mask=00ff (pc=018446)
[  75.097] heartbeat frame=4500 tx=5407 rx=2309 fc=1 fd=10 fe=1 linkflag=82 pc=00028a a502=00 a524=0000 a525=00 a170=08 a17f=00 txtail=001f rxpend=0000
[  75.097] [transport] captured=5407 flushed=5407 received=2309 accepted=386 payload2=211 payload3=6 payload4=20 payload5=25 pump_reads=4858 bursts=1056 txcredit=0 outq=0 inq=0 watchdog=16 txseq=20 rxseq=82 rxcredit=0 protection=00 checks=0000
[  75.097] [epochs] local=1 peer=1 ready=true discarded_rx=0
[  75.097] [tcb-continuations] ffa580=ff80->018392 sleep=0 local26=7710 ffa5c0=ff80->01853c sleep=0 local26=0400 ffd000=ffc0->00d4b4 sleep=0 local26=0000 ffd140=ff40->00c9ce sleep=0 local26=0000 ffd1c0=ff40->00c9ce sleep=0 local26=0000 ffd200=ff40->00c9ce sleep=0 local26=0000 ffd240=ff40->00c9ce sleep=0 local26=0000 ffd280=ff40->00c9ce sleep=0 local26=0000 ffd2c0=ff40->00c9ce sleep=0 local26=0000 ffd300=ff40->00c9ce sleep=0 local26=0000 ffd340=ff40->00c9ce sleep=0 local26=0000 ffd380=ff40->00c9ce sleep=0 local26=0000 ffd3c0=ff40->00c9ce sleep=0 local26=0000 ffd400=ff40->00c9ce sleep=0 local26=0000 ffd440=ff40->00c9ce sleep=0 local26=0000 ffd480=ff40->00c9ce sleep=0 local26=0000 ffd4c0=ff40->00c9ce sleep=0 local26=0000 ffd500=ff40->00c9ce sleep=0 local26=0000 ffd540=ff40->00c9ce sleep=0 local26=0000 ffd580=ff40->00c9ce sleep=0 local26=0000 ffd5c0=ff40->00c9ce sleep=0 local26=0000 ffd600=ff40->00c9ce sleep=0 local26=0000 ffd640=ff40->00c9ce sleep=0 local26=0000 ffd680=ff40->00c9ce sleep=0 local26=0000 ffd6c0=ff40->00c9ce sleep=0 local26=0000 ffd700=ff40->00c9ce sleep=0 local26=0000 ffd740=ff40->00c9ce sleep=0 local26=0000 ffd780=ff40->00c9ce sleep=0 local26=0000 ffd7c0=ff40->00c9ce sleep=0 local26=0000 ffd800=ff40->00c9ce sleep=0 local26=0000 ffd840=ff40->00c9ce sleep=0 local26=0000 ffd880=ff40->00c9ce sleep=0 local26=0000 ffd8c0=ff40->00c9ce sleep=0 local26=0000 ffd900=ff40->00c9ce sleep=0 local26=0000 ffd940=ff40->00c9ce sleep=0 local26=0000 ffd9c0=ff80->01505a sleep=0 local26=0000 ffda00=ff80->015172 sleep=0 local26=0000 ffda80=ff80->016462 sleep=0 local26=0000 ffdac0=ff80->016462 sleep=0 local26=0000 ffdfc0=ffc0->00d6d0 sleep=0 local26=0000
[  75.316]   [header-byte] write $ffa517 = 14 mask=00ff (pc=018446)
[  75.499]   [header-byte] write $ffa517 = 11 mask=00ff (pc=018446)
[  75.683] [game-command] data=0303 mask=ff00 pc=0188d8 requests=00
[  75.711]   [header-byte] write $ffa513 = 13 mask=00ff (pc=0189b4)
[  75.711]   [menu-state] write $ffa17f = 0000 mask=00ff (pc=0189c2)
[  75.999]   [header-byte] write $ffa517 = 11 mask=00ff (pc=018446)
[  76.098] heartbeat frame=4560 tx=5413 rx=2318 fc=1 fd=10 fe=1 linkflag=82 pc=00028a a502=00 a524=0000 a525=00 a170=08 a17f=00 txtail=0025 rxpend=0000
[  76.098] [transport] captured=5413 flushed=5413 received=2318 accepted=389 payload2=211 payload3=6 payload4=20 payload5=25 pump_reads=4921 bursts=1058 txcredit=0 outq=0 inq=0 watchdog=5 txseq=22 rxseq=85 rxcredit=0 protection=00 checks=0000
[  76.098] [epochs] local=1 peer=1 ready=true discarded_rx=0
[  76.098] [game-state] a142=04 a13e=01 a13f=01 a530=0310 a506=03 a507=00 a508=00 a7b0=3822 a7a6=0000 script=01a638
[  76.098] [tcb-continuations] ffa580=ff80->018392 sleep=0 local26=7710 ffa5c0=ff80->01853c sleep=0 local26=1200 ffd040=ff80->0189c6 sleep=0 local26=0101
[  76.501]   [header-byte] write $ffa517 = 11 mask=00ff (pc=018446)
[  77.002]   [header-byte] write $ffa517 = 11 mask=00ff (pc=018446)
[  77.099] heartbeat frame=4620 tx=5419 rx=2324 fc=1 fd=10 fe=1 linkflag=82 pc=00028a a502=00 a524=0000 a525=00 a170=08 a17f=00 txtail=002b rxpend=0000
[  77.099] [transport] captured=5419 flushed=5419 received=2324 accepted=391 payload2=211 payload3=6 payload4=20 payload5=25 pump_reads=4983 bursts=1060 txcredit=0 outq=0 inq=0 watchdog=5 txseq=24 rxseq=87 rxcredit=0 protection=00 checks=0000
[  77.099] [epochs] local=1 peer=1 ready=true discarded_rx=0
[  77.099] [tcb-continuations] ffa580=ff80->018392 sleep=0 local26=7710 ffa5c0=ff80->01853c sleep=0 local26=0700 ffd040=ff80->018a40 sleep=0 local26=0100 ffd0c0=ff80->018ee4 sleep=0 local26=0000 ffd100=ff80->01fbb4 sleep=0 local26=0000 ffd140=ff80->01fbb6 sleep=0 local26=0002 ffd180=ff80->01fbb6 sleep=0 local26=00a2 ffd1c0=ff80->01fbb6 sleep=0 local26=01c2 ffd200=ff80->01fbb6 sleep=0 local26=02e2 ffd240=ff80->01902e sleep=0 local26=0000 ffd280=ff80->01ffe2 sleep=0 local26=0000 ffd2c0=ff80->020004 sleep=0 local26=0002 ffd300=ff80->020004 sleep=0 local26=0000 ffd340=ff80->01febe sleep=0 local26=0000 ffd380=ff80->01fedc sleep=0 local26=0000
[  77.502]   [header-byte] write $ffa517 = 11 mask=00ff (pc=018446)
[  77.822]   [header-byte] write $ffa517 = 11 mask=00ff (pc=018446)
[  77.836]   [header-byte] write $ffa517 = 15 mask=00ff (pc=018446)
[  77.869]   [header-byte] write $ffa517 = 13 mask=00ff (pc=018446)
[  77.869] [game-command] data=1313 mask=ff00 pc=018ae0 requests=00
[  78.101] heartbeat frame=4680 tx=5487 rx=2336 fc=1 fd=10 fe=1 linkflag=82 pc=00028a a502=00 a524=0005 a525=05 a170=08 a17f=00 txtail=006f rxpend=0000
[  78.101] [transport] captured=5487 flushed=5487 received=2336 accepted=395 payload2=211 payload3=6 payload4=20 payload5=25 pump_reads=5047 bursts=1074 txcredit=0 outq=0 inq=0 watchdog=13 txseq=33 rxseq=8b rxcredit=0 protection=00 checks=0000
[  78.101] [epochs] local=1 peer=1 ready=true discarded_rx=0
[  78.101] [game-state] a142=04 a13e=01 a13f=01 a530=1310 a506=03 a507=00 a508=00 a7b0=3822 a7a6=0000 script=01a638
[  78.101] [tcb-continuations] ffa580=ff80->018392 sleep=0 local26=7710 ffa5c0=ff80->01853c sleep=0 local26=0000 ffd040=ff80->018a40 sleep=0 local26=8300 ffd0c0=ff80->018ee4 sleep=0 local26=0000 ffd100=ff80->01fbb4 sleep=0 local26=0000 ffd140=ff80->01fbb6 sleep=0 local26=0002 ffd180=ff80->01fbb6 sleep=0 local26=00a2 ffd1c0=ff80->01fbb6 sleep=0 local26=01c2 ffd200=ff80->01fbb6 sleep=0 local26=02e2 ffd240=ff80->01902e sleep=0 local26=0000 ffd280=ff80->01ffe2 sleep=0 local26=0008 ffd2c0=ff80->020004 sleep=0 local26=0002 ffd300=ff80->020004 sleep=0 local26=0000 ffd340=ff80->01febe sleep=0 local26=0000 ffd380=ff80->01fedc sleep=0 local26=0000
[  78.537]   [header-byte] write $ffa517 = 13 mask=00ff (pc=018446)
[  78.537] [packet-accepted] total=396 seq=8b flags=04 status=13 pc=01845e command=03 arg=23
[  78.553]   [header-byte] write $ffa517 = 13 mask=00ff (pc=018446)
[  78.553] [packet-accepted] total=397 seq=8c flags=04 status=13 pc=01845e command=03 arg=23
[  78.570]   [header-byte] write $ffa517 = 13 mask=00ff (pc=018446)
[  78.570] [packet-accepted] total=398 seq=8d flags=04 status=13 pc=01845e command=03 arg=23
[  78.587]   [header-byte] write $ffa517 = 13 mask=00ff (pc=018446)
[  78.587] [packet-accepted] total=399 seq=8e flags=04 status=13 pc=01845e command=03 arg=23
[  78.605]   [header-byte] write $ffa517 = 13 mask=00ff (pc=018446)
[  78.605] [packet-accepted] total=400 seq=8f flags=04 status=13 pc=01845e command=03 arg=23
[  78.621]   [header-byte] write $ffa517 = 13 mask=00ff (pc=018446)
[  78.621] [packet-accepted] total=401 seq=90 flags=04 status=13 pc=01845e command=03 arg=23
[  78.637]   [header-byte] write $ffa517 = 13 mask=00ff (pc=018446)
[  78.637] [packet-accepted] total=402 seq=91 flags=04 status=13 pc=01845e command=03 arg=23
[  78.654]   [header-byte] write $ffa517 = 13 mask=00ff (pc=018446)
[  78.654] [packet-accepted] total=403 seq=92 flags=04 status=13 pc=01845e command=03 arg=23
[  78.670]   [header-byte] write $ffa517 = 13 mask=00ff (pc=018446)
[  78.670] [packet-accepted] total=404 seq=93 flags=04 status=13 pc=01845e command=03 arg=23
[  78.687]   [header-byte] write $ffa517 = 13 mask=00ff (pc=018446)
[  78.687] [packet-accepted] total=405 seq=94 flags=04 status=13 pc=01845e command=03 arg=23
[  78.704]   [header-byte] write $ffa517 = 13 mask=00ff (pc=018446)
[  78.704] [packet-accepted] total=406 seq=95 flags=04 status=13 pc=01845e command=03 arg=23
[  78.720]   [header-byte] write $ffa517 = 13 mask=00ff (pc=018446)
[  78.720] [packet-accepted] total=407 seq=96 flags=04 status=13 pc=01845e command=03 arg=23
[  78.737]   [header-byte] write $ffa517 = 13 mask=00ff (pc=018446)
[  78.737] [packet-accepted] total=408 seq=97 flags=04 status=13 pc=01845e command=03 arg=23
[  78.754]   [header-byte] write $ffa517 = 13 mask=00ff (pc=018446)
[  78.754] [packet-accepted] total=409 seq=98 flags=04 status=13 pc=01845e command=03 arg=23
[  78.774]   [header-byte] write $ffa517 = 13 mask=00ff (pc=018446)
[  78.774] [packet-accepted] total=410 seq=99 flags=04 status=13 pc=01845e command=03 arg=23
[  78.787]   [header-byte] write $ffa517 = 13 mask=00ff (pc=018446)
[  78.787] [packet-accepted] total=411 seq=9a flags=04 status=13 pc=01845e command=03 arg=23
[  78.805]   [header-byte] write $ffa517 = 13 mask=00ff (pc=018446)
[  78.805] [packet-accepted] total=412 seq=9b flags=04 status=13 pc=01845e command=03 arg=23
[  78.821]   [header-byte] write $ffa517 = 13 mask=00ff (pc=018446)
[  78.821] [packet-accepted] total=413 seq=9c flags=04 status=13 pc=01845e command=03 arg=23
[  78.837]   [header-byte] write $ffa517 = 13 mask=00ff (pc=018446)
[  78.837] [packet-accepted] total=414 seq=9d flags=04 status=13 pc=01845e command=03 arg=23
[  78.854]   [header-byte] write $ffa517 = 13 mask=00ff (pc=018446)
[  78.854] [packet-accepted] total=415 seq=9e flags=04 status=13 pc=01845e command=03 arg=23
[  78.871]   [header-byte] write $ffa517 = 13 mask=00ff (pc=018446)
[  78.871] [packet-accepted] total=416 seq=9f flags=04 status=13 pc=01845e command=03 arg=23
[  78.887]   [header-byte] write $ffa517 = 13 mask=00ff (pc=018446)
[  78.887] [packet-accepted] total=417 seq=a0 flags=04 status=13 pc=01845e command=03 arg=23
[  78.904]   [header-byte] write $ffa517 = 13 mask=00ff (pc=018446)
[  78.904] [packet-accepted] total=418 seq=a1 flags=04 status=13 pc=01845e command=03 arg=23
[  78.922]   [header-byte] write $ffa517 = 13 mask=00ff (pc=018446)
[  78.922] [packet-accepted] total=419 seq=a2 flags=04 status=13 pc=01845e command=03 arg=23
[  78.937]   [header-byte] write $ffa517 = 13 mask=00ff (pc=018446)
[  78.937] [packet-accepted] total=420 seq=a3 flags=04 status=13 pc=01845e command=03 arg=23
[  78.954]   [header-byte] write $ffa517 = 13 mask=00ff (pc=018446)
[  78.954] [packet-accepted] total=421 seq=a4 flags=04 status=13 pc=01845e command=03 arg=23
[  78.971]   [header-byte] write $ffa517 = 13 mask=00ff (pc=018446)
[  78.971] [packet-accepted] total=422 seq=a5 flags=04 status=13 pc=01845e command=03 arg=23
[  78.988]   [header-byte] write $ffa517 = 13 mask=00ff (pc=018446)
[  78.988] [packet-accepted] total=423 seq=a6 flags=04 status=13 pc=01845e command=03 arg=23
[  79.004]   [header-byte] write $ffa517 = 13 mask=00ff (pc=018446)
[  79.004] [packet-accepted] total=424 seq=a7 flags=04 status=13 pc=01845e command=03 arg=23
[  79.021]   [header-byte] write $ffa517 = 13 mask=00ff (pc=018446)
[  79.021] [packet-accepted] total=425 seq=a8 flags=04 status=13 pc=01845e command=03 arg=23
[  79.038]   [header-byte] write $ffa517 = 13 mask=00ff (pc=018446)
[  79.038] [packet-accepted] total=426 seq=a9 flags=04 status=13 pc=01845e command=03 arg=23
[  79.054]   [header-byte] write $ffa517 = 13 mask=00ff (pc=018446)
[  79.054] [packet-accepted] total=427 seq=aa flags=04 status=13 pc=01845e command=03 arg=23
[  79.071]   [header-byte] write $ffa517 = 13 mask=00ff (pc=018446)
[  79.071] [packet-accepted] total=428 seq=ab flags=04 status=13 pc=01845e command=03 arg=23
[  79.089]   [header-byte] write $ffa517 = 13 mask=00ff (pc=018446)
[  79.089] [packet-accepted] total=429 seq=ac flags=04 status=13 pc=01845e command=03 arg=23
[  79.102] heartbeat frame=4740 tx=5787 rx=2506 fc=1 fd=10 fe=1 linkflag=82 pc=00028a a502=00 a524=0005 a525=05 a170=08 a17f=00 txtail=009b rxpend=0000
[  79.102] [transport] captured=5787 flushed=5787 received=2506 accepted=429 payload2=245 payload3=6 payload4=20 payload5=25 pump_reads=5141 bursts=1134 txcredit=0 outq=0 inq=0 watchdog=0 txseq=6f rxseq=ad rxcredit=5 protection=00 checks=0000
[  79.102] [epochs] local=1 peer=1 ready=true discarded_rx=0
[  79.102] [game-state] a142=04 a13e=01 a13f=01 a530=1310 a506=03 a507=00 a508=00 a7b0=3822 a7a6=0323 script=01a638
[  79.102] [tcb-continuations] ffa580=ff80->018392 sleep=0 local26=7710 ffa5c0=ff80->01853c sleep=0 local26=0000 ffd040=ff80->018a40 sleep=0 local26=8300 ffd0c0=ff80->018ee4 sleep=0 local26=0000 ffd100=ff80->01fbb4 sleep=0 local26=0000 ffd140=ff80->01fbb6 sleep=0 local26=0002 ffd180=ff80->01fbb6 sleep=0 local26=00a2 ffd1c0=ff80->01fbb6 sleep=0 local26=01c2 ffd200=ff80->01fbb6 sleep=0 local26=02e2 ffd240=ff80->01902e sleep=0 local26=0000 ffd280=ff80->01ffe2 sleep=0 local26=0004 ffd2c0=ff80->020004 sleep=0 local26=0002 ffd300=ff80->020004 sleep=0 local26=0000 ffd340=ff80->01febe sleep=0 local26=0000 ffd380=ff80->01fedc sleep=0 local26=0000
[  79.104]   [header-byte] write $ffa517 = 13 mask=00ff (pc=018446)
[  79.104] [packet-accepted] total=430 seq=ad flags=04 status=13 pc=01845e command=03 arg=23
[  79.121]   [header-byte] write $ffa517 = 13 mask=00ff (pc=018446)
[  79.121] [packet-accepted] total=431 seq=ae flags=04 status=13 pc=01845e command=03 arg=23
[  79.138]   [header-byte] write $ffa517 = 13 mask=00ff (pc=018446)
[  79.138] [packet-accepted] total=432 seq=af flags=04 status=13 pc=01845e command=03 arg=23
[  79.154]   [header-byte] write $ffa517 = 13 mask=00ff (pc=018446)
[  79.154] [packet-accepted] total=433 seq=b0 flags=04 status=13 pc=01845e command=03 arg=23
[  79.171]   [header-byte] write $ffa517 = 13 mask=00ff (pc=018446)
[  79.171] [packet-accepted] total=434 seq=b1 flags=04 status=13 pc=01845e command=03 arg=23
[  79.189]   [header-byte] write $ffa517 = 13 mask=00ff (pc=018446)
[  79.189] [packet-accepted] total=435 seq=b2 flags=04 status=13 pc=01845e command=03 arg=23
[  79.205]   [header-byte] write $ffa517 = 13 mask=00ff (pc=018446)
[  79.205] [packet-accepted] total=436 seq=b3 flags=04 status=13 pc=01845e command=03 arg=23
[  79.221]   [header-byte] write $ffa517 = 13 mask=00ff (pc=018446)
[  79.221] [packet-accepted] total=437 seq=b4 flags=04 status=13 pc=01845e command=03 arg=23
[  79.240]   [header-byte] write $ffa517 = 13 mask=00ff (pc=018446)
[  79.240] [packet-accepted] total=438 seq=b5 flags=04 status=13 pc=01845e command=03 arg=23
[  79.254]   [header-byte] write $ffa517 = 13 mask=00ff (pc=018446)
[  79.254] [packet-accepted] total=439 seq=b6 flags=04 status=13 pc=01845e command=03 arg=23
[  79.271]   [header-byte] write $ffa517 = 13 mask=00ff (pc=018446)
[  79.271] [packet-accepted] total=440 seq=b7 flags=04 status=13 pc=01845e command=03 arg=23
[  79.288]   [header-byte] write $ffa517 = 13 mask=00ff (pc=018446)
[  79.288] [packet-accepted] total=441 seq=b8 flags=04 status=13 pc=01845e command=03 arg=23
[  79.304]   [header-byte] write $ffa517 = 13 mask=00ff (pc=018446)
[  79.304] [packet-accepted] total=442 seq=b9 flags=04 status=13 pc=01845e command=03 arg=23
[  79.321]   [header-byte] write $ffa517 = 13 mask=00ff (pc=018446)
[  79.321] [packet-accepted] total=443 seq=ba flags=04 status=13 pc=01845e command=03 arg=23
[  79.338]   [header-byte] write $ffa517 = 13 mask=00ff (pc=018446)
[  79.338] [packet-accepted] total=444 seq=bb flags=04 status=13 pc=01845e command=03 arg=23
[  79.355]   [header-byte] write $ffa517 = 13 mask=00ff (pc=018446)
[  79.355] [packet-accepted] total=445 seq=bc flags=04 status=13 pc=01845e command=03 arg=23
[  79.371]   [header-byte] write $ffa517 = 13 mask=00ff (pc=018446)
[  79.371] [packet-accepted] total=446 seq=bd flags=04 status=13 pc=01845e command=03 arg=23
[  79.388]   [header-byte] write $ffa517 = 13 mask=00ff (pc=018446)
[  79.388] [packet-accepted] total=447 seq=be flags=04 status=13 pc=01845e command=03 arg=23
[  79.405]   [header-byte] write $ffa517 = 13 mask=00ff (pc=018446)
[  79.405] [packet-accepted] total=448 seq=bf flags=04 status=13 pc=01845e command=03 arg=23
[  79.422]   [header-byte] write $ffa517 = 13 mask=00ff (pc=018446)
[  79.422] [packet-accepted] total=449 seq=c0 flags=04 status=13 pc=01845e command=03 arg=23
[  79.438]   [header-byte] write $ffa517 = 13 mask=00ff (pc=018446)
[  79.438] [packet-accepted] total=450 seq=c1 flags=04 status=13 pc=01845e command=03 arg=23
[  79.454]   [header-byte] write $ffa517 = 13 mask=00ff (pc=018446)
[  79.454] [packet-accepted] total=451 seq=c2 flags=04 status=13 pc=01845e command=03 arg=23
[  79.471]   [header-byte] write $ffa517 = 13 mask=00ff (pc=018446)
[  79.471] [packet-accepted] total=452 seq=c3 flags=04 status=13 pc=01845e command=03 arg=23
[  79.488]   [header-byte] write $ffa517 = 13 mask=00ff (pc=018446)
[  79.488] [packet-accepted] total=453 seq=c4 flags=04 status=13 pc=01845e command=03 arg=23
[  79.504]   [header-byte] write $ffa517 = 13 mask=00ff (pc=018446)
[  79.504] [packet-accepted] total=454 seq=c5 flags=04 status=13 pc=01845e command=03 arg=23
[  79.521]   [header-byte] write $ffa517 = 13 mask=00ff (pc=018446)
[  79.521] [packet-accepted] total=455 seq=c6 flags=04 status=13 pc=01845e command=03 arg=23
[  79.538]   [header-byte] write $ffa517 = 13 mask=00ff (pc=018446)
[  79.538] [packet-accepted] total=456 seq=c7 flags=04 status=13 pc=01845e command=03 arg=23
[  79.557]   [header-byte] write $ffa517 = 13 mask=00ff (pc=018446)
[  79.557] [packet-accepted] total=457 seq=c8 flags=04 status=13 pc=01845e command=03 arg=23
[  79.571]   [header-byte] write $ffa517 = 13 mask=00ff (pc=018446)
[  79.571] [packet-accepted] total=458 seq=c9 flags=04 status=13 pc=01845e command=03 arg=23
[  79.588]   [header-byte] write $ffa517 = 13 mask=00ff (pc=018446)
[  79.588] [packet-accepted] total=459 seq=ca flags=04 status=13 pc=01845e command=03 arg=23
[  79.605]   [header-byte] write $ffa517 = 13 mask=00ff (pc=018446)
[  79.605] [packet-accepted] total=460 seq=cb flags=04 status=13 pc=01845e command=03 arg=23
[  79.621]   [header-byte] write $ffa517 = 13 mask=00ff (pc=018446)
[  79.621] [packet-accepted] total=461 seq=cc flags=04 status=13 pc=01845e command=03 arg=23
[  79.639]   [header-byte] write $ffa517 = 13 mask=00ff (pc=018446)
[  79.639] [packet-accepted] total=462 seq=cd flags=04 status=13 pc=01845e command=03 arg=23
[  79.655]   [header-byte] write $ffa517 = 13 mask=00ff (pc=018446)
[  79.655] [packet-accepted] total=463 seq=ce flags=04 status=13 pc=01845e command=03 arg=23
[  79.672]   [header-byte] write $ffa517 = 13 mask=00ff (pc=018446)
[  79.672] [packet-accepted] total=464 seq=cf flags=04 status=13 pc=01845e command=03 arg=23
[  79.688]   [header-byte] write $ffa517 = 13 mask=00ff (pc=018446)
[  79.688] [packet-accepted] total=465 seq=d0 flags=04 status=13 pc=01845e command=03 arg=23
[  79.705]   [header-byte] write $ffa517 = 13 mask=00ff (pc=018446)
[  79.705] [packet-accepted] total=466 seq=d1 flags=04 status=13 pc=01845e command=03 arg=23
[  79.724]   [header-byte] write $ffa517 = 13 mask=00ff (pc=018446)
[  79.724] [packet-accepted] total=467 seq=d2 flags=04 status=13 pc=01845e command=03 arg=23
[  79.738]   [header-byte] write $ffa517 = 13 mask=00ff (pc=018446)
[  79.738] [packet-accepted] total=468 seq=d3 flags=04 status=13 pc=01845e command=03 arg=23
[  79.755]   [header-byte] write $ffa517 = 13 mask=00ff (pc=018446)
[  79.755] [packet-accepted] total=469 seq=d4 flags=04 status=13 pc=01845e command=03 arg=23
[  79.772]   [header-byte] write $ffa517 = 13 mask=00ff (pc=018446)
[  79.772] [packet-accepted] total=470 seq=d5 flags=04 status=13 pc=01845e command=03 arg=23
[  79.788]   [header-byte] write $ffa517 = 13 mask=00ff (pc=018446)
[  79.788] [packet-accepted] total=471 seq=d6 flags=04 status=13 pc=01845e command=03 arg=23
[  79.805]   [header-byte] write $ffa517 = 13 mask=00ff (pc=018446)
[  79.805] [packet-accepted] total=472 seq=d7 flags=04 status=13 pc=01845e command=03 arg=23
[  79.823]   [header-byte] write $ffa517 = 13 mask=00ff (pc=018446)
[  79.823] [packet-accepted] total=473 seq=d8 flags=04 status=13 pc=01845e command=03 arg=23
[  79.839]   [header-byte] write $ffa517 = 13 mask=00ff (pc=018446)
[  79.839] [packet-accepted] total=474 seq=d9 flags=04 status=13 pc=01845e command=03 arg=23
[  79.855]   [header-byte] write $ffa517 = 13 mask=00ff (pc=018446)
[  79.855] [packet-accepted] total=475 seq=da flags=04 status=13 pc=01845e command=03 arg=23
[  79.872]   [header-byte] write $ffa517 = 13 mask=00ff (pc=018446)
[  79.872] [packet-accepted] total=476 seq=db flags=04 status=13 pc=01845e command=03 arg=23
[  79.888]   [header-byte] write $ffa517 = 13 mask=00ff (pc=018446)
[  79.888] [packet-accepted] total=477 seq=dc flags=04 status=13 pc=01845e command=03 arg=23
[  79.905]   [header-byte] write $ffa517 = 13 mask=00ff (pc=018446)
[  79.905] [packet-accepted] total=478 seq=dd flags=04 status=13 pc=01845e command=03 arg=23
[  79.922]   [header-byte] write $ffa517 = 13 mask=00ff (pc=018446)
[  79.922] [packet-accepted] total=479 seq=de flags=04 status=13 pc=01845e command=03 arg=23
[  79.938]   [header-byte] write $ffa517 = 13 mask=00ff (pc=018446)
[  79.938] [packet-accepted] total=480 seq=df flags=04 status=13 pc=01845e command=03 arg=23
[  79.955]   [header-byte] write $ffa517 = 13 mask=00ff (pc=018446)
[  79.955] [packet-accepted] total=481 seq=e0 flags=04 status=13 pc=01845e command=03 arg=23
[  79.972]   [header-byte] write $ffa517 = 13 mask=00ff (pc=018446)
[  79.972] [packet-accepted] total=482 seq=e1 flags=04 status=13 pc=01845e command=03 arg=23
[  79.989]   [header-byte] write $ffa517 = 13 mask=00ff (pc=018446)
[  79.989] [packet-accepted] total=483 seq=e2 flags=04 status=13 pc=01845e command=03 arg=23
[  80.005]   [header-byte] write $ffa517 = 13 mask=00ff (pc=018446)
[  80.005] [packet-accepted] total=484 seq=e3 flags=04 status=13 pc=01845e command=03 arg=23
[  80.022]   [header-byte] write $ffa517 = 13 mask=00ff (pc=018446)
[  80.022] [packet-accepted] total=485 seq=e4 flags=04 status=13 pc=01845e command=03 arg=23
[  80.041]   [header-byte] write $ffa517 = 13 mask=00ff (pc=018446)
[  80.041] [packet-accepted] total=486 seq=e5 flags=04 status=13 pc=01845e command=03 arg=23
[  80.041] [game-command] data=5353 mask=ff00 pc=018b72 requests=04
[  80.057]   [header-byte] write $ffa517 = 13 mask=00ff (pc=018446)
[  80.057] [packet-accepted] total=487 seq=e6 flags=04 status=13 pc=01845e command=03 arg=23
[  80.057]   [header-byte] write $ffa513 = 10 mask=00ff (pc=018d88)
[  80.073]   [header-byte] write $ffa517 = 13 mask=00ff (pc=018446)
[  80.073] [packet-accepted] total=488 seq=e7 flags=04 status=13 pc=01845e command=03 arg=23
[  80.089]   [header-byte] write $ffa517 = 13 mask=00ff (pc=018446)
[  80.089] [packet-accepted] total=489 seq=e8 flags=04 status=13 pc=01845e command=03 arg=23
[  80.103] heartbeat frame=4800 tx=6082 rx=2806 fc=1 fd=10 fe=1 linkflag=82 pc=000288 a502=00 a524=0000 a525=00 a170=08 a17f=00 txtail=00c2 rxpend=0000
[  80.103] [transport] captured=6082 flushed=6082 received=2806 accepted=489 payload2=305 payload3=6 payload4=20 payload5=25 pump_reads=5261 bursts=1193 txcredit=0 outq=0 inq=0 watchdog=0 txseq=a9 rxseq=e9 rxcredit=5 protection=00 checks=0000
[  80.103] [epochs] local=1 peer=1 ready=true discarded_rx=0
[  80.103] [game-state] a142=04 a13e=01 a13f=01 a530=5310 a506=03 a507=00 a508=00 a7b0=3822 a7a6=0323 script=01a638
[  80.103] [tcb-continuations] ffa580=ff80->018392 sleep=0 local26=7710 ffa5c0=ff80->01853c sleep=0 local26=0200 ffd040=ff80->018db6 sleep=17 local26=8300 ffd100=ff80->01fbb4 sleep=0 local26=0000 ffd140=ff80->01fbb6 sleep=0 local26=0002 ffd180=ff80->01fbb6 sleep=0 local26=00a2 ffd1c0=ff80->01fbb6 sleep=0 local26=01c2 ffd200=ff80->01fbb6 sleep=0 local26=02e2 ffd240=ff80->01902e sleep=0 local26=0000
[  80.106]   [header-byte] write $ffa517 = 13 mask=00ff (pc=018446)
[  80.106] [packet-accepted] total=490 seq=e9 flags=04 status=13 pc=01845e command=03 arg=23
[  80.122]   [header-byte] write $ffa517 = 13 mask=00ff (pc=018446)
[  80.122] [packet-accepted] total=491 seq=ea flags=04 status=13 pc=01845e command=43 arg=23
[  80.139]   [header-byte] write $ffa517 = 10 mask=00ff (pc=018446)
[  80.139] [packet-accepted] total=492 seq=eb flags=04 status=10 pc=01845e command=43 arg=23
[  80.639]   [header-byte] write $ffa517 = 10 mask=00ff (pc=018446)
[  80.847]   [menu-state] write $ffa170 = 8787 mask=ff00 (pc=018062)
[  80.847]   [menu-state] write $ffa176 = 0000 mask=ff00 (pc=01afde)
[  80.847]   [header-byte] write $ffa513 = 00 mask=00ff (pc=01afe6)
[  80.847]   [header-byte] write $ffa513 = 10 mask=00ff (pc=01affe)
[  80.847]   [header-byte] write $ffa513 = 50 mask=00ff (pc=01b022)
[  80.847]   [header-byte] write $ffa513 = 54 mask=00ff (pc=01b044)
[  81.104] heartbeat frame=4860 tx=6088 rx=2824 fc=1 fd=10 fe=1 linkflag=82 pc=000ff4 a502=00 a524=0000 a525=00 a170=87 a17f=00 txtail=00c8 rxpend=0000
[  81.104] [transport] captured=6088 flushed=6088 received=2824 accepted=493 payload2=308 payload3=6 payload4=20 payload5=25 pump_reads=5325 bursts=1195 txcredit=0 outq=0 inq=0 watchdog=25 txseq=ab rxseq=ed rxcredit=0 protection=00 checks=0000
[  81.104] [epochs] local=1 peer=1 ready=true discarded_rx=0
[  81.104] [game-state] a142=02 a13e=01 a13f=01 a530=5310 a506=03 a507=00 a508=00 a7b0=3822 a7a6=4323 script=01a15c
[  81.104] [tcb-continuations] ffa580=ff80->018392 sleep=0 local26=7710 ffa5c0=ff80->01853c sleep=0 local26=0d00 ffd040=ff80->0266a0 sleep=0 local26=0000
[  81.139]   [header-byte] write $ffa517 = 10 mask=00ff (pc=018446)
[  81.245]   [menu-state] write $ffa170 = 9797 mask=ff00 (pc=0266d6)
[  81.641]   [header-byte] write $ffa517 = 10 mask=00ff (pc=018446)
[  81.841]   [menu-state] write $ffa170 = 8787 mask=ff00 (pc=0268a0)
[  82.106] heartbeat frame=4920 tx=6094 rx=2830 fc=1 fd=10 fe=1 linkflag=82 pc=000288 a502=00 a524=0000 a525=00 a170=87 a17f=00 txtail=00ce rxpend=0000
[  82.106] [transport] captured=6094 flushed=6094 received=2830 accepted=495 payload2=308 payload3=6 payload4=20 payload5=25 pump_reads=5387 bursts=1197 txcredit=0 outq=0 inq=0 watchdog=27 txseq=ad rxseq=ef rxcredit=0 protection=00 checks=0000
[  82.106] [epochs] local=1 peer=1 ready=true discarded_rx=0
[  82.106] [tcb-continuations] ffa580=ff80->018392 sleep=0 local26=7710 ffa5c0=ff80->01853c sleep=0 local26=0d00 ffd040=ff80->026956 sleep=0 local26=0007 ffd100=ff80->026e10 sleep=0 local26=0035 ffd140=ff80->027146 sleep=0 local26=0005 ffd180=ff80->027146 sleep=0 local26=0005 ffd1c0=ff80->027146 sleep=0 local26=0005 ffd200=ff80->027146 sleep=0 local26=0005 ffd240=ff80->027146 sleep=0 local26=0005 ffd280=ff80->027146 sleep=0 local26=0005 ffd2c0=ff80->027260 sleep=0 local26=0000 ffd300=ff80->027278 sleep=0 local26=0000 ffd340=ff80->027278 sleep=0 local26=0000 ffd380=ff80->026e8c sleep=0 local26=0000
[  82.142]   [header-byte] write $ffa517 = 10 mask=00ff (pc=018446)
[  82.642]   [header-byte] write $ffa517 = 10 mask=00ff (pc=018446)
[  83.107] heartbeat frame=4980 tx=6100 rx=2836 fc=1 fd=10 fe=1 linkflag=82 pc=00028a a502=00 a524=0000 a525=00 a170=87 a17f=00 txtail=00d4 rxpend=0000
[  83.107] [transport] captured=6100 flushed=6100 received=2836 accepted=497 payload2=308 payload3=6 payload4=20 payload5=25 pump_reads=5449 bursts=1199 txcredit=0 outq=0 inq=0 watchdog=27 txseq=af rxseq=f1 rxcredit=0 protection=00 checks=0000
[  83.107] [epochs] local=1 peer=1 ready=true discarded_rx=0
[  83.107] [tcb-continuations] ffa580=ff80->018392 sleep=0 local26=7710 ffa5c0=ff80->01853c sleep=0 local26=0d00 ffd040=ff80->026a46 sleep=88 local26=0007 ffd100=ff80->026e10 sleep=0 local26=0071 ffd140=ff80->027146 sleep=0 local26=0005 ffd180=ff80->027146 sleep=0 local26=0005 ffd1c0=ff80->027146 sleep=0 local26=0005 ffd200=ff80->027146 sleep=0 local26=0005 ffd240=ff80->027146 sleep=0 local26=0005 ffd280=ff80->027146 sleep=0 local26=0005 ffd2c0=ff80->027260 sleep=0 local26=0000 ffd300=ff80->027278 sleep=0 local26=0000 ffd340=ff80->027278 sleep=0 local26=0000 ffd380=ff80->026e8c sleep=0 local26=0000
[  83.142]   [header-byte] write $ffa517 = 10 mask=00ff (pc=018446)
[  83.627]   [header-byte] write $ffa517 = 11 mask=00ff (pc=018446)
[  84.108] heartbeat frame=5040 tx=6106 rx=2842 fc=1 fd=10 fe=1 linkflag=82 pc=000288 a502=00 a524=0000 a525=00 a170=87 a17f=00 txtail=00da rxpend=0000
[  84.108] [transport] captured=6106 flushed=6106 received=2842 accepted=499 payload2=308 payload3=6 payload4=20 payload5=25 pump_reads=5511 bursts=1201 txcredit=0 outq=0 inq=0 watchdog=28 txseq=b1 rxseq=f3 rxcredit=0 protection=00 checks=0000
[  84.108] [epochs] local=1 peer=1 ready=true discarded_rx=0
[  84.108] [tcb-continuations] ffa580=ff80->018392 sleep=0 local26=7710 ffa5c0=ff80->01853c sleep=0 local26=0d00 ffd040=ff80->026a46 sleep=28 local26=0007 ffd100=ff80->026e10 sleep=0 local26=00ad ffd140=ff80->027146 sleep=0 local26=0005 ffd180=ff80->027146 sleep=0 local26=0005 ffd1c0=ff80->027146 sleep=0 local26=0005 ffd200=ff80->027146 sleep=0 local26=0005 ffd240=ff80->027146 sleep=0 local26=0005 ffd280=ff80->027146 sleep=0 local26=0005 ffd2c0=ff80->027260 sleep=0 local26=0000 ffd300=ff80->027278 sleep=0 local26=0000 ffd340=ff80->027278 sleep=0 local26=0000 ffd380=ff80->026e8c sleep=0 local26=0000
[  84.127]   [header-byte] write $ffa517 = 11 mask=00ff (pc=018446)
[  84.628]   [header-byte] write $ffa517 = 11 mask=00ff (pc=018446)
[  85.110] heartbeat frame=5100 tx=6109 rx=2848 fc=1 fd=10 fe=1 linkflag=82 pc=00028a a502=00 a524=0000 a525=00 a170=87 a17f=00 txtail=00dd rxpend=0000
[  85.110] [transport] captured=6109 flushed=6109 received=2848 accepted=501 payload2=308 payload3=6 payload4=20 payload5=25 pump_reads=5573 bursts=1202 txcredit=0 outq=0 inq=0 watchdog=12 txseq=b2 rxseq=f5 rxcredit=0 protection=00 checks=0000
[  85.110] [epochs] local=1 peer=1 ready=true discarded_rx=0
[  85.110] [game-state] a142=02 a13e=01 a13f=01 a530=5310 a506=03 a507=00 a508=00 a7b0=3822 a7a6=4323 script=01a1ac
[  85.110] [tcb-continuations] ffa580=ff80->018392 sleep=0 local26=7710 ffa5c0=ff80->01853c sleep=0 local26=1b00 ffd100=ffc0->00839a sleep=0 local26=0000 ffd140=ff80->0155b2 sleep=0 local26=0000 ffd180=ff80->0155b4 sleep=0 local26=0000 ffd1c0=ff80->0155ea sleep=0 local26=0168 ffd200=ff80->0156b2 sleep=0 local26=0000
[  85.127]   [header-byte] write $ffa517 = 11 mask=00ff (pc=018446)
[  85.628]   [header-byte] write $ffa517 = 11 mask=00ff (pc=018446)
[  86.092] [attack-state] address=ffa7f0 data=0000 mask=ffff pc=004da4 protection=00
[  86.092] [attack-state] address=ffa7f4 data=0000 mask=ffff pc=004daa protection=00
[  86.092] [attack-state] address=ffa7f8 data=0000 mask=ffff pc=004db0 protection=00
[  86.092] [attack-state] address=ffa7fc data=0000 mask=ffff pc=004db6 protection=00
[  86.111] heartbeat frame=5160 tx=6115 rx=2854 fc=1 fd=10 fe=1 linkflag=82 pc=001ee0 a502=00 a524=0000 a525=00 a170=87 a17f=00 txtail=00e3 rxpend=0000
[  86.111] [transport] captured=6115 flushed=6115 received=2854 accepted=503 payload2=308 payload3=6 payload4=20 payload5=25 pump_reads=5635 bursts=1204 txcredit=0 outq=0 inq=0 watchdog=26 txseq=b4 rxseq=f7 rxcredit=0 protection=00 checks=0000
[  86.111] [epochs] local=1 peer=1 ready=true discarded_rx=0
[  86.111] [game-state] a142=02 a13e=01 a13f=01 a530=5310 a506=03 a507=00 a508=00 a7b0=0022 a7a6=4323 script=01a20a
[  86.111] [tcb-continuations] ffa580=ff80->018392 sleep=0 local26=7710 ffa5c0=ff80->01853c sleep=0 local26=1900 ffd040=ffc0->00ee50 sleep=0 local26=0000 ffd080=ffc0->004ea4 sleep=0 local26=0000 ffd0c0=ffc0->004ea4 sleep=0 local26=0000 ffd100=ffc0->00839a sleep=0 local26=0000 ffd140=ff80->006782 sleep=0 local26=0000 ffd180=ffc0->00f2ba sleep=0 local26=0000 ffd1c0=ffc0->00f1ca sleep=0 local26=0000 ffd200=ffc0->00f1ca sleep=0 local26=0000 ffd240=ffc0->00f634 sleep=0 local26=0000 ffd280=ffc0->0177ba sleep=0 local26=0008 ffd2c0=ffc0->017964 sleep=0 local26=0000 ffd300=ffc0->017ae2 sleep=0 local26=0005 ffd340=ffc0->017ae2 sleep=0 local26=0004 ffd380=ffc0->017ae2 sleep=0 local26=0003 ffd3c0=ffc0->017ae2 sleep=0 local26=0002 ffd400=ffc0->017ae2 sleep=0 local26=0001 ffd440=ffc0->017ae2 sleep=0 local26=0000
[  86.134]   [header-byte] write $ffa517 = 11 mask=00ff (pc=018446)
[  86.631]   [header-byte] write $ffa517 = 11 mask=00ff (pc=018446)
[  87.112] heartbeat frame=5220 tx=6121 rx=2860 fc=1 fd=10 fe=1 linkflag=82 pc=00028a a502=00 a524=0000 a525=00 a170=87 a17f=00 txtail=00e9 rxpend=0000
[  87.112] [transport] captured=6121 flushed=6121 received=2860 accepted=505 payload2=308 payload3=6 payload4=20 payload5=25 pump_reads=5697 bursts=1206 txcredit=0 outq=0 inq=0 watchdog=28 txseq=b6 rxseq=f9 rxcredit=0 protection=00 checks=0000
[  87.112] [epochs] local=1 peer=1 ready=true discarded_rx=0
[  87.112] [tcb-continuations] ffa580=ff80->018392 sleep=0 local26=7710 ffa5c0=ff80->01853c sleep=0 local26=1900 ffd040=ffc0->00ee50 sleep=0 local26=0000 ffd080=ffc0->004ea4 sleep=0 local26=0000 ffd0c0=ffc0->004ea4 sleep=0 local26=0000 ffd100=ffc0->00839a sleep=0 local26=0000 ffd140=ff80->006782 sleep=0 local26=0000 ffd180=ffc0->00f2ba sleep=0 local26=0000 ffd1c0=ffc0->00f1ca sleep=0 local26=0000 ffd200=ffc0->00f1ca sleep=0 local26=0000 ffd240=ffc0->00f634 sleep=0 local26=0000 ffd380=ffc0->017b04 sleep=0 local26=0003 ffd3c0=ffc0->017b04 sleep=0 local26=0002
[  87.148]   [header-byte] write $ffa517 = 11 mask=00ff (pc=018446)
[  87.331] [game-command] data=7878 mask=ff00 pc=007ffa requests=00
[  87.465] [game-command] data=f8f8 mask=ff00 pc=008022 requests=04
[  87.649]   [header-byte] write $ffa517 = 11 mask=00ff (pc=018446)
[  88.113] heartbeat frame=5280 tx=6172 rx=2866 fc=1 fd=10 fe=1 linkflag=82 pc=00028a a502=00 a524=0000 a525=00 a170=87 a17f=00 txtail=001c rxpend=0000
[  88.113] [transport] captured=6172 flushed=6172 received=2866 accepted=507 payload2=308 payload3=6 payload4=20 payload5=25 pump_reads=5759 bursts=1217 txcredit=0 outq=0 inq=0 watchdog=27 txseq=c1 rxseq=fb rxcredit=0 protection=00 checks=0000
[  88.113] [epochs] local=1 peer=1 ready=true discarded_rx=0
[  88.113] [game-state] a142=02 a13e=01 a13f=01 a530=f810 a506=03 a507=00 a508=00 a7b0=0022 a7a6=4323 script=01a20a
[  88.113] [tcb-continuations] ffa580=ff80->018392 sleep=0 local26=7710 ffa5c0=ff80->01853c sleep=0 local26=0800 ffd040=ffc0->00ee8a sleep=0 local26=0000 ffd080=ffc0->00504e sleep=0 local26=2000 ffd0c0=ffc0->00504e sleep=0 local26=2000 ffd100=ffc0->008082 sleep=0 local26=0314 ffd140=ff80->006782 sleep=0 local26=0000 ffd180=ffc0->00f2e4 sleep=0 local26=3700 ffd1c0=ffc0->00f1e0 sleep=0 local26=0000 ffd200=ffc0->00f1e0 sleep=0 local26=0000 ffd240=ffc0->00f982 sleep=0 local26=0120 ffd280=ff80->00f86c sleep=0 local26=0000 ffd2c0=ff80->00f81c sleep=0 local26=0000 ffd300=ff80->0079d4 sleep=0 local26=0001 ffd340=ff80->007dfc sleep=0 local26=0000 ffd380=ff80->007944 sleep=0 local26=0000 ffd3c0=ff80->007d70 sleep=0 local26=0000 ffe180=ff00->008362 sleep=0 local26=ffed ffe1c0=ff00->008362 sleep=0 local26=ffed ffe200=ff00->008362 sleep=0 local26=ffed ffe240=ff00->008362 sleep=0 local26=ffed ffe280=ff00->008362 sleep=0 local26=ffed ffe2c0=ff00->008362 sleep=0 local26=ffed ffe300=ff00->008362 sleep=0 local26=ffed ffe340=ff00->008362 sleep=0 local26=ffed ffe380=ff00->008362 sleep=0 local26=ffed ffe3c0=ff00->008362 sleep=0 local26=ffed ffe400=ff00->008362 sleep=0 local26=ffed ffe440=ff00->008362 sleep=0 local26=ffed ffe480=ff00->008362 sleep=0 local26=ffed ffe4c0=ff00->008362 sleep=0 local26=ffed ffe500=ff00->008362 sleep=0 local26=ffed ffe540=ff00->008362 sleep=0 local26=ffed ffe580=ff00->008362 sleep=0 local26=ffed ffe5c0=ff00->008362 sleep=0 local26=ffed ffe600=ff00->008362 sleep=0 local26=ffed
[  88.150]   [header-byte] write $ffa517 = 11 mask=00ff (pc=018446)
[  88.516] [attack-state] address=ffa7e0 data=8080 mask=ff00 pc=0050ce protection=00
[  88.653]   [header-byte] write $ffa517 = 11 mask=00ff (pc=018446)
[  89.115] heartbeat frame=5340 tx=6178 rx=2872 fc=1 fd=10 fe=1 linkflag=82 pc=000288 a502=00 a524=0000 a525=00 a170=87 a17f=00 txtail=0022 rxpend=0000
[  89.115] [transport] captured=6178 flushed=6178 received=2872 accepted=509 payload2=308 payload3=6 payload4=20 payload5=25 pump_reads=5821 bursts=1219 txcredit=0 outq=0 inq=0 watchdog=27 txseq=c3 rxseq=fd rxcredit=0 protection=00 checks=0000
[  89.115] [epochs] local=1 peer=1 ready=true discarded_rx=0
[  89.115] [tcb-continuations] ffa580=ff80->018392 sleep=0 local26=7710 ffa5c0=ff80->01853c sleep=0 local26=0800 ffd040=ffc0->00ee8a sleep=0 local26=0000 ffd080=ffc0->00504e sleep=0 local26=1e00 ffd0c0=ffc0->00504e sleep=0 local26=5c00 ffd100=ffc0->008082 sleep=0 local26=0214 ffd140=ff80->006782 sleep=0 local26=0000 ffd180=ffc0->00f2e4 sleep=0 local26=7300 ffd1c0=ffc0->00f1e0 sleep=0 local26=0000 ffd200=ffc0->00f1e0 sleep=0 local26=0000 ffd240=ffc0->00f982 sleep=0 local26=0120 ffd280=ff80->00f86c sleep=0 local26=0000 ffd2c0=ff80->00f81c sleep=0 local26=0000 ffd380=ff80->007944 sleep=0 local26=0000 ffd3c0=ff80->007d70 sleep=0 local26=0000 ffd400=ff80->007944 sleep=0 local26=0000 ffd440=ff80->007d70 sleep=0 local26=0000
[  89.151]   [header-byte] write $ffa517 = 11 mask=00ff (pc=018446)
[  89.651]   [header-byte] write $ffa517 = 11 mask=00ff (pc=018446)
[  90.116] heartbeat frame=5400 tx=6184 rx=2878 fc=1 fd=10 fe=1 linkflag=82 pc=00028a a502=00 a524=0000 a525=00 a170=87 a17f=00 txtail=0028 rxpend=0000
[  90.116] [transport] captured=6184 flushed=6184 received=2878 accepted=511 payload2=308 payload3=6 payload4=20 payload5=25 pump_reads=5883 bursts=1221 txcredit=0 outq=0 inq=0 watchdog=27 txseq=c5 rxseq=ff rxcredit=0 protection=00 checks=0000
[  90.116] [epochs] local=1 peer=1 ready=true discarded_rx=0
[  90.116] [tcb-continuations] ffa580=ff80->018392 sleep=0 local26=7710 ffa5c0=ff80->01853c sleep=0 local26=0800 ffd040=ffc0->00ee8a sleep=0 local26=0000 ffd080=ffc0->00504e sleep=0 local26=5a00 ffd0c0=ffc0->00504e sleep=0 local26=2900 ffd100=ffc0->008082 sleep=0 local26=0114 ffd140=ff80->006782 sleep=0 local26=0000 ffd180=ffc0->00f2e4 sleep=0 local26=af00 ffd1c0=ffc0->00f1e0 sleep=0 local26=0000 ffd200=ffc0->00f1e0 sleep=0 local26=0000 ffd240=ffc0->00f982 sleep=0 local26=0120 ffd280=ff80->00f86c sleep=0 local26=0000 ffd2c0=ff80->00f81c sleep=0 local26=0000 ffd380=ff80->007944 sleep=0 local26=0000 ffd3c0=ff80->007d70 sleep=0 local26=0000 ffd400=ff80->007944 sleep=0 local26=0000 ffd440=ff80->007d70 sleep=0 local26=0000
[  90.569]   [header-byte] write $ffa517 = 11 mask=00ff (pc=018446)
[  91.069]   [header-byte] write $ffa517 = 11 mask=00ff (pc=018446)
[  91.117] heartbeat frame=5460 tx=6190 rx=2884 fc=1 fd=10 fe=1 linkflag=82 pc=00028a a502=00 a524=0000 a525=00 a170=87 a17f=00 txtail=002e rxpend=0000
[  91.117] [transport] captured=6190 flushed=6190 received=2884 accepted=513 payload2=308 payload3=6 payload4=20 payload5=25 pump_reads=5945 bursts=1223 txcredit=0 outq=0 inq=0 watchdog=2 txseq=c7 rxseq=01 rxcredit=0 protection=00 checks=0000
[  91.117] [epochs] local=1 peer=1 ready=true discarded_rx=0
[  91.117] [tcb-continuations] ffa580=ff80->018392 sleep=0 local26=7710 ffa5c0=ff80->01853c sleep=0 local26=0800 ffd040=ffc0->00ee8a sleep=0 local26=0000 ffd080=ffc0->00504e sleep=0 local26=9600 ffd0c0=ffc0->00504e sleep=0 local26=6500 ffd100=ffc0->008082 sleep=0 local26=0014 ffd140=ff80->006782 sleep=0 local26=0000 ffd180=ffc0->00f2e4 sleep=0 local26=eb00 ffd1c0=ffc0->00f1e0 sleep=0 local26=0000 ffd200=ffc0->00f1e0 sleep=0 local26=0000 ffd240=ffc0->00f982 sleep=0 local26=0120 ffd280=ff80->00f86c sleep=0 local26=0000 ffd2c0=ff80->00f81c sleep=0 local26=0000 ffd380=ff80->007944 sleep=0 local26=0000 ffd3c0=ff80->007d70 sleep=0 local26=0000 ffd400=ff80->007944 sleep=0 local26=0000 ffd440=ff80->007d70 sleep=0 local26=0000
[  91.770] [attack-state] address=ffa7e4 data=8080 mask=ff00 pc=0050ce protection=00
[  91.821]   [header-byte] write $ffa517 = 11 mask=00ff (pc=018446)
[  92.119] heartbeat frame=5520 tx=6196 rx=2887 fc=1 fd=10 fe=1 linkflag=82 pc=000288 a502=00 a524=0000 a525=00 a170=87 a17f=00 txtail=0034 rxpend=0000
[  92.119] [transport] captured=6196 flushed=6196 received=2887 accepted=514 payload2=308 payload3=6 payload4=20 payload5=25 pump_reads=6006 bursts=1225 txcredit=0 outq=0 inq=0 watchdog=17 txseq=c9 rxseq=02 rxcredit=0 protection=00 checks=0000
[  92.119] [epochs] local=1 peer=1 ready=true discarded_rx=0
[  92.119] [tcb-continuations] ffa580=ff80->018392 sleep=0 local26=7710 ffa5c0=ff80->01853c sleep=0 local26=0800 ffd040=ffc0->00ee8a sleep=0 local26=0000 ffd080=ffc0->00504e sleep=0 local26=d200 ffd0c0=ffc0->00504e sleep=0 local26=0f00 ffd100=ffc0->008082 sleep=0 local26=0014 ffd140=ff80->006782 sleep=0 local26=0000 ffd180=ffc0->00f2e4 sleep=0 local26=2700 ffd1c0=ffc0->00f1e0 sleep=0 local26=0000 ffd200=ffc0->00f1e0 sleep=0 local26=0000 ffd240=ffc0->00f982 sleep=0 local26=0120 ffd280=ff80->00f86c sleep=0 local26=0000 ffd2c0=ff80->00f81c sleep=0 local26=0000 ffd300=ff80->007944 sleep=0 local26=0000 ffd340=ff80->007d70 sleep=0 local26=0000 ffd380=ff00->007a24 sleep=0 local26=0301 ffd3c0=ff00->007a24 sleep=0 local26=0300 ffd400=ff00->0079fe sleep=9 local26=0001 ffd440=ff80->007dfc sleep=0 local26=0000
[  92.321]   [header-byte] write $ffa517 = 11 mask=00ff (pc=018446)
[  93.120] heartbeat frame=5580 tx=6202 rx=2890 fc=1 fd=10 fe=1 linkflag=82 pc=00028a a502=00 a524=0000 a525=00 a170=87 a17f=00 txtail=003a rxpend=0000
[  93.120] [transport] captured=6202 flushed=6202 received=2890 accepted=515 payload2=308 payload3=6 payload4=20 payload5=25 pump_reads=6067 bursts=1227 txcredit=0 outq=0 inq=0 watchdog=47 txseq=cb rxseq=03 rxcredit=3 protection=00 checks=0000
[  93.120] [epochs] local=1 peer=1 ready=true discarded_rx=0
[  93.120] [tcb-continuations] ffa580=ff80->018392 sleep=0 local26=7710 ffa5c0=ff80->01853c sleep=0 local26=0800 ffd040=ffc0->00ee8a sleep=0 local26=0000 ffd080=ffc0->00504e sleep=0 local26=2500 ffd0c0=ffc0->00504e sleep=0 local26=4b00 ffd100=ffc0->008082 sleep=0 local26=02ff ffd140=ff80->006782 sleep=0 local26=0000 ffd180=ffc0->00f2e4 sleep=0 local26=6300 ffd1c0=ffc0->00f1e0 sleep=0 local26=0000 ffd200=ffc0->00f1e0 sleep=0 local26=0000 ffd240=ffc0->00f982 sleep=0 local26=0120 ffd280=ff80->00f86c sleep=0 local26=0000 ffd2c0=ff80->00f81c sleep=0 local26=0000 ffd300=ff80->007944 sleep=0 local26=0000 ffd340=ff80->007d70 sleep=0 local26=0000 ffd380=ff80->007944 sleep=0 local26=0000 ffd3c0=ff80->007d70 sleep=0 local26=0000
[  93.122]   [header-byte] write $ffa517 = 11 mask=00ff (pc=018446)
[  93.874]   [header-byte] write $ffa517 = 11 mask=00ff (pc=018446)
[  94.121] heartbeat frame=5640 tx=6208 rx=2896 fc=1 fd=10 fe=1 linkflag=82 pc=000288 a502=00 a524=0000 a525=00 a170=87 a17f=00 txtail=0040 rxpend=0000
[  94.121] [transport] captured=6208 flushed=6208 received=2896 accepted=517 payload2=308 payload3=6 payload4=20 payload5=25 pump_reads=6129 bursts=1229 txcredit=0 outq=0 inq=0 watchdog=14 txseq=cd rxseq=05 rxcredit=0 protection=00 checks=0000
[  94.121] [epochs] local=1 peer=1 ready=true discarded_rx=0
[  94.121] [tcb-continuations] ffa580=ff80->018392 sleep=0 local26=7710 ffa5c0=ff80->01853c sleep=0 local26=0800 ffd040=ffc0->00ee8a sleep=0 local26=0000 ffd080=ffc0->00508e sleep=0 local26=0000 ffd0c0=ffc0->00504e sleep=0 local26=2400 ffd100=ffc0->008082 sleep=0 local26=01ff ffd140=ff80->006782 sleep=0 local26=0000 ffd180=ffc0->00f2e4 sleep=0 local26=9f00 ffd1c0=ffc0->00f1e0 sleep=0 local26=0000 ffd200=ffc0->00f1e0 sleep=0 local26=0000 ffd240=ffc0->00f982 sleep=0 local26=0120 ffd280=ff80->00f86c sleep=0 local26=0000 ffd2c0=ff80->00f81c sleep=0 local26=0000 ffd300=ff80->007944 sleep=0 local26=0000 ffd340=ff80->007d70 sleep=0 local26=0000 ffd380=ff00->0079fe sleep=22 local26=0001 ffd3c0=ff00->0079fe sleep=22 local26=0000
[  94.374]   [header-byte] write $ffa517 = 11 mask=00ff (pc=018446)
[  94.875]   [header-byte] write $ffa517 = 11 mask=00ff (pc=018446)
[  95.122] heartbeat frame=5700 tx=6214 rx=2902 fc=1 fd=10 fe=1 linkflag=82 pc=000288 a502=00 a524=0000 a525=00 a170=87 a17f=00 txtail=0046 rxpend=0000
[  95.122] [transport] captured=6214 flushed=6214 received=2902 accepted=519 payload2=308 payload3=6 payload4=20 payload5=25 pump_reads=6191 bursts=1231 txcredit=0 outq=0 inq=0 watchdog=14 txseq=cf rxseq=07 rxcredit=0 protection=00 checks=0000
[  95.122] [epochs] local=1 peer=1 ready=true discarded_rx=0
[  95.122] [tcb-continuations] ffa580=ff80->018392 sleep=0 local26=7710 ffa5c0=ff80->01853c sleep=0 local26=0800 ffd040=ffc0->00ee8a sleep=0 local26=0000 ffd080=ffc0->00504e sleep=0 local26=2800 ffd0c0=ffc0->00504e sleep=0 local26=0280 ffd100=ffc0->008082 sleep=0 local26=00ff ffd140=ff80->006782 sleep=0 local26=0000 ffd180=ffc0->00f2e4 sleep=0 local26=db00 ffd1c0=ffc0->00f1e0 sleep=0 local26=0000 ffd200=ffc0->00f1e0 sleep=0 local26=0000 ffd240=ffc0->00f982 sleep=0 local26=0120 ffd280=ff80->00f86c sleep=0 local26=0000 ffd2c0=ff80->00f81c sleep=0 local26=0000 ffd300=ff80->007944 sleep=0 local26=0000 ffd340=ff80->007d70 sleep=0 local26=0000 ffd400=ff80->007944 sleep=0 local26=0000 ffd440=ff80->007d70 sleep=0 local26=0000
[  95.676]   [header-byte] write $ffa517 = 11 mask=00ff (pc=018446)
[  96.124] heartbeat frame=5760 tx=6220 rx=2905 fc=1 fd=10 fe=1 linkflag=82 pc=00028a a502=00 a524=0000 a525=00 a170=87 a17f=00 txtail=004c rxpend=0000
[  96.124] [transport] captured=6220 flushed=6220 received=2905 accepted=520 payload2=308 payload3=6 payload4=20 payload5=25 pump_reads=6252 bursts=1233 txcredit=0 outq=0 inq=0 watchdog=26 txseq=d1 rxseq=08 rxcredit=0 protection=00 checks=0000
[  96.124] [epochs] local=1 peer=1 ready=true discarded_rx=0
[  96.124] [tcb-continuations] ffa580=ff80->018392 sleep=0 local26=7710 ffa5c0=ff80->01853c sleep=0 local26=0800 ffd040=ffc0->00ee8a sleep=0 local26=0000 ffd080=ffc0->004f7e sleep=0 local26=0000 ffd0c0=ffc0->005082 sleep=0 local26=3900 ffd100=ffc0->008082 sleep=0 local26=0307 ffd140=ff80->006782 sleep=0 local26=0000 ffd180=ffc0->00f2e4 sleep=0 local26=1700 ffd1c0=ffc0->00f1e0 sleep=0 local26=0000 ffd200=ffc0->00f1e0 sleep=0 local26=0000 ffd240=ffc0->00f982 sleep=0 local26=0120 ffd280=ff80->00f86c sleep=0 local26=0000 ffd2c0=ff80->00f81c sleep=0 local26=0000 ffd300=ff00->0079fe sleep=23 local26=0001 ffd340=ff00->0079fe sleep=15 local26=0000 ffd400=ff00->0079fe sleep=7 local26=0001 ffd440=ff00->0079fe sleep=5 local26=0000
[  96.176]   [header-byte] write $ffa517 = 11 mask=00ff (pc=018446)
[  96.677]   [header-byte] write $ffa517 = 11 mask=00ff (pc=018446)
[  97.125] heartbeat frame=5820 tx=6226 rx=2911 fc=1 fd=10 fe=1 linkflag=82 pc=00028a a502=00 a524=0000 a525=00 a170=87 a17f=00 txtail=0052 rxpend=0000
[  97.125] [transport] captured=6226 flushed=6226 received=2911 accepted=522 payload2=308 payload3=6 payload4=20 payload5=25 pump_reads=6314 bursts=1235 txcredit=0 outq=0 inq=0 watchdog=26 txseq=d3 rxseq=0a rxcredit=0 protection=00 checks=0000
[  97.125] [epochs] local=1 peer=1 ready=true discarded_rx=0
[  97.125] [tcb-continuations] ffa580=ff80->018392 sleep=0 local26=7710 ffa5c0=ff80->01853c sleep=0 local26=0800 ffd040=ffc0->00ee8a sleep=0 local26=0000 ffd080=ffc0->00504e sleep=0 local26=3700 ffd0c0=ffc0->00504e sleep=0 local26=2700 ffd100=ffc0->008082 sleep=0 local26=0207 ffd140=ff80->006782 sleep=0 local26=0000 ffd180=ffc0->00f2e4 sleep=0 local26=5300 ffd1c0=ffc0->00f1e0 sleep=0 local26=0000 ffd200=ffc0->00f1e0 sleep=0 local26=0000 ffd240=ffc0->00f982 sleep=0 local26=0120 ffd280=ff80->00f86c sleep=0 local26=0000 ffd2c0=ff80->00f81c sleep=0 local26=0000 ffd380=ff80->007944 sleep=0 local26=0000 ffd3c0=ff80->007d70 sleep=0 local26=0000 ffd480=ff80->007944 sleep=0 local26=0000 ffd4c0=ff80->007d70 sleep=0 local26=0000
[  97.177]   [header-byte] write $ffa517 = 11 mask=00ff (pc=018446)
[  97.678]   [header-byte] write $ffa517 = 11 mask=00ff (pc=018446)
[  98.126] heartbeat frame=5880 tx=6232 rx=2917 fc=1 fd=10 fe=1 linkflag=82 pc=00028a a502=00 a524=0000 a525=00 a170=87 a17f=00 txtail=0058 rxpend=0000
[  98.126] [transport] captured=6232 flushed=6232 received=2917 accepted=524 payload2=308 payload3=6 payload4=20 payload5=25 pump_reads=6376 bursts=1237 txcredit=0 outq=0 inq=0 watchdog=26 txseq=d5 rxseq=0c rxcredit=0 protection=00 checks=0000
[  98.126] [epochs] local=1 peer=1 ready=true discarded_rx=0
[  98.126] [tcb-continuations] ffa580=ff80->018392 sleep=0 local26=7710 ffa5c0=ff80->01853c sleep=0 local26=0800 ffd040=ffc0->00ee8a sleep=0 local26=0000 ffd080=ffc0->00504e sleep=0 local26=0800 ffd0c0=ffc0->00504e sleep=0 local26=6300 ffd100=ffc0->008082 sleep=0 local26=0107 ffd140=ff80->006782 sleep=0 local26=0000 ffd180=ffc0->00f2e4 sleep=0 local26=8f00 ffd1c0=ffc0->00f1e0 sleep=0 local26=0000 ffd200=ffc0->00f1e0 sleep=0 local26=0000 ffd240=ffc0->00f982 sleep=0 local26=0120 ffd280=ff80->00f86c sleep=0 local26=0000 ffd2c0=ff80->00f81c sleep=0 local26=0000 ffd300=ff80->007944 sleep=0 local26=0000 ffd340=ff80->007d70 sleep=0 local26=0000 ffd380=ff00->007a24 sleep=0 local26=0501 ffd3c0=ff00->007a24 sleep=0 local26=0500 ffd480=ff80->007944 sleep=0 local26=0000 ffd4c0=ff80->007d70 sleep=0 local26=0000 ffe000=ff00->0070c2 sleep=0 local26=4100
[  98.179]   [header-byte] write $ffa517 = 11 mask=00ff (pc=018446)
[  98.681]   [header-byte] write $ffa517 = 11 mask=00ff (pc=018446)
[  99.128] heartbeat frame=5940 tx=6238 rx=2923 fc=1 fd=10 fe=1 linkflag=82 pc=00028a a502=00 a524=0000 a525=00 a170=87 a17f=00 txtail=005e rxpend=0000
[  99.128] [transport] captured=6238 flushed=6238 received=2923 accepted=526 payload2=308 payload3=6 payload4=20 payload5=25 pump_reads=6438 bursts=1239 txcredit=0 outq=0 inq=0 watchdog=26 txseq=d7 rxseq=0e rxcredit=0 protection=00 checks=0000
[  99.128] [epochs] local=1 peer=1 ready=true discarded_rx=0
[  99.128] [tcb-continuations] ffa580=ff80->018392 sleep=0 local26=7710 ffa5c0=ff80->01853c sleep=0 local26=0800 ffd040=ffc0->00ee8a sleep=0 local26=0000 ffd080=ffc0->005096 sleep=0 local26=0000 ffd0c0=ffc0->00504e sleep=0 local26=2900 ffd100=ffc0->008082 sleep=0 local26=0007 ffd140=ff80->006782 sleep=0 local26=0000 ffd180=ffc0->00f2e4 sleep=0 local26=cb00 ffd1c0=ffc0->00f1e0 sleep=0 local26=0000 ffd200=ffc0->00f1e0 sleep=0 local26=0000 ffd240=ffc0->00f982 sleep=0 local26=0120 ffd280=ff80->00f86c sleep=0 local26=0000 ffd2c0=ff80->00f81c sleep=0 local26=0000 ffd300=ff00->0079fe sleep=21 local26=0001 ffd340=ff00->0079fe sleep=19 local26=0000 ffd480=ff80->007944 sleep=0 local26=0000 ffd4c0=ff80->007d70 sleep=0 local26=0000 ffe000=ff00->0070c2 sleep=0 local26=4100
[  99.430]   [header-byte] write $ffa517 = 11 mask=00ff (pc=018446)
[  99.931]   [header-byte] write $ffa517 = 11 mask=00ff (pc=018446)
[ 100.129] heartbeat frame=6000 tx=6244 rx=2929 fc=1 fd=10 fe=1 linkflag=82 pc=000288 a502=00 a524=0000 a525=00 a170=87 a17f=00 txtail=0064 rxpend=0000
[ 100.129] [transport] captured=6244 flushed=6244 received=2929 accepted=528 payload2=308 payload3=6 payload4=20 payload5=25 pump_reads=6500 bursts=1241 txcredit=0 outq=0 inq=0 watchdog=11 txseq=d9 rxseq=10 rxcredit=0 protection=00 checks=0000
[ 100.129] [epochs] local=1 peer=1 ready=true discarded_rx=0
[ 100.129] [tcb-continuations] ffa580=ff80->018392 sleep=0 local26=7710 ffa5c0=ff80->01853c sleep=0 local26=0800 ffd040=ffc0->00ee8a sleep=0 local26=0000 ffd080=ffc0->00504e sleep=0 local26=2900 ffd0c0=ffc0->00504e sleep=0 local26=6500 ffd100=ffc0->008082 sleep=0 local26=0007 ffd140=ff80->006782 sleep=0 local26=0000 ffd180=ffc0->00f2e4 sleep=0 local26=0700 ffd1c0=ffc0->00f1e0 sleep=0 local26=0000 ffd200=ffc0->00f1e0 sleep=0 local26=0000 ffd240=ffc0->00f982 sleep=0 local26=0120 ffd280=ff80->00f86c sleep=0 local26=0000 ffd2c0=ff80->00f81c sleep=0 local26=0000 ffd380=ff80->007944 sleep=0 local26=0000 ffd3c0=ff80->007d70 sleep=0 local26=0000 ffd480=ff80->007944 sleep=0 local26=0000 ffd4c0=ff80->007d70 sleep=0 local26=0000 ffe000=ff00->0070c2 sleep=0 local26=4100
[ 100.432]   [header-byte] write $ffa517 = 11 mask=00ff (pc=018446)
[ 100.932]   [header-byte] write $ffa517 = 11 mask=00ff (pc=018446)
[ 100.982] [protection-state] address=ffa024 data=7878 mask=ff00 pc=007848
[ 100.982] [garbage-calculation] protection=00 score=01e5 divisor=0078 task=ffd080 pc=00784e players=2 rule=01 split_remainder=00
[ 100.982] [attack-state] address=ffa7e2 data=0004 mask=ffff pc=007564 protection=00
[ 101.130] heartbeat frame=6060 tx=6250 rx=2935 fc=1 fd=10 fe=1 linkflag=82 pc=00028a a502=00 a524=0000 a525=00 a170=87 a17f=00 txtail=006a rxpend=0000
[ 101.130] [transport] captured=6250 flushed=6250 received=2935 accepted=530 payload2=308 payload3=6 payload4=20 payload5=25 pump_reads=6562 bursts=1243 txcredit=0 outq=0 inq=0 watchdog=11 txseq=db rxseq=12 rxcredit=0 protection=00 checks=0000
[ 101.130] [epochs] local=1 peer=1 ready=true discarded_rx=0
[ 101.130] [tcb-continuations] ffa580=ff80->018392 sleep=0 local26=7710 ffa5c0=ff80->01853c sleep=0 local26=0800 ffd040=ffc0->00ee8a sleep=0 local26=0000 ffd080=ffc0->00514e sleep=16 local26=0001 ffd0c0=ffc0->00504e sleep=0 local26=0700 ffd100=ffc0->008082 sleep=0 local26=01ff ffd140=ff80->006782 sleep=0 local26=0000 ffd180=ffc0->00f2e4 sleep=0 local26=4300 ffd1c0=ffc0->00f1e0 sleep=0 local26=0000 ffd200=ffc0->00f1e0 sleep=0 local26=0000 ffd240=ffc0->00f982 sleep=0 local26=0120 ffd280=ff80->00f86c sleep=0 local26=0000 ffd2c0=ff80->00f81c sleep=0 local26=0000 ffd300=ff80->009390 sleep=1 local26=0000 ffd340=ff00->009950 sleep=0 local26=002a ffd380=ff00->007a24 sleep=0 local26=0301 ffd3c0=ff00->007a24 sleep=0 local26=0200 ffd400=ff80->007944 sleep=0 local26=0000 ffd440=ff80->007d70 sleep=0 local26=0000 ffd480=ff00->007a24 sleep=0 local26=0501 ffd4c0=ff00->007a24 sleep=0 local26=0500 ffe000=ff00->0070c2 sleep=0 local26=4100 ffe040=ff00->009ac0 sleep=0 local26=0000 ffe080=ff00->009ac0 sleep=0 local26=0000 ffe0c0=ff00->009ac0 sleep=0 local26=0000 ffe100=ff00->009ac0 sleep=0 local26=0000 ffe140=ff00->009ac0 sleep=0 local26=0000 ffe180=ff00->009ac0 sleep=0 local26=0000 ffe1c0=ff00->009ac0 sleep=0 local26=0000 ffe200=ff00->009ac0 sleep=0 local26=0000 ffe240=ff00->009ac0 sleep=0 local26=0000 ffe280=ff00->009ac0 sleep=0 local26=0000 ffe2c0=ff00->009ac0 sleep=0 local26=0000 ffe300=ff00->009ac0 sleep=0 local26=0000 ffe340=ff00->009ac0 sleep=0 local26=0000 ffe380=ff00->009ac0 sleep=0 local26=0000 ffe3c0=ff00->009ac0 sleep=0 local26=0000 ffe400=ff00->009ac0 sleep=0 local26=0000 ffe440=ff00->009ab2 sleep=3 local26=0000 ffe480=ff00->009ab2 sleep=3 local26=0000 ffe4c0=ff00->009ab2 sleep=3 local26=0000 ffe500=ff00->009ab2 sleep=3 local26=0000
[ 101.433]   [header-byte] write $ffa517 = 11 mask=00ff (pc=018446)
[ 101.935]   [header-byte] write $ffa517 = 11 mask=00ff (pc=018446)
[ 102.132] heartbeat frame=6120 tx=6256 rx=2941 fc=1 fd=10 fe=1 linkflag=82 pc=000288 a502=00 a524=0000 a525=00 a170=87 a17f=00 txtail=0070 rxpend=0000
[ 102.132] [transport] captured=6256 flushed=6256 received=2941 accepted=532 payload2=308 payload3=6 payload4=20 payload5=25 pump_reads=6624 bursts=1245 txcredit=0 outq=0 inq=0 watchdog=11 txseq=dd rxseq=14 rxcredit=0 protection=00 checks=0000
[ 102.132] [epochs] local=1 peer=1 ready=true discarded_rx=0
[ 102.132] [tcb-continuations] ffa580=ff80->018392 sleep=0 local26=7710 ffa5c0=ff80->01853c sleep=0 local26=0800 ffd040=ffc0->00ee8a sleep=0 local26=0000 ffd080=ffc0->0050ba sleep=0 local26=0000 ffd0c0=ffc0->00504e sleep=0 local26=0080 ffd100=ffc0->008082 sleep=0 local26=0304 ffd140=ff80->006782 sleep=0 local26=0000 ffd180=ffc0->00f2e4 sleep=0 local26=7f00 ffd1c0=ffc0->00f1e0 sleep=0 local26=0000 ffd200=ffc0->00f1e0 sleep=0 local26=0000 ffd240=ffc0->00f982 sleep=0 local26=0120 ffd280=ff80->00f86c sleep=0 local26=0000 ffd2c0=ff80->00f81c sleep=0 local26=0000 ffd300=ff80->00962a sleep=0 local26=ffff ffd400=ff80->007944 sleep=0 local26=0000 ffd440=ff80->007d70 sleep=0 local26=0000 ffe000=ff00->0070c2 sleep=0 local26=4100 ffe640=ff00->0070c2 sleep=0 local26=2000
[ 102.435]   [header-byte] write $ffa517 = 11 mask=00ff (pc=018446)
[ 102.935]   [header-byte] write $ffa517 = 11 mask=00ff (pc=018446)
[ 103.133] heartbeat frame=6180 tx=6262 rx=2947 fc=1 fd=10 fe=1 linkflag=82 pc=00028a a502=00 a524=0000 a525=00 a170=87 a17f=00 txtail=0076 rxpend=0000
[ 103.133] [transport] captured=6262 flushed=6262 received=2947 accepted=534 payload2=308 payload3=6 payload4=20 payload5=25 pump_reads=6686 bursts=1247 txcredit=0 outq=0 inq=0 watchdog=11 txseq=df rxseq=16 rxcredit=0 protection=00 checks=0000
[ 103.133] [epochs] local=1 peer=1 ready=true discarded_rx=0
[ 103.133] [tcb-continuations] ffa580=ff80->018392 sleep=0 local26=7710 ffa5c0=ff80->01853c sleep=0 local26=0800 ffd040=ffc0->00ee8a sleep=0 local26=0000 ffd080=ffc0->00504e sleep=0 local26=3600 ffd0c0=ffc0->00504e sleep=0 local26=3500 ffd100=ffc0->008082 sleep=0 local26=0204 ffd140=ff80->006782 sleep=0 local26=0000 ffd180=ffc0->00f2e4 sleep=0 local26=bb00 ffd1c0=ffc0->00f1e0 sleep=0 local26=0000 ffd200=ffc0->00f1e0 sleep=0 local26=0000 ffd240=ffc0->00f982 sleep=0 local26=0120 ffd280=ff80->00f86c sleep=0 local26=0000 ffd2c0=ff80->00f81c sleep=0 local26=0000 ffd300=ff80->007944 sleep=0 local26=0000 ffd340=ff80->007d70 sleep=0 local26=0000 ffd400=ff80->007944 sleep=0 local26=0000 ffd440=ff80->007d70 sleep=0 local26=0000 ffe000=ff00->0070c2 sleep=0 local26=4100 ffe040=ff00->0070c2 sleep=0 local26=4c00
[ 103.436]   [header-byte] write $ffa517 = 11 mask=00ff (pc=018446)
[ 103.936]   [header-byte] write $ffa517 = 11 mask=00ff (pc=018446)
[ 104.134] heartbeat frame=6240 tx=6268 rx=2953 fc=1 fd=10 fe=1 linkflag=82 pc=00028a a502=00 a524=0000 a525=00 a170=87 a17f=00 txtail=007c rxpend=0000
[ 104.134] [transport] captured=6268 flushed=6268 received=2953 accepted=536 payload2=308 payload3=6 payload4=20 payload5=25 pump_reads=6748 bursts=1249 txcredit=0 outq=0 inq=0 watchdog=11 txseq=e1 rxseq=18 rxcredit=0 protection=00 checks=0000
[ 104.134] [epochs] local=1 peer=1 ready=true discarded_rx=0
[ 104.134] [tcb-continuations] ffa580=ff80->018392 sleep=0 local26=7710 ffa5c0=ff80->01853c sleep=0 local26=0800 ffd040=ffc0->00ee8a sleep=0 local26=0000 ffd080=ffc0->00504e sleep=0 local26=7200 ffd0c0=ffc0->00504e sleep=0 local26=2700 ffd100=ffc0->008082 sleep=0 local26=0204 ffd140=ff80->006782 sleep=0 local26=0000 ffd180=ffc0->00f2e4 sleep=0 local26=f700 ffd1c0=ffc0->00f1e0 sleep=0 local26=0000 ffd200=ffc0->00f1e0 sleep=0 local26=0000 ffd240=ffc0->00f982 sleep=0 local26=0120 ffd280=ff80->00f86c sleep=0 local26=0000 ffd2c0=ff80->00f81c sleep=0 local26=0000 ffd300=ff80->007944 sleep=0 local26=0000 ffd340=ff80->007d70 sleep=0 local26=0000 ffd400=ff80->007944 sleep=0 local26=0001 ffd440=ff80->007d70 sleep=0 local26=0000 ffe040=ff00->0070c2 sleep=0 local26=4c00
[ 104.437]   [header-byte] write $ffa517 = 11 mask=00ff (pc=018446)
[ 104.937]   [header-byte] write $ffa517 = 11 mask=00ff (pc=018446)
[ 105.135] heartbeat frame=6300 tx=6274 rx=2959 fc=1 fd=10 fe=1 linkflag=82 pc=00028a a502=00 a524=0000 a525=00 a170=87 a17f=00 txtail=0082 rxpend=0000
[ 105.135] [transport] captured=6274 flushed=6274 received=2959 accepted=538 payload2=308 payload3=6 payload4=20 payload5=25 pump_reads=6810 bursts=1251 txcredit=0 outq=0 inq=0 watchdog=11 txseq=e3 rxseq=1a rxcredit=0 protection=00 checks=0000
[ 105.135] [epochs] local=1 peer=1 ready=true discarded_rx=0
[ 105.135] [tcb-continuations] ffa580=ff80->018392 sleep=0 local26=7710 ffa5c0=ff80->01853c sleep=0 local26=0800 ffd040=ffc0->00ee8a sleep=0 local26=0000 ffd080=ffc0->00504e sleep=0 local26=ae00 ffd0c0=ffc0->004f7e sleep=0 local26=0000 ffd100=ffc0->008082 sleep=0 local26=0004 ffd140=ff80->006782 sleep=0 local26=0000 ffd180=ffc0->00f2e4 sleep=0 local26=3300 ffd1c0=ffc0->00f1e0 sleep=0 local26=0000 ffd200=ffc0->00f1e0 sleep=0 local26=0000 ffd240=ffc0->00f982 sleep=0 local26=0120 ffd280=ff80->00f86c sleep=0 local26=0000 ffd2c0=ff80->00f81c sleep=0 local26=0000 ffd300=ff80->007944 sleep=0 local26=0000 ffd340=ff80->007d70 sleep=0 local26=0000 ffd380=ff80->006c06 sleep=0 local26=0004 ffd3c0=ff80->006b6e sleep=0 local26=0000 ffd400=ff00->007a24 sleep=0 local26=0601 ffd440=ff00->007a24 sleep=0 local26=0400 ffd480=ff80->006b6e sleep=0 local26=0000 ffd4c0=ff80->006b6e sleep=0 local26=0000 ffd500=ff80->006b6e sleep=0 local26=0000 ffe040=ff00->0070c2 sleep=0 local26=4c00
[ 105.438]   [header-byte] write $ffa517 = 11 mask=00ff (pc=018446)
[ 105.939]   [header-byte] write $ffa517 = 11 mask=00ff (pc=018446)
[ 105.939] [packet-accepted] total=540 seq=1b flags=00 status=11 pc=01845e
[ 106.137] heartbeat frame=6360 tx=6280 rx=2965 fc=1 fd=10 fe=1 linkflag=82 pc=000288 a502=00 a524=0000 a525=00 a170=87 a17f=00 txtail=0088 rxpend=0000
[ 106.137] [transport] captured=6280 flushed=6280 received=2965 accepted=540 payload2=308 payload3=6 payload4=20 payload5=25 pump_reads=6872 bursts=1253 txcredit=0 outq=0 inq=0 watchdog=11 txseq=e5 rxseq=1c rxcredit=0 protection=00 checks=0000
[ 106.137] [epochs] local=1 peer=1 ready=true discarded_rx=0
[ 106.137] [tcb-continuations] ffa580=ff80->018392 sleep=0 local26=7710 ffa5c0=ff80->01853c sleep=0 local26=0800 ffd040=ffc0->00ee8a sleep=0 local26=0000 ffd080=ffc0->00504e sleep=0 local26=ea00 ffd0c0=ffc0->004f7e sleep=0 local26=0000 ffd100=ffc0->008082 sleep=0 local26=0004 ffd140=ff80->006782 sleep=0 local26=0000 ffd180=ffc0->00f2e4 sleep=0 local26=6f00 ffd1c0=ffc0->00f1e0 sleep=0 local26=0000 ffd200=ffc0->00f1e0 sleep=0 local26=0000 ffd240=ffc0->00f982 sleep=0 local26=0120 ffd280=ff80->00f86c sleep=0 local26=0000 ffd2c0=ff80->00f81c sleep=0 local26=0000 ffd300=ff80->007944 sleep=0 local26=0001 ffd340=ff80->007d70 sleep=0 local26=0000 ffd380=ff80->006c06 sleep=0 local26=0000 ffd3c0=ff00->0079fe sleep=5 local26=0000 ffd480=ff00->0079fe sleep=4 local26=0000 ffd4c0=ff00->0079fe sleep=11 local26=0000 ffd500=ff00->007a24 sleep=0 local26=0600 ffe000=ff00->0070c2 sleep=0 local26=4100 ffe040=ff00->0070c2 sleep=0 local26=4c00
[ 106.440]   [header-byte] write $ffa517 = 11 mask=00ff (pc=018446)
[ 106.942]   [header-byte] write $ffa517 = 11 mask=00ff (pc=018446)
[ 107.138] heartbeat frame=6420 tx=6286 rx=2971 fc=1 fd=10 fe=1 linkflag=82 pc=000288 a502=00 a524=0000 a525=00 a170=87 a17f=00 txtail=008e rxpend=0000
[ 107.138] [transport] captured=6286 flushed=6286 received=2971 accepted=542 payload2=308 payload3=6 payload4=20 payload5=25 pump_reads=6934 bursts=1255 txcredit=0 outq=0 inq=0 watchdog=11 txseq=e7 rxseq=1e rxcredit=0 protection=00 checks=0000
[ 107.138] [epochs] local=1 peer=1 ready=true discarded_rx=0
[ 107.138] [tcb-continuations] ffa580=ff80->018392 sleep=0 local26=7710 ffa5c0=ff80->01853c sleep=0 local26=0800 ffd040=ffc0->00ee8a sleep=0 local26=0000 ffd080=ffc0->00504e sleep=0 local26=0600 ffd0c0=ffc0->00504e sleep=0 local26=2f00 ffd100=ffc0->008082 sleep=0 local26=05ff ffd140=ff80->006782 sleep=0 local26=0000 ffd180=ffc0->00f2e4 sleep=0 local26=ab00 ffd1c0=ffc0->00f1e0 sleep=0 local26=0000 ffd200=ffc0->00f1e0 sleep=0 local26=0000 ffd240=ffc0->00f982 sleep=0 local26=0120 ffd280=ff80->00f86c sleep=0 local26=0000 ffd2c0=ff80->00f81c sleep=0 local26=0000 ffd300=ff00->007a24 sleep=0 local26=0601 ffd340=ff00->007a24 sleep=0 local26=0400 ffd380=ff80->007944 sleep=0 local26=0000 ffd3c0=ff80->007944 sleep=0 local26=0000 ffd400=ff80->007d70 sleep=0 local26=0000 ffd440=ff80->007d70 sleep=0 local26=0000 ffe040=ff00->0070c2 sleep=0 local26=4c00
[ 107.441]   [header-byte] write $ffa517 = 11 mask=00ff (pc=018446)
[ 107.942]   [header-byte] write $ffa517 = 11 mask=00ff (pc=018446)
[ 108.139] heartbeat frame=6480 tx=6292 rx=2977 fc=1 fd=10 fe=1 linkflag=82 pc=00028a a502=00 a524=0000 a525=00 a170=87 a17f=00 txtail=0094 rxpend=0000
[ 108.139] [transport] captured=6292 flushed=6292 received=2977 accepted=544 payload2=308 payload3=6 payload4=20 payload5=25 pump_reads=6996 bursts=1257 txcredit=0 outq=0 inq=0 watchdog=11 txseq=e9 rxseq=20 rxcredit=0 protection=00 checks=0000
[ 108.139] [epochs] local=1 peer=1 ready=true discarded_rx=0
[ 108.139] [tcb-continuations] ffa580=ff80->018392 sleep=0 local26=7710 ffa5c0=ff80->01853c sleep=0 local26=0800 ffd040=ffc0->00ee8a sleep=0 local26=0000 ffd080=ffc0->00504e sleep=0 local26=4200 ffd0c0=ffc0->00504e sleep=0 local26=1b00 ffd100=ffc0->008082 sleep=0 local26=0317 ffd140=ff80->006782 sleep=0 local26=0000 ffd180=ffc0->00f2e4 sleep=0 local26=e700 ffd1c0=ffc0->00f1e0 sleep=0 local26=0000 ffd200=ffc0->00f1e0 sleep=0 local26=0000 ffd240=ffc0->00f982 sleep=0 local26=0120 ffd280=ff80->00f86c sleep=0 local26=0000 ffd2c0=ff80->00f81c sleep=0 local26=0000 ffd380=ff80->007944 sleep=0 local26=0000 ffd3c0=ff80->007944 sleep=0 local26=0000 ffd400=ff80->007d70 sleep=0 local26=0000 ffd440=ff80->007d70 sleep=0 local26=0000
[ 108.442]   [header-byte] write $ffa517 = 11 mask=00ff (pc=018446)
[ 108.943]   [header-byte] write $ffa517 = 11 mask=00ff (pc=018446)
[ 109.141] heartbeat frame=6540 tx=6298 rx=2983 fc=1 fd=10 fe=1 linkflag=82 pc=00028a a502=00 a524=0000 a525=00 a170=87 a17f=00 txtail=009a rxpend=0000
[ 109.141] [transport] captured=6298 flushed=6298 received=2983 accepted=546 payload2=308 payload3=6 payload4=20 payload5=25 pump_reads=7058 bursts=1259 txcredit=0 outq=0 inq=0 watchdog=11 txseq=eb rxseq=22 rxcredit=0 protection=00 checks=0000
[ 109.141] [epochs] local=1 peer=1 ready=true discarded_rx=0
[ 109.141] [tcb-continuations] ffa580=ff80->018392 sleep=0 local26=7710 ffa5c0=ff80->01853c sleep=0 local26=0800 ffd040=ffc0->00ee8a sleep=0 local26=0000 ffd080=ffc0->00504e sleep=0 local26=7e00 ffd0c0=ffc0->00504e sleep=0 local26=0700 ffd100=ffc0->008082 sleep=0 local26=0317 ffd140=ff80->006782 sleep=0 local26=0000 ffd180=ffc0->00f2e4 sleep=0 local26=2300 ffd1c0=ffc0->00f1e0 sleep=0 local26=0000 ffd200=ffc0->00f1e0 sleep=0 local26=0000 ffd240=ffc0->00f982 sleep=0 local26=0120 ffd280=ff80->00f86c sleep=0 local26=0000 ffd2c0=ff80->00f81c sleep=0 local26=0000 ffd380=ff80->007944 sleep=0 local26=0000 ffd3c0=ff80->007944 sleep=0 local26=0000 ffd400=ff80->007d70 sleep=0 local26=0000 ffd440=ff80->007d70 sleep=0 local26=0000
[ 109.444]   [header-byte] write $ffa517 = 11 mask=00ff (pc=018446)
[ 109.944]   [header-byte] write $ffa517 = 11 mask=00ff (pc=018446)
[ 110.142] heartbeat frame=6600 tx=6304 rx=2989 fc=1 fd=10 fe=1 linkflag=82 pc=000288 a502=00 a524=0000 a525=00 a170=87 a17f=00 txtail=00a0 rxpend=0000
[ 110.142] [transport] captured=6304 flushed=6304 received=2989 accepted=548 payload2=308 payload3=6 payload4=20 payload5=25 pump_reads=7120 bursts=1261 txcredit=0 outq=0 inq=0 watchdog=11 txseq=ed rxseq=24 rxcredit=0 protection=00 checks=0000
[ 110.142] [epochs] local=1 peer=1 ready=true discarded_rx=0
[ 110.142] [tcb-continuations] ffa580=ff80->018392 sleep=0 local26=7710 ffa5c0=ff80->01853c sleep=0 local26=0800 ffd040=ffc0->00ee8a sleep=0 local26=0000 ffd080=ffc0->00504e sleep=0 local26=ba00 ffd0c0=ffc0->00504e sleep=0 local26=4300 ffd100=ffc0->008082 sleep=0 local26=0217 ffd140=ff80->006782 sleep=0 local26=0000 ffd180=ffc0->00f2e4 sleep=0 local26=5f00 ffd1c0=ffc0->00f1e0 sleep=0 local26=0000 ffd200=ffc0->00f1e0 sleep=0 local26=0000 ffd240=ffc0->00f982 sleep=0 local26=0120 ffd280=ff80->00f86c sleep=0 local26=0000 ffd2c0=ff80->00f81c sleep=0 local26=0000 ffd380=ff80->0079d4 sleep=0 local26=0001 ffd3c0=ff80->007944 sleep=0 local26=0001 ffd400=ff00->0079fe sleep=22 local26=0000 ffd440=ff80->007d70 sleep=0 local26=0000 ffe000=ff00->0070c2 sleep=0 local26=3600
[ 110.445]   [header-byte] write $ffa517 = 11 mask=00ff (pc=018446)
[ 110.945]   [header-byte] write $ffa517 = 11 mask=00ff (pc=018446)
[ 111.143] heartbeat frame=6660 tx=6310 rx=2995 fc=1 fd=10 fe=1 linkflag=82 pc=00028a a502=00 a524=0000 a525=00 a170=87 a17f=00 txtail=00a6 rxpend=0000
[ 111.143] [transport] captured=6310 flushed=6310 received=2995 accepted=550 payload2=308 payload3=6 payload4=20 payload5=25 pump_reads=7182 bursts=1263 txcredit=0 outq=0 inq=0 watchdog=11 txseq=ef rxseq=26 rxcredit=0 protection=00 checks=0000
[ 111.143] [epochs] local=1 peer=1 ready=true discarded_rx=0
[ 111.143] [tcb-continuations] ffa580=ff80->018392 sleep=0 local26=7710 ffa5c0=ff80->01853c sleep=0 local26=0800 ffd040=ffc0->00ee8a sleep=0 local26=0000 ffd080=ffc0->0050b6 sleep=9 local26=0000 ffd0c0=ffc0->00504e sleep=0 local26=2000 ffd100=ffc0->008082 sleep=0 local26=0217 ffd140=ff80->006782 sleep=0 local26=0000 ffd180=ffc0->00f2e4 sleep=0 local26=9b00 ffd1c0=ffc0->00f1e0 sleep=0 local26=0000 ffd200=ffc0->00f1e0 sleep=0 local26=0000 ffd240=ffc0->00f982 sleep=0 local26=0120 ffd280=ff80->00f86c sleep=0 local26=0000 ffd2c0=ff80->00f81c sleep=0 local26=0000 ffd300=ff80->007944 sleep=0 local26=0000 ffd340=ff80->007d70 sleep=0 local26=0000 ffd3c0=ff00->007a24 sleep=0 local26=0201 ffd440=ff00->0079fe sleep=17 local26=0000 ffe000=ff00->0070c2 sleep=0 local26=3600
[ 111.446]   [header-byte] write $ffa517 = 11 mask=00ff (pc=018446)
[ 111.948]   [header-byte] write $ffa517 = 11 mask=00ff (pc=018446)
[ 112.144] heartbeat frame=6720 tx=6316 rx=3001 fc=1 fd=10 fe=1 linkflag=82 pc=00028a a502=00 a524=0000 a525=00 a170=87 a17f=00 txtail=00ac rxpend=0000
[ 112.144] [transport] captured=6316 flushed=6316 received=3001 accepted=552 payload2=308 payload3=6 payload4=20 payload5=25 pump_reads=7244 bursts=1265 txcredit=0 outq=0 inq=0 watchdog=11 txseq=f1 rxseq=28 rxcredit=0 protection=00 checks=0000
[ 112.144] [epochs] local=1 peer=1 ready=true discarded_rx=0
[ 112.144] [tcb-continuations] ffa580=ff80->018392 sleep=0 local26=7710 ffa5c0=ff80->01853c sleep=0 local26=0800 ffd040=ffc0->00ee8a sleep=0 local26=0000 ffd080=ffc0->00504e sleep=0 local26=2d00 ffd0c0=ffc0->00504e sleep=0 local26=0200 ffd100=ffc0->008082 sleep=0 local26=0017 ffd140=ff80->006782 sleep=0 local26=0000 ffd180=ffc0->00f2e4 sleep=0 local26=d700 ffd1c0=ffc0->00f1e0 sleep=0 local26=0000 ffd200=ffc0->00f1e0 sleep=0 local26=0000 ffd240=ffc0->00f982 sleep=0 local26=0120 ffd280=ff80->00f86c sleep=0 local26=0000 ffd2c0=ff80->00f81c sleep=0 local26=0000 ffd300=ff80->007944 sleep=0 local26=0000 ffd340=ff80->007d70 sleep=0 local26=0000 ffd380=ff80->007944 sleep=0 local26=0000 ffd3c0=ff80->007d70 sleep=0 local26=0000
[ 112.447]   [header-byte] write $ffa517 = 11 mask=00ff (pc=018446)
[ 112.948]   [header-byte] write $ffa517 = 11 mask=00ff (pc=018446)
[ 113.146] heartbeat frame=6780 tx=6322 rx=3007 fc=1 fd=10 fe=1 linkflag=82 pc=000288 a502=00 a524=0000 a525=00 a170=87 a17f=00 txtail=00b2 rxpend=0000
[ 113.146] [transport] captured=6322 flushed=6322 received=3007 accepted=554 payload2=308 payload3=6 payload4=20 payload5=25 pump_reads=7306 bursts=1267 txcredit=0 outq=0 inq=0 watchdog=11 txseq=f3 rxseq=2a rxcredit=3 protection=00 checks=0000
[ 113.146] [epochs] local=1 peer=1 ready=true discarded_rx=0
[ 113.146] [tcb-continuations] ffa580=ff80->018392 sleep=0 local26=7710 ffa5c0=ff80->01853c sleep=0 local26=0800 ffd040=ffc0->00ee8a sleep=0 local26=0000 ffd080=ffc0->00504e sleep=0 local26=6900 ffd0c0=ffc0->00504e sleep=0 local26=3e00 ffd100=ffc0->008082 sleep=0 local26=0017 ffd140=ff80->006782 sleep=0 local26=0000 ffd180=ffc0->00f2e4 sleep=0 local26=1300 ffd1c0=ffc0->00f1e0 sleep=0 local26=0000 ffd200=ffc0->00f1e0 sleep=0 local26=0000 ffd240=ffc0->00f982 sleep=0 local26=0120 ffd280=ff80->00f86c sleep=0 local26=0000 ffd2c0=ff80->00f81c sleep=0 local26=0000 ffd300=ff80->007944 sleep=0 local26=0000 ffd340=ff80->007d70 sleep=0 local26=0000 ffd380=ff80->007944 sleep=0 local26=0000 ffd3c0=ff80->007d70 sleep=0 local26=0000
[ 113.148]   [header-byte] write $ffa517 = 10 mask=00ff (pc=018446)
[ 113.701]   [header-byte] write $ffa517 = 10 mask=00ff (pc=018446)
[ 114.147] heartbeat frame=6840 tx=6328 rx=3013 fc=1 fd=10 fe=1 linkflag=82 pc=000288 a502=00 a524=0000 a525=00 a170=87 a17f=00 txtail=00b8 rxpend=0000
[ 114.147] [transport] captured=6328 flushed=6328 received=3013 accepted=556 payload2=308 payload3=6 payload4=20 payload5=25 pump_reads=7368 bursts=1269 txcredit=0 outq=0 inq=0 watchdog=26 txseq=f5 rxseq=2c rxcredit=0 protection=00 checks=0000
[ 114.147] [epochs] local=1 peer=1 ready=true discarded_rx=0
[ 114.147] [tcb-continuations] ffa580=ff80->018392 sleep=0 local26=7710 ffa5c0=ff80->01853c sleep=0 local26=0800 ffd040=ffc0->00ee8a sleep=0 local26=0000 ffd080=ffc0->00504e sleep=0 local26=a500 ffd0c0=ffc0->005120 sleep=7 local26=0001 ffd100=ffc0->008082 sleep=0 local26=02ff ffd140=ff80->006782 sleep=0 local26=0000 ffd180=ffc0->00f2e4 sleep=0 local26=4f00 ffd1c0=ffc0->00f1e0 sleep=0 local26=0000 ffd200=ffc0->00f1e0 sleep=0 local26=0000 ffd240=ffc0->00f982 sleep=0 local26=0120 ffd280=ff80->00f86c sleep=0 local26=0000 ffd2c0=ff80->00f81c sleep=0 local26=0000 ffd300=ff00->0079fe sleep=1 local26=0001 ffd340=ff00->007a24 sleep=0 local26=0600 ffd380=ff80->0079d4 sleep=0 local26=0001 ffd3c0=ff00->0079fe sleep=21 local26=0000
[ 114.166]   [header-byte] write $ffa517 = 54 mask=00ff (pc=018446)
[ 114.267] [garbage-calculation] protection=00 score=00c6 divisor=0078 task=ffd0c0 pc=00784e players=2 rule=01 split_remainder=00
[ 114.267] [attack-state] address=ffa7e6 data=0001 mask=ffff pc=007564 protection=00
[ 114.285]   [header-byte] write $ffa517 = 11 mask=00ff (pc=018446)
[ 115.067]   [header-byte] write $ffa517 = 11 mask=00ff (pc=018446)
[ 115.148] heartbeat frame=6900 tx=6334 rx=3022 fc=1 fd=10 fe=1 linkflag=82 pc=000288 a502=00 a524=0000 a525=00 a170=87 a17f=00 txtail=00be rxpend=0000
[ 115.148] [transport] captured=6334 flushed=6334 received=3022 accepted=559 payload2=308 payload3=6 payload4=20 payload5=25 pump_reads=7431 bursts=1271 txcredit=0 outq=0 inq=0 watchdog=4 txseq=f7 rxseq=2f rxcredit=0 protection=00 checks=0000
[ 115.148] [epochs] local=1 peer=1 ready=true discarded_rx=0
[ 115.148] [tcb-continuations] ffa580=ff80->018392 sleep=0 local26=7710 ffa5c0=ff80->01853c sleep=0 local26=0800 ffd040=ffc0->00ee8a sleep=0 local26=0000 ffd080=ffc0->00504e sleep=0 local26=2100 ffd0c0=ffc0->00504e sleep=0 local26=0300 ffd100=ffc0->008082 sleep=0 local26=01ff ffd140=ff80->006782 sleep=0 local26=0000 ffd180=ffc0->00f2e4 sleep=0 local26=8b00 ffd1c0=ffc0->00f1e0 sleep=0 local26=0000 ffd200=ffc0->00f1e0 sleep=0 local26=0000 ffd240=ffc0->00f982 sleep=0 local26=0120 ffd280=ff80->00f86c sleep=0 local26=0000 ffd2c0=ff80->00f81c sleep=0 local26=0000 ffd300=ff80->007944 sleep=0 local26=0000 ffd340=ff80->007d70 sleep=0 local26=0000 ffd380=ff80->007944 sleep=0 local26=0000 ffd3c0=ff80->007d70 sleep=0 local26=0000 ffd400=ff80->00962a sleep=0 local26=ffff ffe000=ff00->0070c2 sleep=0 local26=4100
[ 115.570]   [header-byte] write $ffa517 = 11 mask=00ff (pc=018446)
[ 116.069]   [header-byte] write $ffa517 = 11 mask=00ff (pc=018446)
[ 116.150] heartbeat frame=6960 tx=6340 rx=3028 fc=1 fd=10 fe=1 linkflag=82 pc=00028a a502=00 a524=0000 a525=00 a170=87 a17f=00 txtail=00c4 rxpend=0000
[ 116.150] [transport] captured=6340 flushed=6340 received=3028 accepted=561 payload2=308 payload3=6 payload4=20 payload5=25 pump_reads=7493 bursts=1273 txcredit=0 outq=0 inq=0 watchdog=4 txseq=f9 rxseq=31 rxcredit=0 protection=00 checks=0000
[ 116.150] [epochs] local=1 peer=1 ready=true discarded_rx=0
[ 116.150] [tcb-continuations] ffa580=ff80->018392 sleep=0 local26=7710 ffa5c0=ff80->01853c sleep=0 local26=0800 ffd040=ffc0->00ee8a sleep=0 local26=0000 ffd080=ffc0->00504e sleep=0 local26=5d00 ffd0c0=ffc0->00504e sleep=0 local26=3f00 ffd100=ffc0->008082 sleep=0 local26=0311 ffd140=ff80->006782 sleep=0 local26=0000 ffd180=ffc0->00f2e4 sleep=0 local26=c700 ffd1c0=ffc0->00f1e0 sleep=0 local26=0000 ffd200=ffc0->00f1e0 sleep=0 local26=0000 ffd240=ffc0->00f982 sleep=0 local26=0120 ffd280=ff80->00f86c sleep=0 local26=0000 ffd2c0=ff80->00f81c sleep=0 local26=0000 ffd300=ff80->007944 sleep=0 local26=0001 ffd340=ff80->007d70 sleep=0 local26=0000 ffd380=ff80->007944 sleep=0 local26=0000 ffd3c0=ff80->007d70 sleep=0 local26=0000 ffe000=ff00->0070c2 sleep=0 local26=4100
[ 116.569]   [header-byte] write $ffa517 = 11 mask=00ff (pc=018446)
[ 117.070]   [header-byte] write $ffa517 = 11 mask=00ff (pc=018446)
[ 117.151] heartbeat frame=7020 tx=6346 rx=3034 fc=1 fd=10 fe=1 linkflag=82 pc=000288 a502=00 a524=0000 a525=00 a170=87 a17f=00 txtail=00ca rxpend=0000
[ 117.151] [transport] captured=6346 flushed=6346 received=3034 accepted=563 payload2=308 payload3=6 payload4=20 payload5=25 pump_reads=7555 bursts=1275 txcredit=0 outq=0 inq=0 watchdog=4 txseq=fb rxseq=33 rxcredit=0 protection=00 checks=0000
[ 117.151] [epochs] local=1 peer=1 ready=true discarded_rx=0
[ 117.151] [tcb-continuations] ffa580=ff80->018392 sleep=0 local26=7710 ffa5c0=ff80->01853c sleep=0 local26=0800 ffd040=ffc0->00ee8a sleep=0 local26=0000 ffd080=ffc0->004f7e sleep=0 local26=0000 ffd0c0=ffc0->00504e sleep=0 local26=1f00 ffd100=ffc0->008082 sleep=0 local26=0311 ffd140=ff80->006782 sleep=0 local26=0000 ffd180=ffc0->00f2e4 sleep=0 local26=0300 ffd1c0=ffc0->00f1e0 sleep=0 local26=0000 ffd200=ffc0->00f1e0 sleep=0 local26=0000 ffd240=ffc0->00f982 sleep=0 local26=0120 ffd280=ff80->00f86c sleep=0 local26=0000 ffd2c0=ff80->00f81c sleep=0 local26=0000 ffd300=ff00->007a24 sleep=0 local26=0101 ffd380=ff80->007944 sleep=0 local26=0000 ffd3c0=ff80->007d70 sleep=0 local26=0000 ffd400=ff80->006c06 sleep=0 local26=0001 ffd440=ff80->006b6e sleep=0 local26=0000 ffe040=ff00->0070c2 sleep=0 local26=3600
[ 117.571]   [header-byte] write $ffa517 = 11 mask=00ff (pc=018446)
[ 117.754]   [menu-state] write $ffa170 = 0000 mask=ff00 (pc=00bf34)
[ 117.754]   [header-byte] write $ffa513 = 00 mask=00ff (pc=01afe6)
[ 117.754]   [header-byte] write $ffa513 = 10 mask=00ff (pc=01affe)
[ 118.070]   [header-byte] write $ffa517 = 11 mask=00ff (pc=018446)
[ 118.152] heartbeat frame=7080 tx=6352 rx=3040 fc=1 fd=10 fe=1 linkflag=82 pc=000288 a502=00 a524=0000 a525=00 a170=00 a17f=00 txtail=00d0 rxpend=0000
[ 118.152] [transport] captured=6352 flushed=6352 received=3040 accepted=565 payload2=308 payload3=6 payload4=20 payload5=25 pump_reads=7617 bursts=1277 txcredit=0 outq=0 inq=0 watchdog=4 txseq=fd rxseq=35 rxcredit=0 protection=00 checks=0000
[ 118.152] [epochs] local=1 peer=1 ready=true discarded_rx=0
[ 118.152] [tcb-continuations] ffa580=ff80->018392 sleep=0 local26=7710 ffa5c0=ff80->01853c sleep=0 local26=1700 ffd080=ffc0->00bdcc sleep=0 local26=0006 ffd100=ffc0->008082 sleep=0 local26=0211 ffd140=ff80->006782 sleep=0 local26=0000 ffd180=ffc0->00f3cc sleep=0 local26=2700 ffd1c0=ffc0->00f1e0 sleep=0 local26=0400 ffd200=ffc0->00f1e0 sleep=0 local26=0400 ffd240=ffc0->00f982 sleep=0 local26=0120 ffd280=ff80->00f86c sleep=0 local26=0000 ffd2c0=ff80->00f81c sleep=0 local26=0400 ffd340=ff80->00cea4 sleep=12 local26=001a ffd400=ff80->00cec4 sleep=0 local26=001a ffd480=ff80->00cec4 sleep=0 local26=0018 ffd4c0=ff80->00cec4 sleep=0 local26=0817 ffd500=ff80->00cec4 sleep=0 local26=001a ffd540=ff80->00cea4 sleep=8 local26=001a ffd580=ff80->00449a sleep=0 local26=0000
[ 118.353] [protection-state] address=ffa020 data=2020 mask=ff00 pc=000948
[ 118.353] [protection-state] address=ffa020 data=2020 mask=00ff pc=000952
[ 118.369] [protection-state] address=ffa020 data=0000 mask=00ff pc=000952
[ 118.436] [protection-state] address=ffa020 data=0000 mask=ff00 pc=000948
[ 118.571]   [header-byte] write $ffa517 = 11 mask=00ff (pc=018446)
[ 119.072]   [header-byte] write $ffa517 = 11 mask=00ff (pc=018446)
[ 119.153] heartbeat frame=7140 tx=6358 rx=3046 fc=1 fd=10 fe=1 linkflag=82 pc=000288 a502=00 a524=0000 a525=00 a170=00 a17f=00 txtail=00d6 rxpend=0000
[ 119.153] [transport] captured=6358 flushed=6358 received=3046 accepted=567 payload2=308 payload3=6 payload4=20 payload5=25 pump_reads=7679 bursts=1279 txcredit=0 outq=0 inq=0 watchdog=4 txseq=ff rxseq=37 rxcredit=0 protection=00 checks=0000
[ 119.153] [epochs] local=1 peer=1 ready=true discarded_rx=0
[ 119.153] [tcb-continuations] ffa580=ff80->018392 sleep=0 local26=7710 ffa5c0=ff80->01853c sleep=0 local26=1700 ffd080=ffc0->00bdcc sleep=0 local26=0002 ffd100=ffc0->008082 sleep=0 local26=0111 ffd140=ff80->006782 sleep=0 local26=0000 ffd180=ffc0->00f3cc sleep=0 local26=2700 ffd1c0=ffc0->00f1e0 sleep=0 local26=0400 ffd200=ffc0->00f1e0 sleep=0 local26=0400 ffd240=ffc0->00f982 sleep=0 local26=0120 ffd280=ff80->00f86c sleep=0 local26=0000 ffd2c0=ff80->00f81c sleep=0 local26=0400 ffd300=ff00->00d00e sleep=0 local26=0000 ffd340=ff80->00cec4 sleep=0 local26=0809 ffd380=ff00->00d00e sleep=0 local26=0000 ffd3c0=ff00->00d00e sleep=0 local26=0000 ffd400=ff00->00d00e sleep=0 local26=0000 ffd540=ff80->00cec4 sleep=0 local26=0006 ffd580=ff80->00449a sleep=0 local26=0000 ffe000=ff00->00d00e sleep=0 local26=0003 ffe040=ff00->00d00e sleep=0 local26=0002 ffe080=ff00->00d00e sleep=0 local26=0001 ffe0c0=ff00->00d00e sleep=0 local26=0003 ffe100=ff00->00d00e sleep=0 local26=0002 ffe140=ff00->00d00e sleep=0 local26=0001 ffe180=ff00->00cfda sleep=0 local26=0303 ffe1c0=ff00->00d00e sleep=0 local26=0002 ffe200=ff00->00d00e sleep=0 local26=0001 ffe240=ff00->00cfda sleep=0 local26=0703 ffe280=ff00->00cfda sleep=0 local26=0302 ffe2c0=ff00->00d00e sleep=0 local26=0001
[ 119.572]   [header-byte] write $ffa517 = 11 mask=00ff (pc=018446)
[ 120.072]   [header-byte] write $ffa517 = 11 mask=00ff (pc=018446)
[ 120.155] heartbeat frame=7200 tx=6364 rx=3052 fc=1 fd=10 fe=1 linkflag=82 pc=00028a a502=00 a524=0000 a525=00 a170=00 a17f=00 txtail=00dc rxpend=0000
[ 120.155] [transport] captured=6364 flushed=6364 received=3052 accepted=569 payload2=308 payload3=6 payload4=20 payload5=25 pump_reads=7741 bursts=1281 txcredit=0 outq=0 inq=0 watchdog=4 txseq=01 rxseq=39 rxcredit=0 protection=00 checks=0000
[ 120.155] [epochs] local=1 peer=1 ready=true discarded_rx=0
[ 120.155] [tcb-continuations] ffa580=ff80->018392 sleep=0 local26=7710 ffa5c0=ff80->01853c sleep=0 local26=1700 ffd080=ffc0->00c2a6 sleep=81 local26=0000 ffd100=ffc0->008082 sleep=0 local26=0111 ffd140=ff80->006782 sleep=0 local26=0000 ffd180=ffc0->00f3cc sleep=0 local26=2700 ffd1c0=ffc0->00f1e0 sleep=0 local26=0400 ffd200=ffc0->00f1e0 sleep=0 local26=0400 ffd240=ffc0->00f982 sleep=0 local26=0120 ffd280=ff80->00f86c sleep=0 local26=0000 ffd2c0=ff80->00f81c sleep=0 local26=0400 ffd300=ff00->00d00e sleep=0 local26=0000 ffd340=ffc0->00cd98 sleep=0 local26=0000 ffd380=ff00->00d00e sleep=0 local26=0000 ffd3c0=ff00->00d00e sleep=0 local26=0000 ffd400=ff00->00d00e sleep=0 local26=0000 ffd440=ff00->00d00e sleep=0 local26=0000 ffd480=ff00->00d00e sleep=0 local26=0000 ffd580=ff80->00449a sleep=0 local26=0000 ffe000=ff00->00d00e sleep=0 local26=0003 ffe040=ff00->00d00e sleep=0 local26=0002 ffe080=ff00->00d00e sleep=0 local26=0001 ffe0c0=ff00->00d00e sleep=0 local26=0003 ffe100=ff00->00d00e sleep=0 local26=0002 ffe140=ff00->00d00e sleep=0 local26=0001 ffe180=ff00->00d00e sleep=0 local26=0003 ffe1c0=ff00->00d00e sleep=0 local26=0002 ffe200=ff00->00d00e sleep=0 local26=0001 ffe240=ff00->00d00e sleep=0 local26=0003 ffe280=ff00->00d00e sleep=0 local26=0002 ffe2c0=ff00->00d00e sleep=0 local26=0001 ffe300=ff00->00d00e sleep=0 local26=0003 ffe340=ff00->00d00e sleep=0 local26=0002 ffe380=ff00->00d00e sleep=0 local26=0001 ffe3c0=ff00->00d00e sleep=0 local26=0003 ffe400=ff00->00d00e sleep=0 local26=0002 ffe440=ff00->00d00e sleep=0 local26=0001 ffe480=ff00->0070c2 sleep=0 local26=4c00
[ 120.573]   [header-byte] write $ffa517 = 11 mask=00ff (pc=018446)
[ 121.073]   [header-byte] write $ffa517 = 11 mask=00ff (pc=018446)
[ 121.156] heartbeat frame=7260 tx=6370 rx=3058 fc=1 fd=10 fe=1 linkflag=82 pc=000288 a502=00 a524=0000 a525=00 a170=00 a17f=00 txtail=00e2 rxpend=0000
[ 121.156] [transport] captured=6370 flushed=6370 received=3058 accepted=571 payload2=308 payload3=6 payload4=20 payload5=25 pump_reads=7803 bursts=1283 txcredit=0 outq=0 inq=0 watchdog=4 txseq=03 rxseq=3b rxcredit=0 protection=00 checks=0000
[ 121.156] [epochs] local=1 peer=1 ready=true discarded_rx=0
[ 121.156] [tcb-continuations] ffa580=ff80->018392 sleep=0 local26=7710 ffa5c0=ff80->01853c sleep=0 local26=1700 ffd080=ffc0->00c2a6 sleep=21 local26=0000 ffd100=ffc0->008082 sleep=0 local26=0011 ffd140=ff80->006782 sleep=0 local26=0000 ffd180=ffc0->00f3cc sleep=0 local26=2700 ffd1c0=ffc0->00f1e0 sleep=0 local26=0400 ffd200=ffc0->00f1e0 sleep=0 local26=0400 ffd240=ffc0->00f982 sleep=0 local26=0120 ffd280=ff80->00f86c sleep=0 local26=0000 ffd2c0=ff80->00f81c sleep=0 local26=0400 ffd300=ff00->00d00e sleep=0 local26=0000 ffd340=ffc0->00cd98 sleep=0 local26=0000 ffd380=ff00->00d00e sleep=0 local26=0000 ffd3c0=ff00->00d00e sleep=0 local26=0000 ffd400=ff00->00d00e sleep=0 local26=0000 ffd440=ff00->00d00e sleep=0 local26=0000 ffd480=ff00->00d00e sleep=0 local26=0000 ffe000=ff00->00d00e sleep=0 local26=0003 ffe040=ff00->00d00e sleep=0 local26=0002 ffe080=ff00->00d00e sleep=0 local26=0001 ffe0c0=ff00->00d00e sleep=0 local26=0003 ffe100=ff00->00d00e sleep=0 local26=0002 ffe140=ff00->00d00e sleep=0 local26=0001 ffe180=ff00->00d00e sleep=0 local26=0003 ffe1c0=ff00->00d00e sleep=0 local26=0002 ffe200=ff00->00d00e sleep=0 local26=0001 ffe240=ff00->00d00e sleep=0 local26=0003 ffe280=ff00->00d00e sleep=0 local26=0002 ffe2c0=ff00->00d00e sleep=0 local26=0001 ffe300=ff00->00d00e sleep=0 local26=0003 ffe340=ff00->00d00e sleep=0 local26=0002 ffe380=ff00->00d00e sleep=0 local26=0001 ffe3c0=ff00->00d00e sleep=0 local26=0003 ffe400=ff00->00d00e sleep=0 local26=0002 ffe440=ff00->00d00e sleep=0 local26=0001 ffe480=ff00->0070c2 sleep=0 local26=4c00 ffe4c0=ff00->0070c2 sleep=0 local26=3600
[ 121.441]   [header-byte] write $ffa517 = 11 mask=00ff (pc=018446)
[ 121.441] [packet-accepted] total=572 seq=3b flags=04 status=11 pc=01845e command=43 arg=23
[ 121.457]   [header-byte] write $ffa517 = 10 mask=00ff (pc=018446)
[ 121.457] [packet-accepted] total=573 seq=3c flags=04 status=10 pc=01845e command=43 arg=23
[ 121.541]   [menu-state] write $ffa170 = 0000 mask=ff00 (pc=018062)
[ 121.541]   [menu-state] write $ffa176 = 0000 mask=ff00 (pc=01afde)
[ 121.541]   [header-byte] write $ffa513 = 00 mask=00ff (pc=01afe6)
[ 121.541]   [header-byte] write $ffa513 = 10 mask=00ff (pc=01affe)
[ 121.958]   [header-byte] write $ffa517 = 10 mask=00ff (pc=018446)
[ 122.157] heartbeat frame=7320 tx=6379 rx=3071 fc=1 fd=10 fe=1 linkflag=82 pc=00028a a502=00 a524=0000 a525=00 a170=00 a17f=00 txtail=00eb rxpend=0000
[ 122.157] [transport] captured=6379 flushed=6379 received=3071 accepted=574 payload2=310 payload3=6 payload4=20 payload5=25 pump_reads=7866 bursts=1286 txcredit=0 outq=0 inq=0 watchdog=11 txseq=06 rxseq=3e rxcredit=0 protection=00 checks=0000
[ 122.157] [epochs] local=1 peer=1 ready=true discarded_rx=0
[ 122.157] [game-state] a142=02 a13e=01 a13f=01 a530=f810 a506=03 a507=00 a508=00 a7b0=0022 a7a6=4323 script=01a262
[ 122.157] [tcb-continuations] ffa580=ff80->018392 sleep=0 local26=7710 ffa5c0=ff80->01853c sleep=0 local26=0600 ffd080=ffc0->00c2fe sleep=0 local26=0000 ffd100=ffc0->008082 sleep=0 local26=00ff ffd140=ff80->006782 sleep=0 local26=0000 ffd180=ffc0->00f3cc sleep=0 local26=2700 ffd1c0=ffc0->00f1e0 sleep=0 local26=0400 ffd200=ffc0->00f1e0 sleep=0 local26=0400 ffd240=ffc0->00f982 sleep=0 local26=0120 ffd280=ff80->00f86c sleep=0 local26=0000 ffd2c0=ff80->00f81c sleep=0 local26=0400 ffd300=ff00->00d00e sleep=0 local26=0000 ffd340=ffc0->00cd98 sleep=0 local26=0000 ffe000=ff00->00d00e sleep=0 local26=0003 ffe040=ff00->00d00e sleep=0 local26=0002 ffe080=ff00->00d00e sleep=0 local26=0001 ffe0c0=ff00->00d00e sleep=0 local26=0003 ffe100=ff00->00d00e sleep=0 local26=0002 ffe240=ff00->00d00e sleep=0 local26=0003 ffe480=ff00->0070c2 sleep=0 local26=4c00 ffe4c0=ff00->0070c2 sleep=0 local26=3600
[ 122.459]   [header-byte] write $ffa517 = 10 mask=00ff (pc=018446)
[ 122.959]   [header-byte] write $ffa517 = 10 mask=00ff (pc=018446)
[ 123.159] heartbeat frame=7380 tx=6385 rx=3077 fc=1 fd=10 fe=1 linkflag=82 pc=00028a a502=00 a524=0000 a525=00 a170=00 a17f=00 txtail=00f1 rxpend=0000
[ 123.159] [transport] captured=6385 flushed=6385 received=3077 accepted=576 payload2=310 payload3=6 payload4=20 payload5=25 pump_reads=7928 bursts=1288 txcredit=0 outq=0 inq=0 watchdog=11 txseq=08 rxseq=40 rxcredit=0 protection=00 checks=0000
[ 123.159] [epochs] local=1 peer=1 ready=true discarded_rx=0
[ 123.159] [tcb-continuations] ffa580=ff80->018392 sleep=0 local26=7710 ffa5c0=ff80->01853c sleep=0 local26=0600 ffd080=ffc0->00c2fe sleep=0 local26=0000 ffd100=ffc0->008082 sleep=0 local26=0307 ffd140=ff80->006782 sleep=0 local26=0000 ffd180=ffc0->00f3cc sleep=0 local26=2700 ffd1c0=ffc0->00f1e0 sleep=0 local26=0400 ffd200=ffc0->00f1e0 sleep=0 local26=0400 ffd240=ffc0->00f982 sleep=0 local26=0120 ffd280=ff80->00f86c sleep=0 local26=0000 ffd2c0=ff80->00f81c sleep=0 local26=0400 ffd340=ffc0->00cd98 sleep=0 local26=0000 ffe480=ff00->0070c2 sleep=0 local26=4c00
[ 123.460]   [header-byte] write $ffa517 = 10 mask=00ff (pc=018446)
[ 123.994]   [header-byte] write $ffa517 = 10 mask=00ff (pc=018446)
[ 124.160] heartbeat frame=7440 tx=6388 rx=3083 fc=1 fd=10 fe=1 linkflag=82 pc=00028a a502=00 a524=0000 a525=00 a170=00 a17f=00 txtail=00f4 rxpend=0000
[ 124.160] [transport] captured=6388 flushed=6388 received=3083 accepted=578 payload2=310 payload3=6 payload4=20 payload5=25 pump_reads=7990 bursts=1289 txcredit=0 outq=0 inq=0 watchdog=10 txseq=09 rxseq=42 rxcredit=0 protection=00 checks=0000
[ 124.160] [epochs] local=1 peer=1 ready=true discarded_rx=0
[ 124.160] [game-state] a142=02 a13e=01 a13f=01 a530=f810 a506=03 a507=00 a508=00 a7b0=0022 a7a6=4323 script=01f63a
[ 124.160] [tcb-continuations] ffa580=ff80->018392 sleep=0 local26=7710 ffa5c0=ff80->01853c sleep=0 local26=1300 ffd100=ff80->024be0 sleep=0 local26=0002 ffd140=ff80->024948 sleep=0 local26=0000 ffd180=ff80->024f60 sleep=0 local26=0000 ffd1c0=ff80->024f86 sleep=0 local26=0000 ffd200=ff80->024e70 sleep=0 local26=0000 ffd240=ff80->024e70 sleep=0 local26=0000 ffd280=ff80->024e70 sleep=0 local26=0000 ffd2c0=ff80->024e6a sleep=4 local26=0000 ffd300=ff80->024e6a sleep=8 local26=0000 ffd340=ff80->024e6a sleep=12 local26=0000 ffd380=ff80->024e6a sleep=16 local26=0000 ffd3c0=ff80->024e6a sleep=20 local26=0000 ffd400=ff80->024a78 sleep=0 local26=0002 ffd440=ff80->024a78 sleep=0 local26=0002 ffd480=ff80->024a78 sleep=0 local26=0002 ffd4c0=ff80->024a78 sleep=0 local26=0002 ffd500=ff80->024a78 sleep=0 local26=0002 ffd540=ff80->024a78 sleep=0 local26=0002 ffd580=ff80->024a78 sleep=0 local26=0002 ffd5c0=ff80->024a78 sleep=0 local26=0002 ffd600=ff80->024a78 sleep=0 local26=0002 ffd640=ff80->024a78 sleep=0 local26=0002 ffd680=ff80->024a78 sleep=0 local26=0002 ffd6c0=ff80->024a78 sleep=0 local26=0002 ffd700=ff80->024a78 sleep=0 local26=0002 ffd740=ff80->024a78 sleep=0 local26=0002 ffd780=ff80->024a78 sleep=0 local26=0002 ffd7c0=ff80->024a78 sleep=0 local26=0002 ffd800=ff80->024a78 sleep=0 local26=0002 ffd840=ff80->024a78 sleep=0 local26=0002 ffd880=ff80->024a78 sleep=0 local26=0002 ffd8c0=ff80->024a78 sleep=0 local26=0002 ffd900=ff80->024a78 sleep=0 local26=0002 ffd940=ff80->024a78 sleep=0 local26=0002
[ 124.464]   [header-byte] write $ffa517 = 10 mask=00ff (pc=018446)
[ 125.161] heartbeat frame=7500 tx=6394 rx=3086 fc=1 fd=10 fe=1 linkflag=82 pc=00028a a502=00 a524=0000 a525=00 a170=00 a17f=00 txtail=00fa rxpend=0000
[ 125.161] [transport] captured=6394 flushed=6394 received=3086 accepted=579 payload2=310 payload3=6 payload4=20 payload5=25 pump_reads=8051 bursts=1291 txcredit=0 outq=0 inq=0 watchdog=41 txseq=0b rxseq=43 rxcredit=0 protection=00 checks=0000
[ 125.161] [epochs] local=1 peer=1 ready=true discarded_rx=0
[ 125.161] [tcb-continuations] ffa580=ff80->018392 sleep=0 local26=7710 ffa5c0=ff80->01853c sleep=0 local26=1300 ffd100=ff80->024be0 sleep=0 local26=0002 ffd140=ff80->024948 sleep=0 local26=0000 ffd180=ff80->024f60 sleep=0 local26=0000 ffd1c0=ff80->024f86 sleep=0 local26=0000 ffd200=ff80->024e70 sleep=0 local26=0000 ffd240=ff80->024e70 sleep=0 local26=0000 ffd280=ff80->024e70 sleep=0 local26=0000 ffd2c0=ff80->024e70 sleep=0 local26=0000 ffd300=ff80->024e70 sleep=0 local26=0000 ffd340=ff80->024e70 sleep=0 local26=0000 ffd380=ff80->024e70 sleep=0 local26=0000 ffd3c0=ff80->024e70 sleep=0 local26=0000 ffd400=ff80->024ab2 sleep=0 local26=0002 ffd440=ff80->024ab2 sleep=0 local26=0002 ffd480=ff80->024ab2 sleep=0 local26=0002 ffd4c0=ff80->024ab2 sleep=0 local26=0002 ffd500=ff80->024ab2 sleep=0 local26=0002 ffd540=ff80->024ab2 sleep=0 local26=0002 ffd580=ff80->024ab2 sleep=0 local26=0002 ffd5c0=ff80->024ab2 sleep=0 local26=0002 ffd600=ff80->024ab2 sleep=0 local26=0002 ffd640=ff80->024ab2 sleep=0 local26=0002 ffd680=ff80->024ab2 sleep=0 local26=0002 ffd6c0=ff80->024ab2 sleep=0 local26=0002 ffd700=ff80->024ab2 sleep=0 local26=0002 ffd740=ff80->024ab2 sleep=0 local26=0002 ffd780=ff80->024ab2 sleep=0 local26=0002 ffd7c0=ff80->024ab2 sleep=0 local26=0002 ffd800=ff80->024ab2 sleep=0 local26=0002 ffd840=ff80->024ab2 sleep=0 local26=0002 ffd880=ff80->024ab2 sleep=0 local26=0002 ffd8c0=ff80->024ab2 sleep=0 local26=0002 ffd900=ff80->024ab2 sleep=0 local26=0002 ffd940=ff80->024ab2 sleep=0 local26=0002
[ 125.230]   [header-byte] write $ffa517 = 54 mask=00ff (pc=018446)
[ 125.715]   [header-byte] write $ffa517 = 54 mask=00ff (pc=018446)
[ 125.946] [protection-state] address=ffa020 data=0101 mask=ff00 pc=000948
[ 125.946] [protection-state] address=ffa020 data=0101 mask=00ff pc=000952
[ 125.962] [protection-state] address=ffa020 data=0000 mask=00ff pc=000952
[ 126.046] [protection-state] address=ffa020 data=0000 mask=ff00 pc=000948
[ 126.162] heartbeat frame=7560 tx=6400 rx=3092 fc=1 fd=10 fe=1 linkflag=82 pc=00028a a502=00 a524=0000 a525=00 a170=00 a17f=00 txtail=0000 rxpend=0000
[ 126.162] [transport] captured=6400 flushed=6400 received=3092 accepted=581 payload2=310 payload3=6 payload4=20 payload5=25 pump_reads=8113 bursts=1293 txcredit=0 outq=0 inq=0 watchdog=26 txseq=0d rxseq=45 rxcredit=0 protection=00 checks=0000
[ 126.162] [epochs] local=1 peer=1 ready=true discarded_rx=0
[ 126.162] [tcb-continuations] ffa580=ff80->018392 sleep=0 local26=7710 ffa5c0=ff80->01853c sleep=0 local26=1300 ffd100=ff80->024be0 sleep=0 local26=0001 ffd140=ff80->024948 sleep=0 local26=0000 ffd180=ff80->024f60 sleep=0 local26=0000 ffd1c0=ff80->024f86 sleep=0 local26=0000 ffd200=ff80->024e70 sleep=0 local26=0000 ffd240=ff80->024e70 sleep=0 local26=0000 ffd280=ff80->024e70 sleep=0 local26=0000 ffd2c0=ff80->024e70 sleep=0 local26=0000 ffd300=ff80->024e70 sleep=0 local26=0000 ffd340=ff80->024e70 sleep=0 local26=0000 ffd380=ff80->024e70 sleep=0 local26=0000 ffd3c0=ff80->024e70 sleep=0 local26=0000 ffd400=ff80->024a78 sleep=0 local26=0002 ffd440=ff80->024a78 sleep=0 local26=0002 ffd480=ff80->024a78 sleep=0 local26=0002 ffd4c0=ff80->024a78 sleep=0 local26=0002 ffd500=ff80->024a78 sleep=0 local26=0002 ffd540=ff80->024a78 sleep=0 local26=0002 ffd580=ff80->024a78 sleep=0 local26=0002 ffd5c0=ff80->024a78 sleep=0 local26=0002 ffd600=ff80->024a78 sleep=0 local26=0002 ffd640=ff80->024a78 sleep=0 local26=0002 ffd680=ff80->024a78 sleep=0 local26=0002 ffd6c0=ff80->024a78 sleep=0 local26=0002 ffd700=ff80->024a78 sleep=0 local26=0002 ffd740=ff80->024a78 sleep=0 local26=0002 ffd780=ff80->024a78 sleep=0 local26=0002 ffd7c0=ff80->024a78 sleep=0 local26=0002 ffd800=ff80->024a78 sleep=0 local26=0002 ffd840=ff80->024a78 sleep=0 local26=0002 ffd880=ff80->024a78 sleep=0 local26=0002 ffd8c0=ff80->024a78 sleep=0 local26=0002 ffd900=ff80->024a78 sleep=0 local26=0002 ffd940=ff80->024a78 sleep=0 local26=0002
[ 126.213] [protection-state] address=ffa020 data=0101 mask=ff00 pc=000948
[ 126.213] [protection-state] address=ffa020 data=0101 mask=00ff pc=000952
[ 126.218]   [header-byte] write $ffa517 = 54 mask=00ff (pc=018446)
[ 126.229] [protection-state] address=ffa020 data=0000 mask=00ff pc=000952
[ 126.296] [protection-state] address=ffa020 data=0000 mask=ff00 pc=000948
[ 126.716]   [header-byte] write $ffa517 = 54 mask=00ff (pc=018446)
[ 127.164] heartbeat frame=7620 tx=6406 rx=3098 fc=1 fd=10 fe=1 linkflag=82 pc=000288 a502=00 a524=0000 a525=00 a170=00 a17f=00 txtail=0006 rxpend=0000
[ 127.164] [transport] captured=6406 flushed=6406 received=3098 accepted=583 payload2=310 payload3=6 payload4=20 payload5=25 pump_reads=8175 bursts=1295 txcredit=0 outq=0 inq=0 watchdog=26 txseq=0f rxseq=47 rxcredit=0 protection=00 checks=0000
[ 127.164] [epochs] local=1 peer=1 ready=true discarded_rx=0
[ 127.164] [tcb-continuations] ffa580=ff80->018392 sleep=0 local26=7710 ffa5c0=ff80->01853c sleep=0 local26=1300 ffd100=ff80->024be0 sleep=0 local26=0002 ffd140=ff80->024948 sleep=0 local26=0000 ffd180=ff80->024f60 sleep=0 local26=0000 ffd1c0=ff80->024f86 sleep=0 local26=0000 ffd200=ff80->024e70 sleep=0 local26=0000 ffd240=ff80->024e70 sleep=0 local26=0000 ffd280=ff80->024e70 sleep=0 local26=0000 ffd2c0=ff80->024e70 sleep=0 local26=0000 ffd300=ff80->024e70 sleep=0 local26=0000 ffd340=ff80->024e70 sleep=0 local26=0000 ffd380=ff80->024e70 sleep=0 local26=0000 ffd3c0=ff80->024e70 sleep=0 local26=0000 ffd400=ff80->024ab2 sleep=0 local26=0002 ffd440=ff80->024ab2 sleep=0 local26=0002 ffd480=ff80->024ab2 sleep=0 local26=0002 ffd4c0=ff80->024ab2 sleep=0 local26=0002 ffd500=ff80->024ab2 sleep=0 local26=0002 ffd540=ff80->024ab2 sleep=0 local26=0002 ffd580=ff80->024ab2 sleep=0 local26=0002 ffd5c0=ff80->024ab2 sleep=0 local26=0002 ffd600=ff80->024ab2 sleep=0 local26=0002 ffd640=ff80->024ab2 sleep=0 local26=0002 ffd680=ff80->024ab2 sleep=0 local26=0002 ffd6c0=ff80->024ab2 sleep=0 local26=0002 ffd700=ff80->024ab2 sleep=0 local26=0002 ffd740=ff80->024ab2 sleep=0 local26=0002 ffd780=ff80->024ab2 sleep=0 local26=0002 ffd7c0=ff80->024ab2 sleep=0 local26=0002 ffd800=ff80->024ab2 sleep=0 local26=0002 ffd840=ff80->024ab2 sleep=0 local26=0002 ffd880=ff80->024ab2 sleep=0 local26=0002 ffd8c0=ff80->024ab2 sleep=0 local26=0002 ffd900=ff80->024ab2 sleep=0 local26=0002 ffd940=ff80->024ab2 sleep=0 local26=0002
[ 127.164] [protection-state] address=ffa020 data=0101 mask=ff00 pc=000948
[ 127.164] [protection-state] address=ffa020 data=0101 mask=00ff pc=000952
[ 127.181] [protection-state] address=ffa020 data=0000 mask=00ff pc=000952
[ 127.217]   [header-byte] write $ffa517 = 54 mask=00ff (pc=018446)
[ 127.247] [protection-state] address=ffa020 data=0000 mask=ff00 pc=000948
[ 127.464] [protection-state] address=ffa020 data=0101 mask=ff00 pc=000948
[ 127.464] [protection-state] address=ffa020 data=0101 mask=00ff pc=000952
[ 127.481] [protection-state] address=ffa020 data=0000 mask=00ff pc=000952
[ 127.548] [protection-state] address=ffa020 data=0000 mask=ff00 pc=000948
[ 127.717]   [header-byte] write $ffa517 = 54 mask=00ff (pc=018446)
[ 128.165] heartbeat frame=7680 tx=6412 rx=3104 fc=1 fd=10 fe=1 linkflag=82 pc=000288 a502=00 a524=0000 a525=00 a170=00 a17f=00 txtail=000c rxpend=0000
[ 128.165] [transport] captured=6412 flushed=6412 received=3104 accepted=585 payload2=310 payload3=6 payload4=20 payload5=25 pump_reads=8237 bursts=1297 txcredit=0 outq=0 inq=0 watchdog=26 txseq=11 rxseq=49 rxcredit=0 protection=00 checks=0000
[ 128.165] [epochs] local=1 peer=1 ready=true discarded_rx=0
[ 128.217]   [header-byte] write $ffa517 = 54 mask=00ff (pc=018446)
[ 128.666] [protection-state] address=ffa020 data=1010 mask=ff00 pc=000948
[ 128.666] [protection-state] address=ffa020 data=1010 mask=00ff pc=000952
[ 128.683] [protection-state] address=ffa020 data=0000 mask=00ff pc=000952
[ 128.718]   [header-byte] write $ffa517 = 54 mask=00ff (pc=018446)
[ 128.816] [protection-state] address=ffa020 data=0000 mask=ff00 pc=000948
[ 128.911]   [menu-state] write $ffa170 = 8787 mask=ff00 (pc=018062)
[ 128.911]   [menu-state] write $ffa176 = 0000 mask=ff00 (pc=01afde)
[ 128.911]   [header-byte] write $ffa513 = 00 mask=00ff (pc=01afe6)
[ 128.911]   [header-byte] write $ffa513 = 10 mask=00ff (pc=01affe)
[ 128.911]   [header-byte] write $ffa513 = 50 mask=00ff (pc=01b022)
[ 128.911]   [header-byte] write $ffa513 = 54 mask=00ff (pc=01b044)
[ 129.166] heartbeat frame=7740 tx=6421 rx=3110 fc=1 fd=10 fe=1 linkflag=82 pc=000ff2 a502=00 a524=0000 a525=00 a170=87 a17f=00 txtail=0015 rxpend=0000
[ 129.166] [transport] captured=6421 flushed=6421 received=3110 accepted=587 payload2=310 payload3=6 payload4=20 payload5=25 pump_reads=8299 bursts=1300 txcredit=0 outq=0 inq=0 watchdog=24 txseq=14 rxseq=4b rxcredit=0 protection=00 checks=0000
[ 129.166] [epochs] local=1 peer=1 ready=true discarded_rx=0
[ 129.166] [game-state] a142=02 a13e=01 a13f=01 a530=f810 a506=03 a507=00 a508=00 a7b0=0022 a7a6=4323 script=01a15c
[ 129.166] [tcb-continuations] ffa580=ff80->018392 sleep=0 local26=7710 ffa5c0=ff80->01853c sleep=0 local26=0d00 ffd040=ff80->0266a0 sleep=0 local26=0000
[ 129.217]   [header-byte] write $ffa517 = 54 mask=00ff (pc=018446)
[ 129.307]   [menu-state] write $ffa170 = 9797 mask=ff00 (pc=0266d6)
[ 129.719]   [header-byte] write $ffa517 = 54 mask=00ff (pc=018446)
[ 129.903]   [menu-state] write $ffa170 = 8787 mask=ff00 (pc=0268a0)
[ 130.168] heartbeat frame=7800 tx=6427 rx=3116 fc=1 fd=10 fe=1 linkflag=82 pc=00028a a502=00 a524=0000 a525=00 a170=87 a17f=00 txtail=001b rxpend=0000
[ 130.168] [transport] captured=6427 flushed=6427 received=3116 accepted=589 payload2=310 payload3=6 payload4=20 payload5=25 pump_reads=8361 bursts=1302 txcredit=0 outq=0 inq=0 watchdog=26 txseq=16 rxseq=4d rxcredit=0 protection=00 checks=0000
[ 130.168] [epochs] local=1 peer=1 ready=true discarded_rx=0
[ 130.168] [tcb-continuations] ffa580=ff80->018392 sleep=0 local26=7710 ffa5c0=ff80->01853c sleep=0 local26=0d00 ffd040=ff80->026a46 sleep=100 local26=0007 ffd100=ff80->026e10 sleep=0 local26=0035 ffd140=ff80->027146 sleep=0 local26=0005 ffd180=ff80->027146 sleep=0 local26=0005 ffd1c0=ff80->027146 sleep=0 local26=0005 ffd200=ff80->027146 sleep=0 local26=0005 ffd240=ff80->027146 sleep=0 local26=0005 ffd280=ff80->027146 sleep=0 local26=0005 ffd2c0=ff80->027260 sleep=0 local26=0000 ffd300=ff80->027278 sleep=0 local26=0000 ffd340=ff80->027278 sleep=0 local26=0000 ffd380=ff80->026e8c sleep=0 local26=0000
[ 130.220]   [header-byte] write $ffa517 = 54 mask=00ff (pc=018446)
[ 130.746]   [header-byte] write $ffa517 = 54 mask=00ff (pc=018446)
[ 131.169] heartbeat frame=7860 tx=6430 rx=3122 fc=1 fd=10 fe=1 linkflag=82 pc=00028a a502=00 a524=0000 a525=00 a170=87 a17f=00 txtail=001e rxpend=0000
[ 131.169] [transport] captured=6430 flushed=6430 received=3122 accepted=591 payload2=310 payload3=6 payload4=20 payload5=25 pump_reads=8423 bursts=1303 txcredit=0 outq=0 inq=0 watchdog=26 txseq=17 rxseq=4f rxcredit=0 protection=00 checks=0000
[ 131.169] [epochs] local=1 peer=1 ready=true discarded_rx=0
[ 131.169] [game-state] a142=02 a13e=01 a13f=01 a530=f810 a506=03 a507=00 a508=00 a7b0=0022 a7a6=4323 script=01a1b6
[ 131.169] [tcb-continuations] ffa580=ff80->018392 sleep=0 local26=7710 ffa5c0=ff80->01853c sleep=0 local26=1b00 ffd100=ffc0->00839a sleep=0 local26=0000 ffd140=ff80->0155b2 sleep=0 local26=0000 ffd180=ff80->0155b4 sleep=0 local26=0000 ffd1c0=ff80->0155ea sleep=0 local26=0168 ffd200=ff80->0156b2 sleep=0 local26=0000 ffd240=ff80->0176e8 sleep=0 local26=0000 ffd280=ffc0->017748 sleep=0 local26=0008 ffd2c0=ffc0->0178bc sleep=0 local26=0000 ffd300=ffc0->017a34 sleep=0 local26=0005 ffd340=ffc0->017a34 sleep=0 local26=0004 ffd380=ffc0->017a34 sleep=0 local26=0003 ffd3c0=ffc0->017a34 sleep=0 local26=0002 ffd400=ffc0->017a34 sleep=0 local26=0001 ffd440=ffc0->017a34 sleep=0 local26=0000
[ 131.220]   [header-byte] write $ffa517 = 54 mask=00ff (pc=018446)
[ 131.721]   [header-byte] write $ffa517 = 54 mask=00ff (pc=018446)
[ 132.170] heartbeat frame=7920 tx=6436 rx=3128 fc=1 fd=10 fe=1 linkflag=82 pc=00028a a502=00 a524=0000 a525=00 a170=87 a17f=00 txtail=0024 rxpend=0000
[ 132.170] [transport] captured=6436 flushed=6436 received=3128 accepted=593 payload2=310 payload3=6 payload4=20 payload5=25 pump_reads=8485 bursts=1305 txcredit=0 outq=0 inq=0 watchdog=26 txseq=19 rxseq=51 rxcredit=0 protection=00 checks=0000
[ 132.170] [epochs] local=1 peer=1 ready=true discarded_rx=0
[ 132.170] [tcb-continuations] ffa580=ff80->018392 sleep=0 local26=7710 ffa5c0=ff80->01853c sleep=0 local26=1b00 ffd100=ffc0->00839a sleep=0 local26=0000 ffd140=ff80->0155b2 sleep=0 local26=0000 ffd180=ff80->0155b4 sleep=0 local26=0000 ffd1c0=ff80->0155ea sleep=0 local26=0168 ffd200=ff80->0156b2 sleep=0 local26=0000 ffd240=ff80->0176e8 sleep=0 local26=0000 ffd280=ffc0->0177aa sleep=0 local26=0008 ffd2c0=ffc0->017950 sleep=0 local26=0000 ffd300=ffc0->017a34 sleep=0 local26=0005 ffd340=ffc0->017a34 sleep=0 local26=0004 ffd380=ffc0->017a34 sleep=0 local26=0003 ffd3c0=ffc0->017a34 sleep=0 local26=0002 ffd400=ffc0->017a34 sleep=0 local26=0001 ffd440=ffc0->017a34 sleep=0 local26=0000
[ 132.705]   [header-byte] write $ffa517 = 54 mask=00ff (pc=018446)
[ 133.171] heartbeat frame=7980 tx=6442 rx=3131 fc=1 fd=10 fe=1 linkflag=82 pc=000288 a502=00 a524=0000 a525=00 a170=87 a17f=00 txtail=002a rxpend=0000
[ 133.171] [transport] captured=6442 flushed=6442 received=3131 accepted=594 payload2=310 payload3=6 payload4=20 payload5=25 pump_reads=8546 bursts=1307 txcredit=0 outq=0 inq=0 watchdog=27 txseq=1b rxseq=52 rxcredit=0 protection=00 checks=0000
[ 133.171] [epochs] local=1 peer=1 ready=true discarded_rx=0
[ 133.171] [game-state] a142=02 a13e=01 a13f=01 a530=f810 a506=03 a507=00 a508=00 a7b0=0022 a7a6=4323 script=01a1be
[ 133.171] [tcb-continuations] ffa580=ff80->018392 sleep=0 local26=7710 ffa5c0=ff80->01853c sleep=0 local26=1b00 ffd100=ffc0->00839a sleep=0 local26=0000 ffd140=ff80->0155b2 sleep=0 local26=0000 ffd180=ff80->0155b4 sleep=0 local26=0000 ffd1c0=ff80->0155ea sleep=0 local26=0168 ffd200=ff80->0156b2 sleep=0 local26=0000 ffd240=ff80->0170dc sleep=0 local26=0030 ffd280=ffc0->0177aa sleep=0 local26=0008 ffd2c0=ffc0->017950 sleep=0 local26=0000 ffd300=ffc0->017a34 sleep=0 local26=0005 ffd340=ffc0->017a34 sleep=0 local26=0004 ffd380=ffc0->017a9c sleep=0 local26=0003 ffd3c0=ffc0->017a9c sleep=0 local26=0002 ffd400=ffc0->017a9c sleep=0 local26=0001 ffd440=ffc0->017a9c sleep=0 local26=0000 ffd480=ff80->017456 sleep=0 local26=001a
[ 133.223]   [header-byte] write $ffa517 = 54 mask=00ff (pc=018446)
[ 133.724]   [header-byte] write $ffa517 = 54 mask=00ff (pc=018446)
[ 134.103] [attack-state] address=ffa7e2 data=0000 mask=ffff pc=004d98 protection=00
[ 134.103] [attack-state] address=ffa7e0 data=0000 mask=ffff pc=004d98 protection=00
[ 134.103] [attack-state] address=ffa7e6 data=0000 mask=ffff pc=004d9e protection=00
[ 134.103] [attack-state] address=ffa7e4 data=0000 mask=ffff pc=004d9e protection=00
[ 134.173] heartbeat frame=8040 tx=6448 rx=3137 fc=1 fd=10 fe=1 linkflag=82 pc=000ff4 a502=00 a524=0000 a525=00 a170=87 a17f=00 txtail=0030 rxpend=0000
[ 134.173] [transport] captured=6448 flushed=6448 received=3137 accepted=596 payload2=310 payload3=6 payload4=20 payload5=25 pump_reads=8608 bursts=1309 txcredit=0 outq=0 inq=0 watchdog=24 txseq=1d rxseq=54 rxcredit=0 protection=00 checks=0000
[ 134.173] [epochs] local=1 peer=1 ready=true discarded_rx=0
[ 134.173] [game-state] a142=02 a13e=01 a13f=01 a530=f810 a506=03 a507=00 a508=00 a7b0=0022 a7a6=4323 script=01a20a
[ 134.173] [tcb-continuations] ffa580=ff80->018392 sleep=0 local26=7710 ffa5c0=ff80->01853c sleep=0 local26=1900 ffd040=ffc0->00ee50 sleep=0 local26=0000 ffd080=ffc0->004ea4 sleep=0 local26=0000 ffd0c0=ffc0->004ea4 sleep=0 local26=0000 ffd100=ffc0->00839a sleep=0 local26=0000 ffd140=ff80->006782 sleep=0 local26=0000 ffd180=ffc0->00f2ba sleep=0 local26=0000 ffd1c0=ffc0->00f1ca sleep=0 local26=0000 ffd200=ffc0->00f1ca sleep=0 local26=0000 ffd240=ffc0->00f634 sleep=0 local26=0000 ffd280=ffc0->0177ba sleep=0 local26=0008 ffd2c0=ffc0->017964 sleep=0 local26=0000 ffd300=ffc0->017ae2 sleep=0 local26=0005 ffd340=ffc0->017ae2 sleep=0 local26=0004 ffd380=ffc0->017ae2 sleep=0 local26=0003 ffd3c0=ffc0->017ae2 sleep=0 local26=0002 ffd400=ffc0->017ae2 sleep=0 local26=0001 ffd440=ffc0->017ae2 sleep=0 local26=0000
[ 134.225]   [header-byte] write $ffa517 = 54 mask=00ff (pc=018446)
[ 134.726]   [header-byte] write $ffa517 = 54 mask=00ff (pc=018446)
[ 135.174] heartbeat frame=8100 tx=6454 rx=3143 fc=1 fd=10 fe=1 linkflag=82 pc=000288 a502=00 a524=0000 a525=00 a170=87 a17f=00 txtail=0036 rxpend=0000
[ 135.174] [transport] captured=6454 flushed=6454 received=3143 accepted=598 payload2=310 payload3=6 payload4=20 payload5=25 pump_reads=8670 bursts=1311 txcredit=0 outq=0 inq=0 watchdog=26 txseq=1f rxseq=56 rxcredit=0 protection=00 checks=0000
[ 135.174] [epochs] local=1 peer=1 ready=true discarded_rx=0
[ 135.174] [tcb-continuations] ffa580=ff80->018392 sleep=0 local26=7710 ffa5c0=ff80->01853c sleep=0 local26=1900 ffd040=ffc0->00ee50 sleep=0 local26=0000 ffd080=ffc0->004ea4 sleep=0 local26=0000 ffd0c0=ffc0->004ea4 sleep=0 local26=0000 ffd100=ffc0->00839a sleep=0 local26=0000 ffd140=ff80->006782 sleep=0 local26=0000 ffd180=ffc0->00f2ba sleep=0 local26=0000 ffd1c0=ffc0->00f1ca sleep=0 local26=0000 ffd200=ffc0->00f1ca sleep=0 local26=0000 ffd240=ffc0->00f634 sleep=0 local26=0000 ffd380=ffc0->017b04 sleep=0 local26=0003 ffd3c0=ffc0->017b04 sleep=0 local26=0002
[ 135.227]   [header-byte] write $ffa517 = 54 mask=00ff (pc=018446)
[ 135.729]   [header-byte] write $ffa517 = 54 mask=00ff (pc=018446)
[ 135.729] [packet-accepted] total=600 seq=57 flags=00 status=54 pc=01845e
[ 136.175] heartbeat frame=8160 tx=6460 rx=3149 fc=1 fd=10 fe=1 linkflag=82 pc=000288 a502=00 a524=0000 a525=00 a170=87 a17f=00 txtail=003c rxpend=0000
[ 136.175] [transport] captured=6460 flushed=6460 received=3149 accepted=600 payload2=310 payload3=6 payload4=20 payload5=25 pump_reads=8732 bursts=1313 txcredit=0 outq=0 inq=0 watchdog=26 txseq=21 rxseq=58 rxcredit=0 protection=00 checks=0000
[ 136.175] [epochs] local=1 peer=1 ready=true discarded_rx=0
[ 136.175] [tcb-continuations] ffa580=ff80->018392 sleep=0 local26=7710 ffa5c0=ff80->01853c sleep=0 local26=1900 ffd040=ffc0->00ee8a sleep=0 local26=0000 ffd080=ffc0->004f30 sleep=0 local26=0000 ffd0c0=ffc0->004f30 sleep=0 local26=0000 ffd100=ffc0->007fb6 sleep=0 local26=0000 ffd140=ff80->006782 sleep=0 local26=0000 ffd180=ffc0->00f2e4 sleep=0 local26=3a00 ffd1c0=ffc0->00f1e0 sleep=0 local26=0000 ffd200=ffc0->00f1e0 sleep=0 local26=0000 ffd240=ffc0->00f982 sleep=0 local26=0120 ffd280=ff80->00f86c sleep=0 local26=0000 ffd2c0=ff80->00f81c sleep=0 local26=0000
[ 136.228]   [header-byte] write $ffa517 = 54 mask=00ff (pc=018446)
[ 136.313] [game-command] data=7878 mask=ff00 pc=007ffa requests=00
[ 136.345] [game-command] data=f8f8 mask=ff00 pc=008022 requests=04
[ 136.730]   [header-byte] write $ffa517 = 54 mask=00ff (pc=018446)
[ 137.010] [protection-state] address=ffa020 data=2020 mask=ff00 pc=000948
[ 137.010] [protection-state] address=ffa020 data=2020 mask=00ff pc=000952
[ 137.014]   [menu-state] write $ffa174 = 0001 mask=ffff (pc=019abc)
[ 137.014]   [menu-state] write $ffa176 = 9600 mask=ffff (pc=019abc)
[ 137.027] [protection-state] address=ffa020 data=0000 mask=00ff pc=000952
[ 137.030]   [menu-state] write $ffa17d = 0101 mask=00ff (pc=01961c)
[ 137.030]   [menu-state] write $ffa17f = 0000 mask=00ff (pc=019aec)
[ 137.047]   [menu-state] write $ffa174 = 0001 mask=ffff (pc=019abc)
[ 137.047]   [menu-state] write $ffa176 = 9652 mask=ffff (pc=019abc)
[ 137.093] [protection-state] address=ffa020 data=0000 mask=ff00 pc=000948
[ 137.097]   [menu-state] write $ffa174 = 0001 mask=ffff (pc=019abc)
[ 137.097]   [menu-state] write $ffa176 = 9734 mask=ffff (pc=019abc)
[ 137.177] heartbeat frame=8220 tx=6481 rx=3155 fc=1 fd=10 fe=1 linkflag=82 pc=000288 a502=00 a524=0000 a525=00 a170=87 a17f=00 txtail=0051 rxpend=0000
[ 137.177] [transport] captured=6481 flushed=6481 received=3155 accepted=602 payload2=310 payload3=6 payload4=20 payload5=25 pump_reads=8794 bursts=1318 txcredit=0 outq=0 inq=0 watchdog=22 txseq=26 rxseq=5a rxcredit=0 protection=00 checks=0000
[ 137.177] [epochs] local=1 peer=1 ready=true discarded_rx=0
[ 137.177] [game-state] a142=02 a13e=02 a13f=03 a530=f810 a506=03 a507=00 a508=00 a7b0=0022 a7a6=4323 script=01a20a
[ 137.177] [tcb-continuations] ffa580=ff80->018392 sleep=0 local26=7710 ffa5c0=ff80->01853c sleep=0 local26=0f00 ffd040=ff80->019b8e sleep=0 local26=0004
[ 137.228]   [header-byte] write $ffa517 = 54 mask=00ff (pc=018446)
[ 137.728]   [header-byte] write $ffa517 = 54 mask=00ff (pc=018446)
[ 138.178] heartbeat frame=8280 tx=6487 rx=3161 fc=1 fd=10 fe=1 linkflag=82 pc=00028a a502=00 a524=0000 a525=00 a170=87 a17f=00 txtail=0057 rxpend=0000
[ 138.178] [transport] captured=6487 flushed=6487 received=3161 accepted=604 payload2=310 payload3=6 payload4=20 payload5=25 pump_reads=8856 bursts=1320 txcredit=0 outq=0 inq=0 watchdog=26 txseq=28 rxseq=5c rxcredit=0 protection=00 checks=0000
[ 138.178] [epochs] local=1 peer=1 ready=true discarded_rx=0
[ 138.178] [tcb-continuations] ffa580=ff80->018392 sleep=0 local26=7710 ffa5c0=ff80->01853c sleep=0 local26=0f00 ffd040=ff80->019c6e sleep=0 local26=0004 ffd100=ff80->0086ee sleep=0 local26=0000
[ 138.229]   [header-byte] write $ffa517 = 54 mask=00ff (pc=018446)
[ 138.729]   [header-byte] write $ffa517 = 54 mask=00ff (pc=018446)
[ 139.179] heartbeat frame=8340 tx=6493 rx=3167 fc=1 fd=10 fe=1 linkflag=82 pc=000288 a502=00 a524=0000 a525=00 a170=87 a17f=00 txtail=005d rxpend=0000
[ 139.179] [transport] captured=6493 flushed=6493 received=3167 accepted=606 payload2=310 payload3=6 payload4=20 payload5=25 pump_reads=8918 bursts=1322 txcredit=0 outq=0 inq=0 watchdog=26 txseq=2a rxseq=5e rxcredit=0 protection=00 checks=0000
[ 139.179] [epochs] local=1 peer=1 ready=true discarded_rx=0
[ 139.230]   [header-byte] write $ffa517 = 54 mask=00ff (pc=018446)
[ 139.582]   [menu-state] write $ffa17f = 0101 mask=00ff (pc=01974e)
[ 139.582]   [menu-state] write $ffa170 = 8282 mask=ff00 (pc=019698)
[ 139.582]   [menu-state] write $ffa176 = 0000 mask=ff00 (pc=01afde)
[ 139.582]   [header-byte] write $ffa513 = 00 mask=00ff (pc=01afe6)
[ 139.582]   [header-byte] write $ffa513 = 10 mask=00ff (pc=01affe)
[ 139.582]   [header-byte] write $ffa513 = 50 mask=00ff (pc=01b022)
[ 139.582]   [header-byte] write $ffa513 = 54 mask=00ff (pc=01b044)
[ 139.731]   [header-byte] write $ffa517 = 54 mask=00ff (pc=018446)
[ 139.865]   [menu-state] write $ffa170 = 8282 mask=ff00 (pc=01a87a)
[ 139.865]   [menu-state] write $ffa170 = 0202 mask=ff00 (pc=01a87c)
[ 139.865] [game-command] data=0303 mask=ff00 pc=0188d8 requests=00
[ 139.892]   [menu-state] write $ffa17f = 0000 mask=00ff (pc=0189c2)
[ 140.180] heartbeat frame=8400 tx=6502 rx=3173 fc=1 fd=10 fe=1 linkflag=82 pc=001ea4 a502=00 a524=0000 a525=00 a170=02 a17f=00 txtail=0066 rxpend=0000
[ 140.180] [transport] captured=6502 flushed=6502 received=3173 accepted=608 payload2=310 payload3=6 payload4=20 payload5=25 pump_reads=8980 bursts=1325 txcredit=0 outq=0 inq=0 watchdog=23 txseq=2d rxseq=60 rxcredit=0 protection=00 checks=0000
[ 140.180] [epochs] local=1 peer=1 ready=true discarded_rx=0
[ 140.180] [game-state] a142=04 a13e=02 a13f=03 a530=0310 a506=03 a507=00 a508=00 a7b0=0022 a7a6=0000 script=01a842
[ 140.180] [tcb-continuations] ffa580=ff80->018392 sleep=0 local26=7710 ffa5c0=ff80->01853c sleep=0 local26=0200 ffd040=ff80->0189c6 sleep=0 local26=0401
[ 140.231]   [header-byte] write $ffa517 = 54 mask=00ff (pc=018446)
[ 140.734]   [header-byte] write $ffa517 = 54 mask=00ff (pc=018446)
[ 141.182] heartbeat frame=8460 tx=6505 rx=3179 fc=1 fd=10 fe=1 linkflag=82 pc=00028a a502=00 a524=0000 a525=00 a170=02 a17f=00 txtail=0069 rxpend=0000
[ 141.182] [transport] captured=6505 flushed=6505 received=3179 accepted=610 payload2=310 payload3=6 payload4=20 payload5=25 pump_reads=9042 bursts=1326 txcredit=0 outq=0 inq=0 watchdog=26 txseq=2e rxseq=62 rxcredit=0 protection=00 checks=0000
[ 141.182] [epochs] local=1 peer=1 ready=true discarded_rx=0
[ 141.182] [tcb-continuations] ffa580=ff80->018392 sleep=0 local26=7710 ffa5c0=ff80->01853c sleep=0 local26=1400 ffd040=ff80->018a40 sleep=0 local26=0400 ffd100=ff80->01fbb4 sleep=0 local26=0000 ffd140=ff80->01fbb6 sleep=0 local26=0002 ffd180=ff80->01fbb6 sleep=0 local26=00a2 ffd1c0=ff80->01fbb6 sleep=0 local26=01c2 ffd200=ff80->01fbb6 sleep=0 local26=02e2 ffd240=ff80->01902e sleep=0 local26=0000 ffd280=ff80->01ffe2 sleep=0 local26=0009 ffd2c0=ff80->020004 sleep=0 local26=0002 ffd300=ff80->020004 sleep=0 local26=0000
[ 141.234]   [header-byte] write $ffa517 = 54 mask=00ff (pc=018446)
[ 141.499] [protection-state] address=ffa020 data=1010 mask=ff00 pc=000948
[ 141.499] [protection-state] address=ffa020 data=1010 mask=00ff pc=000952
[ 141.516] [protection-state] address=ffa020 data=0000 mask=00ff pc=000952
[ 141.616] [protection-state] address=ffa020 data=0000 mask=ff00 pc=000948
[ 141.735]   [header-byte] write $ffa517 = 54 mask=00ff (pc=018446)
[ 142.183] heartbeat frame=8520 tx=6511 rx=3185 fc=1 fd=10 fe=1 linkflag=82 pc=00028a a502=00 a524=0000 a525=00 a170=02 a17f=00 txtail=006f rxpend=0000
[ 142.183] [transport] captured=6511 flushed=6511 received=3185 accepted=612 payload2=310 payload3=6 payload4=20 payload5=25 pump_reads=9104 bursts=1328 txcredit=0 outq=0 inq=0 watchdog=26 txseq=30 rxseq=64 rxcredit=0 protection=00 checks=0000
[ 142.183] [epochs] local=1 peer=1 ready=true discarded_rx=0
[ 142.183] [tcb-continuations] ffa580=ff80->018392 sleep=0 local26=7710 ffa5c0=ff80->01853c sleep=0 local26=1400 ffd040=ff80->018a40 sleep=0 local26=0400 ffd100=ff80->01fbb4 sleep=0 local26=0000 ffd140=ff80->01fbb6 sleep=0 local26=0002 ffd180=ff80->01fbb6 sleep=0 local26=00a2 ffd1c0=ff80->01fbb6 sleep=0 local26=01c2 ffd200=ff80->01fbb6 sleep=0 local26=02e2 ffd240=ff80->01902e sleep=0 local26=0000 ffd280=ff80->01ffe2 sleep=0 local26=0008 ffd2c0=ff80->020004 sleep=0 local26=0002 ffd300=ff80->020004 sleep=0 local26=0000
[ 142.235]   [header-byte] write $ffa517 = 54 mask=00ff (pc=018446)
[ 142.736]   [header-byte] write $ffa517 = 54 mask=00ff (pc=018446)
[ 143.184] heartbeat frame=8580 tx=6517 rx=3191 fc=1 fd=10 fe=1 linkflag=82 pc=00028a a502=00 a524=0000 a525=00 a170=02 a17f=00 txtail=0075 rxpend=0000
[ 143.184] [transport] captured=6517 flushed=6517 received=3191 accepted=614 payload2=310 payload3=6 payload4=20 payload5=25 pump_reads=9166 bursts=1330 txcredit=0 outq=0 inq=0 watchdog=26 txseq=32 rxseq=66 rxcredit=3 protection=00 checks=0000
[ 143.184] [epochs] local=1 peer=1 ready=true discarded_rx=0
[ 143.184] [tcb-continuations] ffa580=ff80->018392 sleep=0 local26=7710 ffa5c0=ff80->01853c sleep=0 local26=1400 ffd040=ff80->018a40 sleep=0 local26=0400 ffd100=ff80->01fbb4 sleep=0 local26=0000 ffd140=ff80->01fbb6 sleep=0 local26=0002 ffd180=ff80->01fbb6 sleep=0 local26=00a2 ffd1c0=ff80->01fbb6 sleep=0 local26=01c2 ffd200=ff80->01fbb6 sleep=0 local26=02e2 ffd240=ff80->01902e sleep=0 local26=0000 ffd280=ff80->01ffe2 sleep=0 local26=0005 ffd2c0=ff80->020004 sleep=0 local26=0002 ffd300=ff80->020004 sleep=0 local26=0000
[ 143.184] === session stop ===
