[   0.000] === session start, version=0.6.2 side=A debug=true ===
[   0.000] [rom-guards] cpld_compare=b202 garbage_divisor=323c,ffff
[   0.000] taps installed; out=C:\Users\tbend\mame\PuyoPuyo2\run_manual_0_6_2_20260911_174552\A_to_B.bin in=C:\Users\tbend\mame\PuyoPuyo2\run_manual_0_6_2_20260911_174552\B_to_A.bin
[   0.017] [peer-reset] old=0 new=1 local=0 queued_rx=0
[   0.017] [attack-state] address=ffa7f4 data=0000 mask=ffff pc=0181bc protection=00
[   0.017] [attack-state] address=ffa7fc data=0000 mask=ffff pc=0181c8 protection=00
[   0.017] [link-state] data=0000 mask=ffff pc=0181ec watchdog=137 expect=5d rxhead=00ed rxtail=00ed rxpend=0000
[   0.017] [protection-state] address=ffa020 data=ff00 mask=ffff pc=000932
[   0.017]   [menu-state] write $ffa172 = 0000 mask=ffff (pc=019320)
[   0.017]   [menu-state] write $ffa170 = 0000 mask=ffff (pc=019320)
[   0.017]   [menu-state] write $ffa17c = 0000 mask=ff00 (pc=019326)
[   0.017]   [menu-state] write $ffa17f = 0000 mask=00ff (pc=01932c)
[   0.017]   [menu-state] write $ffa176 = 0000 mask=ff00 (pc=01afde)
[   0.017]   [header-byte] write $ffa513 = 00 mask=00ff (pc=01afe6)
[   0.017] [protection-checksum] data=0000 mask=ff00 pc=00040e
[   0.017] [protection-checksum] data=0000 mask=00ff pc=000414
[   0.018] [protection-state] address=ffa020 data=0000 mask=ff00 pc=000948
[   0.027]   [menu-state] write $ffa170 = 0000 mask=ff00 (pc=018062)
[   0.027]   [menu-state] write $ffa176 = 0000 mask=ff00 (pc=01afde)
[   0.027]   [header-byte] write $ffa513 = 00 mask=00ff (pc=01afe6)
[   0.162] CONTROL reset pulse start (pc=01823e, prev_bank=cmd)
[   0.162] [reset] discarded tx=0 rx=0
[   0.162] [epoch-reset] local=1 peer=1 queued_rx=0
[   0.401] [link-state] data=7f7f mask=ff00 pc=018334 watchdog=137 expect=5d rxhead=0000 rxtail=0000 rxpend=0000
[   0.418] [epoch-ready] local=1 peer=1
[   0.418] CMD $FE -> cabinet role=1 (ROM linkflag=81)
[   0.418] [link-state] data=8181 mask=ff00 pc=018358 watchdog=137 expect=5d rxhead=0000 rxtail=0000 rxpend=0000
[   0.418]   [header-byte] write $ffa513 = 00 mask=00ff (pc=01afe6)
[   0.435]   [menu-state] write $ffa173 = 8080 mask=00ff (pc=01939c)
[   0.435]   [menu-state] write $ffa171 = 8080 mask=00ff (pc=019466)
[   0.435]   [header-byte] write $ffa513 = 00 mask=00ff (pc=019e4a)
[   0.435]   [header-byte] write $ffa513 = 10 mask=00ff (pc=019e5a)
[   0.435]   [header-byte] write $ffa513 = 00 mask=00ff (pc=01afe6)
[   0.435]   [header-byte] write $ffa513 = 10 mask=00ff (pc=01affe)
[   0.468]   [header-byte] write $ffa517 = 00 mask=00ff (pc=018446)
[   0.468] [packet-accepted] total=1 seq=00 flags=00 status=00 pc=01845e
[   0.485]   [header-byte] write $ffa517 = 10 mask=00ff (pc=018446)
[   0.485] [packet-accepted] total=2 seq=01 flags=00 status=10 pc=01845e
[   0.501]   [header-byte] write $ffa517 = 00 mask=00ff (pc=018446)
[   0.501] [packet-accepted] total=3 seq=02 flags=00 status=00 pc=01845e
[   0.535]   [header-byte] write $ffa517 = 10 mask=00ff (pc=018446)
[   0.535] [packet-accepted] total=4 seq=03 flags=00 status=10 pc=01845e
[   0.969]   [header-byte] write $ffa517 = 10 mask=00ff (pc=018446)
[   0.969]   [header-byte] write $ffa517 = 11 mask=00ff (pc=018446)
[   0.969]   [header-byte] write $ffa517 = 11 mask=00ff (pc=018446)
[   1.001] heartbeat frame=60 tx=9 rx=21 fc=1 fd=10 fe=1 linkflag=81 pc=00028a a502=00 a524=0000 a525=00 a170=00 a17f=00 txtail=0009 rxpend=0000
[   1.001] [transport] captured=9 flushed=9 received=21 accepted=7 payload2=0 payload3=0 payload4=0 payload5=0 pump_reads=39 bursts=3 txcredit=0 outq=0 inq=0 watchdog=1 txseq=03 rxseq=07 rxcredit=0 protection=00 checks=0000
[   1.001] [epochs] local=1 peer=1 ready=true discarded_rx=0
[   1.001] [game-state] a142=04 a13e=01 a13f=01 a530=0301 a506=00 a507=00 a508=00 a7b0=0000 a7a6=0000 script=019f80 mode=01 rule=01 base=120 margin=6 difficulty=2 preset=0
[   1.001] [tcb-continuations] ffa580=ff80->018392 sleep=0 local26=7710 ffa5c0=ff80->01853c sleep=0 local26=0300 ffd100=ff80->01b388 sleep=129 local26=0000
[   1.353]   [header-byte] write $ffa517 = 11 mask=00ff (pc=018446)
[   1.853]   [header-byte] write $ffa517 = 11 mask=00ff (pc=018446)
[   2.003] heartbeat frame=120 tx=15 rx=27 fc=1 fd=10 fe=1 linkflag=81 pc=000288 a502=00 a524=0000 a525=00 a170=00 a17f=00 txtail=000f rxpend=0000
[   2.003] [transport] captured=15 flushed=15 received=27 accepted=9 payload2=0 payload3=0 payload4=0 payload5=0 pump_reads=101 bursts=5 txcredit=0 outq=0 inq=0 watchdog=8 txseq=05 rxseq=09 rxcredit=0 protection=00 checks=0000
[   2.003] [epochs] local=1 peer=1 ready=true discarded_rx=0
[   2.003] [tcb-continuations] ffa580=ff80->018392 sleep=0 local26=7710 ffa5c0=ff80->01853c sleep=0 local26=0300 ffd100=ff80->01b388 sleep=69 local26=0000
[   2.354]   [header-byte] write $ffa517 = 11 mask=00ff (pc=018446)
[   2.855]   [header-byte] write $ffa517 = 11 mask=00ff (pc=018446)
[   3.004] heartbeat frame=180 tx=21 rx=33 fc=1 fd=10 fe=1 linkflag=81 pc=00028a a502=00 a524=0000 a525=00 a170=00 a17f=00 txtail=0015 rxpend=0000
[   3.004] [transport] captured=21 flushed=21 received=33 accepted=11 payload2=0 payload3=0 payload4=0 payload5=0 pump_reads=163 bursts=7 txcredit=0 outq=0 inq=0 watchdog=8 txseq=07 rxseq=0b rxcredit=0 protection=00 checks=0000
[   3.004] [epochs] local=1 peer=1 ready=true discarded_rx=0
[   3.004] [tcb-continuations] ffa580=ff80->018392 sleep=0 local26=7710 ffa5c0=ff80->01853c sleep=0 local26=0300 ffd100=ff80->01b388 sleep=9 local26=0000
[   3.262]   [menu-state] write $ffa170 = 0909 mask=ff00 (pc=018062)
[   3.262]   [menu-state] write $ffa176 = 0000 mask=ff00 (pc=01afde)
[   3.262]   [header-byte] write $ffa513 = 00 mask=00ff (pc=01afe6)
[   3.262]   [header-byte] write $ffa513 = 10 mask=00ff (pc=01affe)
[   3.262]   [header-byte] write $ffa513 = 11 mask=00ff (pc=01b034)
[   3.294] [protection-checksum] data=0101 mask=00ff pc=01b0bc
[   3.294] [protection-checksum] data=0000 mask=00ff pc=01b11a
[   3.359]   [header-byte] write $ffa517 = 11 mask=00ff (pc=018446)
[   3.873]   [header-byte] write $ffa517 = 11 mask=00ff (pc=018446)
[   4.005] heartbeat frame=240 tx=27 rx=39 fc=1 fd=10 fe=1 linkflag=81 pc=00028a a502=00 a524=0000 a525=00 a170=09 a17f=00 txtail=001b rxpend=0000
[   4.005] [transport] captured=27 flushed=27 received=39 accepted=13 payload2=0 payload3=0 payload4=0 payload5=0 pump_reads=225 bursts=9 txcredit=0 outq=0 inq=0 watchdog=7 txseq=09 rxseq=0d rxcredit=0 protection=00 checks=0000
[   4.005] [epochs] local=1 peer=1 ready=true discarded_rx=0
[   4.005] [game-state] a142=04 a13e=01 a13f=01 a530=0301 a506=00 a507=00 a508=00 a7b0=0000 a7a6=0000 script=01a004 mode=00 rule=01 base=120 margin=6 difficulty=2 preset=0
[   4.005] [tcb-continuations] ffa580=ff80->018392 sleep=0 local26=7710 ffa5c0=ff80->01853c sleep=0 local26=0b00 ffd100=ff80->01b4ee sleep=0 local26=0000 ffd140=ff80->00628e sleep=0 local26=008a
[   4.373]   [header-byte] write $ffa517 = 11 mask=00ff (pc=018446)
[   4.874]   [header-byte] write $ffa517 = 11 mask=00ff (pc=018446)
[   5.006] heartbeat frame=300 tx=33 rx=45 fc=1 fd=10 fe=1 linkflag=81 pc=00028a a502=00 a524=0000 a525=00 a170=09 a17f=00 txtail=0021 rxpend=0000
[   5.006] [transport] captured=33 flushed=33 received=45 accepted=15 payload2=0 payload3=0 payload4=0 payload5=0 pump_reads=287 bursts=11 txcredit=0 outq=0 inq=0 watchdog=7 txseq=0b rxseq=0f rxcredit=0 protection=00 checks=0000
[   5.006] [epochs] local=1 peer=1 ready=true discarded_rx=0
[   5.006] [tcb-continuations] ffa580=ff80->018392 sleep=0 local26=7710 ffa5c0=ff80->01853c sleep=0 local26=0b00 ffd100=ff80->01b4ee sleep=0 local26=0000 ffd140=ff80->00628e sleep=0 local26=004e
[   5.374]   [header-byte] write $ffa517 = 11 mask=00ff (pc=018446)
[   5.875]   [header-byte] write $ffa517 = 11 mask=00ff (pc=018446)
[   6.008] heartbeat frame=360 tx=39 rx=51 fc=1 fd=10 fe=1 linkflag=81 pc=00028a a502=00 a524=0000 a525=00 a170=09 a17f=00 txtail=0027 rxpend=0000
[   6.008] [transport] captured=39 flushed=39 received=51 accepted=17 payload2=0 payload3=0 payload4=0 payload5=0 pump_reads=349 bursts=13 txcredit=0 outq=0 inq=0 watchdog=7 txseq=0d rxseq=11 rxcredit=0 protection=00 checks=0000
[   6.008] [epochs] local=1 peer=1 ready=true discarded_rx=0
[   6.008] [tcb-continuations] ffa580=ff80->018392 sleep=0 local26=7710 ffa5c0=ff80->01853c sleep=0 local26=0b00 ffd100=ff80->01b4ee sleep=0 local26=0000 ffd140=ff80->00628e sleep=0 local26=0012
[   6.376]   [header-byte] write $ffa517 = 11 mask=00ff (pc=018446)
[   7.009] heartbeat frame=420 tx=45 rx=54 fc=1 fd=10 fe=1 linkflag=81 pc=00028a a502=00 a524=0000 a525=00 a170=09 a17f=00 txtail=002d rxpend=0000
[   7.009] [transport] captured=45 flushed=45 received=54 accepted=18 payload2=0 payload3=0 payload4=0 payload5=0 pump_reads=410 bursts=15 txcredit=0 outq=0 inq=0 watchdog=36 txseq=0f rxseq=12 rxcredit=0 protection=00 checks=0000
[   7.009] [epochs] local=1 peer=1 ready=true discarded_rx=0
[   7.009] [game-state] a142=04 a13e=01 a13f=01 a530=0301 a506=00 a507=00 a508=00 a7b0=0000 a7a6=0000 script=01f582 mode=00 rule=01 base=120 margin=6 difficulty=2 preset=0
[   7.009] [tcb-continuations] ffa580=ff80->018392 sleep=0 local26=7710 ffa5c0=ff80->01853c sleep=0 local26=0a00 ffd100=ff80->018fcc sleep=0 local26=0000 ffd140=ff80->0250ba sleep=147 local26=0000 ffd180=ff80->024fe2 sleep=0 local26=0000
[   7.294]   [header-byte] write $ffa517 = 11 mask=00ff (pc=018446)
[   7.794]   [header-byte] write $ffa517 = 11 mask=00ff (pc=018446)
[   8.010] heartbeat frame=480 tx=51 rx=60 fc=1 fd=10 fe=1 linkflag=81 pc=000288 a502=00 a524=0000 a525=00 a170=09 a17f=00 txtail=0033 rxpend=0000
[   8.010] [transport] captured=51 flushed=51 received=60 accepted=20 payload2=0 payload3=0 payload4=0 payload5=0 pump_reads=472 bursts=17 txcredit=0 outq=0 inq=0 watchdog=12 txseq=11 rxseq=14 rxcredit=0 protection=00 checks=0000
[   8.010] [epochs] local=1 peer=1 ready=true discarded_rx=0
[   8.010] [tcb-continuations] ffa580=ff80->018392 sleep=0 local26=7710 ffa5c0=ff80->01853c sleep=0 local26=0a00 ffd100=ff80->018fcc sleep=0 local26=0000 ffd140=ff80->0250ba sleep=87 local26=0000 ffd180=ff80->024fe2 sleep=0 local26=0000
[   8.545]   [header-byte] write $ffa517 = 11 mask=00ff (pc=018446)
[   9.012] heartbeat frame=540 tx=57 rx=63 fc=1 fd=10 fe=1 linkflag=81 pc=000288 a502=00 a524=0000 a525=00 a170=09 a17f=00 txtail=0039 rxpend=0000
[   9.012] [transport] captured=57 flushed=57 received=63 accepted=21 payload2=0 payload3=0 payload4=0 payload5=0 pump_reads=533 bursts=19 txcredit=0 outq=0 inq=0 watchdog=27 txseq=13 rxseq=15 rxcredit=0 protection=00 checks=0000
[   9.012] [epochs] local=1 peer=1 ready=true discarded_rx=0
[   9.012] [tcb-continuations] ffa580=ff80->018392 sleep=0 local26=7710 ffa5c0=ff80->01853c sleep=0 local26=0a00 ffd100=ff80->018fcc sleep=0 local26=0000 ffd140=ff80->0250ba sleep=27 local26=0000 ffd180=ff80->024fe2 sleep=0 local26=0000
[   9.046]   [header-byte] write $ffa517 = 11 mask=00ff (pc=018446)
[   9.263]   [header-byte] write $ffa517 = 13 mask=00ff (pc=018446)
[   9.279]   [menu-state] write $ffa170 = 8888 mask=ff00 (pc=018062)
[   9.279]   [menu-state] write $ffa176 = 0000 mask=ff00 (pc=01afde)
[   9.279]   [header-byte] write $ffa513 = 00 mask=00ff (pc=01afe6)
[   9.279]   [header-byte] write $ffa513 = 10 mask=00ff (pc=01affe)
[   9.279]   [header-byte] write $ffa513 = 11 mask=00ff (pc=01b034)
[   9.279]   [header-byte] write $ffa513 = 15 mask=00ff (pc=01b044)
[   9.305]   [menu-state] write $ffa170 = 0808 mask=ff00 (pc=018062)
[   9.305]   [menu-state] write $ffa176 = 0000 mask=ff00 (pc=01afde)
[   9.305]   [header-byte] write $ffa513 = 00 mask=00ff (pc=01afe6)
[   9.305]   [header-byte] write $ffa513 = 10 mask=00ff (pc=01affe)
[   9.305]   [header-byte] write $ffa513 = 11 mask=00ff (pc=01b034)
[   9.334]   [header-byte] write $ffa513 = 13 mask=00ff (pc=0189b4)
[   9.334]   [menu-state] write $ffa17f = 0000 mask=00ff (pc=0189c2)
[   9.964]   [header-byte] write $ffa517 = 13 mask=00ff (pc=018446)
[   9.964] [packet-accepted] total=24 seq=17 flags=04 status=13 pc=01845e command=13 arg=01
[   9.980]   [header-byte] write $ffa517 = 13 mask=00ff (pc=018446)
[   9.980] [packet-accepted] total=25 seq=18 flags=04 status=13 pc=01845e command=13 arg=01
[   9.997]   [header-byte] write $ffa517 = 13 mask=00ff (pc=018446)
[   9.997] [packet-accepted] total=26 seq=19 flags=04 status=13 pc=01845e command=13 arg=01
[  10.013] heartbeat frame=600 tx=63 rx=84 fc=1 fd=10 fe=1 linkflag=81 pc=00028a a502=00 a524=0000 a525=00 a170=08 a17f=00 txtail=003f rxpend=0000
[  10.013] [transport] captured=63 flushed=63 received=84 accepted=26 payload2=3 payload3=0 payload4=0 payload5=0 pump_reads=598 bursts=21 txcredit=0 outq=0 inq=0 watchdog=0 txseq=15 rxseq=1a rxcredit=5 protection=00 checks=0000
[  10.013] [epochs] local=1 peer=1 ready=true discarded_rx=0
[  10.013] [game-state] a142=04 a13e=00 a13f=00 a530=0301 a506=03 a507=00 a508=01 a7b0=0000 a7a6=1301 script=01a39e mode=01 rule=01 base=120 margin=6 difficulty=2 preset=0
[  10.013] [tcb-continuations] ffa580=ff80->018392 sleep=0 local26=7710 ffa5c0=ff80->01853c sleep=0 local26=1700 ffd040=ff80->0189c6 sleep=0 local26=0300
[  10.014]   [header-byte] write $ffa517 = 13 mask=00ff (pc=018446)
[  10.014] [packet-accepted] total=27 seq=1a flags=04 status=13 pc=01845e command=13 arg=01
[  10.038]   [header-byte] write $ffa517 = 13 mask=00ff (pc=018446)
[  10.038] [packet-accepted] total=28 seq=1b flags=04 status=13 pc=01845e command=13 arg=01
[  10.055]   [header-byte] write $ffa517 = 13 mask=00ff (pc=018446)
[  10.055] [packet-accepted] total=29 seq=1c flags=04 status=13 pc=01845e command=13 arg=01
[  10.065]   [header-byte] write $ffa517 = 13 mask=00ff (pc=018446)
[  10.065] [packet-accepted] total=30 seq=1d flags=04 status=13 pc=01845e command=13 arg=01
[  10.082]   [header-byte] write $ffa517 = 13 mask=00ff (pc=018446)
[  10.082] [packet-accepted] total=31 seq=1e flags=04 status=13 pc=01845e command=13 arg=01
[  10.099]   [header-byte] write $ffa517 = 13 mask=00ff (pc=018446)
[  10.099] [packet-accepted] total=32 seq=1f flags=04 status=13 pc=01845e command=13 arg=01
[  10.115]   [header-byte] write $ffa517 = 13 mask=00ff (pc=018446)
[  10.115] [packet-accepted] total=33 seq=20 flags=04 status=13 pc=01845e command=13 arg=01
[  10.132]   [header-byte] write $ffa517 = 13 mask=00ff (pc=018446)
[  10.132] [packet-accepted] total=34 seq=21 flags=04 status=13 pc=01845e command=13 arg=01
[  10.149]   [header-byte] write $ffa517 = 13 mask=00ff (pc=018446)
[  10.149] [packet-accepted] total=35 seq=22 flags=04 status=13 pc=01845e command=13 arg=01
[  10.166]   [header-byte] write $ffa517 = 13 mask=00ff (pc=018446)
[  10.166] [packet-accepted] total=36 seq=23 flags=04 status=13 pc=01845e command=13 arg=01
[  10.182]   [header-byte] write $ffa517 = 13 mask=00ff (pc=018446)
[  10.182] [packet-accepted] total=37 seq=24 flags=04 status=13 pc=01845e command=13 arg=01
[  10.200]   [header-byte] write $ffa517 = 13 mask=00ff (pc=018446)
[  10.200] [packet-accepted] total=38 seq=25 flags=04 status=13 pc=01845e command=13 arg=01
[  10.216]   [header-byte] write $ffa517 = 13 mask=00ff (pc=018446)
[  10.216] [packet-accepted] total=39 seq=26 flags=04 status=13 pc=01845e command=13 arg=01
[  10.232]   [header-byte] write $ffa517 = 13 mask=00ff (pc=018446)
[  10.232] [packet-accepted] total=40 seq=27 flags=04 status=13 pc=01845e command=13 arg=01
[  10.249]   [header-byte] write $ffa517 = 13 mask=00ff (pc=018446)
[  10.249] [packet-accepted] total=41 seq=28 flags=04 status=13 pc=01845e command=13 arg=01
[  10.266]   [header-byte] write $ffa517 = 13 mask=00ff (pc=018446)
[  10.266] [packet-accepted] total=42 seq=29 flags=04 status=13 pc=01845e command=13 arg=01
[  10.282]   [header-byte] write $ffa517 = 13 mask=00ff (pc=018446)
[  10.282] [packet-accepted] total=43 seq=2a flags=04 status=13 pc=01845e command=13 arg=01
[  10.299]   [header-byte] write $ffa517 = 13 mask=00ff (pc=018446)
[  10.299] [packet-accepted] total=44 seq=2b flags=04 status=13 pc=01845e command=13 arg=01
[  10.316]   [header-byte] write $ffa517 = 13 mask=00ff (pc=018446)
[  10.316] [packet-accepted] total=45 seq=2c flags=04 status=13 pc=01845e command=13 arg=01
[  10.332]   [header-byte] write $ffa517 = 13 mask=00ff (pc=018446)
[  10.332] [packet-accepted] total=46 seq=2d flags=04 status=13 pc=01845e command=13 arg=01
[  10.351]   [header-byte] write $ffa517 = 13 mask=00ff (pc=018446)
[  10.351] [packet-accepted] total=47 seq=2e flags=04 status=13 pc=01845e command=13 arg=01
[  10.366]   [header-byte] write $ffa517 = 13 mask=00ff (pc=018446)
[  10.366] [packet-accepted] total=48 seq=2f flags=04 status=13 pc=01845e command=13 arg=01
[  10.382]   [header-byte] write $ffa517 = 13 mask=00ff (pc=018446)
[  10.382] [packet-accepted] total=49 seq=30 flags=04 status=13 pc=01845e command=13 arg=01
[  10.399]   [header-byte] write $ffa517 = 13 mask=00ff (pc=018446)
[  10.399] [packet-accepted] total=50 seq=31 flags=04 status=13 pc=01845e command=13 arg=01
[  10.416]   [header-byte] write $ffa517 = 13 mask=00ff (pc=018446)
[  10.416] [packet-accepted] total=51 seq=32 flags=04 status=13 pc=01845e command=13 arg=01
[  10.433]   [header-byte] write $ffa517 = 13 mask=00ff (pc=018446)
[  10.433] [packet-accepted] total=52 seq=33 flags=04 status=13 pc=01845e command=13 arg=01
[  10.449]   [header-byte] write $ffa517 = 13 mask=00ff (pc=018446)
[  10.449] [packet-accepted] total=53 seq=34 flags=04 status=13 pc=01845e command=13 arg=01
[  10.466]   [header-byte] write $ffa517 = 13 mask=00ff (pc=018446)
[  10.466] [packet-accepted] total=54 seq=35 flags=04 status=13 pc=01845e command=13 arg=01
[  10.483]   [header-byte] write $ffa517 = 13 mask=00ff (pc=018446)
[  10.483] [packet-accepted] total=55 seq=36 flags=04 status=13 pc=01845e command=13 arg=01
[  10.499]   [header-byte] write $ffa517 = 13 mask=00ff (pc=018446)
[  10.499] [packet-accepted] total=56 seq=37 flags=04 status=13 pc=01845e command=13 arg=01
[  10.518]   [header-byte] write $ffa517 = 13 mask=00ff (pc=018446)
[  10.518] [packet-accepted] total=57 seq=38 flags=04 status=13 pc=01845e command=13 arg=01
[  10.533]   [header-byte] write $ffa517 = 13 mask=00ff (pc=018446)
[  10.533] [packet-accepted] total=58 seq=39 flags=04 status=13 pc=01845e command=13 arg=01
[  10.550]   [header-byte] write $ffa517 = 13 mask=00ff (pc=018446)
[  10.550] [packet-accepted] total=59 seq=3a flags=04 status=13 pc=01845e command=13 arg=01
[  10.566]   [header-byte] write $ffa517 = 13 mask=00ff (pc=018446)
[  10.566] [packet-accepted] total=60 seq=3b flags=04 status=13 pc=01845e command=13 arg=01
[  10.583]   [header-byte] write $ffa517 = 13 mask=00ff (pc=018446)
[  10.583] [packet-accepted] total=61 seq=3c flags=04 status=13 pc=01845e command=13 arg=01
[  10.600]   [header-byte] write $ffa517 = 13 mask=00ff (pc=018446)
[  10.600] [packet-accepted] total=62 seq=3d flags=04 status=13 pc=01845e command=13 arg=01
[  10.616]   [header-byte] write $ffa517 = 13 mask=00ff (pc=018446)
[  10.616] [packet-accepted] total=63 seq=3e flags=04 status=13 pc=01845e command=13 arg=01
[  10.633]   [header-byte] write $ffa517 = 13 mask=00ff (pc=018446)
[  10.633] [packet-accepted] total=64 seq=3f flags=04 status=13 pc=01845e command=13 arg=01
[  10.650]   [header-byte] write $ffa517 = 13 mask=00ff (pc=018446)
[  10.650] [packet-accepted] total=65 seq=40 flags=04 status=13 pc=01845e command=13 arg=01
[  10.666]   [header-byte] write $ffa517 = 13 mask=00ff (pc=018446)
[  10.666] [packet-accepted] total=66 seq=41 flags=04 status=13 pc=01845e command=13 arg=01
[  10.683]   [header-byte] write $ffa517 = 13 mask=00ff (pc=018446)
[  10.683] [packet-accepted] total=67 seq=42 flags=04 status=13 pc=01845e command=13 arg=01
[  10.700]   [header-byte] write $ffa517 = 13 mask=00ff (pc=018446)
[  10.700] [packet-accepted] total=68 seq=43 flags=04 status=13 pc=01845e command=13 arg=01
[  10.716]   [header-byte] write $ffa517 = 13 mask=00ff (pc=018446)
[  10.716] [packet-accepted] total=69 seq=44 flags=04 status=13 pc=01845e command=13 arg=01
[  10.733]   [header-byte] write $ffa517 = 13 mask=00ff (pc=018446)
[  10.733] [packet-accepted] total=70 seq=45 flags=04 status=13 pc=01845e command=13 arg=01
[  10.750]   [header-byte] write $ffa517 = 13 mask=00ff (pc=018446)
[  10.750] [packet-accepted] total=71 seq=46 flags=04 status=13 pc=01845e command=13 arg=01
[  10.766]   [header-byte] write $ffa517 = 13 mask=00ff (pc=018446)
[  10.766] [packet-accepted] total=72 seq=47 flags=04 status=13 pc=01845e command=13 arg=01
[  10.783]   [header-byte] write $ffa517 = 13 mask=00ff (pc=018446)
[  10.783] [packet-accepted] total=73 seq=48 flags=04 status=13 pc=01845e command=13 arg=01
[  10.800]   [header-byte] write $ffa517 = 13 mask=00ff (pc=018446)
[  10.800] [packet-accepted] total=74 seq=49 flags=04 status=13 pc=01845e command=13 arg=01
[  10.816]   [header-byte] write $ffa517 = 13 mask=00ff (pc=018446)
[  10.816] [packet-accepted] total=75 seq=4a flags=04 status=13 pc=01845e command=13 arg=01
[  10.835]   [header-byte] write $ffa517 = 13 mask=00ff (pc=018446)
[  10.835] [packet-accepted] total=76 seq=4b flags=04 status=13 pc=01845e command=13 arg=01
[  10.850]   [header-byte] write $ffa517 = 13 mask=00ff (pc=018446)
[  10.850] [packet-accepted] total=77 seq=4c flags=04 status=13 pc=01845e command=13 arg=01
[  10.867]   [header-byte] write $ffa517 = 13 mask=00ff (pc=018446)
[  10.867] [packet-accepted] total=78 seq=4d flags=04 status=13 pc=01845e command=13 arg=01
[  10.883]   [header-byte] write $ffa517 = 13 mask=00ff (pc=018446)
[  10.883] [packet-accepted] total=79 seq=4e flags=04 status=13 pc=01845e command=13 arg=01
[  10.900]   [header-byte] write $ffa517 = 13 mask=00ff (pc=018446)
[  10.900] [packet-accepted] total=80 seq=4f flags=04 status=13 pc=01845e command=13 arg=01
[  10.917]   [header-byte] write $ffa517 = 13 mask=00ff (pc=018446)
[  10.917] [packet-accepted] total=81 seq=50 flags=04 status=13 pc=01845e command=13 arg=01
[  10.933]   [header-byte] write $ffa517 = 13 mask=00ff (pc=018446)
[  10.933] [packet-accepted] total=82 seq=51 flags=04 status=13 pc=01845e command=13 arg=01
[  10.950]   [header-byte] write $ffa517 = 13 mask=00ff (pc=018446)
[  10.950] [packet-accepted] total=83 seq=52 flags=04 status=13 pc=01845e command=13 arg=01
[  10.967]   [header-byte] write $ffa517 = 13 mask=00ff (pc=018446)
[  10.967] [packet-accepted] total=84 seq=53 flags=04 status=13 pc=01845e command=13 arg=01
[  10.985]   [header-byte] write $ffa517 = 13 mask=00ff (pc=018446)
[  10.985] [packet-accepted] total=85 seq=54 flags=04 status=13 pc=01845e command=13 arg=01
[  11.000]   [header-byte] write $ffa517 = 13 mask=00ff (pc=018446)
[  11.000] [packet-accepted] total=86 seq=55 flags=04 status=13 pc=01845e command=13 arg=01
[  11.014] heartbeat frame=660 tx=348 rx=384 fc=1 fd=10 fe=1 linkflag=81 pc=00028a a502=00 a524=0005 a525=05 a170=08 a17f=00 txtail=005c rxpend=0000
[  11.014] [transport] captured=348 flushed=348 received=384 accepted=86 payload2=63 payload3=0 payload4=0 payload5=0 pump_reads=718 bursts=78 txcredit=0 outq=0 inq=0 watchdog=0 txseq=4f rxseq=56 rxcredit=5 protection=00 checks=0000
[  11.014] [epochs] local=1 peer=1 ready=true discarded_rx=0
[  11.014] [tcb-continuations] ffa580=ff80->018392 sleep=0 local26=7710 ffa5c0=ff80->01853c sleep=0 local26=0000 ffd040=ff80->018a40 sleep=0 local26=0300 ffd080=ff80->018ee4 sleep=0 local26=0000 ffd0c0=ff80->018ee4 sleep=0 local26=0000 ffd100=ff80->01fbb4 sleep=0 local26=0000 ffd140=ff80->01fbb6 sleep=0 local26=0002 ffd180=ff80->01fbb6 sleep=0 local26=00a2 ffd1c0=ff80->01fbb6 sleep=0 local26=01c2 ffd200=ff80->01fbb6 sleep=0 local26=02e2 ffd240=ff80->01902e sleep=0 local26=0000 ffd280=ff80->01ffe2 sleep=0 local26=0000 ffd2c0=ff80->020004 sleep=0 local26=0002 ffd300=ff80->020004 sleep=0 local26=0000 ffd340=ff80->01febe sleep=0 local26=0000 ffd380=ff80->01fedc sleep=0 local26=0000 ffd3c0=ff80->01febe sleep=0 local26=0000 ffd400=ff80->01fedc sleep=0 local26=0000
[  11.016]   [header-byte] write $ffa517 = 13 mask=00ff (pc=018446)
[  11.016] [packet-accepted] total=87 seq=56 flags=04 status=13 pc=01845e command=13 arg=01
[  11.033]   [header-byte] write $ffa517 = 13 mask=00ff (pc=018446)
[  11.033] [packet-accepted] total=88 seq=57 flags=04 status=13 pc=01845e command=13 arg=01
[  11.050]   [header-byte] write $ffa517 = 13 mask=00ff (pc=018446)
[  11.050] [packet-accepted] total=89 seq=58 flags=04 status=13 pc=01845e command=13 arg=01
[  11.067]   [header-byte] write $ffa517 = 13 mask=00ff (pc=018446)
[  11.067] [packet-accepted] total=90 seq=59 flags=04 status=13 pc=01845e command=13 arg=01
[  11.083]   [header-byte] write $ffa517 = 13 mask=00ff (pc=018446)
[  11.083] [packet-accepted] total=91 seq=5a flags=04 status=13 pc=01845e command=13 arg=01
[  11.100]   [header-byte] write $ffa517 = 13 mask=00ff (pc=018446)
[  11.100] [packet-accepted] total=92 seq=5b flags=04 status=13 pc=01845e command=13 arg=01
[  11.117]   [header-byte] write $ffa517 = 13 mask=00ff (pc=018446)
[  11.117] [packet-accepted] total=93 seq=5c flags=04 status=13 pc=01845e command=13 arg=01
[  11.133]   [header-byte] write $ffa517 = 13 mask=00ff (pc=018446)
[  11.133] [packet-accepted] total=94 seq=5d flags=04 status=13 pc=01845e command=13 arg=01
[  11.150]   [header-byte] write $ffa517 = 13 mask=00ff (pc=018446)
[  11.150] [packet-accepted] total=95 seq=5e flags=04 status=13 pc=01845e command=13 arg=01
[  11.166]   [header-byte] write $ffa517 = 13 mask=00ff (pc=018446)
[  11.166] [packet-accepted] total=96 seq=5f flags=04 status=13 pc=01845e command=13 arg=01
[  11.183]   [header-byte] write $ffa517 = 13 mask=00ff (pc=018446)
[  11.183] [packet-accepted] total=97 seq=60 flags=04 status=13 pc=01845e command=13 arg=01
[  11.200]   [header-byte] write $ffa517 = 13 mask=00ff (pc=018446)
[  11.200] [packet-accepted] total=98 seq=61 flags=04 status=13 pc=01845e command=13 arg=01
[  11.217]   [header-byte] write $ffa517 = 13 mask=00ff (pc=018446)
[  11.217] [packet-accepted] total=99 seq=62 flags=04 status=13 pc=01845e command=13 arg=01
[  11.233]   [header-byte] write $ffa517 = 13 mask=00ff (pc=018446)
[  11.233] [packet-accepted] total=100 seq=63 flags=04 status=13 pc=01845e command=13 arg=01
[  11.250]   [header-byte] write $ffa517 = 13 mask=00ff (pc=018446)
[  11.250] [packet-accepted] total=101 seq=64 flags=04 status=13 pc=01845e command=13 arg=01
[  11.267]   [header-byte] write $ffa517 = 13 mask=00ff (pc=018446)
[  11.267] [packet-accepted] total=102 seq=65 flags=04 status=13 pc=01845e command=13 arg=01
[  11.283]   [header-byte] write $ffa517 = 13 mask=00ff (pc=018446)
[  11.283] [packet-accepted] total=103 seq=66 flags=04 status=13 pc=01845e command=13 arg=01
[  11.302]   [header-byte] write $ffa517 = 13 mask=00ff (pc=018446)
[  11.302] [packet-accepted] total=104 seq=67 flags=04 status=13 pc=01845e command=13 arg=01
[  11.317]   [header-byte] write $ffa517 = 13 mask=00ff (pc=018446)
[  11.317] [packet-accepted] total=105 seq=68 flags=04 status=13 pc=01845e command=13 arg=01
[  11.334]   [header-byte] write $ffa517 = 13 mask=00ff (pc=018446)
[  11.334] [packet-accepted] total=106 seq=69 flags=04 status=13 pc=01845e command=13 arg=01
[  11.350]   [header-byte] write $ffa517 = 13 mask=00ff (pc=018446)
[  11.350] [packet-accepted] total=107 seq=6a flags=04 status=13 pc=01845e command=13 arg=01
[  11.367]   [header-byte] write $ffa517 = 13 mask=00ff (pc=018446)
[  11.367] [packet-accepted] total=108 seq=6b flags=04 status=13 pc=01845e command=13 arg=01
[  11.384]   [header-byte] write $ffa517 = 13 mask=00ff (pc=018446)
[  11.384] [packet-accepted] total=109 seq=6c flags=04 status=13 pc=01845e command=13 arg=01
[  11.400]   [header-byte] write $ffa517 = 13 mask=00ff (pc=018446)
[  11.400] [packet-accepted] total=110 seq=6d flags=04 status=13 pc=01845e command=13 arg=01
[  11.417]   [header-byte] write $ffa517 = 13 mask=00ff (pc=018446)
[  11.417] [packet-accepted] total=111 seq=6e flags=04 status=13 pc=01845e command=13 arg=01
[  11.434]   [header-byte] write $ffa517 = 13 mask=00ff (pc=018446)
[  11.434] [packet-accepted] total=112 seq=6f flags=04 status=13 pc=01845e command=13 arg=01
[  11.450]   [header-byte] write $ffa517 = 13 mask=00ff (pc=018446)
[  11.450] [packet-accepted] total=113 seq=70 flags=04 status=13 pc=01845e command=13 arg=01
[  11.469]   [header-byte] write $ffa517 = 13 mask=00ff (pc=018446)
[  11.469] [packet-accepted] total=114 seq=71 flags=04 status=13 pc=01845e command=13 arg=01
[  11.484]   [header-byte] write $ffa517 = 13 mask=00ff (pc=018446)
[  11.484] [packet-accepted] total=115 seq=72 flags=04 status=13 pc=01845e command=13 arg=01
[  11.501]   [header-byte] write $ffa517 = 13 mask=00ff (pc=018446)
[  11.501] [packet-accepted] total=116 seq=73 flags=04 status=13 pc=01845e command=13 arg=01
[  11.517]   [header-byte] write $ffa517 = 13 mask=00ff (pc=018446)
[  11.517] [packet-accepted] total=117 seq=74 flags=04 status=13 pc=01845e command=13 arg=01
[  11.534]   [header-byte] write $ffa517 = 13 mask=00ff (pc=018446)
[  11.534] [packet-accepted] total=118 seq=75 flags=04 status=13 pc=01845e command=13 arg=01
[  11.551]   [header-byte] write $ffa517 = 13 mask=00ff (pc=018446)
[  11.551] [packet-accepted] total=119 seq=76 flags=04 status=13 pc=01845e command=13 arg=01
[  11.567]   [header-byte] write $ffa517 = 13 mask=00ff (pc=018446)
[  11.567] [packet-accepted] total=120 seq=77 flags=04 status=13 pc=01845e command=13 arg=01
[  11.584]   [header-byte] write $ffa517 = 13 mask=00ff (pc=018446)
[  11.584] [packet-accepted] total=121 seq=78 flags=04 status=13 pc=01845e command=13 arg=01
[  11.601]   [header-byte] write $ffa517 = 13 mask=00ff (pc=018446)
[  11.601] [packet-accepted] total=122 seq=79 flags=04 status=13 pc=01845e command=13 arg=01
[  11.617]   [header-byte] write $ffa517 = 13 mask=00ff (pc=018446)
[  11.617] [packet-accepted] total=123 seq=7a flags=04 status=13 pc=01845e command=13 arg=01
[  11.634]   [header-byte] write $ffa517 = 13 mask=00ff (pc=018446)
[  11.634] [packet-accepted] total=124 seq=7b flags=04 status=13 pc=01845e command=13 arg=01
[  11.650]   [header-byte] write $ffa517 = 13 mask=00ff (pc=018446)
[  11.650] [packet-accepted] total=125 seq=7c flags=04 status=13 pc=01845e command=13 arg=01
[  11.667]   [header-byte] write $ffa517 = 13 mask=00ff (pc=018446)
[  11.667] [packet-accepted] total=126 seq=7d flags=04 status=13 pc=01845e command=13 arg=01
[  11.684]   [header-byte] write $ffa517 = 13 mask=00ff (pc=018446)
[  11.684] [packet-accepted] total=127 seq=7e flags=04 status=13 pc=01845e command=13 arg=01
[  11.701]   [header-byte] write $ffa517 = 13 mask=00ff (pc=018446)
[  11.701] [packet-accepted] total=128 seq=7f flags=04 status=13 pc=01845e command=13 arg=01
[  11.717]   [header-byte] write $ffa517 = 13 mask=00ff (pc=018446)
[  11.717] [packet-accepted] total=129 seq=80 flags=04 status=13 pc=01845e command=13 arg=01
[  11.734]   [header-byte] write $ffa517 = 13 mask=00ff (pc=018446)
[  11.734] [packet-accepted] total=130 seq=81 flags=04 status=13 pc=01845e command=13 arg=01
[  11.751]   [header-byte] write $ffa517 = 13 mask=00ff (pc=018446)
[  11.751] [packet-accepted] total=131 seq=82 flags=04 status=13 pc=01845e command=13 arg=01
[  11.767]   [header-byte] write $ffa517 = 13 mask=00ff (pc=018446)
[  11.767] [packet-accepted] total=132 seq=83 flags=04 status=13 pc=01845e command=13 arg=01
[  11.786]   [header-byte] write $ffa517 = 13 mask=00ff (pc=018446)
[  11.786] [packet-accepted] total=133 seq=84 flags=04 status=13 pc=01845e command=13 arg=01
[  11.801]   [header-byte] write $ffa517 = 13 mask=00ff (pc=018446)
[  11.801] [packet-accepted] total=134 seq=85 flags=04 status=13 pc=01845e command=13 arg=01
[  11.818]   [header-byte] write $ffa517 = 13 mask=00ff (pc=018446)
[  11.818] [packet-accepted] total=135 seq=86 flags=04 status=13 pc=01845e command=13 arg=01
[  11.834]   [header-byte] write $ffa517 = 13 mask=00ff (pc=018446)
[  11.834] [packet-accepted] total=136 seq=87 flags=04 status=13 pc=01845e command=13 arg=01
[  11.851]   [header-byte] write $ffa517 = 13 mask=00ff (pc=018446)
[  11.851] [packet-accepted] total=137 seq=88 flags=04 status=13 pc=01845e command=13 arg=01
[  11.868]   [header-byte] write $ffa517 = 13 mask=00ff (pc=018446)
[  11.868] [packet-accepted] total=138 seq=89 flags=04 status=13 pc=01845e command=13 arg=01
[  11.884]   [header-byte] write $ffa517 = 13 mask=00ff (pc=018446)
[  11.884] [packet-accepted] total=139 seq=8a flags=04 status=13 pc=01845e command=13 arg=01
[  11.901]   [header-byte] write $ffa517 = 13 mask=00ff (pc=018446)
[  11.901] [packet-accepted] total=140 seq=8b flags=04 status=13 pc=01845e command=13 arg=01
[  11.918]   [header-byte] write $ffa517 = 13 mask=00ff (pc=018446)
[  11.918] [packet-accepted] total=141 seq=8c flags=04 status=13 pc=01845e command=13 arg=01
[  11.936]   [header-byte] write $ffa517 = 13 mask=00ff (pc=018446)
[  11.936] [packet-accepted] total=142 seq=8d flags=04 status=13 pc=01845e command=13 arg=01
[  11.951]   [header-byte] write $ffa517 = 13 mask=00ff (pc=018446)
[  11.951] [packet-accepted] total=143 seq=8e flags=04 status=13 pc=01845e command=13 arg=01
[  11.968]   [header-byte] write $ffa517 = 13 mask=00ff (pc=018446)
[  11.968] [packet-accepted] total=144 seq=8f flags=04 status=13 pc=01845e command=13 arg=01
[  11.985]   [header-byte] write $ffa517 = 13 mask=00ff (pc=018446)
[  11.985] [packet-accepted] total=145 seq=90 flags=04 status=13 pc=01845e command=13 arg=01
[  12.001]   [header-byte] write $ffa517 = 13 mask=00ff (pc=018446)
[  12.001] [packet-accepted] total=146 seq=91 flags=04 status=13 pc=01845e command=13 arg=01
[  12.015] heartbeat frame=720 tx=648 rx=684 fc=1 fd=10 fe=1 linkflag=81 pc=000288 a502=00 a524=0005 a525=05 a170=08 a17f=00 txtail=0088 rxpend=0000
[  12.015] [transport] captured=648 flushed=648 received=684 accepted=146 payload2=123 payload3=0 payload4=0 payload5=0 pump_reads=838 bursts=138 txcredit=0 outq=0 inq=0 watchdog=0 txseq=8b rxseq=92 rxcredit=5 protection=00 checks=0000
[  12.015] [epochs] local=1 peer=1 ready=true discarded_rx=0
[  12.015] [tcb-continuations] ffa580=ff80->018392 sleep=0 local26=7710 ffa5c0=ff80->01853c sleep=0 local26=0000 ffd040=ff80->018a40 sleep=0 local26=0300 ffd080=ff80->018ee4 sleep=0 local26=0000 ffd0c0=ff80->018ee4 sleep=0 local26=0000 ffd100=ff80->01fbb4 sleep=0 local26=0000 ffd140=ff80->01fbb6 sleep=0 local26=0002 ffd180=ff80->01fbb6 sleep=0 local26=00a2 ffd1c0=ff80->01fbb6 sleep=0 local26=01c2 ffd200=ff80->01fbb6 sleep=0 local26=02e2 ffd240=ff80->01902e sleep=0 local26=0000 ffd280=ff80->01ffe2 sleep=0 local26=0009 ffd2c0=ff80->020004 sleep=0 local26=0002 ffd300=ff80->020004 sleep=0 local26=0000 ffd340=ff80->01febe sleep=0 local26=0000 ffd380=ff80->01fedc sleep=0 local26=0000 ffd3c0=ff80->01febe sleep=0 local26=0000 ffd400=ff80->01fedc sleep=0 local26=0000
[  12.018]   [header-byte] write $ffa517 = 13 mask=00ff (pc=018446)
[  12.018] [packet-accepted] total=147 seq=92 flags=04 status=13 pc=01845e command=13 arg=01
[  12.035]   [header-byte] write $ffa517 = 13 mask=00ff (pc=018446)
[  12.035] [packet-accepted] total=148 seq=93 flags=04 status=13 pc=01845e command=13 arg=01
[  12.051]   [header-byte] write $ffa517 = 13 mask=00ff (pc=018446)
[  12.051] [packet-accepted] total=149 seq=94 flags=04 status=13 pc=01845e command=13 arg=01
[  12.068]   [header-byte] write $ffa517 = 13 mask=00ff (pc=018446)
[  12.068] [packet-accepted] total=150 seq=95 flags=04 status=13 pc=01845e command=13 arg=01
[  12.085]   [header-byte] write $ffa517 = 13 mask=00ff (pc=018446)
[  12.085] [packet-accepted] total=151 seq=96 flags=04 status=13 pc=01845e command=13 arg=01
[  12.101]   [header-byte] write $ffa517 = 13 mask=00ff (pc=018446)
[  12.101] [packet-accepted] total=152 seq=97 flags=04 status=13 pc=01845e command=13 arg=01
[  12.118]   [header-byte] write $ffa517 = 13 mask=00ff (pc=018446)
[  12.118] [packet-accepted] total=153 seq=98 flags=04 status=13 pc=01845e command=13 arg=01
[  12.135]   [header-byte] write $ffa517 = 13 mask=00ff (pc=018446)
[  12.135] [packet-accepted] total=154 seq=99 flags=04 status=13 pc=01845e command=13 arg=01
[  12.151]   [header-byte] write $ffa517 = 13 mask=00ff (pc=018446)
[  12.151] [packet-accepted] total=155 seq=9a flags=04 status=13 pc=01845e command=13 arg=01
[  12.168]   [header-byte] write $ffa517 = 13 mask=00ff (pc=018446)
[  12.168] [packet-accepted] total=156 seq=9b flags=04 status=13 pc=01845e command=13 arg=01
[  12.185]   [header-byte] write $ffa517 = 13 mask=00ff (pc=018446)
[  12.185] [packet-accepted] total=157 seq=9c flags=04 status=13 pc=01845e command=13 arg=01
[  12.202]   [header-byte] write $ffa517 = 13 mask=00ff (pc=018446)
[  12.202] [packet-accepted] total=158 seq=9d flags=04 status=13 pc=01845e command=13 arg=01
[  12.218]   [header-byte] write $ffa517 = 13 mask=00ff (pc=018446)
[  12.218] [packet-accepted] total=159 seq=9e flags=04 status=13 pc=01845e command=13 arg=01
[  12.235]   [header-byte] write $ffa517 = 13 mask=00ff (pc=018446)
[  12.235] [packet-accepted] total=160 seq=9f flags=04 status=13 pc=01845e command=13 arg=01
[  12.253]   [header-byte] write $ffa517 = 13 mask=00ff (pc=018446)
[  12.253] [packet-accepted] total=161 seq=a0 flags=04 status=13 pc=01845e command=13 arg=01
[  12.268]   [header-byte] write $ffa517 = 13 mask=00ff (pc=018446)
[  12.268] [packet-accepted] total=162 seq=a1 flags=04 status=13 pc=01845e command=13 arg=01
[  12.285]   [header-byte] write $ffa517 = 13 mask=00ff (pc=018446)
[  12.285] [packet-accepted] total=163 seq=a2 flags=04 status=13 pc=01845e command=13 arg=01
[  12.302]   [header-byte] write $ffa517 = 13 mask=00ff (pc=018446)
[  12.302] [packet-accepted] total=164 seq=a3 flags=04 status=13 pc=01845e command=13 arg=01
[  12.318]   [header-byte] write $ffa517 = 13 mask=00ff (pc=018446)
[  12.318] [packet-accepted] total=165 seq=a4 flags=04 status=13 pc=01845e command=13 arg=01
[  12.335]   [header-byte] write $ffa517 = 13 mask=00ff (pc=018446)
[  12.335] [packet-accepted] total=166 seq=a5 flags=04 status=13 pc=01845e command=13 arg=01
[  12.352]   [header-byte] write $ffa517 = 13 mask=00ff (pc=018446)
[  12.352] [packet-accepted] total=167 seq=a6 flags=04 status=13 pc=01845e command=13 arg=01
[  12.368]   [header-byte] write $ffa517 = 13 mask=00ff (pc=018446)
[  12.368] [packet-accepted] total=168 seq=a7 flags=04 status=13 pc=01845e command=13 arg=01
[  12.385]   [header-byte] write $ffa517 = 13 mask=00ff (pc=018446)
[  12.385] [packet-accepted] total=169 seq=a8 flags=04 status=13 pc=01845e command=13 arg=01
[  12.402]   [header-byte] write $ffa517 = 13 mask=00ff (pc=018446)
[  12.402] [packet-accepted] total=170 seq=a9 flags=04 status=13 pc=01845e command=13 arg=01
[  12.420]   [header-byte] write $ffa517 = 13 mask=00ff (pc=018446)
[  12.420] [packet-accepted] total=171 seq=aa flags=04 status=13 pc=01845e command=13 arg=01
[  12.435]   [header-byte] write $ffa517 = 13 mask=00ff (pc=018446)
[  12.435] [packet-accepted] total=172 seq=ab flags=04 status=13 pc=01845e command=13 arg=01
[  12.452]   [header-byte] write $ffa517 = 13 mask=00ff (pc=018446)
[  12.452] [packet-accepted] total=173 seq=ac flags=04 status=13 pc=01845e command=13 arg=01
[  12.469]   [header-byte] write $ffa517 = 13 mask=00ff (pc=018446)
[  12.469] [packet-accepted] total=174 seq=ad flags=04 status=13 pc=01845e command=13 arg=01
[  12.485]   [header-byte] write $ffa517 = 13 mask=00ff (pc=018446)
[  12.485] [packet-accepted] total=175 seq=ae flags=04 status=13 pc=01845e command=13 arg=01
[  12.502]   [header-byte] write $ffa517 = 13 mask=00ff (pc=018446)
[  12.502] [packet-accepted] total=176 seq=af flags=04 status=13 pc=01845e command=13 arg=01
[  12.519]   [header-byte] write $ffa517 = 13 mask=00ff (pc=018446)
[  12.519] [packet-accepted] total=177 seq=b0 flags=04 status=13 pc=01845e command=13 arg=01
[  12.535]   [header-byte] write $ffa517 = 13 mask=00ff (pc=018446)
[  12.535] [packet-accepted] total=178 seq=b1 flags=04 status=13 pc=01845e command=13 arg=01
[  12.552]   [header-byte] write $ffa517 = 13 mask=00ff (pc=018446)
[  12.552] [packet-accepted] total=179 seq=b2 flags=04 status=13 pc=01845e command=13 arg=01
[  12.569]   [header-byte] write $ffa517 = 13 mask=00ff (pc=018446)
[  12.569] [packet-accepted] total=180 seq=b3 flags=04 status=13 pc=01845e command=13 arg=01
[  12.585]   [header-byte] write $ffa517 = 13 mask=00ff (pc=018446)
[  12.585] [packet-accepted] total=181 seq=b4 flags=04 status=13 pc=01845e command=13 arg=01
[  12.602]   [header-byte] write $ffa517 = 13 mask=00ff (pc=018446)
[  12.602] [packet-accepted] total=182 seq=b5 flags=04 status=13 pc=01845e command=13 arg=01
[  12.619]   [header-byte] write $ffa517 = 13 mask=00ff (pc=018446)
[  12.619] [packet-accepted] total=183 seq=b6 flags=04 status=13 pc=01845e command=13 arg=01
[  12.635]   [header-byte] write $ffa517 = 13 mask=00ff (pc=018446)
[  12.635] [packet-accepted] total=184 seq=b7 flags=04 status=13 pc=01845e command=13 arg=01
[  12.652]   [header-byte] write $ffa517 = 13 mask=00ff (pc=018446)
[  12.652] [packet-accepted] total=185 seq=b8 flags=04 status=13 pc=01845e command=13 arg=01
[  12.669]   [header-byte] write $ffa517 = 13 mask=00ff (pc=018446)
[  12.669] [packet-accepted] total=186 seq=b9 flags=04 status=13 pc=01845e command=13 arg=01
[  12.686]   [header-byte] write $ffa517 = 13 mask=00ff (pc=018446)
[  12.686] [packet-accepted] total=187 seq=ba flags=04 status=13 pc=01845e command=13 arg=01
[  12.702]   [header-byte] write $ffa517 = 13 mask=00ff (pc=018446)
[  12.702] [packet-accepted] total=188 seq=bb flags=04 status=13 pc=01845e command=13 arg=01
[  12.719]   [header-byte] write $ffa517 = 13 mask=00ff (pc=018446)
[  12.719] [packet-accepted] total=189 seq=bc flags=04 status=13 pc=01845e command=13 arg=01
[  12.737]   [header-byte] write $ffa517 = 13 mask=00ff (pc=018446)
[  12.737] [packet-accepted] total=190 seq=bd flags=04 status=13 pc=01845e command=13 arg=01
[  12.752]   [header-byte] write $ffa517 = 13 mask=00ff (pc=018446)
[  12.752] [packet-accepted] total=191 seq=be flags=04 status=13 pc=01845e command=13 arg=01
[  12.769]   [header-byte] write $ffa517 = 13 mask=00ff (pc=018446)
[  12.769] [packet-accepted] total=192 seq=bf flags=04 status=13 pc=01845e command=13 arg=01
[  12.786]   [header-byte] write $ffa517 = 13 mask=00ff (pc=018446)
[  12.786] [packet-accepted] total=193 seq=c0 flags=04 status=13 pc=01845e command=13 arg=01
[  12.802]   [header-byte] write $ffa517 = 13 mask=00ff (pc=018446)
[  12.802] [packet-accepted] total=194 seq=c1 flags=04 status=13 pc=01845e command=13 arg=01
[  12.819]   [header-byte] write $ffa517 = 13 mask=00ff (pc=018446)
[  12.819] [packet-accepted] total=195 seq=c2 flags=04 status=13 pc=01845e command=13 arg=01
[  12.836]   [header-byte] write $ffa517 = 13 mask=00ff (pc=018446)
[  12.836] [packet-accepted] total=196 seq=c3 flags=04 status=13 pc=01845e command=13 arg=01
[  12.852]   [header-byte] write $ffa517 = 13 mask=00ff (pc=018446)
[  12.852] [packet-accepted] total=197 seq=c4 flags=04 status=13 pc=01845e command=13 arg=01
[  12.869]   [header-byte] write $ffa517 = 13 mask=00ff (pc=018446)
[  12.869] [packet-accepted] total=198 seq=c5 flags=04 status=13 pc=01845e command=13 arg=01
[  12.887]   [header-byte] write $ffa517 = 13 mask=00ff (pc=018446)
[  12.887] [packet-accepted] total=199 seq=c6 flags=04 status=13 pc=01845e command=13 arg=01
[  12.902]   [header-byte] write $ffa517 = 13 mask=00ff (pc=018446)
[  12.902] [packet-accepted] total=200 seq=c7 flags=04 status=13 pc=01845e command=13 arg=01
[  12.919]   [header-byte] write $ffa517 = 13 mask=00ff (pc=018446)
[  12.919] [packet-accepted] total=201 seq=c8 flags=04 status=13 pc=01845e command=13 arg=01
[  12.936]   [header-byte] write $ffa517 = 13 mask=00ff (pc=018446)
[  12.936] [packet-accepted] total=202 seq=c9 flags=04 status=13 pc=01845e command=13 arg=01
[  12.952]   [header-byte] write $ffa517 = 13 mask=00ff (pc=018446)
[  12.952] [packet-accepted] total=203 seq=ca flags=04 status=13 pc=01845e command=13 arg=01
[  12.969]   [header-byte] write $ffa517 = 13 mask=00ff (pc=018446)
[  12.969] [packet-accepted] total=204 seq=cb flags=04 status=13 pc=01845e command=13 arg=01
[  12.986]   [header-byte] write $ffa517 = 13 mask=00ff (pc=018446)
[  12.986] [packet-accepted] total=205 seq=cc flags=04 status=13 pc=01845e command=13 arg=01
[  13.002]   [header-byte] write $ffa517 = 13 mask=00ff (pc=018446)
[  13.002] [packet-accepted] total=206 seq=cd flags=04 status=13 pc=01845e command=13 arg=01
[  13.017] heartbeat frame=780 tx=948 rx=984 fc=1 fd=10 fe=1 linkflag=81 pc=000288 a502=00 a524=0005 a525=05 a170=08 a17f=00 txtail=00b4 rxpend=0000
[  13.017] [transport] captured=948 flushed=948 received=984 accepted=206 payload2=183 payload3=0 payload4=0 payload5=0 pump_reads=958 bursts=198 txcredit=0 outq=0 inq=0 watchdog=0 txseq=c7 rxseq=ce rxcredit=5 protection=00 checks=0000
[  13.017] [epochs] local=1 peer=1 ready=true discarded_rx=0
[  13.017] [tcb-continuations] ffa580=ff80->018392 sleep=0 local26=7710 ffa5c0=ff80->01853c sleep=0 local26=0000 ffd040=ff80->018a40 sleep=0 local26=0300 ffd080=ff80->018ee4 sleep=0 local26=0000 ffd0c0=ff80->018ee4 sleep=0 local26=0000 ffd100=ff80->01fbb4 sleep=0 local26=0000 ffd140=ff80->01fbb6 sleep=0 local26=0002 ffd180=ff80->01fbb6 sleep=0 local26=00a2 ffd1c0=ff80->01fbb6 sleep=0 local26=01c2 ffd200=ff80->01fbb6 sleep=0 local26=02e2 ffd240=ff80->01902e sleep=0 local26=0000 ffd280=ff80->01ffe2 sleep=0 local26=0008 ffd2c0=ff80->020004 sleep=0 local26=0002 ffd300=ff80->020004 sleep=0 local26=0000 ffd340=ff80->01febe sleep=0 local26=0000 ffd380=ff80->01fedc sleep=0 local26=0000 ffd3c0=ff80->01febe sleep=0 local26=0000 ffd400=ff80->01fedc sleep=0 local26=0000
[  13.019]   [header-byte] write $ffa517 = 13 mask=00ff (pc=018446)
[  13.019] [packet-accepted] total=207 seq=ce flags=04 status=13 pc=01845e command=13 arg=01
[  13.036]   [header-byte] write $ffa517 = 13 mask=00ff (pc=018446)
[  13.036] [packet-accepted] total=208 seq=cf flags=04 status=13 pc=01845e command=13 arg=01
[  13.052]   [header-byte] write $ffa517 = 13 mask=00ff (pc=018446)
[  13.052] [packet-accepted] total=209 seq=d0 flags=04 status=13 pc=01845e command=13 arg=01
[  13.069]   [header-byte] write $ffa517 = 13 mask=00ff (pc=018446)
[  13.069] [packet-accepted] total=210 seq=d1 flags=04 status=13 pc=01845e command=13 arg=01
[  13.086]   [header-byte] write $ffa517 = 13 mask=00ff (pc=018446)
[  13.086] [packet-accepted] total=211 seq=d2 flags=04 status=13 pc=01845e command=13 arg=01
[  13.102]   [header-byte] write $ffa517 = 13 mask=00ff (pc=018446)
[  13.102] [packet-accepted] total=212 seq=d3 flags=04 status=13 pc=01845e command=13 arg=01
[  13.119]   [header-byte] write $ffa517 = 13 mask=00ff (pc=018446)
[  13.119] [packet-accepted] total=213 seq=d4 flags=04 status=13 pc=01845e command=13 arg=01
[  13.136]   [header-byte] write $ffa517 = 13 mask=00ff (pc=018446)
[  13.136] [packet-accepted] total=214 seq=d5 flags=04 status=13 pc=01845e command=13 arg=01
[  13.152]   [header-byte] write $ffa517 = 13 mask=00ff (pc=018446)
[  13.152] [packet-accepted] total=215 seq=d6 flags=04 status=13 pc=01845e command=13 arg=01
[  13.169]   [header-byte] write $ffa517 = 13 mask=00ff (pc=018446)
[  13.169] [packet-accepted] total=216 seq=d7 flags=04 status=13 pc=01845e command=13 arg=01
[  13.186]   [header-byte] write $ffa517 = 13 mask=00ff (pc=018446)
[  13.186] [packet-accepted] total=217 seq=d8 flags=04 status=13 pc=01845e command=13 arg=01
[  13.204]   [header-byte] write $ffa517 = 13 mask=00ff (pc=018446)
[  13.204] [packet-accepted] total=218 seq=d9 flags=04 status=13 pc=01845e command=13 arg=01
[  13.219]   [header-byte] write $ffa517 = 13 mask=00ff (pc=018446)
[  13.219] [packet-accepted] total=219 seq=da flags=04 status=13 pc=01845e command=13 arg=01
[  13.236]   [header-byte] write $ffa517 = 13 mask=00ff (pc=018446)
[  13.236] [packet-accepted] total=220 seq=db flags=04 status=13 pc=01845e command=13 arg=01
[  13.253]   [header-byte] write $ffa517 = 13 mask=00ff (pc=018446)
[  13.253] [packet-accepted] total=221 seq=dc flags=04 status=13 pc=01845e command=13 arg=01
[  13.269]   [header-byte] write $ffa517 = 13 mask=00ff (pc=018446)
[  13.269] [packet-accepted] total=222 seq=dd flags=04 status=13 pc=01845e command=13 arg=01
[  13.286]   [header-byte] write $ffa517 = 13 mask=00ff (pc=018446)
[  13.286] [packet-accepted] total=223 seq=de flags=04 status=13 pc=01845e command=13 arg=01
[  13.303]   [header-byte] write $ffa517 = 13 mask=00ff (pc=018446)
[  13.303] [packet-accepted] total=224 seq=df flags=04 status=13 pc=01845e command=13 arg=01
[  13.319]   [header-byte] write $ffa517 = 13 mask=00ff (pc=018446)
[  13.319] [packet-accepted] total=225 seq=e0 flags=04 status=13 pc=01845e command=13 arg=01
[  13.336]   [header-byte] write $ffa517 = 13 mask=00ff (pc=018446)
[  13.336] [packet-accepted] total=226 seq=e1 flags=04 status=13 pc=01845e command=13 arg=01
[  13.353]   [header-byte] write $ffa517 = 13 mask=00ff (pc=018446)
[  13.353] [packet-accepted] total=227 seq=e2 flags=04 status=13 pc=01845e command=13 arg=01
[  13.371]   [header-byte] write $ffa517 = 13 mask=00ff (pc=018446)
[  13.371] [packet-accepted] total=228 seq=e3 flags=04 status=13 pc=01845e command=13 arg=01
[  13.386]   [header-byte] write $ffa517 = 13 mask=00ff (pc=018446)
[  13.386] [packet-accepted] total=229 seq=e4 flags=04 status=13 pc=01845e command=13 arg=01
[  13.403]   [header-byte] write $ffa517 = 13 mask=00ff (pc=018446)
[  13.403] [packet-accepted] total=230 seq=e5 flags=04 status=13 pc=01845e command=13 arg=01
[  13.420]   [header-byte] write $ffa517 = 13 mask=00ff (pc=018446)
[  13.420] [packet-accepted] total=231 seq=e6 flags=04 status=13 pc=01845e command=13 arg=01
[  13.436]   [header-byte] write $ffa517 = 13 mask=00ff (pc=018446)
[  13.436] [packet-accepted] total=232 seq=e7 flags=04 status=13 pc=01845e command=13 arg=01
[  13.453]   [header-byte] write $ffa517 = 13 mask=00ff (pc=018446)
[  13.453] [packet-accepted] total=233 seq=e8 flags=04 status=13 pc=01845e command=13 arg=01
[  13.470]   [header-byte] write $ffa517 = 13 mask=00ff (pc=018446)
[  13.470] [packet-accepted] total=234 seq=e9 flags=04 status=13 pc=01845e command=13 arg=01
[  13.486]   [header-byte] write $ffa517 = 13 mask=00ff (pc=018446)
[  13.486] [packet-accepted] total=235 seq=ea flags=04 status=13 pc=01845e command=13 arg=01
[  13.503]   [header-byte] write $ffa517 = 13 mask=00ff (pc=018446)
[  13.503] [packet-accepted] total=236 seq=eb flags=04 status=13 pc=01845e command=13 arg=01
[  13.520]   [header-byte] write $ffa517 = 13 mask=00ff (pc=018446)
[  13.520] [packet-accepted] total=237 seq=ec flags=04 status=13 pc=01845e command=13 arg=01
[  13.536]   [header-byte] write $ffa517 = 13 mask=00ff (pc=018446)
[  13.536] [packet-accepted] total=238 seq=ed flags=04 status=13 pc=01845e command=13 arg=01
[  13.553]   [header-byte] write $ffa517 = 13 mask=00ff (pc=018446)
[  13.553] [packet-accepted] total=239 seq=ee flags=04 status=13 pc=01845e command=13 arg=01
[  13.570]   [header-byte] write $ffa517 = 13 mask=00ff (pc=018446)
[  13.570] [packet-accepted] total=240 seq=ef flags=04 status=13 pc=01845e command=13 arg=01
[  13.586]   [header-byte] write $ffa517 = 13 mask=00ff (pc=018446)
[  13.586] [packet-accepted] total=241 seq=f0 flags=04 status=13 pc=01845e command=13 arg=01
[  13.603]   [header-byte] write $ffa517 = 13 mask=00ff (pc=018446)
[  13.603] [packet-accepted] total=242 seq=f1 flags=04 status=13 pc=01845e command=13 arg=01
[  13.620]   [header-byte] write $ffa517 = 13 mask=00ff (pc=018446)
[  13.620] [packet-accepted] total=243 seq=f2 flags=04 status=13 pc=01845e command=13 arg=01
[  13.636]   [header-byte] write $ffa517 = 13 mask=00ff (pc=018446)
[  13.636] [packet-accepted] total=244 seq=f3 flags=04 status=13 pc=01845e command=13 arg=01
[  13.653]   [header-byte] write $ffa517 = 13 mask=00ff (pc=018446)
[  13.653] [packet-accepted] total=245 seq=f4 flags=04 status=13 pc=01845e command=13 arg=01
[  13.670]   [header-byte] write $ffa517 = 13 mask=00ff (pc=018446)
[  13.670] [packet-accepted] total=246 seq=f5 flags=04 status=13 pc=01845e command=13 arg=01
[  13.688]   [header-byte] write $ffa517 = 13 mask=00ff (pc=018446)
[  13.688] [packet-accepted] total=247 seq=f6 flags=04 status=13 pc=01845e command=13 arg=01
[  13.703]   [header-byte] write $ffa517 = 13 mask=00ff (pc=018446)
[  13.703] [packet-accepted] total=248 seq=f7 flags=04 status=13 pc=01845e command=13 arg=01
[  13.720]   [header-byte] write $ffa517 = 13 mask=00ff (pc=018446)
[  13.720] [packet-accepted] total=249 seq=f8 flags=04 status=13 pc=01845e command=13 arg=01
[  13.737]   [header-byte] write $ffa517 = 13 mask=00ff (pc=018446)
[  13.737] [packet-accepted] total=250 seq=f9 flags=04 status=13 pc=01845e command=13 arg=01
[  13.753]   [header-byte] write $ffa517 = 13 mask=00ff (pc=018446)
[  13.753] [packet-accepted] total=251 seq=fa flags=04 status=13 pc=01845e command=13 arg=01
[  13.770]   [header-byte] write $ffa517 = 13 mask=00ff (pc=018446)
[  13.770] [packet-accepted] total=252 seq=fb flags=04 status=13 pc=01845e command=13 arg=01
[  13.787]   [header-byte] write $ffa517 = 13 mask=00ff (pc=018446)
[  13.787] [packet-accepted] total=253 seq=fc flags=04 status=13 pc=01845e command=13 arg=01
[  13.803]   [header-byte] write $ffa517 = 13 mask=00ff (pc=018446)
[  13.803] [packet-accepted] total=254 seq=fd flags=04 status=13 pc=01845e command=13 arg=01
[  13.820]   [header-byte] write $ffa517 = 13 mask=00ff (pc=018446)
[  13.820] [packet-accepted] total=255 seq=fe flags=04 status=13 pc=01845e command=13 arg=01
[  13.839]   [header-byte] write $ffa517 = 13 mask=00ff (pc=018446)
[  13.839] [packet-accepted] total=256 seq=ff flags=04 status=13 pc=01845e command=13 arg=01
[  13.854]   [header-byte] write $ffa517 = 13 mask=00ff (pc=018446)
[  13.854] [packet-accepted] total=257 seq=00 flags=04 status=13 pc=01845e command=13 arg=01
[  13.870]   [header-byte] write $ffa517 = 13 mask=00ff (pc=018446)
[  13.870] [packet-accepted] total=258 seq=01 flags=04 status=13 pc=01845e command=13 arg=01
[  13.887]   [header-byte] write $ffa517 = 13 mask=00ff (pc=018446)
[  13.887] [packet-accepted] total=259 seq=02 flags=04 status=13 pc=01845e command=13 arg=01
[  13.904]   [header-byte] write $ffa517 = 13 mask=00ff (pc=018446)
[  13.904] [packet-accepted] total=260 seq=03 flags=04 status=13 pc=01845e command=13 arg=01
[  13.920]   [header-byte] write $ffa517 = 13 mask=00ff (pc=018446)
[  13.920] [packet-accepted] total=261 seq=04 flags=04 status=13 pc=01845e command=13 arg=01
[  13.937]   [header-byte] write $ffa517 = 13 mask=00ff (pc=018446)
[  13.937] [packet-accepted] total=262 seq=05 flags=04 status=13 pc=01845e command=13 arg=01
[  13.954]   [header-byte] write $ffa517 = 13 mask=00ff (pc=018446)
[  13.954] [packet-accepted] total=263 seq=06 flags=04 status=13 pc=01845e command=13 arg=01
[  13.970]   [header-byte] write $ffa517 = 13 mask=00ff (pc=018446)
[  13.970] [packet-accepted] total=264 seq=07 flags=04 status=13 pc=01845e command=13 arg=01
[  13.987]   [header-byte] write $ffa517 = 13 mask=00ff (pc=018446)
[  13.987] [packet-accepted] total=265 seq=08 flags=04 status=13 pc=01845e command=13 arg=01
[  14.004]   [header-byte] write $ffa517 = 13 mask=00ff (pc=018446)
[  14.004] [packet-accepted] total=266 seq=09 flags=04 status=13 pc=01845e command=13 arg=01
[  14.018] heartbeat frame=840 tx=1248 rx=1284 fc=1 fd=10 fe=1 linkflag=81 pc=00028a a502=00 a524=0005 a525=05 a170=08 a17f=00 txtail=00e0 rxpend=0000
[  14.018] [transport] captured=1248 flushed=1248 received=1284 accepted=266 payload2=243 payload3=0 payload4=0 payload5=0 pump_reads=1078 bursts=258 txcredit=0 outq=0 inq=0 watchdog=0 txseq=03 rxseq=0a rxcredit=5 protection=00 checks=0000
[  14.018] [epochs] local=1 peer=1 ready=true discarded_rx=0
[  14.018] [tcb-continuations] ffa580=ff80->018392 sleep=0 local26=7710 ffa5c0=ff80->01853c sleep=0 local26=0000 ffd040=ff80->018a40 sleep=0 local26=0300 ffd080=ff80->018ee4 sleep=0 local26=0000 ffd0c0=ff80->018ee4 sleep=0 local26=0000 ffd100=ff80->01fbb4 sleep=0 local26=0000 ffd140=ff80->01fbb6 sleep=0 local26=0002 ffd180=ff80->01fbb6 sleep=0 local26=00a2 ffd1c0=ff80->01fbb6 sleep=0 local26=01c2 ffd200=ff80->01fbb6 sleep=0 local26=02e2 ffd240=ff80->01902e sleep=0 local26=0000 ffd280=ff80->01ffe2 sleep=0 local26=0007 ffd2c0=ff80->020004 sleep=0 local26=0002 ffd300=ff80->020004 sleep=0 local26=0000 ffd340=ff80->01febe sleep=0 local26=0000 ffd380=ff80->01fedc sleep=0 local26=0000 ffd3c0=ff80->01febe sleep=0 local26=0000 ffd400=ff80->01fedc sleep=0 local26=0000
[  14.021]   [header-byte] write $ffa517 = 13 mask=00ff (pc=018446)
[  14.021] [packet-accepted] total=267 seq=0a flags=04 status=13 pc=01845e command=13 arg=01
[  14.037]   [header-byte] write $ffa517 = 13 mask=00ff (pc=018446)
[  14.037] [packet-accepted] total=268 seq=0b flags=04 status=13 pc=01845e command=13 arg=01
[  14.054]   [header-byte] write $ffa517 = 13 mask=00ff (pc=018446)
[  14.054] [packet-accepted] total=269 seq=0c flags=04 status=13 pc=01845e command=13 arg=01
[  14.071]   [header-byte] write $ffa517 = 13 mask=00ff (pc=018446)
[  14.071] [packet-accepted] total=270 seq=0d flags=04 status=13 pc=01845e command=13 arg=01
[  14.087]   [header-byte] write $ffa517 = 13 mask=00ff (pc=018446)
[  14.087] [packet-accepted] total=271 seq=0e flags=04 status=13 pc=01845e command=13 arg=01
[  14.104]   [header-byte] write $ffa517 = 13 mask=00ff (pc=018446)
[  14.104] [packet-accepted] total=272 seq=0f flags=04 status=13 pc=01845e command=13 arg=01
[  14.121]   [header-byte] write $ffa517 = 13 mask=00ff (pc=018446)
[  14.121] [packet-accepted] total=273 seq=10 flags=04 status=13 pc=01845e command=13 arg=01
[  14.137]   [header-byte] write $ffa517 = 13 mask=00ff (pc=018446)
[  14.137] [packet-accepted] total=274 seq=11 flags=04 status=13 pc=01845e command=13 arg=01
[  14.156]   [header-byte] write $ffa517 = 13 mask=00ff (pc=018446)
[  14.156] [packet-accepted] total=275 seq=12 flags=04 status=13 pc=01845e command=13 arg=01
[  14.171]   [header-byte] write $ffa517 = 13 mask=00ff (pc=018446)
[  14.171] [packet-accepted] total=276 seq=13 flags=04 status=13 pc=01845e command=13 arg=01
[  14.187]   [header-byte] write $ffa517 = 13 mask=00ff (pc=018446)
[  14.187] [packet-accepted] total=277 seq=14 flags=04 status=13 pc=01845e command=13 arg=01
[  14.204]   [header-byte] write $ffa517 = 13 mask=00ff (pc=018446)
[  14.204] [packet-accepted] total=278 seq=15 flags=04 status=13 pc=01845e command=13 arg=01
[  14.221]   [header-byte] write $ffa517 = 13 mask=00ff (pc=018446)
[  14.221] [packet-accepted] total=279 seq=16 flags=04 status=13 pc=01845e command=13 arg=01
[  14.238]   [header-byte] write $ffa517 = 13 mask=00ff (pc=018446)
[  14.238] [packet-accepted] total=280 seq=17 flags=04 status=13 pc=01845e command=13 arg=01
[  14.254]   [header-byte] write $ffa517 = 13 mask=00ff (pc=018446)
[  14.254] [packet-accepted] total=281 seq=18 flags=04 status=13 pc=01845e command=13 arg=01
[  14.271]   [header-byte] write $ffa517 = 13 mask=00ff (pc=018446)
[  14.271] [packet-accepted] total=282 seq=19 flags=04 status=13 pc=01845e command=13 arg=01
[  14.288]   [header-byte] write $ffa517 = 13 mask=00ff (pc=018446)
[  14.288] [packet-accepted] total=283 seq=1a flags=04 status=13 pc=01845e command=13 arg=01
[  14.304]   [header-byte] write $ffa517 = 13 mask=00ff (pc=018446)
[  14.304] [packet-accepted] total=284 seq=1b flags=04 status=13 pc=01845e command=13 arg=01
[  14.323]   [header-byte] write $ffa517 = 13 mask=00ff (pc=018446)
[  14.323] [packet-accepted] total=285 seq=1c flags=04 status=13 pc=01845e command=13 arg=01
[  14.338]   [header-byte] write $ffa517 = 13 mask=00ff (pc=018446)
[  14.338] [packet-accepted] total=286 seq=1d flags=04 status=13 pc=01845e command=13 arg=01
[  14.354]   [header-byte] write $ffa517 = 13 mask=00ff (pc=018446)
[  14.354] [packet-accepted] total=287 seq=1e flags=04 status=13 pc=01845e command=13 arg=01
[  14.371]   [header-byte] write $ffa517 = 13 mask=00ff (pc=018446)
[  14.371] [packet-accepted] total=288 seq=1f flags=04 status=13 pc=01845e command=13 arg=01
[  14.388]   [header-byte] write $ffa517 = 13 mask=00ff (pc=018446)
[  14.388] [packet-accepted] total=289 seq=20 flags=04 status=13 pc=01845e command=13 arg=01
[  14.404]   [header-byte] write $ffa517 = 13 mask=00ff (pc=018446)
[  14.404] [packet-accepted] total=290 seq=21 flags=04 status=13 pc=01845e command=13 arg=01
[  14.421]   [header-byte] write $ffa517 = 13 mask=00ff (pc=018446)
[  14.421] [packet-accepted] total=291 seq=22 flags=04 status=13 pc=01845e command=13 arg=01
[  14.438]   [header-byte] write $ffa517 = 13 mask=00ff (pc=018446)
[  14.438] [packet-accepted] total=292 seq=23 flags=04 status=13 pc=01845e command=13 arg=01
[  14.454]   [header-byte] write $ffa517 = 13 mask=00ff (pc=018446)
[  14.454] [packet-accepted] total=293 seq=24 flags=04 status=13 pc=01845e command=13 arg=01
[  14.471]   [header-byte] write $ffa517 = 13 mask=00ff (pc=018446)
[  14.471] [packet-accepted] total=294 seq=25 flags=04 status=13 pc=01845e command=13 arg=01
[  14.488]   [header-byte] write $ffa517 = 13 mask=00ff (pc=018446)
[  14.488] [packet-accepted] total=295 seq=26 flags=04 status=13 pc=01845e command=13 arg=01
[  14.505]   [header-byte] write $ffa517 = 13 mask=00ff (pc=018446)
[  14.505] [packet-accepted] total=296 seq=27 flags=04 status=13 pc=01845e command=13 arg=01
[  14.521]   [header-byte] write $ffa517 = 13 mask=00ff (pc=018446)
[  14.521] [packet-accepted] total=297 seq=28 flags=04 status=13 pc=01845e command=13 arg=01
[  14.538]   [header-byte] write $ffa517 = 13 mask=00ff (pc=018446)
[  14.538] [packet-accepted] total=298 seq=29 flags=04 status=13 pc=01845e command=13 arg=01
[  14.555]   [header-byte] write $ffa517 = 13 mask=00ff (pc=018446)
[  14.555] [packet-accepted] total=299 seq=2a flags=04 status=13 pc=01845e command=13 arg=01
[  14.571]   [header-byte] write $ffa517 = 13 mask=00ff (pc=018446)
[  14.571] [packet-accepted] total=300 seq=2b flags=04 status=13 pc=01845e command=13 arg=01
[  14.588]   [header-byte] write $ffa517 = 13 mask=00ff (pc=018446)
[  14.588] [packet-accepted] total=301 seq=2c flags=04 status=13 pc=01845e command=13 arg=01
[  14.605]   [header-byte] write $ffa517 = 13 mask=00ff (pc=018446)
[  14.605] [packet-accepted] total=302 seq=2d flags=04 status=13 pc=01845e command=13 arg=01
[  14.623]   [header-byte] write $ffa517 = 13 mask=00ff (pc=018446)
[  14.623] [packet-accepted] total=303 seq=2e flags=04 status=13 pc=01845e command=13 arg=01
[  14.638]   [header-byte] write $ffa517 = 13 mask=00ff (pc=018446)
[  14.638] [packet-accepted] total=304 seq=2f flags=04 status=13 pc=01845e command=13 arg=01
[  14.655]   [header-byte] write $ffa517 = 13 mask=00ff (pc=018446)
[  14.655] [packet-accepted] total=305 seq=30 flags=04 status=13 pc=01845e command=13 arg=01
[  14.671]   [header-byte] write $ffa517 = 13 mask=00ff (pc=018446)
[  14.671] [packet-accepted] total=306 seq=31 flags=04 status=13 pc=01845e command=13 arg=01
[  14.688]   [header-byte] write $ffa517 = 13 mask=00ff (pc=018446)
[  14.688] [packet-accepted] total=307 seq=32 flags=04 status=13 pc=01845e command=13 arg=01
[  14.705]   [header-byte] write $ffa517 = 13 mask=00ff (pc=018446)
[  14.705] [packet-accepted] total=308 seq=33 flags=04 status=13 pc=01845e command=13 arg=01
[  14.721]   [header-byte] write $ffa517 = 13 mask=00ff (pc=018446)
[  14.721] [packet-accepted] total=309 seq=34 flags=04 status=13 pc=01845e command=13 arg=01
[  14.738]   [header-byte] write $ffa517 = 13 mask=00ff (pc=018446)
[  14.738] [packet-accepted] total=310 seq=35 flags=04 status=13 pc=01845e command=13 arg=01
[  14.755]   [header-byte] write $ffa517 = 13 mask=00ff (pc=018446)
[  14.755] [packet-accepted] total=311 seq=36 flags=04 status=13 pc=01845e command=13 arg=01
[  14.771]   [header-byte] write $ffa517 = 13 mask=00ff (pc=018446)
[  14.771] [packet-accepted] total=312 seq=37 flags=04 status=13 pc=01845e command=13 arg=01
[  14.789]   [header-byte] write $ffa517 = 13 mask=00ff (pc=018446)
[  14.789] [packet-accepted] total=313 seq=38 flags=04 status=13 pc=01845e command=13 arg=01
[  14.805]   [header-byte] write $ffa517 = 13 mask=00ff (pc=018446)
[  14.805] [packet-accepted] total=314 seq=39 flags=04 status=13 pc=01845e command=13 arg=01
[  14.821]   [header-byte] write $ffa517 = 13 mask=00ff (pc=018446)
[  14.821] [packet-accepted] total=315 seq=3a flags=04 status=13 pc=01845e command=13 arg=01
[  14.838]   [header-byte] write $ffa517 = 13 mask=00ff (pc=018446)
[  14.838] [packet-accepted] total=316 seq=3b flags=04 status=13 pc=01845e command=13 arg=01
[  14.855]   [header-byte] write $ffa517 = 13 mask=00ff (pc=018446)
[  14.855] [packet-accepted] total=317 seq=3c flags=04 status=13 pc=01845e command=13 arg=01
[  14.871]   [header-byte] write $ffa517 = 13 mask=00ff (pc=018446)
[  14.871] [packet-accepted] total=318 seq=3d flags=04 status=13 pc=01845e command=13 arg=01
[  14.888]   [header-byte] write $ffa517 = 13 mask=00ff (pc=018446)
[  14.888] [packet-accepted] total=319 seq=3e flags=04 status=13 pc=01845e command=13 arg=01
[  14.905]   [header-byte] write $ffa517 = 13 mask=00ff (pc=018446)
[  14.905] [packet-accepted] total=320 seq=3f flags=04 status=13 pc=01845e command=13 arg=01
[  14.921]   [header-byte] write $ffa517 = 13 mask=00ff (pc=018446)
[  14.921] [packet-accepted] total=321 seq=40 flags=04 status=13 pc=01845e command=13 arg=01
[  14.938]   [header-byte] write $ffa517 = 13 mask=00ff (pc=018446)
[  14.938] [packet-accepted] total=322 seq=41 flags=04 status=13 pc=01845e command=13 arg=01
[  14.955]   [header-byte] write $ffa517 = 13 mask=00ff (pc=018446)
[  14.955] [packet-accepted] total=323 seq=42 flags=04 status=13 pc=01845e command=13 arg=01
[  14.971]   [header-byte] write $ffa517 = 13 mask=00ff (pc=018446)
[  14.971] [packet-accepted] total=324 seq=43 flags=04 status=13 pc=01845e command=13 arg=01
[  14.988]   [header-byte] write $ffa517 = 13 mask=00ff (pc=018446)
[  14.988] [packet-accepted] total=325 seq=44 flags=04 status=13 pc=01845e command=13 arg=01
[  15.005]   [header-byte] write $ffa517 = 13 mask=00ff (pc=018446)
[  15.005] [packet-accepted] total=326 seq=45 flags=04 status=13 pc=01845e command=13 arg=01
[  15.019] heartbeat frame=900 tx=1548 rx=1584 fc=1 fd=10 fe=1 linkflag=81 pc=000288 a502=00 a524=0005 a525=05 a170=08 a17f=00 txtail=000c rxpend=0000
[  15.019] [transport] captured=1548 flushed=1548 received=1584 accepted=326 payload2=303 payload3=0 payload4=0 payload5=0 pump_reads=1198 bursts=318 txcredit=0 outq=0 inq=0 watchdog=0 txseq=3f rxseq=46 rxcredit=5 protection=00 checks=0000
[  15.019] [epochs] local=1 peer=1 ready=true discarded_rx=0
[  15.019] [tcb-continuations] ffa580=ff80->018392 sleep=0 local26=7710 ffa5c0=ff80->01853c sleep=0 local26=0000 ffd040=ff80->018a40 sleep=0 local26=0300 ffd080=ff80->018ee4 sleep=0 local26=0000 ffd0c0=ff80->018ee4 sleep=0 local26=0000 ffd100=ff80->01fbb4 sleep=0 local26=0000 ffd140=ff80->01fbb6 sleep=0 local26=0002 ffd180=ff80->01fbb6 sleep=0 local26=00a2 ffd1c0=ff80->01fbb6 sleep=0 local26=01c2 ffd200=ff80->01fbb6 sleep=0 local26=02e2 ffd240=ff80->01902e sleep=0 local26=0000 ffd280=ff80->01ffe2 sleep=0 local26=0006 ffd2c0=ff80->020004 sleep=0 local26=0002 ffd300=ff80->020004 sleep=0 local26=0000 ffd340=ff80->01febe sleep=0 local26=0000 ffd380=ff80->01fedc sleep=0 local26=0000 ffd3c0=ff80->01febe sleep=0 local26=0000 ffd400=ff80->01fedc sleep=0 local26=0000
[  15.021]   [header-byte] write $ffa517 = 13 mask=00ff (pc=018446)
[  15.021] [packet-accepted] total=327 seq=46 flags=04 status=13 pc=01845e command=13 arg=01
[  15.038]   [header-byte] write $ffa517 = 13 mask=00ff (pc=018446)
[  15.038] [packet-accepted] total=328 seq=47 flags=04 status=13 pc=01845e command=33 arg=01
[  15.055]   [header-byte] write $ffa517 = 13 mask=00ff (pc=018446)
[  15.055] [packet-accepted] total=329 seq=48 flags=04 status=13 pc=01845e command=33 arg=01
[  15.072]   [header-byte] write $ffa517 = 13 mask=00ff (pc=018446)
[  15.072] [packet-accepted] total=330 seq=49 flags=04 status=13 pc=01845e command=33 arg=01
[  15.088]   [header-byte] write $ffa517 = 13 mask=00ff (pc=018446)
[  15.088] [packet-accepted] total=331 seq=4a flags=04 status=13 pc=01845e command=33 arg=01
[  15.107]   [header-byte] write $ffa517 = 13 mask=00ff (pc=018446)
[  15.107] [packet-accepted] total=332 seq=4b flags=04 status=13 pc=01845e command=33 arg=01
[  15.122]   [header-byte] write $ffa517 = 13 mask=00ff (pc=018446)
[  15.122] [packet-accepted] total=333 seq=4c flags=04 status=13 pc=01845e command=33 arg=01
[  15.139]   [header-byte] write $ffa517 = 13 mask=00ff (pc=018446)
[  15.139] [packet-accepted] total=334 seq=4d flags=04 status=13 pc=01845e command=33 arg=01
[  15.155]   [header-byte] write $ffa517 = 13 mask=00ff (pc=018446)
[  15.155] [packet-accepted] total=335 seq=4e flags=04 status=13 pc=01845e command=33 arg=01
[  15.172]   [header-byte] write $ffa517 = 13 mask=00ff (pc=018446)
[  15.172] [packet-accepted] total=336 seq=4f flags=04 status=13 pc=01845e command=33 arg=01
[  15.189]   [header-byte] write $ffa517 = 13 mask=00ff (pc=018446)
[  15.189] [packet-accepted] total=337 seq=50 flags=04 status=13 pc=01845e command=33 arg=01
[  15.205]   [header-byte] write $ffa517 = 13 mask=00ff (pc=018446)
[  15.205] [packet-accepted] total=338 seq=51 flags=04 status=13 pc=01845e command=33 arg=01
[  15.222]   [header-byte] write $ffa517 = 13 mask=00ff (pc=018446)
[  15.222] [packet-accepted] total=339 seq=52 flags=04 status=13 pc=01845e command=33 arg=01
[  15.239]   [header-byte] write $ffa517 = 13 mask=00ff (pc=018446)
[  15.239] [packet-accepted] total=340 seq=53 flags=04 status=13 pc=01845e command=33 arg=01
[  15.257]   [header-byte] write $ffa517 = 13 mask=00ff (pc=018446)
[  15.257] [packet-accepted] total=341 seq=54 flags=04 status=13 pc=01845e command=33 arg=01
[  15.272]   [header-byte] write $ffa517 = 13 mask=00ff (pc=018446)
[  15.272] [packet-accepted] total=342 seq=55 flags=04 status=13 pc=01845e command=33 arg=01
[  15.289]   [header-byte] write $ffa517 = 13 mask=00ff (pc=018446)
[  15.289] [packet-accepted] total=343 seq=56 flags=04 status=13 pc=01845e command=33 arg=01
[  15.305]   [header-byte] write $ffa517 = 13 mask=00ff (pc=018446)
[  15.305] [packet-accepted] total=344 seq=57 flags=04 status=13 pc=01845e command=33 arg=01
[  15.322]   [header-byte] write $ffa517 = 13 mask=00ff (pc=018446)
[  15.322] [packet-accepted] total=345 seq=58 flags=04 status=13 pc=01845e command=33 arg=01
[  15.339]   [header-byte] write $ffa517 = 13 mask=00ff (pc=018446)
[  15.339] [packet-accepted] total=346 seq=59 flags=04 status=13 pc=01845e command=33 arg=01
[  15.355]   [header-byte] write $ffa517 = 13 mask=00ff (pc=018446)
[  15.355] [packet-accepted] total=347 seq=5a flags=04 status=13 pc=01845e command=33 arg=01
[  15.372]   [header-byte] write $ffa517 = 13 mask=00ff (pc=018446)
[  15.372] [packet-accepted] total=348 seq=5b flags=04 status=13 pc=01845e command=33 arg=01
[  15.389]   [header-byte] write $ffa517 = 13 mask=00ff (pc=018446)
[  15.389] [packet-accepted] total=349 seq=5c flags=04 status=13 pc=01845e command=33 arg=01
[  15.405]   [header-byte] write $ffa517 = 13 mask=00ff (pc=018446)
[  15.405] [packet-accepted] total=350 seq=5d flags=04 status=13 pc=01845e command=33 arg=01
[  15.422]   [header-byte] write $ffa517 = 13 mask=00ff (pc=018446)
[  15.422] [packet-accepted] total=351 seq=5e flags=04 status=13 pc=01845e command=33 arg=01
[  15.439]   [header-byte] write $ffa517 = 13 mask=00ff (pc=018446)
[  15.439] [packet-accepted] total=352 seq=5f flags=04 status=13 pc=01845e command=33 arg=01
[  15.455]   [header-byte] write $ffa517 = 13 mask=00ff (pc=018446)
[  15.455] [packet-accepted] total=353 seq=60 flags=04 status=13 pc=01845e command=33 arg=01
[  15.472]   [header-byte] write $ffa517 = 13 mask=00ff (pc=018446)
[  15.472] [packet-accepted] total=354 seq=61 flags=04 status=13 pc=01845e command=33 arg=01
[  15.489]   [header-byte] write $ffa517 = 13 mask=00ff (pc=018446)
[  15.489] [packet-accepted] total=355 seq=62 flags=04 status=13 pc=01845e command=33 arg=01
[  15.505]   [header-byte] write $ffa517 = 13 mask=00ff (pc=018446)
[  15.505] [packet-accepted] total=356 seq=63 flags=04 status=13 pc=01845e command=33 arg=01
[  15.520] [protection-state] address=ffa020 data=1010 mask=ff00 pc=000948
[  15.520] [protection-state] address=ffa020 data=1010 mask=00ff pc=000952
[  15.522]   [header-byte] write $ffa517 = 13 mask=00ff (pc=018446)
[  15.522] [packet-accepted] total=357 seq=64 flags=04 status=13 pc=01845e command=33 arg=01
[  15.537] [protection-state] address=ffa020 data=0000 mask=00ff pc=000952
[  15.540]   [header-byte] write $ffa517 = 13 mask=00ff (pc=018446)
[  15.540] [packet-accepted] total=358 seq=65 flags=04 status=13 pc=01845e command=33 arg=01
[  15.541] [game-command] data=1313 mask=ff00 pc=018ae0 requests=00
[  15.556]   [header-byte] write $ffa517 = 13 mask=00ff (pc=018446)
[  15.556] [packet-accepted] total=359 seq=66 flags=04 status=13 pc=01845e command=33 arg=01
[  15.574]   [header-byte] write $ffa517 = 13 mask=00ff (pc=018446)
[  15.574] [packet-accepted] total=360 seq=67 flags=04 status=13 pc=01845e command=33 arg=01
[  15.589]   [header-byte] write $ffa517 = 13 mask=00ff (pc=018446)
[  15.589] [packet-accepted] total=361 seq=68 flags=04 status=13 pc=01845e command=33 arg=01
[  15.606]   [header-byte] write $ffa517 = 13 mask=00ff (pc=018446)
[  15.606] [packet-accepted] total=362 seq=69 flags=04 status=13 pc=01845e command=33 arg=01
[  15.620] [protection-state] address=ffa020 data=0000 mask=ff00 pc=000948
[  15.623]   [header-byte] write $ffa517 = 13 mask=00ff (pc=018446)
[  15.623] [packet-accepted] total=363 seq=6a flags=04 status=13 pc=01845e command=33 arg=01
[  15.639]   [header-byte] write $ffa517 = 13 mask=00ff (pc=018446)
[  15.639] [packet-accepted] total=364 seq=6b flags=04 status=13 pc=01845e command=33 arg=01
[  15.656]   [header-byte] write $ffa517 = 13 mask=00ff (pc=018446)
[  15.656] [packet-accepted] total=365 seq=6c flags=04 status=13 pc=01845e command=33 arg=01
[  15.673]   [header-byte] write $ffa517 = 13 mask=00ff (pc=018446)
[  15.673] [packet-accepted] total=366 seq=6d flags=04 status=13 pc=01845e command=33 arg=01
[  15.689]   [header-byte] write $ffa517 = 13 mask=00ff (pc=018446)
[  15.689] [packet-accepted] total=367 seq=6e flags=04 status=13 pc=01845e command=33 arg=01
[  15.706]   [header-byte] write $ffa517 = 13 mask=00ff (pc=018446)
[  15.706] [packet-accepted] total=368 seq=6f flags=04 status=13 pc=01845e command=33 arg=01
[  15.723]   [header-byte] write $ffa517 = 13 mask=00ff (pc=018446)
[  15.723] [packet-accepted] total=369 seq=70 flags=04 status=13 pc=01845e command=33 arg=01
[  15.741]   [header-byte] write $ffa517 = 13 mask=00ff (pc=018446)
[  15.741] [packet-accepted] total=370 seq=71 flags=04 status=13 pc=01845e command=33 arg=01
[  15.756]   [header-byte] write $ffa517 = 13 mask=00ff (pc=018446)
[  15.756] [packet-accepted] total=371 seq=72 flags=04 status=13 pc=01845e command=33 arg=01
[  15.773]   [header-byte] write $ffa517 = 13 mask=00ff (pc=018446)
[  15.773] [packet-accepted] total=372 seq=73 flags=04 status=13 pc=01845e command=33 arg=01
[  15.790]   [header-byte] write $ffa517 = 13 mask=00ff (pc=018446)
[  15.790] [packet-accepted] total=373 seq=74 flags=04 status=13 pc=01845e command=33 arg=01
[  15.806]   [header-byte] write $ffa517 = 13 mask=00ff (pc=018446)
[  15.806] [packet-accepted] total=374 seq=75 flags=04 status=13 pc=01845e command=33 arg=01
[  15.823]   [header-byte] write $ffa517 = 13 mask=00ff (pc=018446)
[  15.823] [packet-accepted] total=375 seq=76 flags=04 status=13 pc=01845e command=33 arg=01
[  15.840]   [header-byte] write $ffa517 = 13 mask=00ff (pc=018446)
[  15.840] [packet-accepted] total=376 seq=77 flags=04 status=13 pc=01845e command=33 arg=01
[  15.856]   [header-byte] write $ffa517 = 13 mask=00ff (pc=018446)
[  15.856] [packet-accepted] total=377 seq=78 flags=04 status=13 pc=01845e command=33 arg=01
[  15.873]   [header-byte] write $ffa517 = 13 mask=00ff (pc=018446)
[  15.873] [packet-accepted] total=378 seq=79 flags=04 status=13 pc=01845e command=33 arg=01
[  15.890]   [header-byte] write $ffa517 = 13 mask=00ff (pc=018446)
[  15.890] [packet-accepted] total=379 seq=7a flags=04 status=13 pc=01845e command=33 arg=01
[  15.906]   [header-byte] write $ffa517 = 13 mask=00ff (pc=018446)
[  15.906] [packet-accepted] total=380 seq=7b flags=04 status=13 pc=01845e command=33 arg=01
[  15.921] [protection-state] address=ffa020 data=2020 mask=ff00 pc=000948
[  15.921] [protection-state] address=ffa020 data=2020 mask=00ff pc=000952
[  15.923]   [header-byte] write $ffa517 = 13 mask=00ff (pc=018446)
[  15.923] [packet-accepted] total=381 seq=7c flags=04 status=13 pc=01845e command=33 arg=01
[  15.937] [protection-state] address=ffa020 data=0000 mask=00ff pc=000952
[  15.940]   [header-byte] write $ffa517 = 13 mask=00ff (pc=018446)
[  15.940] [packet-accepted] total=382 seq=7d flags=04 status=13 pc=01845e command=33 arg=01
[  15.940] [game-command] data=3333 mask=ff00 pc=018ae0 requests=00
[  15.940] [game-command] data=7373 mask=ff00 pc=018b72 requests=04
[  15.957]   [header-byte] write $ffa517 = 13 mask=00ff (pc=018446)
[  15.957] [packet-accepted] total=383 seq=7e flags=04 status=13 pc=01845e command=33 arg=01
[  15.973]   [header-byte] write $ffa517 = 13 mask=00ff (pc=018446)
[  15.973] [packet-accepted] total=384 seq=7f flags=04 status=13 pc=01845e command=33 arg=01
[  15.973] [game-command] data=3434 mask=00ff pc=018c2c requests=00
[  15.973] [game-command] data=8383 mask=ff00 pc=018c34 requests=00
[  15.987] [protection-state] address=ffa020 data=0000 mask=ff00 pc=000948
[  15.990]   [header-byte] write $ffa517 = 13 mask=00ff (pc=018446)
[  15.990] [packet-accepted] total=385 seq=80 flags=04 status=13 pc=01845e command=33 arg=01
[  16.006]   [header-byte] write $ffa517 = 13 mask=00ff (pc=018446)
[  16.006] [packet-accepted] total=386 seq=81 flags=04 status=13 pc=01845e command=33 arg=01
[  16.021] heartbeat frame=960 tx=1838 rx=1884 fc=1 fd=10 fe=1 linkflag=81 pc=00028a a502=00 a524=0000 a525=00 a170=08 a17f=00 txtail=002e rxpend=0000
[  16.021] [transport] captured=1838 flushed=1838 received=1884 accepted=386 payload2=363 payload3=0 payload4=0 payload5=0 pump_reads=1318 bursts=376 txcredit=0 outq=0 inq=0 watchdog=0 txseq=78 rxseq=82 rxcredit=5 protection=00 checks=0000
[  16.021] [epochs] local=1 peer=1 ready=true discarded_rx=0
[  16.021] [game-state] a142=04 a13e=04 a13f=03 a530=8334 a506=03 a507=00 a508=01 a7b0=0000 a7a6=3301 script=01a39e mode=01 rule=01 base=120 margin=6 difficulty=2 preset=0
[  16.021] [tcb-continuations] ffa580=ff80->018392 sleep=0 local26=7710 ffa5c0=ff80->01853c sleep=0 local26=0200 ffd040=ff80->018c48 sleep=0 local26=0300 ffd0c0=ff80->01fe6e sleep=0 local26=0000 ffd100=ff80->01fbb4 sleep=0 local26=0000 ffd140=ff80->01fbb6 sleep=0 local26=0002 ffd180=ff80->01fbb6 sleep=0 local26=00a2 ffd1c0=ff80->01fbb6 sleep=0 local26=01c2 ffd200=ff80->01fbb6 sleep=0 local26=02e2 ffd240=ff80->01902e sleep=0 local26=0000
[  16.023]   [header-byte] write $ffa517 = 13 mask=00ff (pc=018446)
[  16.023] [packet-accepted] total=387 seq=82 flags=04 status=13 pc=01845e command=73 arg=01
[  16.059]   [header-byte] write $ffa517 = 13 mask=00ff (pc=018446)
[  16.059] [packet-accepted] total=388 seq=83 flags=04 status=13 pc=01845e command=83 arg=34
[  16.557]   [header-byte] write $ffa517 = 13 mask=00ff (pc=018446)
[  17.022] heartbeat frame=1020 tx=1844 rx=1897 fc=1 fd=10 fe=1 linkflag=81 pc=00028a a502=00 a524=0000 a525=00 a170=08 a17f=00 txtail=0034 rxpend=0000
[  17.022] [transport] captured=1844 flushed=1844 received=1897 accepted=389 payload2=365 payload3=0 payload4=0 payload5=0 pump_reads=1381 bursts=378 txcredit=0 outq=0 inq=0 watchdog=27 txseq=7a rxseq=85 rxcredit=0 protection=00 checks=0000
[  17.022] [epochs] local=1 peer=1 ready=true discarded_rx=0
[  17.022] [game-state] a142=04 a13e=04 a13f=0f a530=8334 a506=03 a507=01 a508=01 a7b0=0000 a7a6=8334 script=01a39e mode=01 rule=01 base=120 margin=6 difficulty=2 preset=0
[  17.022] [tcb-continuations] ffa580=ff80->018392 sleep=0 local26=7710 ffa5c0=ff80->01853c sleep=0 local26=0200 ffd040=ff80->018d1a sleep=143 local26=0300 ffd100=ff80->01fbb4 sleep=0 local26=0000 ffd140=ff80->01fbb6 sleep=0 local26=0002 ffd180=ff80->01fbb6 sleep=0 local26=00a2 ffd1c0=ff80->01fbb6 sleep=0 local26=01c2 ffd200=ff80->01fbb6 sleep=0 local26=02e2 ffd240=ff80->01902e sleep=0 local26=0000 ffd280=ff80->027726 sleep=0 local26=0001
[  17.057]   [header-byte] write $ffa517 = 13 mask=00ff (pc=018446)
[  17.558]   [header-byte] write $ffa517 = 13 mask=00ff (pc=018446)
[  18.023] heartbeat frame=1080 tx=1850 rx=1903 fc=1 fd=10 fe=1 linkflag=81 pc=00028a a502=00 a524=0000 a525=00 a170=08 a17f=00 txtail=003a rxpend=0000
[  18.023] [transport] captured=1850 flushed=1850 received=1903 accepted=391 payload2=365 payload3=0 payload4=0 payload5=0 pump_reads=1443 bursts=380 txcredit=0 outq=0 inq=0 watchdog=27 txseq=7c rxseq=87 rxcredit=0 protection=00 checks=0000
[  18.023] [epochs] local=1 peer=1 ready=true discarded_rx=0
[  18.023] [tcb-continuations] ffa580=ff80->018392 sleep=0 local26=7710 ffa5c0=ff80->01853c sleep=0 local26=0200 ffd040=ff80->018d1a sleep=83 local26=0300 ffd100=ff80->01fbb4 sleep=0 local26=0000 ffd140=ff80->01fbb6 sleep=0 local26=0002 ffd180=ff80->01fbb6 sleep=0 local26=00a2 ffd1c0=ff80->01fbb6 sleep=0 local26=01c2 ffd200=ff80->01fbb6 sleep=0 local26=02e2 ffd240=ff80->01902e sleep=0 local26=0000 ffd280=ff80->027726 sleep=0 local26=0001
[  18.059]   [header-byte] write $ffa517 = 13 mask=00ff (pc=018446)
[  18.560]   [header-byte] write $ffa517 = 13 mask=00ff (pc=018446)
[  19.024] heartbeat frame=1140 tx=1856 rx=1909 fc=1 fd=10 fe=1 linkflag=81 pc=000288 a502=00 a524=0000 a525=00 a170=08 a17f=00 txtail=0040 rxpend=0000
[  19.024] [transport] captured=1856 flushed=1856 received=1909 accepted=393 payload2=365 payload3=0 payload4=0 payload5=0 pump_reads=1505 bursts=382 txcredit=0 outq=0 inq=0 watchdog=27 txseq=7e rxseq=89 rxcredit=0 protection=00 checks=0000
[  19.024] [epochs] local=1 peer=1 ready=true discarded_rx=0
[  19.024] [tcb-continuations] ffa580=ff80->018392 sleep=0 local26=7710 ffa5c0=ff80->01853c sleep=0 local26=0200 ffd040=ff80->018d1a sleep=23 local26=0300 ffd100=ff80->01fbb4 sleep=0 local26=0000 ffd140=ff80->01fbb6 sleep=0 local26=0002 ffd180=ff80->01fbb6 sleep=0 local26=00a2 ffd1c0=ff80->01fbb6 sleep=0 local26=01c2 ffd200=ff80->01fbb6 sleep=0 local26=02e2 ffd240=ff80->01902e sleep=0 local26=0000 ffd280=ff80->027726 sleep=0 local26=0001
[  19.062]   [header-byte] write $ffa517 = 13 mask=00ff (pc=018446)
[  19.411] [game-command] data=9393 mask=ff00 pc=018d36 requests=00
[  19.411]   [header-byte] write $ffa513 = 10 mask=00ff (pc=018d50)
[  19.427]   [header-byte] write $ffa517 = 10 mask=00ff (pc=018446)
[  19.427] [packet-accepted] total=395 seq=8a flags=04 status=10 pc=01845e command=93 arg=34
[  19.427] [game-command] data=0404 mask=ff00 pc=018d6e requests=00
[  19.427] [game-command] data=0000 mask=00ff pc=018d76 requests=00
[  19.517]   [menu-state] write $ffa170 = 0000 mask=ff00 (pc=01afb6)
[  19.517]   [menu-state] write $ffa170 = 8282 mask=ff00 (pc=01afd8)
[  19.517]   [menu-state] write $ffa176 = 0000 mask=ff00 (pc=01afde)
[  19.517]   [header-byte] write $ffa513 = 00 mask=00ff (pc=01afe6)
[  19.518]   [header-byte] write $ffa513 = 10 mask=00ff (pc=01affe)
[  19.518]   [header-byte] write $ffa513 = 50 mask=00ff (pc=01b022)
[  19.518]   [header-byte] write $ffa513 = 54 mask=00ff (pc=01b044)
[  19.518]   [menu-state] write $ffa170 = c2c2 mask=ff00 (pc=01a87a)
[  19.518]   [menu-state] write $ffa170 = c2c2 mask=ff00 (pc=01a87c)
[  19.518]   [menu-state] write $ffa170 = 4040 mask=ff00 (pc=01afb6)
[  19.518]   [menu-state] write $ffa170 = c2c2 mask=ff00 (pc=01afd8)
[  19.518]   [menu-state] write $ffa176 = 0000 mask=ff00 (pc=01afde)
[  19.518]   [header-byte] write $ffa513 = 00 mask=00ff (pc=01afe6)
[  19.518]   [header-byte] write $ffa513 = 10 mask=00ff (pc=01affe)
[  19.518]   [header-byte] write $ffa513 = 50 mask=00ff (pc=01b022)
[  19.518]   [header-byte] write $ffa513 = 54 mask=00ff (pc=01b044)
[  19.868]   [header-byte] write $ffa517 = 54 mask=00ff (pc=018446)
[  19.928]   [header-byte] write $ffa517 = 54 mask=00ff (pc=018446)
[  19.928] [packet-accepted] total=397 seq=8c flags=04 status=54 pc=01845e command=04 arg=00
[  19.945]   [header-byte] write $ffa517 = 54 mask=00ff (pc=018446)
[  19.945] [packet-accepted] total=398 seq=8d flags=04 status=54 pc=01845e command=04 arg=00
[  19.961]   [header-byte] write $ffa517 = 54 mask=00ff (pc=018446)
[  19.961] [packet-accepted] total=399 seq=8e flags=04 status=54 pc=01845e command=04 arg=00
[  19.978]   [header-byte] write $ffa517 = 54 mask=00ff (pc=018446)
[  19.978] [packet-accepted] total=400 seq=8f flags=04 status=54 pc=01845e command=04 arg=00
[  19.995]   [header-byte] write $ffa517 = 54 mask=00ff (pc=018446)
[  19.995] [packet-accepted] total=401 seq=90 flags=04 status=54 pc=01845e command=04 arg=00
[  20.013]   [header-byte] write $ffa517 = 54 mask=00ff (pc=018446)
[  20.013] [packet-accepted] total=402 seq=91 flags=04 status=54 pc=01845e command=04 arg=00
[  20.026] heartbeat frame=1200 tx=1869 rx=1950 fc=1 fd=10 fe=1 linkflag=81 pc=00028a a502=00 a524=0000 a525=00 a170=c2 a17f=00 txtail=004d rxpend=0000
[  20.026] [transport] captured=1869 flushed=1869 received=1950 accepted=402 payload2=372 payload3=0 payload4=0 payload5=0 pump_reads=1574 bursts=384 txcredit=0 outq=0 inq=0 watchdog=0 txseq=81 rxseq=92 rxcredit=5 protection=00 checks=0000
[  20.026] [epochs] local=1 peer=1 ready=true discarded_rx=0
[  20.026] [game-state] a142=04 a13e=04 a13f=0f a530=0400 a506=03 a507=01 a508=01 a7b0=0000 a7a6=9334 script=01f7f6 mode=01 rule=01 base=120 margin=6 difficulty=0 preset=0
[  20.026] [tcb-continuations] ffa580=ff80->018392 sleep=0 local26=7710 ffa5c0=ff80->01853c sleep=0 local26=0a00 ffd100=ff80->0241de sleep=0 local26=0000 ffd140=ff80->023f9e sleep=0 local26=0000 ffd180=ff80->023c40 sleep=0 local26=0000 ffd1c0=ff80->023c70 sleep=0 local26=0002 ffd200=ff80->023c70 sleep=0 local26=0000 ffd240=ff80->023c08 sleep=0 local26=0000
[  20.028]   [header-byte] write $ffa517 = 54 mask=00ff (pc=018446)
[  20.028] [packet-accepted] total=403 seq=92 flags=04 status=54 pc=01845e command=04 arg=00
[  20.045]   [header-byte] write $ffa517 = 54 mask=00ff (pc=018446)
[  20.045] [packet-accepted] total=404 seq=93 flags=04 status=54 pc=01845e command=04 arg=00
[  20.062]   [header-byte] write $ffa517 = 54 mask=00ff (pc=018446)
[  20.062] [packet-accepted] total=405 seq=94 flags=04 status=54 pc=01845e command=04 arg=00
[  20.078]   [header-byte] write $ffa517 = 54 mask=00ff (pc=018446)
[  20.078] [packet-accepted] total=406 seq=95 flags=04 status=54 pc=01845e command=04 arg=00
[  20.095]   [header-byte] write $ffa517 = 54 mask=00ff (pc=018446)
[  20.095] [packet-accepted] total=407 seq=96 flags=04 status=54 pc=01845e command=04 arg=00
[  20.112]   [header-byte] write $ffa517 = 54 mask=00ff (pc=018446)
[  20.112] [packet-accepted] total=408 seq=97 flags=04 status=54 pc=01845e command=04 arg=00
[  20.128]   [header-byte] write $ffa517 = 54 mask=00ff (pc=018446)
[  20.128] [packet-accepted] total=409 seq=98 flags=04 status=54 pc=01845e command=04 arg=00
[  20.145]   [header-byte] write $ffa517 = 54 mask=00ff (pc=018446)
[  20.145] [packet-accepted] total=410 seq=99 flags=04 status=54 pc=01845e command=04 arg=00
[  20.164]   [header-byte] write $ffa517 = 54 mask=00ff (pc=018446)
[  20.164] [packet-accepted] total=411 seq=9a flags=04 status=54 pc=01845e command=04 arg=00
[  20.178]   [header-byte] write $ffa517 = 54 mask=00ff (pc=018446)
[  20.178] [packet-accepted] total=412 seq=9b flags=04 status=54 pc=01845e command=04 arg=00
[  20.195]   [header-byte] write $ffa517 = 54 mask=00ff (pc=018446)
[  20.195] [packet-accepted] total=413 seq=9c flags=04 status=54 pc=01845e command=04 arg=00
[  20.212]   [header-byte] write $ffa517 = 54 mask=00ff (pc=018446)
[  20.212] [packet-accepted] total=414 seq=9d flags=04 status=54 pc=01845e command=04 arg=00
[  20.228]   [header-byte] write $ffa517 = 54 mask=00ff (pc=018446)
[  20.228] [packet-accepted] total=415 seq=9e flags=04 status=54 pc=01845e command=04 arg=00
[  20.245]   [header-byte] write $ffa517 = 54 mask=00ff (pc=018446)
[  20.245] [packet-accepted] total=416 seq=9f flags=04 status=54 pc=01845e command=04 arg=00
[  20.262]   [header-byte] write $ffa517 = 54 mask=00ff (pc=018446)
[  20.262] [packet-accepted] total=417 seq=a0 flags=04 status=54 pc=01845e command=04 arg=00
[  20.278]   [header-byte] write $ffa517 = 54 mask=00ff (pc=018446)
[  20.278] [packet-accepted] total=418 seq=a1 flags=04 status=54 pc=01845e command=04 arg=00
[  20.295]   [header-byte] write $ffa517 = 54 mask=00ff (pc=018446)
[  20.295] [packet-accepted] total=419 seq=a2 flags=04 status=54 pc=01845e command=04 arg=00
[  20.312]   [header-byte] write $ffa517 = 54 mask=00ff (pc=018446)
[  20.312] [packet-accepted] total=420 seq=a3 flags=04 status=54 pc=01845e command=04 arg=00
[  20.331]   [header-byte] write $ffa517 = 54 mask=00ff (pc=018446)
[  20.331] [packet-accepted] total=421 seq=a4 flags=04 status=54 pc=01845e command=04 arg=00
[  20.345]   [header-byte] write $ffa517 = 54 mask=00ff (pc=018446)
[  20.345] [packet-accepted] total=422 seq=a5 flags=04 status=54 pc=01845e command=04 arg=00
[  20.362]   [header-byte] write $ffa517 = 54 mask=00ff (pc=018446)
[  20.362] [packet-accepted] total=423 seq=a6 flags=04 status=54 pc=01845e command=04 arg=00
[  20.379]   [header-byte] write $ffa517 = 54 mask=00ff (pc=018446)
[  20.379] [packet-accepted] total=424 seq=a7 flags=04 status=54 pc=01845e command=04 arg=00
[  20.395]   [header-byte] write $ffa517 = 54 mask=00ff (pc=018446)
[  20.395] [packet-accepted] total=425 seq=a8 flags=04 status=54 pc=01845e command=04 arg=00
[  20.412]   [header-byte] write $ffa517 = 54 mask=00ff (pc=018446)
[  20.412] [packet-accepted] total=426 seq=a9 flags=04 status=54 pc=01845e command=04 arg=00
[  20.429]   [header-byte] write $ffa517 = 54 mask=00ff (pc=018446)
[  20.429] [packet-accepted] total=427 seq=aa flags=04 status=54 pc=01845e command=04 arg=00
[  20.445]   [header-byte] write $ffa517 = 54 mask=00ff (pc=018446)
[  20.445] [packet-accepted] total=428 seq=ab flags=04 status=54 pc=01845e command=04 arg=00
[  20.462]   [header-byte] write $ffa517 = 54 mask=00ff (pc=018446)
[  20.462] [packet-accepted] total=429 seq=ac flags=04 status=54 pc=01845e command=04 arg=00
[  20.479]   [header-byte] write $ffa517 = 54 mask=00ff (pc=018446)
[  20.479] [packet-accepted] total=430 seq=ad flags=04 status=54 pc=01845e command=04 arg=00
[  20.495]   [header-byte] write $ffa517 = 54 mask=00ff (pc=018446)
[  20.495] [packet-accepted] total=431 seq=ae flags=04 status=54 pc=01845e command=04 arg=00
[  20.512]   [header-byte] write $ffa517 = 54 mask=00ff (pc=018446)
[  20.512] [packet-accepted] total=432 seq=af flags=04 status=54 pc=01845e command=04 arg=00
[  20.529]   [header-byte] write $ffa517 = 54 mask=00ff (pc=018446)
[  20.529] [packet-accepted] total=433 seq=b0 flags=04 status=54 pc=01845e command=04 arg=00
[  20.546]   [header-byte] write $ffa517 = 54 mask=00ff (pc=018446)
[  20.546] [packet-accepted] total=434 seq=b1 flags=04 status=54 pc=01845e command=04 arg=00
[  20.562]   [header-byte] write $ffa517 = 54 mask=00ff (pc=018446)
[  20.562] [packet-accepted] total=435 seq=b2 flags=04 status=54 pc=01845e command=04 arg=00
[  20.579]   [header-byte] write $ffa517 = 54 mask=00ff (pc=018446)
[  20.579] [packet-accepted] total=436 seq=b3 flags=04 status=54 pc=01845e command=04 arg=00
[  20.596]   [header-byte] write $ffa517 = 54 mask=00ff (pc=018446)
[  20.596] [packet-accepted] total=437 seq=b4 flags=04 status=54 pc=01845e command=04 arg=00
[  20.612]   [header-byte] write $ffa517 = 54 mask=00ff (pc=018446)
[  20.612] [packet-accepted] total=438 seq=b5 flags=04 status=54 pc=01845e command=04 arg=00
[  20.629]   [header-byte] write $ffa517 = 54 mask=00ff (pc=018446)
[  20.629] [packet-accepted] total=439 seq=b6 flags=04 status=54 pc=01845e command=04 arg=00
[  20.647]   [header-byte] write $ffa517 = 54 mask=00ff (pc=018446)
[  20.647] [packet-accepted] total=440 seq=b7 flags=04 status=54 pc=01845e command=04 arg=00
[  20.662]   [header-byte] write $ffa517 = 54 mask=00ff (pc=018446)
[  20.662] [packet-accepted] total=441 seq=b8 flags=04 status=54 pc=01845e command=04 arg=00
[  20.679]   [header-byte] write $ffa517 = 54 mask=00ff (pc=018446)
[  20.679] [packet-accepted] total=442 seq=b9 flags=04 status=54 pc=01845e command=04 arg=00
[  20.696]   [header-byte] write $ffa517 = 54 mask=00ff (pc=018446)
[  20.696] [packet-accepted] total=443 seq=ba flags=04 status=54 pc=01845e command=04 arg=00
[  20.712]   [header-byte] write $ffa517 = 54 mask=00ff (pc=018446)
[  20.712] [packet-accepted] total=444 seq=bb flags=04 status=54 pc=01845e command=04 arg=00
[  20.729]   [header-byte] write $ffa517 = 54 mask=00ff (pc=018446)
[  20.729] [packet-accepted] total=445 seq=bc flags=04 status=54 pc=01845e command=04 arg=00
[  20.746]   [header-byte] write $ffa517 = 54 mask=00ff (pc=018446)
[  20.746] [packet-accepted] total=446 seq=bd flags=04 status=54 pc=01845e command=04 arg=00
[  20.763]   [header-byte] write $ffa517 = 54 mask=00ff (pc=018446)
[  20.763] [packet-accepted] total=447 seq=be flags=04 status=54 pc=01845e command=04 arg=00
[  20.779]   [header-byte] write $ffa517 = 54 mask=00ff (pc=018446)
[  20.779] [packet-accepted] total=448 seq=bf flags=04 status=54 pc=01845e command=04 arg=00
[  20.797]   [header-byte] write $ffa517 = 54 mask=00ff (pc=018446)
[  20.797] [packet-accepted] total=449 seq=c0 flags=04 status=54 pc=01845e command=04 arg=00
[  20.812]   [header-byte] write $ffa517 = 54 mask=00ff (pc=018446)
[  20.812] [packet-accepted] total=450 seq=c1 flags=04 status=54 pc=01845e command=04 arg=00
[  20.829]   [header-byte] write $ffa517 = 54 mask=00ff (pc=018446)
[  20.829] [packet-accepted] total=451 seq=c2 flags=04 status=54 pc=01845e command=04 arg=00
[  20.846]   [header-byte] write $ffa517 = 54 mask=00ff (pc=018446)
[  20.846] [packet-accepted] total=452 seq=c3 flags=04 status=54 pc=01845e command=04 arg=00
[  20.862]   [header-byte] write $ffa517 = 54 mask=00ff (pc=018446)
[  20.862] [packet-accepted] total=453 seq=c4 flags=04 status=54 pc=01845e command=24 arg=00
[  20.863] [game-command] data=0101 mask=00ff pc=024276 requests=00
[  20.863] [game-command] data=4444 mask=ff00 pc=024280 requests=00
[  20.880]   [header-byte] write $ffa517 = 54 mask=00ff (pc=018446)
[  20.880] [packet-accepted] total=454 seq=c5 flags=04 status=54 pc=01845e command=04 arg=00
[  20.896]   [header-byte] write $ffa517 = 54 mask=00ff (pc=018446)
[  20.896] [packet-accepted] total=455 seq=c6 flags=04 status=54 pc=01845e command=04 arg=00
[  20.912]   [header-byte] write $ffa517 = 54 mask=00ff (pc=018446)
[  20.912] [packet-accepted] total=456 seq=c7 flags=04 status=54 pc=01845e command=04 arg=00
[  20.929]   [header-byte] write $ffa517 = 54 mask=00ff (pc=018446)
[  20.929] [packet-accepted] total=457 seq=c8 flags=04 status=54 pc=01845e command=04 arg=00
[  20.946]   [header-byte] write $ffa517 = 54 mask=00ff (pc=018446)
[  20.946] [packet-accepted] total=458 seq=c9 flags=04 status=54 pc=01845e command=04 arg=00
[  20.963]   [header-byte] write $ffa517 = 54 mask=00ff (pc=018446)
[  20.963] [packet-accepted] total=459 seq=ca flags=04 status=54 pc=01845e command=04 arg=00
[  20.979]   [header-byte] write $ffa517 = 54 mask=00ff (pc=018446)
[  20.979] [packet-accepted] total=460 seq=cb flags=04 status=54 pc=01845e command=04 arg=00
[  20.996]   [header-byte] write $ffa517 = 54 mask=00ff (pc=018446)
[  20.996] [packet-accepted] total=461 seq=cc flags=04 status=54 pc=01845e command=04 arg=00
[  21.012]   [header-byte] write $ffa517 = 54 mask=00ff (pc=018446)
[  21.012] [packet-accepted] total=462 seq=cd flags=04 status=54 pc=01845e command=04 arg=00
[  21.027] heartbeat frame=1260 tx=1880 rx=2250 fc=1 fd=10 fe=1 linkflag=81 pc=00028a a502=00 a524=0000 a525=00 a170=c2 a17f=00 txtail=0058 rxpend=0000
[  21.027] [transport] captured=1880 flushed=1880 received=2250 accepted=462 payload2=432 payload3=0 payload4=0 payload5=0 pump_reads=1694 bursts=387 txcredit=0 outq=0 inq=0 watchdog=0 txseq=84 rxseq=ce rxcredit=5 protection=00 checks=0000
[  21.027] [epochs] local=1 peer=1 ready=true discarded_rx=0
[  21.027] [game-state] a142=04 a13e=04 a13f=0f a530=4401 a506=03 a507=01 a508=01 a7b0=0000 a7a6=9334 script=01f7f6 mode=01 rule=01 base=120 margin=6 difficulty=0 preset=0
[  21.027] [tcb-continuations] ffa580=ff80->018392 sleep=0 local26=7710 ffa5c0=ff80->01853c sleep=0 local26=0900 ffd100=ff80->0241de sleep=0 local26=0100 ffd140=ff80->0240fe sleep=15 local26=0000 ffd180=ff80->023c40 sleep=0 local26=0009 ffd1c0=ff80->023c70 sleep=0 local26=0002 ffd200=ff80->023c70 sleep=0 local26=0000 ffd240=ff80->023c08 sleep=0 local26=0000
[  21.029]   [header-byte] write $ffa517 = 54 mask=00ff (pc=018446)
[  21.029] [packet-accepted] total=463 seq=ce flags=04 status=54 pc=01845e command=04 arg=00
[  21.046]   [header-byte] write $ffa517 = 54 mask=00ff (pc=018446)
[  21.046] [packet-accepted] total=464 seq=cf flags=04 status=54 pc=01845e command=04 arg=00
[  21.063]   [header-byte] write $ffa517 = 54 mask=00ff (pc=018446)
[  21.063] [packet-accepted] total=465 seq=d0 flags=04 status=54 pc=01845e command=04 arg=00
[  21.079]   [header-byte] write $ffa517 = 54 mask=00ff (pc=018446)
[  21.079] [packet-accepted] total=466 seq=d1 flags=04 status=54 pc=01845e command=04 arg=00
[  21.096]   [header-byte] write $ffa517 = 54 mask=00ff (pc=018446)
[  21.096] [packet-accepted] total=467 seq=d2 flags=04 status=54 pc=01845e command=04 arg=00
[  21.115]   [header-byte] write $ffa517 = 54 mask=00ff (pc=018446)
[  21.115] [packet-accepted] total=468 seq=d3 flags=04 status=54 pc=01845e command=04 arg=00
[  21.129]   [header-byte] write $ffa517 = 54 mask=00ff (pc=018446)
[  21.129] [packet-accepted] total=469 seq=d4 flags=04 status=54 pc=01845e command=04 arg=00
[  21.146]   [header-byte] write $ffa517 = 54 mask=00ff (pc=018446)
[  21.146] [packet-accepted] total=470 seq=d5 flags=04 status=54 pc=01845e command=04 arg=00
[  21.163]   [header-byte] write $ffa517 = 54 mask=00ff (pc=018446)
[  21.163] [packet-accepted] total=471 seq=d6 flags=04 status=54 pc=01845e command=04 arg=00
[  21.179]   [header-byte] write $ffa517 = 54 mask=00ff (pc=018446)
[  21.179] [packet-accepted] total=472 seq=d7 flags=04 status=54 pc=01845e command=04 arg=00
[  21.196]   [header-byte] write $ffa517 = 54 mask=00ff (pc=018446)
[  21.196] [packet-accepted] total=473 seq=d8 flags=04 status=54 pc=01845e command=04 arg=00
[  21.213]   [header-byte] write $ffa517 = 54 mask=00ff (pc=018446)
[  21.213] [packet-accepted] total=474 seq=d9 flags=04 status=54 pc=01845e command=04 arg=00
[  21.230]   [header-byte] write $ffa517 = 54 mask=00ff (pc=018446)
[  21.230] [packet-accepted] total=475 seq=da flags=04 status=54 pc=01845e command=04 arg=00
[  21.246]   [header-byte] write $ffa517 = 54 mask=00ff (pc=018446)
[  21.246] [packet-accepted] total=476 seq=db flags=04 status=54 pc=01845e command=04 arg=00
[  21.263]   [header-byte] write $ffa517 = 54 mask=00ff (pc=018446)
[  21.263] [packet-accepted] total=477 seq=dc flags=04 status=54 pc=01845e command=04 arg=00
[  21.282]   [header-byte] write $ffa517 = 54 mask=00ff (pc=018446)
[  21.282] [packet-accepted] total=478 seq=dd flags=04 status=54 pc=01845e command=04 arg=00
[  21.296]   [header-byte] write $ffa517 = 54 mask=00ff (pc=018446)
[  21.296] [packet-accepted] total=479 seq=de flags=04 status=54 pc=01845e command=04 arg=00
[  21.313]   [header-byte] write $ffa517 = 54 mask=00ff (pc=018446)
[  21.313] [packet-accepted] total=480 seq=df flags=04 status=54 pc=01845e command=04 arg=00
[  21.330]   [header-byte] write $ffa517 = 54 mask=00ff (pc=018446)
[  21.330] [packet-accepted] total=481 seq=e0 flags=04 status=54 pc=01845e command=04 arg=00
[  21.346]   [header-byte] write $ffa517 = 54 mask=00ff (pc=018446)
[  21.346] [packet-accepted] total=482 seq=e1 flags=04 status=54 pc=01845e command=04 arg=00
[  21.363]   [header-byte] write $ffa517 = 54 mask=00ff (pc=018446)
[  21.363] [packet-accepted] total=483 seq=e2 flags=04 status=54 pc=01845e command=04 arg=00
[  21.380]   [header-byte] write $ffa517 = 54 mask=00ff (pc=018446)
[  21.380] [packet-accepted] total=484 seq=e3 flags=04 status=54 pc=01845e command=04 arg=00
[  21.397]   [header-byte] write $ffa517 = 54 mask=00ff (pc=018446)
[  21.397] [packet-accepted] total=485 seq=e4 flags=04 status=54 pc=01845e command=04 arg=00
[  21.413]   [header-byte] write $ffa517 = 54 mask=00ff (pc=018446)
[  21.413] [packet-accepted] total=486 seq=e5 flags=04 status=54 pc=01845e command=04 arg=00
[  21.430]   [header-byte] write $ffa517 = 54 mask=00ff (pc=018446)
[  21.430] [packet-accepted] total=487 seq=e6 flags=04 status=54 pc=01845e command=04 arg=00
[  21.446]   [header-byte] write $ffa517 = 54 mask=00ff (pc=018446)
[  21.446] [packet-accepted] total=488 seq=e7 flags=04 status=54 pc=01845e command=04 arg=00
[  21.463]   [header-byte] write $ffa517 = 54 mask=00ff (pc=018446)
[  21.463] [packet-accepted] total=489 seq=e8 flags=04 status=54 pc=01845e command=04 arg=00
[  21.480]   [header-byte] write $ffa517 = 54 mask=00ff (pc=018446)
[  21.480] [packet-accepted] total=490 seq=e9 flags=04 status=54 pc=01845e command=04 arg=00
[  21.496]   [header-byte] write $ffa517 = 54 mask=00ff (pc=018446)
[  21.496] [packet-accepted] total=491 seq=ea flags=04 status=54 pc=01845e command=04 arg=00
[  21.513]   [header-byte] write $ffa517 = 54 mask=00ff (pc=018446)
[  21.513] [packet-accepted] total=492 seq=eb flags=04 status=54 pc=01845e command=04 arg=00
[  21.530]   [header-byte] write $ffa517 = 54 mask=00ff (pc=018446)
[  21.530] [packet-accepted] total=493 seq=ec flags=04 status=54 pc=01845e command=04 arg=00
[  21.547]   [header-byte] write $ffa517 = 54 mask=00ff (pc=018446)
[  21.547] [packet-accepted] total=494 seq=ed flags=04 status=54 pc=01845e command=04 arg=00
[  21.563]   [header-byte] write $ffa517 = 54 mask=00ff (pc=018446)
[  21.563] [packet-accepted] total=495 seq=ee flags=04 status=54 pc=01845e command=04 arg=00
[  21.580]   [header-byte] write $ffa517 = 54 mask=00ff (pc=018446)
[  21.580] [packet-accepted] total=496 seq=ef flags=04 status=54 pc=01845e command=04 arg=00
[  21.599]   [header-byte] write $ffa517 = 54 mask=00ff (pc=018446)
[  21.599] [packet-accepted] total=497 seq=f0 flags=04 status=54 pc=01845e command=04 arg=00
[  21.613]   [header-byte] write $ffa517 = 54 mask=00ff (pc=018446)
[  21.613] [packet-accepted] total=498 seq=f1 flags=04 status=54 pc=01845e command=04 arg=00
[  21.630]   [header-byte] write $ffa517 = 54 mask=00ff (pc=018446)
[  21.630] [packet-accepted] total=499 seq=f2 flags=04 status=54 pc=01845e command=04 arg=00
[  21.647]   [header-byte] write $ffa517 = 54 mask=00ff (pc=018446)
[  21.647] [packet-accepted] total=500 seq=f3 flags=04 status=54 pc=01845e command=04 arg=00
[  21.663]   [header-byte] write $ffa517 = 54 mask=00ff (pc=018446)
[  21.663] [packet-accepted] total=501 seq=f4 flags=04 status=54 pc=01845e command=24 arg=00
[  21.664] [game-command] data=0202 mask=00ff pc=024276 requests=00
[  21.682]   [header-byte] write $ffa517 = 54 mask=00ff (pc=018446)
[  21.682] [packet-accepted] total=502 seq=f5 flags=04 status=54 pc=01845e command=04 arg=00
[  21.697]   [header-byte] write $ffa517 = 54 mask=00ff (pc=018446)
[  21.697] [packet-accepted] total=503 seq=f6 flags=04 status=54 pc=01845e command=04 arg=00
[  21.714]   [header-byte] write $ffa517 = 54 mask=00ff (pc=018446)
[  21.714] [packet-accepted] total=504 seq=f7 flags=04 status=54 pc=01845e command=04 arg=00
[  21.730]   [header-byte] write $ffa517 = 54 mask=00ff (pc=018446)
[  21.730] [packet-accepted] total=505 seq=f8 flags=04 status=54 pc=01845e command=04 arg=00
[  21.749]   [header-byte] write $ffa517 = 54 mask=00ff (pc=018446)
[  21.749] [packet-accepted] total=506 seq=f9 flags=04 status=54 pc=01845e command=04 arg=00
[  21.764]   [header-byte] write $ffa517 = 54 mask=00ff (pc=018446)
[  21.764] [packet-accepted] total=507 seq=fa flags=04 status=54 pc=01845e command=04 arg=00
[  21.780]   [header-byte] write $ffa517 = 54 mask=00ff (pc=018446)
[  21.780] [packet-accepted] total=508 seq=fb flags=04 status=54 pc=01845e command=04 arg=00
[  21.797]   [header-byte] write $ffa517 = 54 mask=00ff (pc=018446)
[  21.797] [packet-accepted] total=509 seq=fc flags=04 status=54 pc=01845e command=04 arg=00
[  21.814]   [header-byte] write $ffa517 = 54 mask=00ff (pc=018446)
[  21.814] [packet-accepted] total=510 seq=fd flags=04 status=54 pc=01845e command=04 arg=00
[  21.831]   [header-byte] write $ffa517 = 54 mask=00ff (pc=018446)
[  21.831] [packet-accepted] total=511 seq=fe flags=04 status=54 pc=01845e command=04 arg=00
[  21.847]   [header-byte] write $ffa517 = 54 mask=00ff (pc=018446)
[  21.847] [packet-accepted] total=512 seq=ff flags=04 status=54 pc=01845e command=04 arg=00
[  21.864]   [header-byte] write $ffa517 = 54 mask=00ff (pc=018446)
[  21.864] [packet-accepted] total=513 seq=00 flags=04 status=54 pc=01845e command=04 arg=00
[  21.881]   [header-byte] write $ffa517 = 54 mask=00ff (pc=018446)
[  21.881] [packet-accepted] total=514 seq=01 flags=04 status=54 pc=01845e command=04 arg=00
[  21.897]   [header-byte] write $ffa517 = 54 mask=00ff (pc=018446)
[  21.897] [packet-accepted] total=515 seq=02 flags=04 status=54 pc=01845e command=04 arg=00
[  21.914]   [header-byte] write $ffa517 = 54 mask=00ff (pc=018446)
[  21.914] [packet-accepted] total=516 seq=03 flags=04 status=54 pc=01845e command=04 arg=00
[  21.931]   [header-byte] write $ffa517 = 54 mask=00ff (pc=018446)
[  21.931] [packet-accepted] total=517 seq=04 flags=04 status=54 pc=01845e command=04 arg=00
[  21.947]   [header-byte] write $ffa517 = 54 mask=00ff (pc=018446)
[  21.947] [packet-accepted] total=518 seq=05 flags=04 status=54 pc=01845e command=04 arg=00
[  21.964]   [header-byte] write $ffa517 = 54 mask=00ff (pc=018446)
[  21.964] [packet-accepted] total=519 seq=06 flags=04 status=54 pc=01845e command=04 arg=00
[  21.981]   [header-byte] write $ffa517 = 54 mask=00ff (pc=018446)
[  21.981] [packet-accepted] total=520 seq=07 flags=04 status=54 pc=01845e command=04 arg=00
[  21.997]   [header-byte] write $ffa517 = 54 mask=00ff (pc=018446)
[  21.997] [packet-accepted] total=521 seq=08 flags=04 status=54 pc=01845e command=04 arg=00
[  22.014]   [header-byte] write $ffa517 = 54 mask=00ff (pc=018446)
[  22.014] [packet-accepted] total=522 seq=09 flags=04 status=54 pc=01845e command=04 arg=00
[  22.028] heartbeat frame=1320 tx=1888 rx=2550 fc=1 fd=10 fe=1 linkflag=81 pc=000288 a502=00 a524=0000 a525=00 a170=c2 a17f=00 txtail=0060 rxpend=0000
[  22.028] [transport] captured=1888 flushed=1888 received=2550 accepted=522 payload2=492 payload3=0 payload4=0 payload5=0 pump_reads=1814 bursts=389 txcredit=0 outq=0 inq=0 watchdog=0 txseq=86 rxseq=0a rxcredit=5 protection=00 checks=0000
[  22.028] [epochs] local=1 peer=1 ready=true discarded_rx=0
[  22.028] [game-state] a142=04 a13e=04 a13f=0f a530=4402 a506=03 a507=01 a508=01 a7b0=0000 a7a6=9334 script=01f7f6 mode=01 rule=01 base=120 margin=6 difficulty=0 preset=0
[  22.028] [tcb-continuations] ffa580=ff80->018392 sleep=0 local26=7710 ffa5c0=ff80->01853c sleep=0 local26=1500 ffd100=ff80->0241de sleep=0 local26=0201 ffd140=ff80->0240fe sleep=3 local26=0000 ffd180=ff80->023c40 sleep=0 local26=0008 ffd1c0=ff80->023c70 sleep=0 local26=0002 ffd200=ff80->023c70 sleep=0 local26=0000 ffd240=ff80->023c08 sleep=0 local26=0100
[  22.031]   [header-byte] write $ffa517 = 54 mask=00ff (pc=018446)
[  22.031] [packet-accepted] total=523 seq=0a flags=04 status=54 pc=01845e command=04 arg=00
[  22.047]   [header-byte] write $ffa517 = 54 mask=00ff (pc=018446)
[  22.047] [packet-accepted] total=524 seq=0b flags=04 status=54 pc=01845e command=04 arg=00
[  22.066]   [header-byte] write $ffa517 = 54 mask=00ff (pc=018446)
[  22.066] [packet-accepted] total=525 seq=0c flags=04 status=54 pc=01845e command=04 arg=00
[  22.081]   [header-byte] write $ffa517 = 54 mask=00ff (pc=018446)
[  22.081] [packet-accepted] total=526 seq=0d flags=04 status=54 pc=01845e command=04 arg=00
[  22.098]   [header-byte] write $ffa517 = 54 mask=00ff (pc=018446)
[  22.098] [packet-accepted] total=527 seq=0e flags=04 status=54 pc=01845e command=04 arg=00
[  22.114]   [header-byte] write $ffa517 = 54 mask=00ff (pc=018446)
[  22.114] [packet-accepted] total=528 seq=0f flags=04 status=54 pc=01845e command=04 arg=00
[  22.131]   [header-byte] write $ffa517 = 54 mask=00ff (pc=018446)
[  22.131] [packet-accepted] total=529 seq=10 flags=04 status=54 pc=01845e command=04 arg=00
[  22.148]   [header-byte] write $ffa517 = 54 mask=00ff (pc=018446)
[  22.148] [packet-accepted] total=530 seq=11 flags=04 status=54 pc=01845e command=04 arg=00
[  22.164]   [header-byte] write $ffa517 = 54 mask=00ff (pc=018446)
[  22.164] [packet-accepted] total=531 seq=12 flags=04 status=54 pc=01845e command=04 arg=00
[  22.181]   [header-byte] write $ffa517 = 54 mask=00ff (pc=018446)
[  22.181] [packet-accepted] total=532 seq=13 flags=04 status=54 pc=01845e command=04 arg=00
[  22.198]   [header-byte] write $ffa517 = 54 mask=00ff (pc=018446)
[  22.198] [packet-accepted] total=533 seq=14 flags=04 status=54 pc=01845e command=04 arg=00
[  22.214]   [header-byte] write $ffa517 = 54 mask=00ff (pc=018446)
[  22.214] [packet-accepted] total=534 seq=15 flags=04 status=54 pc=01845e command=04 arg=00
[  22.233]   [header-byte] write $ffa517 = 54 mask=00ff (pc=018446)
[  22.233] [packet-accepted] total=535 seq=16 flags=04 status=54 pc=01845e command=04 arg=00
[  22.248]   [header-byte] write $ffa517 = 54 mask=00ff (pc=018446)
[  22.248] [packet-accepted] total=536 seq=17 flags=04 status=54 pc=01845e command=04 arg=00
[  22.265]   [header-byte] write $ffa517 = 54 mask=00ff (pc=018446)
[  22.265] [packet-accepted] total=537 seq=18 flags=04 status=54 pc=01845e command=04 arg=00
[  22.281]   [header-byte] write $ffa517 = 54 mask=00ff (pc=018446)
[  22.281] [packet-accepted] total=538 seq=19 flags=04 status=54 pc=01845e command=04 arg=00
[  22.298]   [header-byte] write $ffa517 = 54 mask=00ff (pc=018446)
[  22.298] [packet-accepted] total=539 seq=1a flags=04 status=54 pc=01845e command=04 arg=00
[  22.315]   [header-byte] write $ffa517 = 54 mask=00ff (pc=018446)
[  22.315] [packet-accepted] total=540 seq=1b flags=04 status=54 pc=01845e command=04 arg=00
[  22.331]   [header-byte] write $ffa517 = 54 mask=00ff (pc=018446)
[  22.331] [packet-accepted] total=541 seq=1c flags=04 status=54 pc=01845e command=04 arg=00
[  22.348]   [header-byte] write $ffa517 = 54 mask=00ff (pc=018446)
[  22.348] [packet-accepted] total=542 seq=1d flags=04 status=54 pc=01845e command=04 arg=00
[  22.365]   [header-byte] write $ffa517 = 54 mask=00ff (pc=018446)
[  22.365] [packet-accepted] total=543 seq=1e flags=04 status=54 pc=01845e command=04 arg=00
[  22.382]   [header-byte] write $ffa517 = 54 mask=00ff (pc=018446)
[  22.382] [packet-accepted] total=544 seq=1f flags=04 status=54 pc=01845e command=04 arg=00
[  22.398]   [header-byte] write $ffa517 = 54 mask=00ff (pc=018446)
[  22.398] [packet-accepted] total=545 seq=20 flags=04 status=54 pc=01845e command=04 arg=00
[  22.415]   [header-byte] write $ffa517 = 54 mask=00ff (pc=018446)
[  22.415] [packet-accepted] total=546 seq=21 flags=04 status=54 pc=01845e command=04 arg=00
[  22.431]   [header-byte] write $ffa517 = 54 mask=00ff (pc=018446)
[  22.431] [packet-accepted] total=547 seq=22 flags=04 status=54 pc=01845e command=04 arg=00
[  22.448]   [header-byte] write $ffa517 = 54 mask=00ff (pc=018446)
[  22.448] [packet-accepted] total=548 seq=23 flags=04 status=54 pc=01845e command=04 arg=00
[  22.465]   [header-byte] write $ffa517 = 54 mask=00ff (pc=018446)
[  22.465] [packet-accepted] total=549 seq=24 flags=04 status=54 pc=01845e command=04 arg=00
[  22.481]   [header-byte] write $ffa517 = 54 mask=00ff (pc=018446)
[  22.481] [packet-accepted] total=550 seq=25 flags=04 status=54 pc=01845e command=04 arg=00
[  22.498]   [header-byte] write $ffa517 = 54 mask=00ff (pc=018446)
[  22.498] [packet-accepted] total=551 seq=26 flags=04 status=54 pc=01845e command=04 arg=00
[  22.515]   [header-byte] write $ffa517 = 54 mask=00ff (pc=018446)
[  22.515] [packet-accepted] total=552 seq=27 flags=04 status=54 pc=01845e command=04 arg=00
[  22.531]   [header-byte] write $ffa517 = 54 mask=00ff (pc=018446)
[  22.531] [packet-accepted] total=553 seq=28 flags=04 status=54 pc=01845e command=04 arg=00
[  22.550]   [header-byte] write $ffa517 = 54 mask=00ff (pc=018446)
[  22.550] [packet-accepted] total=554 seq=29 flags=04 status=54 pc=01845e command=04 arg=00
[  22.565]   [header-byte] write $ffa517 = 54 mask=00ff (pc=018446)
[  22.565] [packet-accepted] total=555 seq=2a flags=04 status=54 pc=01845e command=04 arg=00
[  22.582]   [header-byte] write $ffa517 = 54 mask=00ff (pc=018446)
[  22.582] [packet-accepted] total=556 seq=2b flags=04 status=54 pc=01845e command=24 arg=00
[  22.582] [game-command] data=0000 mask=00ff pc=024276 requests=00
[  22.599]   [header-byte] write $ffa517 = 54 mask=00ff (pc=018446)
[  22.599] [packet-accepted] total=557 seq=2c flags=04 status=54 pc=01845e command=04 arg=00
[  22.615]   [header-byte] write $ffa517 = 54 mask=00ff (pc=018446)
[  22.615] [packet-accepted] total=558 seq=2d flags=04 status=54 pc=01845e command=04 arg=00
[  22.632]   [header-byte] write $ffa517 = 54 mask=00ff (pc=018446)
[  22.632] [packet-accepted] total=559 seq=2e flags=04 status=54 pc=01845e command=04 arg=00
[  22.648]   [header-byte] write $ffa517 = 54 mask=00ff (pc=018446)
[  22.648] [packet-accepted] total=560 seq=2f flags=04 status=54 pc=01845e command=04 arg=00
[  22.665]   [header-byte] write $ffa517 = 54 mask=00ff (pc=018446)
[  22.665] [packet-accepted] total=561 seq=30 flags=04 status=54 pc=01845e command=04 arg=00
[  22.681]   [header-byte] write $ffa517 = 54 mask=00ff (pc=018446)
[  22.681] [packet-accepted] total=562 seq=31 flags=04 status=54 pc=01845e command=04 arg=00
[  22.701]   [header-byte] write $ffa517 = 54 mask=00ff (pc=018446)
[  22.701] [packet-accepted] total=563 seq=32 flags=04 status=54 pc=01845e command=04 arg=00
[  22.715]   [header-byte] write $ffa517 = 54 mask=00ff (pc=018446)
[  22.715] [packet-accepted] total=564 seq=33 flags=04 status=54 pc=01845e command=04 arg=00
[  22.732]   [header-byte] write $ffa517 = 54 mask=00ff (pc=018446)
[  22.732] [packet-accepted] total=565 seq=34 flags=04 status=54 pc=01845e command=04 arg=00
[  22.748]   [header-byte] write $ffa517 = 54 mask=00ff (pc=018446)
[  22.748] [packet-accepted] total=566 seq=35 flags=04 status=54 pc=01845e command=04 arg=00
[  22.765]   [header-byte] write $ffa517 = 54 mask=00ff (pc=018446)
[  22.765] [packet-accepted] total=567 seq=36 flags=04 status=54 pc=01845e command=04 arg=00
[  22.782]   [header-byte] write $ffa517 = 54 mask=00ff (pc=018446)
[  22.782] [packet-accepted] total=568 seq=37 flags=04 status=54 pc=01845e command=04 arg=00
[  22.798]   [header-byte] write $ffa517 = 54 mask=00ff (pc=018446)
[  22.798] [packet-accepted] total=569 seq=38 flags=04 status=54 pc=01845e command=04 arg=00
[  22.815]   [header-byte] write $ffa517 = 54 mask=00ff (pc=018446)
[  22.815] [packet-accepted] total=570 seq=39 flags=04 status=54 pc=01845e command=04 arg=00
[  22.832]   [header-byte] write $ffa517 = 54 mask=00ff (pc=018446)
[  22.832] [packet-accepted] total=571 seq=3a flags=04 status=54 pc=01845e command=04 arg=00
[  22.848]   [header-byte] write $ffa517 = 54 mask=00ff (pc=018446)
[  22.848] [packet-accepted] total=572 seq=3b flags=04 status=54 pc=01845e command=04 arg=00
[  22.865]   [header-byte] write $ffa517 = 54 mask=00ff (pc=018446)
[  22.865] [packet-accepted] total=573 seq=3c flags=04 status=54 pc=01845e command=04 arg=00
[  22.882]   [header-byte] write $ffa517 = 54 mask=00ff (pc=018446)
[  22.882] [packet-accepted] total=574 seq=3d flags=04 status=54 pc=01845e command=04 arg=00
[  22.898]   [header-byte] write $ffa517 = 54 mask=00ff (pc=018446)
[  22.898] [packet-accepted] total=575 seq=3e flags=04 status=54 pc=01845e command=04 arg=00
[  22.915]   [header-byte] write $ffa517 = 54 mask=00ff (pc=018446)
[  22.915] [packet-accepted] total=576 seq=3f flags=04 status=54 pc=01845e command=04 arg=00
[  22.932]   [header-byte] write $ffa517 = 54 mask=00ff (pc=018446)
[  22.932] [packet-accepted] total=577 seq=40 flags=04 status=54 pc=01845e command=04 arg=00
[  22.948]   [header-byte] write $ffa517 = 54 mask=00ff (pc=018446)
[  22.948] [packet-accepted] total=578 seq=41 flags=04 status=54 pc=01845e command=04 arg=00
[  22.965]   [header-byte] write $ffa517 = 54 mask=00ff (pc=018446)
[  22.965] [packet-accepted] total=579 seq=42 flags=04 status=54 pc=01845e command=04 arg=00
[  22.982]   [header-byte] write $ffa517 = 54 mask=00ff (pc=018446)
[  22.982] [packet-accepted] total=580 seq=43 flags=04 status=54 pc=01845e command=04 arg=00
[  22.998]   [header-byte] write $ffa517 = 54 mask=00ff (pc=018446)
[  22.998] [packet-accepted] total=581 seq=44 flags=04 status=54 pc=01845e command=04 arg=00
[  23.017]   [header-byte] write $ffa517 = 54 mask=00ff (pc=018446)
[  23.017] [packet-accepted] total=582 seq=45 flags=04 status=54 pc=01845e command=04 arg=00
[  23.030] heartbeat frame=1380 tx=1896 rx=2850 fc=1 fd=10 fe=1 linkflag=81 pc=00028a a502=00 a524=0000 a525=00 a170=c2 a17f=00 txtail=0068 rxpend=0000
[  23.030] [transport] captured=1896 flushed=1896 received=2850 accepted=582 payload2=552 payload3=0 payload4=0 payload5=0 pump_reads=1934 bursts=391 txcredit=0 outq=0 inq=0 watchdog=0 txseq=88 rxseq=46 rxcredit=5 protection=00 checks=0000
[  23.030] [epochs] local=1 peer=1 ready=true discarded_rx=0
[  23.030] [game-state] a142=04 a13e=04 a13f=0f a530=4400 a506=03 a507=01 a508=01 a7b0=0000 a7a6=9334 script=01f7f6 mode=01 rule=01 base=120 margin=6 difficulty=0 preset=0
[  23.030] [tcb-continuations] ffa580=ff80->018392 sleep=0 local26=7710 ffa5c0=ff80->01853c sleep=0 local26=1a00 ffd100=ff80->0241de sleep=0 local26=0000 ffd140=ff80->023f9e sleep=0 local26=0000 ffd180=ff80->023c40 sleep=0 local26=0008 ffd1c0=ff80->023c70 sleep=0 local26=0002 ffd200=ff80->023c70 sleep=0 local26=0000 ffd240=ff80->023c08 sleep=0 local26=0100
[  23.032]   [header-byte] write $ffa517 = 54 mask=00ff (pc=018446)
[  23.032] [packet-accepted] total=583 seq=46 flags=04 status=54 pc=01845e command=04 arg=00
[  23.049]   [header-byte] write $ffa517 = 54 mask=00ff (pc=018446)
[  23.049] [packet-accepted] total=584 seq=47 flags=04 status=54 pc=01845e command=04 arg=00
[  23.065]   [header-byte] write $ffa517 = 54 mask=00ff (pc=018446)
[  23.065] [packet-accepted] total=585 seq=48 flags=04 status=54 pc=01845e command=04 arg=00
[  23.082]   [header-byte] write $ffa517 = 54 mask=00ff (pc=018446)
[  23.082] [packet-accepted] total=586 seq=49 flags=04 status=54 pc=01845e command=04 arg=00
[  23.099]   [header-byte] write $ffa517 = 54 mask=00ff (pc=018446)
[  23.099] [packet-accepted] total=587 seq=4a flags=04 status=54 pc=01845e command=04 arg=00
[  23.115]   [header-byte] write $ffa517 = 54 mask=00ff (pc=018446)
[  23.115] [packet-accepted] total=588 seq=4b flags=04 status=54 pc=01845e command=04 arg=00
[  23.132]   [header-byte] write $ffa517 = 54 mask=00ff (pc=018446)
[  23.132] [packet-accepted] total=589 seq=4c flags=04 status=54 pc=01845e command=04 arg=00
[  23.149]   [header-byte] write $ffa517 = 54 mask=00ff (pc=018446)
[  23.149] [packet-accepted] total=590 seq=4d flags=04 status=54 pc=01845e command=04 arg=00
[  23.165]   [header-byte] write $ffa517 = 54 mask=00ff (pc=018446)
[  23.165] [packet-accepted] total=591 seq=4e flags=04 status=54 pc=01845e command=04 arg=00
[  23.184]   [header-byte] write $ffa517 = 54 mask=00ff (pc=018446)
[  23.184] [packet-accepted] total=592 seq=4f flags=04 status=54 pc=01845e command=04 arg=00
[  23.199]   [header-byte] write $ffa517 = 54 mask=00ff (pc=018446)
[  23.199] [packet-accepted] total=593 seq=50 flags=04 status=54 pc=01845e command=04 arg=00
[  23.216]   [header-byte] write $ffa517 = 54 mask=00ff (pc=018446)
[  23.216] [packet-accepted] total=594 seq=51 flags=04 status=54 pc=01845e command=04 arg=00
[  23.232]   [header-byte] write $ffa517 = 54 mask=00ff (pc=018446)
[  23.232] [packet-accepted] total=595 seq=52 flags=04 status=54 pc=01845e command=04 arg=00
[  23.249]   [header-byte] write $ffa517 = 54 mask=00ff (pc=018446)
[  23.249] [packet-accepted] total=596 seq=53 flags=04 status=54 pc=01845e command=04 arg=00
[  23.266]   [header-byte] write $ffa517 = 54 mask=00ff (pc=018446)
[  23.266] [packet-accepted] total=597 seq=54 flags=04 status=54 pc=01845e command=04 arg=00
[  23.282]   [header-byte] write $ffa517 = 54 mask=00ff (pc=018446)
[  23.282] [packet-accepted] total=598 seq=55 flags=04 status=54 pc=01845e command=04 arg=00
[  23.299]   [header-byte] write $ffa517 = 54 mask=00ff (pc=018446)
[  23.299] [packet-accepted] total=599 seq=56 flags=04 status=54 pc=01845e command=04 arg=00
[  23.316]   [header-byte] write $ffa517 = 54 mask=00ff (pc=018446)
[  23.316] [packet-accepted] total=600 seq=57 flags=04 status=54 pc=01845e command=04 arg=00
[  23.332]   [header-byte] write $ffa517 = 54 mask=00ff (pc=018446)
[  23.332] [packet-accepted] total=601 seq=58 flags=04 status=54 pc=01845e command=04 arg=00
[  23.349]   [header-byte] write $ffa517 = 54 mask=00ff (pc=018446)
[  23.349] [packet-accepted] total=602 seq=59 flags=04 status=54 pc=01845e command=04 arg=00
[  23.366]   [header-byte] write $ffa517 = 54 mask=00ff (pc=018446)
[  23.366] [packet-accepted] total=603 seq=5a flags=04 status=54 pc=01845e command=04 arg=00
[  23.382]   [header-byte] write $ffa517 = 54 mask=00ff (pc=018446)
[  23.382] [packet-accepted] total=604 seq=5b flags=04 status=54 pc=01845e command=04 arg=00
[  23.399]   [header-byte] write $ffa517 = 54 mask=00ff (pc=018446)
[  23.399] [packet-accepted] total=605 seq=5c flags=04 status=54 pc=01845e command=04 arg=00
[  23.416]   [header-byte] write $ffa517 = 54 mask=00ff (pc=018446)
[  23.416] [packet-accepted] total=606 seq=5d flags=04 status=54 pc=01845e command=04 arg=00
[  23.432]   [header-byte] write $ffa517 = 54 mask=00ff (pc=018446)
[  23.432] [packet-accepted] total=607 seq=5e flags=04 status=54 pc=01845e command=24 arg=00
[  23.432] [game-command] data=0101 mask=00ff pc=024276 requests=00
[  23.450]   [header-byte] write $ffa517 = 54 mask=00ff (pc=018446)
[  23.450] [packet-accepted] total=608 seq=5f flags=04 status=54 pc=01845e command=04 arg=00
[  23.466]   [header-byte] write $ffa517 = 54 mask=00ff (pc=018446)
[  23.466] [packet-accepted] total=609 seq=60 flags=04 status=54 pc=01845e command=04 arg=00
[  23.482]   [header-byte] write $ffa517 = 54 mask=00ff (pc=018446)
[  23.482] [packet-accepted] total=610 seq=61 flags=04 status=54 pc=01845e command=04 arg=00
[  23.501]   [header-byte] write $ffa517 = 54 mask=00ff (pc=018446)
[  23.501] [packet-accepted] total=611 seq=62 flags=04 status=54 pc=01845e command=04 arg=00
[  23.516]   [header-byte] write $ffa517 = 54 mask=00ff (pc=018446)
[  23.516] [packet-accepted] total=612 seq=63 flags=04 status=54 pc=01845e command=04 arg=00
[  23.533]   [header-byte] write $ffa517 = 54 mask=00ff (pc=018446)
[  23.533] [packet-accepted] total=613 seq=64 flags=04 status=54 pc=01845e command=04 arg=00
[  23.549]   [header-byte] write $ffa517 = 54 mask=00ff (pc=018446)
[  23.549] [packet-accepted] total=614 seq=65 flags=04 status=54 pc=01845e command=04 arg=00
[  23.566]   [header-byte] write $ffa517 = 54 mask=00ff (pc=018446)
[  23.566] [packet-accepted] total=615 seq=66 flags=04 status=54 pc=01845e command=04 arg=00
[  23.583]   [header-byte] write $ffa517 = 54 mask=00ff (pc=018446)
[  23.583] [packet-accepted] total=616 seq=67 flags=04 status=54 pc=01845e command=04 arg=00
[  23.599]   [header-byte] write $ffa517 = 54 mask=00ff (pc=018446)
[  23.599] [packet-accepted] total=617 seq=68 flags=04 status=54 pc=01845e command=04 arg=00
[  23.616]   [header-byte] write $ffa517 = 54 mask=00ff (pc=018446)
[  23.616] [packet-accepted] total=618 seq=69 flags=04 status=54 pc=01845e command=04 arg=00
[  23.633]   [header-byte] write $ffa517 = 54 mask=00ff (pc=018446)
[  23.633] [packet-accepted] total=619 seq=6a flags=04 status=54 pc=01845e command=04 arg=00
[  23.652]   [header-byte] write $ffa517 = 54 mask=00ff (pc=018446)
[  23.652] [packet-accepted] total=620 seq=6b flags=04 status=54 pc=01845e command=04 arg=00
[  23.666]   [header-byte] write $ffa517 = 54 mask=00ff (pc=018446)
[  23.666] [packet-accepted] total=621 seq=6c flags=04 status=54 pc=01845e command=04 arg=00
[  23.683]   [header-byte] write $ffa517 = 54 mask=00ff (pc=018446)
[  23.683] [packet-accepted] total=622 seq=6d flags=04 status=54 pc=01845e command=04 arg=00
[  23.700]   [header-byte] write $ffa517 = 54 mask=00ff (pc=018446)
[  23.700] [packet-accepted] total=623 seq=6e flags=04 status=54 pc=01845e command=04 arg=00
[  23.716]   [header-byte] write $ffa517 = 54 mask=00ff (pc=018446)
[  23.716] [packet-accepted] total=624 seq=6f flags=04 status=54 pc=01845e command=04 arg=00
[  23.733]   [header-byte] write $ffa517 = 54 mask=00ff (pc=018446)
[  23.733] [packet-accepted] total=625 seq=70 flags=04 status=54 pc=01845e command=04 arg=00
[  23.750]   [header-byte] write $ffa517 = 54 mask=00ff (pc=018446)
[  23.750] [packet-accepted] total=626 seq=71 flags=04 status=54 pc=01845e command=04 arg=00
[  23.766]   [header-byte] write $ffa517 = 54 mask=00ff (pc=018446)
[  23.766] [packet-accepted] total=627 seq=72 flags=04 status=54 pc=01845e command=04 arg=00
[  23.783]   [header-byte] write $ffa517 = 54 mask=00ff (pc=018446)
[  23.783] [packet-accepted] total=628 seq=73 flags=04 status=54 pc=01845e command=04 arg=00
[  23.800]   [header-byte] write $ffa517 = 54 mask=00ff (pc=018446)
[  23.800] [packet-accepted] total=629 seq=74 flags=04 status=54 pc=01845e command=04 arg=00
[  23.817]   [header-byte] write $ffa517 = 54 mask=00ff (pc=018446)
[  23.817] [packet-accepted] total=630 seq=75 flags=04 status=54 pc=01845e command=04 arg=00
[  23.833]   [header-byte] write $ffa517 = 54 mask=00ff (pc=018446)
[  23.833] [packet-accepted] total=631 seq=76 flags=04 status=54 pc=01845e command=04 arg=00
[  23.850]   [header-byte] write $ffa517 = 54 mask=00ff (pc=018446)
[  23.850] [packet-accepted] total=632 seq=77 flags=04 status=54 pc=01845e command=04 arg=00
[  23.867]   [header-byte] write $ffa517 = 54 mask=00ff (pc=018446)
[  23.867] [packet-accepted] total=633 seq=78 flags=04 status=54 pc=01845e command=04 arg=00
[  23.883]   [header-byte] write $ffa517 = 54 mask=00ff (pc=018446)
[  23.883] [packet-accepted] total=634 seq=79 flags=04 status=54 pc=01845e command=04 arg=00
[  23.900]   [header-byte] write $ffa517 = 54 mask=00ff (pc=018446)
[  23.900] [packet-accepted] total=635 seq=7a flags=04 status=54 pc=01845e command=04 arg=00
[  23.917]   [header-byte] write $ffa517 = 54 mask=00ff (pc=018446)
[  23.917] [packet-accepted] total=636 seq=7b flags=04 status=54 pc=01845e command=04 arg=00
[  23.933]   [header-byte] write $ffa517 = 54 mask=00ff (pc=018446)
[  23.933] [packet-accepted] total=637 seq=7c flags=04 status=54 pc=01845e command=04 arg=00
[  23.950]   [header-byte] write $ffa517 = 54 mask=00ff (pc=018446)
[  23.950] [packet-accepted] total=638 seq=7d flags=04 status=54 pc=01845e command=04 arg=00
[  23.968]   [header-byte] write $ffa517 = 54 mask=00ff (pc=018446)
[  23.968] [packet-accepted] total=639 seq=7e flags=04 status=54 pc=01845e command=04 arg=00
[  23.983]   [header-byte] write $ffa517 = 54 mask=00ff (pc=018446)
[  23.983] [packet-accepted] total=640 seq=7f flags=04 status=54 pc=01845e command=04 arg=00
[  24.000]   [header-byte] write $ffa517 = 54 mask=00ff (pc=018446)
[  24.000] [packet-accepted] total=641 seq=80 flags=04 status=54 pc=01845e command=04 arg=00
[  24.017]   [header-byte] write $ffa517 = 54 mask=00ff (pc=018446)
[  24.017] [packet-accepted] total=642 seq=81 flags=04 status=54 pc=01845e command=04 arg=00
[  24.031] heartbeat frame=1440 tx=1907 rx=3150 fc=1 fd=10 fe=1 linkflag=81 pc=000288 a502=00 a524=0000 a525=00 a170=c2 a17f=00 txtail=0073 rxpend=0000
[  24.031] [transport] captured=1907 flushed=1907 received=3150 accepted=642 payload2=612 payload3=0 payload4=0 payload5=0 pump_reads=2054 bursts=394 txcredit=0 outq=0 inq=0 watchdog=0 txseq=8b rxseq=82 rxcredit=5 protection=00 checks=0000
[  24.031] [epochs] local=1 peer=1 ready=true discarded_rx=0
[  24.031] [game-state] a142=04 a13e=04 a13f=0f a530=4401 a506=03 a507=01 a508=01 a7b0=0000 a7a6=9334 script=01f7f6 mode=01 rule=01 base=120 margin=6 difficulty=0 preset=0
[  24.031] [tcb-continuations] ffa580=ff80->018392 sleep=0 local26=7710 ffa5c0=ff80->01853c sleep=0 local26=0500 ffd100=ff80->0241de sleep=0 local26=0101 ffd140=ff80->023f9e sleep=0 local26=0000 ffd180=ff80->023c40 sleep=0 local26=0007 ffd1c0=ff80->023c70 sleep=0 local26=0002 ffd200=ff80->023c70 sleep=0 local26=0000 ffd240=ff80->023c08 sleep=0 local26=0200
[  24.033]   [header-byte] write $ffa517 = 54 mask=00ff (pc=018446)
[  24.033] [packet-accepted] total=643 seq=82 flags=04 status=54 pc=01845e command=04 arg=00
[  24.050]   [header-byte] write $ffa517 = 54 mask=00ff (pc=018446)
[  24.050] [packet-accepted] total=644 seq=83 flags=04 status=54 pc=01845e command=04 arg=00
[  24.067]   [header-byte] write $ffa517 = 54 mask=00ff (pc=018446)
[  24.067] [packet-accepted] total=645 seq=84 flags=04 status=54 pc=01845e command=04 arg=00
[  24.083]   [header-byte] write $ffa517 = 54 mask=00ff (pc=018446)
[  24.083] [packet-accepted] total=646 seq=85 flags=04 status=54 pc=01845e command=04 arg=00
[  24.100]   [header-byte] write $ffa517 = 54 mask=00ff (pc=018446)
[  24.100] [packet-accepted] total=647 seq=86 flags=04 status=54 pc=01845e command=04 arg=00
[  24.117]   [header-byte] write $ffa517 = 54 mask=00ff (pc=018446)
[  24.117] [packet-accepted] total=648 seq=87 flags=04 status=54 pc=01845e command=04 arg=00
[  24.135]   [header-byte] write $ffa517 = 54 mask=00ff (pc=018446)
[  24.136] [packet-accepted] total=649 seq=88 flags=04 status=54 pc=01845e command=04 arg=00
[  24.150]   [header-byte] write $ffa517 = 54 mask=00ff (pc=018446)
[  24.150] [packet-accepted] total=650 seq=89 flags=04 status=54 pc=01845e command=04 arg=00
[  24.167]   [header-byte] write $ffa517 = 54 mask=00ff (pc=018446)
[  24.167] [packet-accepted] total=651 seq=8a flags=04 status=54 pc=01845e command=04 arg=00
[  24.184]   [header-byte] write $ffa517 = 54 mask=00ff (pc=018446)
[  24.184] [packet-accepted] total=652 seq=8b flags=04 status=54 pc=01845e command=04 arg=00
[  24.200]   [header-byte] write $ffa517 = 54 mask=00ff (pc=018446)
[  24.200] [packet-accepted] total=653 seq=8c flags=04 status=54 pc=01845e command=04 arg=00
[  24.217]   [header-byte] write $ffa517 = 54 mask=00ff (pc=018446)
[  24.217] [packet-accepted] total=654 seq=8d flags=04 status=54 pc=01845e command=04 arg=00
[  24.234]   [header-byte] write $ffa517 = 54 mask=00ff (pc=018446)
[  24.234] [packet-accepted] total=655 seq=8e flags=04 status=54 pc=01845e command=04 arg=00
[  24.250]   [header-byte] write $ffa517 = 54 mask=00ff (pc=018446)
[  24.250] [packet-accepted] total=656 seq=8f flags=04 status=54 pc=01845e command=04 arg=00
[  24.267]   [header-byte] write $ffa517 = 54 mask=00ff (pc=018446)
[  24.267] [packet-accepted] total=657 seq=90 flags=04 status=54 pc=01845e command=04 arg=00
[  24.284]   [header-byte] write $ffa517 = 54 mask=00ff (pc=018446)
[  24.284] [packet-accepted] total=658 seq=91 flags=04 status=54 pc=01845e command=04 arg=00
[  24.300]   [header-byte] write $ffa517 = 54 mask=00ff (pc=018446)
[  24.300] [packet-accepted] total=659 seq=92 flags=04 status=54 pc=01845e command=04 arg=00
[  24.317]   [header-byte] write $ffa517 = 54 mask=00ff (pc=018446)
[  24.317] [packet-accepted] total=660 seq=93 flags=04 status=54 pc=01845e command=04 arg=00
[  24.334]   [header-byte] write $ffa517 = 54 mask=00ff (pc=018446)
[  24.334] [packet-accepted] total=661 seq=94 flags=04 status=54 pc=01845e command=04 arg=00
[  24.350]   [header-byte] write $ffa517 = 54 mask=00ff (pc=018446)
[  24.350] [packet-accepted] total=662 seq=95 flags=04 status=54 pc=01845e command=04 arg=00
[  24.367]   [header-byte] write $ffa517 = 54 mask=00ff (pc=018446)
[  24.367] [packet-accepted] total=663 seq=96 flags=04 status=54 pc=01845e command=04 arg=00
[  24.384]   [header-byte] write $ffa517 = 54 mask=00ff (pc=018446)
[  24.384] [packet-accepted] total=664 seq=97 flags=04 status=54 pc=01845e command=04 arg=00
[  24.401]   [header-byte] write $ffa517 = 54 mask=00ff (pc=018446)
[  24.401] [packet-accepted] total=665 seq=98 flags=04 status=54 pc=01845e command=04 arg=00
[  24.417]   [header-byte] write $ffa517 = 54 mask=00ff (pc=018446)
[  24.417] [packet-accepted] total=666 seq=99 flags=04 status=54 pc=01845e command=04 arg=00
[  24.436]   [header-byte] write $ffa517 = 54 mask=00ff (pc=018446)
[  24.436] [packet-accepted] total=667 seq=9a flags=04 status=54 pc=01845e command=04 arg=00
[  24.451]   [header-byte] write $ffa517 = 54 mask=00ff (pc=018446)
[  24.451] [packet-accepted] total=668 seq=9b flags=04 status=54 pc=01845e command=04 arg=00
[  24.467]   [header-byte] write $ffa517 = 54 mask=00ff (pc=018446)
[  24.467] [packet-accepted] total=669 seq=9c flags=04 status=54 pc=01845e command=04 arg=00
[  24.484]   [header-byte] write $ffa517 = 54 mask=00ff (pc=018446)
[  24.484] [packet-accepted] total=670 seq=9d flags=04 status=54 pc=01845e command=04 arg=00
[  24.501]   [header-byte] write $ffa517 = 54 mask=00ff (pc=018446)
[  24.501] [packet-accepted] total=671 seq=9e flags=04 status=54 pc=01845e command=04 arg=00
[  24.517]   [header-byte] write $ffa517 = 54 mask=00ff (pc=018446)
[  24.517] [packet-accepted] total=672 seq=9f flags=04 status=54 pc=01845e command=04 arg=00
[  24.534]   [header-byte] write $ffa517 = 54 mask=00ff (pc=018446)
[  24.534] [packet-accepted] total=673 seq=a0 flags=04 status=54 pc=01845e command=04 arg=00
[  24.551]   [header-byte] write $ffa517 = 54 mask=00ff (pc=018446)
[  24.551] [packet-accepted] total=674 seq=a1 flags=04 status=54 pc=01845e command=04 arg=00
[  24.568]   [header-byte] write $ffa517 = 54 mask=00ff (pc=018446)
[  24.568] [packet-accepted] total=675 seq=a2 flags=04 status=54 pc=01845e command=04 arg=00
[  24.584]   [header-byte] write $ffa517 = 54 mask=00ff (pc=018446)
[  24.584] [packet-accepted] total=676 seq=a3 flags=04 status=54 pc=01845e command=04 arg=00
[  24.602]   [header-byte] write $ffa517 = 54 mask=00ff (pc=018446)
[  24.602] [packet-accepted] total=677 seq=a4 flags=04 status=54 pc=01845e command=04 arg=00
[  24.617]   [header-byte] write $ffa517 = 54 mask=00ff (pc=018446)
[  24.617] [packet-accepted] total=678 seq=a5 flags=04 status=54 pc=01845e command=04 arg=00
[  24.634]   [header-byte] write $ffa517 = 54 mask=00ff (pc=018446)
[  24.634] [packet-accepted] total=679 seq=a6 flags=04 status=54 pc=01845e command=04 arg=00
[  24.651]   [header-byte] write $ffa517 = 54 mask=00ff (pc=018446)
[  24.651] [packet-accepted] total=680 seq=a7 flags=04 status=54 pc=01845e command=04 arg=00
[  24.667]   [header-byte] write $ffa517 = 54 mask=00ff (pc=018446)
[  24.667] [packet-accepted] total=681 seq=a8 flags=04 status=54 pc=01845e command=04 arg=00
[  24.684]   [header-byte] write $ffa517 = 54 mask=00ff (pc=018446)
[  24.684] [packet-accepted] total=682 seq=a9 flags=04 status=54 pc=01845e command=04 arg=00
[  24.701]   [header-byte] write $ffa517 = 54 mask=00ff (pc=018446)
[  24.701] [packet-accepted] total=683 seq=aa flags=04 status=54 pc=01845e command=04 arg=00
[  24.717]   [header-byte] write $ffa517 = 54 mask=00ff (pc=018446)
[  24.717] [packet-accepted] total=684 seq=ab flags=04 status=54 pc=01845e command=04 arg=00
[  24.734]   [header-byte] write $ffa517 = 54 mask=00ff (pc=018446)
[  24.734] [packet-accepted] total=685 seq=ac flags=04 status=54 pc=01845e command=04 arg=00
[  24.751]   [header-byte] write $ffa517 = 54 mask=00ff (pc=018446)
[  24.751] [packet-accepted] total=686 seq=ad flags=04 status=54 pc=01845e command=04 arg=00
[  24.767]   [header-byte] write $ffa517 = 54 mask=00ff (pc=018446)
[  24.767] [packet-accepted] total=687 seq=ae flags=04 status=54 pc=01845e command=04 arg=00
[  24.784]   [header-byte] write $ffa517 = 54 mask=00ff (pc=018446)
[  24.784] [packet-accepted] total=688 seq=af flags=04 status=54 pc=01845e command=04 arg=00
[  24.801]   [header-byte] write $ffa517 = 54 mask=00ff (pc=018446)
[  24.801] [packet-accepted] total=689 seq=b0 flags=04 status=54 pc=01845e command=04 arg=00
[  24.817]   [header-byte] write $ffa517 = 54 mask=00ff (pc=018446)
[  24.817] [packet-accepted] total=690 seq=b1 flags=04 status=54 pc=01845e command=04 arg=00
[  24.834]   [header-byte] write $ffa517 = 54 mask=00ff (pc=018446)
[  24.834] [packet-accepted] total=691 seq=b2 flags=04 status=54 pc=01845e command=04 arg=00
[  24.851]   [header-byte] write $ffa517 = 54 mask=00ff (pc=018446)
[  24.851] [packet-accepted] total=692 seq=b3 flags=04 status=54 pc=01845e command=04 arg=00
[  24.867]   [header-byte] write $ffa517 = 54 mask=00ff (pc=018446)
[  24.867] [packet-accepted] total=693 seq=b4 flags=04 status=54 pc=01845e command=04 arg=00
[  24.884]   [header-byte] write $ffa517 = 54 mask=00ff (pc=018446)
[  24.884] [packet-accepted] total=694 seq=b5 flags=04 status=54 pc=01845e command=04 arg=00
[  24.901]   [header-byte] write $ffa517 = 54 mask=00ff (pc=018446)
[  24.901] [packet-accepted] total=695 seq=b6 flags=04 status=54 pc=01845e command=04 arg=00
[  24.919]   [header-byte] write $ffa517 = 54 mask=00ff (pc=018446)
[  24.919] [packet-accepted] total=696 seq=b7 flags=04 status=54 pc=01845e command=04 arg=00
[  24.934]   [header-byte] write $ffa517 = 54 mask=00ff (pc=018446)
[  24.934] [packet-accepted] total=697 seq=b8 flags=04 status=54 pc=01845e command=04 arg=00
[  24.951]   [header-byte] write $ffa517 = 54 mask=00ff (pc=018446)
[  24.951] [packet-accepted] total=698 seq=b9 flags=04 status=54 pc=01845e command=04 arg=00
[  24.968]   [header-byte] write $ffa517 = 54 mask=00ff (pc=018446)
[  24.968] [packet-accepted] total=699 seq=ba flags=04 status=54 pc=01845e command=04 arg=00
[  24.984]   [header-byte] write $ffa517 = 54 mask=00ff (pc=018446)
[  24.984] [packet-accepted] total=700 seq=bb flags=04 status=54 pc=01845e command=04 arg=00
[  25.001]   [header-byte] write $ffa517 = 54 mask=00ff (pc=018446)
[  25.001] [packet-accepted] total=701 seq=bc flags=04 status=54 pc=01845e command=04 arg=00
[  25.018]   [header-byte] write $ffa517 = 54 mask=00ff (pc=018446)
[  25.018] [packet-accepted] total=702 seq=bd flags=04 status=54 pc=01845e command=24 arg=00
[  25.018] [game-command] data=0202 mask=00ff pc=024276 requests=00
[  25.032] heartbeat frame=1500 tx=1913 rx=3450 fc=1 fd=10 fe=1 linkflag=81 pc=000288 a502=00 a524=0005 a525=05 a170=c2 a17f=00 txtail=0079 rxpend=0000
[  25.032] [transport] captured=1913 flushed=1913 received=3450 accepted=702 payload2=672 payload3=0 payload4=0 payload5=0 pump_reads=2174 bursts=396 txcredit=0 outq=0 inq=0 watchdog=0 txseq=8e rxseq=be rxcredit=5 protection=00 checks=0000
[  25.032] [epochs] local=1 peer=1 ready=true discarded_rx=0
[  25.032] [game-state] a142=04 a13e=04 a13f=0f a530=4402 a506=03 a507=01 a508=01 a7b0=0000 a7a6=9334 script=01f7f6 mode=01 rule=01 base=120 margin=6 difficulty=0 preset=0
[  25.032] [tcb-continuations] ffa580=ff80->018392 sleep=0 local26=7710 ffa5c0=ff80->01853c sleep=0 local26=0000 ffd100=ff80->0241de sleep=0 local26=0201 ffd140=ff80->0240ce sleep=0 local26=0000 ffd180=ff80->023c40 sleep=0 local26=0006 ffd1c0=ff80->023c70 sleep=0 local26=0002 ffd200=ff80->023c70 sleep=0 local26=0000 ffd240=ff80->023c08 sleep=0 local26=0200
[  25.036]   [header-byte] write $ffa517 = 54 mask=00ff (pc=018446)
[  25.036] [packet-accepted] total=703 seq=be flags=04 status=54 pc=01845e command=04 arg=00
[  25.052]   [header-byte] write $ffa517 = 54 mask=00ff (pc=018446)
[  25.052] [packet-accepted] total=704 seq=bf flags=04 status=54 pc=01845e command=04 arg=00
[  25.071]   [header-byte] write $ffa517 = 54 mask=00ff (pc=018446)
[  25.071] [packet-accepted] total=705 seq=c0 flags=04 status=54 pc=01845e command=04 arg=00
[  25.085]   [header-byte] write $ffa517 = 54 mask=00ff (pc=018446)
[  25.085] [packet-accepted] total=706 seq=c1 flags=04 status=54 pc=01845e command=04 arg=00
[  25.101]   [header-byte] write $ffa517 = 54 mask=00ff (pc=018446)
[  25.101] [packet-accepted] total=707 seq=c2 flags=04 status=54 pc=01845e command=04 arg=00
[  25.118]   [header-byte] write $ffa517 = 54 mask=00ff (pc=018446)
[  25.118] [packet-accepted] total=708 seq=c3 flags=04 status=54 pc=01845e command=04 arg=00
[  25.135]   [header-byte] write $ffa517 = 54 mask=00ff (pc=018446)
[  25.135] [packet-accepted] total=709 seq=c4 flags=04 status=54 pc=01845e command=04 arg=00
[  25.151]   [header-byte] write $ffa517 = 54 mask=00ff (pc=018446)
[  25.151] [packet-accepted] total=710 seq=c5 flags=04 status=54 pc=01845e command=04 arg=00
[  25.168]   [header-byte] write $ffa517 = 54 mask=00ff (pc=018446)
[  25.168] [packet-accepted] total=711 seq=c6 flags=04 status=54 pc=01845e command=04 arg=00
[  25.185]   [header-byte] write $ffa517 = 54 mask=00ff (pc=018446)
[  25.185] [packet-accepted] total=712 seq=c7 flags=04 status=54 pc=01845e command=04 arg=00
[  25.202]   [header-byte] write $ffa517 = 54 mask=00ff (pc=018446)
[  25.202] [packet-accepted] total=713 seq=c8 flags=04 status=54 pc=01845e command=04 arg=00
[  25.218]   [header-byte] write $ffa517 = 54 mask=00ff (pc=018446)
[  25.218] [packet-accepted] total=714 seq=c9 flags=04 status=54 pc=01845e command=04 arg=00
[  25.235]   [header-byte] write $ffa517 = 54 mask=00ff (pc=018446)
[  25.235] [packet-accepted] total=715 seq=ca flags=04 status=54 pc=01845e command=04 arg=00
[  25.251]   [header-byte] write $ffa517 = 54 mask=00ff (pc=018446)
[  25.251] [packet-accepted] total=716 seq=cb flags=04 status=54 pc=01845e command=04 arg=00
[  25.268]   [header-byte] write $ffa517 = 54 mask=00ff (pc=018446)
[  25.268] [packet-accepted] total=717 seq=cc flags=04 status=54 pc=01845e command=04 arg=00
[  25.285]   [header-byte] write $ffa517 = 54 mask=00ff (pc=018446)
[  25.285] [packet-accepted] total=718 seq=cd flags=04 status=54 pc=01845e command=04 arg=00
[  25.301]   [header-byte] write $ffa517 = 54 mask=00ff (pc=018446)
[  25.301] [packet-accepted] total=719 seq=ce flags=04 status=54 pc=01845e command=04 arg=00
[  25.318]   [header-byte] write $ffa517 = 54 mask=00ff (pc=018446)
[  25.318] [packet-accepted] total=720 seq=cf flags=04 status=54 pc=01845e command=04 arg=00
[  25.335]   [header-byte] write $ffa517 = 54 mask=00ff (pc=018446)
[  25.335] [packet-accepted] total=721 seq=d0 flags=04 status=54 pc=01845e command=04 arg=00
[  25.351]   [header-byte] write $ffa517 = 54 mask=00ff (pc=018446)
[  25.352] [packet-accepted] total=722 seq=d1 flags=04 status=54 pc=01845e command=04 arg=00
[  25.368]   [header-byte] write $ffa517 = 54 mask=00ff (pc=018446)
[  25.368] [packet-accepted] total=723 seq=d2 flags=04 status=54 pc=01845e command=04 arg=00
[  25.387]   [header-byte] write $ffa517 = 54 mask=00ff (pc=018446)
[  25.387] [packet-accepted] total=724 seq=d3 flags=04 status=54 pc=01845e command=04 arg=00
[  25.402]   [header-byte] write $ffa517 = 54 mask=00ff (pc=018446)
[  25.402] [packet-accepted] total=725 seq=d4 flags=04 status=54 pc=01845e command=04 arg=00
[  25.418]   [header-byte] write $ffa517 = 54 mask=00ff (pc=018446)
[  25.418] [packet-accepted] total=726 seq=d5 flags=04 status=54 pc=01845e command=04 arg=00
[  25.435]   [header-byte] write $ffa517 = 54 mask=00ff (pc=018446)
[  25.435] [packet-accepted] total=727 seq=d6 flags=04 status=54 pc=01845e command=04 arg=00
[  25.452]   [header-byte] write $ffa517 = 54 mask=00ff (pc=018446)
[  25.452] [packet-accepted] total=728 seq=d7 flags=04 status=54 pc=01845e command=04 arg=00
[  25.468]   [header-byte] write $ffa517 = 54 mask=00ff (pc=018446)
[  25.468] [packet-accepted] total=729 seq=d8 flags=04 status=54 pc=01845e command=04 arg=00
[  25.485]   [header-byte] write $ffa517 = 54 mask=00ff (pc=018446)
[  25.485] [packet-accepted] total=730 seq=d9 flags=04 status=54 pc=01845e command=04 arg=00
[  25.502]   [header-byte] write $ffa517 = 54 mask=00ff (pc=018446)
[  25.502] [packet-accepted] total=731 seq=da flags=04 status=54 pc=01845e command=04 arg=00
[  25.518]   [header-byte] write $ffa517 = 54 mask=00ff (pc=018446)
[  25.518] [packet-accepted] total=732 seq=db flags=04 status=54 pc=01845e command=04 arg=00
[  25.535]   [header-byte] write $ffa517 = 54 mask=00ff (pc=018446)
[  25.535] [packet-accepted] total=733 seq=dc flags=04 status=54 pc=01845e command=04 arg=00
[  25.553]   [header-byte] write $ffa517 = 54 mask=00ff (pc=018446)
[  25.553] [packet-accepted] total=734 seq=dd flags=04 status=54 pc=01845e command=04 arg=00
[  25.569]   [header-byte] write $ffa517 = 54 mask=00ff (pc=018446)
[  25.569] [packet-accepted] total=735 seq=de flags=04 status=54 pc=01845e command=04 arg=00
[  25.585]   [header-byte] write $ffa517 = 54 mask=00ff (pc=018446)
[  25.585] [packet-accepted] total=736 seq=df flags=04 status=54 pc=01845e command=04 arg=00
[  25.602]   [header-byte] write $ffa517 = 54 mask=00ff (pc=018446)
[  25.602] [packet-accepted] total=737 seq=e0 flags=04 status=54 pc=01845e command=04 arg=00
[  25.619]   [header-byte] write $ffa517 = 54 mask=00ff (pc=018446)
[  25.619] [packet-accepted] total=738 seq=e1 flags=04 status=54 pc=01845e command=04 arg=00
[  25.635]   [header-byte] write $ffa517 = 54 mask=00ff (pc=018446)
[  25.635] [packet-accepted] total=739 seq=e2 flags=04 status=54 pc=01845e command=04 arg=00
[  25.652]   [header-byte] write $ffa517 = 54 mask=00ff (pc=018446)
[  25.652] [packet-accepted] total=740 seq=e3 flags=04 status=54 pc=01845e command=04 arg=00
[  25.669]   [header-byte] write $ffa517 = 54 mask=00ff (pc=018446)
[  25.669] [packet-accepted] total=741 seq=e4 flags=04 status=54 pc=01845e command=04 arg=00
[  25.685]   [header-byte] write $ffa517 = 54 mask=00ff (pc=018446)
[  25.685] [packet-accepted] total=742 seq=e5 flags=04 status=54 pc=01845e command=04 arg=00
[  25.702]   [header-byte] write $ffa517 = 54 mask=00ff (pc=018446)
[  25.702] [packet-accepted] total=743 seq=e6 flags=04 status=54 pc=01845e command=04 arg=00
[  25.719]   [header-byte] write $ffa517 = 54 mask=00ff (pc=018446)
[  25.719] [packet-accepted] total=744 seq=e7 flags=04 status=54 pc=01845e command=14 arg=00
[  25.719] [game-command] data=0101 mask=00ff pc=024276 requests=00
[  25.737]   [header-byte] write $ffa517 = 54 mask=00ff (pc=018446)
[  25.737] [packet-accepted] total=745 seq=e8 flags=04 status=54 pc=01845e command=04 arg=00
[  25.752]   [header-byte] write $ffa517 = 54 mask=00ff (pc=018446)
[  25.752] [packet-accepted] total=746 seq=e9 flags=04 status=54 pc=01845e command=04 arg=00
[  25.769]   [header-byte] write $ffa517 = 54 mask=00ff (pc=018446)
[  25.769] [packet-accepted] total=747 seq=ea flags=04 status=54 pc=01845e command=04 arg=00
[  25.785]   [header-byte] write $ffa517 = 54 mask=00ff (pc=018446)
[  25.785] [packet-accepted] total=748 seq=eb flags=04 status=54 pc=01845e command=04 arg=00
[  25.802]   [header-byte] write $ffa517 = 54 mask=00ff (pc=018446)
[  25.802] [packet-accepted] total=749 seq=ec flags=04 status=54 pc=01845e command=04 arg=00
[  25.819]   [header-byte] write $ffa517 = 54 mask=00ff (pc=018446)
[  25.819] [packet-accepted] total=750 seq=ed flags=04 status=54 pc=01845e command=04 arg=00
[  25.836]   [header-byte] write $ffa517 = 54 mask=00ff (pc=018446)
[  25.836] [packet-accepted] total=751 seq=ee flags=04 status=54 pc=01845e command=04 arg=00
[  25.852]   [header-byte] write $ffa517 = 54 mask=00ff (pc=018446)
[  25.852] [packet-accepted] total=752 seq=ef flags=04 status=54 pc=01845e command=04 arg=00
[  25.871]   [header-byte] write $ffa517 = 54 mask=00ff (pc=018446)
[  25.871] [packet-accepted] total=753 seq=f0 flags=04 status=54 pc=01845e command=04 arg=00
[  25.886]   [header-byte] write $ffa517 = 54 mask=00ff (pc=018446)
[  25.886] [packet-accepted] total=754 seq=f1 flags=04 status=54 pc=01845e command=04 arg=00
[  25.902]   [header-byte] write $ffa517 = 54 mask=00ff (pc=018446)
[  25.902] [packet-accepted] total=755 seq=f2 flags=04 status=54 pc=01845e command=04 arg=00
[  25.919]   [header-byte] write $ffa517 = 54 mask=00ff (pc=018446)
[  25.919] [packet-accepted] total=756 seq=f3 flags=04 status=54 pc=01845e command=04 arg=00
[  25.936]   [header-byte] write $ffa517 = 54 mask=00ff (pc=018446)
[  25.936] [packet-accepted] total=757 seq=f4 flags=04 status=54 pc=01845e command=04 arg=00
[  25.952]   [header-byte] write $ffa517 = 54 mask=00ff (pc=018446)
[  25.952] [packet-accepted] total=758 seq=f5 flags=04 status=54 pc=01845e command=04 arg=00
[  25.969]   [header-byte] write $ffa517 = 54 mask=00ff (pc=018446)
[  25.969] [packet-accepted] total=759 seq=f6 flags=04 status=54 pc=01845e command=04 arg=00
[  25.986]   [header-byte] write $ffa517 = 54 mask=00ff (pc=018446)
[  25.986] [packet-accepted] total=760 seq=f7 flags=04 status=54 pc=01845e command=04 arg=00
[  26.002]   [header-byte] write $ffa517 = 54 mask=00ff (pc=018446)
[  26.002] [packet-accepted] total=761 seq=f8 flags=04 status=54 pc=01845e command=04 arg=00
[  26.022]   [header-byte] write $ffa517 = 54 mask=00ff (pc=018446)
[  26.022] [packet-accepted] total=762 seq=f9 flags=04 status=54 pc=01845e command=04 arg=00
[  26.034] heartbeat frame=1560 tx=1926 rx=3750 fc=1 fd=10 fe=1 linkflag=81 pc=00028a a502=00 a524=0000 a525=00 a170=c2 a17f=00 txtail=0086 rxpend=0000
[  26.034] [transport] captured=1926 flushed=1926 received=3750 accepted=762 payload2=732 payload3=0 payload4=0 payload5=0 pump_reads=2294 bursts=399 txcredit=0 outq=0 inq=0 watchdog=0 txseq=90 rxseq=fa rxcredit=5 protection=00 checks=0000
[  26.034] [epochs] local=1 peer=1 ready=true discarded_rx=0
[  26.034] [game-state] a142=04 a13e=04 a13f=0f a530=4401 a506=03 a507=01 a508=01 a7b0=0000 a7a6=9334 script=01f7f6 mode=01 rule=01 base=120 margin=6 difficulty=0 preset=0
[  26.034] [tcb-continuations] ffa580=ff80->018392 sleep=0 local26=7710 ffa5c0=ff80->01853c sleep=0 local26=1200 ffd100=ff80->0241de sleep=0 local26=0102 ffd140=ff80->024070 sleep=6 local26=0000 ffd180=ff80->023c40 sleep=0 local26=0005 ffd1c0=ff80->023c70 sleep=0 local26=0002 ffd200=ff80->023c70 sleep=0 local26=0000 ffd240=ff80->023c08 sleep=0 local26=0300
[  26.036]   [header-byte] write $ffa517 = 54 mask=00ff (pc=018446)
[  26.036] [packet-accepted] total=763 seq=fa flags=04 status=54 pc=01845e command=04 arg=00
[  26.053]   [header-byte] write $ffa517 = 54 mask=00ff (pc=018446)
[  26.053] [packet-accepted] total=764 seq=fb flags=04 status=54 pc=01845e command=04 arg=00
[  26.069]   [header-byte] write $ffa517 = 54 mask=00ff (pc=018446)
[  26.070] [packet-accepted] total=765 seq=fc flags=04 status=54 pc=01845e command=04 arg=00
[  26.086]   [header-byte] write $ffa517 = 54 mask=00ff (pc=018446)
[  26.086] [packet-accepted] total=766 seq=fd flags=04 status=54 pc=01845e command=04 arg=00
[  26.103]   [header-byte] write $ffa517 = 54 mask=00ff (pc=018446)
[  26.103] [packet-accepted] total=767 seq=fe flags=04 status=54 pc=01845e command=04 arg=00
[  26.120]   [header-byte] write $ffa517 = 54 mask=00ff (pc=018446)
[  26.120] [packet-accepted] total=768 seq=ff flags=04 status=54 pc=01845e command=04 arg=00
[  26.136]   [header-byte] write $ffa517 = 54 mask=00ff (pc=018446)
[  26.136] [packet-accepted] total=769 seq=00 flags=04 status=54 pc=01845e command=04 arg=00
[  26.153]   [header-byte] write $ffa517 = 54 mask=00ff (pc=018446)
[  26.153] [packet-accepted] total=770 seq=01 flags=04 status=54 pc=01845e command=04 arg=00
[  26.170]   [header-byte] write $ffa517 = 54 mask=00ff (pc=018446)
[  26.170] [packet-accepted] total=771 seq=02 flags=04 status=54 pc=01845e command=04 arg=00
[  26.186]   [header-byte] write $ffa517 = 54 mask=00ff (pc=018446)
[  26.186] [packet-accepted] total=772 seq=03 flags=04 status=54 pc=01845e command=04 arg=00
[  26.203]   [header-byte] write $ffa517 = 54 mask=00ff (pc=018446)
[  26.203] [packet-accepted] total=773 seq=04 flags=04 status=54 pc=01845e command=04 arg=00
[  26.220]   [header-byte] write $ffa517 = 54 mask=00ff (pc=018446)
[  26.220] [packet-accepted] total=774 seq=05 flags=04 status=54 pc=01845e command=04 arg=00
[  26.236]   [header-byte] write $ffa517 = 54 mask=00ff (pc=018446)
[  26.236] [packet-accepted] total=775 seq=06 flags=04 status=54 pc=01845e command=04 arg=00
[  26.253]   [header-byte] write $ffa517 = 54 mask=00ff (pc=018446)
[  26.253] [packet-accepted] total=776 seq=07 flags=04 status=54 pc=01845e command=04 arg=00
[  26.270]   [header-byte] write $ffa517 = 54 mask=00ff (pc=018446)
[  26.270] [packet-accepted] total=777 seq=08 flags=04 status=54 pc=01845e command=04 arg=00
[  26.286]   [header-byte] write $ffa517 = 54 mask=00ff (pc=018446)
[  26.286] [packet-accepted] total=778 seq=09 flags=04 status=54 pc=01845e command=04 arg=00
[  26.303]   [header-byte] write $ffa517 = 54 mask=00ff (pc=018446)
[  26.303] [packet-accepted] total=779 seq=0a flags=04 status=54 pc=01845e command=04 arg=00
[  26.320]   [header-byte] write $ffa517 = 54 mask=00ff (pc=018446)
[  26.320] [packet-accepted] total=780 seq=0b flags=04 status=54 pc=01845e command=04 arg=00
[  26.337]   [header-byte] write $ffa517 = 54 mask=00ff (pc=018446)
[  26.337] [packet-accepted] total=781 seq=0c flags=04 status=54 pc=01845e command=04 arg=00
[  26.353]   [header-byte] write $ffa517 = 54 mask=00ff (pc=018446)
[  26.353] [packet-accepted] total=782 seq=0d flags=04 status=54 pc=01845e command=04 arg=00
[  26.370]   [header-byte] write $ffa517 = 54 mask=00ff (pc=018446)
[  26.370] [packet-accepted] total=783 seq=0e flags=04 status=54 pc=01845e command=04 arg=00
[  26.387]   [header-byte] write $ffa517 = 54 mask=00ff (pc=018446)
[  26.387] [packet-accepted] total=784 seq=0f flags=04 status=54 pc=01845e command=04 arg=00
[  26.403]   [header-byte] write $ffa517 = 54 mask=00ff (pc=018446)
[  26.403] [packet-accepted] total=785 seq=10 flags=04 status=54 pc=01845e command=04 arg=00
[  26.420]   [header-byte] write $ffa517 = 54 mask=00ff (pc=018446)
[  26.420] [packet-accepted] total=786 seq=11 flags=04 status=54 pc=01845e command=04 arg=00
[  26.437]   [header-byte] write $ffa517 = 54 mask=00ff (pc=018446)
[  26.437] [packet-accepted] total=787 seq=12 flags=04 status=54 pc=01845e command=84 arg=00
[  26.437] [game-command] data=8484 mask=ff00 pc=02429a requests=00
[  26.455]   [header-byte] write $ffa517 = 54 mask=00ff (pc=018446)
[  26.455] [packet-accepted] total=788 seq=13 flags=04 status=54 pc=01845e command=04 arg=00
[  26.470]   [header-byte] write $ffa517 = 54 mask=00ff (pc=018446)
[  26.470] [packet-accepted] total=789 seq=14 flags=04 status=54 pc=01845e command=04 arg=00
[  26.487]   [header-byte] write $ffa517 = 54 mask=00ff (pc=018446)
[  26.487] [packet-accepted] total=790 seq=15 flags=04 status=54 pc=01845e command=04 arg=00
[  26.503]   [header-byte] write $ffa517 = 54 mask=00ff (pc=018446)
[  26.503] [packet-accepted] total=791 seq=16 flags=04 status=54 pc=01845e command=04 arg=00
[  27.003]   [header-byte] write $ffa517 = 54 mask=00ff (pc=018446)
[  27.035] heartbeat frame=1620 tx=1937 rx=3898 fc=1 fd=10 fe=1 linkflag=81 pc=00028a a502=00 a524=0000 a525=00 a170=c2 a17f=00 txtail=0091 rxpend=0000
[  27.035] [transport] captured=1937 flushed=1937 received=3898 accepted=792 payload2=761 payload3=0 payload4=0 payload5=0 pump_reads=2384 bursts=402 txcredit=0 outq=0 inq=0 watchdog=1 txseq=93 rxseq=18 rxcredit=0 protection=00 checks=0000
[  27.035] [epochs] local=1 peer=1 ready=true discarded_rx=0
[  27.035] [game-state] a142=04 a13e=04 a13f=0f a530=8401 a506=03 a507=01 a508=01 a7b0=0000 a7a6=9334 script=01f7f6 mode=01 rule=01 base=120 margin=6 difficulty=0 preset=0
[  27.035] [tcb-continuations] ffa580=ff80->018392 sleep=0 local26=7710 ffa5c0=ff80->01853c sleep=0 local26=0500 ffd100=ff80->0242ae sleep=0 local26=0101 ffd140=ff80->024182 sleep=0 local26=0000 ffd240=ff80->023c3e sleep=0 local26=0300
[  27.505]   [header-byte] write $ffa517 = 54 mask=00ff (pc=018446)
[  28.036] heartbeat frame=1680 tx=1940 rx=3901 fc=1 fd=10 fe=1 linkflag=81 pc=001ea2 a502=00 a524=0000 a525=00 a170=c2 a17f=00 txtail=0094 rxpend=0000
[  28.036] [transport] captured=1940 flushed=1940 received=3901 accepted=793 payload2=761 payload3=0 payload4=0 payload5=0 pump_reads=2445 bursts=403 txcredit=0 outq=0 inq=0 watchdog=17 txseq=94 rxseq=19 rxcredit=0 protection=00 checks=0000
[  28.036] [epochs] local=1 peer=1 ready=true discarded_rx=0
[  28.036] [game-state] a142=04 a13e=04 a13f=0f a530=8401 a506=03 a507=01 a508=01 a7b0=0000 a7a6=9334 script=01a4b6 mode=01 rule=01 base=70 margin=6 difficulty=0 preset=0
[  28.036] [tcb-continuations] ffa580=ff80->018392 sleep=0 local26=7710 ffa5c0=ff80->01853c sleep=0 local26=1500
[  28.422]   [header-byte] write $ffa517 = 54 mask=00ff (pc=018446)
[  28.422] [packet-accepted] total=794 seq=19 flags=04 status=54 pc=01845e command=16 arg=01
[  28.823] [game-command] data=2626 mask=ff00 pc=006530 requests=20
[  28.923]   [header-byte] write $ffa517 = 54 mask=00ff (pc=018446)
[  28.975] [game-command] data=2828 mask=ff00 pc=005340 requests=00
[  28.975] [game-command] data=2222 mask=00ff pc=005356 requests=00
[  29.037] heartbeat frame=1740 tx=2430 rx=3909 fc=1 fd=10 fe=1 linkflag=81 pc=000288 a502=00 a524=0000 a525=00 a170=c2 a17f=00 txtail=007e rxpend=0000
[  29.037] [transport] captured=2430 flushed=2430 received=3909 accepted=795 payload2=762 payload3=0 payload4=0 payload5=0 pump_reads=2507 bursts=429 txcredit=0 outq=0 inq=0 watchdog=6 txseq=ae rxseq=1b rxcredit=0 protection=00 checks=0000
[  29.037] [epochs] local=1 peer=1 ready=true discarded_rx=0
[  29.037] [game-state] a142=04 a13e=04 a13f=0f a530=2822 a506=03 a507=01 a508=01 a7b0=0022 a7a6=9334 script=01a51a mode=01 rule=01 base=70 margin=6 difficulty=0 preset=0
[  29.037] [tcb-continuations] ffa580=ff80->018392 sleep=0 local26=7710 ffa5c0=ff80->01853c sleep=0 local26=0300 ffd000=ffc0->00d454 sleep=0 local26=0000 ffd040=ffc0->00daca sleep=0 local26=0000 ffd080=ffc0->004f14 sleep=0 local26=0000 ffd0c0=ffc0->004f14 sleep=0 local26=0000 ffd100=ff80->006782 sleep=0 local26=0000 ffd140=ffc0->007f6e sleep=0 local26=0000 ffd180=ff80->00539a sleep=0 local26=0200 ffd1c0=ff00->005660 sleep=0 local26=2802 ffd200=ff00->0056e4 sleep=0 local26=0000 ffd240=ff80->00539a sleep=0 local26=0200 ffd280=ff00->005660 sleep=0 local26=2802 ffd2c0=ff00->0056e4 sleep=0 local26=0000 ffd300=ff80->0086ee sleep=0 local26=0000 ffd340=ff80->0086ee sleep=0 local26=0000 ffdfc0=ffc0->00d5ca sleep=0 local26=0000
[  29.057]   [header-byte] write $ffa517 = 54 mask=00ff (pc=018446)
[  29.057] [packet-accepted] total=796 seq=1b flags=04 status=54 pc=01845e command=28 arg=22
[  29.557]   [header-byte] write $ffa517 = 54 mask=00ff (pc=018446)
[  30.039] heartbeat frame=1800 tx=2436 rx=3917 fc=1 fd=10 fe=1 linkflag=81 pc=00028a a502=00 a524=0000 a525=00 a170=c2 a17f=00 txtail=0084 rxpend=0000
[  30.039] [transport] captured=2436 flushed=2436 received=3917 accepted=797 payload2=763 payload3=0 payload4=0 payload5=0 pump_reads=2569 bursts=431 txcredit=0 outq=0 inq=0 watchdog=28 txseq=b0 rxseq=1d rxcredit=0 protection=00 checks=0000
[  30.039] [epochs] local=1 peer=1 ready=true discarded_rx=0
[  30.039] [game-state] a142=04 a13e=04 a13f=0f a530=2822 a506=03 a507=01 a508=01 a7b0=2822 a7a6=9334 script=01a51a mode=01 rule=01 base=70 margin=6 difficulty=0 preset=0
[  30.039] [tcb-continuations] ffa580=ff80->018392 sleep=0 local26=7710 ffa5c0=ff80->01853c sleep=0 local26=0300 ffd000=ffc0->00d454 sleep=0 local26=0000 ffd040=ffc0->00daca sleep=0 local26=0000 ffd080=ffc0->004f14 sleep=0 local26=0000 ffd0c0=ffc0->004f14 sleep=0 local26=0000 ffd100=ff80->006782 sleep=0 local26=0000 ffd140=ffc0->007f6e sleep=0 local26=0000 ffd180=ff80->00539a sleep=0 local26=0200 ffd1c0=ff00->005660 sleep=0 local26=8002 ffd200=ff00->0056e4 sleep=0 local26=0000 ffd240=ff80->00539a sleep=0 local26=0200 ffd280=ff00->005660 sleep=0 local26=8002 ffd2c0=ff00->0056e4 sleep=0 local26=0000 ffd300=ff80->0086ee sleep=0 local26=0000 ffd340=ff80->0086ee sleep=0 local26=0000 ffdfc0=ffc0->00d5ca sleep=0 local26=0000
[  30.058]   [header-byte] write $ffa517 = 54 mask=00ff (pc=018446)
[  30.560]   [header-byte] write $ffa517 = 54 mask=00ff (pc=018446)
[  31.040] heartbeat frame=1860 tx=2442 rx=3923 fc=1 fd=10 fe=1 linkflag=81 pc=000288 a502=00 a524=0000 a525=00 a170=c2 a17f=00 txtail=008a rxpend=0000
[  31.040] [transport] captured=2442 flushed=2442 received=3923 accepted=799 payload2=763 payload3=0 payload4=0 payload5=0 pump_reads=2631 bursts=433 txcredit=0 outq=0 inq=0 watchdog=28 txseq=b2 rxseq=1f rxcredit=0 protection=00 checks=0000
[  31.040] [epochs] local=1 peer=1 ready=true discarded_rx=0
[  31.040] [tcb-continuations] ffa580=ff80->018392 sleep=0 local26=7710 ffa5c0=ff80->01853c sleep=0 local26=0300 ffd000=ffc0->00d454 sleep=0 local26=0000 ffd040=ffc0->00daca sleep=0 local26=0000 ffd080=ffc0->004f14 sleep=0 local26=0000 ffd0c0=ffc0->004f14 sleep=0 local26=0000 ffd100=ff80->006782 sleep=0 local26=0000 ffd140=ffc0->007f6e sleep=0 local26=0000 ffd180=ff80->00539a sleep=0 local26=0200 ffd1c0=ff00->005660 sleep=0 local26=d802 ffd200=ff00->0056e4 sleep=0 local26=0000 ffd240=ff80->00539a sleep=0 local26=0200 ffd280=ff00->005660 sleep=0 local26=d802 ffd2c0=ff00->0056e4 sleep=0 local26=0000 ffd300=ff80->0086ee sleep=0 local26=0000 ffd340=ff80->0086ee sleep=0 local26=0000 ffdfc0=ffc0->00d5ca sleep=0 local26=0000
[  31.059]   [header-byte] write $ffa517 = 54 mask=00ff (pc=018446)
[  31.560]   [header-byte] write $ffa517 = 54 mask=00ff (pc=018446)
[  32.041] heartbeat frame=1920 tx=2448 rx=3929 fc=1 fd=10 fe=1 linkflag=81 pc=00028a a502=00 a524=0000 a525=00 a170=c2 a17f=00 txtail=0090 rxpend=0000
[  32.041] [transport] captured=2448 flushed=2448 received=3929 accepted=801 payload2=763 payload3=0 payload4=0 payload5=0 pump_reads=2693 bursts=435 txcredit=0 outq=0 inq=0 watchdog=28 txseq=b4 rxseq=21 rxcredit=0 protection=00 checks=0000
[  32.041] [epochs] local=1 peer=1 ready=true discarded_rx=0
[  32.041] [tcb-continuations] ffa580=ff80->018392 sleep=0 local26=7710 ffa5c0=ff80->01853c sleep=0 local26=0300 ffd000=ffc0->00d454 sleep=0 local26=0000 ffd040=ffc0->00daca sleep=0 local26=0000 ffd080=ffc0->004f14 sleep=0 local26=0000 ffd0c0=ffc0->004f14 sleep=0 local26=0000 ffd100=ff80->006782 sleep=0 local26=0000 ffd140=ffc0->007f6e sleep=0 local26=0000 ffd180=ff80->00539a sleep=0 local26=0200 ffd1c0=ff00->005660 sleep=0 local26=3002 ffd200=ff00->0056e4 sleep=0 local26=0000 ffd240=ff80->00539a sleep=0 local26=0200 ffd280=ff00->005660 sleep=0 local26=3002 ffd2c0=ff00->0056e4 sleep=0 local26=0000 ffd300=ff80->0086ee sleep=0 local26=0000 ffd340=ff80->0086ee sleep=0 local26=0000 ffdfc0=ffc0->00d5ca sleep=0 local26=0000
[  32.060]   [header-byte] write $ffa517 = 54 mask=00ff (pc=018446)
[  32.561]   [header-byte] write $ffa517 = 54 mask=00ff (pc=018446)
[  32.912] [game-command] data=2020 mask=00ff pc=00542a requests=00
[  32.912] [game-command] data=2121 mask=00ff pc=005430 requests=00
[  33.043] heartbeat frame=1980 tx=2456 rx=3935 fc=1 fd=10 fe=1 linkflag=81 pc=00028a a502=00 a524=0000 a525=00 a170=c2 a17f=00 txtail=0098 rxpend=0000
[  33.043] [transport] captured=2456 flushed=2456 received=3935 accepted=803 payload2=763 payload3=0 payload4=0 payload5=0 pump_reads=2755 bursts=437 txcredit=0 outq=0 inq=0 watchdog=28 txseq=b6 rxseq=23 rxcredit=0 protection=00 checks=0000
[  33.043] [epochs] local=1 peer=1 ready=true discarded_rx=0
[  33.043] [game-state] a142=04 a13e=04 a13f=0f a530=2821 a506=03 a507=01 a508=01 a7b0=2822 a7a6=9334 script=01a51a mode=01 rule=01 base=70 margin=6 difficulty=0 preset=0
[  33.043] [tcb-continuations] ffa580=ff80->018392 sleep=0 local26=7710 ffa5c0=ff80->01853c sleep=0 local26=0700 ffd000=ffc0->00d454 sleep=0 local26=0000 ffd040=ffc0->00daca sleep=0 local26=0000 ffd080=ffc0->004f14 sleep=0 local26=0000 ffd0c0=ffc0->004f14 sleep=0 local26=0000 ffd100=ff80->006782 sleep=0 local26=0000 ffd140=ffc0->007f6e sleep=0 local26=0000 ffd180=ff80->00539a sleep=0 local26=0100 ffd1c0=ff00->005660 sleep=0 local26=8001 ffd200=ff00->0056e4 sleep=0 local26=0000 ffd240=ff80->00539a sleep=0 local26=0200 ffd280=ff00->005660 sleep=0 local26=8802 ffd2c0=ff00->0056e4 sleep=0 local26=0000 ffd300=ff80->0086ee sleep=0 local26=0000 ffd340=ff80->0086ee sleep=0 local26=0000 ffdfc0=ffc0->00d5ca sleep=0 local26=0000
[  33.061]   [header-byte] write $ffa517 = 54 mask=00ff (pc=018446)
[  33.096] [game-command] data=2020 mask=00ff pc=00542a requests=00
[  33.562]   [header-byte] write $ffa517 = 54 mask=00ff (pc=018446)
[  34.044] heartbeat frame=2040 tx=2464 rx=3941 fc=1 fd=10 fe=1 linkflag=81 pc=000288 a502=00 a524=0000 a525=00 a170=c2 a17f=00 txtail=00a0 rxpend=0000
[  34.044] [transport] captured=2464 flushed=2464 received=3941 accepted=805 payload2=763 payload3=0 payload4=0 payload5=0 pump_reads=2817 bursts=439 txcredit=0 outq=0 inq=0 watchdog=28 txseq=b8 rxseq=25 rxcredit=0 protection=00 checks=0000
[  34.044] [epochs] local=1 peer=1 ready=true discarded_rx=0
[  34.044] [game-state] a142=04 a13e=04 a13f=0f a530=2820 a506=03 a507=01 a508=01 a7b0=2822 a7a6=9334 script=01a51a mode=01 rule=01 base=70 margin=6 difficulty=0 preset=0
[  34.044] [tcb-continuations] ffa580=ff80->018392 sleep=0 local26=7710 ffa5c0=ff80->01853c sleep=0 local26=1a00 ffd000=ffc0->00d454 sleep=0 local26=0000 ffd040=ffc0->00daca sleep=0 local26=0000 ffd080=ffc0->004f14 sleep=0 local26=0000 ffd0c0=ffc0->004f14 sleep=0 local26=0000 ffd100=ff80->006782 sleep=0 local26=0000 ffd140=ffc0->007f6e sleep=0 local26=0000 ffd180=ff80->00539a sleep=0 local26=0000 ffd1c0=ff00->005660 sleep=0 local26=6300 ffd200=ff00->0056e4 sleep=0 local26=0000 ffd240=ff80->00539a sleep=0 local26=0200 ffd280=ff00->005660 sleep=0 local26=e002 ffd2c0=ff00->0056e4 sleep=0 local26=0000 ffd300=ff80->0086ee sleep=0 local26=0000 ffd340=ff80->0086ee sleep=0 local26=0000 ffdfc0=ffc0->00d5ca sleep=0 local26=0000
[  34.063]   [header-byte] write $ffa517 = 54 mask=00ff (pc=018446)
[  34.563]   [header-byte] write $ffa517 = 54 mask=00ff (pc=018446)
[  35.045] heartbeat frame=2100 tx=2470 rx=3947 fc=1 fd=10 fe=1 linkflag=81 pc=00028a a502=00 a524=0000 a525=00 a170=c2 a17f=00 txtail=00a6 rxpend=0000
[  35.045] [transport] captured=2470 flushed=2470 received=3947 accepted=807 payload2=763 payload3=0 payload4=0 payload5=0 pump_reads=2879 bursts=441 txcredit=0 outq=0 inq=0 watchdog=28 txseq=ba rxseq=27 rxcredit=0 protection=00 checks=0000
[  35.045] [epochs] local=1 peer=1 ready=true discarded_rx=0
[  35.045] [tcb-continuations] ffa580=ff80->018392 sleep=0 local26=7710 ffa5c0=ff80->01853c sleep=0 local26=1a00 ffd000=ffc0->00d454 sleep=0 local26=0000 ffd040=ffc0->00daca sleep=0 local26=0000 ffd080=ffc0->004f14 sleep=0 local26=0000 ffd0c0=ffc0->004f14 sleep=0 local26=0000 ffd100=ff80->006782 sleep=0 local26=0000 ffd140=ffc0->007f6e sleep=0 local26=0000 ffd180=ff80->00539a sleep=0 local26=0000 ffd1c0=ff00->005660 sleep=0 local26=4300 ffd200=ff00->0056e4 sleep=0 local26=0000 ffd240=ff80->00539a sleep=0 local26=0200 ffd280=ff00->005660 sleep=0 local26=3802 ffd2c0=ff00->0056e4 sleep=0 local26=0000 ffd300=ff80->0086ee sleep=0 local26=0000 ffd340=ff80->0086ee sleep=0 local26=0000 ffdfc0=ffc0->00d5ca sleep=0 local26=0000
[  35.064]   [header-byte] write $ffa517 = 54 mask=00ff (pc=018446)
[  35.132] [game-command] data=0000 mask=00ff pc=00542a requests=00
[  35.132] [game-command] data=3030 mask=00ff pc=005430 requests=00
[  35.566]   [header-byte] write $ffa517 = 54 mask=00ff (pc=018446)
[  36.015] [game-command] data=3838 mask=ff00 pc=00d470 requests=00
[  36.046] heartbeat frame=2160 tx=2486 rx=3953 fc=1 fd=10 fe=1 linkflag=81 pc=00028a a502=00 a524=0000 a525=00 a170=c2 a17f=00 txtail=00b6 rxpend=0000
[  36.046] [transport] captured=2486 flushed=2486 received=3953 accepted=809 payload2=763 payload3=0 payload4=0 payload5=0 pump_reads=2941 bursts=445 txcredit=0 outq=0 inq=0 watchdog=28 txseq=be rxseq=29 rxcredit=0 protection=00 checks=0000
[  36.046] [epochs] local=1 peer=1 ready=true discarded_rx=0
[  36.046] [game-state] a142=04 a13e=04 a13f=0f a530=3830 a506=03 a507=01 a508=01 a7b0=2822 a7a6=9334 script=01a51a mode=01 rule=01 base=70 margin=6 difficulty=0 preset=0
[  36.046] [tcb-continuations] ffa580=ff80->018392 sleep=0 local26=7710 ffa5c0=ff80->01853c sleep=0 local26=0100 ffd000=ffc0->00d47c sleep=0 local26=0000 ffd040=ffc0->00daca sleep=0 local26=0000 ffd080=ffc0->004f30 sleep=0 local26=0000 ffd0c0=ffc0->004f30 sleep=0 local26=0000 ffd100=ff80->006782 sleep=0 local26=0000 ffd140=ffc0->007f6e sleep=0 local26=0000 ffd180=ff80->005526 sleep=0 local26=0000 ffd240=ff80->005526 sleep=0 local26=0300 ffdfc0=ffc0->00d5ca sleep=0 local26=0000
[  36.065]   [header-byte] write $ffa517 = 54 mask=00ff (pc=018446)
[  36.099]   [header-byte] write $ffa517 = 54 mask=00ff (pc=018446)
[  36.099] [packet-accepted] total=811 seq=2a flags=04 status=54 pc=01845e command=38 arg=22
[  36.599]   [header-byte] write $ffa517 = 54 mask=00ff (pc=018446)
[  37.048] heartbeat frame=2220 tx=2492 rx=3964 fc=1 fd=10 fe=1 linkflag=81 pc=00028a a502=00 a524=0000 a525=00 a170=c2 a17f=00 txtail=00bc rxpend=0000
[  37.048] [transport] captured=2492 flushed=2492 received=3964 accepted=812 payload2=764 payload3=0 payload4=0 payload5=0 pump_reads=3004 bursts=447 txcredit=0 outq=0 inq=0 watchdog=26 txseq=c0 rxseq=2c rxcredit=0 protection=00 checks=0000
[  37.048] [epochs] local=1 peer=1 ready=true discarded_rx=0
[  37.048] [game-state] a142=04 a13e=04 a13f=0f a530=3830 a506=03 a507=01 a508=01 a7b0=3822 a7a6=9334 script=01a51a mode=01 rule=01 base=70 margin=6 difficulty=0 preset=0
[  37.048] [tcb-continuations] ffa580=ff80->018392 sleep=0 local26=7710 ffa5c0=ff80->01853c sleep=0 local26=0100 ffd000=ffc0->00d47c sleep=0 local26=0000 ffd040=ffc0->00daca sleep=0 local26=0000 ffd080=ffc0->004f30 sleep=0 local26=0000 ffd0c0=ffc0->004f30 sleep=0 local26=0000 ffd100=ff80->006782 sleep=0 local26=0000 ffd140=ffc0->007fb6 sleep=0 local26=0000 ffdfc0=ffc0->00d66e sleep=0 local26=0000
[  37.100]   [header-byte] write $ffa517 = 54 mask=00ff (pc=018446)
[  37.552] [game-command] data=f8f8 mask=ff00 pc=008022 requests=00
[  37.569] [game-command] data=0b0b mask=ff00 pc=00d49c requests=00
[  37.585]   [header-byte] write $ffa517 = 54 mask=00ff (pc=018446)
[  37.585] [packet-accepted] total=814 seq=2d flags=10 status=54 pc=01845e
[  37.601]   [header-byte] write $ffa517 = 54 mask=00ff (pc=018446)
[  37.601] [packet-accepted] total=815 seq=2e flags=10 status=54 pc=01845e
[  38.049] heartbeat frame=2280 tx=2529 rx=4001 fc=1 fd=10 fe=1 linkflag=81 pc=00028a a502=00 a524=0000 a525=00 a170=c2 a17f=00 txtail=00e1 rxpend=0000
[  38.049] [transport] captured=2529 flushed=2529 received=4001 accepted=815 payload2=764 payload3=0 payload4=2 payload5=0 pump_reads=3067 bursts=450 txcredit=0 outq=0 inq=0 watchdog=26 txseq=c3 rxseq=2f rxcredit=0 protection=00 checks=0000
[  38.049] [epochs] local=1 peer=1 ready=true discarded_rx=0
[  38.049] [game-state] a142=04 a13e=04 a13f=0f a530=0b30 a506=0b a507=01 a508=01 a7b0=3822 a7a6=9334 script=01a51a mode=01 rule=01 base=70 margin=6 difficulty=0 preset=0
[  38.049] [tcb-continuations] ffa580=ff80->018392 sleep=0 local26=7710 ffa5c0=ff80->01853c sleep=0 local26=1a00 ffd000=ffc0->00d4b4 sleep=0 local26=0000 ffd040=ffc0->00daca sleep=0 local26=0000 ffd080=ffc0->00504e sleep=0 local26=1700 ffd0c0=ffc0->004f7e sleep=0 local26=0000 ffd100=ff80->006782 sleep=0 local26=0000 ffd140=ffc0->008082 sleep=0 local26=030a ffd180=ff80->006c06 sleep=0 local26=0006 ffd1c0=ff80->004486 sleep=0 local26=0001 ffd200=ff80->006b6e sleep=0 local26=0000 ffd240=ff80->006b6e sleep=0 local26=0000 ffd280=ff80->006b6e sleep=0 local26=0000 ffd2c0=ff80->006b6e sleep=0 local26=0000 ffd300=ff80->006b6e sleep=0 local26=0000 ffd340=ff80->006b6e sleep=0 local26=0000 ffd380=ff80->007944 sleep=0 local26=0000 ffd3c0=ff80->007d70 sleep=0 local26=0000 ffdfc0=ffc0->00d6d0 sleep=0 local26=0000 ffe000=ff00->008362 sleep=0 local26=fff6 ffe040=ff00->008362 sleep=0 local26=fff6 ffe080=ff00->008362 sleep=0 local26=fff6 ffe0c0=ff00->008362 sleep=0 local26=fff6 ffe100=ff00->008362 sleep=0 local26=fff6 ffe140=ff00->008362 sleep=0 local26=fff6 ffe180=ff00->008362 sleep=0 local26=fff6 ffe1c0=ff00->008362 sleep=0 local26=fff6 ffe200=ff00->008362 sleep=0 local26=fff6 ffe240=ff00->008362 sleep=0 local26=fff6 ffe280=ff00->008362 sleep=0 local26=fff6 ffe2c0=ff00->008362 sleep=0 local26=fff6 ffe300=ff00->008362 sleep=0 local26=fff6 ffe340=ff00->008362 sleep=0 local26=fff6 ffe380=ff00->008362 sleep=0 local26=fff6 ffe3c0=ff00->008362 sleep=0 local26=fff6 ffe400=ff00->008362 sleep=0 local26=fff6 ffe440=ff00->008362 sleep=0 local26=fff6 ffe480=ff00->008362 sleep=0 local26=fff6 ffe4c0=ff00->008362 sleep=0 local26=fff6 ffe500=ff00->008362 sleep=0 local26=fff6 ffe540=ff00->008362 sleep=0 local26=fff6 ffe580=ff00->008362 sleep=0 local26=fff6 ffe5c0=ff00->008362 sleep=0 local26=fff6 ffe600=ff00->008362 sleep=0 local26=fff6 ffe640=ff00->008362 sleep=0 local26=fff6 ffe680=ff00->008362 sleep=0 local26=fff6 ffe6c0=ff00->008362 sleep=0 local26=fff6 ffe700=ff00->008362 sleep=0 local26=fff6 ffe740=ff00->008362 sleep=0 local26=fff6 ffe780=ff00->008362 sleep=0 local26=fff6 ffe7c0=ff00->008362 sleep=0 local26=fff6
[  38.102]   [header-byte] write $ffa517 = 54 mask=00ff (pc=018446)
[  38.604]   [header-byte] write $ffa517 = 54 mask=00ff (pc=018446)
[  39.050] heartbeat frame=2340 tx=2535 rx=4007 fc=1 fd=10 fe=1 linkflag=81 pc=00028a a502=00 a524=0000 a525=00 a170=c2 a17f=00 txtail=00e7 rxpend=0000
[  39.050] [transport] captured=2535 flushed=2535 received=4007 accepted=817 payload2=764 payload3=0 payload4=2 payload5=0 pump_reads=3129 bursts=452 txcredit=0 outq=0 inq=0 watchdog=26 txseq=c5 rxseq=31 rxcredit=0 protection=00 checks=0000
[  39.050] [epochs] local=1 peer=1 ready=true discarded_rx=0
[  39.050] [tcb-continuations] ffa580=ff80->018392 sleep=0 local26=7710 ffa5c0=ff80->01853c sleep=0 local26=1a00 ffd000=ffc0->00d4b4 sleep=0 local26=0000 ffd040=ffc0->00daca sleep=0 local26=0000 ffd080=ffc0->00504e sleep=0 local26=5300 ffd0c0=ffc0->004fe8 sleep=0 local26=0000 ffd100=ff80->006782 sleep=0 local26=0000 ffd140=ffc0->008082 sleep=0 local26=020a ffd1c0=ff80->00449a sleep=0 local26=0001 ffd380=ff80->007944 sleep=0 local26=0000 ffd3c0=ff80->007d70 sleep=0 local26=0000 ffdfc0=ffc0->00d6d0 sleep=0 local26=0000 ffe000=ff00->0070c2 sleep=0 local26=3600
[  39.103]   [header-byte] write $ffa517 = 54 mask=00ff (pc=018446)
[  39.603]   [header-byte] write $ffa517 = 54 mask=00ff (pc=018446)
[  40.052] heartbeat frame=2400 tx=2555 rx=4013 fc=1 fd=10 fe=1 linkflag=81 pc=00028a a502=00 a524=0000 a525=00 a170=c2 a17f=00 txtail=00fb rxpend=0000
[  40.052] [transport] captured=2555 flushed=2555 received=4013 accepted=819 payload2=764 payload3=0 payload4=2 payload5=0 pump_reads=3191 bursts=454 txcredit=0 outq=0 inq=0 watchdog=26 txseq=c7 rxseq=33 rxcredit=0 protection=00 checks=0000
[  40.052] [epochs] local=1 peer=1 ready=true discarded_rx=0
[  40.052] [tcb-continuations] ffa580=ff80->018392 sleep=0 local26=7710 ffa5c0=ff80->01853c sleep=0 local26=1c00 ffd000=ffc0->00d4b4 sleep=0 local26=0000 ffd040=ffc0->00daca sleep=0 local26=0000 ffd080=ffc0->00504e sleep=0 local26=8f00 ffd0c0=ffc0->00504e sleep=0 local26=3a00 ffd100=ff80->006782 sleep=0 local26=0000 ffd140=ffc0->008082 sleep=0 local26=020a ffd180=ff80->007944 sleep=0 local26=0000 ffd200=ff80->007d70 sleep=0 local26=0000 ffd380=ff80->007944 sleep=0 local26=0000 ffd3c0=ff80->007d70 sleep=0 local26=0000 ffdfc0=ffc0->00d6d0 sleep=0 local26=0000 ffe000=ff00->0070c2 sleep=0 local26=3600 ffe040=ff00->0070c2 sleep=0 local26=4100
[  40.104]   [header-byte] write $ffa517 = 54 mask=00ff (pc=018446)
[  40.254]   [header-byte] write $ffa517 = 54 mask=00ff (pc=018446)
[  40.254] [packet-accepted] total=821 seq=34 flags=10 status=54 pc=01845e
[  40.371]   [header-byte] write $ffa517 = 54 mask=00ff (pc=018446)
[  40.371] [packet-accepted] total=822 seq=35 flags=08 status=54 pc=01845e attack=8000,ffff
[  40.371] [attack-state] address=ffa7f0 data=8080 mask=ff00 pc=018638 protection=00
[  40.371] [attack-state] address=ffa7f8 data=8080 mask=ff00 pc=01863c protection=00
[  40.872]   [header-byte] write $ffa517 = 54 mask=00ff (pc=018446)
[  41.053] heartbeat frame=2460 tx=2561 rx=4043 fc=1 fd=10 fe=1 linkflag=81 pc=000288 a502=00 a524=0000 a525=00 a170=c2 a17f=00 txtail=0001 rxpend=0000
[  41.053] [transport] captured=2561 flushed=2561 received=4043 accepted=823 payload2=764 payload3=1 payload4=3 payload5=0 pump_reads=3255 bursts=456 txcredit=0 outq=0 inq=0 watchdog=10 txseq=c9 rxseq=37 rxcredit=0 protection=00 checks=0000
[  41.053] [epochs] local=1 peer=1 ready=true discarded_rx=0
[  41.053] [tcb-continuations] ffa580=ff80->018392 sleep=0 local26=7710 ffa5c0=ff80->01853c sleep=0 local26=1c00 ffd000=ffc0->00d4b4 sleep=0 local26=0000 ffd040=ffc0->00daca sleep=0 local26=0000 ffd080=ffc0->00504e sleep=0 local26=cb00 ffd0c0=ffc0->00504e sleep=0 local26=7600 ffd100=ff80->006782 sleep=0 local26=0000 ffd140=ffc0->008082 sleep=0 local26=010a ffd180=ff80->007944 sleep=0 local26=0000 ffd200=ff80->007d70 sleep=0 local26=0000 ffd380=ff80->007944 sleep=0 local26=0001 ffd3c0=ff80->007d70 sleep=0 local26=0000 ffdfc0=ffc0->00d6d0 sleep=0 local26=0000 ffe000=ff00->0070c2 sleep=0 local26=3600 ffe040=ff00->0070c2 sleep=0 local26=4100
[  41.373]   [header-byte] write $ffa517 = 54 mask=00ff (pc=018446)
[  41.456]   [header-byte] write $ffa517 = 54 mask=00ff (pc=018446)
[  41.456] [packet-accepted] total=825 seq=38 flags=10 status=54 pc=01845e
[  41.573]   [header-byte] write $ffa517 = 54 mask=00ff (pc=018446)
[  41.573] [packet-accepted] total=826 seq=39 flags=08 status=54 pc=01845e attack=ffff,8000
[  41.573] [attack-state] address=ffa7f4 data=8080 mask=ff00 pc=018638 protection=00
[  41.573] [attack-state] address=ffa7fc data=8080 mask=ff00 pc=01863c protection=00
[  41.706] [attack-state] address=ffa7e0 data=8080 mask=ff00 pc=0050ce protection=00
[  41.708] [attack-state] address=ffa7e0 data=0000 mask=ff00 pc=00da56 protection=00
[  41.823]   [header-byte] write $ffa517 = 54 mask=00ff (pc=018446)
[  41.823] [packet-accepted] total=827 seq=3a flags=10 status=54 pc=01845e
[  41.956]   [header-byte] write $ffa517 = 54 mask=00ff (pc=018446)
[  41.956] [packet-accepted] total=828 seq=3b flags=08 status=54 pc=01845e attack=8000,ffff
[  42.054] heartbeat frame=2520 tx=2588 rx=4094 fc=1 fd=10 fe=1 linkflag=81 pc=00028a a502=00 a524=0000 a525=00 a170=c2 a17f=00 txtail=001c rxpend=0000
[  42.054] [transport] captured=2588 flushed=2588 received=4094 accepted=828 payload2=764 payload3=3 payload4=5 payload5=0 pump_reads=3320 bursts=459 txcredit=0 outq=0 inq=0 watchdog=5 txseq=cc rxseq=3c rxcredit=0 protection=00 checks=0000
[  42.054] [epochs] local=1 peer=1 ready=true discarded_rx=0
[  42.054] [tcb-continuations] ffa580=ff80->018392 sleep=0 local26=7710 ffa5c0=ff80->01853c sleep=0 local26=1400 ffd000=ffc0->00d4b4 sleep=0 local26=0000 ffd040=ffc0->00daca sleep=0 local26=0000 ffd080=ffc0->00504e sleep=0 local26=0f00 ffd0c0=ffc0->00504e sleep=0 local26=b200 ffd100=ff80->006782 sleep=0 local26=0000 ffd140=ffc0->008082 sleep=0 local26=03ff ffd180=ff80->0079d4 sleep=0 local26=0001 ffd1c0=ff80->007944 sleep=0 local26=0000 ffd200=ff00->0079fe sleep=24 local26=0000 ffd240=ff80->007d70 sleep=0 local26=0000 ffd380=ff00->007a24 sleep=0 local26=0301 ffd3c0=ff00->007a24 sleep=0 local26=0300 ffdfc0=ffc0->00d6d0 sleep=0 local26=0000 ffe000=ff00->0070c2 sleep=0 local26=3600 ffe040=ff00->0070c2 sleep=0 local26=4100
[  42.290] [attack-state] address=ffa7e4 data=8080 mask=ff00 pc=0050ce protection=00
[  42.292] [attack-state] address=ffa7e4 data=0000 mask=ff00 pc=00da56 protection=00
[  42.457]   [header-byte] write $ffa517 = 54 mask=00ff (pc=018446)
[  42.958]   [header-byte] write $ffa517 = 54 mask=00ff (pc=018446)
[  43.055] heartbeat frame=2580 tx=2632 rx=4100 fc=1 fd=10 fe=1 linkflag=81 pc=000288 a502=00 a524=0000 a525=00 a170=c2 a17f=00 txtail=0048 rxpend=0000
[  43.055] [transport] captured=2632 flushed=2632 received=4100 accepted=830 payload2=764 payload3=3 payload4=5 payload5=0 pump_reads=3382 bursts=463 txcredit=0 outq=0 inq=0 watchdog=5 txseq=d0 rxseq=3e rxcredit=0 protection=00 checks=0000
[  43.055] [epochs] local=1 peer=1 ready=true discarded_rx=0
[  43.055] [tcb-continuations] ffa580=ff80->018392 sleep=0 local26=7710 ffa5c0=ff80->01853c sleep=0 local26=0f00 ffd000=ffc0->00d4b4 sleep=0 local26=0000 ffd040=ffc0->00daca sleep=0 local26=0000 ffd080=ffc0->00504e sleep=0 local26=4b00 ffd0c0=ffc0->00504e sleep=0 local26=2800 ffd100=ff80->006782 sleep=0 local26=0000 ffd140=ffc0->008082 sleep=0 local26=01ff ffd1c0=ff80->007944 sleep=0 local26=0000 ffd240=ff80->007d70 sleep=0 local26=0000 ffd280=ff80->007944 sleep=0 local26=0000 ffd2c0=ff80->007d70 sleep=0 local26=0000 ffdfc0=ffc0->00d6d0 sleep=0 local26=0000
[  43.458]   [header-byte] write $ffa517 = 54 mask=00ff (pc=018446)
[  43.961]   [header-byte] write $ffa517 = 54 mask=00ff (pc=018446)
[  44.057] heartbeat frame=2640 tx=2638 rx=4106 fc=1 fd=10 fe=1 linkflag=81 pc=000288 a502=00 a524=0000 a525=00 a170=c2 a17f=00 txtail=004e rxpend=0000
[  44.057] [transport] captured=2638 flushed=2638 received=4106 accepted=832 payload2=764 payload3=3 payload4=5 payload5=0 pump_reads=3444 bursts=465 txcredit=0 outq=0 inq=0 watchdog=5 txseq=d2 rxseq=40 rxcredit=0 protection=00 checks=0000
[  44.057] [epochs] local=1 peer=1 ready=true discarded_rx=0
[  44.057] [tcb-continuations] ffa580=ff80->018392 sleep=0 local26=7710 ffa5c0=ff80->01853c sleep=0 local26=0f00 ffd000=ffc0->00d4b4 sleep=0 local26=0000 ffd040=ffc0->00daca sleep=0 local26=0000 ffd080=ffc0->00504e sleep=0 local26=8700 ffd0c0=ffc0->00504e sleep=0 local26=6400 ffd100=ff80->006782 sleep=0 local26=0000 ffd140=ffc0->008082 sleep=0 local26=00ff ffd1c0=ff80->007944 sleep=0 local26=0000 ffd240=ff80->007d70 sleep=0 local26=0000 ffd280=ff80->007944 sleep=0 local26=0000 ffd2c0=ff80->007d70 sleep=0 local26=0000 ffdfc0=ffc0->00d6d0 sleep=0 local26=0000
[  44.360]   [header-byte] write $ffa517 = 54 mask=00ff (pc=018446)
[  44.360] [packet-accepted] total=833 seq=40 flags=10 status=54 pc=01845e
[  44.476]   [header-byte] write $ffa517 = 54 mask=00ff (pc=018446)
[  44.476] [packet-accepted] total=834 seq=41 flags=08 status=54 pc=01845e attack=8000,ffff
[  44.927] [attack-state] address=ffa7e4 data=8080 mask=ff00 pc=0050ce protection=00
[  44.929] [attack-state] address=ffa7e4 data=0000 mask=ff00 pc=00da56 protection=00
[  44.977]   [header-byte] write $ffa517 = 54 mask=00ff (pc=018446)
[  45.058] heartbeat frame=2700 tx=2668 rx=4133 fc=1 fd=10 fe=1 linkflag=81 pc=000288 a502=00 a524=0000 a525=00 a170=c2 a17f=00 txtail=006c rxpend=0000
[  45.058] [transport] captured=2668 flushed=2668 received=4133 accepted=835 payload2=764 payload3=4 payload4=6 payload5=0 pump_reads=3507 bursts=469 txcredit=0 outq=0 inq=0 watchdog=4 txseq=d6 rxseq=43 rxcredit=0 protection=00 checks=0000
[  45.058] [epochs] local=1 peer=1 ready=true discarded_rx=0
[  45.058] [tcb-continuations] ffa580=ff80->018392 sleep=0 local26=7710 ffa5c0=ff80->01853c sleep=0 local26=0700 ffd000=ffc0->00d4b4 sleep=0 local26=0000 ffd040=ffc0->00daca sleep=0 local26=0000 ffd080=ffc0->005082 sleep=0 local26=c300 ffd0c0=ffc0->00504e sleep=0 local26=0200 ffd100=ff80->006782 sleep=0 local26=0000 ffd140=ffc0->008082 sleep=0 local26=0311 ffd180=ff80->007944 sleep=0 local26=0000 ffd1c0=ff00->0079fe sleep=22 local26=0001 ffd200=ff80->007d70 sleep=0 local26=0000 ffd240=ff00->0079fe sleep=23 local26=0000 ffd280=ff00->0079fe sleep=9 local26=0001 ffd2c0=ff00->0079fe sleep=10 local26=0000 ffdfc0=ffc0->00d6d0 sleep=0 local26=0000 ffe000=ff00->0070c2 sleep=0 local26=2b00
[  45.311]   [header-byte] write $ffa517 = 54 mask=00ff (pc=018446)
[  45.311] [packet-accepted] total=836 seq=43 flags=10 status=54 pc=01845e
[  45.311] [attack-state] address=ffa7e0 data=8080 mask=ff00 pc=0050ce protection=00
[  45.313] [attack-state] address=ffa7e0 data=0000 mask=ff00 pc=00da56 protection=00
[  45.445]   [header-byte] write $ffa517 = 54 mask=00ff (pc=018446)
[  45.445] [packet-accepted] total=837 seq=44 flags=08 status=54 pc=01845e attack=ffff,8000
[  45.946]   [header-byte] write $ffa517 = 54 mask=00ff (pc=018446)
[  46.059] heartbeat frame=2760 tx=2695 rx=4160 fc=1 fd=10 fe=1 linkflag=81 pc=000288 a502=00 a524=0000 a525=00 a170=c2 a17f=00 txtail=0087 rxpend=0000
[  46.059] [transport] captured=2695 flushed=2695 received=4160 accepted=838 payload2=764 payload3=5 payload4=7 payload5=0 pump_reads=3570 bursts=472 txcredit=0 outq=0 inq=0 watchdog=6 txseq=d9 rxseq=46 rxcredit=0 protection=00 checks=0000
[  46.059] [epochs] local=1 peer=1 ready=true discarded_rx=0
[  46.059] [tcb-continuations] ffa580=ff80->018392 sleep=0 local26=7710 ffa5c0=ff80->01853c sleep=0 local26=0e00 ffd000=ffc0->00d4b4 sleep=0 local26=0000 ffd040=ffc0->00daca sleep=0 local26=0000 ffd080=ffc0->00504e sleep=0 local26=2700 ffd0c0=ffc0->00504e sleep=0 local26=3e00 ffd100=ff80->006782 sleep=0 local26=0000 ffd140=ffc0->008082 sleep=0 local26=0211 ffd180=ff80->007944 sleep=0 local26=0000 ffd200=ff80->007d70 sleep=0 local26=0000 ffd300=ff80->007944 sleep=0 local26=0000 ffd340=ff80->007d70 sleep=0 local26=0000 ffdfc0=ffc0->00d6d0 sleep=0 local26=0000 ffe000=ff00->0070c2 sleep=0 local26=2b00
[  46.446]   [header-byte] write $ffa517 = 54 mask=00ff (pc=018446)
[  46.947]   [header-byte] write $ffa517 = 54 mask=00ff (pc=018446)
[  46.947] [packet-accepted] total=840 seq=47 flags=00 status=54 pc=01845e
[  47.029] [attack-state] address=ffa7e4 data=8080 mask=ff00 pc=0050ce protection=00
[  47.031] [attack-state] address=ffa7e4 data=0000 mask=ff00 pc=00da56 protection=00
[  47.061] heartbeat frame=2820 tx=2742 rx=4166 fc=1 fd=10 fe=1 linkflag=81 pc=000288 a502=00 a524=0000 a525=00 a170=c2 a17f=00 txtail=00b6 rxpend=0000
[  47.061] [transport] captured=2742 flushed=2742 received=4166 accepted=840 payload2=764 payload3=5 payload4=7 payload5=0 pump_reads=3632 bursts=477 txcredit=0 outq=0 inq=0 watchdog=6 txseq=de rxseq=48 rxcredit=0 protection=00 checks=0000
[  47.061] [epochs] local=1 peer=1 ready=true discarded_rx=0
[  47.061] [tcb-continuations] ffa580=ff80->018392 sleep=0 local26=7710 ffa5c0=ff80->01853c sleep=0 local26=0100 ffd000=ffc0->00d4b4 sleep=0 local26=0000 ffd040=ffc0->00daca sleep=0 local26=0000 ffd080=ffc0->00504e sleep=0 local26=6300 ffd0c0=ffc0->004fac sleep=0 local26=0000 ffd100=ff80->006782 sleep=0 local26=0000 ffd140=ffc0->008082 sleep=0 local26=0111 ffd180=ff00->0079fe sleep=15 local26=0001 ffd200=ff00->0079fe sleep=16 local26=0000 ffd300=ff80->007944 sleep=0 local26=0000 ffd340=ff80->007d70 sleep=0 local26=0000 ffdfc0=ffc0->00d6d0 sleep=0 local26=0000 ffe000=ff00->0070c2 sleep=0 local26=2b00 ffe040=ff00->0070c2 sleep=0 local26=2000
[  47.447]   [header-byte] write $ffa517 = 54 mask=00ff (pc=018446)
[  47.682]   [header-byte] write $ffa517 = 54 mask=00ff (pc=018446)
[  47.682] [packet-accepted] total=842 seq=49 flags=10 status=54 pc=01845e
[  48.062] heartbeat frame=2880 tx=2748 rx=4186 fc=1 fd=10 fe=1 linkflag=81 pc=00028a a502=00 a524=0000 a525=00 a170=c2 a17f=00 txtail=00bc rxpend=0000
[  48.062] [transport] captured=2748 flushed=2748 received=4186 accepted=842 payload2=764 payload3=5 payload4=8 payload5=0 pump_reads=3694 bursts=479 txcredit=0 outq=0 inq=0 watchdog=22 txseq=e0 rxseq=4a rxcredit=0 protection=00 checks=0000
[  48.062] [epochs] local=1 peer=1 ready=true discarded_rx=0
[  48.062] [tcb-continuations] ffa580=ff80->018392 sleep=0 local26=7710 ffa5c0=ff80->01853c sleep=0 local26=0100 ffd000=ffc0->00d4b4 sleep=0 local26=0000 ffd040=ffc0->00daca sleep=0 local26=0000 ffd080=ffc0->00504e sleep=0 local26=9f00 ffd0c0=ffc0->00504e sleep=0 local26=3800 ffd100=ff80->006782 sleep=0 local26=0000 ffd140=ffc0->008082 sleep=0 local26=0011 ffd1c0=ff80->007944 sleep=0 local26=0001 ffd240=ff80->007d70 sleep=0 local26=0000 ffd300=ff80->007944 sleep=0 local26=0000 ffd340=ff80->007d70 sleep=0 local26=0000 ffdfc0=ffc0->00d6d0 sleep=0 local26=0000 ffe040=ff00->0070c2 sleep=0 local26=2000
[  48.181]   [header-byte] write $ffa517 = 54 mask=00ff (pc=018446)
[  48.649]   [header-byte] write $ffa517 = 54 mask=00ff (pc=018446)
[  48.649] [packet-accepted] total=844 seq=4b flags=10 status=54 pc=01845e
[  48.665]   [header-byte] write $ffa517 = 54 mask=00ff (pc=018446)
[  48.665] [packet-accepted] total=845 seq=4c flags=10 status=54 pc=01845e
[  48.734] [attack-state] address=ffa7e4 data=8080 mask=ff00 pc=0050ce protection=00
[  48.735] [attack-state] address=ffa7e4 data=0000 mask=ff00 pc=00da56 protection=00
[  48.782]   [header-byte] write $ffa517 = 54 mask=00ff (pc=018446)
[  48.782] [packet-accepted] total=846 seq=4d flags=08 status=54 pc=01845e attack=ffff,8000
[  49.063] heartbeat frame=2940 tx=2775 rx=4230 fc=1 fd=10 fe=1 linkflag=81 pc=00028a a502=00 a524=0000 a525=00 a170=c2 a17f=00 txtail=00d7 rxpend=0000
[  49.063] [transport] captured=2775 flushed=2775 received=4230 accepted=846 payload2=764 payload3=6 payload4=10 payload5=0 pump_reads=3758 bursts=482 txcredit=0 outq=0 inq=0 watchdog=16 txseq=e3 rxseq=4e rxcredit=0 protection=00 checks=0000
[  49.063] [epochs] local=1 peer=1 ready=true discarded_rx=0
[  49.063] [tcb-continuations] ffa580=ff80->018392 sleep=0 local26=7710 ffa5c0=ff80->01853c sleep=0 local26=1300 ffd000=ffc0->00d4b4 sleep=0 local26=0000 ffd040=ffc0->00daca sleep=0 local26=0000 ffd080=ffc0->00504e sleep=0 local26=db00 ffd0c0=ffc0->00504e sleep=0 local26=0e00 ffd100=ff80->006782 sleep=0 local26=0000 ffd140=ffc0->008082 sleep=0 local26=0011 ffd180=ff80->007944 sleep=0 local26=0001 ffd1c0=ff00->007a24 sleep=0 local26=0601 ffd200=ff80->007d70 sleep=0 local26=0000 ffd240=ff00->007a24 sleep=0 local26=0400 ffd300=ff80->007944 sleep=0 local26=0001 ffd340=ff80->007d70 sleep=0 local26=0000 ffdfc0=ffc0->00d6d0 sleep=0 local26=0000 ffe040=ff00->0070c2 sleep=0 local26=2000
[  49.084]   [header-byte] write $ffa517 = 54 mask=00ff (pc=018446)
[  49.084] [packet-accepted] total=847 seq=4e flags=10 status=54 pc=01845e
[  49.216]   [header-byte] write $ffa517 = 54 mask=00ff (pc=018446)
[  49.216] [packet-accepted] total=848 seq=4f flags=08 status=54 pc=01845e attack=8000,ffff
[  49.449] [attack-state] address=ffa7e0 data=8080 mask=ff00 pc=0050ce protection=00
[  49.451] [attack-state] address=ffa7e0 data=0000 mask=ff00 pc=00da56 protection=00
[  49.717]   [header-byte] write $ffa517 = 54 mask=00ff (pc=018446)
[  49.901] [attack-state] address=ffa7e4 data=8080 mask=ff00 pc=0050ce protection=00
[  49.902] [attack-state] address=ffa7e4 data=0000 mask=ff00 pc=00da56 protection=00
[  49.985] [game-command] data=2b2b mask=ff00 pc=00c030 requests=00
[  50.064] heartbeat frame=3000 tx=2828 rx=4257 fc=1 fd=10 fe=1 linkflag=81 pc=00028a a502=00 a524=0000 a525=00 a170=c2 a17f=00 txtail=000c rxpend=0000
[  50.064] [transport] captured=2828 flushed=2828 received=4257 accepted=849 payload2=764 payload3=7 payload4=11 payload5=0 pump_reads=3821 bursts=487 txcredit=0 outq=0 inq=0 watchdog=20 txseq=e8 rxseq=51 rxcredit=0 protection=00 checks=0000
[  50.064] [epochs] local=1 peer=1 ready=true discarded_rx=0
[  50.064] [game-state] a142=04 a13e=04 a13f=0f a530=2b30 a506=0b a507=01 a508=01 a7b0=3822 a7a6=9334 script=01a51a mode=01 rule=01 base=70 margin=6 difficulty=0 preset=0
[  50.064] [tcb-continuations] ffa580=ff80->018392 sleep=0 local26=7710 ffa5c0=ff80->01853c sleep=0 local26=0400 ffd000=ffc0->00d4b4 sleep=0 local26=0000 ffd040=ffc0->00daca sleep=0 local26=0000 ffd080=ffc0->00504e sleep=0 local26=1f00 ffd0c0=ffc0->00bdcc sleep=0 local26=0007 ffd100=ff80->006782 sleep=0 local26=0000 ffd140=ffc0->008082 sleep=0 local26=00ff ffd1c0=ff80->007944 sleep=0 local26=0000 ffd240=ff80->007d70 sleep=0 local26=0000 ffd280=ff80->00ce50 sleep=0 local26=0000 ffd2c0=ff80->00cea4 sleep=31 local26=001a ffd300=ff80->00cea4 sleep=11 local26=001a ffd380=ff80->00cec4 sleep=0 local26=001a ffd3c0=ff80->00cec4 sleep=0 local26=001a ffd400=ff80->00cea4 sleep=15 local26=001a ffd440=ff80->00cea4 sleep=27 local26=001a ffd480=ff80->00449a sleep=0 local26=0001 ffdfc0=ffc0->00d6d0 sleep=0 local26=0000
[  50.218]   [header-byte] write $ffa517 = 54 mask=00ff (pc=018446)
[  50.720]   [header-byte] write $ffa517 = 54 mask=00ff (pc=018446)
[  51.066] heartbeat frame=3060 tx=2834 rx=4263 fc=1 fd=10 fe=1 linkflag=81 pc=000288 a502=00 a524=0000 a525=00 a170=c2 a17f=00 txtail=0012 rxpend=0000
[  51.066] [transport] captured=2834 flushed=2834 received=4263 accepted=851 payload2=764 payload3=7 payload4=11 payload5=0 pump_reads=3883 bursts=489 txcredit=0 outq=0 inq=0 watchdog=20 txseq=ea rxseq=53 rxcredit=0 protection=00 checks=0000
[  51.066] [epochs] local=1 peer=1 ready=true discarded_rx=0
[  51.066] [tcb-continuations] ffa580=ff80->018392 sleep=0 local26=7710 ffa5c0=ff80->01853c sleep=0 local26=0400 ffd000=ffc0->00d4b4 sleep=0 local26=0000 ffd040=ffc0->00daca sleep=0 local26=0000 ffd080=ffc0->00504e sleep=0 local26=5b00 ffd0c0=ffc0->00bdcc sleep=0 local26=0004 ffd100=ff80->006782 sleep=0 local26=0000 ffd140=ffc0->008082 sleep=0 local26=0303 ffd1c0=ff80->007944 sleep=0 local26=0000 ffd240=ff80->007d70 sleep=0 local26=0000 ffd2c0=ff80->00cec4 sleep=0 local26=0014 ffd300=ff80->00cec4 sleep=0 local26=0008 ffd400=ff80->00cec4 sleep=0 local26=080b ffd440=ff80->00cec4 sleep=0 local26=0012 ffd480=ff80->00449a sleep=0 local26=0001 ffdfc0=ffc0->00d6d0 sleep=0 local26=0000 ffe000=ff00->0070c2 sleep=0 local26=4c00
[  51.085]   [header-byte] write $ffa517 = 54 mask=00ff (pc=018446)
[  51.085] [packet-accepted] total=852 seq=53 flags=10 status=54 pc=01845e
[  51.219]   [header-byte] write $ffa517 = 54 mask=00ff (pc=018446)
[  51.219] [packet-accepted] total=853 seq=54 flags=08 status=54 pc=01845e attack=8000,ffff
[  51.336]   [header-byte] write $ffa517 = 54 mask=00ff (pc=018446)
[  51.336] [packet-accepted] total=854 seq=55 flags=10 status=54 pc=01845e
[  51.453]   [header-byte] write $ffa517 = 54 mask=00ff (pc=018446)
[  51.453] [packet-accepted] total=855 seq=56 flags=08 status=54 pc=01845e attack=ffff,8000
[  51.953]   [header-byte] write $ffa517 = 54 mask=00ff (pc=018446)
[  52.067] heartbeat frame=3120 tx=2888 rx=4314 fc=1 fd=10 fe=1 linkflag=81 pc=000288 a502=00 a524=0000 a525=00 a170=c2 a17f=00 txtail=0048 rxpend=0000
[  52.067] [transport] captured=2888 flushed=2888 received=4314 accepted=856 payload2=764 payload3=9 payload4=13 payload5=0 pump_reads=3948 bursts=493 txcredit=0 outq=0 inq=0 watchdog=6 txseq=ee rxseq=58 rxcredit=0 protection=00 checks=0000
[  52.067] [epochs] local=1 peer=1 ready=true discarded_rx=0
[  52.067] [tcb-continuations] ffa580=ff80->018392 sleep=0 local26=7710 ffa5c0=ff80->01853c sleep=0 local26=1a00 ffd000=ffc0->00d4b4 sleep=0 local26=0000 ffd040=ffc0->00daca sleep=0 local26=0000 ffd080=ffc0->00504e sleep=0 local26=9700 ffd0c0=ffc0->00c35c sleep=0 local26=0000 ffd100=ff80->006782 sleep=0 local26=0000 ffd140=ffc0->008082 sleep=0 local26=0203 ffd180=ffc0->00ca8a sleep=0 local26=0004 ffd1c0=ff80->007944 sleep=0 local26=0001 ffd240=ff80->007d70 sleep=0 local26=0000 ffd480=ff80->00449a sleep=0 local26=0001 ffdfc0=ffc0->00d6d0 sleep=0 local26=0000 ffe000=ff00->0070c2 sleep=0 local26=4c00
[  52.453]   [header-byte] write $ffa517 = 54 mask=00ff (pc=018446)
[  52.520]   [header-byte] write $ffa517 = 54 mask=00ff (pc=018446)
[  52.520] [packet-accepted] total=858 seq=59 flags=10 status=54 pc=01845e
[  52.654] [attack-state] address=ffa7e0 data=8080 mask=ff00 pc=0050ce protection=00
[  52.655] [attack-state] address=ffa7e0 data=0000 mask=ff00 pc=00da56 protection=00
[  53.021]   [header-byte] write $ffa517 = 54 mask=00ff (pc=018446)
[  53.021] [packet-accepted] total=859 seq=5a flags=08 status=54 pc=01845e attack=0001,ffff
[  53.021] [attack-state] address=ffa7f0 data=0101 mask=ff00 pc=018648 protection=00
[  53.021] [attack-state] address=ffa7f2 data=0001 mask=ffff pc=01864c protection=00
[  53.021] [attack-state] address=ffa7fa data=0001 mask=ffff pc=018650 protection=00
[  53.021] [attack-state] address=ffa7f0 data=0001 mask=ffff pc=00d96c protection=00
[  53.021] [attack-state] address=ffa7fa data=0000 mask=ffff pc=00c370 protection=00
[  53.068] heartbeat frame=3180 tx=2915 rx=4341 fc=1 fd=10 fe=1 linkflag=81 pc=00028a a502=00 a524=0000 a525=00 a170=c2 a17f=00 txtail=0063 rxpend=0000
[  53.068] [transport] captured=2915 flushed=2915 received=4341 accepted=859 payload2=764 payload3=10 payload4=14 payload5=0 pump_reads=4011 bursts=496 txcredit=0 outq=0 inq=0 watchdog=2 txseq=f1 rxseq=5b rxcredit=0 protection=00 checks=0000
[  53.068] [epochs] local=1 peer=1 ready=true discarded_rx=0
[  53.068] [tcb-continuations] ffa580=ff80->018392 sleep=0 local26=7710 ffa5c0=ff80->01853c sleep=0 local26=1800 ffd000=ffc0->00d4b4 sleep=0 local26=0000 ffd040=ffc0->00daca sleep=0 local26=0000 ffd080=ffc0->00504e sleep=0 local26=1300 ffd0c0=ffc0->00c35c sleep=0 local26=0000 ffd100=ff80->006782 sleep=0 local26=0000 ffd140=ffc0->008082 sleep=0 local26=0103 ffd180=ffc0->00ca8a sleep=0 local26=000a ffd1c0=ff00->007a24 sleep=0 local26=0201 ffd200=ff80->007944 sleep=0 local26=0000 ffd280=ff80->007d70 sleep=0 local26=0000 ffd2c0=ff80->00975a sleep=0 local26=0002 ffd480=ff80->00449a sleep=0 local26=0001 ffdfc0=ffc0->00d6d0 sleep=0 local26=0000 ffe000=ff00->0070c2 sleep=0 local26=4c00
[  53.455]   [header-byte] write $ffa517 = 54 mask=00ff (pc=018446)
[  53.455] [packet-accepted] total=860 seq=5b flags=10 status=54 pc=01845e
[  53.488]   [header-byte] write $ffa517 = 54 mask=00ff (pc=018446)
[  53.488] [packet-accepted] total=861 seq=5c flags=10 status=54 pc=01845e
[  53.588]   [header-byte] write $ffa517 = 54 mask=00ff (pc=018446)
[  53.588] [packet-accepted] total=862 seq=5d flags=08 status=54 pc=01845e attack=ffff,8000
[  53.906]   [header-byte] write $ffa517 = 54 mask=00ff (pc=018446)
[  53.906] [packet-accepted] total=863 seq=5e flags=10 status=54 pc=01845e
[  54.039]   [header-byte] write $ffa517 = 54 mask=00ff (pc=018446)
[  54.039] [packet-accepted] total=864 seq=5f flags=08 status=54 pc=01845e attack=8000,ffff
[  54.039] [attack-state] address=ffa7f0 data=8080 mask=ff00 pc=018638 protection=00
[  54.039] [attack-state] address=ffa7f0 data=0000 mask=00ff pc=00d992 protection=00
[  54.040] [attack-state] address=ffa7f2 data=0000 mask=ffff pc=00982c protection=00
[  54.040] [attack-state] address=ffa7f0 data=0000 mask=ffff pc=00982c protection=00
[  54.040] [attack-state] address=ffa7f8 data=0000 mask=ffff pc=009842 protection=00
[  54.070] heartbeat frame=3240 tx=2921 rx=4406 fc=1 fd=10 fe=1 linkflag=81 pc=000288 a502=00 a524=0000 a525=00 a170=c2 a17f=00 txtail=0069 rxpend=0000
[  54.070] [transport] captured=2921 flushed=2921 received=4406 accepted=864 payload2=764 payload3=12 payload4=17 payload5=0 pump_reads=4076 bursts=498 txcredit=0 outq=0 inq=0 watchdog=1 txseq=f3 rxseq=60 rxcredit=0 protection=00 checks=0000
[  54.070] [epochs] local=1 peer=1 ready=true discarded_rx=0
[  54.070] [tcb-continuations] ffa580=ff80->018392 sleep=0 local26=7710 ffa5c0=ff80->01853c sleep=0 local26=1800 ffd000=ffc0->00d4b4 sleep=0 local26=0000 ffd040=ffc0->00daca sleep=0 local26=0000 ffd080=ffc0->00504e sleep=0 local26=4f00 ffd0c0=ffc0->00c35c sleep=0 local26=0000 ffd100=ff80->006782 sleep=0 local26=0000 ffd140=ffc0->008082 sleep=0 local26=0003 ffd180=ffc0->00ca8a sleep=0 local26=0010 ffd200=ff80->007944 sleep=0 local26=0000 ffd280=ff80->007d70 sleep=0 local26=0000 ffdfc0=ffc0->00d6d0 sleep=0 local26=0000 ffe000=ff00->0070c2 sleep=0 local26=4c00
[  54.539]   [header-byte] write $ffa517 = 54 mask=00ff (pc=018446)
[  55.040]   [header-byte] write $ffa517 = 54 mask=00ff (pc=018446)
[  55.071] heartbeat frame=3300 tx=2927 rx=4412 fc=1 fd=10 fe=1 linkflag=81 pc=00028a a502=00 a524=0000 a525=00 a170=c2 a17f=00 txtail=006f rxpend=0000
[  55.071] [transport] captured=2927 flushed=2927 received=4412 accepted=866 payload2=764 payload3=12 payload4=17 payload5=0 pump_reads=4138 bursts=500 txcredit=0 outq=0 inq=0 watchdog=1 txseq=f5 rxseq=62 rxcredit=0 protection=00 checks=0000
[  55.071] [epochs] local=1 peer=1 ready=true discarded_rx=0
[  55.071] [tcb-continuations] ffa580=ff80->018392 sleep=0 local26=7710 ffa5c0=ff80->01853c sleep=0 local26=1800 ffd000=ffc0->00d4b4 sleep=0 local26=0000 ffd040=ffc0->00daca sleep=0 local26=0000 ffd080=ffc0->005082 sleep=0 local26=8b00 ffd0c0=ffc0->00c35c sleep=0 local26=0000 ffd100=ff80->006782 sleep=0 local26=0000 ffd140=ffc0->008082 sleep=0 local26=0003 ffd180=ffc0->00ca8a sleep=0 local26=0016 ffd200=ff00->0079fe sleep=23 local26=0001 ffd280=ff00->0079fe sleep=15 local26=0000 ffdfc0=ffc0->00d6d0 sleep=0 local26=0000 ffe000=ff00->0070c2 sleep=0 local26=4c00
[  55.142]   [header-byte] write $ffa517 = 54 mask=00ff (pc=018446)
[  55.142] [packet-accepted] total=867 seq=62 flags=10 status=54 pc=01845e
[  55.190]   [header-byte] write $ffa517 = 54 mask=00ff (pc=018446)
[  55.191] [packet-accepted] total=868 seq=63 flags=10 status=54 pc=01845e
[  55.324]   [header-byte] write $ffa517 = 54 mask=00ff (pc=018446)
[  55.324] [packet-accepted] total=869 seq=64 flags=08 status=54 pc=01845e attack=ffff,8000
[  55.324] [attack-state] address=ffa7e0 data=8080 mask=ff00 pc=0050ce protection=00
[  55.326] [attack-state] address=ffa7e0 data=0000 mask=ff00 pc=00da56 protection=00
[  55.624]   [header-byte] write $ffa517 = 54 mask=00ff (pc=018446)
[  55.624] [packet-accepted] total=870 seq=65 flags=08 status=54 pc=01845e attack=0001,ffff
[  55.624] [attack-state] address=ffa7f0 data=0101 mask=ff00 pc=018648 protection=00
[  55.624] [attack-state] address=ffa7f2 data=0001 mask=ffff pc=01864c protection=00
[  55.624] [attack-state] address=ffa7fa data=0001 mask=ffff pc=018650 protection=00
[  55.624] [attack-state] address=ffa7f0 data=0001 mask=ffff pc=00d96c protection=00
[  55.624] [attack-state] address=ffa7fa data=0000 mask=ffff pc=00c370 protection=00
[  56.072] heartbeat frame=3360 tx=2954 rx=4460 fc=1 fd=10 fe=1 linkflag=81 pc=00028a a502=00 a524=0000 a525=00 a170=c2 a17f=00 txtail=008a rxpend=0000
[  56.072] [transport] captured=2954 flushed=2954 received=4460 accepted=870 payload2=764 payload3=14 payload4=19 payload5=0 pump_reads=4202 bursts=503 txcredit=0 outq=0 inq=0 watchdog=26 txseq=f8 rxseq=66 rxcredit=0 protection=00 checks=0000
[  56.072] [epochs] local=1 peer=1 ready=true discarded_rx=0
[  56.072] [tcb-continuations] ffa580=ff80->018392 sleep=0 local26=7710 ffa5c0=ff80->01853c sleep=0 local26=0e00 ffd000=ffc0->00d4b4 sleep=0 local26=0000 ffd040=ffc0->00daca sleep=0 local26=0000 ffd080=ffc0->004f7e sleep=0 local26=0000 ffd0c0=ffc0->00c35c sleep=0 local26=0000 ffd100=ff80->006782 sleep=0 local26=0000 ffd140=ffc0->008082 sleep=0 local26=02ff ffd180=ffc0->00cad6 sleep=0 local26=0000 ffd1c0=ff80->006c06 sleep=0 local26=0001 ffd240=ff80->006b6e sleep=0 local26=0000 ffd2c0=ff80->00975a sleep=0 local26=001a ffdfc0=ffc0->00d6d0 sleep=0 local26=0000 ffe000=ff00->0070c2 sleep=0 local26=4c00
[  56.125]   [header-byte] write $ffa517 = 54 mask=00ff (pc=018446)
[  56.459]   [header-byte] write $ffa517 = 54 mask=00ff (pc=018446)
[  56.459] [packet-accepted] total=872 seq=67 flags=10 status=54 pc=01845e
[  56.509]   [header-byte] write $ffa517 = 54 mask=00ff (pc=018446)
[  56.509] [packet-accepted] total=873 seq=68 flags=10 status=54 pc=01845e
[  56.642]   [header-byte] write $ffa517 = 54 mask=00ff (pc=018446)
[  56.642] [packet-accepted] total=874 seq=69 flags=08 status=54 pc=01845e attack=8000,ffff
[  56.642] [attack-state] address=ffa7f0 data=8080 mask=ff00 pc=018638 protection=00
[  56.642] [attack-state] address=ffa7f8 data=8080 mask=ff00 pc=01863c protection=00
[  56.642] [attack-state] address=ffa7f0 data=0000 mask=00ff pc=00d992 protection=00
[  56.643] [attack-state] address=ffa7f2 data=0000 mask=ffff pc=00982c protection=00
[  56.643] [attack-state] address=ffa7f0 data=0000 mask=ffff pc=00982c protection=00
[  56.643] [attack-state] address=ffa7f8 data=0000 mask=ffff pc=009842 protection=00
[  57.073] heartbeat frame=3420 tx=2977 rx=4504 fc=1 fd=10 fe=1 linkflag=81 pc=000288 a502=00 a524=0000 a525=00 a170=c2 a17f=00 txtail=00a1 rxpend=0000
[  57.073] [transport] captured=2977 flushed=2977 received=4504 accepted=874 payload2=764 payload3=15 payload4=21 payload5=0 pump_reads=4266 bursts=506 txcredit=0 outq=0 inq=0 watchdog=25 txseq=fb rxseq=6a rxcredit=0 protection=00 checks=0000
[  57.073] [epochs] local=1 peer=1 ready=true discarded_rx=0
[  57.073] [tcb-continuations] ffa580=ff80->018392 sleep=0 local26=7710 ffa5c0=ff80->01853c sleep=0 local26=0b00 ffd000=ffc0->00d4b4 sleep=0 local26=0000 ffd040=ffc0->00daca sleep=0 local26=0000 ffd080=ffc0->00504e sleep=0 local26=2900 ffd0c0=ffc0->00c35c sleep=0 local26=0000 ffd100=ff80->006782 sleep=0 local26=0000 ffd140=ffc0->008082 sleep=0 local26=00ff ffd180=ffc0->00cb00 sleep=0 local26=0000 ffd1c0=ff80->007944 sleep=0 local26=0000 ffd200=ff80->007d70 sleep=0 local26=0000 ffdfc0=ffc0->00d6d0 sleep=0 local26=0000 ffe000=ff00->0070c2 sleep=0 local26=4c00
[  57.143]   [header-byte] write $ffa517 = 54 mask=00ff (pc=018446)
[  57.444]   [header-byte] write $ffa517 = 54 mask=00ff (pc=018446)
[  57.444] [packet-accepted] total=876 seq=6b flags=10 status=54 pc=01845e
[  57.576]   [header-byte] write $ffa517 = 54 mask=00ff (pc=018446)
[  57.577] [packet-accepted] total=877 seq=6c flags=08 status=54 pc=01845e attack=ffff,8000
[  58.075] heartbeat frame=3480 tx=2983 rx=4531 fc=1 fd=10 fe=1 linkflag=81 pc=00028a a502=00 a524=0000 a525=00 a170=c2 a17f=00 txtail=00a7 rxpend=0000
[  58.075] [transport] captured=2983 flushed=2983 received=4531 accepted=877 payload2=764 payload3=16 payload4=22 payload5=0 pump_reads=4329 bursts=508 txcredit=0 outq=0 inq=0 watchdog=29 txseq=fd rxseq=6d rxcredit=3 protection=00 checks=0000
[  58.075] [epochs] local=1 peer=1 ready=true discarded_rx=0
[  58.075] [tcb-continuations] ffa580=ff80->018392 sleep=0 local26=7710 ffa5c0=ff80->01853c sleep=0 local26=0b00 ffd000=ffc0->00d4b4 sleep=0 local26=0000 ffd040=ffc0->00daca sleep=0 local26=0000 ffd080=ffc0->00504e sleep=0 local26=6500 ffd0c0=ffc0->00c35c sleep=0 local26=0000 ffd100=ff80->006782 sleep=0 local26=0000 ffd140=ffc0->008082 sleep=0 local26=031b ffd180=ffc0->00cad6 sleep=0 local26=0000 ffd1c0=ff80->007944 sleep=0 local26=0001 ffd200=ff80->007d70 sleep=0 local26=0000 ffdfc0=ffc0->00d6d0 sleep=0 local26=0000 ffe000=ff00->0070c2 sleep=0 local26=4c00
[  58.077]   [header-byte] write $ffa517 = 54 mask=00ff (pc=018446)
[  58.578]   [header-byte] write $ffa517 = 54 mask=00ff (pc=018446)
[  58.678]   [header-byte] write $ffa517 = 54 mask=00ff (pc=018446)
[  58.678] [packet-accepted] total=880 seq=6f flags=04 status=54 pc=01845e command=2b arg=22
[  58.698]   [header-byte] write $ffa517 = 54 mask=00ff (pc=018446)
[  58.698] [packet-accepted] total=881 seq=70 flags=10 status=54 pc=01845e
[  59.076] heartbeat frame=3540 tx=2989 rx=4559 fc=1 fd=10 fe=1 linkflag=81 pc=00028a a502=00 a524=0000 a525=00 a170=c2 a17f=00 txtail=00ad rxpend=0000
[  59.076] [transport] captured=2989 flushed=2989 received=4559 accepted=881 payload2=765 payload3=16 payload4=23 payload5=0 pump_reads=4393 bursts=510 txcredit=0 outq=0 inq=0 watchdog=22 txseq=ff rxseq=71 rxcredit=0 protection=00 checks=0000
[  59.076] [epochs] local=1 peer=1 ready=true discarded_rx=0
[  59.076] [tcb-continuations] ffa580=ff80->018392 sleep=0 local26=7710 ffa5c0=ff80->01853c sleep=0 local26=0b00 ffd000=ffc0->00d4b4 sleep=0 local26=0000 ffd040=ffc0->00daca sleep=0 local26=0000 ffd080=ffc0->00504e sleep=0 local26=a100 ffd0c0=ffc0->00c35c sleep=0 local26=0000 ffd100=ff80->006782 sleep=0 local26=0000 ffd140=ffc0->008082 sleep=0 local26=021b ffd180=ffc0->00cb00 sleep=0 local26=0000 ffd1c0=ff80->007944 sleep=0 local26=0001 ffd200=ff80->007d70 sleep=0 local26=0000 ffdfc0=ffc0->00d6d0 sleep=0 local26=0000
[  59.196]   [header-byte] write $ffa517 = 54 mask=00ff (pc=018446)
[  59.245]   [header-byte] write $ffa517 = 54 mask=00ff (pc=018446)
[  59.245] [packet-accepted] total=883 seq=72 flags=10 status=54 pc=01845e
[  59.363]   [header-byte] write $ffa517 = 54 mask=00ff (pc=018446)
[  59.363] [packet-accepted] total=884 seq=73 flags=08 status=54 pc=01845e attack=8000,ffff
[  59.363] [attack-state] address=ffa7f0 data=8080 mask=ff00 pc=018638 protection=00
[  59.363] [attack-state] address=ffa7f8 data=8080 mask=ff00 pc=01863c protection=00
[  59.862]   [header-byte] write $ffa517 = 54 mask=00ff (pc=018446)
[  60.077] heartbeat frame=3600 tx=2995 rx=4589 fc=1 fd=10 fe=1 linkflag=81 pc=000288 a502=00 a524=0000 a525=00 a170=c2 a17f=00 txtail=00b3 rxpend=0000
[  60.077] [transport] captured=2995 flushed=2995 received=4589 accepted=885 payload2=765 payload3=17 payload4=24 payload5=0 pump_reads=4457 bursts=512 txcredit=0 outq=0 inq=0 watchdog=12 txseq=01 rxseq=75 rxcredit=0 protection=00 checks=0000
[  60.077] [epochs] local=1 peer=1 ready=true discarded_rx=0
[  60.077] [tcb-continuations] ffa580=ff80->018392 sleep=0 local26=7710 ffa5c0=ff80->01853c sleep=0 local26=0b00 ffd000=ffc0->00d4b4 sleep=0 local26=0000 ffd040=ffc0->00daca sleep=0 local26=0000 ffd080=ffc0->00504e sleep=0 local26=dd00 ffd0c0=ffc0->00c35c sleep=0 local26=0000 ffd100=ff80->006782 sleep=0 local26=0000 ffd140=ffc0->008082 sleep=0 local26=011b ffd180=ffc0->00cad6 sleep=0 local26=0000 ffd1c0=ff80->007944 sleep=0 local26=0002 ffd200=ff80->007d70 sleep=0 local26=0000 ffdfc0=ffc0->00d6d0 sleep=0 local26=0000 ffe000=ff00->0070c2 sleep=0 local26=2000
[  60.280]   [header-byte] write $ffa517 = 54 mask=00ff (pc=018446)
[  60.280] [packet-accepted] total=886 seq=75 flags=10 status=54 pc=01845e
[  60.301]   [header-byte] write $ffa517 = 54 mask=00ff (pc=018446)
[  60.301] [packet-accepted] total=887 seq=76 flags=10 status=54 pc=01845e
[  60.314]   [header-byte] write $ffa517 = 54 mask=00ff (pc=018446)
[  60.314] [packet-accepted] total=888 seq=77 flags=10 status=54 pc=01845e
[  60.566] [attack-state] address=ffa7e0 data=8080 mask=ff00 pc=0050ce protection=00
[  60.569] [attack-state] address=ffa7e0 data=0000 mask=ff00 pc=00da56 protection=00
[  60.814]   [header-byte] write $ffa517 = 54 mask=00ff (pc=018446)
[  61.079] heartbeat frame=3660 tx=3019 rx=4643 fc=1 fd=10 fe=1 linkflag=81 pc=00028a a502=00 a524=0003 a525=03 a170=c2 a17f=00 txtail=00cb rxpend=0000
[  61.079] [transport] captured=3019 flushed=3019 received=4643 accepted=889 payload2=765 payload3=17 payload4=27 payload5=0 pump_reads=4521 bursts=514 txcredit=0 outq=0 inq=0 watchdog=15 txseq=04 rxseq=79 rxcredit=0 protection=00 checks=0000
[  61.079] [epochs] local=1 peer=1 ready=true discarded_rx=0
[  61.079] [tcb-continuations] ffa580=ff80->018392 sleep=0 local26=7710 ffa5c0=ff80->01853c sleep=0 local26=0000 ffd000=ffc0->00d4b4 sleep=0 local26=0000 ffd040=ffc0->00daca sleep=0 local26=0000 ffd080=ffc0->004f7e sleep=0 local26=0000 ffd0c0=ffc0->00c35c sleep=0 local26=0000 ffd100=ff80->006782 sleep=0 local26=0000 ffd140=ffc0->008082 sleep=0 local26=001b ffd180=ffc0->00cad6 sleep=0 local26=0000 ffd1c0=ff00->007a24 sleep=0 local26=0102 ffd240=ff80->006c06 sleep=0 local26=0001 ffd280=ff80->006b6e sleep=0 local26=0000 ffdfc0=ffc0->00d6d0 sleep=0 local26=0000 ffe000=ff00->0070c2 sleep=0 local26=2000
[  61.315]   [header-byte] write $ffa517 = 54 mask=00ff (pc=018446)
[  61.332]   [header-byte] write $ffa517 = 54 mask=00ff (pc=018446)
[  61.332] [packet-accepted] total=891 seq=7a flags=10 status=54 pc=01845e
[  61.448]   [header-byte] write $ffa517 = 54 mask=00ff (pc=018446)
[  61.448] [packet-accepted] total=892 seq=7b flags=08 status=54 pc=01845e attack=8000,ffff
[  61.949]   [header-byte] write $ffa517 = 54 mask=00ff (pc=018446)
[  62.080] heartbeat frame=3720 tx=3039 rx=4673 fc=1 fd=10 fe=1 linkflag=81 pc=00028a a502=00 a524=0003 a525=03 a170=c2 a17f=00 txtail=00df rxpend=0000
[  62.080] [transport] captured=3039 flushed=3039 received=4673 accepted=893 payload2=765 payload3=18 payload4=28 payload5=0 pump_reads=4585 bursts=516 txcredit=0 outq=0 inq=0 watchdog=7 txseq=06 rxseq=7d rxcredit=0 protection=00 checks=0000
[  62.080] [epochs] local=1 peer=1 ready=true discarded_rx=0
[  62.080] [tcb-continuations] ffa580=ff80->018392 sleep=0 local26=7710 ffa5c0=ff80->01853c sleep=0 local26=0000 ffd000=ffc0->00d4b4 sleep=0 local26=0000 ffd040=ffc0->00daca sleep=0 local26=0000 ffd080=ffc0->00504e sleep=0 local26=1e00 ffd0c0=ffc0->00c35c sleep=0 local26=0000 ffd100=ff80->006782 sleep=0 local26=0000 ffd140=ffc0->008082 sleep=0 local26=00ff ffd180=ffc0->00cb00 sleep=0 local26=0000 ffd1c0=ff80->007944 sleep=0 local26=0000 ffd200=ff80->007d70 sleep=0 local26=0000 ffd280=ff00->007a24 sleep=0 local26=0200 ffdfc0=ffc0->00d6d0 sleep=0 local26=0000 ffe000=ff00->0070c2 sleep=0 local26=2000 ffe040=ff00->0070c2 sleep=0 local26=2b00
[  62.451]   [header-byte] write $ffa517 = 54 mask=00ff (pc=018446)
[  62.950]   [header-byte] write $ffa517 = 54 mask=00ff (pc=018446)
[  63.081] heartbeat frame=3780 tx=3045 rx=4679 fc=1 fd=10 fe=1 linkflag=81 pc=00028a a502=00 a524=0003 a525=03 a170=c2 a17f=00 txtail=00e5 rxpend=0000
[  63.081] [transport] captured=3045 flushed=3045 received=4679 accepted=895 payload2=765 payload3=18 payload4=28 payload5=0 pump_reads=4647 bursts=518 txcredit=0 outq=0 inq=0 watchdog=7 txseq=08 rxseq=7f rxcredit=0 protection=00 checks=0000
[  63.081] [epochs] local=1 peer=1 ready=true discarded_rx=0
[  63.081] [tcb-continuations] ffa580=ff80->018392 sleep=0 local26=7710 ffa5c0=ff80->01853c sleep=0 local26=0000 ffd000=ffc0->00d4b4 sleep=0 local26=0000 ffd040=ffc0->00daca sleep=0 local26=0000 ffd080=ffc0->00504e sleep=0 local26=5a00 ffd0c0=ffc0->00c35c sleep=0 local26=0000 ffd100=ff80->006782 sleep=0 local26=0000 ffd140=ffc0->008082 sleep=0 local26=0308 ffd180=ffc0->00cad6 sleep=0 local26=0000 ffd1c0=ff80->007944 sleep=0 local26=0001 ffd200=ff80->007d70 sleep=0 local26=0000 ffdfc0=ffc0->00d6d0 sleep=0 local26=0000 ffe000=ff00->0070c2 sleep=0 local26=2000 ffe040=ff00->0070c2 sleep=0 local26=2b00
[  63.451]   [header-byte] write $ffa517 = 54 mask=00ff (pc=018446)
[  63.618] [attack-state] address=ffa7e0 data=8080 mask=ff00 pc=0050ce protection=00
[  63.619] [attack-state] address=ffa7e0 data=0000 mask=ff00 pc=00da56 protection=00
[  63.636]   [header-byte] write $ffa517 = 54 mask=00ff (pc=018446)
[  63.636] [packet-accepted] total=897 seq=80 flags=10 status=54 pc=01845e
[  63.768]   [header-byte] write $ffa517 = 54 mask=00ff (pc=018446)
[  63.768] [packet-accepted] total=898 seq=81 flags=08 status=54 pc=01845e attack=8000,ffff
[  64.083] heartbeat frame=3840 tx=3072 rx=4706 fc=1 fd=10 fe=1 linkflag=81 pc=00028a a502=00 a524=0000 a525=00 a170=c2 a17f=00 txtail=0000 rxpend=0000
[  64.083] [transport] captured=3072 flushed=3072 received=4706 accepted=898 payload2=765 payload3=19 payload4=29 payload5=0 pump_reads=4710 bursts=521 txcredit=0 outq=0 inq=0 watchdog=18 txseq=0a rxseq=82 rxcredit=0 protection=00 checks=0000
[  64.083] [epochs] local=1 peer=1 ready=true discarded_rx=0
[  64.083] [tcb-continuations] ffa580=ff80->018392 sleep=0 local26=7710 ffa5c0=ff80->01853c sleep=0 local26=1b00 ffd000=ffc0->00d4b4 sleep=0 local26=0000 ffd040=ffc0->00daca sleep=0 local26=0000 ffd080=ffc0->00504e sleep=0 local26=1600 ffd0c0=ffc0->00c35c sleep=0 local26=0000 ffd100=ff80->006782 sleep=0 local26=0000 ffd140=ffc0->008082 sleep=0 local26=0308 ffd180=ffc0->00cb00 sleep=0 local26=0000 ffd1c0=ff00->007a24 sleep=0 local26=0201 ffd240=ff80->007944 sleep=0 local26=0000 ffd280=ff80->007d70 sleep=0 local26=0000 ffdfc0=ffc0->00d6d0 sleep=0 local26=0000 ffe000=ff00->0070c2 sleep=0 local26=3600 ffe040=ff00->0070c2 sleep=0 local26=2b00
[  64.269]   [header-byte] write $ffa517 = 54 mask=00ff (pc=018446)
[  64.769]   [header-byte] write $ffa517 = 54 mask=00ff (pc=018446)
[  64.769] [packet-accepted] total=900 seq=83 flags=00 status=54 pc=01845e
[  64.969]   [header-byte] write $ffa517 = 54 mask=00ff (pc=018446)
[  64.969] [packet-accepted] total=901 seq=84 flags=10 status=54 pc=01845e
[  65.084] heartbeat frame=3900 tx=3095 rx=4729 fc=1 fd=10 fe=1 linkflag=81 pc=00028a a502=00 a524=0000 a525=00 a170=c2 a17f=00 txtail=0017 rxpend=0000
[  65.084] [transport] captured=3095 flushed=3095 received=4729 accepted=901 payload2=765 payload3=19 payload4=30 payload5=0 pump_reads=4773 bursts=524 txcredit=0 outq=0 inq=0 watchdog=6 txseq=0d rxseq=85 rxcredit=7 protection=00 checks=0000
[  65.084] [epochs] local=1 peer=1 ready=true discarded_rx=0
[  65.084] [tcb-continuations] ffa580=ff80->018392 sleep=0 local26=7710 ffa5c0=ff80->01853c sleep=0 local26=0e00 ffd000=ffc0->00d4b4 sleep=0 local26=0000 ffd040=ffc0->00daca sleep=0 local26=0000 ffd080=ffc0->0050ba sleep=0 local26=0000 ffd0c0=ffc0->00c35c sleep=0 local26=0000 ffd100=ff80->006782 sleep=0 local26=0000 ffd140=ffc0->008082 sleep=0 local26=0208 ffd180=ffc0->00cad6 sleep=0 local26=0000 ffd240=ff00->0079fe sleep=7 local26=0001 ffd280=ff00->0079fe sleep=8 local26=0000 ffdfc0=ffc0->00d6d0 sleep=0 local26=0000 ffe000=ff00->0070c2 sleep=0 local26=3600 ffe040=ff00->0070c2 sleep=0 local26=2b00
[  65.086]   [header-byte] write $ffa517 = 54 mask=00ff (pc=018446)
[  65.086] [packet-accepted] total=902 seq=85 flags=08 status=54 pc=01845e attack=8000,ffff
[  65.086] [attack-state] address=ffa7e0 data=8080 mask=ff00 pc=0050ce protection=00
[  65.088] [attack-state] address=ffa7e0 data=0000 mask=ff00 pc=00da56 protection=00
[  65.170] [game-command] data=3b3b mask=ff00 pc=00c030 requests=00
[  65.255]   [header-byte] write $ffa517 = 54 mask=00ff (pc=018446)
[  65.255] [packet-accepted] total=903 seq=86 flags=04 status=54 pc=01845e command=6b arg=22
[  65.255] [game-command] data=1d1d mask=ff00 pc=00db3c requests=00
[  65.255] [game-command] data=3131 mask=00ff pc=00db50 requests=00
[  65.255]   [menu-state] write $ffa170 = e2e2 mask=ff00 (pc=00dc36)
[  65.255]   [menu-state] write $ffa176 = 0000 mask=ff00 (pc=01afde)
[  65.255]   [header-byte] write $ffa513 = 00 mask=00ff (pc=01afe6)
[  65.255]   [header-byte] write $ffa513 = 10 mask=00ff (pc=01affe)
[  65.255]   [header-byte] write $ffa513 = 14 mask=00ff (pc=01b044)
[  65.277]   [header-byte] write $ffa517 = 14 mask=00ff (pc=018446)
[  65.277] [packet-accepted] total=904 seq=87 flags=04 status=14 pc=01845e command=1d arg=20
[  65.403] [game-command] data=0d0d mask=ff00 pc=00dccc requests=00
[  65.420]   [header-byte] write $ffa517 = 14 mask=00ff (pc=018446)
[  65.420] [packet-accepted] total=905 seq=88 flags=24 status=14 pc=01845e command=0d arg=20
[  65.921]   [header-byte] write $ffa517 = 14 mask=00ff (pc=018446)
[  66.085] heartbeat frame=3960 tx=3137 rx=4771 fc=1 fd=10 fe=1 linkflag=81 pc=00028a a502=00 a524=0000 a525=00 a170=e2 a17f=00 txtail=0041 rxpend=0000
[  66.085] [transport] captured=3137 flushed=3137 received=4771 accepted=906 payload2=768 payload3=20 payload4=30 payload5=1 pump_reads=4838 bursts=529 txcredit=0 outq=0 inq=0 watchdog=9 txseq=12 rxseq=8a rxcredit=0 protection=00 checks=0000
[  66.085] [epochs] local=1 peer=1 ready=true discarded_rx=0
[  66.085] [game-state] a142=04 a13e=04 a13f=0f a530=0d31 a506=0c a507=01 a508=01 a7b0=3822 a7a6=9334 script=01a51a mode=01 rule=01 base=70 margin=6 difficulty=0 preset=0
[  66.085] [tcb-continuations] ffa580=ff80->018392 sleep=0 local26=7710 ffa5c0=ff80->01853c sleep=0 local26=0a00 ffd000=ffc0->00d4b4 sleep=0 local26=0000 ffd040=ffc0->00dd2e sleep=0 local26=0000 ffd080=ffc0->00bdcc sleep=0 local26=0006 ffd0c0=ffc0->00c426 sleep=80 local26=0000 ffd100=ff80->006782 sleep=0 local26=0000 ffd180=ffc0->00cad6 sleep=0 local26=0000 ffd200=ff80->00cec4 sleep=0 local26=0018 ffd2c0=ff80->00cec4 sleep=0 local26=080f ffd300=ff80->00cec4 sleep=0 local26=0807 ffd340=ff80->00cec4 sleep=0 local26=0004 ffd380=ff80->00cec4 sleep=0 local26=0811 ffd3c0=ff80->00cec4 sleep=0 local26=0817 ffd400=ff80->00449a sleep=0 local26=0000 ffdfc0=ffc0->00d6d0 sleep=0 local26=0000 ffe040=ff00->0070c2 sleep=0 local26=2b00
[  66.423]   [header-byte] write $ffa517 = 14 mask=00ff (pc=018446)
[  66.922]   [header-byte] write $ffa517 = 14 mask=00ff (pc=018446)
[  67.086] heartbeat frame=4020 tx=3191 rx=4777 fc=1 fd=10 fe=1 linkflag=81 pc=000288 a502=00 a524=0000 a525=00 a170=e2 a17f=00 txtail=0077 rxpend=0000
[  67.086] [transport] captured=3191 flushed=3191 received=4777 accepted=908 payload2=768 payload3=20 payload4=30 payload5=1 pump_reads=4900 bursts=533 txcredit=0 outq=0 inq=0 watchdog=9 txseq=16 rxseq=8c rxcredit=0 protection=00 checks=0000
[  67.086] [epochs] local=1 peer=1 ready=true discarded_rx=0
[  67.086] [tcb-continuations] ffa580=ff80->018392 sleep=0 local26=7710 ffa5c0=ff80->01853c sleep=0 local26=1000 ffd000=ffc0->00d4b4 sleep=0 local26=0000 ffd040=ffc0->00dde6 sleep=0 local26=0000 ffd080=ffc0->00c426 sleep=112 local26=0000 ffd0c0=ffc0->00c426 sleep=20 local26=0000 ffd100=ffc0->00cd98 sleep=0 local26=0000 ffd140=ffc0->00ca8a sleep=0 local26=000e ffd180=ffc0->00cb00 sleep=0 local26=0000 ffdfc0=ffc0->00d6d0 sleep=0 local26=0000
[  67.422]   [header-byte] write $ffa517 = 14 mask=00ff (pc=018446)
[  67.756] [game-command] data=4c4c mask=ff00 pc=00de98 requests=00
[  67.923]   [header-byte] write $ffa517 = 14 mask=00ff (pc=018446)
[  68.088] heartbeat frame=4080 tx=3199 rx=4783 fc=1 fd=10 fe=1 linkflag=81 pc=000288 a502=00 a524=0000 a525=00 a170=e2 a17f=00 txtail=007f rxpend=0000
[  68.088] [transport] captured=3199 flushed=3199 received=4783 accepted=910 payload2=768 payload3=20 payload4=30 payload5=1 pump_reads=4962 bursts=535 txcredit=0 outq=0 inq=0 watchdog=9 txseq=18 rxseq=8e rxcredit=5 protection=00 checks=0000
[  68.088] [epochs] local=1 peer=1 ready=true discarded_rx=0
[  68.088] [game-state] a142=04 a13e=04 a13f=0f a530=4c31 a506=0c a507=01 a508=01 a7b0=3822 a7a6=9334 script=01a51a mode=01 rule=01 base=70 margin=6 difficulty=0 preset=0
[  68.088] [tcb-continuations] ffa580=ff80->018392 sleep=0 local26=7710 ffa5c0=ff80->01853c sleep=0 local26=1300 ffd000=ffc0->00d4b4 sleep=0 local26=0000 ffd040=ffc0->00dea4 sleep=0 local26=0000 ffd080=ffc0->00c426 sleep=52 local26=0000 ffd0c0=ffc0->00c4c6 sleep=0 local26=0000 ffd100=ffc0->00cd98 sleep=0 local26=0000 ffd140=ffc0->00ca8a sleep=0 local26=0014 ffd180=ffc0->00cad6 sleep=0 local26=0000 ffd1c0=ff80->01510e sleep=0 local26=0000 ffd200=ff80->01510e sleep=0 local26=0000 ffdfc0=ffc0->00d6d0 sleep=0 local26=0000
[  68.090]   [header-byte] write $ffa517 = 14 mask=00ff (pc=018446)
[  68.090] [packet-accepted] total=911 seq=8e flags=04 status=14 pc=01845e command=4c arg=20
[  68.591]   [header-byte] write $ffa517 = 14 mask=00ff (pc=018446)
[  69.089] heartbeat frame=4140 tx=3205 rx=4791 fc=1 fd=10 fe=1 linkflag=81 pc=000288 a502=00 a524=0000 a525=00 a170=e2 a17f=00 txtail=0085 rxpend=0000
[  69.089] [transport] captured=3205 flushed=3205 received=4791 accepted=912 payload2=769 payload3=20 payload4=30 payload5=1 pump_reads=5024 bursts=537 txcredit=0 outq=0 inq=0 watchdog=29 txseq=1a rxseq=90 rxcredit=3 protection=00 checks=0000
[  69.089] [epochs] local=1 peer=1 ready=true discarded_rx=0
[  69.089] [tcb-continuations] ffa580=ff80->018392 sleep=0 local26=7710 ffa5c0=ff80->01853c sleep=0 local26=1300 ffd000=ffc0->00d4b4 sleep=0 local26=0000 ffd040=ffc0->00df7a sleep=0 local26=0000 ffd080=ffc0->00c4c6 sleep=0 local26=0000 ffd0c0=ffc0->00c4c6 sleep=0 local26=0000 ffd100=ffc0->00cd98 sleep=0 local26=0000 ffd180=ffc0->00cb5c sleep=0 local26=0000 ffd1c0=ff80->01510e sleep=0 local26=0000 ffd200=ff80->01510e sleep=0 local26=0000 ffd240=ff80->0086ee sleep=0 local26=0000 ffdfc0=ffc0->00d6d0 sleep=0 local26=0000
[  69.091]   [header-byte] write $ffa517 = 14 mask=00ff (pc=018446)
[  69.592]   [header-byte] write $ffa517 = 14 mask=00ff (pc=018446)
[  70.090] heartbeat frame=4200 tx=3211 rx=4797 fc=1 fd=10 fe=1 linkflag=81 pc=000288 a502=00 a524=0000 a525=00 a170=e2 a17f=00 txtail=008b rxpend=0000
[  70.090] [transport] captured=3211 flushed=3211 received=4797 accepted=914 payload2=769 payload3=20 payload4=30 payload5=1 pump_reads=5086 bursts=539 txcredit=0 outq=0 inq=0 watchdog=29 txseq=1c rxseq=92 rxcredit=3 protection=00 checks=0000
[  70.090] [epochs] local=1 peer=1 ready=true discarded_rx=0
[  70.090] [tcb-continuations] ffa580=ff80->018392 sleep=0 local26=7710 ffa5c0=ff80->01853c sleep=0 local26=1300 ffd000=ffc0->00d4b4 sleep=0 local26=0000 ffd040=ffc0->00df7a sleep=0 local26=0000 ffd080=ffc0->00c4c6 sleep=0 local26=0000 ffd0c0=ffc0->00c4c6 sleep=0 local26=0000 ffd100=ffc0->00cd98 sleep=0 local26=0000 ffd1c0=ff80->01510e sleep=0 local26=0000 ffd200=ff80->01510e sleep=0 local26=0000 ffd240=ff80->0086ee sleep=0 local26=0000 ffdfc0=ffc0->00d6d0 sleep=0 local26=0000
[  70.092]   [header-byte] write $ffa517 = 14 mask=00ff (pc=018446)
[  70.593]   [header-byte] write $ffa517 = 14 mask=00ff (pc=018446)
[  71.092] heartbeat frame=4260 tx=3217 rx=4803 fc=1 fd=10 fe=1 linkflag=81 pc=00028a a502=00 a524=0000 a525=00 a170=e2 a17f=00 txtail=0091 rxpend=0000
[  71.092] [transport] captured=3217 flushed=3217 received=4803 accepted=916 payload2=769 payload3=20 payload4=30 payload5=1 pump_reads=5148 bursts=541 txcredit=0 outq=0 inq=0 watchdog=29 txseq=1e rxseq=94 rxcredit=3 protection=00 checks=0000
[  71.092] [epochs] local=1 peer=1 ready=true discarded_rx=0
[  71.095]   [header-byte] write $ffa517 = 14 mask=00ff (pc=018446)
[  71.595]   [header-byte] write $ffa517 = 14 mask=00ff (pc=018446)
[  72.093] heartbeat frame=4320 tx=3223 rx=4809 fc=1 fd=10 fe=1 linkflag=81 pc=00028a a502=00 a524=0000 a525=00 a170=e2 a17f=00 txtail=0097 rxpend=0000
[  72.093] [transport] captured=3223 flushed=3223 received=4809 accepted=918 payload2=769 payload3=20 payload4=30 payload5=1 pump_reads=5210 bursts=543 txcredit=0 outq=0 inq=0 watchdog=29 txseq=20 rxseq=96 rxcredit=3 protection=00 checks=0000
[  72.093] [epochs] local=1 peer=1 ready=true discarded_rx=0
[  72.095]   [header-byte] write $ffa517 = 14 mask=00ff (pc=018446)
[  72.596]   [header-byte] write $ffa517 = 14 mask=00ff (pc=018446)
[  73.094] heartbeat frame=4380 tx=3229 rx=4815 fc=1 fd=10 fe=1 linkflag=81 pc=000288 a502=00 a524=0000 a525=00 a170=e2 a17f=00 txtail=009d rxpend=0000
[  73.094] [transport] captured=3229 flushed=3229 received=4815 accepted=920 payload2=769 payload3=20 payload4=30 payload5=1 pump_reads=5272 bursts=545 txcredit=0 outq=0 inq=0 watchdog=29 txseq=22 rxseq=98 rxcredit=3 protection=00 checks=0000
[  73.094] [epochs] local=1 peer=1 ready=true discarded_rx=0
[  73.096]   [header-byte] write $ffa517 = 14 mask=00ff (pc=018446)
[  73.597]   [header-byte] write $ffa517 = 14 mask=00ff (pc=018446)
[  74.095] heartbeat frame=4440 tx=3235 rx=4821 fc=1 fd=10 fe=1 linkflag=81 pc=00028a a502=00 a524=0000 a525=00 a170=e2 a17f=00 txtail=00a3 rxpend=0000
[  74.095] [transport] captured=3235 flushed=3235 received=4821 accepted=922 payload2=769 payload3=20 payload4=30 payload5=1 pump_reads=5334 bursts=547 txcredit=0 outq=0 inq=0 watchdog=29 txseq=24 rxseq=9a rxcredit=3 protection=00 checks=0000
[  74.095] [epochs] local=1 peer=1 ready=true discarded_rx=0
[  74.098]   [header-byte] write $ffa517 = 14 mask=00ff (pc=018446)
[  74.598]   [header-byte] write $ffa517 = 14 mask=00ff (pc=018446)
[  75.097] heartbeat frame=4500 tx=3241 rx=4827 fc=1 fd=10 fe=1 linkflag=81 pc=00028a a502=00 a524=0000 a525=00 a170=e2 a17f=00 txtail=00a9 rxpend=0000
[  75.097] [transport] captured=3241 flushed=3241 received=4827 accepted=924 payload2=769 payload3=20 payload4=30 payload5=1 pump_reads=5396 bursts=549 txcredit=0 outq=0 inq=0 watchdog=29 txseq=26 rxseq=9c rxcredit=3 protection=00 checks=0000
[  75.097] [epochs] local=1 peer=1 ready=true discarded_rx=0
[  75.098]   [header-byte] write $ffa517 = 14 mask=00ff (pc=018446)
[  75.601]   [header-byte] write $ffa517 = 14 mask=00ff (pc=018446)
[  75.683]   [header-byte] write $ffa517 = 14 mask=00ff (pc=018446)
[  75.683] [packet-accepted] total=927 seq=9e flags=04 status=14 pc=01845e command=6c arg=20
[  75.683] [game-command] data=6c6c mask=ff00 pc=00e108 requests=00
[  75.900]   [header-byte] write $ffa517 = 14 mask=00ff (pc=018446)
[  75.917]   [header-byte] write $ffa517 = 11 mask=00ff (pc=018446)
[  76.098] heartbeat frame=4560 tx=3249 rx=4844 fc=1 fd=10 fe=1 linkflag=81 pc=00028a a502=00 a524=0000 a525=00 a170=e2 a17f=00 txtail=00b1 rxpend=0000
[  76.098] [transport] captured=3249 flushed=3249 received=4844 accepted=929 payload2=770 payload3=20 payload4=30 payload5=1 pump_reads=5461 bursts=551 txcredit=0 outq=0 inq=0 watchdog=10 txseq=28 rxseq=a1 rxcredit=0 protection=00 checks=0000
[  76.098] [epochs] local=1 peer=1 ready=true discarded_rx=0
[  76.098] [game-state] a142=04 a13e=04 a13f=0f a530=6c31 a506=0c a507=01 a508=01 a7b0=3822 a7a6=9334 script=01a51a mode=01 rule=01 base=70 margin=6 difficulty=0 preset=0
[  76.098] [tcb-continuations] ffa580=ff80->018392 sleep=0 local26=7710 ffa5c0=ff80->01853c sleep=0 local26=1800 ffd000=ffc0->00d4b4 sleep=0 local26=0000 ffd040=ffc0->00e130 sleep=105 local26=0000 ffd100=ffc0->00cd98 sleep=0 local26=0000 ffd1c0=ff80->015138 sleep=0 local26=0000 ffd200=ff80->015138 sleep=0 local26=0000 ffdfc0=ffc0->00d6d0 sleep=0 local26=0000
[  76.417]   [header-byte] write $ffa517 = 11 mask=00ff (pc=018446)
[  76.919]   [header-byte] write $ffa517 = 11 mask=00ff (pc=018446)
[  77.099] heartbeat frame=4620 tx=3255 rx=4850 fc=1 fd=10 fe=1 linkflag=81 pc=000288 a502=00 a524=0000 a525=00 a170=e2 a17f=00 txtail=00b7 rxpend=0000
[  77.099] [transport] captured=3255 flushed=3255 received=4850 accepted=931 payload2=770 payload3=20 payload4=30 payload5=1 pump_reads=5523 bursts=553 txcredit=0 outq=0 inq=0 watchdog=10 txseq=2a rxseq=a3 rxcredit=0 protection=00 checks=0000
[  77.099] [epochs] local=1 peer=1 ready=true discarded_rx=0
[  77.099] [tcb-continuations] ffa580=ff80->018392 sleep=0 local26=7710 ffa5c0=ff80->01853c sleep=0 local26=1800 ffd000=ffc0->00d4b4 sleep=0 local26=0000 ffd040=ffc0->00e130 sleep=45 local26=0000 ffd100=ffc0->00cd98 sleep=0 local26=0000 ffd1c0=ff80->015172 sleep=0 local26=0000 ffd200=ff80->015172 sleep=0 local26=0000 ffdfc0=ffc0->00d6d0 sleep=0 local26=0000
[  77.419]   [header-byte] write $ffa517 = 11 mask=00ff (pc=018446)
[  77.869]   [menu-state] write $ffa170 = 0808 mask=ff00 (pc=018062)
[  77.869]   [menu-state] write $ffa176 = 0000 mask=ff00 (pc=01afde)
[  77.869]   [header-byte] write $ffa513 = 00 mask=00ff (pc=01afe6)
[  77.869]   [header-byte] write $ffa513 = 10 mask=00ff (pc=01affe)
[  77.869]   [header-byte] write $ffa513 = 11 mask=00ff (pc=01b034)
[  77.919]   [header-byte] write $ffa517 = 11 mask=00ff (pc=018446)
[  78.101] heartbeat frame=4680 tx=3264 rx=4856 fc=1 fd=10 fe=1 linkflag=81 pc=00028a a502=00 a524=0000 a525=00 a170=08 a17f=00 txtail=00c0 rxpend=0000
[  78.101] [transport] captured=3264 flushed=3264 received=4856 accepted=933 payload2=770 payload3=20 payload4=30 payload5=1 pump_reads=5585 bursts=556 txcredit=0 outq=0 inq=0 watchdog=10 txseq=2d rxseq=a5 rxcredit=3 protection=00 checks=0000
[  78.101] [epochs] local=1 peer=1 ready=true discarded_rx=0
[  78.101] [game-state] a142=04 a13e=04 a13f=0f a530=6c31 a506=0c a507=00 a508=01 a7b0=3822 a7a6=9334 script=01a5b6 mode=01 rule=01 base=70 margin=6 difficulty=0 preset=0
[  78.101] [tcb-continuations] ffa580=ff80->018392 sleep=0 local26=7710 ffa5c0=ff80->01853c sleep=0 local26=0d00 ffd000=ffc0->00d4b4 sleep=0 local26=0000 ffdfc0=ffc0->00d6d0 sleep=0 local26=0000
[  78.103]   [header-byte] write $ffa517 = 13 mask=00ff (pc=018446)
[  78.870]   [header-byte] write $ffa517 = 13 mask=00ff (pc=018446)
[  79.102] heartbeat frame=4740 tx=3270 rx=4862 fc=1 fd=10 fe=1 linkflag=81 pc=00028a a502=00 a524=0000 a525=00 a170=08 a17f=00 txtail=00c6 rxpend=0000
[  79.102] [transport] captured=3270 flushed=3270 received=4862 accepted=935 payload2=770 payload3=20 payload4=30 payload5=1 pump_reads=5647 bursts=558 txcredit=0 outq=0 inq=0 watchdog=13 txseq=2f rxseq=a7 rxcredit=0 protection=00 checks=0000
[  79.102] [epochs] local=1 peer=1 ready=true discarded_rx=0
[  79.371]   [header-byte] write $ffa517 = 13 mask=00ff (pc=018446)
[  79.872]   [header-byte] write $ffa517 = 13 mask=00ff (pc=018446)
[  80.029]   [menu-state] write $ffa176 = 0000 mask=ff00 (pc=01afde)
[  80.029]   [header-byte] write $ffa513 = 00 mask=00ff (pc=01afe6)
[  80.029]   [header-byte] write $ffa513 = 10 mask=00ff (pc=01affe)
[  80.029]   [header-byte] write $ffa513 = 11 mask=00ff (pc=01b034)
[  80.029]   [menu-state] write $ffa170 = 0909 mask=ff00 (pc=018062)
[  80.029]   [menu-state] write $ffa176 = 0000 mask=ff00 (pc=01afde)
[  80.029]   [header-byte] write $ffa513 = 00 mask=00ff (pc=01afe6)
[  80.029]   [header-byte] write $ffa513 = 10 mask=00ff (pc=01affe)
[  80.029]   [header-byte] write $ffa513 = 11 mask=00ff (pc=01b034)
[  80.103] heartbeat frame=4800 tx=3276 rx=4868 fc=1 fd=10 fe=1 linkflag=81 pc=001eda a502=80 a524=0000 a525=00 a170=09 a17f=00 txtail=00cc rxpend=0000
[  80.103] [transport] captured=3276 flushed=3276 received=4868 accepted=937 payload2=770 payload3=20 payload4=30 payload5=1 pump_reads=5709 bursts=560 txcredit=0 outq=0 inq=0 watchdog=8 txseq=31 rxseq=a9 rxcredit=0 protection=00 checks=0000
[  80.103] [epochs] local=1 peer=1 ready=true discarded_rx=0
[  80.103] [game-state] a142=04 a13e=04 a13f=0f a530=6c31 a506=0c a507=00 a508=01 a7b0=3822 a7a6=9334 script=01f676 mode=01 rule=01 base=70 margin=6 difficulty=0 preset=0
[  80.103] [tcb-continuations] ffa580=ff80->018392 sleep=0 local26=7710 ffa5c0=ff80->01853c sleep=0 local26=0800 ffd100=ffc0->018fba sleep=0 local26=0000
[  80.200]   [menu-state] write $ffa170 = 8888 mask=ff00 (pc=018062)
[  80.200]   [menu-state] write $ffa176 = 0000 mask=ff00 (pc=01afde)
[  80.200]   [header-byte] write $ffa513 = 00 mask=00ff (pc=01afe6)
[  80.200]   [header-byte] write $ffa513 = 10 mask=00ff (pc=01affe)
[  80.200]   [header-byte] write $ffa513 = 11 mask=00ff (pc=01b034)
[  80.200]   [header-byte] write $ffa513 = 15 mask=00ff (pc=01b044)
[  80.219]   [menu-state] write $ffa170 = 0808 mask=ff00 (pc=018062)
[  80.219]   [menu-state] write $ffa176 = 0000 mask=ff00 (pc=01afde)
[  80.219]   [header-byte] write $ffa513 = 00 mask=00ff (pc=01afe6)
[  80.219]   [header-byte] write $ffa513 = 10 mask=00ff (pc=01affe)
[  80.219]   [header-byte] write $ffa513 = 11 mask=00ff (pc=01b034)
[  80.219] [game-command] data=0303 mask=ff00 pc=0188d8 requests=80
[  80.248]   [header-byte] write $ffa513 = 13 mask=00ff (pc=0189b4)
[  80.248]   [menu-state] write $ffa17f = 0000 mask=00ff (pc=0189c2)
[  80.321]   [header-byte] write $ffa517 = 13 mask=00ff (pc=018446)
[  80.321] [packet-accepted] total=938 seq=a9 flags=04 status=13 pc=01845e command=13 arg=20
[  80.349]   [header-byte] write $ffa517 = 13 mask=00ff (pc=018446)
[  80.349] [packet-accepted] total=939 seq=aa flags=04 status=13 pc=01845e command=13 arg=20
[  80.354]   [header-byte] write $ffa517 = 13 mask=00ff (pc=018446)
[  80.354] [packet-accepted] total=940 seq=ab flags=04 status=13 pc=01845e command=13 arg=20
[  80.371]   [header-byte] write $ffa517 = 13 mask=00ff (pc=018446)
[  80.371] [packet-accepted] total=941 seq=ac flags=04 status=13 pc=01845e command=13 arg=20
[  80.388]   [header-byte] write $ffa517 = 13 mask=00ff (pc=018446)
[  80.388] [packet-accepted] total=942 seq=ad flags=04 status=13 pc=01845e command=13 arg=20
[  80.428]   [header-byte] write $ffa517 = 13 mask=00ff (pc=018446)
[  80.428] [packet-accepted] total=943 seq=ae flags=04 status=13 pc=01845e command=13 arg=20
[  80.428]   [header-byte] write $ffa517 = 13 mask=00ff (pc=018446)
[  80.428] [packet-accepted] total=944 seq=af flags=04 status=13 pc=01845e command=13 arg=20
[  80.438]   [header-byte] write $ffa517 = 13 mask=00ff (pc=018446)
[  80.438] [packet-accepted] total=945 seq=b0 flags=04 status=13 pc=01845e command=13 arg=20
[  80.454]   [header-byte] write $ffa517 = 13 mask=00ff (pc=018446)
[  80.454] [packet-accepted] total=946 seq=b1 flags=04 status=13 pc=01845e command=13 arg=20
[  80.471]   [header-byte] write $ffa517 = 13 mask=00ff (pc=018446)
[  80.471] [packet-accepted] total=947 seq=b2 flags=04 status=13 pc=01845e command=13 arg=20
[  80.500]   [header-byte] write $ffa517 = 13 mask=00ff (pc=018446)
[  80.500] [packet-accepted] total=948 seq=b3 flags=04 status=13 pc=01845e command=13 arg=20
[  80.505]   [header-byte] write $ffa517 = 13 mask=00ff (pc=018446)
[  80.505] [packet-accepted] total=949 seq=b4 flags=04 status=13 pc=01845e command=13 arg=20
[  80.521]   [header-byte] write $ffa517 = 13 mask=00ff (pc=018446)
[  80.521] [packet-accepted] total=950 seq=b5 flags=04 status=13 pc=01845e command=13 arg=20
[  80.538]   [header-byte] write $ffa517 = 13 mask=00ff (pc=018446)
[  80.538] [packet-accepted] total=951 seq=b6 flags=04 status=13 pc=01845e command=13 arg=20
[  80.579]   [header-byte] write $ffa517 = 13 mask=00ff (pc=018446)
[  80.579] [packet-accepted] total=952 seq=b7 flags=04 status=13 pc=01845e command=13 arg=20
[  80.579]   [header-byte] write $ffa517 = 13 mask=00ff (pc=018446)
[  80.579] [packet-accepted] total=953 seq=b8 flags=04 status=13 pc=01845e command=13 arg=20
[  80.588]   [header-byte] write $ffa517 = 13 mask=00ff (pc=018446)
[  80.588] [packet-accepted] total=954 seq=b9 flags=04 status=13 pc=01845e command=13 arg=20
[  80.605]   [header-byte] write $ffa517 = 13 mask=00ff (pc=018446)
[  80.605] [packet-accepted] total=955 seq=ba flags=04 status=13 pc=01845e command=13 arg=20
[  80.621]   [header-byte] write $ffa517 = 13 mask=00ff (pc=018446)
[  80.621] [packet-accepted] total=956 seq=bb flags=04 status=13 pc=01845e command=13 arg=20
[  80.799]   [header-byte] write $ffa517 = 13 mask=00ff (pc=018446)
[  80.799] [packet-accepted] total=957 seq=bc flags=04 status=13 pc=01845e command=13 arg=20
[  80.799]   [header-byte] write $ffa517 = 13 mask=00ff (pc=018446)
[  80.799] [packet-accepted] total=958 seq=bd flags=04 status=13 pc=01845e command=13 arg=20
[  80.799]   [header-byte] write $ffa517 = 13 mask=00ff (pc=018446)
[  80.799] [packet-accepted] total=959 seq=be flags=04 status=13 pc=01845e command=13 arg=20
[  80.799]   [header-byte] write $ffa517 = 13 mask=00ff (pc=018446)
[  80.799] [packet-accepted] total=960 seq=bf flags=04 status=13 pc=01845e command=13 arg=20
[  80.799]   [header-byte] write $ffa517 = 13 mask=00ff (pc=018446)
[  80.799] [packet-accepted] total=961 seq=c0 flags=04 status=13 pc=01845e command=13 arg=20
[  80.799]   [header-byte] write $ffa517 = 13 mask=00ff (pc=018446)
[  80.799] [packet-accepted] total=962 seq=c1 flags=04 status=13 pc=01845e command=13 arg=20
[  80.800]   [header-byte] write $ffa517 = 13 mask=00ff (pc=018446)
[  80.800] [packet-accepted] total=963 seq=c2 flags=04 status=13 pc=01845e command=13 arg=20
[  80.800]   [header-byte] write $ffa517 = 13 mask=00ff (pc=018446)
[  80.800] [packet-accepted] total=964 seq=c3 flags=04 status=13 pc=01845e command=13 arg=20
[  80.800]   [header-byte] write $ffa517 = 13 mask=00ff (pc=018446)
[  80.800] [packet-accepted] total=965 seq=c4 flags=04 status=13 pc=01845e command=13 arg=20
[  80.800]   [header-byte] write $ffa517 = 13 mask=00ff (pc=018446)
[  80.800] [packet-accepted] total=966 seq=c5 flags=04 status=13 pc=01845e command=13 arg=20
[  80.805]   [header-byte] write $ffa517 = 13 mask=00ff (pc=018446)
[  80.805] [packet-accepted] total=967 seq=c6 flags=04 status=13 pc=01845e command=13 arg=20
[  80.822]   [header-byte] write $ffa517 = 13 mask=00ff (pc=018446)
[  80.822] [packet-accepted] total=968 seq=c7 flags=04 status=13 pc=01845e command=13 arg=20
[  80.838]   [header-byte] write $ffa517 = 13 mask=00ff (pc=018446)
[  80.838] [packet-accepted] total=969 seq=c8 flags=04 status=13 pc=01845e command=13 arg=20
[  80.855]   [header-byte] write $ffa517 = 13 mask=00ff (pc=018446)
[  80.855] [packet-accepted] total=970 seq=c9 flags=04 status=13 pc=01845e command=13 arg=20
[  80.880]   [header-byte] write $ffa517 = 13 mask=00ff (pc=018446)
[  80.880] [packet-accepted] total=971 seq=ca flags=04 status=13 pc=01845e command=13 arg=20
[  80.896]   [header-byte] write $ffa517 = 13 mask=00ff (pc=018446)
[  80.896] [packet-accepted] total=972 seq=cb flags=04 status=13 pc=01845e command=13 arg=20
[  80.907]   [header-byte] write $ffa517 = 13 mask=00ff (pc=018446)
[  80.907] [packet-accepted] total=973 seq=cc flags=04 status=13 pc=01845e command=13 arg=20
[  80.923]   [header-byte] write $ffa517 = 13 mask=00ff (pc=018446)
[  80.923] [packet-accepted] total=974 seq=cd flags=04 status=13 pc=01845e command=13 arg=20
[  80.940]   [header-byte] write $ffa517 = 13 mask=00ff (pc=018446)
[  80.940] [packet-accepted] total=975 seq=ce flags=04 status=13 pc=01845e command=13 arg=20
[  80.957]   [header-byte] write $ffa517 = 13 mask=00ff (pc=018446)
[  80.957] [packet-accepted] total=976 seq=cf flags=04 status=13 pc=01845e command=13 arg=20
[  80.973]   [header-byte] write $ffa517 = 13 mask=00ff (pc=018446)
[  80.973] [packet-accepted] total=977 seq=d0 flags=04 status=13 pc=01845e command=13 arg=20
[  80.990]   [header-byte] write $ffa517 = 13 mask=00ff (pc=018446)
[  80.990] [packet-accepted] total=978 seq=d1 flags=04 status=13 pc=01845e command=13 arg=20
[  81.007]   [header-byte] write $ffa517 = 13 mask=00ff (pc=018446)
[  81.007] [packet-accepted] total=979 seq=d2 flags=04 status=13 pc=01845e command=13 arg=20
[  81.023]   [header-byte] write $ffa517 = 13 mask=00ff (pc=018446)
[  81.023] [packet-accepted] total=980 seq=d3 flags=04 status=13 pc=01845e command=13 arg=20
[  81.042]   [header-byte] write $ffa517 = 13 mask=00ff (pc=018446)
[  81.042] [packet-accepted] total=981 seq=d4 flags=04 status=13 pc=01845e command=13 arg=20
[  81.057]   [header-byte] write $ffa517 = 13 mask=00ff (pc=018446)
[  81.057] [packet-accepted] total=982 seq=d5 flags=04 status=13 pc=01845e command=13 arg=20
[  81.074]   [header-byte] write $ffa517 = 13 mask=00ff (pc=018446)
[  81.074] [packet-accepted] total=983 seq=d6 flags=04 status=13 pc=01845e command=13 arg=20
[  81.090]   [header-byte] write $ffa517 = 13 mask=00ff (pc=018446)
[  81.090] [packet-accepted] total=984 seq=d7 flags=04 status=13 pc=01845e command=13 arg=20
[  81.104] heartbeat frame=4860 tx=3345 rx=5103 fc=1 fd=10 fe=1 linkflag=81 pc=000288 a502=00 a524=0005 a525=05 a170=08 a17f=00 txtail=0011 rxpend=0000
[  81.104] [transport] captured=3345 flushed=3345 received=5103 accepted=984 payload2=817 payload3=20 payload4=30 payload5=1 pump_reads=5816 bursts=575 txcredit=0 outq=0 inq=0 watchdog=0 txseq=41 rxseq=d8 rxcredit=5 protection=00 checks=0000
[  81.104] [epochs] local=1 peer=1 ready=true discarded_rx=0
[  81.104] [game-state] a142=04 a13e=00 a13f=00 a530=0331 a506=03 a507=00 a508=01 a7b0=3822 a7a6=1320 script=01a39e mode=01 rule=01 base=70 margin=6 difficulty=0 preset=0
[  81.104] [tcb-continuations] ffa580=ff80->018392 sleep=0 local26=7710 ffa5c0=ff80->01853c sleep=0 local26=0000 ffd040=ff80->018a40 sleep=0 local26=0300 ffd080=ff80->018ee4 sleep=0 local26=0000 ffd0c0=ff80->018ee4 sleep=0 local26=0000 ffd100=ff80->01fbb4 sleep=0 local26=0000 ffd140=ff80->01fbb6 sleep=0 local26=0002 ffd180=ff80->01fbb6 sleep=0 local26=00a2 ffd1c0=ff80->01fbb6 sleep=0 local26=01c2 ffd200=ff80->01fbb6 sleep=0 local26=02e2 ffd240=ff80->01902e sleep=0 local26=0000 ffd280=ff80->01ffe2 sleep=0 local26=0000 ffd2c0=ff80->020004 sleep=0 local26=0002 ffd300=ff80->020004 sleep=0 local26=0000 ffd340=ff80->01febe sleep=0 local26=0000 ffd380=ff80->01fedc sleep=0 local26=0000 ffd3c0=ff80->01febe sleep=0 local26=0000 ffd400=ff80->01fedc sleep=0 local26=0000
[  81.107]   [header-byte] write $ffa517 = 13 mask=00ff (pc=018446)
[  81.107] [packet-accepted] total=985 seq=d8 flags=04 status=13 pc=01845e command=13 arg=20
[  81.124]   [header-byte] write $ffa517 = 13 mask=00ff (pc=018446)
[  81.124] [packet-accepted] total=986 seq=d9 flags=04 status=13 pc=01845e command=13 arg=20
[  81.140]   [header-byte] write $ffa517 = 13 mask=00ff (pc=018446)
[  81.140] [packet-accepted] total=987 seq=da flags=04 status=13 pc=01845e command=13 arg=20
[  81.157]   [header-byte] write $ffa517 = 13 mask=00ff (pc=018446)
[  81.157] [packet-accepted] total=988 seq=db flags=04 status=13 pc=01845e command=13 arg=20
[  81.174]   [header-byte] write $ffa517 = 13 mask=00ff (pc=018446)
[  81.174] [packet-accepted] total=989 seq=dc flags=04 status=13 pc=01845e command=13 arg=20
[  81.192]   [header-byte] write $ffa517 = 13 mask=00ff (pc=018446)
[  81.192] [packet-accepted] total=990 seq=dd flags=04 status=13 pc=01845e command=13 arg=20
[  81.207]   [header-byte] write $ffa517 = 13 mask=00ff (pc=018446)
[  81.207] [packet-accepted] total=991 seq=de flags=04 status=13 pc=01845e command=13 arg=20
[  81.224]   [header-byte] write $ffa517 = 13 mask=00ff (pc=018446)
[  81.224] [packet-accepted] total=992 seq=df flags=04 status=13 pc=01845e command=13 arg=20
[  81.240]   [header-byte] write $ffa517 = 13 mask=00ff (pc=018446)
[  81.240] [packet-accepted] total=993 seq=e0 flags=04 status=13 pc=01845e command=13 arg=20
[  81.257]   [header-byte] write $ffa517 = 13 mask=00ff (pc=018446)
[  81.257] [packet-accepted] total=994 seq=e1 flags=04 status=13 pc=01845e command=13 arg=20
[  81.274]   [header-byte] write $ffa517 = 13 mask=00ff (pc=018446)
[  81.274] [packet-accepted] total=995 seq=e2 flags=04 status=13 pc=01845e command=13 arg=20
[  81.290]   [header-byte] write $ffa517 = 13 mask=00ff (pc=018446)
[  81.290] [packet-accepted] total=996 seq=e3 flags=04 status=13 pc=01845e command=13 arg=20
[  81.307]   [header-byte] write $ffa517 = 13 mask=00ff (pc=018446)
[  81.307] [packet-accepted] total=997 seq=e4 flags=04 status=13 pc=01845e command=13 arg=20
[  81.324]   [header-byte] write $ffa517 = 13 mask=00ff (pc=018446)
[  81.324] [packet-accepted] total=998 seq=e5 flags=04 status=13 pc=01845e command=13 arg=20
[  81.341]   [header-byte] write $ffa517 = 13 mask=00ff (pc=018446)
[  81.341] [packet-accepted] total=999 seq=e6 flags=04 status=13 pc=01845e command=13 arg=20
[  81.359]   [header-byte] write $ffa517 = 13 mask=00ff (pc=018446)
[  81.359] [packet-accepted] total=1000 seq=e7 flags=04 status=13 pc=01845e command=13 arg=20
[  81.374]   [header-byte] write $ffa517 = 13 mask=00ff (pc=018446)
[  81.374] [packet-accepted] total=1001 seq=e8 flags=04 status=13 pc=01845e command=13 arg=20
[  81.391]   [header-byte] write $ffa517 = 13 mask=00ff (pc=018446)
[  81.391] [packet-accepted] total=1002 seq=e9 flags=04 status=13 pc=01845e command=13 arg=20
[  81.407]   [header-byte] write $ffa517 = 13 mask=00ff (pc=018446)
[  81.407] [packet-accepted] total=1003 seq=ea flags=04 status=13 pc=01845e command=13 arg=20
[  81.424]   [header-byte] write $ffa517 = 13 mask=00ff (pc=018446)
[  81.424] [packet-accepted] total=1004 seq=eb flags=04 status=13 pc=01845e command=13 arg=20
[  81.441]   [header-byte] write $ffa517 = 13 mask=00ff (pc=018446)
[  81.441] [packet-accepted] total=1005 seq=ec flags=04 status=13 pc=01845e command=13 arg=20
[  81.457]   [header-byte] write $ffa517 = 13 mask=00ff (pc=018446)
[  81.457] [packet-accepted] total=1006 seq=ed flags=04 status=13 pc=01845e command=13 arg=20
[  81.474]   [header-byte] write $ffa517 = 13 mask=00ff (pc=018446)
[  81.474] [packet-accepted] total=1007 seq=ee flags=04 status=13 pc=01845e command=13 arg=20
[  81.491]   [header-byte] write $ffa517 = 13 mask=00ff (pc=018446)
[  81.491] [packet-accepted] total=1008 seq=ef flags=04 status=13 pc=01845e command=13 arg=20
[  81.508]   [header-byte] write $ffa517 = 13 mask=00ff (pc=018446)
[  81.508] [packet-accepted] total=1009 seq=f0 flags=04 status=13 pc=01845e command=13 arg=20
[  81.524]   [header-byte] write $ffa517 = 13 mask=00ff (pc=018446)
[  81.524] [packet-accepted] total=1010 seq=f1 flags=04 status=13 pc=01845e command=13 arg=20
[  81.541]   [header-byte] write $ffa517 = 13 mask=00ff (pc=018446)
[  81.541] [packet-accepted] total=1011 seq=f2 flags=04 status=13 pc=01845e command=13 arg=20
[  81.558]   [header-byte] write $ffa517 = 13 mask=00ff (pc=018446)
[  81.558] [packet-accepted] total=1012 seq=f3 flags=04 status=13 pc=01845e command=13 arg=20
[  81.574]   [header-byte] write $ffa517 = 13 mask=00ff (pc=018446)
[  81.574] [packet-accepted] total=1013 seq=f4 flags=04 status=13 pc=01845e command=13 arg=20
[  81.591]   [header-byte] write $ffa517 = 13 mask=00ff (pc=018446)
[  81.591] [packet-accepted] total=1014 seq=f5 flags=04 status=13 pc=01845e command=13 arg=20
[  81.608]   [header-byte] write $ffa517 = 13 mask=00ff (pc=018446)
[  81.608] [packet-accepted] total=1015 seq=f6 flags=04 status=13 pc=01845e command=13 arg=20
[  81.624]   [header-byte] write $ffa517 = 13 mask=00ff (pc=018446)
[  81.624] [packet-accepted] total=1016 seq=f7 flags=04 status=13 pc=01845e command=13 arg=20
[  81.641]   [header-byte] write $ffa517 = 13 mask=00ff (pc=018446)
[  81.641] [packet-accepted] total=1017 seq=f8 flags=04 status=13 pc=01845e command=13 arg=20
[  81.658]   [header-byte] write $ffa517 = 13 mask=00ff (pc=018446)
[  81.658] [packet-accepted] total=1018 seq=f9 flags=04 status=13 pc=01845e command=13 arg=20
[  81.676]   [header-byte] write $ffa517 = 13 mask=00ff (pc=018446)
[  81.676] [packet-accepted] total=1019 seq=fa flags=04 status=13 pc=01845e command=13 arg=20
[  81.691]   [header-byte] write $ffa517 = 13 mask=00ff (pc=018446)
[  81.691] [packet-accepted] total=1020 seq=fb flags=04 status=13 pc=01845e command=13 arg=20
[  81.708]   [header-byte] write $ffa517 = 13 mask=00ff (pc=018446)
[  81.708] [packet-accepted] total=1021 seq=fc flags=04 status=13 pc=01845e command=13 arg=20
[  81.724]   [header-byte] write $ffa517 = 13 mask=00ff (pc=018446)
[  81.724] [packet-accepted] total=1022 seq=fd flags=04 status=13 pc=01845e command=13 arg=20
[  81.741]   [header-byte] write $ffa517 = 13 mask=00ff (pc=018446)
[  81.741] [packet-accepted] total=1023 seq=fe flags=04 status=13 pc=01845e command=13 arg=20
[  81.758]   [header-byte] write $ffa517 = 13 mask=00ff (pc=018446)
[  81.758] [packet-accepted] total=1024 seq=ff flags=04 status=13 pc=01845e command=13 arg=20
[  81.774]   [header-byte] write $ffa517 = 13 mask=00ff (pc=018446)
[  81.774] [packet-accepted] total=1025 seq=00 flags=04 status=13 pc=01845e command=13 arg=20
[  81.791]   [header-byte] write $ffa517 = 13 mask=00ff (pc=018446)
[  81.791] [packet-accepted] total=1026 seq=01 flags=04 status=13 pc=01845e command=13 arg=20
[  81.808]   [header-byte] write $ffa517 = 13 mask=00ff (pc=018446)
[  81.808] [packet-accepted] total=1027 seq=02 flags=04 status=13 pc=01845e command=13 arg=20
[  81.826]   [header-byte] write $ffa517 = 13 mask=00ff (pc=018446)
[  81.826] [packet-accepted] total=1028 seq=03 flags=04 status=13 pc=01845e command=13 arg=20
[  81.841]   [header-byte] write $ffa517 = 13 mask=00ff (pc=018446)
[  81.841] [packet-accepted] total=1029 seq=04 flags=04 status=13 pc=01845e command=13 arg=20
[  81.858]   [header-byte] write $ffa517 = 13 mask=00ff (pc=018446)
[  81.858] [packet-accepted] total=1030 seq=05 flags=04 status=13 pc=01845e command=13 arg=20
[  81.874]   [header-byte] write $ffa517 = 13 mask=00ff (pc=018446)
[  81.874] [packet-accepted] total=1031 seq=06 flags=04 status=13 pc=01845e command=13 arg=20
[  81.891]   [header-byte] write $ffa517 = 13 mask=00ff (pc=018446)
[  81.891] [packet-accepted] total=1032 seq=07 flags=04 status=13 pc=01845e command=13 arg=20
[  81.908]   [header-byte] write $ffa517 = 13 mask=00ff (pc=018446)
[  81.908] [packet-accepted] total=1033 seq=08 flags=04 status=13 pc=01845e command=13 arg=20
[  81.924]   [header-byte] write $ffa517 = 13 mask=00ff (pc=018446)
[  81.924] [packet-accepted] total=1034 seq=09 flags=04 status=13 pc=01845e command=13 arg=20
[  81.941]   [header-byte] write $ffa517 = 13 mask=00ff (pc=018446)
[  81.941] [packet-accepted] total=1035 seq=0a flags=04 status=13 pc=01845e command=13 arg=20
[  81.958]   [header-byte] write $ffa517 = 13 mask=00ff (pc=018446)
[  81.958] [packet-accepted] total=1036 seq=0b flags=04 status=13 pc=01845e command=13 arg=20
[  81.974]   [header-byte] write $ffa517 = 13 mask=00ff (pc=018446)
[  81.974] [packet-accepted] total=1037 seq=0c flags=04 status=13 pc=01845e command=13 arg=20
[  81.991]   [header-byte] write $ffa517 = 13 mask=00ff (pc=018446)
[  81.991] [packet-accepted] total=1038 seq=0d flags=04 status=13 pc=01845e command=13 arg=20
[  82.008]   [header-byte] write $ffa517 = 13 mask=00ff (pc=018446)
[  82.008] [packet-accepted] total=1039 seq=0e flags=04 status=13 pc=01845e command=13 arg=20
[  82.024]   [header-byte] write $ffa517 = 13 mask=00ff (pc=018446)
[  82.024] [packet-accepted] total=1040 seq=0f flags=04 status=13 pc=01845e command=13 arg=20
[  82.041]   [header-byte] write $ffa517 = 13 mask=00ff (pc=018446)
[  82.041] [packet-accepted] total=1041 seq=10 flags=04 status=13 pc=01845e command=13 arg=20
[  82.058]   [header-byte] write $ffa517 = 13 mask=00ff (pc=018446)
[  82.058] [packet-accepted] total=1042 seq=11 flags=04 status=13 pc=01845e command=13 arg=20
[  82.074]   [header-byte] write $ffa517 = 13 mask=00ff (pc=018446)
[  82.074] [packet-accepted] total=1043 seq=12 flags=04 status=13 pc=01845e command=13 arg=20
[  82.091]   [header-byte] write $ffa517 = 13 mask=00ff (pc=018446)
[  82.091] [packet-accepted] total=1044 seq=13 flags=04 status=13 pc=01845e command=13 arg=20
[  82.106] heartbeat frame=4920 tx=3645 rx=5403 fc=1 fd=10 fe=1 linkflag=81 pc=000288 a502=00 a524=0005 a525=05 a170=08 a17f=00 txtail=003d rxpend=0000
[  82.106] [transport] captured=3645 flushed=3645 received=5403 accepted=1044 payload2=877 payload3=20 payload4=30 payload5=1 pump_reads=5936 bursts=635 txcredit=0 outq=0 inq=0 watchdog=0 txseq=7d rxseq=14 rxcredit=5 protection=00 checks=0000
[  82.106] [epochs] local=1 peer=1 ready=true discarded_rx=0
[  82.106] [tcb-continuations] ffa580=ff80->018392 sleep=0 local26=7710 ffa5c0=ff80->01853c sleep=0 local26=0000 ffd040=ff80->018a40 sleep=0 local26=0300 ffd080=ff80->018ee4 sleep=0 local26=0000 ffd0c0=ff80->018ee4 sleep=0 local26=0000 ffd100=ff80->01fbb4 sleep=0 local26=0000 ffd140=ff80->01fbb6 sleep=0 local26=0002 ffd180=ff80->01fbb6 sleep=0 local26=00a2 ffd1c0=ff80->01fbb6 sleep=0 local26=01c2 ffd200=ff80->01fbb6 sleep=0 local26=02e2 ffd240=ff80->01902e sleep=0 local26=0000 ffd280=ff80->01ffe2 sleep=0 local26=0009 ffd2c0=ff80->020004 sleep=0 local26=0002 ffd300=ff80->020004 sleep=0 local26=0000 ffd340=ff80->01febe sleep=0 local26=0000 ffd380=ff80->01fedc sleep=0 local26=0000 ffd3c0=ff80->01febe sleep=0 local26=0000 ffd400=ff80->01fedc sleep=0 local26=0000
[  82.108]   [header-byte] write $ffa517 = 13 mask=00ff (pc=018446)
[  82.108] [packet-accepted] total=1045 seq=14 flags=04 status=13 pc=01845e command=13 arg=20
[  82.124]   [header-byte] write $ffa517 = 13 mask=00ff (pc=018446)
[  82.124] [packet-accepted] total=1046 seq=15 flags=04 status=13 pc=01845e command=13 arg=20
[  82.143]   [header-byte] write $ffa517 = 13 mask=00ff (pc=018446)
[  82.143] [packet-accepted] total=1047 seq=16 flags=04 status=13 pc=01845e command=13 arg=20
[  82.158]   [header-byte] write $ffa517 = 13 mask=00ff (pc=018446)
[  82.158] [packet-accepted] total=1048 seq=17 flags=04 status=13 pc=01845e command=13 arg=20
[  82.175]   [header-byte] write $ffa517 = 13 mask=00ff (pc=018446)
[  82.175] [packet-accepted] total=1049 seq=18 flags=04 status=13 pc=01845e command=13 arg=20
[  82.192]   [header-byte] write $ffa517 = 13 mask=00ff (pc=018446)
[  82.192] [packet-accepted] total=1050 seq=19 flags=04 status=13 pc=01845e command=13 arg=20
[  82.208]   [header-byte] write $ffa517 = 13 mask=00ff (pc=018446)
[  82.208] [packet-accepted] total=1051 seq=1a flags=04 status=13 pc=01845e command=13 arg=20
[  82.225]   [header-byte] write $ffa517 = 13 mask=00ff (pc=018446)
[  82.225] [packet-accepted] total=1052 seq=1b flags=04 status=13 pc=01845e command=13 arg=20
[  82.242]   [header-byte] write $ffa517 = 13 mask=00ff (pc=018446)
[  82.242] [packet-accepted] total=1053 seq=1c flags=04 status=13 pc=01845e command=13 arg=20
[  82.258]   [header-byte] write $ffa517 = 13 mask=00ff (pc=018446)
[  82.258] [packet-accepted] total=1054 seq=1d flags=04 status=13 pc=01845e command=13 arg=20
[  82.275]   [header-byte] write $ffa517 = 13 mask=00ff (pc=018446)
[  82.275] [packet-accepted] total=1055 seq=1e flags=04 status=13 pc=01845e command=13 arg=20
[  82.292]   [header-byte] write $ffa517 = 13 mask=00ff (pc=018446)
[  82.292] [packet-accepted] total=1056 seq=1f flags=04 status=13 pc=01845e command=13 arg=20
[  82.310]   [header-byte] write $ffa517 = 13 mask=00ff (pc=018446)
[  82.310] [packet-accepted] total=1057 seq=20 flags=04 status=13 pc=01845e command=13 arg=20
[  82.325]   [header-byte] write $ffa517 = 13 mask=00ff (pc=018446)
[  82.325] [packet-accepted] total=1058 seq=21 flags=04 status=13 pc=01845e command=13 arg=20
[  82.342]   [header-byte] write $ffa517 = 13 mask=00ff (pc=018446)
[  82.342] [packet-accepted] total=1059 seq=22 flags=04 status=13 pc=01845e command=13 arg=20
[  82.358]   [header-byte] write $ffa517 = 13 mask=00ff (pc=018446)
[  82.358] [packet-accepted] total=1060 seq=23 flags=04 status=13 pc=01845e command=13 arg=20
[  82.375]   [header-byte] write $ffa517 = 13 mask=00ff (pc=018446)
[  82.375] [packet-accepted] total=1061 seq=24 flags=04 status=13 pc=01845e command=13 arg=20
[  82.392]   [header-byte] write $ffa517 = 13 mask=00ff (pc=018446)
[  82.392] [packet-accepted] total=1062 seq=25 flags=04 status=13 pc=01845e command=13 arg=20
[  82.408]   [header-byte] write $ffa517 = 13 mask=00ff (pc=018446)
[  82.408] [packet-accepted] total=1063 seq=26 flags=04 status=13 pc=01845e command=13 arg=20
[  82.425]   [header-byte] write $ffa517 = 13 mask=00ff (pc=018446)
[  82.425] [packet-accepted] total=1064 seq=27 flags=04 status=13 pc=01845e command=13 arg=20
[  82.442]   [header-byte] write $ffa517 = 13 mask=00ff (pc=018446)
[  82.442] [packet-accepted] total=1065 seq=28 flags=04 status=13 pc=01845e command=13 arg=20
[  82.459]   [header-byte] write $ffa517 = 13 mask=00ff (pc=018446)
[  82.459] [packet-accepted] total=1066 seq=29 flags=04 status=13 pc=01845e command=13 arg=20
[  82.475]   [header-byte] write $ffa517 = 13 mask=00ff (pc=018446)
[  82.475] [packet-accepted] total=1067 seq=2a flags=04 status=13 pc=01845e command=13 arg=20
[  82.492]   [header-byte] write $ffa517 = 13 mask=00ff (pc=018446)
[  82.492] [packet-accepted] total=1068 seq=2b flags=04 status=13 pc=01845e command=13 arg=20
[  82.508]   [header-byte] write $ffa517 = 13 mask=00ff (pc=018446)
[  82.508] [packet-accepted] total=1069 seq=2c flags=04 status=13 pc=01845e command=13 arg=20
[  82.525]   [header-byte] write $ffa517 = 13 mask=00ff (pc=018446)
[  82.525] [packet-accepted] total=1070 seq=2d flags=04 status=13 pc=01845e command=13 arg=20
[  82.542]   [header-byte] write $ffa517 = 13 mask=00ff (pc=018446)
[  82.542] [packet-accepted] total=1071 seq=2e flags=04 status=13 pc=01845e command=13 arg=20
[  82.558]   [header-byte] write $ffa517 = 13 mask=00ff (pc=018446)
[  82.558] [packet-accepted] total=1072 seq=2f flags=04 status=13 pc=01845e command=13 arg=20
[  82.575]   [header-byte] write $ffa517 = 13 mask=00ff (pc=018446)
[  82.575] [packet-accepted] total=1073 seq=30 flags=04 status=13 pc=01845e command=13 arg=20
[  82.592]   [header-byte] write $ffa517 = 13 mask=00ff (pc=018446)
[  82.592] [packet-accepted] total=1074 seq=31 flags=04 status=13 pc=01845e command=13 arg=20
[  82.608]   [header-byte] write $ffa517 = 13 mask=00ff (pc=018446)
[  82.608] [packet-accepted] total=1075 seq=32 flags=04 status=13 pc=01845e command=13 arg=20
[  82.627]   [header-byte] write $ffa517 = 13 mask=00ff (pc=018446)
[  82.627] [packet-accepted] total=1076 seq=33 flags=04 status=13 pc=01845e command=13 arg=20
[  82.642]   [header-byte] write $ffa517 = 13 mask=00ff (pc=018446)
[  82.642] [packet-accepted] total=1077 seq=34 flags=04 status=13 pc=01845e command=13 arg=20
[  82.659]   [header-byte] write $ffa517 = 13 mask=00ff (pc=018446)
[  82.659] [packet-accepted] total=1078 seq=35 flags=04 status=13 pc=01845e command=13 arg=20
[  82.675]   [header-byte] write $ffa517 = 13 mask=00ff (pc=018446)
[  82.675] [packet-accepted] total=1079 seq=36 flags=04 status=13 pc=01845e command=13 arg=20
[  82.692]   [header-byte] write $ffa517 = 13 mask=00ff (pc=018446)
[  82.692] [packet-accepted] total=1080 seq=37 flags=04 status=13 pc=01845e command=13 arg=20
[  82.709]   [header-byte] write $ffa517 = 13 mask=00ff (pc=018446)
[  82.709] [packet-accepted] total=1081 seq=38 flags=04 status=13 pc=01845e command=13 arg=20
[  82.725]   [header-byte] write $ffa517 = 13 mask=00ff (pc=018446)
[  82.725] [packet-accepted] total=1082 seq=39 flags=04 status=13 pc=01845e command=13 arg=20
[  82.742]   [header-byte] write $ffa517 = 13 mask=00ff (pc=018446)
[  82.742] [packet-accepted] total=1083 seq=3a flags=04 status=13 pc=01845e command=13 arg=20
[  82.759]   [header-byte] write $ffa517 = 13 mask=00ff (pc=018446)
[  82.759] [packet-accepted] total=1084 seq=3b flags=04 status=13 pc=01845e command=13 arg=20
[  82.777]   [header-byte] write $ffa517 = 13 mask=00ff (pc=018446)
[  82.777] [packet-accepted] total=1085 seq=3c flags=04 status=13 pc=01845e command=13 arg=20
[  82.792]   [header-byte] write $ffa517 = 13 mask=00ff (pc=018446)
[  82.792] [packet-accepted] total=1086 seq=3d flags=04 status=13 pc=01845e command=13 arg=20
[  82.809]   [header-byte] write $ffa517 = 13 mask=00ff (pc=018446)
[  82.809] [packet-accepted] total=1087 seq=3e flags=04 status=13 pc=01845e command=13 arg=20
[  82.826]   [header-byte] write $ffa517 = 13 mask=00ff (pc=018446)
[  82.826] [packet-accepted] total=1088 seq=3f flags=04 status=13 pc=01845e command=13 arg=20
[  82.842]   [header-byte] write $ffa517 = 13 mask=00ff (pc=018446)
[  82.842] [packet-accepted] total=1089 seq=40 flags=04 status=13 pc=01845e command=13 arg=20
[  82.859]   [header-byte] write $ffa517 = 13 mask=00ff (pc=018446)
[  82.859] [packet-accepted] total=1090 seq=41 flags=04 status=13 pc=01845e command=13 arg=20
[  82.876]   [header-byte] write $ffa517 = 13 mask=00ff (pc=018446)
[  82.876] [packet-accepted] total=1091 seq=42 flags=04 status=13 pc=01845e command=13 arg=20
[  82.893]   [header-byte] write $ffa517 = 13 mask=00ff (pc=018446)
[  82.893] [packet-accepted] total=1092 seq=43 flags=04 status=13 pc=01845e command=13 arg=20
[  82.909]   [header-byte] write $ffa517 = 13 mask=00ff (pc=018446)
[  82.909] [packet-accepted] total=1093 seq=44 flags=04 status=13 pc=01845e command=13 arg=20
[  82.926]   [header-byte] write $ffa517 = 13 mask=00ff (pc=018446)
[  82.926] [packet-accepted] total=1094 seq=45 flags=04 status=13 pc=01845e command=13 arg=20
[  82.943]   [header-byte] write $ffa517 = 13 mask=00ff (pc=018446)
[  82.943] [packet-accepted] total=1095 seq=46 flags=04 status=13 pc=01845e command=13 arg=20
[  82.959]   [header-byte] write $ffa517 = 13 mask=00ff (pc=018446)
[  82.959] [packet-accepted] total=1096 seq=47 flags=04 status=13 pc=01845e command=13 arg=20
[  82.976]   [header-byte] write $ffa517 = 13 mask=00ff (pc=018446)
[  82.976] [packet-accepted] total=1097 seq=48 flags=04 status=13 pc=01845e command=13 arg=20
[  82.993]   [header-byte] write $ffa517 = 13 mask=00ff (pc=018446)
[  82.993] [packet-accepted] total=1098 seq=49 flags=04 status=13 pc=01845e command=13 arg=20
[  83.009]   [header-byte] write $ffa517 = 13 mask=00ff (pc=018446)
[  83.009] [packet-accepted] total=1099 seq=4a flags=04 status=13 pc=01845e command=13 arg=20
[  83.026]   [header-byte] write $ffa517 = 13 mask=00ff (pc=018446)
[  83.026] [packet-accepted] total=1100 seq=4b flags=04 status=13 pc=01845e command=13 arg=20
[  83.043]   [header-byte] write $ffa517 = 13 mask=00ff (pc=018446)
[  83.043] [packet-accepted] total=1101 seq=4c flags=04 status=13 pc=01845e command=13 arg=20
[  83.059]   [header-byte] write $ffa517 = 13 mask=00ff (pc=018446)
[  83.059] [packet-accepted] total=1102 seq=4d flags=04 status=13 pc=01845e command=13 arg=20
[  83.076]   [header-byte] write $ffa517 = 13 mask=00ff (pc=018446)
[  83.076] [packet-accepted] total=1103 seq=4e flags=04 status=13 pc=01845e command=13 arg=20
[  83.095]   [header-byte] write $ffa517 = 13 mask=00ff (pc=018446)
[  83.095] [packet-accepted] total=1104 seq=4f flags=04 status=13 pc=01845e command=13 arg=20
[  83.107] heartbeat frame=4980 tx=3945 rx=5703 fc=1 fd=10 fe=1 linkflag=81 pc=00028a a502=00 a524=0005 a525=05 a170=08 a17f=00 txtail=0069 rxpend=0000
[  83.107] [transport] captured=3945 flushed=3945 received=5703 accepted=1104 payload2=937 payload3=20 payload4=30 payload5=1 pump_reads=6056 bursts=695 txcredit=0 outq=0 inq=0 watchdog=0 txseq=b9 rxseq=50 rxcredit=5 protection=00 checks=0000
[  83.107] [epochs] local=1 peer=1 ready=true discarded_rx=0
[  83.107] [tcb-continuations] ffa580=ff80->018392 sleep=0 local26=7710 ffa5c0=ff80->01853c sleep=0 local26=0000 ffd040=ff80->018a40 sleep=0 local26=0300 ffd080=ff80->018ee4 sleep=0 local26=0000 ffd0c0=ff80->018ee4 sleep=0 local26=0000 ffd100=ff80->01fbb4 sleep=0 local26=0000 ffd140=ff80->01fbb6 sleep=0 local26=0002 ffd180=ff80->01fbb6 sleep=0 local26=00a2 ffd1c0=ff80->01fbb6 sleep=0 local26=01c2 ffd200=ff80->01fbb6 sleep=0 local26=02e2 ffd240=ff80->01902e sleep=0 local26=0000 ffd280=ff80->01ffe2 sleep=0 local26=0008 ffd2c0=ff80->020004 sleep=0 local26=0002 ffd300=ff80->020004 sleep=0 local26=0000 ffd340=ff80->01febe sleep=0 local26=0000 ffd380=ff80->01fedc sleep=0 local26=0000 ffd3c0=ff80->01febe sleep=0 local26=0000 ffd400=ff80->01fedc sleep=0 local26=0000
[  83.109]   [header-byte] write $ffa517 = 13 mask=00ff (pc=018446)
[  83.109] [packet-accepted] total=1105 seq=50 flags=04 status=13 pc=01845e command=13 arg=20
[  83.126]   [header-byte] write $ffa517 = 13 mask=00ff (pc=018446)
[  83.126] [packet-accepted] total=1106 seq=51 flags=04 status=13 pc=01845e command=13 arg=20
[  83.143]   [header-byte] write $ffa517 = 13 mask=00ff (pc=018446)
[  83.143] [packet-accepted] total=1107 seq=52 flags=04 status=13 pc=01845e command=13 arg=20
[  83.159]   [header-byte] write $ffa517 = 13 mask=00ff (pc=018446)
[  83.159] [packet-accepted] total=1108 seq=53 flags=04 status=13 pc=01845e command=13 arg=20
[  83.176]   [header-byte] write $ffa517 = 13 mask=00ff (pc=018446)
[  83.176] [packet-accepted] total=1109 seq=54 flags=04 status=13 pc=01845e command=13 arg=20
[  83.193]   [header-byte] write $ffa517 = 13 mask=00ff (pc=018446)
[  83.193] [packet-accepted] total=1110 seq=55 flags=04 status=13 pc=01845e command=13 arg=20
[  83.210]   [header-byte] write $ffa517 = 13 mask=00ff (pc=018446)
[  83.210] [packet-accepted] total=1111 seq=56 flags=04 status=13 pc=01845e command=13 arg=20
[  83.226]   [header-byte] write $ffa517 = 13 mask=00ff (pc=018446)
[  83.226] [packet-accepted] total=1112 seq=57 flags=04 status=13 pc=01845e command=13 arg=20
[  83.243]   [header-byte] write $ffa517 = 13 mask=00ff (pc=018446)
[  83.243] [packet-accepted] total=1113 seq=58 flags=04 status=13 pc=01845e command=13 arg=20
[  83.262]   [header-byte] write $ffa517 = 13 mask=00ff (pc=018446)
[  83.262] [packet-accepted] total=1114 seq=59 flags=04 status=13 pc=01845e command=13 arg=20
[  83.276]   [header-byte] write $ffa517 = 13 mask=00ff (pc=018446)
[  83.276] [packet-accepted] total=1115 seq=5a flags=04 status=13 pc=01845e command=13 arg=20
[  83.293]   [header-byte] write $ffa517 = 13 mask=00ff (pc=018446)
[  83.293] [packet-accepted] total=1116 seq=5b flags=04 status=13 pc=01845e command=13 arg=20
[  83.310]   [header-byte] write $ffa517 = 13 mask=00ff (pc=018446)
[  83.310] [packet-accepted] total=1117 seq=5c flags=04 status=13 pc=01845e command=13 arg=20
[  83.326]   [header-byte] write $ffa517 = 13 mask=00ff (pc=018446)
[  83.326] [packet-accepted] total=1118 seq=5d flags=04 status=13 pc=01845e command=13 arg=20
[  83.343]   [header-byte] write $ffa517 = 13 mask=00ff (pc=018446)
[  83.343] [packet-accepted] total=1119 seq=5e flags=04 status=13 pc=01845e command=13 arg=20
[  83.360]   [header-byte] write $ffa517 = 13 mask=00ff (pc=018446)
[  83.360] [packet-accepted] total=1120 seq=5f flags=04 status=13 pc=01845e command=13 arg=20
[  83.377]   [header-byte] write $ffa517 = 13 mask=00ff (pc=018446)
[  83.377] [packet-accepted] total=1121 seq=60 flags=04 status=13 pc=01845e command=13 arg=20
[  83.393]   [header-byte] write $ffa517 = 13 mask=00ff (pc=018446)
[  83.393] [packet-accepted] total=1122 seq=61 flags=04 status=13 pc=01845e command=13 arg=20
[  83.410]   [header-byte] write $ffa517 = 13 mask=00ff (pc=018446)
[  83.410] [packet-accepted] total=1123 seq=62 flags=04 status=13 pc=01845e command=13 arg=20
[  83.427]   [header-byte] write $ffa517 = 13 mask=00ff (pc=018446)
[  83.427] [packet-accepted] total=1124 seq=63 flags=04 status=13 pc=01845e command=13 arg=20
[  83.443]   [header-byte] write $ffa517 = 13 mask=00ff (pc=018446)
[  83.443] [packet-accepted] total=1125 seq=64 flags=04 status=13 pc=01845e command=13 arg=20
[  83.460]   [header-byte] write $ffa517 = 13 mask=00ff (pc=018446)
[  83.460] [packet-accepted] total=1126 seq=65 flags=04 status=13 pc=01845e command=13 arg=20
[  83.477]   [header-byte] write $ffa517 = 13 mask=00ff (pc=018446)
[  83.477] [packet-accepted] total=1127 seq=66 flags=04 status=13 pc=01845e command=13 arg=20
[  83.493]   [header-byte] write $ffa517 = 13 mask=00ff (pc=018446)
[  83.493] [packet-accepted] total=1128 seq=67 flags=04 status=13 pc=01845e command=13 arg=20
[  83.510]   [header-byte] write $ffa517 = 13 mask=00ff (pc=018446)
[  83.510] [packet-accepted] total=1129 seq=68 flags=04 status=13 pc=01845e command=13 arg=20
[  83.527]   [header-byte] write $ffa517 = 13 mask=00ff (pc=018446)
[  83.527] [packet-accepted] total=1130 seq=69 flags=04 status=13 pc=01845e command=13 arg=20
[  83.543]   [header-byte] write $ffa517 = 13 mask=00ff (pc=018446)
[  83.543] [packet-accepted] total=1131 seq=6a flags=04 status=13 pc=01845e command=13 arg=20
[  83.560]   [header-byte] write $ffa517 = 13 mask=00ff (pc=018446)
[  83.560] [packet-accepted] total=1132 seq=6b flags=04 status=13 pc=01845e command=13 arg=20
[  83.579]   [header-byte] write $ffa517 = 13 mask=00ff (pc=018446)
[  83.579] [packet-accepted] total=1133 seq=6c flags=04 status=13 pc=01845e command=13 arg=20
[  83.593]   [header-byte] write $ffa517 = 13 mask=00ff (pc=018446)
[  83.593] [packet-accepted] total=1134 seq=6d flags=04 status=13 pc=01845e command=13 arg=20
[  83.610]   [header-byte] write $ffa517 = 13 mask=00ff (pc=018446)
[  83.610] [packet-accepted] total=1135 seq=6e flags=04 status=13 pc=01845e command=13 arg=20
[  83.627]   [header-byte] write $ffa517 = 13 mask=00ff (pc=018446)
[  83.627] [packet-accepted] total=1136 seq=6f flags=04 status=13 pc=01845e command=13 arg=20
[  83.644]   [header-byte] write $ffa517 = 13 mask=00ff (pc=018446)
[  83.644] [packet-accepted] total=1137 seq=70 flags=04 status=13 pc=01845e command=13 arg=20
[  83.660]   [header-byte] write $ffa517 = 13 mask=00ff (pc=018446)
[  83.660] [packet-accepted] total=1138 seq=71 flags=04 status=13 pc=01845e command=13 arg=20
[  83.677]   [header-byte] write $ffa517 = 13 mask=00ff (pc=018446)
[  83.677] [packet-accepted] total=1139 seq=72 flags=04 status=13 pc=01845e command=13 arg=20
[  83.694]   [header-byte] write $ffa517 = 13 mask=00ff (pc=018446)
[  83.694] [packet-accepted] total=1140 seq=73 flags=04 status=13 pc=01845e command=13 arg=20
[  83.710]   [header-byte] write $ffa517 = 13 mask=00ff (pc=018446)
[  83.710] [packet-accepted] total=1141 seq=74 flags=04 status=13 pc=01845e command=13 arg=20
[  83.728]   [header-byte] write $ffa517 = 13 mask=00ff (pc=018446)
[  83.728] [packet-accepted] total=1142 seq=75 flags=04 status=13 pc=01845e command=13 arg=20
[  83.743]   [header-byte] write $ffa517 = 13 mask=00ff (pc=018446)
[  83.743] [packet-accepted] total=1143 seq=76 flags=04 status=13 pc=01845e command=13 arg=20
[  83.760]   [header-byte] write $ffa517 = 13 mask=00ff (pc=018446)
[  83.760] [packet-accepted] total=1144 seq=77 flags=04 status=13 pc=01845e command=13 arg=20
[  83.777]   [header-byte] write $ffa517 = 13 mask=00ff (pc=018446)
[  83.777] [packet-accepted] total=1145 seq=78 flags=04 status=13 pc=01845e command=13 arg=20
[  83.793]   [header-byte] write $ffa517 = 13 mask=00ff (pc=018446)
[  83.793] [packet-accepted] total=1146 seq=79 flags=04 status=13 pc=01845e command=13 arg=20
[  83.810]   [header-byte] write $ffa517 = 13 mask=00ff (pc=018446)
[  83.810] [packet-accepted] total=1147 seq=7a flags=04 status=13 pc=01845e command=13 arg=20
[  83.827]   [header-byte] write $ffa517 = 13 mask=00ff (pc=018446)
[  83.827] [packet-accepted] total=1148 seq=7b flags=04 status=13 pc=01845e command=13 arg=20
[  83.844]   [header-byte] write $ffa517 = 13 mask=00ff (pc=018446)
[  83.844] [packet-accepted] total=1149 seq=7c flags=04 status=13 pc=01845e command=13 arg=20
[  83.860]   [header-byte] write $ffa517 = 13 mask=00ff (pc=018446)
[  83.860] [packet-accepted] total=1150 seq=7d flags=04 status=13 pc=01845e command=13 arg=20
[  83.878]   [header-byte] write $ffa517 = 13 mask=00ff (pc=018446)
[  83.878] [packet-accepted] total=1151 seq=7e flags=04 status=13 pc=01845e command=13 arg=20
[  83.894]   [header-byte] write $ffa517 = 13 mask=00ff (pc=018446)
[  83.894] [packet-accepted] total=1152 seq=7f flags=04 status=13 pc=01845e command=13 arg=20
[  83.910]   [header-byte] write $ffa517 = 13 mask=00ff (pc=018446)
[  83.910] [packet-accepted] total=1153 seq=80 flags=04 status=13 pc=01845e command=13 arg=20
[  83.927]   [header-byte] write $ffa517 = 13 mask=00ff (pc=018446)
[  83.927] [packet-accepted] total=1154 seq=81 flags=04 status=13 pc=01845e command=13 arg=20
[  83.943]   [header-byte] write $ffa517 = 13 mask=00ff (pc=018446)
[  83.943] [packet-accepted] total=1155 seq=82 flags=04 status=13 pc=01845e command=13 arg=20
[  83.960]   [header-byte] write $ffa517 = 13 mask=00ff (pc=018446)
[  83.960] [packet-accepted] total=1156 seq=83 flags=04 status=13 pc=01845e command=13 arg=20
[  83.977]   [header-byte] write $ffa517 = 13 mask=00ff (pc=018446)
[  83.977] [packet-accepted] total=1157 seq=84 flags=04 status=13 pc=01845e command=13 arg=20
[  83.994]   [header-byte] write $ffa517 = 13 mask=00ff (pc=018446)
[  83.994] [packet-accepted] total=1158 seq=85 flags=04 status=13 pc=01845e command=13 arg=20
[  84.010]   [header-byte] write $ffa517 = 13 mask=00ff (pc=018446)
[  84.010] [packet-accepted] total=1159 seq=86 flags=04 status=13 pc=01845e command=13 arg=20
[  84.027]   [header-byte] write $ffa517 = 13 mask=00ff (pc=018446)
[  84.027] [packet-accepted] total=1160 seq=87 flags=04 status=13 pc=01845e command=13 arg=20
[  84.046]   [header-byte] write $ffa517 = 13 mask=00ff (pc=018446)
[  84.046] [packet-accepted] total=1161 seq=88 flags=04 status=13 pc=01845e command=13 arg=20
[  84.061]   [header-byte] write $ffa517 = 13 mask=00ff (pc=018446)
[  84.061] [packet-accepted] total=1162 seq=89 flags=04 status=13 pc=01845e command=13 arg=20
[  84.077]   [header-byte] write $ffa517 = 13 mask=00ff (pc=018446)
[  84.077] [packet-accepted] total=1163 seq=8a flags=04 status=13 pc=01845e command=13 arg=20
[  84.094]   [header-byte] write $ffa517 = 13 mask=00ff (pc=018446)
[  84.094] [packet-accepted] total=1164 seq=8b flags=04 status=13 pc=01845e command=13 arg=20
[  84.108] heartbeat frame=5040 tx=4245 rx=6003 fc=1 fd=10 fe=1 linkflag=81 pc=00028a a502=00 a524=0005 a525=05 a170=08 a17f=00 txtail=0095 rxpend=0000
[  84.108] [transport] captured=4245 flushed=4245 received=6003 accepted=1164 payload2=997 payload3=20 payload4=30 payload5=1 pump_reads=6176 bursts=755 txcredit=0 outq=0 inq=0 watchdog=0 txseq=f5 rxseq=8c rxcredit=5 protection=00 checks=0000
[  84.108] [epochs] local=1 peer=1 ready=true discarded_rx=0
[  84.108] [tcb-continuations] ffa580=ff80->018392 sleep=0 local26=7710 ffa5c0=ff80->01853c sleep=0 local26=0000 ffd040=ff80->018a40 sleep=0 local26=0300 ffd080=ff80->018ee4 sleep=0 local26=0000 ffd0c0=ff80->018ee4 sleep=0 local26=0000 ffd100=ff80->01fbb4 sleep=0 local26=0000 ffd140=ff80->01fbb6 sleep=0 local26=0002 ffd180=ff80->01fbb6 sleep=0 local26=00a2 ffd1c0=ff80->01fbb6 sleep=0 local26=01c2 ffd200=ff80->01fbb6 sleep=0 local26=02e2 ffd240=ff80->01902e sleep=0 local26=0000 ffd280=ff80->01ffe2 sleep=0 local26=0007 ffd2c0=ff80->020004 sleep=0 local26=0002 ffd300=ff80->020004 sleep=0 local26=0000 ffd340=ff80->01febe sleep=0 local26=0000 ffd380=ff80->01fedc sleep=0 local26=0000 ffd3c0=ff80->01febe sleep=0 local26=0000 ffd400=ff80->01fedc sleep=0 local26=0000
[  84.111]   [header-byte] write $ffa517 = 13 mask=00ff (pc=018446)
[  84.111] [packet-accepted] total=1165 seq=8c flags=04 status=13 pc=01845e command=13 arg=20
[  84.127]   [header-byte] write $ffa517 = 13 mask=00ff (pc=018446)
[  84.127] [packet-accepted] total=1166 seq=8d flags=04 status=13 pc=01845e command=13 arg=20
[  84.144]   [header-byte] write $ffa517 = 13 mask=00ff (pc=018446)
[  84.144] [packet-accepted] total=1167 seq=8e flags=04 status=13 pc=01845e command=13 arg=20
[  84.161]   [header-byte] write $ffa517 = 13 mask=00ff (pc=018446)
[  84.161] [packet-accepted] total=1168 seq=8f flags=04 status=13 pc=01845e command=13 arg=20
[  84.177]   [header-byte] write $ffa517 = 13 mask=00ff (pc=018446)
[  84.177] [packet-accepted] total=1169 seq=90 flags=04 status=13 pc=01845e command=13 arg=20
[  84.194]   [header-byte] write $ffa517 = 13 mask=00ff (pc=018446)
[  84.194] [packet-accepted] total=1170 seq=91 flags=04 status=13 pc=01845e command=13 arg=20
[  84.213]   [header-byte] write $ffa517 = 13 mask=00ff (pc=018446)
[  84.213] [packet-accepted] total=1171 seq=92 flags=04 status=13 pc=01845e command=13 arg=20
[  84.227]   [header-byte] write $ffa517 = 13 mask=00ff (pc=018446)
[  84.227] [packet-accepted] total=1172 seq=93 flags=04 status=13 pc=01845e command=13 arg=20
[  84.244]   [header-byte] write $ffa517 = 13 mask=00ff (pc=018446)
[  84.244] [packet-accepted] total=1173 seq=94 flags=04 status=13 pc=01845e command=13 arg=20
[  84.261]   [header-byte] write $ffa517 = 13 mask=00ff (pc=018446)
[  84.261] [packet-accepted] total=1174 seq=95 flags=04 status=13 pc=01845e command=13 arg=20
[  84.278]   [header-byte] write $ffa517 = 13 mask=00ff (pc=018446)
[  84.278] [packet-accepted] total=1175 seq=96 flags=04 status=13 pc=01845e command=13 arg=20
[  84.294]   [header-byte] write $ffa517 = 13 mask=00ff (pc=018446)
[  84.294] [packet-accepted] total=1176 seq=97 flags=04 status=13 pc=01845e command=13 arg=20
[  84.311]   [header-byte] write $ffa517 = 13 mask=00ff (pc=018446)
[  84.311] [packet-accepted] total=1177 seq=98 flags=04 status=13 pc=01845e command=13 arg=20
[  84.328]   [header-byte] write $ffa517 = 13 mask=00ff (pc=018446)
[  84.328] [packet-accepted] total=1178 seq=99 flags=04 status=13 pc=01845e command=13 arg=20
[  84.344]   [header-byte] write $ffa517 = 13 mask=00ff (pc=018446)
[  84.344] [packet-accepted] total=1179 seq=9a flags=04 status=13 pc=01845e command=13 arg=20
[  84.361]   [header-byte] write $ffa517 = 13 mask=00ff (pc=018446)
[  84.361] [packet-accepted] total=1180 seq=9b flags=04 status=13 pc=01845e command=13 arg=20
[  84.377]   [header-byte] write $ffa517 = 13 mask=00ff (pc=018446)
[  84.377] [packet-accepted] total=1181 seq=9c flags=04 status=13 pc=01845e command=13 arg=20
[  84.394]   [header-byte] write $ffa517 = 13 mask=00ff (pc=018446)
[  84.394] [packet-accepted] total=1182 seq=9d flags=04 status=13 pc=01845e command=13 arg=20
[  84.411]   [header-byte] write $ffa517 = 13 mask=00ff (pc=018446)
[  84.411] [packet-accepted] total=1183 seq=9e flags=04 status=13 pc=01845e command=13 arg=20
[  84.428]   [header-byte] write $ffa517 = 13 mask=00ff (pc=018446)
[  84.428] [packet-accepted] total=1184 seq=9f flags=04 status=13 pc=01845e command=13 arg=20
[  84.444]   [header-byte] write $ffa517 = 13 mask=00ff (pc=018446)
[  84.444] [packet-accepted] total=1185 seq=a0 flags=04 status=13 pc=01845e command=13 arg=20
[  84.461]   [header-byte] write $ffa517 = 13 mask=00ff (pc=018446)
[  84.461] [packet-accepted] total=1186 seq=a1 flags=04 status=13 pc=01845e command=13 arg=20
[  84.478]   [header-byte] write $ffa517 = 13 mask=00ff (pc=018446)
[  84.478] [packet-accepted] total=1187 seq=a2 flags=04 status=13 pc=01845e command=13 arg=20
[  84.494]   [header-byte] write $ffa517 = 13 mask=00ff (pc=018446)
[  84.494] [packet-accepted] total=1188 seq=a3 flags=04 status=13 pc=01845e command=13 arg=20
[  84.511]   [header-byte] write $ffa517 = 13 mask=00ff (pc=018446)
[  84.511] [packet-accepted] total=1189 seq=a4 flags=04 status=13 pc=01845e command=13 arg=20
[  84.530]   [header-byte] write $ffa517 = 13 mask=00ff (pc=018446)
[  84.530] [packet-accepted] total=1190 seq=a5 flags=04 status=13 pc=01845e command=13 arg=20
[  84.544]   [header-byte] write $ffa517 = 13 mask=00ff (pc=018446)
[  84.544] [packet-accepted] total=1191 seq=a6 flags=04 status=13 pc=01845e command=13 arg=20
[  84.561]   [header-byte] write $ffa517 = 13 mask=00ff (pc=018446)
[  84.561] [packet-accepted] total=1192 seq=a7 flags=04 status=13 pc=01845e command=13 arg=20
[  84.578]   [header-byte] write $ffa517 = 13 mask=00ff (pc=018446)
[  84.578] [packet-accepted] total=1193 seq=a8 flags=04 status=13 pc=01845e command=13 arg=20
[  84.595]   [header-byte] write $ffa517 = 13 mask=00ff (pc=018446)
[  84.595] [packet-accepted] total=1194 seq=a9 flags=04 status=13 pc=01845e command=13 arg=20
[  84.611]   [header-byte] write $ffa517 = 13 mask=00ff (pc=018446)
[  84.611] [packet-accepted] total=1195 seq=aa flags=04 status=13 pc=01845e command=13 arg=20
[  84.628]   [header-byte] write $ffa517 = 13 mask=00ff (pc=018446)
[  84.628] [packet-accepted] total=1196 seq=ab flags=04 status=13 pc=01845e command=13 arg=20
[  84.645]   [header-byte] write $ffa517 = 13 mask=00ff (pc=018446)
[  84.645] [packet-accepted] total=1197 seq=ac flags=04 status=13 pc=01845e command=13 arg=20
[  84.661]   [header-byte] write $ffa517 = 13 mask=00ff (pc=018446)
[  84.661] [packet-accepted] total=1198 seq=ad flags=04 status=13 pc=01845e command=13 arg=20
[  84.680]   [header-byte] write $ffa517 = 13 mask=00ff (pc=018446)
[  84.680] [packet-accepted] total=1199 seq=ae flags=04 status=13 pc=01845e command=13 arg=20
[  84.695]   [header-byte] write $ffa517 = 13 mask=00ff (pc=018446)
[  84.695] [packet-accepted] total=1200 seq=af flags=04 status=13 pc=01845e command=13 arg=20
[  84.712]   [header-byte] write $ffa517 = 13 mask=00ff (pc=018446)
[  84.712] [packet-accepted] total=1201 seq=b0 flags=04 status=13 pc=01845e command=13 arg=20
[  84.728]   [header-byte] write $ffa517 = 13 mask=00ff (pc=018446)
[  84.728] [packet-accepted] total=1202 seq=b1 flags=04 status=13 pc=01845e command=13 arg=20
[  84.745]   [header-byte] write $ffa517 = 13 mask=00ff (pc=018446)
[  84.745] [packet-accepted] total=1203 seq=b2 flags=04 status=13 pc=01845e command=13 arg=20
[  84.762]   [header-byte] write $ffa517 = 13 mask=00ff (pc=018446)
[  84.762] [packet-accepted] total=1204 seq=b3 flags=04 status=13 pc=01845e command=13 arg=20
[  84.778]   [header-byte] write $ffa517 = 13 mask=00ff (pc=018446)
[  84.778] [packet-accepted] total=1205 seq=b4 flags=04 status=13 pc=01845e command=13 arg=20
[  84.795]   [header-byte] write $ffa517 = 13 mask=00ff (pc=018446)
[  84.795] [packet-accepted] total=1206 seq=b5 flags=04 status=13 pc=01845e command=13 arg=20
[  84.812]   [header-byte] write $ffa517 = 13 mask=00ff (pc=018446)
[  84.812] [packet-accepted] total=1207 seq=b6 flags=04 status=13 pc=01845e command=13 arg=20
[  84.828]   [header-byte] write $ffa517 = 13 mask=00ff (pc=018446)
[  84.828] [packet-accepted] total=1208 seq=b7 flags=04 status=13 pc=01845e command=13 arg=20
[  84.845]   [header-byte] write $ffa517 = 13 mask=00ff (pc=018446)
[  84.845] [packet-accepted] total=1209 seq=b8 flags=04 status=13 pc=01845e command=13 arg=20
[  84.862]   [header-byte] write $ffa517 = 13 mask=00ff (pc=018446)
[  84.862] [packet-accepted] total=1210 seq=b9 flags=04 status=13 pc=01845e command=13 arg=20
[  84.879]   [header-byte] write $ffa517 = 13 mask=00ff (pc=018446)
[  84.879] [packet-accepted] total=1211 seq=ba flags=04 status=13 pc=01845e command=13 arg=20
[  84.895]   [header-byte] write $ffa517 = 13 mask=00ff (pc=018446)
[  84.895] [packet-accepted] total=1212 seq=bb flags=04 status=13 pc=01845e command=13 arg=20
[  84.912]   [header-byte] write $ffa517 = 13 mask=00ff (pc=018446)
[  84.912] [packet-accepted] total=1213 seq=bc flags=04 status=13 pc=01845e command=13 arg=20
[  84.928]   [header-byte] write $ffa517 = 13 mask=00ff (pc=018446)
[  84.928] [packet-accepted] total=1214 seq=bd flags=04 status=13 pc=01845e command=13 arg=20
[  84.945]   [header-byte] write $ffa517 = 13 mask=00ff (pc=018446)
[  84.945] [packet-accepted] total=1215 seq=be flags=04 status=13 pc=01845e command=13 arg=20
[  84.962]   [header-byte] write $ffa517 = 13 mask=00ff (pc=018446)
[  84.962] [packet-accepted] total=1216 seq=bf flags=04 status=13 pc=01845e command=13 arg=20
[  84.978]   [header-byte] write $ffa517 = 13 mask=00ff (pc=018446)
[  84.979] [packet-accepted] total=1217 seq=c0 flags=04 status=13 pc=01845e command=13 arg=20
[  84.997]   [header-byte] write $ffa517 = 13 mask=00ff (pc=018446)
[  84.997] [packet-accepted] total=1218 seq=c1 flags=04 status=13 pc=01845e command=13 arg=20
[  85.012]   [header-byte] write $ffa517 = 13 mask=00ff (pc=018446)
[  85.012] [packet-accepted] total=1219 seq=c2 flags=04 status=13 pc=01845e command=13 arg=20
[  85.029]   [header-byte] write $ffa517 = 13 mask=00ff (pc=018446)
[  85.029] [packet-accepted] total=1220 seq=c3 flags=04 status=13 pc=01845e command=13 arg=20
[  85.045]   [header-byte] write $ffa517 = 13 mask=00ff (pc=018446)
[  85.045] [packet-accepted] total=1221 seq=c4 flags=04 status=13 pc=01845e command=13 arg=20
[  85.062]   [header-byte] write $ffa517 = 13 mask=00ff (pc=018446)
[  85.062] [packet-accepted] total=1222 seq=c5 flags=04 status=13 pc=01845e command=13 arg=20
[  85.079]   [header-byte] write $ffa517 = 13 mask=00ff (pc=018446)
[  85.079] [packet-accepted] total=1223 seq=c6 flags=04 status=13 pc=01845e command=13 arg=20
[  85.095]   [header-byte] write $ffa517 = 13 mask=00ff (pc=018446)
[  85.095] [packet-accepted] total=1224 seq=c7 flags=04 status=13 pc=01845e command=13 arg=20
[  85.110] heartbeat frame=5100 tx=4545 rx=6303 fc=1 fd=10 fe=1 linkflag=81 pc=000288 a502=00 a524=0005 a525=05 a170=08 a17f=00 txtail=00c1 rxpend=0000
[  85.110] [transport] captured=4545 flushed=4545 received=6303 accepted=1224 payload2=1057 payload3=20 payload4=30 payload5=1 pump_reads=6296 bursts=815 txcredit=0 outq=0 inq=0 watchdog=0 txseq=31 rxseq=c8 rxcredit=5 protection=00 checks=0000
[  85.110] [epochs] local=1 peer=1 ready=true discarded_rx=0
[  85.110] [tcb-continuations] ffa580=ff80->018392 sleep=0 local26=7710 ffa5c0=ff80->01853c sleep=0 local26=0000 ffd040=ff80->018a40 sleep=0 local26=0300 ffd080=ff80->018ee4 sleep=0 local26=0000 ffd0c0=ff80->018ee4 sleep=0 local26=0000 ffd100=ff80->01fbb4 sleep=0 local26=0000 ffd140=ff80->01fbb6 sleep=0 local26=0002 ffd180=ff80->01fbb6 sleep=0 local26=00a2 ffd1c0=ff80->01fbb6 sleep=0 local26=01c2 ffd200=ff80->01fbb6 sleep=0 local26=02e2 ffd240=ff80->01902e sleep=0 local26=0000 ffd280=ff80->01ffe2 sleep=0 local26=0006 ffd2c0=ff80->020004 sleep=0 local26=0002 ffd300=ff80->020004 sleep=0 local26=0000 ffd340=ff80->01febe sleep=0 local26=0000 ffd380=ff80->01fedc sleep=0 local26=0000 ffd3c0=ff80->01febe sleep=0 local26=0000 ffd400=ff80->01fedc sleep=0 local26=0000
[  85.112]   [header-byte] write $ffa517 = 13 mask=00ff (pc=018446)
[  85.112] [packet-accepted] total=1225 seq=c8 flags=04 status=13 pc=01845e command=13 arg=20
[  85.129]   [header-byte] write $ffa517 = 13 mask=00ff (pc=018446)
[  85.129] [packet-accepted] total=1226 seq=c9 flags=04 status=13 pc=01845e command=13 arg=20
[  85.145]   [header-byte] write $ffa517 = 13 mask=00ff (pc=018446)
[  85.145] [packet-accepted] total=1227 seq=ca flags=04 status=13 pc=01845e command=13 arg=20
[  85.164]   [header-byte] write $ffa517 = 13 mask=00ff (pc=018446)
[  85.164] [packet-accepted] total=1228 seq=cb flags=04 status=13 pc=01845e command=13 arg=20
[  85.179]   [header-byte] write $ffa517 = 13 mask=00ff (pc=018446)
[  85.179] [packet-accepted] total=1229 seq=cc flags=04 status=13 pc=01845e command=13 arg=20
[  85.196]   [header-byte] write $ffa517 = 13 mask=00ff (pc=018446)
[  85.196] [packet-accepted] total=1230 seq=cd flags=04 status=13 pc=01845e command=13 arg=20
[  85.212]   [header-byte] write $ffa517 = 13 mask=00ff (pc=018446)
[  85.212] [packet-accepted] total=1231 seq=ce flags=04 status=13 pc=01845e command=13 arg=20
[  85.229]   [header-byte] write $ffa517 = 13 mask=00ff (pc=018446)
[  85.229] [packet-accepted] total=1232 seq=cf flags=04 status=13 pc=01845e command=13 arg=20
[  85.246]   [header-byte] write $ffa517 = 13 mask=00ff (pc=018446)
[  85.246] [packet-accepted] total=1233 seq=d0 flags=04 status=13 pc=01845e command=13 arg=20
[  85.262]   [header-byte] write $ffa517 = 13 mask=00ff (pc=018446)
[  85.262] [packet-accepted] total=1234 seq=d1 flags=04 status=13 pc=01845e command=13 arg=20
[  85.279]   [header-byte] write $ffa517 = 13 mask=00ff (pc=018446)
[  85.279] [packet-accepted] total=1235 seq=d2 flags=04 status=13 pc=01845e command=13 arg=20
[  85.296]   [header-byte] write $ffa517 = 13 mask=00ff (pc=018446)
[  85.296] [packet-accepted] total=1236 seq=d3 flags=04 status=13 pc=01845e command=13 arg=20
[  85.313]   [header-byte] write $ffa517 = 13 mask=00ff (pc=018446)
[  85.313] [packet-accepted] total=1237 seq=d4 flags=04 status=13 pc=01845e command=13 arg=20
[  85.329]   [header-byte] write $ffa517 = 13 mask=00ff (pc=018446)
[  85.329] [packet-accepted] total=1238 seq=d5 flags=04 status=13 pc=01845e command=13 arg=20
[  85.346]   [header-byte] write $ffa517 = 13 mask=00ff (pc=018446)
[  85.346] [packet-accepted] total=1239 seq=d6 flags=04 status=13 pc=01845e command=13 arg=20
[  85.362]   [header-byte] write $ffa517 = 13 mask=00ff (pc=018446)
[  85.362] [packet-accepted] total=1240 seq=d7 flags=04 status=13 pc=01845e command=13 arg=20
[  85.379]   [header-byte] write $ffa517 = 13 mask=00ff (pc=018446)
[  85.379] [packet-accepted] total=1241 seq=d8 flags=04 status=13 pc=01845e command=13 arg=20
[  85.396]   [header-byte] write $ffa517 = 13 mask=00ff (pc=018446)
[  85.396] [packet-accepted] total=1242 seq=d9 flags=04 status=13 pc=01845e command=13 arg=20
[  85.412]   [header-byte] write $ffa517 = 13 mask=00ff (pc=018446)
[  85.412] [packet-accepted] total=1243 seq=da flags=04 status=13 pc=01845e command=13 arg=20
[  85.429]   [header-byte] write $ffa517 = 13 mask=00ff (pc=018446)
[  85.429] [packet-accepted] total=1244 seq=db flags=04 status=13 pc=01845e command=13 arg=20
[  85.446]   [header-byte] write $ffa517 = 13 mask=00ff (pc=018446)
[  85.446] [packet-accepted] total=1245 seq=dc flags=04 status=13 pc=01845e command=13 arg=20
[  85.464]   [header-byte] write $ffa517 = 13 mask=00ff (pc=018446)
[  85.464] [packet-accepted] total=1246 seq=dd flags=04 status=13 pc=01845e command=13 arg=20
[  85.479]   [header-byte] write $ffa517 = 13 mask=00ff (pc=018446)
[  85.479] [packet-accepted] total=1247 seq=de flags=04 status=13 pc=01845e command=13 arg=20
[  85.496]   [header-byte] write $ffa517 = 13 mask=00ff (pc=018446)
[  85.496] [packet-accepted] total=1248 seq=df flags=04 status=13 pc=01845e command=13 arg=20
[  85.513]   [header-byte] write $ffa517 = 13 mask=00ff (pc=018446)
[  85.513] [packet-accepted] total=1249 seq=e0 flags=04 status=13 pc=01845e command=13 arg=20
[  85.529]   [header-byte] write $ffa517 = 13 mask=00ff (pc=018446)
[  85.529] [packet-accepted] total=1250 seq=e1 flags=04 status=13 pc=01845e command=13 arg=20
[  85.546]   [header-byte] write $ffa517 = 13 mask=00ff (pc=018446)
[  85.546] [packet-accepted] total=1251 seq=e2 flags=04 status=13 pc=01845e command=13 arg=20
[  85.563]   [header-byte] write $ffa517 = 13 mask=00ff (pc=018446)
[  85.563] [packet-accepted] total=1252 seq=e3 flags=04 status=13 pc=01845e command=13 arg=20
[  85.579]   [header-byte] write $ffa517 = 13 mask=00ff (pc=018446)
[  85.579] [packet-accepted] total=1253 seq=e4 flags=04 status=13 pc=01845e command=13 arg=20
[  85.596]   [header-byte] write $ffa517 = 13 mask=00ff (pc=018446)
[  85.596] [packet-accepted] total=1254 seq=e5 flags=04 status=13 pc=01845e command=13 arg=20
[  85.613]   [header-byte] write $ffa517 = 13 mask=00ff (pc=018446)
[  85.613] [packet-accepted] total=1255 seq=e6 flags=04 status=13 pc=01845e command=13 arg=20
[  85.631]   [header-byte] write $ffa517 = 13 mask=00ff (pc=018446)
[  85.631] [packet-accepted] total=1256 seq=e7 flags=04 status=13 pc=01845e command=13 arg=20
[  85.646]   [header-byte] write $ffa517 = 13 mask=00ff (pc=018446)
[  85.646] [packet-accepted] total=1257 seq=e8 flags=04 status=13 pc=01845e command=13 arg=20
[  85.663]   [header-byte] write $ffa517 = 13 mask=00ff (pc=018446)
[  85.663] [packet-accepted] total=1258 seq=e9 flags=04 status=13 pc=01845e command=13 arg=20
[  85.679]   [header-byte] write $ffa517 = 13 mask=00ff (pc=018446)
[  85.679] [packet-accepted] total=1259 seq=ea flags=04 status=13 pc=01845e command=13 arg=20
[  85.696]   [header-byte] write $ffa517 = 13 mask=00ff (pc=018446)
[  85.696] [packet-accepted] total=1260 seq=eb flags=04 status=13 pc=01845e command=13 arg=20
[  85.713]   [header-byte] write $ffa517 = 13 mask=00ff (pc=018446)
[  85.713] [packet-accepted] total=1261 seq=ec flags=04 status=13 pc=01845e command=13 arg=20
[  85.729]   [header-byte] write $ffa517 = 13 mask=00ff (pc=018446)
[  85.729] [packet-accepted] total=1262 seq=ed flags=04 status=13 pc=01845e command=13 arg=20
[  85.746]   [header-byte] write $ffa517 = 13 mask=00ff (pc=018446)
[  85.746] [packet-accepted] total=1263 seq=ee flags=04 status=13 pc=01845e command=13 arg=20
[  85.763]   [header-byte] write $ffa517 = 13 mask=00ff (pc=018446)
[  85.763] [packet-accepted] total=1264 seq=ef flags=04 status=13 pc=01845e command=13 arg=20
[  85.779]   [header-byte] write $ffa517 = 13 mask=00ff (pc=018446)
[  85.779] [packet-accepted] total=1265 seq=f0 flags=04 status=13 pc=01845e command=13 arg=20
[  85.796]   [header-byte] write $ffa517 = 13 mask=00ff (pc=018446)
[  85.796] [packet-accepted] total=1266 seq=f1 flags=04 status=13 pc=01845e command=13 arg=20
[  85.813]   [header-byte] write $ffa517 = 13 mask=00ff (pc=018446)
[  85.813] [packet-accepted] total=1267 seq=f2 flags=04 status=13 pc=01845e command=13 arg=20
[  85.829]   [header-byte] write $ffa517 = 13 mask=00ff (pc=018446)
[  85.829] [packet-accepted] total=1268 seq=f3 flags=04 status=13 pc=01845e command=13 arg=20
[  85.846]   [header-byte] write $ffa517 = 13 mask=00ff (pc=018446)
[  85.846] [packet-accepted] total=1269 seq=f4 flags=04 status=13 pc=01845e command=13 arg=20
[  85.863]   [header-byte] write $ffa517 = 13 mask=00ff (pc=018446)
[  85.863] [packet-accepted] total=1270 seq=f5 flags=04 status=13 pc=01845e command=13 arg=20
[  85.879]   [header-byte] write $ffa517 = 13 mask=00ff (pc=018446)
[  85.879] [packet-accepted] total=1271 seq=f6 flags=04 status=13 pc=01845e command=13 arg=20
[  85.896]   [header-byte] write $ffa517 = 13 mask=00ff (pc=018446)
[  85.896] [packet-accepted] total=1272 seq=f7 flags=04 status=13 pc=01845e command=13 arg=20
[  85.913]   [header-byte] write $ffa517 = 13 mask=00ff (pc=018446)
[  85.913] [packet-accepted] total=1273 seq=f8 flags=04 status=13 pc=01845e command=13 arg=20
[  85.929]   [header-byte] write $ffa517 = 13 mask=00ff (pc=018446)
[  85.929] [packet-accepted] total=1274 seq=f9 flags=04 status=13 pc=01845e command=13 arg=20
[  85.948]   [header-byte] write $ffa517 = 13 mask=00ff (pc=018446)
[  85.948] [packet-accepted] total=1275 seq=fa flags=04 status=13 pc=01845e command=13 arg=20
[  85.963]   [header-byte] write $ffa517 = 13 mask=00ff (pc=018446)
[  85.963] [packet-accepted] total=1276 seq=fb flags=04 status=13 pc=01845e command=13 arg=20
[  85.980]   [header-byte] write $ffa517 = 13 mask=00ff (pc=018446)
[  85.980] [packet-accepted] total=1277 seq=fc flags=04 status=13 pc=01845e command=13 arg=20
[  85.996]   [header-byte] write $ffa517 = 13 mask=00ff (pc=018446)
[  85.996] [packet-accepted] total=1278 seq=fd flags=04 status=13 pc=01845e command=13 arg=20
[  86.013]   [header-byte] write $ffa517 = 13 mask=00ff (pc=018446)
[  86.013] [packet-accepted] total=1279 seq=fe flags=04 status=13 pc=01845e command=13 arg=20
[  86.030]   [header-byte] write $ffa517 = 13 mask=00ff (pc=018446)
[  86.030] [packet-accepted] total=1280 seq=ff flags=04 status=13 pc=01845e command=13 arg=20
[  86.046]   [header-byte] write $ffa517 = 13 mask=00ff (pc=018446)
[  86.046] [packet-accepted] total=1281 seq=00 flags=04 status=13 pc=01845e command=13 arg=20
[  86.063]   [header-byte] write $ffa517 = 13 mask=00ff (pc=018446)
[  86.063] [packet-accepted] total=1282 seq=01 flags=04 status=13 pc=01845e command=13 arg=20
[  86.080]   [header-byte] write $ffa517 = 13 mask=00ff (pc=018446)
[  86.080] [packet-accepted] total=1283 seq=02 flags=04 status=13 pc=01845e command=13 arg=20
[  86.098]   [header-byte] write $ffa517 = 13 mask=00ff (pc=018446)
[  86.098] [packet-accepted] total=1284 seq=03 flags=04 status=13 pc=01845e command=13 arg=20
[  86.111] heartbeat frame=5160 tx=4845 rx=6603 fc=1 fd=10 fe=1 linkflag=81 pc=000288 a502=00 a524=0005 a525=05 a170=08 a17f=00 txtail=00ed rxpend=0000
[  86.111] [transport] captured=4845 flushed=4845 received=6603 accepted=1284 payload2=1117 payload3=20 payload4=30 payload5=1 pump_reads=6416 bursts=875 txcredit=0 outq=0 inq=0 watchdog=0 txseq=6d rxseq=04 rxcredit=5 protection=00 checks=0000
[  86.111] [epochs] local=1 peer=1 ready=true discarded_rx=0
[  86.111] [tcb-continuations] ffa580=ff80->018392 sleep=0 local26=7710 ffa5c0=ff80->01853c sleep=0 local26=0000 ffd040=ff80->018a40 sleep=0 local26=0300 ffd080=ff80->018ee4 sleep=0 local26=0000 ffd0c0=ff80->018ee4 sleep=0 local26=0000 ffd100=ff80->01fbb4 sleep=0 local26=0000 ffd140=ff80->01fbb6 sleep=0 local26=0002 ffd180=ff80->01fbb6 sleep=0 local26=00a2 ffd1c0=ff80->01fbb6 sleep=0 local26=01c2 ffd200=ff80->01fbb6 sleep=0 local26=02e2 ffd240=ff80->01902e sleep=0 local26=0000 ffd280=ff80->01ffe2 sleep=0 local26=0005 ffd2c0=ff80->020004 sleep=0 local26=0002 ffd300=ff80->020004 sleep=0 local26=0000 ffd340=ff80->01febe sleep=0 local26=0000 ffd380=ff80->01fedc sleep=0 local26=0000 ffd3c0=ff80->01febe sleep=0 local26=0000 ffd400=ff80->01fedc sleep=0 local26=0000
[  86.113]   [header-byte] write $ffa517 = 13 mask=00ff (pc=018446)
[  86.113] [packet-accepted] total=1285 seq=04 flags=04 status=13 pc=01845e command=13 arg=20
[  86.130]   [header-byte] write $ffa517 = 13 mask=00ff (pc=018446)
[  86.130] [packet-accepted] total=1286 seq=05 flags=04 status=13 pc=01845e command=13 arg=20
[  86.147]   [header-byte] write $ffa517 = 13 mask=00ff (pc=018446)
[  86.147] [packet-accepted] total=1287 seq=06 flags=04 status=13 pc=01845e command=13 arg=20
[  86.163]   [header-byte] write $ffa517 = 13 mask=00ff (pc=018446)
[  86.163] [packet-accepted] total=1288 seq=07 flags=04 status=13 pc=01845e command=13 arg=20
[  86.180]   [header-byte] write $ffa517 = 13 mask=00ff (pc=018446)
[  86.180] [packet-accepted] total=1289 seq=08 flags=04 status=13 pc=01845e command=13 arg=20
[  86.197]   [header-byte] write $ffa517 = 13 mask=00ff (pc=018446)
[  86.197] [packet-accepted] total=1290 seq=09 flags=04 status=13 pc=01845e command=13 arg=20
[  86.213]   [header-byte] write $ffa517 = 13 mask=00ff (pc=018446)
[  86.213] [packet-accepted] total=1291 seq=0a flags=04 status=13 pc=01845e command=13 arg=20
[  86.230]   [header-byte] write $ffa517 = 13 mask=00ff (pc=018446)
[  86.230] [packet-accepted] total=1292 seq=0b flags=04 status=13 pc=01845e command=13 arg=20
[  86.247]   [header-byte] write $ffa517 = 13 mask=00ff (pc=018446)
[  86.247] [packet-accepted] total=1293 seq=0c flags=04 status=13 pc=01845e command=13 arg=20
[  86.263]   [header-byte] write $ffa517 = 13 mask=00ff (pc=018446)
[  86.263] [packet-accepted] total=1294 seq=0d flags=04 status=13 pc=01845e command=13 arg=20
[  86.280]   [header-byte] write $ffa517 = 13 mask=00ff (pc=018446)
[  86.280] [packet-accepted] total=1295 seq=0e flags=04 status=13 pc=01845e command=13 arg=20
[  86.297]   [header-byte] write $ffa517 = 13 mask=00ff (pc=018446)
[  86.297] [packet-accepted] total=1296 seq=0f flags=04 status=13 pc=01845e command=13 arg=20
[  86.313]   [header-byte] write $ffa517 = 13 mask=00ff (pc=018446)
[  86.313] [packet-accepted] total=1297 seq=10 flags=04 status=13 pc=01845e command=13 arg=20
[  86.330]   [header-byte] write $ffa517 = 13 mask=00ff (pc=018446)
[  86.330] [packet-accepted] total=1298 seq=11 flags=04 status=13 pc=01845e command=13 arg=20
[  86.347]   [header-byte] write $ffa517 = 13 mask=00ff (pc=018446)
[  86.347] [packet-accepted] total=1299 seq=12 flags=04 status=13 pc=01845e command=13 arg=20
[  86.363]   [header-byte] write $ffa517 = 13 mask=00ff (pc=018446)
[  86.363] [packet-accepted] total=1300 seq=13 flags=04 status=13 pc=01845e command=13 arg=20
[  86.380]   [header-byte] write $ffa517 = 13 mask=00ff (pc=018446)
[  86.380] [packet-accepted] total=1301 seq=14 flags=04 status=13 pc=01845e command=13 arg=20
[  86.397]   [header-byte] write $ffa517 = 13 mask=00ff (pc=018446)
[  86.397] [packet-accepted] total=1302 seq=15 flags=04 status=13 pc=01845e command=13 arg=20
[  86.415]   [header-byte] write $ffa517 = 13 mask=00ff (pc=018446)
[  86.415] [packet-accepted] total=1303 seq=16 flags=04 status=13 pc=01845e command=13 arg=20
[  86.430]   [header-byte] write $ffa517 = 13 mask=00ff (pc=018446)
[  86.430] [packet-accepted] total=1304 seq=17 flags=04 status=13 pc=01845e command=13 arg=20
[  86.447]   [header-byte] write $ffa517 = 13 mask=00ff (pc=018446)
[  86.447] [packet-accepted] total=1305 seq=18 flags=04 status=13 pc=01845e command=53 arg=20
[  86.447] [game-command] data=4343 mask=ff00 pc=018b72 requests=04
[  86.465]   [header-byte] write $ffa517 = 10 mask=00ff (pc=018446)
[  86.465] [packet-accepted] total=1306 seq=19 flags=04 status=10 pc=01845e command=53 arg=20
[  86.465]   [header-byte] write $ffa513 = 10 mask=00ff (pc=018d88)
[  86.964]   [header-byte] write $ffa517 = 10 mask=00ff (pc=018446)
[  87.112] heartbeat frame=5220 tx=4963 rx=6716 fc=1 fd=10 fe=1 linkflag=81 pc=00028a a502=00 a524=0000 a525=00 a170=08 a17f=00 txtail=0063 rxpend=0000
[  87.112] [transport] captured=4963 flushed=4963 received=6716 accepted=1307 payload2=1139 payload3=20 payload4=30 payload5=1 pump_reads=6499 bursts=899 txcredit=0 outq=0 inq=0 watchdog=8 txseq=84 rxseq=1b rxcredit=0 protection=00 checks=0000
[  87.112] [epochs] local=1 peer=1 ready=true discarded_rx=0
[  87.112] [game-state] a142=04 a13e=00 a13f=00 a530=4331 a506=03 a507=00 a508=01 a7b0=3822 a7a6=5320 script=01a39e mode=01 rule=01 base=70 margin=6 difficulty=0 preset=0
[  87.112] [tcb-continuations] ffa580=ff80->018392 sleep=0 local26=7710 ffa5c0=ff80->01853c sleep=0 local26=0800 ffd040=ff80->018e08 sleep=162 local26=0300 ffd100=ff80->01fbb4 sleep=0 local26=0000 ffd140=ff80->01fbb6 sleep=0 local26=0002 ffd180=ff80->01fbb6 sleep=0 local26=00a2 ffd1c0=ff80->01fbb6 sleep=0 local26=01c2 ffd200=ff80->01fbb6 sleep=0 local26=02e2 ffd240=ff80->01902e sleep=0 local26=0000 ffd280=ff80->027726 sleep=0 local26=0001
[  87.465]   [header-byte] write $ffa517 = 10 mask=00ff (pc=018446)
[  87.965]   [header-byte] write $ffa517 = 10 mask=00ff (pc=018446)
[  88.113] heartbeat frame=5280 tx=4969 rx=6722 fc=1 fd=10 fe=1 linkflag=81 pc=000288 a502=00 a524=0000 a525=00 a170=08 a17f=00 txtail=0069 rxpend=0000
[  88.113] [transport] captured=4969 flushed=4969 received=6722 accepted=1309 payload2=1139 payload3=20 payload4=30 payload5=1 pump_reads=6561 bursts=901 txcredit=0 outq=0 inq=0 watchdog=8 txseq=86 rxseq=1d rxcredit=0 protection=00 checks=0000
[  88.113] [epochs] local=1 peer=1 ready=true discarded_rx=0
[  88.113] [tcb-continuations] ffa580=ff80->018392 sleep=0 local26=7710 ffa5c0=ff80->01853c sleep=0 local26=0800 ffd040=ff80->018e08 sleep=102 local26=0300 ffd100=ff80->01fbb4 sleep=0 local26=0000 ffd140=ff80->01fbb6 sleep=0 local26=0002 ffd180=ff80->01fbb6 sleep=0 local26=00a2 ffd1c0=ff80->01fbb6 sleep=0 local26=01c2 ffd200=ff80->01fbb6 sleep=0 local26=02e2 ffd240=ff80->01902e sleep=0 local26=0000 ffd280=ff80->027726 sleep=0 local26=0001
[  88.466]   [header-byte] write $ffa517 = 10 mask=00ff (pc=018446)
[  88.967]   [header-byte] write $ffa517 = 10 mask=00ff (pc=018446)
[  89.115] heartbeat frame=5340 tx=4975 rx=6728 fc=1 fd=10 fe=1 linkflag=81 pc=000288 a502=00 a524=0000 a525=00 a170=08 a17f=00 txtail=006f rxpend=0000
[  89.115] [transport] captured=4975 flushed=4975 received=6728 accepted=1311 payload2=1139 payload3=20 payload4=30 payload5=1 pump_reads=6623 bursts=903 txcredit=0 outq=0 inq=0 watchdog=8 txseq=88 rxseq=1f rxcredit=0 protection=00 checks=0000
[  89.115] [epochs] local=1 peer=1 ready=true discarded_rx=0
[  89.115] [tcb-continuations] ffa580=ff80->018392 sleep=0 local26=7710 ffa5c0=ff80->01853c sleep=0 local26=0800 ffd040=ff80->018e08 sleep=42 local26=0300 ffd100=ff80->01fbb4 sleep=0 local26=0000 ffd140=ff80->01fbb6 sleep=0 local26=0002 ffd180=ff80->01fbb6 sleep=0 local26=00a2 ffd1c0=ff80->01fbb6 sleep=0 local26=01c2 ffd200=ff80->01fbb6 sleep=0 local26=02e2 ffd240=ff80->01902e sleep=0 local26=0000 ffd280=ff80->027726 sleep=0 local26=0001
[  89.467]   [header-byte] write $ffa517 = 10 mask=00ff (pc=018446)
[  89.910]   [menu-state] write $ffa170 = 0000 mask=ff00 (pc=01afb6)
[  89.910]   [menu-state] write $ffa170 = 8787 mask=ff00 (pc=01afce)
[  89.910]   [menu-state] write $ffa176 = 0000 mask=ff00 (pc=01afde)
[  89.910]   [header-byte] write $ffa513 = 00 mask=00ff (pc=01afe6)
[  89.910]   [header-byte] write $ffa513 = 10 mask=00ff (pc=01affe)
[  89.910]   [header-byte] write $ffa513 = 50 mask=00ff (pc=01b022)
[  89.910]   [header-byte] write $ffa513 = 54 mask=00ff (pc=01b044)
[  89.910]   [menu-state] write $ffa170 = 0909 mask=ff00 (pc=018062)
[  89.910]   [menu-state] write $ffa176 = 0000 mask=ff00 (pc=01afde)
[  89.910]   [header-byte] write $ffa513 = 00 mask=00ff (pc=01afe6)
[  89.910]   [header-byte] write $ffa513 = 10 mask=00ff (pc=01affe)
[  89.910]   [header-byte] write $ffa513 = 11 mask=00ff (pc=01b034)
[  89.943] [protection-checksum] data=0101 mask=00ff pc=01b0bc
[  89.944] [protection-checksum] data=0000 mask=00ff pc=01b11a
[  89.964]   [header-byte] write $ffa517 = 54 mask=00ff (pc=018446)
[  90.116] heartbeat frame=5400 tx=4981 rx=6734 fc=1 fd=10 fe=1 linkflag=81 pc=000ff4 a502=00 a524=0000 a525=00 a170=09 a17f=00 txtail=0075 rxpend=0000
[  90.116] [transport] captured=4981 flushed=4981 received=6734 accepted=1313 payload2=1139 payload3=20 payload4=30 payload5=1 pump_reads=6685 bursts=905 txcredit=0 outq=0 inq=0 watchdog=9 txseq=8a rxseq=21 rxcredit=0 protection=00 checks=0000
[  90.116] [epochs] local=1 peer=1 ready=true discarded_rx=0
[  90.116] [game-state] a142=04 a13e=00 a13f=00 a530=4331 a506=03 a507=00 a508=01 a7b0=3822 a7a6=5320 script=01a004 mode=00 rule=01 base=70 margin=6 difficulty=0 preset=0
[  90.116] [tcb-continuations] ffa580=ff80->018392 sleep=0 local26=7710 ffa5c0=ff80->01853c sleep=0 local26=0900 ffd100=ff80->01b4ca sleep=0 local26=0000 ffd140=ff80->00628e sleep=0 local26=00aa
[  90.434]   [header-byte] write $ffa517 = 54 mask=00ff (pc=018446)
[  90.935]   [header-byte] write $ffa517 = 54 mask=00ff (pc=018446)
[  91.117] heartbeat frame=5460 tx=4987 rx=6740 fc=1 fd=10 fe=1 linkflag=81 pc=000288 a502=00 a524=0000 a525=00 a170=09 a17f=00 txtail=007b rxpend=0000
[  91.117] [transport] captured=4987 flushed=4987 received=6740 accepted=1315 payload2=1139 payload3=20 payload4=30 payload5=1 pump_reads=6747 bursts=907 txcredit=0 outq=0 inq=0 watchdog=10 txseq=8c rxseq=23 rxcredit=0 protection=00 checks=0000
[  91.117] [epochs] local=1 peer=1 ready=true discarded_rx=0
[  91.117] [tcb-continuations] ffa580=ff80->018392 sleep=0 local26=7710 ffa5c0=ff80->01853c sleep=0 local26=0900 ffd100=ff80->01b4ee sleep=0 local26=0000 ffd140=ff80->00628e sleep=0 local26=006e
[  91.435]   [header-byte] write $ffa517 = 54 mask=00ff (pc=018446)
[  91.936]   [header-byte] write $ffa517 = 54 mask=00ff (pc=018446)
[  92.119] heartbeat frame=5520 tx=4993 rx=6746 fc=1 fd=10 fe=1 linkflag=81 pc=000288 a502=00 a524=0000 a525=00 a170=09 a17f=00 txtail=0081 rxpend=0000
[  92.119] [transport] captured=4993 flushed=4993 received=6746 accepted=1317 payload2=1139 payload3=20 payload4=30 payload5=1 pump_reads=6809 bursts=909 txcredit=0 outq=0 inq=0 watchdog=10 txseq=8e rxseq=25 rxcredit=0 protection=00 checks=0000
[  92.119] [epochs] local=1 peer=1 ready=true discarded_rx=0
[  92.119] [tcb-continuations] ffa580=ff80->018392 sleep=0 local26=7710 ffa5c0=ff80->01853c sleep=0 local26=0900 ffd100=ff80->01b4ee sleep=0 local26=0000 ffd140=ff80->00628e sleep=0 local26=0032
[  92.437]   [header-byte] write $ffa517 = 54 mask=00ff (pc=018446)
[  92.937]   [header-byte] write $ffa517 = 54 mask=00ff (pc=018446)
[  93.120] heartbeat frame=5580 tx=4999 rx=6752 fc=1 fd=10 fe=1 linkflag=81 pc=000bca a502=00 a524=0000 a525=00 a170=09 a17f=00 txtail=0087 rxpend=0000
[  93.120] [transport] captured=4999 flushed=4999 received=6752 accepted=1319 payload2=1139 payload3=20 payload4=30 payload5=1 pump_reads=6871 bursts=911 txcredit=0 outq=0 inq=0 watchdog=9 txseq=90 rxseq=27 rxcredit=0 protection=00 checks=0000
[  93.120] [epochs] local=1 peer=1 ready=true discarded_rx=0
[  93.120] [game-state] a142=04 a13e=00 a13f=00 a530=4331 a506=03 a507=00 a508=01 a7b0=3822 a7a6=5320 script=01f576 mode=00 rule=01 base=70 margin=6 difficulty=0 preset=0
[  93.120] [tcb-continuations] ffa580=ff80->018392 sleep=0 local26=7710 ffa5c0=ff80->01853c sleep=0 local26=0800 ffd100=ff80->018fba sleep=0 local26=0000
[  93.438]   [header-byte] write $ffa517 = 54 mask=00ff (pc=018446)
[  93.438] [packet-accepted] total=1320 seq=27 flags=00 status=54 pc=01845e
[  94.121] heartbeat frame=5640 tx=5005 rx=6755 fc=1 fd=10 fe=1 linkflag=81 pc=000288 a502=00 a524=0000 a525=00 a170=09 a17f=00 txtail=008d rxpend=0000
[  94.121] [transport] captured=5005 flushed=5005 received=6755 accepted=1320 payload2=1139 payload3=20 payload4=30 payload5=1 pump_reads=6932 bursts=913 txcredit=0 outq=0 inq=0 watchdog=40 txseq=92 rxseq=28 rxcredit=0 protection=00 checks=0000
[  94.121] [epochs] local=1 peer=1 ready=true discarded_rx=0
[  94.121] [game-state] a142=04 a13e=00 a13f=00 a530=4331 a506=03 a507=00 a508=01 a7b0=3822 a7a6=5320 script=01f582 mode=00 rule=01 base=70 margin=6 difficulty=0 preset=0
[  94.121] [tcb-continuations] ffa580=ff80->018392 sleep=0 local26=7710 ffa5c0=ff80->01853c sleep=0 local26=0800 ffd100=ff80->018fcc sleep=0 local26=0000 ffd140=ff80->0250ba sleep=119 local26=0000 ffd180=ff80->024fe2 sleep=0 local26=0000
[  94.306]   [header-byte] write $ffa517 = 54 mask=00ff (pc=018446)
[  94.806]   [header-byte] write $ffa517 = 54 mask=00ff (pc=018446)
[  95.122] heartbeat frame=5700 tx=5011 rx=6761 fc=1 fd=10 fe=1 linkflag=81 pc=00028a a502=00 a524=0000 a525=00 a170=09 a17f=00 txtail=0093 rxpend=0000
[  95.122] [transport] captured=5011 flushed=5011 received=6761 accepted=1322 payload2=1139 payload3=20 payload4=30 payload5=1 pump_reads=6994 bursts=915 txcredit=0 outq=0 inq=0 watchdog=18 txseq=94 rxseq=2a rxcredit=0 protection=00 checks=0000
[  95.122] [epochs] local=1 peer=1 ready=true discarded_rx=0
[  95.122] [tcb-continuations] ffa580=ff80->018392 sleep=0 local26=7710 ffa5c0=ff80->01853c sleep=0 local26=0800 ffd100=ff80->018fcc sleep=0 local26=0000 ffd140=ff80->0250ba sleep=59 local26=0000 ffd180=ff80->024fe2 sleep=0 local26=0000
[  95.307]   [header-byte] write $ffa517 = 54 mask=00ff (pc=018446)
[  95.808]   [header-byte] write $ffa517 = 54 mask=00ff (pc=018446)
[  96.124] heartbeat frame=5760 tx=5017 rx=6767 fc=1 fd=10 fe=1 linkflag=81 pc=000288 a502=00 a524=0000 a525=00 a170=09 a17f=00 txtail=0099 rxpend=0000
[  96.124] [transport] captured=5017 flushed=5017 received=6767 accepted=1324 payload2=1139 payload3=20 payload4=30 payload5=1 pump_reads=7056 bursts=917 txcredit=0 outq=0 inq=0 watchdog=18 txseq=96 rxseq=2c rxcredit=0 protection=00 checks=0000
[  96.124] [epochs] local=1 peer=1 ready=true discarded_rx=0
[  96.124] [tcb-continuations] ffa580=ff80->018392 sleep=0 local26=7710 ffa5c0=ff80->01853c sleep=0 local26=0800 ffd100=ff80->018fcc sleep=0 local26=0000 ffd180=ff80->024fe2 sleep=0 local26=0000
[  96.691]   [header-byte] write $ffa517 = 54 mask=00ff (pc=018446)
[  96.844]   [header-byte] write $ffa517 = 54 mask=00ff (pc=018446)
[  97.125] heartbeat frame=5820 tx=5020 rx=6773 fc=1 fd=10 fe=1 linkflag=81 pc=00028a a502=00 a524=0000 a525=00 a170=09 a17f=00 txtail=009c rxpend=0000
[  97.125] [transport] captured=5020 flushed=5020 received=6773 accepted=1326 payload2=1139 payload3=20 payload4=30 payload5=1 pump_reads=7118 bursts=918 txcredit=0 outq=0 inq=0 watchdog=16 txseq=97 rxseq=2e rxcredit=0 protection=00 checks=0000
[  97.125] [epochs] local=1 peer=1 ready=true discarded_rx=0
[  97.125] [game-state] a142=04 a13e=00 a13f=00 a530=4331 a506=03 a507=00 a508=01 a7b0=3822 a7a6=5320 script=01f5da mode=00 rule=01 base=70 margin=6 difficulty=0 preset=0
[  97.125] [tcb-continuations] ffa580=ff80->018392 sleep=0 local26=7710 ffa5c0=ff80->01853c sleep=0 local26=0d00 ffd100=ff80->018fcc sleep=0 local26=0000 ffd140=ff80->025b48 sleep=0 local26=0000 ffd180=ff80->02558e sleep=0 local26=0000 ffd1c0=ff80->025246 sleep=0 local26=00e8 ffd200=ff80->025246 sleep=0 local26=0170 ffd240=ff00->027736 sleep=0 local26=0002
[  97.345]   [header-byte] write $ffa517 = 54 mask=00ff (pc=018446)
[  97.850]   [header-byte] write $ffa517 = 54 mask=00ff (pc=018446)
[  98.126] heartbeat frame=5880 tx=5023 rx=6779 fc=1 fd=10 fe=1 linkflag=81 pc=000288 a502=00 a524=0000 a525=00 a170=09 a17f=00 txtail=009f rxpend=0000
[  98.126] [transport] captured=5023 flushed=5023 received=6779 accepted=1328 payload2=1139 payload3=20 payload4=30 payload5=1 pump_reads=7180 bursts=919 txcredit=0 outq=0 inq=0 watchdog=16 txseq=98 rxseq=30 rxcredit=0 protection=00 checks=0000
[  98.126] [epochs] local=1 peer=1 ready=true discarded_rx=0
[  98.126] [tcb-continuations] ffa580=ff80->018392 sleep=0 local26=7710 ffa5c0=ff80->01853c sleep=0 local26=1c00 ffd100=ff80->018fcc sleep=0 local26=0000 ffd140=ff80->025be6 sleep=47 local26=0000 ffd180=ff80->02558e sleep=0 local26=0000 ffd1c0=ff80->02585c sleep=0 local26=0000 ffd200=ff80->02585c sleep=0 local26=0001
[  98.327] [protection-state] address=ffa020 data=1010 mask=ff00 pc=000948
[  98.327] [protection-state] address=ffa020 data=1010 mask=00ff pc=000952
[  98.344] [protection-state] address=ffa020 data=0000 mask=00ff pc=000952
[  98.347]   [header-byte] write $ffa517 = 54 mask=00ff (pc=018446)
[  98.394] [protection-state] address=ffa020 data=0000 mask=ff00 pc=000948
[  98.503]   [menu-state] write $ffa174 = 0001 mask=ffff (pc=019a20)
[  98.503]   [menu-state] write $ffa176 = 9a38 mask=ffff (pc=019a20)
[  98.503]   [header-byte] write $ffa513 = 10 mask=00ff (pc=019a2a)
[  98.505]   [menu-state] write $ffa17d = 0000 mask=00ff (pc=019a40)
[  98.505]   [menu-state] write $ffa17f = 0000 mask=00ff (pc=019aec)
[  98.521]   [menu-state] write $ffa174 = 0001 mask=ffff (pc=019abc)
[  98.521]   [menu-state] write $ffa176 = 9a50 mask=ffff (pc=019abc)
[  98.845]   [header-byte] write $ffa517 = 54 mask=00ff (pc=018446)
[  99.128] heartbeat frame=5940 tx=5032 rx=6785 fc=1 fd=10 fe=1 linkflag=81 pc=00028a a502=00 a524=0000 a525=00 a170=09 a17f=00 txtail=00a8 rxpend=0000
[  99.128] [transport] captured=5032 flushed=5032 received=6785 accepted=1330 payload2=1139 payload3=20 payload4=30 payload5=1 pump_reads=7242 bursts=922 txcredit=0 outq=0 inq=0 watchdog=16 txseq=9b rxseq=32 rxcredit=0 protection=00 checks=0000
[  99.128] [epochs] local=1 peer=1 ready=true discarded_rx=0
[  99.128] [game-state] a142=04 a13e=00 a13f=00 a530=4331 a506=03 a507=00 a508=01 a7b0=3822 a7a6=5320 script=01a0ac mode=00 rule=01 base=70 margin=6 difficulty=0 preset=0
[  99.128] [tcb-continuations] ffa580=ff80->018392 sleep=0 local26=7710 ffa5c0=ff80->01853c sleep=0 local26=0400 ffd040=ff80->019c6e sleep=0 local26=0001 ffd100=ff80->0086ee sleep=0 local26=0000
[  99.345]   [header-byte] write $ffa517 = 54 mask=00ff (pc=018446)
[  99.731]   [menu-state] write $ffa174 = 0001 mask=ffff (pc=019abc)
[  99.731]   [menu-state] write $ffa176 = 9768 mask=ffff (pc=019abc)
[  99.746]   [header-byte] write $ffa513 = 90 mask=00ff (pc=019772)
[  99.746] [game-command] data=0101 mask=ff00 pc=019778 requests=00
[  99.746]   [menu-state] write $ffa178 = 012c mask=ffff (pc=019788)
[  99.746]   [menu-state] write $ffa174 = 0001 mask=ffff (pc=019abc)
[  99.746]   [menu-state] write $ffa176 = 978c mask=ffff (pc=019abc)
[  99.763]   [menu-state] write $ffa178 = 012b mask=ffff (pc=01979c)
[  99.779]   [menu-state] write $ffa178 = 012a mask=ffff (pc=01979c)
[  99.796]   [menu-state] write $ffa178 = 0129 mask=ffff (pc=01979c)
[  99.813]   [menu-state] write $ffa178 = 0128 mask=ffff (pc=01979c)
[  99.829]   [menu-state] write $ffa178 = 0127 mask=ffff (pc=01979c)
[  99.846]   [menu-state] write $ffa178 = 0126 mask=ffff (pc=01979c)
[  99.847]   [header-byte] write $ffa517 = 54 mask=00ff (pc=018446)
[  99.847] [packet-accepted] total=1332 seq=33 flags=04 status=54 pc=01845e command=91 arg=20
[  99.863]   [menu-state] write $ffa178 = 0125 mask=ffff (pc=01979c)
[  99.863] [game-command] data=2121 mask=ff00 pc=019824 requests=00
[  99.863] [game-command] data=0101 mask=00ff pc=01982a requests=00
[  99.863]   [menu-state] write $ffa178 = 0078 mask=ffff (pc=01983c)
[  99.863]   [menu-state] write $ffa174 = 0001 mask=ffff (pc=019abc)
[  99.863]   [menu-state] write $ffa176 = 9840 mask=ffff (pc=019abc)
[  99.880]   [menu-state] write $ffa178 = 0077 mask=ffff (pc=019848)
[  99.896]   [menu-state] write $ffa178 = 0076 mask=ffff (pc=019848)
[  99.913]   [menu-state] write $ffa178 = 0075 mask=ffff (pc=019848)
[  99.930]   [menu-state] write $ffa178 = 0074 mask=ffff (pc=019848)
[  99.946]   [menu-state] write $ffa178 = 0073 mask=ffff (pc=019848)
[  99.963]   [menu-state] write $ffa178 = 0072 mask=ffff (pc=019848)
[  99.963]   [header-byte] write $ffa517 = 54 mask=00ff (pc=018446)
[  99.963] [packet-accepted] total=1333 seq=34 flags=04 status=54 pc=01845e command=81 arg=20
[  99.980]   [menu-state] write $ffa178 = 0071 mask=ffff (pc=019848)
[  99.980]   [menu-state] write $ffa174 = 0001 mask=ffff (pc=019ab4)
[  99.980]   [menu-state] write $ffa176 = 9872 mask=ffff (pc=019ab4)
[ 100.129] heartbeat frame=6000 tx=5045 rx=6798 fc=1 fd=10 fe=1 linkflag=81 pc=000288 a502=00 a524=0000 a525=00 a170=09 a17f=00 txtail=00b5 rxpend=0000
[ 100.129] [transport] captured=5045 flushed=5045 received=6798 accepted=1333 payload2=1141 payload3=20 payload4=30 payload5=1 pump_reads=7305 bursts=925 txcredit=0 outq=0 inq=0 watchdog=9 txseq=9e rxseq=35 rxcredit=0 protection=00 checks=0000
[ 100.129] [epochs] local=1 peer=1 ready=true discarded_rx=0
[ 100.129] [game-state] a142=04 a13e=01 a13f=01 a530=2101 a506=03 a507=01 a508=01 a7b0=3822 a7a6=5320 script=01a0ac mode=00 rule=01 base=70 margin=6 difficulty=0 preset=0
[ 100.129] [tcb-continuations] ffa580=ff80->018392 sleep=0 local26=7710 ffa5c0=ff80->01853c sleep=0 local26=0f00 ffd040=ff80->019d84 sleep=0 local26=0001
[ 100.530]   [header-byte] write $ffa517 = 54 mask=00ff (pc=018446)
[ 101.031]   [header-byte] write $ffa517 = 54 mask=00ff (pc=018446)
[ 101.130] heartbeat frame=6060 tx=5051 rx=6804 fc=1 fd=10 fe=1 linkflag=81 pc=00028a a502=00 a524=0000 a525=00 a170=09 a17f=00 txtail=00bb rxpend=0000
[ 101.130] [transport] captured=5051 flushed=5051 received=6804 accepted=1335 payload2=1141 payload3=20 payload4=30 payload5=1 pump_reads=7367 bursts=927 txcredit=0 outq=0 inq=0 watchdog=5 txseq=a0 rxseq=37 rxcredit=0 protection=00 checks=0000
[ 101.130] [epochs] local=1 peer=1 ready=true discarded_rx=0
[ 101.532]   [header-byte] write $ffa517 = 54 mask=00ff (pc=018446)
[ 102.032]   [header-byte] write $ffa517 = 54 mask=00ff (pc=018446)
[ 102.132] heartbeat frame=6120 tx=5057 rx=6810 fc=1 fd=10 fe=1 linkflag=81 pc=00028a a502=00 a524=0000 a525=00 a170=09 a17f=00 txtail=00c1 rxpend=0000
[ 102.132] [transport] captured=5057 flushed=5057 received=6810 accepted=1337 payload2=1141 payload3=20 payload4=30 payload5=1 pump_reads=7429 bursts=929 txcredit=0 outq=0 inq=0 watchdog=5 txseq=a2 rxseq=39 rxcredit=0 protection=00 checks=0000
[ 102.132] [epochs] local=1 peer=1 ready=true discarded_rx=0
[ 102.299]   [header-byte] write $ffa517 = 54 mask=00ff (pc=018446)
[ 102.299] [packet-accepted] total=1338 seq=39 flags=04 status=54 pc=01845e command=01 arg=01
[ 102.316]   [header-byte] write $ffa513 = 10 mask=00ff (pc=0198a2)
[ 102.316]   [menu-state] write $ffa170 = 8282 mask=ff00 (pc=0198a8)
[ 102.316]   [menu-state] write $ffa176 = 0000 mask=ff00 (pc=01afde)
[ 102.316]   [header-byte] write $ffa513 = 00 mask=00ff (pc=01afe6)
[ 102.316]   [header-byte] write $ffa513 = 10 mask=00ff (pc=01affe)
[ 102.316]   [header-byte] write $ffa513 = 50 mask=00ff (pc=01b022)
[ 102.316]   [header-byte] write $ffa513 = 54 mask=00ff (pc=01b044)
[ 102.600]   [menu-state] write $ffa170 = 8282 mask=ff00 (pc=01a87a)
[ 102.600]   [menu-state] write $ffa170 = 0202 mask=ff00 (pc=01a87c)
[ 102.600] [game-command] data=0303 mask=ff00 pc=0188d8 requests=00
[ 102.627]   [header-byte] write $ffa513 = 56 mask=00ff (pc=0189b4)
[ 102.627]   [menu-state] write $ffa17f = 0000 mask=00ff (pc=0189c2)
[ 102.744]   [header-byte] write $ffa517 = 56 mask=00ff (pc=018446)
[ 103.133] heartbeat frame=6180 tx=5063 rx=6818 fc=1 fd=10 fe=1 linkflag=81 pc=000fee a502=00 a524=0000 a525=00 a170=02 a17f=00 txtail=00c7 rxpend=0000
[ 103.133] [transport] captured=5063 flushed=5063 received=6818 accepted=1339 payload2=1142 payload3=20 payload4=30 payload5=1 pump_reads=7491 bursts=931 txcredit=0 outq=0 inq=0 watchdog=15 txseq=a4 rxseq=3b rxcredit=0 protection=00 checks=0000
[ 103.133] [epochs] local=1 peer=1 ready=true discarded_rx=0
[ 103.133] [game-state] a142=04 a13e=01 a13f=01 a530=0301 a506=03 a507=01 a508=00 a7b0=3822 a7a6=0000 script=01a842 mode=01 rule=01 base=70 margin=6 difficulty=0 preset=0
[ 103.133] [tcb-continuations] ffa580=ff80->018392 sleep=0 local26=7710 ffa5c0=ff80->01853c sleep=0 local26=1300 ffd040=ff80->0189c6 sleep=0 local26=0101
[ 103.325] [game-command] data=1313 mask=ff00 pc=018ae0 requests=00
[ 103.436]   [header-byte] write $ffa517 = 56 mask=00ff (pc=018446)
[ 103.436] [packet-accepted] total=1340 seq=3b flags=04 status=56 pc=01845e command=13 arg=01
[ 103.452]   [header-byte] write $ffa517 = 56 mask=00ff (pc=018446)
[ 103.452] [packet-accepted] total=1341 seq=3c flags=04 status=56 pc=01845e command=13 arg=01
[ 103.471]   [header-byte] write $ffa517 = 56 mask=00ff (pc=018446)
[ 103.471] [packet-accepted] total=1342 seq=3d flags=04 status=56 pc=01845e command=13 arg=01
[ 103.486]   [header-byte] write $ffa517 = 56 mask=00ff (pc=018446)
[ 103.486] [packet-accepted] total=1343 seq=3e flags=04 status=56 pc=01845e command=13 arg=01
[ 103.503]   [header-byte] write $ffa517 = 56 mask=00ff (pc=018446)
[ 103.503] [packet-accepted] total=1344 seq=3f flags=04 status=56 pc=01845e command=13 arg=01
[ 103.519]   [header-byte] write $ffa517 = 56 mask=00ff (pc=018446)
[ 103.519] [packet-accepted] total=1345 seq=40 flags=04 status=56 pc=01845e command=13 arg=01
[ 103.536]   [header-byte] write $ffa517 = 56 mask=00ff (pc=018446)
[ 103.536] [packet-accepted] total=1346 seq=41 flags=04 status=56 pc=01845e command=13 arg=01
[ 103.553]   [header-byte] write $ffa517 = 56 mask=00ff (pc=018446)
[ 103.553] [packet-accepted] total=1347 seq=42 flags=04 status=56 pc=01845e command=13 arg=01
[ 103.569]   [header-byte] write $ffa517 = 56 mask=00ff (pc=018446)
[ 103.569] [packet-accepted] total=1348 seq=43 flags=04 status=56 pc=01845e command=13 arg=01
[ 103.586]   [header-byte] write $ffa517 = 56 mask=00ff (pc=018446)
[ 103.586] [packet-accepted] total=1349 seq=44 flags=04 status=56 pc=01845e command=13 arg=01
[ 103.603]   [header-byte] write $ffa517 = 56 mask=00ff (pc=018446)
[ 103.603] [packet-accepted] total=1350 seq=45 flags=04 status=56 pc=01845e command=13 arg=01
[ 103.621]   [header-byte] write $ffa517 = 56 mask=00ff (pc=018446)
[ 103.621] [packet-accepted] total=1351 seq=46 flags=04 status=56 pc=01845e command=13 arg=01
[ 103.636]   [header-byte] write $ffa517 = 56 mask=00ff (pc=018446)
[ 103.636] [packet-accepted] total=1352 seq=47 flags=04 status=56 pc=01845e command=13 arg=01
[ 103.653]   [header-byte] write $ffa517 = 56 mask=00ff (pc=018446)
[ 103.653] [packet-accepted] total=1353 seq=48 flags=04 status=56 pc=01845e command=13 arg=01
[ 103.669]   [header-byte] write $ffa517 = 56 mask=00ff (pc=018446)
[ 103.669] [packet-accepted] total=1354 seq=49 flags=04 status=56 pc=01845e command=13 arg=01
[ 103.686]   [header-byte] write $ffa517 = 56 mask=00ff (pc=018446)
[ 103.686] [packet-accepted] total=1355 seq=4a flags=04 status=56 pc=01845e command=13 arg=01
[ 103.703]   [header-byte] write $ffa517 = 56 mask=00ff (pc=018446)
[ 103.703] [packet-accepted] total=1356 seq=4b flags=04 status=56 pc=01845e command=13 arg=01
[ 103.719]   [header-byte] write $ffa517 = 56 mask=00ff (pc=018446)
[ 103.719] [packet-accepted] total=1357 seq=4c flags=04 status=56 pc=01845e command=13 arg=01
[ 103.736]   [header-byte] write $ffa517 = 56 mask=00ff (pc=018446)
[ 103.736] [packet-accepted] total=1358 seq=4d flags=04 status=56 pc=01845e command=13 arg=01
[ 103.753]   [header-byte] write $ffa517 = 56 mask=00ff (pc=018446)
[ 103.753] [packet-accepted] total=1359 seq=4e flags=04 status=56 pc=01845e command=13 arg=01
[ 103.769]   [header-byte] write $ffa517 = 56 mask=00ff (pc=018446)
[ 103.769] [packet-accepted] total=1360 seq=4f flags=04 status=56 pc=01845e command=13 arg=01
[ 103.788]   [header-byte] write $ffa517 = 56 mask=00ff (pc=018446)
[ 103.788] [packet-accepted] total=1361 seq=50 flags=04 status=56 pc=01845e command=13 arg=01
[ 103.803]   [header-byte] write $ffa517 = 56 mask=00ff (pc=018446)
[ 103.803] [packet-accepted] total=1362 seq=51 flags=04 status=56 pc=01845e command=13 arg=01
[ 103.820]   [header-byte] write $ffa517 = 56 mask=00ff (pc=018446)
[ 103.820] [packet-accepted] total=1363 seq=52 flags=04 status=56 pc=01845e command=13 arg=01
[ 103.836]   [header-byte] write $ffa517 = 56 mask=00ff (pc=018446)
[ 103.836] [packet-accepted] total=1364 seq=53 flags=04 status=56 pc=01845e command=13 arg=01
[ 103.853]   [header-byte] write $ffa517 = 56 mask=00ff (pc=018446)
[ 103.853] [packet-accepted] total=1365 seq=54 flags=04 status=56 pc=01845e command=13 arg=01
[ 103.870]   [header-byte] write $ffa517 = 56 mask=00ff (pc=018446)
[ 103.870] [packet-accepted] total=1366 seq=55 flags=04 status=56 pc=01845e command=13 arg=01
[ 103.886]   [header-byte] write $ffa517 = 56 mask=00ff (pc=018446)
[ 103.886] [packet-accepted] total=1367 seq=56 flags=04 status=56 pc=01845e command=13 arg=01
[ 103.903]   [header-byte] write $ffa517 = 56 mask=00ff (pc=018446)
[ 103.903] [packet-accepted] total=1368 seq=57 flags=04 status=56 pc=01845e command=13 arg=01
[ 103.920]   [header-byte] write $ffa517 = 56 mask=00ff (pc=018446)
[ 103.920] [packet-accepted] total=1369 seq=58 flags=04 status=56 pc=01845e command=13 arg=01
[ 103.937]   [header-byte] write $ffa517 = 56 mask=00ff (pc=018446)
[ 103.937] [packet-accepted] total=1370 seq=59 flags=04 status=56 pc=01845e command=13 arg=01
[ 103.953]   [header-byte] write $ffa517 = 56 mask=00ff (pc=018446)
[ 103.953] [packet-accepted] total=1371 seq=5a flags=04 status=56 pc=01845e command=13 arg=01
[ 103.970]   [header-byte] write $ffa517 = 56 mask=00ff (pc=018446)
[ 103.970] [packet-accepted] total=1372 seq=5b flags=04 status=56 pc=01845e command=13 arg=01
[ 103.987]   [header-byte] write $ffa517 = 56 mask=00ff (pc=018446)
[ 103.987] [packet-accepted] total=1373 seq=5c flags=04 status=56 pc=01845e command=13 arg=01
[ 104.003]   [header-byte] write $ffa517 = 56 mask=00ff (pc=018446)
[ 104.003] [packet-accepted] total=1374 seq=5d flags=04 status=56 pc=01845e command=13 arg=01
[ 104.020]   [header-byte] write $ffa517 = 56 mask=00ff (pc=018446)
[ 104.020] [packet-accepted] total=1375 seq=5e flags=04 status=56 pc=01845e command=13 arg=01
[ 104.037]   [header-byte] write $ffa517 = 56 mask=00ff (pc=018446)
[ 104.037] [packet-accepted] total=1376 seq=5f flags=04 status=56 pc=01845e command=13 arg=01
[ 104.053]   [header-byte] write $ffa517 = 56 mask=00ff (pc=018446)
[ 104.053] [packet-accepted] total=1377 seq=60 flags=04 status=56 pc=01845e command=13 arg=01
[ 104.070]   [header-byte] write $ffa517 = 56 mask=00ff (pc=018446)
[ 104.070] [packet-accepted] total=1378 seq=61 flags=04 status=56 pc=01845e command=13 arg=01
[ 104.087]   [header-byte] write $ffa517 = 56 mask=00ff (pc=018446)
[ 104.087] [packet-accepted] total=1379 seq=62 flags=04 status=56 pc=01845e command=13 arg=01
[ 104.105]   [header-byte] write $ffa517 = 56 mask=00ff (pc=018446)
[ 104.105] [packet-accepted] total=1380 seq=63 flags=04 status=56 pc=01845e command=13 arg=01
[ 104.120]   [header-byte] write $ffa517 = 56 mask=00ff (pc=018446)
[ 104.120] [packet-accepted] total=1381 seq=64 flags=04 status=56 pc=01845e command=13 arg=01
[ 104.134] heartbeat frame=6240 tx=5303 rx=7028 fc=1 fd=10 fe=1 linkflag=81 pc=00028a a502=00 a524=0005 a525=05 a170=02 a17f=00 txtail=00b7 rxpend=0000
[ 104.134] [transport] captured=5303 flushed=5303 received=7028 accepted=1381 payload2=1184 payload3=20 payload4=30 payload5=1 pump_reads=7593 bursts=979 txcredit=0 outq=0 inq=0 watchdog=0 txseq=d5 rxseq=65 rxcredit=5 protection=00 checks=0000
[ 104.134] [epochs] local=1 peer=1 ready=true discarded_rx=0
[ 104.134] [game-state] a142=04 a13e=01 a13f=01 a530=1301 a506=03 a507=01 a508=00 a7b0=3822 a7a6=1301 script=01a842 mode=01 rule=01 base=70 margin=6 difficulty=0 preset=0
[ 104.134] [tcb-continuations] ffa580=ff80->018392 sleep=0 local26=7710 ffa5c0=ff80->01853c sleep=0 local26=0000 ffd040=ff80->018a40 sleep=0 local26=8300 ffd0c0=ff80->018ee4 sleep=0 local26=0000 ffd100=ff80->01fbb4 sleep=0 local26=0000 ffd140=ff80->01fbb6 sleep=0 local26=0002 ffd180=ff80->01fbb6 sleep=0 local26=00a2 ffd1c0=ff80->01fbb6 sleep=0 local26=01c2 ffd200=ff80->01fbb6 sleep=0 local26=02e2 ffd240=ff80->01902e sleep=0 local26=0000 ffd280=ff80->01ffe2 sleep=0 local26=0009 ffd2c0=ff80->020004 sleep=0 local26=0002 ffd300=ff80->020004 sleep=0 local26=0000 ffd340=ff80->01febe sleep=0 local26=0000 ffd380=ff80->01fedc sleep=0 local26=0000
[ 104.137]   [header-byte] write $ffa517 = 56 mask=00ff (pc=018446)
[ 104.137] [packet-accepted] total=1382 seq=65 flags=04 status=56 pc=01845e command=13 arg=01
[ 104.153]   [header-byte] write $ffa517 = 56 mask=00ff (pc=018446)
[ 104.153] [packet-accepted] total=1383 seq=66 flags=04 status=56 pc=01845e command=13 arg=01
[ 104.170]   [header-byte] write $ffa517 = 56 mask=00ff (pc=018446)
[ 104.170] [packet-accepted] total=1384 seq=67 flags=04 status=56 pc=01845e command=13 arg=01
[ 104.187]   [header-byte] write $ffa517 = 56 mask=00ff (pc=018446)
[ 104.187] [packet-accepted] total=1385 seq=68 flags=04 status=56 pc=01845e command=13 arg=01
[ 104.203]   [header-byte] write $ffa517 = 56 mask=00ff (pc=018446)
[ 104.203] [packet-accepted] total=1386 seq=69 flags=04 status=56 pc=01845e command=13 arg=01
[ 104.220]   [header-byte] write $ffa517 = 56 mask=00ff (pc=018446)
[ 104.220] [packet-accepted] total=1387 seq=6a flags=04 status=56 pc=01845e command=13 arg=01
[ 104.237]   [header-byte] write $ffa517 = 56 mask=00ff (pc=018446)
[ 104.237] [packet-accepted] total=1388 seq=6b flags=04 status=56 pc=01845e command=13 arg=01
[ 104.255]   [header-byte] write $ffa517 = 56 mask=00ff (pc=018446)
[ 104.255] [packet-accepted] total=1389 seq=6c flags=04 status=56 pc=01845e command=13 arg=01
[ 104.270]   [header-byte] write $ffa517 = 56 mask=00ff (pc=018446)
[ 104.270] [packet-accepted] total=1390 seq=6d flags=04 status=56 pc=01845e command=13 arg=01
[ 104.287]   [header-byte] write $ffa517 = 56 mask=00ff (pc=018446)
[ 104.287] [packet-accepted] total=1391 seq=6e flags=04 status=56 pc=01845e command=13 arg=01
[ 104.303]   [header-byte] write $ffa517 = 56 mask=00ff (pc=018446)
[ 104.303] [packet-accepted] total=1392 seq=6f flags=04 status=56 pc=01845e command=13 arg=01
[ 104.320]   [header-byte] write $ffa517 = 56 mask=00ff (pc=018446)
[ 104.320] [packet-accepted] total=1393 seq=70 flags=04 status=56 pc=01845e command=13 arg=01
[ 104.337]   [header-byte] write $ffa517 = 56 mask=00ff (pc=018446)
[ 104.337] [packet-accepted] total=1394 seq=71 flags=04 status=56 pc=01845e command=13 arg=01
[ 104.353]   [header-byte] write $ffa517 = 56 mask=00ff (pc=018446)
[ 104.353] [packet-accepted] total=1395 seq=72 flags=04 status=56 pc=01845e command=13 arg=01
[ 104.370]   [header-byte] write $ffa517 = 56 mask=00ff (pc=018446)
[ 104.370] [packet-accepted] total=1396 seq=73 flags=04 status=56 pc=01845e command=13 arg=01
[ 104.387]   [header-byte] write $ffa517 = 56 mask=00ff (pc=018446)
[ 104.387] [packet-accepted] total=1397 seq=74 flags=04 status=56 pc=01845e command=13 arg=01
[ 104.403]   [header-byte] write $ffa517 = 56 mask=00ff (pc=018446)
[ 104.403] [packet-accepted] total=1398 seq=75 flags=04 status=56 pc=01845e command=13 arg=01
[ 104.420]   [header-byte] write $ffa517 = 56 mask=00ff (pc=018446)
[ 104.420] [packet-accepted] total=1399 seq=76 flags=04 status=56 pc=01845e command=13 arg=01
[ 104.437]   [header-byte] write $ffa517 = 56 mask=00ff (pc=018446)
[ 104.437] [packet-accepted] total=1400 seq=77 flags=04 status=56 pc=01845e command=13 arg=01
[ 104.453]   [header-byte] write $ffa517 = 56 mask=00ff (pc=018446)
[ 104.453] [packet-accepted] total=1401 seq=78 flags=04 status=56 pc=01845e command=13 arg=01
[ 104.470]   [header-byte] write $ffa517 = 56 mask=00ff (pc=018446)
[ 104.470] [packet-accepted] total=1402 seq=79 flags=04 status=56 pc=01845e command=13 arg=01
[ 104.487]   [header-byte] write $ffa517 = 56 mask=00ff (pc=018446)
[ 104.487] [packet-accepted] total=1403 seq=7a flags=04 status=56 pc=01845e command=13 arg=01
[ 104.503]   [header-byte] write $ffa517 = 56 mask=00ff (pc=018446)
[ 104.503] [packet-accepted] total=1404 seq=7b flags=04 status=56 pc=01845e command=13 arg=01
[ 104.520]   [header-byte] write $ffa517 = 56 mask=00ff (pc=018446)
[ 104.520] [packet-accepted] total=1405 seq=7c flags=04 status=56 pc=01845e command=13 arg=01
[ 104.537]   [header-byte] write $ffa517 = 56 mask=00ff (pc=018446)
[ 104.537] [packet-accepted] total=1406 seq=7d flags=04 status=56 pc=01845e command=13 arg=01
[ 104.553]   [header-byte] write $ffa517 = 56 mask=00ff (pc=018446)
[ 104.553] [packet-accepted] total=1407 seq=7e flags=04 status=56 pc=01845e command=13 arg=01
[ 104.572]   [header-byte] write $ffa517 = 56 mask=00ff (pc=018446)
[ 104.572] [packet-accepted] total=1408 seq=7f flags=04 status=56 pc=01845e command=13 arg=01
[ 104.587]   [header-byte] write $ffa517 = 56 mask=00ff (pc=018446)
[ 104.587] [packet-accepted] total=1409 seq=80 flags=04 status=56 pc=01845e command=13 arg=01
[ 104.604]   [header-byte] write $ffa517 = 56 mask=00ff (pc=018446)
[ 104.604] [packet-accepted] total=1410 seq=81 flags=04 status=56 pc=01845e command=13 arg=01
[ 104.621]   [header-byte] write $ffa517 = 56 mask=00ff (pc=018446)
[ 104.621] [packet-accepted] total=1411 seq=82 flags=04 status=56 pc=01845e command=13 arg=01
[ 104.637]   [header-byte] write $ffa517 = 56 mask=00ff (pc=018446)
[ 104.637] [packet-accepted] total=1412 seq=83 flags=04 status=56 pc=01845e command=13 arg=01
[ 104.654]   [header-byte] write $ffa517 = 56 mask=00ff (pc=018446)
[ 104.654] [packet-accepted] total=1413 seq=84 flags=04 status=56 pc=01845e command=13 arg=01
[ 104.670]   [header-byte] write $ffa517 = 56 mask=00ff (pc=018446)
[ 104.671] [packet-accepted] total=1414 seq=85 flags=04 status=56 pc=01845e command=13 arg=01
[ 104.687]   [header-byte] write $ffa517 = 56 mask=00ff (pc=018446)
[ 104.687] [packet-accepted] total=1415 seq=86 flags=04 status=56 pc=01845e command=13 arg=01
[ 104.704]   [header-byte] write $ffa517 = 56 mask=00ff (pc=018446)
[ 104.704] [packet-accepted] total=1416 seq=87 flags=04 status=56 pc=01845e command=13 arg=01
[ 104.721]   [header-byte] write $ffa517 = 56 mask=00ff (pc=018446)
[ 104.721] [packet-accepted] total=1417 seq=88 flags=04 status=56 pc=01845e command=13 arg=01
[ 104.739]   [header-byte] write $ffa517 = 56 mask=00ff (pc=018446)
[ 104.739] [packet-accepted] total=1418 seq=89 flags=04 status=56 pc=01845e command=13 arg=01
[ 104.754]   [header-byte] write $ffa517 = 56 mask=00ff (pc=018446)
[ 104.754] [packet-accepted] total=1419 seq=8a flags=04 status=56 pc=01845e command=13 arg=01
[ 104.771]   [header-byte] write $ffa517 = 56 mask=00ff (pc=018446)
[ 104.771] [packet-accepted] total=1420 seq=8b flags=04 status=56 pc=01845e command=13 arg=01
[ 104.787]   [header-byte] write $ffa517 = 56 mask=00ff (pc=018446)
[ 104.787] [packet-accepted] total=1421 seq=8c flags=04 status=56 pc=01845e command=13 arg=01
[ 104.804]   [header-byte] write $ffa517 = 56 mask=00ff (pc=018446)
[ 104.804] [packet-accepted] total=1422 seq=8d flags=04 status=56 pc=01845e command=13 arg=01
[ 104.821]   [header-byte] write $ffa517 = 56 mask=00ff (pc=018446)
[ 104.821] [packet-accepted] total=1423 seq=8e flags=04 status=56 pc=01845e command=13 arg=01
[ 104.837]   [header-byte] write $ffa517 = 56 mask=00ff (pc=018446)
[ 104.837] [packet-accepted] total=1424 seq=8f flags=04 status=56 pc=01845e command=13 arg=01
[ 104.854]   [header-byte] write $ffa517 = 56 mask=00ff (pc=018446)
[ 104.854] [packet-accepted] total=1425 seq=90 flags=04 status=56 pc=01845e command=13 arg=01
[ 104.871]   [header-byte] write $ffa517 = 56 mask=00ff (pc=018446)
[ 104.871] [packet-accepted] total=1426 seq=91 flags=04 status=56 pc=01845e command=13 arg=01
[ 104.887]   [header-byte] write $ffa517 = 56 mask=00ff (pc=018446)
[ 104.887] [packet-accepted] total=1427 seq=92 flags=04 status=56 pc=01845e command=13 arg=01
[ 104.904]   [header-byte] write $ffa517 = 56 mask=00ff (pc=018446)
[ 104.904] [packet-accepted] total=1428 seq=93 flags=04 status=56 pc=01845e command=13 arg=01
[ 104.921]   [header-byte] write $ffa517 = 56 mask=00ff (pc=018446)
[ 104.921] [packet-accepted] total=1429 seq=94 flags=04 status=56 pc=01845e command=13 arg=01
[ 104.937]   [header-byte] write $ffa517 = 56 mask=00ff (pc=018446)
[ 104.937] [packet-accepted] total=1430 seq=95 flags=04 status=56 pc=01845e command=13 arg=01
[ 104.954]   [header-byte] write $ffa517 = 56 mask=00ff (pc=018446)
[ 104.954] [packet-accepted] total=1431 seq=96 flags=04 status=56 pc=01845e command=13 arg=01
[ 104.971]   [header-byte] write $ffa517 = 56 mask=00ff (pc=018446)
[ 104.971] [packet-accepted] total=1432 seq=97 flags=04 status=56 pc=01845e command=13 arg=01
[ 104.987]   [header-byte] write $ffa517 = 56 mask=00ff (pc=018446)
[ 104.987] [packet-accepted] total=1433 seq=98 flags=04 status=56 pc=01845e command=13 arg=01
[ 105.004]   [header-byte] write $ffa517 = 56 mask=00ff (pc=018446)
[ 105.004] [packet-accepted] total=1434 seq=99 flags=04 status=56 pc=01845e command=13 arg=01
[ 105.021]   [header-byte] write $ffa517 = 56 mask=00ff (pc=018446)
[ 105.021] [packet-accepted] total=1435 seq=9a flags=04 status=56 pc=01845e command=13 arg=01
[ 105.037]   [header-byte] write $ffa517 = 56 mask=00ff (pc=018446)
[ 105.037] [packet-accepted] total=1436 seq=9b flags=04 status=56 pc=01845e command=13 arg=01
[ 105.056]   [header-byte] write $ffa517 = 56 mask=00ff (pc=018446)
[ 105.056] [packet-accepted] total=1437 seq=9c flags=04 status=56 pc=01845e command=13 arg=01
[ 105.071]   [header-byte] write $ffa517 = 56 mask=00ff (pc=018446)
[ 105.071] [packet-accepted] total=1438 seq=9d flags=04 status=56 pc=01845e command=13 arg=01
[ 105.088]   [header-byte] write $ffa517 = 56 mask=00ff (pc=018446)
[ 105.088] [packet-accepted] total=1439 seq=9e flags=04 status=56 pc=01845e command=13 arg=01
[ 105.104]   [header-byte] write $ffa517 = 56 mask=00ff (pc=018446)
[ 105.104] [packet-accepted] total=1440 seq=9f flags=04 status=56 pc=01845e command=13 arg=01
[ 105.121]   [header-byte] write $ffa517 = 56 mask=00ff (pc=018446)
[ 105.121] [packet-accepted] total=1441 seq=a0 flags=04 status=56 pc=01845e command=13 arg=01
[ 105.135] heartbeat frame=6300 tx=5603 rx=7328 fc=1 fd=10 fe=1 linkflag=81 pc=00028a a502=00 a524=0005 a525=05 a170=02 a17f=00 txtail=00e3 rxpend=0000
[ 105.135] [transport] captured=5603 flushed=5603 received=7328 accepted=1441 payload2=1244 payload3=20 payload4=30 payload5=1 pump_reads=7713 bursts=1039 txcredit=0 outq=0 inq=0 watchdog=0 txseq=11 rxseq=a1 rxcredit=5 protection=00 checks=0000
[ 105.135] [epochs] local=1 peer=1 ready=true discarded_rx=0
[ 105.135] [tcb-continuations] ffa580=ff80->018392 sleep=0 local26=7710 ffa5c0=ff80->01853c sleep=0 local26=0000 ffd040=ff80->018a40 sleep=0 local26=8300 ffd0c0=ff80->018ee4 sleep=0 local26=0000 ffd100=ff80->01fbb4 sleep=0 local26=0000 ffd140=ff80->01fbb6 sleep=0 local26=0002 ffd180=ff80->01fbb6 sleep=0 local26=00a2 ffd1c0=ff80->01fbb6 sleep=0 local26=01c2 ffd200=ff80->01fbb6 sleep=0 local26=02e2 ffd240=ff80->01902e sleep=0 local26=0000 ffd280=ff80->01ffe2 sleep=0 local26=0008 ffd2c0=ff80->020004 sleep=0 local26=0002 ffd300=ff80->020004 sleep=0 local26=0000 ffd340=ff80->01febe sleep=0 local26=0000 ffd380=ff80->01fedc sleep=0 local26=0000
[ 105.138]   [header-byte] write $ffa517 = 56 mask=00ff (pc=018446)
[ 105.138] [packet-accepted] total=1442 seq=a1 flags=04 status=56 pc=01845e command=13 arg=01
[ 105.154]   [header-byte] write $ffa517 = 56 mask=00ff (pc=018446)
[ 105.154] [packet-accepted] total=1443 seq=a2 flags=04 status=56 pc=01845e command=13 arg=01
[ 105.171]   [header-byte] write $ffa517 = 56 mask=00ff (pc=018446)
[ 105.171] [packet-accepted] total=1444 seq=a3 flags=04 status=56 pc=01845e command=13 arg=01
[ 105.188]   [header-byte] write $ffa517 = 56 mask=00ff (pc=018446)
[ 105.188] [packet-accepted] total=1445 seq=a4 flags=04 status=56 pc=01845e command=13 arg=01
[ 105.206]   [header-byte] write $ffa517 = 56 mask=00ff (pc=018446)
[ 105.206] [packet-accepted] total=1446 seq=a5 flags=04 status=56 pc=01845e command=13 arg=01
[ 105.221]   [header-byte] write $ffa517 = 56 mask=00ff (pc=018446)
[ 105.221] [packet-accepted] total=1447 seq=a6 flags=04 status=56 pc=01845e command=13 arg=01
[ 105.238]   [header-byte] write $ffa517 = 56 mask=00ff (pc=018446)
[ 105.238] [packet-accepted] total=1448 seq=a7 flags=04 status=56 pc=01845e command=13 arg=01
[ 105.255]   [header-byte] write $ffa517 = 56 mask=00ff (pc=018446)
[ 105.255] [packet-accepted] total=1449 seq=a8 flags=04 status=56 pc=01845e command=13 arg=01
[ 105.271]   [header-byte] write $ffa517 = 56 mask=00ff (pc=018446)
[ 105.271] [packet-accepted] total=1450 seq=a9 flags=04 status=56 pc=01845e command=13 arg=01
[ 105.288]   [header-byte] write $ffa517 = 56 mask=00ff (pc=018446)
[ 105.288] [packet-accepted] total=1451 seq=aa flags=04 status=56 pc=01845e command=13 arg=01
[ 105.305]   [header-byte] write $ffa517 = 56 mask=00ff (pc=018446)
[ 105.305] [packet-accepted] total=1452 seq=ab flags=04 status=56 pc=01845e command=13 arg=01
[ 105.322]   [header-byte] write $ffa517 = 56 mask=00ff (pc=018446)
[ 105.322] [packet-accepted] total=1453 seq=ac flags=04 status=56 pc=01845e command=13 arg=01
[ 105.338]   [header-byte] write $ffa517 = 56 mask=00ff (pc=018446)
[ 105.338] [packet-accepted] total=1454 seq=ad flags=04 status=56 pc=01845e command=13 arg=01
[ 105.355]   [header-byte] write $ffa517 = 56 mask=00ff (pc=018446)
[ 105.355] [packet-accepted] total=1455 seq=ae flags=04 status=56 pc=01845e command=13 arg=01
[ 105.372]   [header-byte] write $ffa517 = 56 mask=00ff (pc=018446)
[ 105.372] [packet-accepted] total=1456 seq=af flags=04 status=56 pc=01845e command=13 arg=01
[ 105.388]   [header-byte] write $ffa517 = 56 mask=00ff (pc=018446)
[ 105.388] [packet-accepted] total=1457 seq=b0 flags=04 status=56 pc=01845e command=13 arg=01
[ 105.405]   [header-byte] write $ffa517 = 56 mask=00ff (pc=018446)
[ 105.405] [packet-accepted] total=1458 seq=b1 flags=04 status=56 pc=01845e command=13 arg=01
[ 105.422]   [header-byte] write $ffa517 = 56 mask=00ff (pc=018446)
[ 105.422] [packet-accepted] total=1459 seq=b2 flags=04 status=56 pc=01845e command=13 arg=01
[ 105.438]   [header-byte] write $ffa517 = 56 mask=00ff (pc=018446)
[ 105.438] [packet-accepted] total=1460 seq=b3 flags=04 status=56 pc=01845e command=13 arg=01
[ 105.455]   [header-byte] write $ffa517 = 56 mask=00ff (pc=018446)
[ 105.455] [packet-accepted] total=1461 seq=b4 flags=04 status=56 pc=01845e command=13 arg=01
[ 105.472]   [header-byte] write $ffa517 = 56 mask=00ff (pc=018446)
[ 105.472] [packet-accepted] total=1462 seq=b5 flags=04 status=56 pc=01845e command=13 arg=01
[ 105.488]   [header-byte] write $ffa517 = 56 mask=00ff (pc=018446)
[ 105.488] [packet-accepted] total=1463 seq=b6 flags=04 status=56 pc=01845e command=13 arg=01
[ 105.505]   [header-byte] write $ffa517 = 56 mask=00ff (pc=018446)
[ 105.505] [packet-accepted] total=1464 seq=b7 flags=04 status=56 pc=01845e command=13 arg=01
[ 105.524]   [header-byte] write $ffa517 = 56 mask=00ff (pc=018446)
[ 105.524] [packet-accepted] total=1465 seq=b8 flags=04 status=56 pc=01845e command=13 arg=01
[ 105.538]   [header-byte] write $ffa517 = 56 mask=00ff (pc=018446)
[ 105.538] [packet-accepted] total=1466 seq=b9 flags=04 status=56 pc=01845e command=13 arg=01
[ 105.555]   [header-byte] write $ffa517 = 56 mask=00ff (pc=018446)
[ 105.555] [packet-accepted] total=1467 seq=ba flags=04 status=56 pc=01845e command=13 arg=01
[ 105.572]   [header-byte] write $ffa517 = 56 mask=00ff (pc=018446)
[ 105.572] [packet-accepted] total=1468 seq=bb flags=04 status=56 pc=01845e command=13 arg=01
[ 105.588]   [header-byte] write $ffa517 = 56 mask=00ff (pc=018446)
[ 105.588] [packet-accepted] total=1469 seq=bc flags=04 status=56 pc=01845e command=13 arg=01
[ 105.605]   [header-byte] write $ffa517 = 56 mask=00ff (pc=018446)
[ 105.605] [packet-accepted] total=1470 seq=bd flags=04 status=56 pc=01845e command=13 arg=01
[ 105.622]   [header-byte] write $ffa517 = 56 mask=00ff (pc=018446)
[ 105.622] [packet-accepted] total=1471 seq=be flags=04 status=56 pc=01845e command=13 arg=01
[ 105.639]   [header-byte] write $ffa517 = 56 mask=00ff (pc=018446)
[ 105.639] [packet-accepted] total=1472 seq=bf flags=04 status=56 pc=01845e command=13 arg=01
[ 105.655]   [header-byte] write $ffa517 = 56 mask=00ff (pc=018446)
[ 105.655] [packet-accepted] total=1473 seq=c0 flags=04 status=56 pc=01845e command=13 arg=01
[ 105.672]   [header-byte] write $ffa517 = 56 mask=00ff (pc=018446)
[ 105.672] [packet-accepted] total=1474 seq=c1 flags=04 status=56 pc=01845e command=13 arg=01
[ 105.691]   [header-byte] write $ffa517 = 56 mask=00ff (pc=018446)
[ 105.691] [packet-accepted] total=1475 seq=c2 flags=04 status=56 pc=01845e command=13 arg=01
[ 105.705]   [header-byte] write $ffa517 = 56 mask=00ff (pc=018446)
[ 105.705] [packet-accepted] total=1476 seq=c3 flags=04 status=56 pc=01845e command=13 arg=01
[ 105.722]   [header-byte] write $ffa517 = 56 mask=00ff (pc=018446)
[ 105.722] [packet-accepted] total=1477 seq=c4 flags=04 status=56 pc=01845e command=13 arg=01
[ 105.739]   [header-byte] write $ffa517 = 56 mask=00ff (pc=018446)
[ 105.739] [packet-accepted] total=1478 seq=c5 flags=04 status=56 pc=01845e command=13 arg=01
[ 105.755]   [header-byte] write $ffa517 = 56 mask=00ff (pc=018446)
[ 105.755] [packet-accepted] total=1479 seq=c6 flags=04 status=56 pc=01845e command=13 arg=01
[ 105.772]   [header-byte] write $ffa517 = 56 mask=00ff (pc=018446)
[ 105.772] [packet-accepted] total=1480 seq=c7 flags=04 status=56 pc=01845e command=13 arg=01
[ 105.789]   [header-byte] write $ffa517 = 56 mask=00ff (pc=018446)
[ 105.789] [packet-accepted] total=1481 seq=c8 flags=04 status=56 pc=01845e command=13 arg=01
[ 105.806]   [header-byte] write $ffa517 = 56 mask=00ff (pc=018446)
[ 105.806] [packet-accepted] total=1482 seq=c9 flags=04 status=56 pc=01845e command=13 arg=01
[ 105.822]   [header-byte] write $ffa517 = 56 mask=00ff (pc=018446)
[ 105.822] [packet-accepted] total=1483 seq=ca flags=04 status=56 pc=01845e command=13 arg=01
[ 105.839]   [header-byte] write $ffa517 = 56 mask=00ff (pc=018446)
[ 105.839] [packet-accepted] total=1484 seq=cb flags=04 status=56 pc=01845e command=13 arg=01
[ 105.856]   [header-byte] write $ffa517 = 56 mask=00ff (pc=018446)
[ 105.856] [packet-accepted] total=1485 seq=cc flags=04 status=56 pc=01845e command=13 arg=01
[ 105.872]   [header-byte] write $ffa517 = 56 mask=00ff (pc=018446)
[ 105.872] [packet-accepted] total=1486 seq=cd flags=04 status=56 pc=01845e command=13 arg=01
[ 105.889]   [header-byte] write $ffa517 = 56 mask=00ff (pc=018446)
[ 105.889] [packet-accepted] total=1487 seq=ce flags=04 status=56 pc=01845e command=13 arg=01
[ 105.906]   [header-byte] write $ffa517 = 56 mask=00ff (pc=018446)
[ 105.906] [packet-accepted] total=1488 seq=cf flags=04 status=56 pc=01845e command=13 arg=01
[ 105.922]   [header-byte] write $ffa517 = 56 mask=00ff (pc=018446)
[ 105.922] [packet-accepted] total=1489 seq=d0 flags=04 status=56 pc=01845e command=13 arg=01
[ 105.939]   [header-byte] write $ffa517 = 56 mask=00ff (pc=018446)
[ 105.939] [packet-accepted] total=1490 seq=d1 flags=04 status=56 pc=01845e command=13 arg=01
[ 105.956]   [header-byte] write $ffa517 = 56 mask=00ff (pc=018446)
[ 105.956] [packet-accepted] total=1491 seq=d2 flags=04 status=56 pc=01845e command=13 arg=01
[ 105.972]   [header-byte] write $ffa517 = 56 mask=00ff (pc=018446)
[ 105.972] [packet-accepted] total=1492 seq=d3 flags=04 status=56 pc=01845e command=13 arg=01
[ 105.989]   [header-byte] write $ffa517 = 56 mask=00ff (pc=018446)
[ 105.989] [packet-accepted] total=1493 seq=d4 flags=04 status=56 pc=01845e command=13 arg=01
[ 106.007]   [header-byte] write $ffa517 = 56 mask=00ff (pc=018446)
[ 106.007] [packet-accepted] total=1494 seq=d5 flags=04 status=56 pc=01845e command=13 arg=01
[ 106.022]   [header-byte] write $ffa517 = 56 mask=00ff (pc=018446)
[ 106.022] [packet-accepted] total=1495 seq=d6 flags=04 status=56 pc=01845e command=13 arg=01
[ 106.039]   [header-byte] write $ffa517 = 56 mask=00ff (pc=018446)
[ 106.039] [packet-accepted] total=1496 seq=d7 flags=04 status=56 pc=01845e command=13 arg=01
[ 106.056]   [header-byte] write $ffa517 = 56 mask=00ff (pc=018446)
[ 106.056] [packet-accepted] total=1497 seq=d8 flags=04 status=56 pc=01845e command=13 arg=01
[ 106.073]   [header-byte] write $ffa517 = 56 mask=00ff (pc=018446)
[ 106.073] [packet-accepted] total=1498 seq=d9 flags=04 status=56 pc=01845e command=13 arg=01
[ 106.089]   [header-byte] write $ffa517 = 56 mask=00ff (pc=018446)
[ 106.089] [packet-accepted] total=1499 seq=da flags=04 status=56 pc=01845e command=13 arg=01
[ 106.106]   [header-byte] write $ffa517 = 56 mask=00ff (pc=018446)
[ 106.106] [packet-accepted] total=1500 seq=db flags=04 status=56 pc=01845e command=13 arg=01
[ 106.123]   [header-byte] write $ffa517 = 56 mask=00ff (pc=018446)
[ 106.123] [packet-accepted] total=1501 seq=dc flags=04 status=56 pc=01845e command=13 arg=01
[ 106.137] heartbeat frame=6360 tx=5903 rx=7628 fc=1 fd=10 fe=1 linkflag=81 pc=00028a a502=00 a524=0005 a525=05 a170=02 a17f=00 txtail=000f rxpend=0000
[ 106.137] [transport] captured=5903 flushed=5903 received=7628 accepted=1501 payload2=1304 payload3=20 payload4=30 payload5=1 pump_reads=7833 bursts=1099 txcredit=0 outq=0 inq=0 watchdog=0 txseq=4d rxseq=dd rxcredit=5 protection=00 checks=0000
[ 106.137] [epochs] local=1 peer=1 ready=true discarded_rx=0
[ 106.137] [tcb-continuations] ffa580=ff80->018392 sleep=0 local26=7710 ffa5c0=ff80->01853c sleep=0 local26=0000 ffd040=ff80->018a40 sleep=0 local26=8300 ffd0c0=ff80->018ee4 sleep=0 local26=0000 ffd100=ff80->01fbb4 sleep=0 local26=0000 ffd140=ff80->01fbb6 sleep=0 local26=0002 ffd180=ff80->01fbb6 sleep=0 local26=00a2 ffd1c0=ff80->01fbb6 sleep=0 local26=01c2 ffd200=ff80->01fbb6 sleep=0 local26=02e2 ffd240=ff80->01902e sleep=0 local26=0000 ffd280=ff80->01ffe2 sleep=0 local26=0007 ffd2c0=ff80->020004 sleep=0 local26=0002 ffd300=ff80->020004 sleep=0 local26=0000 ffd340=ff80->01febe sleep=0 local26=0000 ffd380=ff80->01fedc sleep=0 local26=0000
[ 106.139]   [header-byte] write $ffa517 = 56 mask=00ff (pc=018446)
[ 106.139] [packet-accepted] total=1502 seq=dd flags=04 status=56 pc=01845e command=13 arg=01
[ 106.157]   [header-byte] write $ffa517 = 56 mask=00ff (pc=018446)
[ 106.157] [packet-accepted] total=1503 seq=de flags=04 status=56 pc=01845e command=13 arg=01
[ 106.172]   [header-byte] write $ffa517 = 56 mask=00ff (pc=018446)
[ 106.172] [packet-accepted] total=1504 seq=df flags=04 status=56 pc=01845e command=13 arg=01
[ 106.189]   [header-byte] write $ffa517 = 56 mask=00ff (pc=018446)
[ 106.189] [packet-accepted] total=1505 seq=e0 flags=04 status=56 pc=01845e command=13 arg=01
[ 106.206]   [header-byte] write $ffa517 = 56 mask=00ff (pc=018446)
[ 106.206] [packet-accepted] total=1506 seq=e1 flags=04 status=56 pc=01845e command=13 arg=01
[ 106.222]   [header-byte] write $ffa517 = 56 mask=00ff (pc=018446)
[ 106.222] [packet-accepted] total=1507 seq=e2 flags=04 status=56 pc=01845e command=13 arg=01
[ 106.239]   [header-byte] write $ffa517 = 56 mask=00ff (pc=018446)
[ 106.239] [packet-accepted] total=1508 seq=e3 flags=04 status=56 pc=01845e command=13 arg=01
[ 106.256]   [header-byte] write $ffa517 = 56 mask=00ff (pc=018446)
[ 106.256] [packet-accepted] total=1509 seq=e4 flags=04 status=56 pc=01845e command=13 arg=01
[ 106.273]   [header-byte] write $ffa517 = 56 mask=00ff (pc=018446)
[ 106.273] [packet-accepted] total=1510 seq=e5 flags=04 status=56 pc=01845e command=13 arg=01
[ 106.289]   [header-byte] write $ffa517 = 56 mask=00ff (pc=018446)
[ 106.289] [packet-accepted] total=1511 seq=e6 flags=04 status=56 pc=01845e command=13 arg=01
[ 106.389]   [header-byte] write $ffa517 = 56 mask=00ff (pc=018446)
[ 106.389] [packet-accepted] total=1512 seq=e7 flags=04 status=56 pc=01845e command=13 arg=01
[ 107.138] heartbeat frame=6420 tx=6203 rx=7683 fc=1 fd=10 fe=1 linkflag=81 pc=000288 a502=00 a524=0005 a525=05 a170=02 a17f=00 txtail=003b rxpend=0000
[ 107.138] [transport] captured=6203 flushed=6203 received=7683 accepted=1512 payload2=1315 payload3=20 payload4=30 payload5=1 pump_reads=7904 bursts=1159 txcredit=0 outq=0 inq=0 watchdog=44 txseq=89 rxseq=e8 rxcredit=0 protection=00 checks=0000
[ 107.138] [epochs] local=1 peer=1 ready=true discarded_rx=0
[ 107.138] [tcb-continuations] ffa580=ff80->018392 sleep=0 local26=7710 ffa5c0=ff80->01853c sleep=0 local26=0000 ffd040=ff80->018a40 sleep=0 local26=8300 ffd0c0=ff80->018ee4 sleep=0 local26=0000 ffd100=ff80->01fbb4 sleep=0 local26=0000 ffd140=ff80->01fbb6 sleep=0 local26=0002 ffd180=ff80->01fbb6 sleep=0 local26=00a2 ffd1c0=ff80->01fbb6 sleep=0 local26=01c2 ffd200=ff80->01fbb6 sleep=0 local26=02e2 ffd240=ff80->01902e sleep=0 local26=0000 ffd280=ff80->01ffe2 sleep=0 local26=0006 ffd2c0=ff80->020004 sleep=0 local26=0002 ffd300=ff80->020004 sleep=0 local26=0000 ffd340=ff80->01febe sleep=0 local26=0000 ffd380=ff80->01fedc sleep=0 local26=0000
[ 107.805] === session stop ===
