[   0.000] === session start, version=0.6.0 side=B ===
[   0.000] taps installed; out=C:\Users\tbend\mame\PuyoPuyo2\run_purist_exercise_20260911_02\B_to_A.bin in=C:\Users\tbend\mame\PuyoPuyo2\run_purist_exercise_20260911_02\A_to_B.bin
[   0.000] SERVICE port fields: Service Mode | Coin 2 | Service 1 | Coin 1 | 1 Player Start | 2 Players Start
[   0.017] [peer-reset] old=0 new=1 local=0 queued_rx=0
[   0.017] [link-state] data=0000 mask=ffff pc=0181ec watchdog=239 expect=4f rxhead=00ed rxtail=00ed rxpend=0000
[   0.017] [protection-state] address=ffa020 data=ff00 mask=ffff pc=000932
[   0.017]   [menu-state] write $ffa172 = 0000 mask=ffff (pc=019320)
[   0.017]   [menu-state] write $ffa170 = 0000 mask=ffff (pc=019320)
[   0.017]   [menu-state] write $ffa17c = 0000 mask=ff00 (pc=019326)
[   0.017]   [menu-state] write $ffa17f = 0000 mask=00ff (pc=01932c)
[   0.017]   [menu-state] write $ffa176 = 0000 mask=ff00 (pc=01afde)
[   0.017]   [header-byte] write $ffa513 = 00 mask=00ff (pc=01afe6)
[   0.017] [protection-checksum] data=0000 mask=ff00 pc=00040e
[   0.017] [protection-checksum] data=0000 mask=00ff pc=000414
[   0.018] [protection-state] address=ffa020 data=0000 mask=ff00 pc=000948
[   0.027]   [menu-state] write $ffa170 = 0000 mask=ff00 (pc=018062)
[   0.027]   [menu-state] write $ffa176 = 0000 mask=ff00 (pc=01afde)
[   0.027]   [header-byte] write $ffa513 = 00 mask=00ff (pc=01afe6)
[   0.162] CONTROL reset pulse start (pc=01823e, prev_bank=cmd)
[   0.162] [reset] discarded tx=0 rx=0
[   0.162] [epoch-reset] local=1 peer=1 queued_rx=0
[   0.401] [link-state] data=7f7f mask=ff00 pc=018334 watchdog=239 expect=4f rxhead=0000 rxtail=0000 rxpend=0000
[   0.418] [epoch-ready] local=1 peer=1
[   0.418] CMD $FE -> cabinet role=2 (ROM linkflag=82)
[   0.418] [link-state] data=8282 mask=ff00 pc=018358 watchdog=239 expect=4f rxhead=0000 rxtail=0000 rxpend=0000
[   0.418]   [header-byte] write $ffa513 = 00 mask=00ff (pc=01afe6)
[   0.435]   [menu-state] write $ffa173 = 8080 mask=00ff (pc=01939c)
[   0.435]   [menu-state] write $ffa171 = 8080 mask=00ff (pc=019466)
[   0.435]   [header-byte] write $ffa513 = 00 mask=00ff (pc=019e4a)
[   0.435]   [header-byte] write $ffa513 = 10 mask=00ff (pc=019e5a)
[   0.435]   [header-byte] write $ffa513 = 00 mask=00ff (pc=01afe6)
[   0.435]   [header-byte] write $ffa513 = 10 mask=00ff (pc=01affe)
[   0.451]   [menu-state] write $ffa171 = 0000 mask=00ff (pc=019466)
[   0.451]   [header-byte] write $ffa513 = 00 mask=00ff (pc=019e4a)
[   0.451]   [header-byte] write $ffa513 = 00 mask=00ff (pc=01afe6)
[   0.468]   [header-byte] write $ffa517 = 13 mask=00ff (pc=018446)
[   0.468] [packet-accepted] total=1 seq=00 flags=00 status=13 pc=01845e
[   0.485]   [menu-state] write $ffa171 = 8080 mask=00ff (pc=019466)
[   0.485]   [header-byte] write $ffa513 = 00 mask=00ff (pc=019e4a)
[   0.485]   [header-byte] write $ffa513 = 10 mask=00ff (pc=019e5a)
[   0.485]   [header-byte] write $ffa513 = 00 mask=00ff (pc=01afe6)
[   0.485]   [header-byte] write $ffa513 = 10 mask=00ff (pc=01affe)
[   0.969]   [header-byte] write $ffa517 = 13 mask=00ff (pc=018446)
[   0.969] [packet-accepted] total=2 seq=01 flags=00 status=13 pc=01845e
[   1.001] heartbeat frame=60 tx=12 rx=6 fc=1 fd=10 fe=1 linkflag=82 pc=000288 a502=00 a524=0003 a525=03 a170=00 a17f=00 txtail=000c rxpend=0000
[   1.001] [transport] captured=12 flushed=12 received=6 accepted=2 payload2=0 payload3=0 payload4=0 payload5=0 pump_reads=36 bursts=4 txcredit=0 outq=0 inq=0 watchdog=1 txseq=05 rxseq=02 rxcredit=0 protection=00 checks=0000
[   1.001] [epochs] local=1 peer=1 ready=true discarded_rx=0
[   1.001] [game-state] a142=02 a13e=01 a13f=01 a530=f801 a506=00 a507=00 a508=00 a7b0=0000 a7a6=0000 script=019f80
[   1.001] [tcb-continuations] ffa580=ff80->018392 sleep=0 local26=7710 ffa5c0=ff80->01853c sleep=0 local26=0000 ffd100=ff80->01b388 sleep=129 local26=0000
[   1.469]   [header-byte] write $ffa517 = 13 mask=00ff (pc=018446)
[   1.469] [packet-accepted] total=3 seq=02 flags=00 status=13 pc=01845e
[   1.970]   [header-byte] write $ffa517 = 13 mask=00ff (pc=018446)
[   1.970] [packet-accepted] total=4 seq=03 flags=00 status=13 pc=01845e
[   2.003] heartbeat frame=120 tx=18 rx=12 fc=1 fd=10 fe=1 linkflag=82 pc=00028a a502=00 a524=0003 a525=03 a170=00 a17f=00 txtail=0012 rxpend=0000
[   2.003] [transport] captured=18 flushed=18 received=12 accepted=4 payload2=0 payload3=0 payload4=0 payload5=0 pump_reads=98 bursts=6 txcredit=0 outq=0 inq=0 watchdog=1 txseq=07 rxseq=04 rxcredit=0 protection=00 checks=0000
[   2.003] [epochs] local=1 peer=1 ready=true discarded_rx=0
[   2.003] [tcb-continuations] ffa580=ff80->018392 sleep=0 local26=7710 ffa5c0=ff80->01853c sleep=0 local26=0000 ffd100=ff80->01b388 sleep=69 local26=0000
[   2.471]   [header-byte] write $ffa517 = 13 mask=00ff (pc=018446)
[   2.971]   [header-byte] write $ffa517 = 13 mask=00ff (pc=018446)
[   3.004] heartbeat frame=180 tx=24 rx=18 fc=1 fd=10 fe=1 linkflag=82 pc=00028a a502=00 a524=0003 a525=03 a170=00 a17f=00 txtail=0018 rxpend=0000
[   3.004] [transport] captured=24 flushed=24 received=18 accepted=6 payload2=0 payload3=0 payload4=0 payload5=0 pump_reads=160 bursts=8 txcredit=0 outq=0 inq=0 watchdog=1 txseq=09 rxseq=06 rxcredit=0 protection=00 checks=0000
[   3.004] [epochs] local=1 peer=1 ready=true discarded_rx=0
[   3.004] [tcb-continuations] ffa580=ff80->018392 sleep=0 local26=7710 ffa5c0=ff80->01853c sleep=0 local26=0000 ffd100=ff80->01b388 sleep=9 local26=0000
[   3.262]   [menu-state] write $ffa170 = 0909 mask=ff00 (pc=018062)
[   3.262]   [menu-state] write $ffa176 = 0000 mask=ff00 (pc=01afde)
[   3.262]   [header-byte] write $ffa513 = 00 mask=00ff (pc=01afe6)
[   3.262]   [header-byte] write $ffa513 = 10 mask=00ff (pc=01affe)
[   3.262]   [header-byte] write $ffa513 = 11 mask=00ff (pc=01b034)
[   3.294] [protection-checksum] data=0101 mask=00ff pc=01b0bc
[   3.294] [protection-checksum] data=0000 mask=00ff pc=01b11a
[   3.479]   [menu-state] write $ffa170 = 0808 mask=ff00 (pc=018062)
[   3.479]   [menu-state] write $ffa176 = 0000 mask=ff00 (pc=01afde)
[   3.479]   [header-byte] write $ffa513 = 00 mask=00ff (pc=01afe6)
[   3.479]   [header-byte] write $ffa513 = 10 mask=00ff (pc=01affe)
[   3.479]   [header-byte] write $ffa513 = 11 mask=00ff (pc=01b034)
[   3.479] [game-command] data=0303 mask=ff00 pc=0188d8 requests=80
[   3.479]   [header-byte] write $ffa517 = 13 mask=00ff (pc=018446)
[   3.506]   [header-byte] write $ffa513 = 13 mask=00ff (pc=0189b4)
[   3.506]   [menu-state] write $ffa17f = 0000 mask=00ff (pc=0189c2)
[   3.589]   [header-byte] write $ffa517 = 13 mask=00ff (pc=018446)
[   3.589] [packet-accepted] total=8 seq=07 flags=04 status=13 pc=01845e command=33 arg=01
[   3.635]   [header-byte] write $ffa517 = 13 mask=00ff (pc=018446)
[   3.635] [packet-accepted] total=9 seq=08 flags=04 status=13 pc=01845e command=33 arg=01
[   3.635]   [header-byte] write $ffa517 = 13 mask=00ff (pc=018446)
[   3.635] [packet-accepted] total=10 seq=09 flags=04 status=13 pc=01845e command=33 arg=01
[   3.639]   [header-byte] write $ffa517 = 13 mask=00ff (pc=018446)
[   3.639] [packet-accepted] total=11 seq=0a flags=04 status=13 pc=01845e command=33 arg=01
[   3.656]   [header-byte] write $ffa517 = 13 mask=00ff (pc=018446)
[   3.656] [packet-accepted] total=12 seq=0b flags=04 status=13 pc=01845e command=33 arg=01
[   3.672]   [header-byte] write $ffa517 = 13 mask=00ff (pc=018446)
[   3.672] [packet-accepted] total=13 seq=0c flags=04 status=13 pc=01845e command=33 arg=01
[   3.701]   [header-byte] write $ffa517 = 13 mask=00ff (pc=018446)
[   3.701] [packet-accepted] total=14 seq=0d flags=04 status=13 pc=01845e command=33 arg=01
[   3.706]   [header-byte] write $ffa517 = 13 mask=00ff (pc=018446)
[   3.706] [packet-accepted] total=15 seq=0e flags=04 status=13 pc=01845e command=33 arg=01
[   3.722]   [header-byte] write $ffa517 = 13 mask=00ff (pc=018446)
[   3.722] [packet-accepted] total=16 seq=0f flags=04 status=13 pc=01845e command=33 arg=01
[   3.739]   [header-byte] write $ffa517 = 13 mask=00ff (pc=018446)
[   3.739] [packet-accepted] total=17 seq=10 flags=04 status=13 pc=01845e command=33 arg=01
[   3.784]   [header-byte] write $ffa517 = 13 mask=00ff (pc=018446)
[   3.784] [packet-accepted] total=18 seq=11 flags=04 status=13 pc=01845e command=33 arg=01
[   3.784]   [header-byte] write $ffa517 = 13 mask=00ff (pc=018446)
[   3.784] [packet-accepted] total=19 seq=12 flags=04 status=13 pc=01845e command=33 arg=01
[   3.789]   [header-byte] write $ffa517 = 13 mask=00ff (pc=018446)
[   3.789] [packet-accepted] total=20 seq=13 flags=04 status=13 pc=01845e command=33 arg=01
[   3.806]   [header-byte] write $ffa517 = 13 mask=00ff (pc=018446)
[   3.806] [packet-accepted] total=21 seq=14 flags=04 status=13 pc=01845e command=33 arg=01
[   3.822]   [header-byte] write $ffa517 = 13 mask=00ff (pc=018446)
[   3.822] [packet-accepted] total=22 seq=15 flags=04 status=13 pc=01845e command=33 arg=01
[   3.864]   [header-byte] write $ffa517 = 13 mask=00ff (pc=018446)
[   3.864] [packet-accepted] total=23 seq=16 flags=04 status=13 pc=01845e command=33 arg=01
[   3.864]   [header-byte] write $ffa517 = 13 mask=00ff (pc=018446)
[   3.864] [packet-accepted] total=24 seq=17 flags=04 status=13 pc=01845e command=33 arg=01
[   3.873]   [header-byte] write $ffa517 = 13 mask=00ff (pc=018446)
[   3.873] [packet-accepted] total=25 seq=18 flags=04 status=13 pc=01845e command=33 arg=01
[   3.889]   [header-byte] write $ffa517 = 13 mask=00ff (pc=018446)
[   3.889] [packet-accepted] total=26 seq=19 flags=04 status=13 pc=01845e command=33 arg=01
[   3.906]   [header-byte] write $ffa517 = 13 mask=00ff (pc=018446)
[   3.906] [packet-accepted] total=27 seq=1a flags=04 status=13 pc=01845e command=33 arg=01
[   4.005] heartbeat frame=240 tx=33 rx=146 fc=1 fd=10 fe=1 linkflag=82 pc=001edc a502=00 a524=0000 a525=00 a170=08 a17f=00 txtail=0021 rxpend=0019
[   4.005] [transport] captured=33 flushed=33 received=146 accepted=27 payload2=20 payload3=0 payload4=0 payload5=0 pump_reads=246 bursts=11 txcredit=0 outq=0 inq=0 watchdog=0 txseq=0b rxseq=1b rxcredit=5 protection=00 checks=0000
[   4.005] [epochs] local=1 peer=1 ready=true discarded_rx=0
[   4.005] [game-state] a142=04 a13e=00 a13f=00 a530=0301 a506=03 a507=00 a508=01 a7b0=0000 a7a6=3301 script=01a39e
[   4.005] [tcb-continuations] ffa580=ff80->018392 sleep=0 local26=7710 ffa5c0=ff80->01853c sleep=0 local26=1300 ffd040=ff80->0189c6 sleep=0 local26=0300
[   4.084]   [header-byte] write $ffa517 = 13 mask=00ff (pc=018446)
[   4.084] [packet-accepted] total=28 seq=1b flags=04 status=13 pc=01845e command=33 arg=01
[   4.084]   [header-byte] write $ffa517 = 13 mask=00ff (pc=018446)
[   4.084] [packet-accepted] total=29 seq=1c flags=04 status=13 pc=01845e command=33 arg=01
[   4.084]   [header-byte] write $ffa517 = 13 mask=00ff (pc=018446)
[   4.084] [packet-accepted] total=30 seq=1d flags=04 status=13 pc=01845e command=33 arg=01
[   4.084]   [header-byte] write $ffa517 = 13 mask=00ff (pc=018446)
[   4.084] [packet-accepted] total=31 seq=1e flags=04 status=13 pc=01845e command=33 arg=01
[   4.084]   [header-byte] write $ffa517 = 13 mask=00ff (pc=018446)
[   4.084] [packet-accepted] total=32 seq=1f flags=04 status=13 pc=01845e command=33 arg=01
[   4.084]   [header-byte] write $ffa517 = 13 mask=00ff (pc=018446)
[   4.084] [packet-accepted] total=33 seq=20 flags=04 status=13 pc=01845e command=33 arg=01
[   4.084]   [header-byte] write $ffa517 = 13 mask=00ff (pc=018446)
[   4.084] [packet-accepted] total=34 seq=21 flags=04 status=13 pc=01845e command=33 arg=01
[   4.084]   [header-byte] write $ffa517 = 13 mask=00ff (pc=018446)
[   4.084] [packet-accepted] total=35 seq=22 flags=04 status=13 pc=01845e command=33 arg=01
[   4.084]   [header-byte] write $ffa517 = 13 mask=00ff (pc=018446)
[   4.084] [packet-accepted] total=36 seq=23 flags=04 status=13 pc=01845e command=33 arg=01
[   4.084]   [header-byte] write $ffa517 = 13 mask=00ff (pc=018446)
[   4.084] [packet-accepted] total=37 seq=24 flags=04 status=13 pc=01845e command=33 arg=01
[   4.089]   [header-byte] write $ffa517 = 13 mask=00ff (pc=018446)
[   4.089] [packet-accepted] total=38 seq=25 flags=04 status=13 pc=01845e command=33 arg=01
[   4.106]   [header-byte] write $ffa517 = 13 mask=00ff (pc=018446)
[   4.106] [packet-accepted] total=39 seq=26 flags=04 status=13 pc=01845e command=33 arg=01
[   4.123]   [header-byte] write $ffa517 = 13 mask=00ff (pc=018446)
[   4.123] [packet-accepted] total=40 seq=27 flags=04 status=13 pc=01845e command=33 arg=01
[   4.139]   [header-byte] write $ffa517 = 13 mask=00ff (pc=018446)
[   4.140] [packet-accepted] total=41 seq=28 flags=04 status=13 pc=01845e command=33 arg=01
[   4.164]   [header-byte] write $ffa517 = 13 mask=00ff (pc=018446)
[   4.164] [packet-accepted] total=42 seq=29 flags=04 status=13 pc=01845e command=33 arg=01
[   4.180]   [header-byte] write $ffa517 = 13 mask=00ff (pc=018446)
[   4.181] [packet-accepted] total=43 seq=2a flags=04 status=13 pc=01845e command=33 arg=01
[   4.191]   [header-byte] write $ffa517 = 13 mask=00ff (pc=018446)
[   4.191] [packet-accepted] total=44 seq=2b flags=04 status=13 pc=01845e command=33 arg=01
[   4.208]   [header-byte] write $ffa517 = 13 mask=00ff (pc=018446)
[   4.208] [packet-accepted] total=45 seq=2c flags=04 status=13 pc=01845e command=33 arg=01
[   4.225]   [header-byte] write $ffa517 = 13 mask=00ff (pc=018446)
[   4.225] [packet-accepted] total=46 seq=2d flags=04 status=13 pc=01845e command=33 arg=01
[   4.241]   [header-byte] write $ffa517 = 13 mask=00ff (pc=018446)
[   4.241] [packet-accepted] total=47 seq=2e flags=04 status=13 pc=01845e command=33 arg=01
[   4.258]   [header-byte] write $ffa517 = 13 mask=00ff (pc=018446)
[   4.258] [packet-accepted] total=48 seq=2f flags=04 status=13 pc=01845e command=33 arg=01
[   4.275]   [header-byte] write $ffa517 = 13 mask=00ff (pc=018446)
[   4.275] [packet-accepted] total=49 seq=30 flags=04 status=13 pc=01845e command=33 arg=01
[   4.291]   [header-byte] write $ffa517 = 13 mask=00ff (pc=018446)
[   4.291] [packet-accepted] total=50 seq=31 flags=04 status=13 pc=01845e command=33 arg=01
[   4.308]   [header-byte] write $ffa517 = 13 mask=00ff (pc=018446)
[   4.308] [packet-accepted] total=51 seq=32 flags=04 status=13 pc=01845e command=33 arg=01
[   4.326]   [header-byte] write $ffa517 = 13 mask=00ff (pc=018446)
[   4.326] [packet-accepted] total=52 seq=33 flags=04 status=13 pc=01845e command=33 arg=01
[   4.341]   [header-byte] write $ffa517 = 13 mask=00ff (pc=018446)
[   4.342] [packet-accepted] total=53 seq=34 flags=04 status=13 pc=01845e command=33 arg=01
[   4.358]   [header-byte] write $ffa517 = 13 mask=00ff (pc=018446)
[   4.358] [packet-accepted] total=54 seq=35 flags=04 status=13 pc=01845e command=33 arg=01
[   4.375]   [header-byte] write $ffa517 = 13 mask=00ff (pc=018446)
[   4.375] [packet-accepted] total=55 seq=36 flags=04 status=13 pc=01845e command=33 arg=01
[   4.391]   [header-byte] write $ffa517 = 13 mask=00ff (pc=018446)
[   4.391] [packet-accepted] total=56 seq=37 flags=04 status=13 pc=01845e command=33 arg=01
[   4.408]   [header-byte] write $ffa517 = 13 mask=00ff (pc=018446)
[   4.408] [packet-accepted] total=57 seq=38 flags=04 status=13 pc=01845e command=33 arg=01
[   4.425]   [header-byte] write $ffa517 = 13 mask=00ff (pc=018446)
[   4.425] [packet-accepted] total=58 seq=39 flags=04 status=13 pc=01845e command=33 arg=01
[   4.442]   [header-byte] write $ffa517 = 13 mask=00ff (pc=018446)
[   4.442] [packet-accepted] total=59 seq=3a flags=04 status=13 pc=01845e command=33 arg=01
[   4.458]   [header-byte] write $ffa517 = 13 mask=00ff (pc=018446)
[   4.458] [packet-accepted] total=60 seq=3b flags=04 status=13 pc=01845e command=33 arg=01
[   4.477]   [header-byte] write $ffa517 = 13 mask=00ff (pc=018446)
[   4.477] [packet-accepted] total=61 seq=3c flags=04 status=13 pc=01845e command=33 arg=01
[   4.492]   [header-byte] write $ffa517 = 13 mask=00ff (pc=018446)
[   4.492] [packet-accepted] total=62 seq=3d flags=04 status=13 pc=01845e command=33 arg=01
[   4.508]   [header-byte] write $ffa517 = 13 mask=00ff (pc=018446)
[   4.508] [packet-accepted] total=63 seq=3e flags=04 status=13 pc=01845e command=33 arg=01
[   4.525]   [header-byte] write $ffa517 = 13 mask=00ff (pc=018446)
[   4.525] [packet-accepted] total=64 seq=3f flags=04 status=13 pc=01845e command=33 arg=01
[   4.542]   [header-byte] write $ffa517 = 13 mask=00ff (pc=018446)
[   4.542] [packet-accepted] total=65 seq=40 flags=04 status=13 pc=01845e command=33 arg=01
[   4.558]   [header-byte] write $ffa517 = 13 mask=00ff (pc=018446)
[   4.558] [packet-accepted] total=66 seq=41 flags=04 status=13 pc=01845e command=33 arg=01
[   4.575]   [header-byte] write $ffa517 = 13 mask=00ff (pc=018446)
[   4.575] [packet-accepted] total=67 seq=42 flags=04 status=13 pc=01845e command=33 arg=01
[   4.592]   [header-byte] write $ffa517 = 13 mask=00ff (pc=018446)
[   4.592] [packet-accepted] total=68 seq=43 flags=04 status=13 pc=01845e command=33 arg=01
[   4.608]   [header-byte] write $ffa517 = 13 mask=00ff (pc=018446)
[   4.608] [packet-accepted] total=69 seq=44 flags=04 status=13 pc=01845e command=33 arg=01
[   4.625]   [header-byte] write $ffa517 = 13 mask=00ff (pc=018446)
[   4.625] [packet-accepted] total=70 seq=45 flags=04 status=13 pc=01845e command=33 arg=01
[   4.644]   [header-byte] write $ffa517 = 13 mask=00ff (pc=018446)
[   4.644] [packet-accepted] total=71 seq=46 flags=04 status=13 pc=01845e command=33 arg=01
[   4.659]   [header-byte] write $ffa517 = 13 mask=00ff (pc=018446)
[   4.659] [packet-accepted] total=72 seq=47 flags=04 status=13 pc=01845e command=33 arg=01
[   4.675]   [header-byte] write $ffa517 = 13 mask=00ff (pc=018446)
[   4.675] [packet-accepted] total=73 seq=48 flags=04 status=13 pc=01845e command=33 arg=01
[   4.692]   [header-byte] write $ffa517 = 13 mask=00ff (pc=018446)
[   4.692] [packet-accepted] total=74 seq=49 flags=04 status=13 pc=01845e command=33 arg=01
[   4.709]   [header-byte] write $ffa517 = 13 mask=00ff (pc=018446)
[   4.709] [packet-accepted] total=75 seq=4a flags=04 status=13 pc=01845e command=33 arg=01
[   4.725]   [header-byte] write $ffa517 = 13 mask=00ff (pc=018446)
[   4.725] [packet-accepted] total=76 seq=4b flags=04 status=13 pc=01845e command=33 arg=01
[   4.742]   [header-byte] write $ffa517 = 13 mask=00ff (pc=018446)
[   4.742] [packet-accepted] total=77 seq=4c flags=04 status=13 pc=01845e command=33 arg=01
[   4.759]   [header-byte] write $ffa517 = 13 mask=00ff (pc=018446)
[   4.759] [packet-accepted] total=78 seq=4d flags=04 status=13 pc=01845e command=33 arg=01
[   4.775]   [header-byte] write $ffa517 = 13 mask=00ff (pc=018446)
[   4.775] [packet-accepted] total=79 seq=4e flags=04 status=13 pc=01845e command=33 arg=01
[   4.792]   [header-byte] write $ffa517 = 13 mask=00ff (pc=018446)
[   4.792] [packet-accepted] total=80 seq=4f flags=04 status=13 pc=01845e command=33 arg=01
[   4.809]   [header-byte] write $ffa517 = 13 mask=00ff (pc=018446)
[   4.809] [packet-accepted] total=81 seq=50 flags=04 status=13 pc=01845e command=33 arg=01
[   4.825]   [header-byte] write $ffa517 = 13 mask=00ff (pc=018446)
[   4.825] [packet-accepted] total=82 seq=51 flags=04 status=13 pc=01845e command=33 arg=01
[   4.842]   [header-byte] write $ffa517 = 13 mask=00ff (pc=018446)
[   4.842] [packet-accepted] total=83 seq=52 flags=04 status=13 pc=01845e command=33 arg=01
[   4.859]   [header-byte] write $ffa517 = 13 mask=00ff (pc=018446)
[   4.859] [packet-accepted] total=84 seq=53 flags=04 status=13 pc=01845e command=33 arg=01
[   4.876]   [header-byte] write $ffa517 = 13 mask=00ff (pc=018446)
[   4.876] [packet-accepted] total=85 seq=54 flags=04 status=13 pc=01845e command=33 arg=01
[   4.892]   [header-byte] write $ffa517 = 13 mask=00ff (pc=018446)
[   4.892] [packet-accepted] total=86 seq=55 flags=04 status=13 pc=01845e command=33 arg=01
[   4.909]   [header-byte] write $ffa517 = 13 mask=00ff (pc=018446)
[   4.909] [packet-accepted] total=87 seq=56 flags=04 status=13 pc=01845e command=33 arg=01
[   4.926]   [header-byte] write $ffa517 = 13 mask=00ff (pc=018446)
[   4.926] [packet-accepted] total=88 seq=57 flags=04 status=13 pc=01845e command=33 arg=01
[   4.942]   [header-byte] write $ffa517 = 13 mask=00ff (pc=018446)
[   4.942] [packet-accepted] total=89 seq=58 flags=04 status=13 pc=01845e command=33 arg=01
[   4.961]   [header-byte] write $ffa517 = 13 mask=00ff (pc=018446)
[   4.961] [packet-accepted] total=90 seq=59 flags=04 status=13 pc=01845e command=33 arg=01
[   4.976]   [header-byte] write $ffa517 = 13 mask=00ff (pc=018446)
[   4.976] [packet-accepted] total=91 seq=5a flags=04 status=13 pc=01845e command=33 arg=01
[   4.992]   [header-byte] write $ffa517 = 13 mask=00ff (pc=018446)
[   4.992] [packet-accepted] total=92 seq=5b flags=04 status=13 pc=01845e command=33 arg=01
[   5.006] heartbeat frame=300 tx=278 rx=446 fc=1 fd=10 fe=1 linkflag=82 pc=00028a a502=00 a524=0005 a525=05 a170=08 a17f=00 txtail=0016 rxpend=0000
[   5.006] [transport] captured=278 flushed=278 received=446 accepted=92 payload2=85 payload3=0 payload4=0 payload5=0 pump_reads=366 bursts=60 txcredit=0 outq=0 inq=0 watchdog=0 txseq=3d rxseq=5c rxcredit=5 protection=00 checks=0000
[   5.006] [epochs] local=1 peer=1 ready=true discarded_rx=0
[   5.006] [tcb-continuations] ffa580=ff80->018392 sleep=0 local26=7710 ffa5c0=ff80->01853c sleep=0 local26=0000 ffd040=ff80->018a40 sleep=0 local26=0300 ffd080=ff80->018ee4 sleep=0 local26=0000 ffd0c0=ff80->018ee4 sleep=0 local26=0000 ffd100=ff80->01fbb4 sleep=0 local26=0000 ffd140=ff80->01fbb6 sleep=0 local26=0002 ffd180=ff80->01fbb6 sleep=0 local26=00a2 ffd1c0=ff80->01fbb6 sleep=0 local26=01c2 ffd200=ff80->01fbb6 sleep=0 local26=02e2 ffd240=ff80->01902e sleep=0 local26=0000 ffd280=ff80->01ffe2 sleep=0 local26=0000 ffd2c0=ff80->020004 sleep=0 local26=0002 ffd300=ff80->020004 sleep=0 local26=0000 ffd340=ff80->01febe sleep=0 local26=0000 ffd380=ff80->01fedc sleep=0 local26=0000 ffd3c0=ff80->01febe sleep=0 local26=0000 ffd400=ff80->01fedc sleep=0 local26=0000
[   5.009]   [header-byte] write $ffa517 = 13 mask=00ff (pc=018446)
[   5.009] [packet-accepted] total=93 seq=5c flags=04 status=13 pc=01845e command=33 arg=01
[   5.026]   [header-byte] write $ffa517 = 13 mask=00ff (pc=018446)
[   5.026] [packet-accepted] total=94 seq=5d flags=04 status=13 pc=01845e command=33 arg=01
[   5.042]   [header-byte] write $ffa517 = 13 mask=00ff (pc=018446)
[   5.042] [packet-accepted] total=95 seq=5e flags=04 status=13 pc=01845e command=33 arg=01
[   5.059]   [header-byte] write $ffa517 = 13 mask=00ff (pc=018446)
[   5.059] [packet-accepted] total=96 seq=5f flags=04 status=13 pc=01845e command=33 arg=01
[   5.076]   [header-byte] write $ffa517 = 13 mask=00ff (pc=018446)
[   5.076] [packet-accepted] total=97 seq=60 flags=04 status=13 pc=01845e command=33 arg=01
[   5.092]   [header-byte] write $ffa517 = 13 mask=00ff (pc=018446)
[   5.092] [packet-accepted] total=98 seq=61 flags=04 status=13 pc=01845e command=33 arg=01
[   5.110]   [header-byte] write $ffa517 = 13 mask=00ff (pc=018446)
[   5.110] [packet-accepted] total=99 seq=62 flags=04 status=13 pc=01845e command=33 arg=01
[   5.125]   [header-byte] write $ffa517 = 13 mask=00ff (pc=018446)
[   5.125] [packet-accepted] total=100 seq=63 flags=04 status=13 pc=01845e command=33 arg=01
[   5.142]   [header-byte] write $ffa517 = 13 mask=00ff (pc=018446)
[   5.142] [packet-accepted] total=101 seq=64 flags=04 status=13 pc=01845e command=33 arg=01
[   5.159]   [header-byte] write $ffa517 = 13 mask=00ff (pc=018446)
[   5.159] [packet-accepted] total=102 seq=65 flags=04 status=13 pc=01845e command=33 arg=01
[   5.176]   [header-byte] write $ffa517 = 13 mask=00ff (pc=018446)
[   5.176] [packet-accepted] total=103 seq=66 flags=04 status=13 pc=01845e command=33 arg=01
[   5.192]   [header-byte] write $ffa517 = 13 mask=00ff (pc=018446)
[   5.192] [packet-accepted] total=104 seq=67 flags=04 status=13 pc=01845e command=33 arg=01
[   5.209]   [header-byte] write $ffa517 = 13 mask=00ff (pc=018446)
[   5.209] [packet-accepted] total=105 seq=68 flags=04 status=13 pc=01845e command=33 arg=01
[   5.226]   [header-byte] write $ffa517 = 13 mask=00ff (pc=018446)
[   5.226] [packet-accepted] total=106 seq=69 flags=04 status=13 pc=01845e command=33 arg=01
[   5.242]   [header-byte] write $ffa517 = 13 mask=00ff (pc=018446)
[   5.242] [packet-accepted] total=107 seq=6a flags=04 status=13 pc=01845e command=33 arg=01
[   5.259]   [header-byte] write $ffa517 = 13 mask=00ff (pc=018446)
[   5.259] [packet-accepted] total=108 seq=6b flags=04 status=13 pc=01845e command=33 arg=01
[   5.276]   [header-byte] write $ffa517 = 13 mask=00ff (pc=018446)
[   5.276] [packet-accepted] total=109 seq=6c flags=04 status=13 pc=01845e command=33 arg=01
[   5.292]   [header-byte] write $ffa517 = 13 mask=00ff (pc=018446)
[   5.292] [packet-accepted] total=110 seq=6d flags=04 status=13 pc=01845e command=33 arg=01
[   5.309]   [header-byte] write $ffa517 = 13 mask=00ff (pc=018446)
[   5.309] [packet-accepted] total=111 seq=6e flags=04 status=13 pc=01845e command=33 arg=01
[   5.326]   [header-byte] write $ffa517 = 13 mask=00ff (pc=018446)
[   5.326] [packet-accepted] total=112 seq=6f flags=04 status=13 pc=01845e command=33 arg=01
[   5.342]   [header-byte] write $ffa517 = 13 mask=00ff (pc=018446)
[   5.342] [packet-accepted] total=113 seq=70 flags=04 status=13 pc=01845e command=33 arg=01
[   5.359]   [header-byte] write $ffa517 = 13 mask=00ff (pc=018446)
[   5.359] [packet-accepted] total=114 seq=71 flags=04 status=13 pc=01845e command=33 arg=01
[   5.376]   [header-byte] write $ffa517 = 13 mask=00ff (pc=018446)
[   5.376] [packet-accepted] total=115 seq=72 flags=04 status=13 pc=01845e command=33 arg=01
[   5.392]   [header-byte] write $ffa517 = 13 mask=00ff (pc=018446)
[   5.392] [packet-accepted] total=116 seq=73 flags=04 status=13 pc=01845e command=33 arg=01
[   5.409]   [header-byte] write $ffa517 = 13 mask=00ff (pc=018446)
[   5.409] [packet-accepted] total=117 seq=74 flags=04 status=13 pc=01845e command=33 arg=01
[   5.428]   [header-byte] write $ffa517 = 13 mask=00ff (pc=018446)
[   5.428] [packet-accepted] total=118 seq=75 flags=04 status=13 pc=01845e command=33 arg=01
[   5.443]   [header-byte] write $ffa517 = 13 mask=00ff (pc=018446)
[   5.443] [packet-accepted] total=119 seq=76 flags=04 status=13 pc=01845e command=33 arg=01
[   5.459]   [header-byte] write $ffa517 = 13 mask=00ff (pc=018446)
[   5.459] [packet-accepted] total=120 seq=77 flags=04 status=13 pc=01845e command=33 arg=01
[   5.476]   [header-byte] write $ffa517 = 13 mask=00ff (pc=018446)
[   5.476] [packet-accepted] total=121 seq=78 flags=04 status=13 pc=01845e command=33 arg=01
[   5.493]   [header-byte] write $ffa517 = 13 mask=00ff (pc=018446)
[   5.493] [packet-accepted] total=122 seq=79 flags=04 status=13 pc=01845e command=33 arg=01
[   5.509]   [header-byte] write $ffa517 = 13 mask=00ff (pc=018446)
[   5.509] [packet-accepted] total=123 seq=7a flags=04 status=13 pc=01845e command=33 arg=01
[   5.526]   [header-byte] write $ffa517 = 13 mask=00ff (pc=018446)
[   5.526] [packet-accepted] total=124 seq=7b flags=04 status=13 pc=01845e command=33 arg=01
[   5.543]   [header-byte] write $ffa517 = 13 mask=00ff (pc=018446)
[   5.543] [packet-accepted] total=125 seq=7c flags=04 status=13 pc=01845e command=33 arg=01
[   5.559]   [header-byte] write $ffa517 = 13 mask=00ff (pc=018446)
[   5.559] [packet-accepted] total=126 seq=7d flags=04 status=13 pc=01845e command=33 arg=01
[   5.576]   [header-byte] write $ffa517 = 13 mask=00ff (pc=018446)
[   5.576] [packet-accepted] total=127 seq=7e flags=04 status=13 pc=01845e command=33 arg=01
[   5.595]   [header-byte] write $ffa517 = 13 mask=00ff (pc=018446)
[   5.595] [packet-accepted] total=128 seq=7f flags=04 status=13 pc=01845e command=33 arg=01
[   5.610]   [header-byte] write $ffa517 = 13 mask=00ff (pc=018446)
[   5.610] [packet-accepted] total=129 seq=80 flags=04 status=13 pc=01845e command=33 arg=01
[   5.626]   [header-byte] write $ffa517 = 13 mask=00ff (pc=018446)
[   5.626] [packet-accepted] total=130 seq=81 flags=04 status=13 pc=01845e command=33 arg=01
[   5.643]   [header-byte] write $ffa517 = 13 mask=00ff (pc=018446)
[   5.643] [packet-accepted] total=131 seq=82 flags=04 status=13 pc=01845e command=33 arg=01
[   5.660]   [header-byte] write $ffa517 = 13 mask=00ff (pc=018446)
[   5.660] [packet-accepted] total=132 seq=83 flags=04 status=13 pc=01845e command=33 arg=01
[   5.676]   [header-byte] write $ffa517 = 13 mask=00ff (pc=018446)
[   5.676] [packet-accepted] total=133 seq=84 flags=04 status=13 pc=01845e command=33 arg=01
[   5.693]   [header-byte] write $ffa517 = 13 mask=00ff (pc=018446)
[   5.693] [packet-accepted] total=134 seq=85 flags=04 status=13 pc=01845e command=33 arg=01
[   5.710]   [header-byte] write $ffa517 = 13 mask=00ff (pc=018446)
[   5.710] [packet-accepted] total=135 seq=86 flags=04 status=13 pc=01845e command=33 arg=01
[   5.726]   [header-byte] write $ffa517 = 13 mask=00ff (pc=018446)
[   5.726] [packet-accepted] total=136 seq=87 flags=04 status=13 pc=01845e command=33 arg=01
[   5.743]   [header-byte] write $ffa517 = 13 mask=00ff (pc=018446)
[   5.743] [packet-accepted] total=137 seq=88 flags=04 status=13 pc=01845e command=33 arg=01
[   5.760]   [header-byte] write $ffa517 = 13 mask=00ff (pc=018446)
[   5.760] [packet-accepted] total=138 seq=89 flags=04 status=13 pc=01845e command=33 arg=01
[   5.776]   [header-byte] write $ffa517 = 13 mask=00ff (pc=018446)
[   5.776] [packet-accepted] total=139 seq=8a flags=04 status=13 pc=01845e command=33 arg=01
[   5.793]   [header-byte] write $ffa517 = 13 mask=00ff (pc=018446)
[   5.793] [packet-accepted] total=140 seq=8b flags=04 status=13 pc=01845e command=33 arg=01
[   5.810]   [header-byte] write $ffa517 = 13 mask=00ff (pc=018446)
[   5.810] [packet-accepted] total=141 seq=8c flags=04 status=13 pc=01845e command=33 arg=01
[   5.826]   [header-byte] write $ffa517 = 13 mask=00ff (pc=018446)
[   5.826] [packet-accepted] total=142 seq=8d flags=04 status=13 pc=01845e command=33 arg=01
[   5.843]   [header-byte] write $ffa517 = 13 mask=00ff (pc=018446)
[   5.843] [packet-accepted] total=143 seq=8e flags=04 status=13 pc=01845e command=33 arg=01
[   5.860]   [header-byte] write $ffa517 = 13 mask=00ff (pc=018446)
[   5.860] [packet-accepted] total=144 seq=8f flags=04 status=13 pc=01845e command=33 arg=01
[   5.876]   [header-byte] write $ffa517 = 13 mask=00ff (pc=018446)
[   5.876] [packet-accepted] total=145 seq=90 flags=04 status=13 pc=01845e command=33 arg=01
[   5.893]   [header-byte] write $ffa517 = 13 mask=00ff (pc=018446)
[   5.893] [packet-accepted] total=146 seq=91 flags=04 status=13 pc=01845e command=33 arg=01
[   5.912]   [header-byte] write $ffa517 = 13 mask=00ff (pc=018446)
[   5.912] [packet-accepted] total=147 seq=92 flags=04 status=13 pc=01845e command=33 arg=01
[   5.927]   [header-byte] write $ffa517 = 13 mask=00ff (pc=018446)
[   5.927] [packet-accepted] total=148 seq=93 flags=04 status=13 pc=01845e command=33 arg=01
[   5.943]   [header-byte] write $ffa517 = 13 mask=00ff (pc=018446)
[   5.943] [packet-accepted] total=149 seq=94 flags=04 status=13 pc=01845e command=33 arg=01
[   5.960]   [header-byte] write $ffa517 = 13 mask=00ff (pc=018446)
[   5.960] [packet-accepted] total=150 seq=95 flags=04 status=13 pc=01845e command=33 arg=01
[   5.977]   [header-byte] write $ffa517 = 13 mask=00ff (pc=018446)
[   5.977] [packet-accepted] total=151 seq=96 flags=04 status=13 pc=01845e command=33 arg=01
[   5.993]   [header-byte] write $ffa517 = 13 mask=00ff (pc=018446)
[   5.993] [packet-accepted] total=152 seq=97 flags=04 status=13 pc=01845e command=33 arg=01
[   6.008] heartbeat frame=360 tx=578 rx=746 fc=1 fd=10 fe=1 linkflag=82 pc=000288 a502=00 a524=0005 a525=05 a170=08 a17f=00 txtail=0042 rxpend=0000
[   6.008] [transport] captured=578 flushed=578 received=746 accepted=152 payload2=145 payload3=0 payload4=0 payload5=0 pump_reads=486 bursts=120 txcredit=0 outq=0 inq=0 watchdog=0 txseq=79 rxseq=98 rxcredit=5 protection=00 checks=0000
[   6.008] [epochs] local=1 peer=1 ready=true discarded_rx=0
[   6.008] [tcb-continuations] ffa580=ff80->018392 sleep=0 local26=7710 ffa5c0=ff80->01853c sleep=0 local26=0000 ffd040=ff80->018a40 sleep=0 local26=0300 ffd080=ff80->018ee4 sleep=0 local26=0000 ffd0c0=ff80->018ee4 sleep=0 local26=0000 ffd100=ff80->01fbb4 sleep=0 local26=0000 ffd140=ff80->01fbb6 sleep=0 local26=0002 ffd180=ff80->01fbb6 sleep=0 local26=00a2 ffd1c0=ff80->01fbb6 sleep=0 local26=01c2 ffd200=ff80->01fbb6 sleep=0 local26=02e2 ffd240=ff80->01902e sleep=0 local26=0000 ffd280=ff80->01ffe2 sleep=0 local26=0009 ffd2c0=ff80->020004 sleep=0 local26=0002 ffd300=ff80->020004 sleep=0 local26=0000 ffd340=ff80->01febe sleep=0 local26=0000 ffd380=ff80->01fedc sleep=0 local26=0000 ffd3c0=ff80->01febe sleep=0 local26=0000 ffd400=ff80->01fedc sleep=0 local26=0000
[   6.010]   [header-byte] write $ffa517 = 13 mask=00ff (pc=018446)
[   6.010] [packet-accepted] total=153 seq=98 flags=04 status=13 pc=01845e command=33 arg=01
[   6.027]   [header-byte] write $ffa517 = 13 mask=00ff (pc=018446)
[   6.027] [packet-accepted] total=154 seq=99 flags=04 status=13 pc=01845e command=33 arg=01
[   6.043]   [header-byte] write $ffa517 = 13 mask=00ff (pc=018446)
[   6.043] [packet-accepted] total=155 seq=9a flags=04 status=13 pc=01845e command=33 arg=01
[   6.062]   [header-byte] write $ffa517 = 13 mask=00ff (pc=018446)
[   6.062] [packet-accepted] total=156 seq=9b flags=04 status=13 pc=01845e command=33 arg=01
[   6.077]   [header-byte] write $ffa517 = 13 mask=00ff (pc=018446)
[   6.077] [packet-accepted] total=157 seq=9c flags=04 status=13 pc=01845e command=33 arg=01
[   6.094]   [header-byte] write $ffa517 = 13 mask=00ff (pc=018446)
[   6.094] [packet-accepted] total=158 seq=9d flags=04 status=13 pc=01845e command=33 arg=01
[   6.110]   [header-byte] write $ffa517 = 13 mask=00ff (pc=018446)
[   6.110] [packet-accepted] total=159 seq=9e flags=04 status=13 pc=01845e command=33 arg=01
[   6.127]   [header-byte] write $ffa517 = 13 mask=00ff (pc=018446)
[   6.127] [packet-accepted] total=160 seq=9f flags=04 status=13 pc=01845e command=33 arg=01
[   6.144]   [header-byte] write $ffa517 = 13 mask=00ff (pc=018446)
[   6.144] [packet-accepted] total=161 seq=a0 flags=04 status=13 pc=01845e command=33 arg=01
[   6.160]   [header-byte] write $ffa517 = 13 mask=00ff (pc=018446)
[   6.160] [packet-accepted] total=162 seq=a1 flags=04 status=13 pc=01845e command=33 arg=01
[   6.177]   [header-byte] write $ffa517 = 13 mask=00ff (pc=018446)
[   6.177] [packet-accepted] total=163 seq=a2 flags=04 status=13 pc=01845e command=33 arg=01
[   6.194]   [header-byte] write $ffa517 = 13 mask=00ff (pc=018446)
[   6.194] [packet-accepted] total=164 seq=a3 flags=04 status=13 pc=01845e command=33 arg=01
[   6.210]   [header-byte] write $ffa517 = 13 mask=00ff (pc=018446)
[   6.210] [packet-accepted] total=165 seq=a4 flags=04 status=13 pc=01845e command=33 arg=01
[   6.227]   [header-byte] write $ffa517 = 13 mask=00ff (pc=018446)
[   6.227] [packet-accepted] total=166 seq=a5 flags=04 status=13 pc=01845e command=33 arg=01
[   6.244]   [header-byte] write $ffa517 = 13 mask=00ff (pc=018446)
[   6.244] [packet-accepted] total=167 seq=a6 flags=04 status=13 pc=01845e command=33 arg=01
[   6.261]   [header-byte] write $ffa517 = 13 mask=00ff (pc=018446)
[   6.261] [packet-accepted] total=168 seq=a7 flags=04 status=13 pc=01845e command=33 arg=01
[   6.277]   [header-byte] write $ffa517 = 13 mask=00ff (pc=018446)
[   6.277] [packet-accepted] total=169 seq=a8 flags=04 status=13 pc=01845e command=33 arg=01
[   6.294]   [header-byte] write $ffa517 = 13 mask=00ff (pc=018446)
[   6.294] [packet-accepted] total=170 seq=a9 flags=04 status=13 pc=01845e command=33 arg=01
[   6.311]   [header-byte] write $ffa517 = 13 mask=00ff (pc=018446)
[   6.311] [packet-accepted] total=171 seq=aa flags=04 status=13 pc=01845e command=33 arg=01
[   6.327]   [header-byte] write $ffa517 = 13 mask=00ff (pc=018446)
[   6.327] [packet-accepted] total=172 seq=ab flags=04 status=13 pc=01845e command=33 arg=01
[   6.344]   [header-byte] write $ffa517 = 13 mask=00ff (pc=018446)
[   6.344] [packet-accepted] total=173 seq=ac flags=04 status=13 pc=01845e command=33 arg=01
[   6.361]   [header-byte] write $ffa517 = 13 mask=00ff (pc=018446)
[   6.361] [packet-accepted] total=174 seq=ad flags=04 status=13 pc=01845e command=33 arg=01
[   6.379]   [header-byte] write $ffa517 = 13 mask=00ff (pc=018446)
[   6.379] [packet-accepted] total=175 seq=ae flags=04 status=13 pc=01845e command=33 arg=01
[   6.394]   [header-byte] write $ffa517 = 13 mask=00ff (pc=018446)
[   6.394] [packet-accepted] total=176 seq=af flags=04 status=13 pc=01845e command=33 arg=01
[   6.411]   [header-byte] write $ffa517 = 13 mask=00ff (pc=018446)
[   6.411] [packet-accepted] total=177 seq=b0 flags=04 status=13 pc=01845e command=33 arg=01
[   6.428]   [header-byte] write $ffa517 = 13 mask=00ff (pc=018446)
[   6.428] [packet-accepted] total=178 seq=b1 flags=04 status=13 pc=01845e command=33 arg=01
[   6.444]   [header-byte] write $ffa517 = 13 mask=00ff (pc=018446)
[   6.444] [packet-accepted] total=179 seq=b2 flags=04 status=13 pc=01845e command=33 arg=01
[   6.461]   [header-byte] write $ffa517 = 13 mask=00ff (pc=018446)
[   6.461] [packet-accepted] total=180 seq=b3 flags=04 status=13 pc=01845e command=33 arg=01
[   6.478]   [header-byte] write $ffa517 = 13 mask=00ff (pc=018446)
[   6.478] [packet-accepted] total=181 seq=b4 flags=04 status=13 pc=01845e command=33 arg=01
[   6.494]   [header-byte] write $ffa517 = 13 mask=00ff (pc=018446)
[   6.494] [packet-accepted] total=182 seq=b5 flags=04 status=13 pc=01845e command=33 arg=01
[   6.511]   [header-byte] write $ffa517 = 13 mask=00ff (pc=018446)
[   6.511] [packet-accepted] total=183 seq=b6 flags=04 status=13 pc=01845e command=33 arg=01
[   6.528]   [header-byte] write $ffa517 = 13 mask=00ff (pc=018446)
[   6.528] [packet-accepted] total=184 seq=b7 flags=04 status=13 pc=01845e command=33 arg=01
[   6.546]   [header-byte] write $ffa517 = 13 mask=00ff (pc=018446)
[   6.546] [packet-accepted] total=185 seq=b8 flags=04 status=13 pc=01845e command=33 arg=01
[   6.561]   [header-byte] write $ffa517 = 13 mask=00ff (pc=018446)
[   6.561] [packet-accepted] total=186 seq=b9 flags=04 status=13 pc=01845e command=33 arg=01
[   6.578]   [header-byte] write $ffa517 = 13 mask=00ff (pc=018446)
[   6.578] [packet-accepted] total=187 seq=ba flags=04 status=13 pc=01845e command=33 arg=01
[   6.594]   [header-byte] write $ffa517 = 13 mask=00ff (pc=018446)
[   6.594] [packet-accepted] total=188 seq=bb flags=04 status=13 pc=01845e command=33 arg=01
[   6.611]   [header-byte] write $ffa517 = 13 mask=00ff (pc=018446)
[   6.611] [packet-accepted] total=189 seq=bc flags=04 status=13 pc=01845e command=33 arg=01
[   6.628]   [header-byte] write $ffa517 = 13 mask=00ff (pc=018446)
[   6.628] [packet-accepted] total=190 seq=bd flags=04 status=13 pc=01845e command=33 arg=01
[   6.644]   [header-byte] write $ffa517 = 13 mask=00ff (pc=018446)
[   6.644] [packet-accepted] total=191 seq=be flags=04 status=13 pc=01845e command=33 arg=01
[   6.661]   [header-byte] write $ffa517 = 13 mask=00ff (pc=018446)
[   6.661] [packet-accepted] total=192 seq=bf flags=04 status=13 pc=01845e command=33 arg=01
[   6.678]   [header-byte] write $ffa517 = 13 mask=00ff (pc=018446)
[   6.678] [packet-accepted] total=193 seq=c0 flags=04 status=13 pc=01845e command=33 arg=01
[   6.695]   [header-byte] write $ffa517 = 13 mask=00ff (pc=018446)
[   6.695] [packet-accepted] total=194 seq=c1 flags=04 status=13 pc=01845e command=33 arg=01
[   6.711]   [header-byte] write $ffa517 = 13 mask=00ff (pc=018446)
[   6.711] [packet-accepted] total=195 seq=c2 flags=04 status=13 pc=01845e command=33 arg=01
[   6.728]   [header-byte] write $ffa517 = 13 mask=00ff (pc=018446)
[   6.728] [packet-accepted] total=196 seq=c3 flags=04 status=13 pc=01845e command=33 arg=01
[   6.745]   [header-byte] write $ffa517 = 13 mask=00ff (pc=018446)
[   6.745] [packet-accepted] total=197 seq=c4 flags=04 status=13 pc=01845e command=33 arg=01
[   6.761]   [header-byte] write $ffa517 = 13 mask=00ff (pc=018446)
[   6.761] [packet-accepted] total=198 seq=c5 flags=04 status=13 pc=01845e command=33 arg=01
[   6.778]   [header-byte] write $ffa517 = 13 mask=00ff (pc=018446)
[   6.778] [packet-accepted] total=199 seq=c6 flags=04 status=13 pc=01845e command=33 arg=01
[   6.795]   [header-byte] write $ffa517 = 13 mask=00ff (pc=018446)
[   6.795] [packet-accepted] total=200 seq=c7 flags=04 status=13 pc=01845e command=33 arg=01
[   6.811]   [header-byte] write $ffa517 = 13 mask=00ff (pc=018446)
[   6.811] [packet-accepted] total=201 seq=c8 flags=04 status=13 pc=01845e command=33 arg=01
[   6.828]   [header-byte] write $ffa517 = 13 mask=00ff (pc=018446)
[   6.828] [packet-accepted] total=202 seq=c9 flags=04 status=13 pc=01845e command=33 arg=01
[   6.845]   [header-byte] write $ffa517 = 13 mask=00ff (pc=018446)
[   6.845] [packet-accepted] total=203 seq=ca flags=04 status=13 pc=01845e command=33 arg=01
[   6.863]   [header-byte] write $ffa517 = 13 mask=00ff (pc=018446)
[   6.863] [packet-accepted] total=204 seq=cb flags=04 status=13 pc=01845e command=33 arg=01
[   6.878]   [header-byte] write $ffa517 = 13 mask=00ff (pc=018446)
[   6.878] [packet-accepted] total=205 seq=cc flags=04 status=13 pc=01845e command=33 arg=01
[   6.895]   [header-byte] write $ffa517 = 13 mask=00ff (pc=018446)
[   6.895] [packet-accepted] total=206 seq=cd flags=04 status=13 pc=01845e command=33 arg=01
[   6.911]   [header-byte] write $ffa517 = 13 mask=00ff (pc=018446)
[   6.911] [packet-accepted] total=207 seq=ce flags=04 status=13 pc=01845e command=33 arg=01
[   6.928]   [header-byte] write $ffa517 = 13 mask=00ff (pc=018446)
[   6.928] [packet-accepted] total=208 seq=cf flags=04 status=13 pc=01845e command=33 arg=01
[   6.945]   [header-byte] write $ffa517 = 13 mask=00ff (pc=018446)
[   6.945] [packet-accepted] total=209 seq=d0 flags=04 status=13 pc=01845e command=33 arg=01
[   6.961]   [header-byte] write $ffa517 = 13 mask=00ff (pc=018446)
[   6.961] [packet-accepted] total=210 seq=d1 flags=04 status=13 pc=01845e command=33 arg=01
[   6.978]   [header-byte] write $ffa517 = 13 mask=00ff (pc=018446)
[   6.978] [packet-accepted] total=211 seq=d2 flags=04 status=13 pc=01845e command=33 arg=01
[   6.995]   [header-byte] write $ffa517 = 13 mask=00ff (pc=018446)
[   6.995] [packet-accepted] total=212 seq=d3 flags=04 status=13 pc=01845e command=33 arg=01
[   7.009] heartbeat frame=420 tx=878 rx=1046 fc=1 fd=10 fe=1 linkflag=82 pc=00028a a502=00 a524=0005 a525=05 a170=08 a17f=00 txtail=006e rxpend=0000
[   7.009] [transport] captured=878 flushed=878 received=1046 accepted=212 payload2=205 payload3=0 payload4=0 payload5=0 pump_reads=606 bursts=180 txcredit=0 outq=0 inq=0 watchdog=0 txseq=b5 rxseq=d4 rxcredit=5 protection=00 checks=0000
[   7.009] [epochs] local=1 peer=1 ready=true discarded_rx=0
[   7.009] [tcb-continuations] ffa580=ff80->018392 sleep=0 local26=7710 ffa5c0=ff80->01853c sleep=0 local26=0000 ffd040=ff80->018a40 sleep=0 local26=0300 ffd080=ff80->018ee4 sleep=0 local26=0000 ffd0c0=ff80->018ee4 sleep=0 local26=0000 ffd100=ff80->01fbb4 sleep=0 local26=0000 ffd140=ff80->01fbb6 sleep=0 local26=0002 ffd180=ff80->01fbb6 sleep=0 local26=00a2 ffd1c0=ff80->01fbb6 sleep=0 local26=01c2 ffd200=ff80->01fbb6 sleep=0 local26=02e2 ffd240=ff80->01902e sleep=0 local26=0000 ffd280=ff80->01ffe2 sleep=0 local26=0008 ffd2c0=ff80->020004 sleep=0 local26=0002 ffd300=ff80->020004 sleep=0 local26=0000 ffd340=ff80->01febe sleep=0 local26=0000 ffd380=ff80->01fedc sleep=0 local26=0000 ffd3c0=ff80->01febe sleep=0 local26=0000 ffd400=ff80->01fedc sleep=0 local26=0000
[   7.013]   [header-byte] write $ffa517 = 13 mask=00ff (pc=018446)
[   7.013] [packet-accepted] total=213 seq=d4 flags=04 status=13 pc=01845e command=33 arg=01
[   7.026] [protection-state] address=ffa020 data=0101 mask=ff00 pc=000948
[   7.026] [protection-state] address=ffa020 data=0101 mask=00ff pc=000952
[   7.033]   [header-byte] write $ffa517 = 13 mask=00ff (pc=018446)
[   7.033] [packet-accepted] total=214 seq=d5 flags=04 status=13 pc=01845e command=33 arg=01
[   7.043] [protection-state] address=ffa020 data=0000 mask=00ff pc=000952
[   7.045]   [header-byte] write $ffa517 = 13 mask=00ff (pc=018446)
[   7.045] [packet-accepted] total=215 seq=d6 flags=04 status=13 pc=01845e command=33 arg=01
[   7.063]   [header-byte] write $ffa517 = 13 mask=00ff (pc=018446)
[   7.063] [packet-accepted] total=216 seq=d7 flags=04 status=13 pc=01845e command=33 arg=01
[   7.076] [protection-state] address=ffa020 data=0000 mask=ff00 pc=000948
[   7.078]   [header-byte] write $ffa517 = 13 mask=00ff (pc=018446)
[   7.078] [packet-accepted] total=217 seq=d8 flags=04 status=13 pc=01845e command=33 arg=01
[   7.096]   [header-byte] write $ffa517 = 13 mask=00ff (pc=018446)
[   7.096] [packet-accepted] total=218 seq=d9 flags=04 status=13 pc=01845e command=33 arg=01
[   7.112]   [header-byte] write $ffa517 = 13 mask=00ff (pc=018446)
[   7.112] [packet-accepted] total=219 seq=da flags=04 status=13 pc=01845e command=33 arg=01
[   7.129]   [header-byte] write $ffa517 = 13 mask=00ff (pc=018446)
[   7.129] [packet-accepted] total=220 seq=db flags=04 status=13 pc=01845e command=33 arg=01
[   7.145]   [header-byte] write $ffa517 = 13 mask=00ff (pc=018446)
[   7.145] [packet-accepted] total=221 seq=dc flags=04 status=13 pc=01845e command=33 arg=01
[   7.162]   [header-byte] write $ffa517 = 13 mask=00ff (pc=018446)
[   7.162] [packet-accepted] total=222 seq=dd flags=04 status=13 pc=01845e command=33 arg=01
[   7.179]   [header-byte] write $ffa517 = 13 mask=00ff (pc=018446)
[   7.179] [packet-accepted] total=223 seq=de flags=04 status=13 pc=01845e command=33 arg=01
[   7.195]   [header-byte] write $ffa517 = 13 mask=00ff (pc=018446)
[   7.195] [packet-accepted] total=224 seq=df flags=04 status=13 pc=01845e command=33 arg=01
[   7.212]   [header-byte] write $ffa517 = 13 mask=00ff (pc=018446)
[   7.212] [packet-accepted] total=225 seq=e0 flags=04 status=13 pc=01845e command=33 arg=01
[   7.229]   [header-byte] write $ffa517 = 13 mask=00ff (pc=018446)
[   7.229] [packet-accepted] total=226 seq=e1 flags=04 status=13 pc=01845e command=33 arg=01
[   7.246]   [header-byte] write $ffa517 = 13 mask=00ff (pc=018446)
[   7.246] [packet-accepted] total=227 seq=e2 flags=04 status=13 pc=01845e command=33 arg=01
[   7.262]   [header-byte] write $ffa517 = 13 mask=00ff (pc=018446)
[   7.262] [packet-accepted] total=228 seq=e3 flags=04 status=13 pc=01845e command=33 arg=01
[   7.276] [protection-state] address=ffa020 data=0101 mask=ff00 pc=000948
[   7.276] [protection-state] address=ffa020 data=0101 mask=00ff pc=000952
[   7.281]   [header-byte] write $ffa517 = 13 mask=00ff (pc=018446)
[   7.281] [packet-accepted] total=229 seq=e4 flags=04 status=13 pc=01845e command=33 arg=01
[   7.293] [protection-state] address=ffa020 data=0000 mask=00ff pc=000952
[   7.295]   [header-byte] write $ffa517 = 13 mask=00ff (pc=018446)
[   7.295] [packet-accepted] total=230 seq=e5 flags=04 status=13 pc=01845e command=33 arg=01
[   7.313]   [header-byte] write $ffa517 = 13 mask=00ff (pc=018446)
[   7.313] [packet-accepted] total=231 seq=e6 flags=04 status=13 pc=01845e command=33 arg=01
[   7.326] [protection-state] address=ffa020 data=0000 mask=ff00 pc=000948
[   7.330]   [header-byte] write $ffa517 = 13 mask=00ff (pc=018446)
[   7.330] [packet-accepted] total=232 seq=e7 flags=04 status=13 pc=01845e command=33 arg=01
[   7.346]   [header-byte] write $ffa517 = 13 mask=00ff (pc=018446)
[   7.346] [packet-accepted] total=233 seq=e8 flags=04 status=13 pc=01845e command=33 arg=01
[   7.362]   [header-byte] write $ffa517 = 13 mask=00ff (pc=018446)
[   7.362] [packet-accepted] total=234 seq=e9 flags=04 status=13 pc=01845e command=33 arg=01
[   7.379]   [header-byte] write $ffa517 = 13 mask=00ff (pc=018446)
[   7.379] [packet-accepted] total=235 seq=ea flags=04 status=13 pc=01845e command=33 arg=01
[   7.396]   [header-byte] write $ffa517 = 13 mask=00ff (pc=018446)
[   7.396] [packet-accepted] total=236 seq=eb flags=04 status=13 pc=01845e command=33 arg=01
[   7.413]   [header-byte] write $ffa517 = 13 mask=00ff (pc=018446)
[   7.413] [packet-accepted] total=237 seq=ec flags=04 status=13 pc=01845e command=33 arg=01
[   7.429]   [header-byte] write $ffa517 = 13 mask=00ff (pc=018446)
[   7.429] [packet-accepted] total=238 seq=ed flags=04 status=13 pc=01845e command=33 arg=01
[   7.446]   [header-byte] write $ffa517 = 13 mask=00ff (pc=018446)
[   7.446] [packet-accepted] total=239 seq=ee flags=04 status=13 pc=01845e command=33 arg=01
[   7.463]   [header-byte] write $ffa517 = 13 mask=00ff (pc=018446)
[   7.463] [packet-accepted] total=240 seq=ef flags=04 status=13 pc=01845e command=33 arg=01
[   7.479]   [header-byte] write $ffa517 = 13 mask=00ff (pc=018446)
[   7.479] [packet-accepted] total=241 seq=f0 flags=04 status=13 pc=01845e command=33 arg=01
[   7.496]   [header-byte] write $ffa517 = 13 mask=00ff (pc=018446)
[   7.496] [packet-accepted] total=242 seq=f1 flags=04 status=13 pc=01845e command=33 arg=01
[   7.512]   [header-byte] write $ffa517 = 13 mask=00ff (pc=018446)
[   7.512] [packet-accepted] total=243 seq=f2 flags=04 status=13 pc=01845e command=33 arg=01
[   7.526] [protection-state] address=ffa020 data=0101 mask=ff00 pc=000948
[   7.526] [protection-state] address=ffa020 data=0101 mask=00ff pc=000952
[   7.531]   [header-byte] write $ffa517 = 13 mask=00ff (pc=018446)
[   7.531] [packet-accepted] total=244 seq=f3 flags=04 status=13 pc=01845e command=33 arg=01
[   7.543] [protection-state] address=ffa020 data=0000 mask=00ff pc=000952
[   7.546]   [header-byte] write $ffa517 = 13 mask=00ff (pc=018446)
[   7.546] [packet-accepted] total=245 seq=f4 flags=04 status=13 pc=01845e command=33 arg=01
[   7.563]   [header-byte] write $ffa517 = 13 mask=00ff (pc=018446)
[   7.563] [packet-accepted] total=246 seq=f5 flags=04 status=13 pc=01845e command=33 arg=01
[   7.577] [protection-state] address=ffa020 data=0000 mask=ff00 pc=000948
[   7.579]   [header-byte] write $ffa517 = 13 mask=00ff (pc=018446)
[   7.579] [packet-accepted] total=247 seq=f6 flags=04 status=13 pc=01845e command=33 arg=01
[   7.596]   [header-byte] write $ffa517 = 13 mask=00ff (pc=018446)
[   7.596] [packet-accepted] total=248 seq=f7 flags=04 status=13 pc=01845e command=33 arg=01
[   7.613]   [header-byte] write $ffa517 = 13 mask=00ff (pc=018446)
[   7.613] [packet-accepted] total=249 seq=f8 flags=04 status=13 pc=01845e command=33 arg=01
[   7.629]   [header-byte] write $ffa517 = 13 mask=00ff (pc=018446)
[   7.629] [packet-accepted] total=250 seq=f9 flags=04 status=13 pc=01845e command=33 arg=01
[   7.646]   [header-byte] write $ffa517 = 13 mask=00ff (pc=018446)
[   7.646] [packet-accepted] total=251 seq=fa flags=04 status=13 pc=01845e command=33 arg=01
[   7.663]   [header-byte] write $ffa517 = 13 mask=00ff (pc=018446)
[   7.663] [packet-accepted] total=252 seq=fb flags=04 status=13 pc=01845e command=33 arg=01
[   7.679]   [header-byte] write $ffa517 = 13 mask=00ff (pc=018446)
[   7.679] [packet-accepted] total=253 seq=fc flags=04 status=13 pc=01845e command=33 arg=01
[   7.696]   [header-byte] write $ffa517 = 13 mask=00ff (pc=018446)
[   7.696] [packet-accepted] total=254 seq=fd flags=04 status=13 pc=01845e command=33 arg=01
[   7.713]   [header-byte] write $ffa517 = 13 mask=00ff (pc=018446)
[   7.713] [packet-accepted] total=255 seq=fe flags=04 status=13 pc=01845e command=33 arg=01
[   7.730]   [header-byte] write $ffa517 = 13 mask=00ff (pc=018446)
[   7.730] [packet-accepted] total=256 seq=ff flags=04 status=13 pc=01845e command=33 arg=01
[   7.746]   [header-byte] write $ffa517 = 13 mask=00ff (pc=018446)
[   7.746] [packet-accepted] total=257 seq=00 flags=04 status=13 pc=01845e command=33 arg=01
[   7.763]   [header-byte] write $ffa517 = 13 mask=00ff (pc=018446)
[   7.763] [packet-accepted] total=258 seq=01 flags=04 status=13 pc=01845e command=33 arg=01
[   7.777] [protection-state] address=ffa020 data=0101 mask=ff00 pc=000948
[   7.777] [protection-state] address=ffa020 data=0101 mask=00ff pc=000952
[   7.782]   [header-byte] write $ffa517 = 13 mask=00ff (pc=018446)
[   7.782] [packet-accepted] total=259 seq=02 flags=04 status=13 pc=01845e command=33 arg=01
[   7.794] [protection-state] address=ffa020 data=0000 mask=00ff pc=000952
[   7.796]   [header-byte] write $ffa517 = 13 mask=00ff (pc=018446)
[   7.796] [packet-accepted] total=260 seq=03 flags=04 status=13 pc=01845e command=33 arg=01
[   7.814]   [header-byte] write $ffa517 = 13 mask=00ff (pc=018446)
[   7.814] [packet-accepted] total=261 seq=04 flags=04 status=13 pc=01845e command=33 arg=01
[   7.827] [protection-state] address=ffa020 data=0000 mask=ff00 pc=000948
[   7.830]   [header-byte] write $ffa517 = 13 mask=00ff (pc=018446)
[   7.830] [packet-accepted] total=262 seq=05 flags=04 status=13 pc=01845e command=33 arg=01
[   7.847]   [header-byte] write $ffa517 = 13 mask=00ff (pc=018446)
[   7.847] [packet-accepted] total=263 seq=06 flags=04 status=13 pc=01845e command=33 arg=01
[   7.863]   [header-byte] write $ffa517 = 13 mask=00ff (pc=018446)
[   7.863] [packet-accepted] total=264 seq=07 flags=04 status=13 pc=01845e command=33 arg=01
[   7.880]   [header-byte] write $ffa517 = 13 mask=00ff (pc=018446)
[   7.880] [packet-accepted] total=265 seq=08 flags=04 status=13 pc=01845e command=33 arg=01
[   7.896]   [header-byte] write $ffa517 = 13 mask=00ff (pc=018446)
[   7.896] [packet-accepted] total=266 seq=09 flags=04 status=13 pc=01845e command=33 arg=01
[   7.913]   [header-byte] write $ffa517 = 13 mask=00ff (pc=018446)
[   7.913] [packet-accepted] total=267 seq=0a flags=04 status=13 pc=01845e command=33 arg=01
[   7.930]   [header-byte] write $ffa517 = 13 mask=00ff (pc=018446)
[   7.930] [packet-accepted] total=268 seq=0b flags=04 status=13 pc=01845e command=33 arg=01
[   7.946]   [header-byte] write $ffa517 = 13 mask=00ff (pc=018446)
[   7.946] [packet-accepted] total=269 seq=0c flags=04 status=13 pc=01845e command=33 arg=01
[   7.964]   [header-byte] write $ffa517 = 13 mask=00ff (pc=018446)
[   7.964] [packet-accepted] total=270 seq=0d flags=04 status=13 pc=01845e command=33 arg=01
[   7.980]   [header-byte] write $ffa517 = 13 mask=00ff (pc=018446)
[   7.980] [packet-accepted] total=271 seq=0e flags=04 status=13 pc=01845e command=33 arg=01
[   7.997]   [header-byte] write $ffa517 = 13 mask=00ff (pc=018446)
[   7.997] [packet-accepted] total=272 seq=0f flags=04 status=13 pc=01845e command=33 arg=01
[   8.010] heartbeat frame=480 tx=1178 rx=1346 fc=1 fd=10 fe=1 linkflag=82 pc=000288 a502=00 a524=0005 a525=05 a170=08 a17f=00 txtail=009a rxpend=0000
[   8.010] [transport] captured=1178 flushed=1178 received=1346 accepted=272 payload2=265 payload3=0 payload4=0 payload5=0 pump_reads=726 bursts=240 txcredit=0 outq=0 inq=0 watchdog=0 txseq=f1 rxseq=10 rxcredit=5 protection=00 checks=0000
[   8.010] [epochs] local=1 peer=1 ready=true discarded_rx=0
[   8.010] [tcb-continuations] ffa580=ff80->018392 sleep=0 local26=7710 ffa5c0=ff80->01853c sleep=0 local26=0000 ffd040=ff80->018a40 sleep=0 local26=0300 ffd080=ff80->018ee4 sleep=0 local26=0000 ffd0c0=ff80->018ee4 sleep=0 local26=0000 ffd100=ff80->01fbb4 sleep=0 local26=0000 ffd140=ff80->01fbb6 sleep=0 local26=0002 ffd180=ff80->01fbb6 sleep=0 local26=00a2 ffd1c0=ff80->01fbb6 sleep=0 local26=01c2 ffd200=ff80->01fbb6 sleep=0 local26=02e2 ffd240=ff80->01902e sleep=0 local26=0000 ffd280=ff80->01ffe2 sleep=0 local26=0007 ffd2c0=ff80->020004 sleep=0 local26=0002 ffd300=ff80->020004 sleep=0 local26=0000 ffd340=ff80->01febe sleep=0 local26=0000 ffd380=ff80->01fedc sleep=0 local26=0000 ffd3c0=ff80->01febe sleep=0 local26=0000 ffd400=ff80->01fedc sleep=0 local26=0000
[   8.013]   [header-byte] write $ffa517 = 13 mask=00ff (pc=018446)
[   8.013] [packet-accepted] total=273 seq=10 flags=04 status=13 pc=01845e command=33 arg=01
[   8.030]   [header-byte] write $ffa517 = 13 mask=00ff (pc=018446)
[   8.030] [packet-accepted] total=274 seq=11 flags=04 status=13 pc=01845e command=33 arg=01
[   8.047]   [header-byte] write $ffa517 = 13 mask=00ff (pc=018446)
[   8.047] [packet-accepted] total=275 seq=12 flags=04 status=13 pc=01845e command=33 arg=01
[   8.063]   [header-byte] write $ffa517 = 13 mask=00ff (pc=018446)
[   8.063] [packet-accepted] total=276 seq=13 flags=04 status=13 pc=01845e command=33 arg=01
[   8.080]   [header-byte] write $ffa517 = 13 mask=00ff (pc=018446)
[   8.080] [packet-accepted] total=277 seq=14 flags=04 status=13 pc=01845e command=33 arg=01
[   8.097]   [header-byte] write $ffa517 = 13 mask=00ff (pc=018446)
[   8.097] [packet-accepted] total=278 seq=15 flags=04 status=13 pc=01845e command=33 arg=01
[   8.113]   [header-byte] write $ffa517 = 13 mask=00ff (pc=018446)
[   8.113] [packet-accepted] total=279 seq=16 flags=04 status=13 pc=01845e command=33 arg=01
[   8.130]   [header-byte] write $ffa517 = 13 mask=00ff (pc=018446)
[   8.130] [packet-accepted] total=280 seq=17 flags=04 status=13 pc=01845e command=33 arg=01
[   8.147]   [header-byte] write $ffa517 = 13 mask=00ff (pc=018446)
[   8.147] [packet-accepted] total=281 seq=18 flags=04 status=13 pc=01845e command=33 arg=01
[   8.163]   [header-byte] write $ffa517 = 13 mask=00ff (pc=018446)
[   8.164] [packet-accepted] total=282 seq=19 flags=04 status=13 pc=01845e command=33 arg=01
[   8.180]   [header-byte] write $ffa517 = 13 mask=00ff (pc=018446)
[   8.180] [packet-accepted] total=283 seq=1a flags=04 status=13 pc=01845e command=33 arg=01
[   8.197]   [header-byte] write $ffa517 = 13 mask=00ff (pc=018446)
[   8.197] [packet-accepted] total=284 seq=1b flags=04 status=13 pc=01845e command=33 arg=01
[   8.213]   [header-byte] write $ffa517 = 13 mask=00ff (pc=018446)
[   8.213] [packet-accepted] total=285 seq=1c flags=04 status=13 pc=01845e command=33 arg=01
[   8.230]   [header-byte] write $ffa517 = 13 mask=00ff (pc=018446)
[   8.230] [packet-accepted] total=286 seq=1d flags=04 status=13 pc=01845e command=33 arg=01
[   8.247]   [header-byte] write $ffa517 = 13 mask=00ff (pc=018446)
[   8.247] [packet-accepted] total=287 seq=1e flags=04 status=13 pc=01845e command=33 arg=01
[   8.263]   [header-byte] write $ffa517 = 13 mask=00ff (pc=018446)
[   8.263] [packet-accepted] total=288 seq=1f flags=04 status=13 pc=01845e command=33 arg=01
[   8.282]   [header-byte] write $ffa517 = 13 mask=00ff (pc=018446)
[   8.282] [packet-accepted] total=289 seq=20 flags=04 status=13 pc=01845e command=33 arg=01
[   8.296]   [header-byte] write $ffa517 = 13 mask=00ff (pc=018446)
[   8.296] [packet-accepted] total=290 seq=21 flags=04 status=13 pc=01845e command=33 arg=01
[   8.313]   [header-byte] write $ffa517 = 13 mask=00ff (pc=018446)
[   8.313] [packet-accepted] total=291 seq=22 flags=04 status=13 pc=01845e command=33 arg=01
[   8.330]   [header-byte] write $ffa517 = 13 mask=00ff (pc=018446)
[   8.330] [packet-accepted] total=292 seq=23 flags=04 status=13 pc=01845e command=33 arg=01
[   8.346]   [header-byte] write $ffa517 = 13 mask=00ff (pc=018446)
[   8.346] [packet-accepted] total=293 seq=24 flags=04 status=13 pc=01845e command=33 arg=01
[   8.363]   [header-byte] write $ffa517 = 13 mask=00ff (pc=018446)
[   8.363] [packet-accepted] total=294 seq=25 flags=04 status=13 pc=01845e command=33 arg=01
[   8.380]   [header-byte] write $ffa517 = 13 mask=00ff (pc=018446)
[   8.380] [packet-accepted] total=295 seq=26 flags=04 status=13 pc=01845e command=33 arg=01
[   8.396]   [header-byte] write $ffa517 = 13 mask=00ff (pc=018446)
[   8.396] [packet-accepted] total=296 seq=27 flags=04 status=13 pc=01845e command=33 arg=01
[   8.413]   [header-byte] write $ffa517 = 13 mask=00ff (pc=018446)
[   8.413] [packet-accepted] total=297 seq=28 flags=04 status=13 pc=01845e command=33 arg=01
[   8.430]   [header-byte] write $ffa517 = 13 mask=00ff (pc=018446)
[   8.430] [packet-accepted] total=298 seq=29 flags=04 status=13 pc=01845e command=33 arg=01
[   8.450]   [header-byte] write $ffa517 = 13 mask=00ff (pc=018446)
[   8.450] [packet-accepted] total=299 seq=2a flags=04 status=13 pc=01845e command=33 arg=01
[   8.463]   [header-byte] write $ffa517 = 13 mask=00ff (pc=018446)
[   8.463] [packet-accepted] total=300 seq=2b flags=04 status=13 pc=01845e command=33 arg=01
[   8.480]   [header-byte] write $ffa517 = 13 mask=00ff (pc=018446)
[   8.480] [packet-accepted] total=301 seq=2c flags=04 status=13 pc=01845e command=33 arg=01
[   8.497]   [header-byte] write $ffa517 = 13 mask=00ff (pc=018446)
[   8.497] [packet-accepted] total=302 seq=2d flags=04 status=13 pc=01845e command=33 arg=01
[   8.513]   [header-byte] write $ffa517 = 13 mask=00ff (pc=018446)
[   8.513] [packet-accepted] total=303 seq=2e flags=04 status=13 pc=01845e command=33 arg=01
[   8.528] [protection-state] address=ffa020 data=1010 mask=ff00 pc=000948
[   8.528] [protection-state] address=ffa020 data=1010 mask=00ff pc=000952
[   8.530]   [header-byte] write $ffa517 = 13 mask=00ff (pc=018446)
[   8.530] [packet-accepted] total=304 seq=2f flags=04 status=13 pc=01845e command=33 arg=01
[   8.545] [protection-state] address=ffa020 data=0000 mask=00ff pc=000952
[   8.548]   [header-byte] write $ffa517 = 13 mask=00ff (pc=018446)
[   8.548] [packet-accepted] total=305 seq=30 flags=04 status=13 pc=01845e command=33 arg=01
[   8.548] [game-command] data=1313 mask=ff00 pc=018ae0 requests=00
[   8.564]   [header-byte] write $ffa517 = 13 mask=00ff (pc=018446)
[   8.564] [packet-accepted] total=306 seq=31 flags=04 status=13 pc=01845e command=33 arg=01
[   8.578] [protection-state] address=ffa020 data=0000 mask=ff00 pc=000948
[   8.580]   [header-byte] write $ffa517 = 13 mask=00ff (pc=018446)
[   8.580] [packet-accepted] total=307 seq=32 flags=04 status=13 pc=01845e command=33 arg=01
[   8.597]   [header-byte] write $ffa517 = 13 mask=00ff (pc=018446)
[   8.597] [packet-accepted] total=308 seq=33 flags=04 status=13 pc=01845e command=33 arg=01
[   8.614]   [header-byte] write $ffa517 = 13 mask=00ff (pc=018446)
[   8.614] [packet-accepted] total=309 seq=34 flags=04 status=13 pc=01845e command=33 arg=01
[   8.630]   [header-byte] write $ffa517 = 13 mask=00ff (pc=018446)
[   8.630] [packet-accepted] total=310 seq=35 flags=04 status=13 pc=01845e command=33 arg=01
[   8.647]   [header-byte] write $ffa517 = 13 mask=00ff (pc=018446)
[   8.647] [packet-accepted] total=311 seq=36 flags=04 status=13 pc=01845e command=33 arg=01
[   8.664]   [header-byte] write $ffa517 = 13 mask=00ff (pc=018446)
[   8.664] [packet-accepted] total=312 seq=37 flags=04 status=13 pc=01845e command=33 arg=01
[   8.681]   [header-byte] write $ffa517 = 13 mask=00ff (pc=018446)
[   8.681] [packet-accepted] total=313 seq=38 flags=04 status=13 pc=01845e command=33 arg=01
[   8.697]   [header-byte] write $ffa517 = 13 mask=00ff (pc=018446)
[   8.697] [packet-accepted] total=314 seq=39 flags=04 status=13 pc=01845e command=33 arg=01
[   8.714]   [header-byte] write $ffa517 = 13 mask=00ff (pc=018446)
[   8.714] [packet-accepted] total=315 seq=3a flags=04 status=13 pc=01845e command=33 arg=01
[   8.731]   [header-byte] write $ffa517 = 13 mask=00ff (pc=018446)
[   8.731] [packet-accepted] total=316 seq=3b flags=04 status=13 pc=01845e command=33 arg=01
[   8.749]   [header-byte] write $ffa517 = 13 mask=00ff (pc=018446)
[   8.749] [packet-accepted] total=317 seq=3c flags=04 status=13 pc=01845e command=33 arg=01
[   8.764]   [header-byte] write $ffa517 = 13 mask=00ff (pc=018446)
[   8.764] [packet-accepted] total=318 seq=3d flags=04 status=13 pc=01845e command=33 arg=01
[   8.781]   [header-byte] write $ffa517 = 13 mask=00ff (pc=018446)
[   8.781] [packet-accepted] total=319 seq=3e flags=04 status=13 pc=01845e command=33 arg=01
[   8.797]   [header-byte] write $ffa517 = 13 mask=00ff (pc=018446)
[   8.797] [packet-accepted] total=320 seq=3f flags=04 status=13 pc=01845e command=33 arg=01
[   8.814]   [header-byte] write $ffa517 = 13 mask=00ff (pc=018446)
[   8.814] [packet-accepted] total=321 seq=40 flags=04 status=13 pc=01845e command=33 arg=01
[   8.831]   [header-byte] write $ffa517 = 13 mask=00ff (pc=018446)
[   8.831] [packet-accepted] total=322 seq=41 flags=04 status=13 pc=01845e command=33 arg=01
[   8.847]   [header-byte] write $ffa517 = 13 mask=00ff (pc=018446)
[   8.847] [packet-accepted] total=323 seq=42 flags=04 status=13 pc=01845e command=33 arg=01
[   8.864]   [header-byte] write $ffa517 = 13 mask=00ff (pc=018446)
[   8.864] [packet-accepted] total=324 seq=43 flags=04 status=13 pc=01845e command=33 arg=01
[   8.881]   [header-byte] write $ffa517 = 13 mask=00ff (pc=018446)
[   8.881] [packet-accepted] total=325 seq=44 flags=04 status=13 pc=01845e command=33 arg=01
[   8.897]   [header-byte] write $ffa517 = 13 mask=00ff (pc=018446)
[   8.897] [packet-accepted] total=326 seq=45 flags=04 status=13 pc=01845e command=33 arg=01
[   8.916]   [header-byte] write $ffa517 = 13 mask=00ff (pc=018446)
[   8.916] [packet-accepted] total=327 seq=46 flags=04 status=13 pc=01845e command=33 arg=01
[   8.930]   [header-byte] write $ffa517 = 13 mask=00ff (pc=018446)
[   8.930] [packet-accepted] total=328 seq=47 flags=04 status=13 pc=01845e command=33 arg=01
[   8.947]   [header-byte] write $ffa517 = 13 mask=00ff (pc=018446)
[   8.947] [packet-accepted] total=329 seq=48 flags=04 status=13 pc=01845e command=33 arg=01
[   8.964]   [header-byte] write $ffa517 = 13 mask=00ff (pc=018446)
[   8.964] [packet-accepted] total=330 seq=49 flags=04 status=13 pc=01845e command=33 arg=01
[   8.980]   [header-byte] write $ffa517 = 13 mask=00ff (pc=018446)
[   8.980] [packet-accepted] total=331 seq=4a flags=04 status=13 pc=01845e command=33 arg=01
[   8.997]   [header-byte] write $ffa517 = 13 mask=00ff (pc=018446)
[   8.997] [packet-accepted] total=332 seq=4b flags=04 status=13 pc=01845e command=33 arg=01
[   9.012] heartbeat frame=540 tx=1478 rx=1646 fc=1 fd=10 fe=1 linkflag=82 pc=000288 a502=00 a524=0005 a525=05 a170=08 a17f=00 txtail=00c6 rxpend=0000
[   9.012] [transport] captured=1478 flushed=1478 received=1646 accepted=332 payload2=325 payload3=0 payload4=0 payload5=0 pump_reads=846 bursts=300 txcredit=0 outq=0 inq=0 watchdog=0 txseq=2d rxseq=4c rxcredit=5 protection=00 checks=0000
[   9.012] [epochs] local=1 peer=1 ready=true discarded_rx=0
[   9.012] [game-state] a142=04 a13e=01 a13f=01 a530=1301 a506=03 a507=00 a508=01 a7b0=0000 a7a6=3301 script=01a39e
[   9.012] [tcb-continuations] ffa580=ff80->018392 sleep=0 local26=7710 ffa5c0=ff80->01853c sleep=0 local26=0000 ffd040=ff80->018a40 sleep=0 local26=0300 ffd0c0=ff80->018ee4 sleep=0 local26=0000 ffd100=ff80->01fbb4 sleep=0 local26=0000 ffd140=ff80->01fbb6 sleep=0 local26=0002 ffd180=ff80->01fbb6 sleep=0 local26=00a2 ffd1c0=ff80->01fbb6 sleep=0 local26=01c2 ffd200=ff80->01fbb6 sleep=0 local26=02e2 ffd240=ff80->01902e sleep=0 local26=0000 ffd280=ff80->01ffe2 sleep=0 local26=0006 ffd2c0=ff80->020004 sleep=0 local26=0002 ffd300=ff80->020004 sleep=0 local26=0000 ffd3c0=ff80->01febe sleep=0 local26=0000 ffd400=ff80->01fedc sleep=0 local26=0000
[   9.014]   [header-byte] write $ffa517 = 13 mask=00ff (pc=018446)
[   9.014] [packet-accepted] total=333 seq=4c flags=04 status=13 pc=01845e command=33 arg=01
[   9.031]   [header-byte] write $ffa517 = 13 mask=00ff (pc=018446)
[   9.031] [packet-accepted] total=334 seq=4d flags=04 status=13 pc=01845e command=33 arg=01
[   9.047]   [header-byte] write $ffa517 = 13 mask=00ff (pc=018446)
[   9.047] [packet-accepted] total=335 seq=4e flags=04 status=13 pc=01845e command=33 arg=01
[   9.064]   [header-byte] write $ffa517 = 13 mask=00ff (pc=018446)
[   9.064] [packet-accepted] total=336 seq=4f flags=04 status=13 pc=01845e command=33 arg=01
[   9.080]   [header-byte] write $ffa517 = 13 mask=00ff (pc=018446)
[   9.080] [packet-accepted] total=337 seq=50 flags=04 status=13 pc=01845e command=33 arg=01
[   9.097]   [header-byte] write $ffa517 = 13 mask=00ff (pc=018446)
[   9.097] [packet-accepted] total=338 seq=51 flags=04 status=13 pc=01845e command=33 arg=01
[   9.114]   [header-byte] write $ffa517 = 13 mask=00ff (pc=018446)
[   9.114] [packet-accepted] total=339 seq=52 flags=04 status=13 pc=01845e command=33 arg=01
[   9.130]   [header-byte] write $ffa517 = 13 mask=00ff (pc=018446)
[   9.131] [packet-accepted] total=340 seq=53 flags=04 status=13 pc=01845e command=33 arg=01
[   9.147]   [header-byte] write $ffa517 = 13 mask=00ff (pc=018446)
[   9.147] [packet-accepted] total=341 seq=54 flags=04 status=13 pc=01845e command=33 arg=01
[   9.164]   [header-byte] write $ffa517 = 13 mask=00ff (pc=018446)
[   9.164] [packet-accepted] total=342 seq=55 flags=04 status=13 pc=01845e command=33 arg=01
[   9.181]   [header-byte] write $ffa517 = 13 mask=00ff (pc=018446)
[   9.181] [packet-accepted] total=343 seq=56 flags=04 status=13 pc=01845e command=33 arg=01
[   9.197]   [header-byte] write $ffa517 = 13 mask=00ff (pc=018446)
[   9.197] [packet-accepted] total=344 seq=57 flags=04 status=13 pc=01845e command=33 arg=01
[   9.214]   [header-byte] write $ffa517 = 13 mask=00ff (pc=018446)
[   9.214] [packet-accepted] total=345 seq=58 flags=04 status=13 pc=01845e command=33 arg=01
[   9.233]   [header-byte] write $ffa517 = 13 mask=00ff (pc=018446)
[   9.233] [packet-accepted] total=346 seq=59 flags=04 status=13 pc=01845e command=33 arg=01
[   9.248]   [header-byte] write $ffa517 = 13 mask=00ff (pc=018446)
[   9.248] [packet-accepted] total=347 seq=5a flags=04 status=13 pc=01845e command=33 arg=01
[   9.264]   [header-byte] write $ffa517 = 13 mask=00ff (pc=018446)
[   9.264] [packet-accepted] total=348 seq=5b flags=04 status=13 pc=01845e command=33 arg=01
[   9.281]   [header-byte] write $ffa517 = 13 mask=00ff (pc=018446)
[   9.281] [packet-accepted] total=349 seq=5c flags=04 status=13 pc=01845e command=33 arg=01
[   9.298]   [header-byte] write $ffa517 = 13 mask=00ff (pc=018446)
[   9.298] [packet-accepted] total=350 seq=5d flags=04 status=13 pc=01845e command=33 arg=01
[   9.314]   [header-byte] write $ffa517 = 13 mask=00ff (pc=018446)
[   9.314] [packet-accepted] total=351 seq=5e flags=04 status=13 pc=01845e command=33 arg=01
[   9.331]   [header-byte] write $ffa517 = 13 mask=00ff (pc=018446)
[   9.331] [packet-accepted] total=352 seq=5f flags=04 status=13 pc=01845e command=33 arg=01
[   9.348]   [header-byte] write $ffa517 = 13 mask=00ff (pc=018446)
[   9.348] [packet-accepted] total=353 seq=60 flags=04 status=13 pc=01845e command=33 arg=01
[   9.364]   [header-byte] write $ffa517 = 13 mask=00ff (pc=018446)
[   9.364] [packet-accepted] total=354 seq=61 flags=04 status=13 pc=01845e command=33 arg=01
[   9.383]   [header-byte] write $ffa517 = 13 mask=00ff (pc=018446)
[   9.383] [packet-accepted] total=355 seq=62 flags=04 status=13 pc=01845e command=33 arg=01
[   9.398]   [header-byte] write $ffa517 = 13 mask=00ff (pc=018446)
[   9.398] [packet-accepted] total=356 seq=63 flags=04 status=13 pc=01845e command=33 arg=01
[   9.414]   [header-byte] write $ffa517 = 13 mask=00ff (pc=018446)
[   9.414] [packet-accepted] total=357 seq=64 flags=04 status=13 pc=01845e command=33 arg=01
[   9.431]   [header-byte] write $ffa517 = 13 mask=00ff (pc=018446)
[   9.431] [packet-accepted] total=358 seq=65 flags=04 status=13 pc=01845e command=33 arg=01
[   9.448]   [header-byte] write $ffa517 = 13 mask=00ff (pc=018446)
[   9.448] [packet-accepted] total=359 seq=66 flags=04 status=13 pc=01845e command=33 arg=01
[   9.465]   [header-byte] write $ffa517 = 13 mask=00ff (pc=018446)
[   9.465] [packet-accepted] total=360 seq=67 flags=04 status=13 pc=01845e command=33 arg=01
[   9.481]   [header-byte] write $ffa517 = 13 mask=00ff (pc=018446)
[   9.481] [packet-accepted] total=361 seq=68 flags=04 status=13 pc=01845e command=33 arg=01
[   9.498]   [header-byte] write $ffa517 = 13 mask=00ff (pc=018446)
[   9.498] [packet-accepted] total=362 seq=69 flags=04 status=13 pc=01845e command=33 arg=01
[   9.515]   [header-byte] write $ffa517 = 13 mask=00ff (pc=018446)
[   9.515] [packet-accepted] total=363 seq=6a flags=04 status=13 pc=01845e command=33 arg=01
[   9.529] [protection-state] address=ffa020 data=1010 mask=ff00 pc=000948
[   9.529] [protection-state] address=ffa020 data=1010 mask=00ff pc=000952
[   9.531]   [header-byte] write $ffa517 = 13 mask=00ff (pc=018446)
[   9.531] [packet-accepted] total=364 seq=6b flags=04 status=13 pc=01845e command=33 arg=01
[   9.546] [protection-state] address=ffa020 data=0000 mask=00ff pc=000952
[   9.548]   [header-byte] write $ffa517 = 13 mask=00ff (pc=018446)
[   9.548] [packet-accepted] total=365 seq=6c flags=04 status=13 pc=01845e command=33 arg=01
[   9.564]   [header-byte] write $ffa517 = 13 mask=00ff (pc=018446)
[   9.564] [packet-accepted] total=366 seq=6d flags=04 status=13 pc=01845e command=33 arg=01
[   9.579] [protection-state] address=ffa020 data=0000 mask=ff00 pc=000948
[   9.581]   [header-byte] write $ffa517 = 13 mask=00ff (pc=018446)
[   9.581] [packet-accepted] total=367 seq=6e flags=04 status=13 pc=01845e command=33 arg=01
[   9.598]   [header-byte] write $ffa517 = 13 mask=00ff (pc=018446)
[   9.598] [packet-accepted] total=368 seq=6f flags=04 status=13 pc=01845e command=33 arg=01
[   9.615]   [header-byte] write $ffa517 = 13 mask=00ff (pc=018446)
[   9.615] [packet-accepted] total=369 seq=70 flags=04 status=13 pc=01845e command=33 arg=01
[   9.631]   [header-byte] write $ffa517 = 13 mask=00ff (pc=018446)
[   9.631] [packet-accepted] total=370 seq=71 flags=04 status=13 pc=01845e command=33 arg=01
[   9.648]   [header-byte] write $ffa517 = 13 mask=00ff (pc=018446)
[   9.648] [packet-accepted] total=371 seq=72 flags=04 status=13 pc=01845e command=33 arg=01
[   9.665]   [header-byte] write $ffa517 = 13 mask=00ff (pc=018446)
[   9.665] [packet-accepted] total=372 seq=73 flags=04 status=13 pc=01845e command=33 arg=01
[   9.681]   [header-byte] write $ffa517 = 13 mask=00ff (pc=018446)
[   9.681] [packet-accepted] total=373 seq=74 flags=04 status=13 pc=01845e command=33 arg=01
[   9.700]   [header-byte] write $ffa517 = 13 mask=00ff (pc=018446)
[   9.700] [packet-accepted] total=374 seq=75 flags=04 status=13 pc=01845e command=33 arg=01
[   9.715]   [header-byte] write $ffa517 = 13 mask=00ff (pc=018446)
[   9.715] [packet-accepted] total=375 seq=76 flags=04 status=13 pc=01845e command=33 arg=01
[   9.731]   [header-byte] write $ffa517 = 13 mask=00ff (pc=018446)
[   9.732] [packet-accepted] total=376 seq=77 flags=04 status=13 pc=01845e command=33 arg=01
[   9.748]   [header-byte] write $ffa517 = 13 mask=00ff (pc=018446)
[   9.748] [packet-accepted] total=377 seq=78 flags=04 status=13 pc=01845e command=33 arg=01
[   9.765]   [header-byte] write $ffa517 = 13 mask=00ff (pc=018446)
[   9.765] [packet-accepted] total=378 seq=79 flags=04 status=13 pc=01845e command=33 arg=01
[   9.782]   [header-byte] write $ffa517 = 13 mask=00ff (pc=018446)
[   9.782] [packet-accepted] total=379 seq=7a flags=04 status=13 pc=01845e command=33 arg=01
[   9.798]   [header-byte] write $ffa517 = 13 mask=00ff (pc=018446)
[   9.798] [packet-accepted] total=380 seq=7b flags=04 status=13 pc=01845e command=33 arg=01
[   9.815]   [header-byte] write $ffa517 = 13 mask=00ff (pc=018446)
[   9.815] [packet-accepted] total=381 seq=7c flags=04 status=13 pc=01845e command=33 arg=01
[   9.832]   [header-byte] write $ffa517 = 13 mask=00ff (pc=018446)
[   9.832] [packet-accepted] total=382 seq=7d flags=04 status=13 pc=01845e command=33 arg=01
[   9.848]   [header-byte] write $ffa517 = 13 mask=00ff (pc=018446)
[   9.848] [packet-accepted] total=383 seq=7e flags=04 status=13 pc=01845e command=33 arg=01
[   9.866]   [header-byte] write $ffa517 = 13 mask=00ff (pc=018446)
[   9.866] [packet-accepted] total=384 seq=7f flags=04 status=13 pc=01845e command=33 arg=01
[   9.882]   [header-byte] write $ffa517 = 13 mask=00ff (pc=018446)
[   9.882] [packet-accepted] total=385 seq=80 flags=04 status=13 pc=01845e command=33 arg=01
[   9.899]   [header-byte] write $ffa517 = 13 mask=00ff (pc=018446)
[   9.899] [packet-accepted] total=386 seq=81 flags=04 status=13 pc=01845e command=33 arg=01
[   9.915]   [header-byte] write $ffa517 = 13 mask=00ff (pc=018446)
[   9.915] [packet-accepted] total=387 seq=82 flags=04 status=13 pc=01845e command=33 arg=01
[   9.932]   [header-byte] write $ffa517 = 13 mask=00ff (pc=018446)
[   9.932] [packet-accepted] total=388 seq=83 flags=04 status=13 pc=01845e command=33 arg=01
[   9.949]   [header-byte] write $ffa517 = 13 mask=00ff (pc=018446)
[   9.949] [packet-accepted] total=389 seq=84 flags=04 status=13 pc=01845e command=33 arg=01
[   9.965]   [header-byte] write $ffa517 = 13 mask=00ff (pc=018446)
[   9.965] [packet-accepted] total=390 seq=85 flags=04 status=13 pc=01845e command=33 arg=01
[   9.982]   [header-byte] write $ffa517 = 13 mask=00ff (pc=018446)
[   9.982] [packet-accepted] total=391 seq=86 flags=04 status=13 pc=01845e command=33 arg=01
[   9.999]   [header-byte] write $ffa517 = 13 mask=00ff (pc=018446)
[   9.999] [packet-accepted] total=392 seq=87 flags=04 status=13 pc=01845e command=33 arg=01
[  10.013] heartbeat frame=600 tx=1778 rx=1946 fc=1 fd=10 fe=1 linkflag=82 pc=000288 a502=00 a524=0005 a525=05 a170=08 a17f=00 txtail=00f2 rxpend=0000
[  10.013] [transport] captured=1778 flushed=1778 received=1946 accepted=392 payload2=385 payload3=0 payload4=0 payload5=0 pump_reads=966 bursts=360 txcredit=0 outq=0 inq=0 watchdog=0 txseq=69 rxseq=88 rxcredit=5 protection=00 checks=0000
[  10.013] [epochs] local=1 peer=1 ready=true discarded_rx=0
[  10.013] [tcb-continuations] ffa580=ff80->018392 sleep=0 local26=7710 ffa5c0=ff80->01853c sleep=0 local26=0000 ffd040=ff80->018a40 sleep=0 local26=0300 ffd0c0=ff80->018ee4 sleep=0 local26=0000 ffd100=ff80->01fbb4 sleep=0 local26=0000 ffd140=ff80->01fbb6 sleep=0 local26=0002 ffd180=ff80->01fbb6 sleep=0 local26=00a2 ffd1c0=ff80->01fbb6 sleep=0 local26=01c2 ffd200=ff80->01fbb6 sleep=0 local26=02e2 ffd240=ff80->01902e sleep=0 local26=0000 ffd280=ff80->01ffe2 sleep=0 local26=0005 ffd2c0=ff80->020004 sleep=0 local26=0002 ffd300=ff80->020004 sleep=0 local26=0000 ffd3c0=ff80->01febe sleep=0 local26=0000 ffd400=ff80->01fedc sleep=0 local26=0000
[  10.015]   [header-byte] write $ffa517 = 13 mask=00ff (pc=018446)
[  10.015] [packet-accepted] total=393 seq=88 flags=04 status=13 pc=01845e command=33 arg=01
[  10.032]   [header-byte] write $ffa517 = 13 mask=00ff (pc=018446)
[  10.032] [packet-accepted] total=394 seq=89 flags=04 status=13 pc=01845e command=33 arg=01
[  10.049]   [header-byte] write $ffa517 = 13 mask=00ff (pc=018446)
[  10.049] [packet-accepted] total=395 seq=8a flags=04 status=13 pc=01845e command=33 arg=01
[  10.066]   [header-byte] write $ffa517 = 13 mask=00ff (pc=018446)
[  10.066] [packet-accepted] total=396 seq=8b flags=04 status=13 pc=01845e command=33 arg=01
[  10.082]   [header-byte] write $ffa517 = 13 mask=00ff (pc=018446)
[  10.082] [packet-accepted] total=397 seq=8c flags=04 status=13 pc=01845e command=33 arg=01
[  10.099]   [header-byte] write $ffa517 = 13 mask=00ff (pc=018446)
[  10.099] [packet-accepted] total=398 seq=8d flags=04 status=13 pc=01845e command=33 arg=01
[  10.115]   [header-byte] write $ffa517 = 13 mask=00ff (pc=018446)
[  10.115] [packet-accepted] total=399 seq=8e flags=04 status=13 pc=01845e command=33 arg=01
[  10.132]   [header-byte] write $ffa517 = 13 mask=00ff (pc=018446)
[  10.132] [packet-accepted] total=400 seq=8f flags=04 status=13 pc=01845e command=33 arg=01
[  10.149]   [header-byte] write $ffa517 = 13 mask=00ff (pc=018446)
[  10.149] [packet-accepted] total=401 seq=90 flags=04 status=13 pc=01845e command=33 arg=01
[  10.165]   [header-byte] write $ffa517 = 13 mask=00ff (pc=018446)
[  10.165] [packet-accepted] total=402 seq=91 flags=04 status=13 pc=01845e command=33 arg=01
[  10.184]   [header-byte] write $ffa517 = 13 mask=00ff (pc=018446)
[  10.184] [packet-accepted] total=403 seq=92 flags=04 status=13 pc=01845e command=33 arg=01
[  10.199]   [header-byte] write $ffa517 = 13 mask=00ff (pc=018446)
[  10.199] [packet-accepted] total=404 seq=93 flags=04 status=13 pc=01845e command=33 arg=01
[  10.216]   [header-byte] write $ffa517 = 13 mask=00ff (pc=018446)
[  10.216] [packet-accepted] total=405 seq=94 flags=04 status=13 pc=01845e command=33 arg=01
[  10.232]   [header-byte] write $ffa517 = 13 mask=00ff (pc=018446)
[  10.232] [packet-accepted] total=406 seq=95 flags=04 status=13 pc=01845e command=33 arg=01
[  10.249]   [header-byte] write $ffa517 = 13 mask=00ff (pc=018446)
[  10.249] [packet-accepted] total=407 seq=96 flags=04 status=13 pc=01845e command=33 arg=01
[  10.266]   [header-byte] write $ffa517 = 13 mask=00ff (pc=018446)
[  10.266] [packet-accepted] total=408 seq=97 flags=04 status=13 pc=01845e command=33 arg=01
[  10.282]   [header-byte] write $ffa517 = 13 mask=00ff (pc=018446)
[  10.282] [packet-accepted] total=409 seq=98 flags=04 status=13 pc=01845e command=33 arg=01
[  10.299]   [header-byte] write $ffa517 = 13 mask=00ff (pc=018446)
[  10.299] [packet-accepted] total=410 seq=99 flags=04 status=13 pc=01845e command=33 arg=01
[  10.316]   [header-byte] write $ffa517 = 13 mask=00ff (pc=018446)
[  10.316] [packet-accepted] total=411 seq=9a flags=04 status=13 pc=01845e command=33 arg=01
[  10.334]   [header-byte] write $ffa517 = 13 mask=00ff (pc=018446)
[  10.334] [packet-accepted] total=412 seq=9b flags=04 status=13 pc=01845e command=33 arg=01
[  10.349]   [header-byte] write $ffa517 = 13 mask=00ff (pc=018446)
[  10.349] [packet-accepted] total=413 seq=9c flags=04 status=13 pc=01845e command=33 arg=01
[  10.366]   [header-byte] write $ffa517 = 13 mask=00ff (pc=018446)
[  10.366] [packet-accepted] total=414 seq=9d flags=04 status=13 pc=01845e command=33 arg=01
[  10.383]   [header-byte] write $ffa517 = 13 mask=00ff (pc=018446)
[  10.383] [packet-accepted] total=415 seq=9e flags=04 status=13 pc=01845e command=33 arg=01
[  10.399]   [header-byte] write $ffa517 = 13 mask=00ff (pc=018446)
[  10.399] [packet-accepted] total=416 seq=9f flags=04 status=13 pc=01845e command=33 arg=01
[  10.416]   [header-byte] write $ffa517 = 13 mask=00ff (pc=018446)
[  10.416] [packet-accepted] total=417 seq=a0 flags=04 status=13 pc=01845e command=33 arg=01
[  10.433]   [header-byte] write $ffa517 = 13 mask=00ff (pc=018446)
[  10.433] [packet-accepted] total=418 seq=a1 flags=04 status=13 pc=01845e command=33 arg=01
[  10.449]   [header-byte] write $ffa517 = 13 mask=00ff (pc=018446)
[  10.449] [packet-accepted] total=419 seq=a2 flags=04 status=13 pc=01845e command=33 arg=01
[  10.466]   [header-byte] write $ffa517 = 13 mask=00ff (pc=018446)
[  10.466] [packet-accepted] total=420 seq=a3 flags=04 status=13 pc=01845e command=33 arg=01
[  10.483]   [header-byte] write $ffa517 = 13 mask=00ff (pc=018446)
[  10.483] [packet-accepted] total=421 seq=a4 flags=04 status=13 pc=01845e command=33 arg=01
[  10.500]   [header-byte] write $ffa517 = 13 mask=00ff (pc=018446)
[  10.500] [packet-accepted] total=422 seq=a5 flags=04 status=13 pc=01845e command=33 arg=01
[  10.516]   [header-byte] write $ffa517 = 13 mask=00ff (pc=018446)
[  10.516] [packet-accepted] total=423 seq=a6 flags=04 status=13 pc=01845e command=33 arg=01
[  10.530] [protection-state] address=ffa020 data=2020 mask=ff00 pc=000948
[  10.530] [protection-state] address=ffa020 data=2020 mask=00ff pc=000952
[  10.533]   [header-byte] write $ffa517 = 13 mask=00ff (pc=018446)
[  10.533] [packet-accepted] total=424 seq=a7 flags=04 status=13 pc=01845e command=33 arg=01
[  10.547] [protection-state] address=ffa020 data=0000 mask=00ff pc=000952
[  10.551]   [header-byte] write $ffa517 = 13 mask=00ff (pc=018446)
[  10.551] [packet-accepted] total=425 seq=a8 flags=04 status=13 pc=01845e command=33 arg=01
[  10.551] [game-command] data=3333 mask=ff00 pc=018ae0 requests=00
[  10.551] [game-command] data=7373 mask=ff00 pc=018b72 requests=04
[  10.566]   [header-byte] write $ffa517 = 13 mask=00ff (pc=018446)
[  10.566] [packet-accepted] total=426 seq=a9 flags=04 status=13 pc=01845e command=33 arg=01
[  10.580] [protection-state] address=ffa020 data=0000 mask=ff00 pc=000948
[  10.583]   [header-byte] write $ffa517 = 13 mask=00ff (pc=018446)
[  10.583] [packet-accepted] total=427 seq=aa flags=04 status=13 pc=01845e command=33 arg=01
[  10.583] [game-command] data=3434 mask=00ff pc=018c2c requests=00
[  10.583] [game-command] data=8383 mask=ff00 pc=018c34 requests=00
[  10.600]   [header-byte] write $ffa517 = 13 mask=00ff (pc=018446)
[  10.600] [packet-accepted] total=428 seq=ab flags=04 status=13 pc=01845e command=33 arg=01
[  10.616]   [header-byte] write $ffa517 = 13 mask=00ff (pc=018446)
[  10.616] [packet-accepted] total=429 seq=ac flags=04 status=13 pc=01845e command=33 arg=01
[  10.633]   [header-byte] write $ffa517 = 13 mask=00ff (pc=018446)
[  10.633] [packet-accepted] total=430 seq=ad flags=04 status=13 pc=01845e command=73 arg=01
[  10.666]   [header-byte] write $ffa517 = 13 mask=00ff (pc=018446)
[  10.666] [packet-accepted] total=431 seq=ae flags=04 status=13 pc=01845e command=83 arg=34
[  11.014] heartbeat frame=660 tx=1953 rx=2141 fc=1 fd=10 fe=1 linkflag=82 pc=00028a a502=00 a524=0000 a525=00 a170=08 a17f=00 txtail=00a1 rxpend=0000
[  11.014] [transport] captured=1953 flushed=1953 received=2141 accepted=431 payload2=424 payload3=0 payload4=0 payload5=0 pump_reads=1065 bursts=395 txcredit=0 outq=0 inq=0 watchdog=20 txseq=8b rxseq=af rxcredit=0 protection=00 checks=0000
[  11.014] [epochs] local=1 peer=1 ready=true discarded_rx=0
[  11.014] [game-state] a142=04 a13e=04 a13f=0f a530=8334 a506=03 a507=01 a508=01 a7b0=0000 a7a6=8334 script=01a39e
[  11.014] [tcb-continuations] ffa580=ff80->018392 sleep=0 local26=7710 ffa5c0=ff80->01853c sleep=0 local26=1900 ffd040=ff80->018d1a sleep=180 local26=0300 ffd100=ff80->01fbb4 sleep=0 local26=0000 ffd140=ff80->01fbb6 sleep=0 local26=0002 ffd180=ff80->01fbb6 sleep=0 local26=00a2 ffd1c0=ff80->01fbb6 sleep=0 local26=01c2 ffd200=ff80->01fbb6 sleep=0 local26=02e2 ffd240=ff80->01902e sleep=0 local26=0000 ffd280=ff80->027726 sleep=0 local26=0001
[  11.100]   [header-byte] write $ffa517 = 10 mask=00ff (pc=018446)
[  11.100] [packet-accepted] total=432 seq=af flags=04 status=10 pc=01845e command=93 arg=34
[  11.116] [game-command] data=9393 mask=ff00 pc=018d36 requests=00
[  11.116]   [header-byte] write $ffa513 = 10 mask=00ff (pc=018d50)
[  11.133] [game-command] data=0404 mask=ff00 pc=018d6e requests=00
[  11.133] [game-command] data=0000 mask=00ff pc=018d76 requests=00
[  11.223]   [menu-state] write $ffa170 = 0000 mask=ff00 (pc=01afb6)
[  11.223]   [menu-state] write $ffa170 = 8282 mask=ff00 (pc=01afd8)
[  11.223]   [menu-state] write $ffa176 = 0000 mask=ff00 (pc=01afde)
[  11.223]   [header-byte] write $ffa513 = 00 mask=00ff (pc=01afe6)
[  11.223]   [header-byte] write $ffa513 = 10 mask=00ff (pc=01affe)
[  11.223]   [header-byte] write $ffa513 = 50 mask=00ff (pc=01b022)
[  11.223]   [header-byte] write $ffa513 = 54 mask=00ff (pc=01b044)
[  11.223]   [menu-state] write $ffa170 = c2c2 mask=ff00 (pc=01a87a)
[  11.223]   [menu-state] write $ffa170 = c2c2 mask=ff00 (pc=01a87c)
[  11.223]   [menu-state] write $ffa170 = 4040 mask=ff00 (pc=01afb6)
[  11.223]   [menu-state] write $ffa170 = c2c2 mask=ff00 (pc=01afd8)
[  11.223]   [menu-state] write $ffa176 = 0000 mask=ff00 (pc=01afde)
[  11.223]   [header-byte] write $ffa513 = 00 mask=00ff (pc=01afe6)
[  11.223]   [header-byte] write $ffa513 = 10 mask=00ff (pc=01affe)
[  11.223]   [header-byte] write $ffa513 = 50 mask=00ff (pc=01b022)
[  11.223]   [header-byte] write $ffa513 = 54 mask=00ff (pc=01b044)
[  11.532] [protection-state] address=ffa020 data=2020 mask=ff00 pc=000948
[  11.532] [protection-state] address=ffa020 data=2020 mask=00ff pc=000952
[  11.548] [protection-state] address=ffa020 data=0000 mask=00ff pc=000952
[  11.557]   [header-byte] write $ffa517 = 54 mask=00ff (pc=018446)
[  11.557]   [header-byte] write $ffa517 = 54 mask=00ff (pc=018446)
[  11.557] [packet-accepted] total=434 seq=b1 flags=04 status=54 pc=01845e command=04 arg=00
[  11.559]   [menu-state] write $ffa172 = 0101 mask=ff00 (pc=0194b6)
[  11.574]   [menu-state] write $ffa172 = 0000 mask=ff00 (pc=019418)
[  11.574]   [menu-state] write $ffa171 = 8888 mask=00ff (pc=019420)
[  11.574]   [header-byte] write $ffa513 = 54 mask=00ff (pc=019432)
[  11.574]   [header-byte] write $ffa513 = 5c mask=00ff (pc=019438)
[  11.582] [protection-state] address=ffa020 data=0000 mask=ff00 pc=000948
[  11.667]   [header-byte] write $ffa517 = 04 mask=00ff (pc=018446)
[  11.684]   [menu-state] write $ffa171 = 0808 mask=00ff (pc=019466)
[  11.684]   [header-byte] write $ffa513 = 4c mask=00ff (pc=019e4a)
[  11.684]   [header-byte] write $ffa513 = 08 mask=00ff (pc=01afe6)
[  11.684]   [header-byte] write $ffa513 = 0c mask=00ff (pc=01b044)
[  12.015] heartbeat frame=720 tx=2094 rx=2157 fc=1 fd=10 fe=1 linkflag=82 pc=00028a a502=00 a524=0005 a525=05 a170=c2 a17f=00 txtail=002e rxpend=0000
[  12.015] [transport] captured=2094 flushed=2094 received=2157 accepted=435 payload2=426 payload3=0 payload4=0 payload5=0 pump_reads=1128 bursts=424 txcredit=0 outq=0 inq=0 watchdog=20 txseq=a9 rxseq=b3 rxcredit=0 protection=00 checks=0000
[  12.015] [epochs] local=1 peer=1 ready=true discarded_rx=0
[  12.015] [game-state] a142=04 a13e=04 a13f=0f a530=0400 a506=03 a507=01 a508=01 a7b0=0000 a7a6=9334 script=01f7f6
[  12.015] [tcb-continuations] ffa580=ff80->018392 sleep=0 local26=7710 ffa5c0=ff80->01853c sleep=0 local26=0000 ffd100=ff80->0242d0 sleep=0 local26=0000 ffd140=ff80->023f9e sleep=0 local26=0000 ffd180=ff80->023c40 sleep=0 local26=0000 ffd1c0=ff80->023c70 sleep=0 local26=0002 ffd200=ff80->023c70 sleep=0 local26=0000 ffd240=ff80->023c08 sleep=0 local26=0000
[  12.037] [game-command] data=8484 mask=ff00 pc=024322 requests=00
[  12.051] [game-command] data=0404 mask=ff00 pc=02434e requests=00
[  12.118]   [header-byte] write $ffa517 = 04 mask=00ff (pc=018446)
[  12.118] [packet-accepted] total=436 seq=b3 flags=04 status=04 pc=01845e command=84 arg=00
[  12.618]   [header-byte] write $ffa517 = 04 mask=00ff (pc=018446)
[  13.017] heartbeat frame=780 tx=2132 rx=2165 fc=1 fd=10 fe=1 linkflag=82 pc=00028a a502=00 a524=0000 a525=00 a170=c2 a17f=00 txtail=0054 rxpend=0000
[  13.017] [transport] captured=2132 flushed=2132 received=2165 accepted=437 payload2=427 payload3=0 payload4=0 payload5=0 pump_reads=1190 bursts=432 txcredit=0 outq=0 inq=0 watchdog=23 txseq=b0 rxseq=b5 rxcredit=0 protection=00 checks=0000
[  13.017] [epochs] local=1 peer=1 ready=true discarded_rx=0
[  13.017] [game-state] a142=04 a13e=04 a13f=0f a530=0400 a506=03 a507=01 a508=01 a7b0=0000 a7a6=9334 script=01f7fc
[  13.017] [tcb-continuations] ffa580=ff80->018392 sleep=0 local26=7710 ffa5c0=ff80->01853c sleep=0 local26=1800 ffd100=ff80->02437e sleep=0 local26=0000 ffd240=ff80->023c3e sleep=0 local26=0000
[  13.119]   [header-byte] write $ffa517 = 04 mask=00ff (pc=018446)
[  14.018] heartbeat frame=840 tx=2135 rx=2168 fc=1 fd=10 fe=1 linkflag=82 pc=00028a a502=00 a524=0000 a525=00 a170=c2 a17f=00 txtail=0057 rxpend=0000
[  14.018] [transport] captured=2135 flushed=2135 received=2168 accepted=438 payload2=427 payload3=0 payload4=0 payload5=0 pump_reads=1251 bursts=433 txcredit=0 outq=0 inq=0 watchdog=24 txseq=b1 rxseq=b6 rxcredit=0 protection=00 checks=0000
[  14.018] [epochs] local=1 peer=1 ready=true discarded_rx=0
[  14.018] [game-state] a142=04 a13e=04 a13f=0f a530=0400 a506=03 a507=01 a508=01 a7b0=0000 a7a6=9334 script=01a4d8
[  14.018] [tcb-continuations] ffa580=ff80->018392 sleep=0 local26=7710 ffa5c0=ff80->01853c sleep=0 local26=1900
[  14.053] [game-command] data=1616 mask=ff00 pc=00655a requests=00
[  14.053] [game-command] data=0101 mask=00ff pc=006562 requests=00
[  14.104]   [header-byte] write $ffa517 = 04 mask=00ff (pc=018446)
[  14.154]   [header-byte] write $ffa517 = 04 mask=00ff (pc=018446)
[  14.154] [packet-accepted] total=440 seq=b7 flags=20 status=04 pc=01845e
[  14.172]   [header-byte] write $ffa517 = 04 mask=00ff (pc=018446)
[  14.172] [packet-accepted] total=441 seq=b8 flags=20 status=04 pc=01845e
[  14.187]   [header-byte] write $ffa517 = 04 mask=00ff (pc=018446)
[  14.187] [packet-accepted] total=442 seq=b9 flags=20 status=04 pc=01845e
[  14.204]   [header-byte] write $ffa517 = 04 mask=00ff (pc=018446)
[  14.204] [packet-accepted] total=443 seq=ba flags=20 status=04 pc=01845e
[  14.221]   [header-byte] write $ffa517 = 04 mask=00ff (pc=018446)
[  14.221] [packet-accepted] total=444 seq=bb flags=20 status=04 pc=01845e
[  14.237]   [header-byte] write $ffa517 = 04 mask=00ff (pc=018446)
[  14.237] [packet-accepted] total=445 seq=bc flags=20 status=04 pc=01845e
[  14.254]   [header-byte] write $ffa517 = 04 mask=00ff (pc=018446)
[  14.254] [packet-accepted] total=446 seq=bd flags=20 status=04 pc=01845e
[  14.271]   [header-byte] write $ffa517 = 04 mask=00ff (pc=018446)
[  14.271] [packet-accepted] total=447 seq=be flags=20 status=04 pc=01845e
[  14.289]   [header-byte] write $ffa517 = 04 mask=00ff (pc=018446)
[  14.289] [packet-accepted] total=448 seq=bf flags=20 status=04 pc=01845e
[  14.304]   [header-byte] write $ffa517 = 04 mask=00ff (pc=018446)
[  14.304] [packet-accepted] total=449 seq=c0 flags=20 status=04 pc=01845e
[  14.321]   [header-byte] write $ffa517 = 04 mask=00ff (pc=018446)
[  14.321] [packet-accepted] total=450 seq=c1 flags=20 status=04 pc=01845e
[  14.338]   [header-byte] write $ffa517 = 04 mask=00ff (pc=018446)
[  14.338] [packet-accepted] total=451 seq=c2 flags=20 status=04 pc=01845e
[  14.354]   [header-byte] write $ffa517 = 04 mask=00ff (pc=018446)
[  14.354] [packet-accepted] total=452 seq=c3 flags=20 status=04 pc=01845e
[  14.371]   [header-byte] write $ffa517 = 04 mask=00ff (pc=018446)
[  14.371] [packet-accepted] total=453 seq=c4 flags=20 status=04 pc=01845e
[  14.388]   [header-byte] write $ffa517 = 04 mask=00ff (pc=018446)
[  14.388] [packet-accepted] total=454 seq=c5 flags=20 status=04 pc=01845e
[  14.405]   [header-byte] write $ffa517 = 04 mask=00ff (pc=018446)
[  14.405] [packet-accepted] total=455 seq=c6 flags=20 status=04 pc=01845e
[  14.421]   [header-byte] write $ffa517 = 04 mask=00ff (pc=018446)
[  14.421] [packet-accepted] total=456 seq=c7 flags=20 status=04 pc=01845e
[  14.438]   [header-byte] write $ffa517 = 04 mask=00ff (pc=018446)
[  14.438] [packet-accepted] total=457 seq=c8 flags=20 status=04 pc=01845e
[  14.455]   [header-byte] write $ffa517 = 04 mask=00ff (pc=018446)
[  14.455] [packet-accepted] total=458 seq=c9 flags=20 status=04 pc=01845e
[  14.471]   [header-byte] write $ffa517 = 04 mask=00ff (pc=018446)
[  14.471] [packet-accepted] total=459 seq=ca flags=20 status=04 pc=01845e
[  14.488]   [header-byte] write $ffa517 = 04 mask=00ff (pc=018446)
[  14.488] [packet-accepted] total=460 seq=cb flags=20 status=04 pc=01845e
[  14.504]   [header-byte] write $ffa517 = 04 mask=00ff (pc=018446)
[  14.504] [packet-accepted] total=461 seq=cc flags=20 status=04 pc=01845e
[  14.522]   [header-byte] write $ffa517 = 04 mask=00ff (pc=018446)
[  14.522] [packet-accepted] total=462 seq=cd flags=20 status=04 pc=01845e
[  14.538]   [header-byte] write $ffa517 = 04 mask=00ff (pc=018446)
[  14.538] [packet-accepted] total=463 seq=ce flags=24 status=04 pc=01845e command=26 arg=01
[  14.688]   [header-byte] write $ffa517 = 04 mask=00ff (pc=018446)
[  14.688] [packet-accepted] total=464 seq=cf flags=04 status=04 pc=01845e command=28 arg=22
[  14.690] [game-command] data=2828 mask=ff00 pc=005340 requests=00
[  14.690] [game-command] data=2222 mask=00ff pc=005356 requests=00
[  15.019] heartbeat frame=900 tx=2148 rx=2658 fc=1 fd=10 fe=1 linkflag=82 pc=00028a a502=00 a524=0000 a525=00 a170=c2 a17f=00 txtail=0064 rxpend=0000
[  15.019] [transport] captured=2148 flushed=2148 received=2658 accepted=464 payload2=429 payload3=0 payload4=0 payload5=24 pump_reads=1337 bursts=436 txcredit=0 outq=0 inq=0 watchdog=19 txseq=b4 rxseq=d0 rxcredit=0 protection=00 checks=0000
[  15.019] [epochs] local=1 peer=1 ready=true discarded_rx=0
[  15.019] [game-state] a142=04 a13e=04 a13f=0f a530=2822 a506=03 a507=01 a508=01 a7b0=2822 a7a6=9334 script=01a51a
[  15.019] [tcb-continuations] ffa580=ff80->018392 sleep=0 local26=7710 ffa5c0=ff80->01853c sleep=0 local26=1300 ffd000=ffc0->00d454 sleep=0 local26=0000 ffd040=ffc0->00daca sleep=0 local26=0000 ffd080=ffc0->004f14 sleep=0 local26=0000 ffd0c0=ffc0->004f14 sleep=0 local26=0000 ffd100=ff80->006782 sleep=0 local26=0000 ffd140=ffc0->007f6e sleep=0 local26=0000 ffd180=ff80->00539a sleep=0 local26=0200 ffd1c0=ff00->005660 sleep=0 local26=c802 ffd200=ff00->0056e4 sleep=0 local26=0000 ffd240=ff80->00539a sleep=0 local26=0200 ffd280=ff00->005660 sleep=0 local26=c802 ffd2c0=ff00->0056e4 sleep=0 local26=0000 ffd300=ff80->0086ee sleep=0 local26=0000 ffd340=ff80->0086ee sleep=0 local26=0000 ffdfc0=ffc0->00d5ca sleep=0 local26=0000
[  15.189]   [header-byte] write $ffa517 = 04 mask=00ff (pc=018446)
[  15.639] [game-command] data=3838 mask=ff00 pc=00d470 requests=00
[  15.691]   [header-byte] write $ffa517 = 04 mask=00ff (pc=018446)
[  16.021] heartbeat frame=960 tx=2156 rx=2664 fc=1 fd=10 fe=1 linkflag=82 pc=00028a a502=00 a524=0000 a525=00 a170=c2 a17f=00 txtail=006c rxpend=0000
[  16.021] [transport] captured=2156 flushed=2156 received=2664 accepted=466 payload2=429 payload3=0 payload4=0 payload5=24 pump_reads=1399 bursts=438 txcredit=0 outq=0 inq=0 watchdog=19 txseq=b6 rxseq=d2 rxcredit=0 protection=00 checks=0000
[  16.021] [epochs] local=1 peer=1 ready=true discarded_rx=0
[  16.021] [game-state] a142=04 a13e=04 a13f=0f a530=3822 a506=03 a507=01 a508=01 a7b0=2822 a7a6=9334 script=01a51a
[  16.021] [tcb-continuations] ffa580=ff80->018392 sleep=0 local26=7710 ffa5c0=ff80->01853c sleep=0 local26=1600 ffd000=ffc0->00d47c sleep=0 local26=0000 ffd040=ffc0->00daca sleep=0 local26=0000 ffd080=ffc0->004f30 sleep=0 local26=0000 ffd0c0=ffc0->004f30 sleep=0 local26=0000 ffd100=ff80->006782 sleep=0 local26=0000 ffd140=ffc0->007f6e sleep=0 local26=0000 ffd180=ff80->005526 sleep=0 local26=0200 ffd240=ff80->005526 sleep=0 local26=0200 ffdfc0=ffc0->00d5ca sleep=0 local26=0000
[  16.190]   [header-byte] write $ffa517 = 04 mask=00ff (pc=018446)
[  16.190] [packet-accepted] total=467 seq=d2 flags=04 status=04 pc=01845e command=38 arg=22
[  16.541] [game-command] data=7878 mask=ff00 pc=007ffa requests=00
[  16.691]   [header-byte] write $ffa517 = 04 mask=00ff (pc=018446)
[  17.022] heartbeat frame=1020 tx=2174 rx=2672 fc=1 fd=10 fe=1 linkflag=82 pc=00028a a502=00 a524=0000 a525=00 a170=c2 a17f=00 txtail=007e rxpend=0000
[  17.022] [transport] captured=2174 flushed=2174 received=2672 accepted=468 payload2=430 payload3=0 payload4=0 payload5=24 pump_reads=1461 bursts=442 txcredit=0 outq=0 inq=0 watchdog=19 txseq=ba rxseq=d4 rxcredit=0 protection=00 checks=0000
[  17.022] [epochs] local=1 peer=1 ready=true discarded_rx=0
[  17.022] [game-state] a142=04 a13e=04 a13f=0f a530=7822 a506=03 a507=01 a508=01 a7b0=3822 a7a6=9334 script=01a51a
[  17.022] [tcb-continuations] ffa580=ff80->018392 sleep=0 local26=7710 ffa5c0=ff80->01853c sleep=0 local26=1a00 ffd000=ffc0->00d47c sleep=0 local26=0000 ffd040=ffc0->00daca sleep=0 local26=0000 ffd080=ffc0->004f30 sleep=0 local26=0000 ffd0c0=ffc0->004f30 sleep=0 local26=0000 ffd100=ff80->006782 sleep=0 local26=0000 ffd140=ffc0->007fb6 sleep=0 local26=0000 ffdfc0=ffc0->00d66e sleep=0 local26=0000
[  17.092]   [header-byte] write $ffa517 = 04 mask=00ff (pc=018446)
[  17.092] [packet-accepted] total=469 seq=d4 flags=04 status=04 pc=01845e command=78 arg=22
[  17.108]   [header-byte] write $ffa517 = 04 mask=00ff (pc=018446)
[  17.108] [packet-accepted] total=470 seq=d5 flags=04 status=04 pc=01845e command=78 arg=22
[  17.125]   [header-byte] write $ffa517 = 04 mask=00ff (pc=018446)
[  17.125] [packet-accepted] total=471 seq=d6 flags=04 status=04 pc=01845e command=f8 arg=22
[  17.125] [game-command] data=f8f8 mask=ff00 pc=008022 requests=00
[  17.142] [game-command] data=0b0b mask=ff00 pc=00d49c requests=00
[  17.158]   [header-byte] write $ffa517 = 04 mask=00ff (pc=018446)
[  17.158] [packet-accepted] total=472 seq=d7 flags=10 status=04 pc=01845e
[  17.175]   [header-byte] write $ffa517 = 04 mask=00ff (pc=018446)
[  17.175] [packet-accepted] total=473 seq=d8 flags=10 status=04 pc=01845e
[  17.675]   [header-byte] write $ffa517 = 04 mask=00ff (pc=018446)
[  18.023] heartbeat frame=1080 tx=2214 rx=2724 fc=1 fd=10 fe=1 linkflag=82 pc=00028a a502=00 a524=0000 a525=00 a170=c2 a17f=00 txtail=00a6 rxpend=0000
[  18.023] [transport] captured=2214 flushed=2214 received=2724 accepted=474 payload2=433 payload3=0 payload4=2 payload5=24 pump_reads=1527 bursts=446 txcredit=0 outq=0 inq=0 watchdog=20 txseq=be rxseq=da rxcredit=0 protection=00 checks=0000
[  18.023] [epochs] local=1 peer=1 ready=true discarded_rx=0
[  18.023] [game-state] a142=04 a13e=04 a13f=0f a530=0b22 a506=0b a507=01 a508=01 a7b0=0022 a7a6=9334 script=01a51a
[  18.023] [tcb-continuations] ffa580=ff80->018392 sleep=0 local26=7710 ffa5c0=ff80->01853c sleep=0 local26=1400 ffd000=ffc0->00d4b4 sleep=0 local26=0000 ffd040=ffc0->00daca sleep=0 local26=0000 ffd080=ffc0->00504e sleep=0 local26=2f00 ffd0c0=ffc0->00504e sleep=0 local26=2f00 ffd100=ff80->006782 sleep=0 local26=0000 ffd140=ffc0->008082 sleep=0 local26=030f ffd180=ff80->007944 sleep=0 local26=0000 ffd1c0=ff80->007d70 sleep=0 local26=0000 ffd200=ff80->007944 sleep=0 local26=0000 ffd240=ff80->007d70 sleep=0 local26=0000 ffdfc0=ffc0->00d6d0 sleep=0 local26=0000 ffe100=ff00->008362 sleep=0 local26=ffde ffe140=ff00->008362 sleep=0 local26=ffde ffe1c0=ff00->008362 sleep=0 local26=ffde ffe200=ff00->008362 sleep=0 local26=ffde ffe240=ff00->008362 sleep=0 local26=ffde ffe280=ff00->008362 sleep=0 local26=ffde ffe2c0=ff00->008362 sleep=0 local26=ffde ffe500=ff00->008362 sleep=0 local26=ffde ffe540=ff00->008362 sleep=0 local26=ffde ffe580=ff00->008362 sleep=0 local26=ffde ffe5c0=ff00->008362 sleep=0 local26=ffde ffe600=ff00->008362 sleep=0 local26=ffde ffe640=ff00->008362 sleep=0 local26=ffde ffe680=ff00->008362 sleep=0 local26=ffde ffe6c0=ff00->008362 sleep=0 local26=ffde ffe700=ff00->008362 sleep=0 local26=ffde
[  18.176]   [header-byte] write $ffa517 = 04 mask=00ff (pc=018446)
[  18.676]   [header-byte] write $ffa517 = 04 mask=00ff (pc=018446)
[  19.024] heartbeat frame=1140 tx=2220 rx=2730 fc=1 fd=10 fe=1 linkflag=82 pc=000288 a502=00 a524=0000 a525=00 a170=c2 a17f=00 txtail=00ac rxpend=0000
[  19.024] [transport] captured=2220 flushed=2220 received=2730 accepted=476 payload2=433 payload3=0 payload4=2 payload5=24 pump_reads=1589 bursts=448 txcredit=0 outq=0 inq=0 watchdog=20 txseq=c0 rxseq=dc rxcredit=0 protection=00 checks=0000
[  19.024] [epochs] local=1 peer=1 ready=true discarded_rx=0
[  19.024] [tcb-continuations] ffa580=ff80->018392 sleep=0 local26=7710 ffa5c0=ff80->01853c sleep=0 local26=1400 ffd000=ffc0->00d4b4 sleep=0 local26=0000 ffd040=ffc0->00daca sleep=0 local26=0000 ffd080=ffc0->00504e sleep=0 local26=6b00 ffd0c0=ffc0->00504e sleep=0 local26=6b00 ffd100=ff80->006782 sleep=0 local26=0000 ffd140=ffc0->008082 sleep=0 local26=030f ffd180=ff80->007944 sleep=0 local26=0000 ffd1c0=ff80->007d70 sleep=0 local26=0000 ffd200=ff80->007944 sleep=0 local26=0000 ffd240=ff80->007d70 sleep=0 local26=0000 ffdfc0=ffc0->00d6d0 sleep=0 local26=0000
[  19.177]   [header-byte] write $ffa517 = 04 mask=00ff (pc=018446)
[  19.678]   [header-byte] write $ffa517 = 04 mask=00ff (pc=018446)
[  20.026] heartbeat frame=1200 tx=2226 rx=2736 fc=1 fd=10 fe=1 linkflag=82 pc=00028a a502=00 a524=0000 a525=00 a170=c2 a17f=00 txtail=00b2 rxpend=0000
[  20.026] [transport] captured=2226 flushed=2226 received=2736 accepted=478 payload2=433 payload3=0 payload4=2 payload5=24 pump_reads=1651 bursts=450 txcredit=0 outq=0 inq=0 watchdog=20 txseq=c2 rxseq=de rxcredit=0 protection=00 checks=0000
[  20.026] [epochs] local=1 peer=1 ready=true discarded_rx=0
[  20.026] [tcb-continuations] ffa580=ff80->018392 sleep=0 local26=7710 ffa5c0=ff80->01853c sleep=0 local26=1400 ffd000=ffc0->00d4b4 sleep=0 local26=0000 ffd040=ffc0->00daca sleep=0 local26=0000 ffd080=ffc0->00504e sleep=0 local26=a700 ffd0c0=ffc0->00504e sleep=0 local26=a700 ffd100=ff80->006782 sleep=0 local26=0000 ffd140=ffc0->008082 sleep=0 local26=010f ffd180=ff80->007944 sleep=0 local26=0000 ffd1c0=ff80->007d70 sleep=0 local26=0000 ffd200=ff80->007944 sleep=0 local26=0000 ffd240=ff80->007d70 sleep=0 local26=0000 ffdfc0=ffc0->00d6d0 sleep=0 local26=0000
[  20.178]   [header-byte] write $ffa517 = 04 mask=00ff (pc=018446)
[  20.679]   [header-byte] write $ffa517 = 04 mask=00ff (pc=018446)
[  20.679] [packet-accepted] total=480 seq=df flags=00 status=04 pc=01845e
[  20.879]   [header-byte] write $ffa517 = 04 mask=00ff (pc=018446)
[  20.879] [packet-accepted] total=481 seq=e0 flags=10 status=04 pc=01845e
[  20.896]   [header-byte] write $ffa517 = 04 mask=00ff (pc=018446)
[  20.896] [packet-accepted] total=482 seq=e1 flags=10 status=04 pc=01845e
[  21.013]   [header-byte] write $ffa517 = 04 mask=00ff (pc=018446)
[  21.013] [packet-accepted] total=483 seq=e2 flags=08 status=04 pc=01845e attack=8000,8000
[  21.013] [attack-state] address=ffa7f0 data=8080 mask=ff00 pc=018638 protection=00
[  21.013] [attack-state] address=ffa7f8 data=8080 mask=ff00 pc=01863c protection=00
[  21.013] [attack-state] address=ffa7f4 data=8080 mask=ff00 pc=018638 protection=00
[  21.013] [attack-state] address=ffa7fc data=8080 mask=ff00 pc=01863c protection=00
[  21.013] [attack-state] address=ffa7e0 data=8080 mask=ff00 pc=0050ce protection=00
[  21.013] [attack-state] address=ffa7e4 data=8080 mask=ff00 pc=0050ce protection=00
[  21.014] [attack-state] address=ffa7e0 data=0000 mask=ff00 pc=00da56 protection=00
[  21.014] [attack-state] address=ffa7e4 data=0000 mask=ff00 pc=00da56 protection=00
[  21.027] heartbeat frame=1260 tx=2266 rx=2783 fc=1 fd=10 fe=1 linkflag=82 pc=00028a a502=00 a524=0007 a525=07 a170=c2 a17f=00 txtail=00da rxpend=0000
[  21.027] [transport] captured=2266 flushed=2266 received=2783 accepted=483 payload2=433 payload3=1 payload4=4 payload5=24 pump_reads=1716 bursts=454 txcredit=0 outq=0 inq=0 watchdog=0 txseq=c7 rxseq=e3 rxcredit=0 protection=00 checks=0000
[  21.027] [epochs] local=1 peer=1 ready=true discarded_rx=0
[  21.027] [tcb-continuations] ffa580=ff80->018392 sleep=0 local26=7710 ffa5c0=ff80->01853c sleep=0 local26=0000 ffd000=ffc0->00d4b4 sleep=0 local26=0000 ffd040=ffc0->00daca sleep=0 local26=0000 ffd080=ffc0->004f7e sleep=0 local26=0000 ffd0c0=ffc0->004f7e sleep=0 local26=0000 ffd100=ff80->006782 sleep=0 local26=0000 ffd140=ffc0->008082 sleep=0 local26=010f ffd180=ff00->0079fe sleep=15 local26=0001 ffd1c0=ff00->0079fe sleep=7 local26=0000 ffd200=ff00->0079fe sleep=15 local26=0001 ffd240=ff00->0079fe sleep=7 local26=0000 ffdfc0=ffc0->00d6d0 sleep=0 local26=0000
[  21.515]   [header-byte] write $ffa517 = 04 mask=00ff (pc=018446)
[  22.014]   [header-byte] write $ffa517 = 04 mask=00ff (pc=018446)
[  22.028] heartbeat frame=1320 tx=2276 rx=2789 fc=1 fd=10 fe=1 linkflag=82 pc=000288 a502=00 a524=0003 a525=03 a170=c2 a17f=00 txtail=00e4 rxpend=0000
[  22.028] [transport] captured=2276 flushed=2276 received=2789 accepted=485 payload2=433 payload3=1 payload4=4 payload5=24 pump_reads=1778 bursts=456 txcredit=0 outq=0 inq=0 watchdog=0 txseq=c9 rxseq=e5 rxcredit=0 protection=00 checks=0000
[  22.028] [epochs] local=1 peer=1 ready=true discarded_rx=0
[  22.028] [tcb-continuations] ffa580=ff80->018392 sleep=0 local26=7710 ffa5c0=ff80->01853c sleep=0 local26=0000 ffd000=ffc0->00d4b4 sleep=0 local26=0000 ffd040=ffc0->00daca sleep=0 local26=0000 ffd080=ffc0->00504e sleep=0 local26=3700 ffd0c0=ffc0->00504e sleep=0 local26=3700 ffd100=ff80->006782 sleep=0 local26=0000 ffd140=ffc0->008082 sleep=0 local26=000f ffd280=ff80->007944 sleep=0 local26=0000 ffd2c0=ff80->007d70 sleep=0 local26=0000 ffd300=ff80->007944 sleep=0 local26=0000 ffd340=ff80->007d70 sleep=0 local26=0000 ffdfc0=ffc0->00d6d0 sleep=0 local26=0000
[  22.045] [protection-state] address=ffa020 data=2020 mask=ff00 pc=000948
[  22.045] [protection-state] address=ffa020 data=2020 mask=00ff pc=000952
[  22.047]   [menu-state] write $ffa172 = 0101 mask=ff00 (pc=0194b6)
[  22.062] [protection-state] address=ffa020 data=0000 mask=00ff pc=000952
[  22.064]   [menu-state] write $ffa172 = 0000 mask=ff00 (pc=019418)
[  22.064]   [menu-state] write $ffa171 = 0000 mask=00ff (pc=019420)
[  22.064]   [header-byte] write $ffa513 = 04 mask=00ff (pc=019432)
[  22.064]   [header-byte] write $ffa513 = 04 mask=00ff (pc=019438)
[  22.095] [protection-state] address=ffa020 data=0000 mask=ff00 pc=000948
[  22.164]   [header-byte] write $ffa517 = 54 mask=00ff (pc=018446)
[  22.181]   [menu-state] write $ffa171 = 8080 mask=00ff (pc=019466)
[  22.181]   [header-byte] write $ffa513 = 04 mask=00ff (pc=019e4a)
[  22.181]   [header-byte] write $ffa513 = 14 mask=00ff (pc=019e5a)
[  22.181]   [header-byte] write $ffa513 = 00 mask=00ff (pc=01afe6)
[  22.181]   [header-byte] write $ffa513 = 10 mask=00ff (pc=01affe)
[  22.181]   [header-byte] write $ffa513 = 50 mask=00ff (pc=01b022)
[  22.181]   [header-byte] write $ffa513 = 54 mask=00ff (pc=01b044)
[  22.665]   [header-byte] write $ffa517 = 54 mask=00ff (pc=018446)
[  23.030] heartbeat frame=1380 tx=2288 rx=2795 fc=1 fd=10 fe=1 linkflag=82 pc=00028a a502=00 a524=0000 a525=00 a170=c2 a17f=00 txtail=00f0 rxpend=0000
[  23.030] [transport] captured=2288 flushed=2288 received=2795 accepted=487 payload2=433 payload3=1 payload4=4 payload5=24 pump_reads=1840 bursts=460 txcredit=0 outq=0 inq=0 watchdog=21 txseq=cc rxseq=e7 rxcredit=0 protection=00 checks=0000
[  23.030] [epochs] local=1 peer=1 ready=true discarded_rx=0
[  23.030] [tcb-continuations] ffa580=ff80->018392 sleep=0 local26=7710 ffa5c0=ff80->01853c sleep=0 local26=1400 ffd000=ffc0->00d4b4 sleep=0 local26=0000 ffd040=ffc0->00daca sleep=0 local26=0000 ffd080=ffc0->00504e sleep=0 local26=7300 ffd0c0=ffc0->00504e sleep=0 local26=7300 ffd100=ff80->006782 sleep=0 local26=0000 ffd140=ffc0->008082 sleep=0 local26=000f ffd280=ff80->007944 sleep=0 local26=0000 ffd2c0=ff80->007d70 sleep=0 local26=0000 ffd300=ff80->007944 sleep=0 local26=0000 ffd340=ff80->007d70 sleep=0 local26=0000 ffdfc0=ffc0->00d6d0 sleep=0 local26=0000
[  23.166]   [header-byte] write $ffa517 = 54 mask=00ff (pc=018446)
[  23.666]   [header-byte] write $ffa517 = 54 mask=00ff (pc=018446)
[  24.031] heartbeat frame=1440 tx=2294 rx=2801 fc=1 fd=10 fe=1 linkflag=82 pc=00028a a502=00 a524=0000 a525=00 a170=c2 a17f=00 txtail=00f6 rxpend=0000
[  24.031] [transport] captured=2294 flushed=2294 received=2801 accepted=489 payload2=433 payload3=1 payload4=4 payload5=24 pump_reads=1902 bursts=462 txcredit=0 outq=0 inq=0 watchdog=21 txseq=ce rxseq=e9 rxcredit=0 protection=00 checks=0000
[  24.031] [epochs] local=1 peer=1 ready=true discarded_rx=0
[  24.031] [tcb-continuations] ffa580=ff80->018392 sleep=0 local26=7710 ffa5c0=ff80->01853c sleep=0 local26=1400 ffd000=ffc0->00d4b4 sleep=0 local26=0000 ffd040=ffc0->00daca sleep=0 local26=0000 ffd080=ffc0->00504e sleep=0 local26=af00 ffd0c0=ffc0->00504e sleep=0 local26=af00 ffd100=ff80->006782 sleep=0 local26=0000 ffd140=ffc0->008082 sleep=0 local26=00ff ffd280=ff80->007944 sleep=0 local26=0001 ffd2c0=ff80->007d70 sleep=0 local26=0000 ffd300=ff80->007944 sleep=0 local26=0001 ffd340=ff80->007d70 sleep=0 local26=0000 ffdfc0=ffc0->00d6d0 sleep=0 local26=0000
[  24.167]   [header-byte] write $ffa517 = 54 mask=00ff (pc=018446)
[  24.217]   [header-byte] write $ffa517 = 54 mask=00ff (pc=018446)
[  24.217] [packet-accepted] total=491 seq=ea flags=10 status=54 pc=01845e
[  24.234]   [header-byte] write $ffa517 = 54 mask=00ff (pc=018446)
[  24.234] [packet-accepted] total=492 seq=eb flags=10 status=54 pc=01845e
[  24.350]   [header-byte] write $ffa517 = 54 mask=00ff (pc=018446)
[  24.350] [packet-accepted] total=493 seq=ec flags=08 status=54 pc=01845e attack=8000,8000
[  24.751] [attack-state] address=ffa7e0 data=8080 mask=ff00 pc=0050ce protection=00
[  24.751] [attack-state] address=ffa7e4 data=8080 mask=ff00 pc=0050ce protection=00
[  24.752] [attack-state] address=ffa7e0 data=0000 mask=ff00 pc=00da56 protection=00
[  24.752] [attack-state] address=ffa7e4 data=0000 mask=ff00 pc=00da56 protection=00
[  24.851]   [header-byte] write $ffa517 = 54 mask=00ff (pc=018446)
[  25.032] heartbeat frame=1500 tx=2338 rx=2848 fc=1 fd=10 fe=1 linkflag=82 pc=00028a a502=00 a524=0000 a525=00 a170=c2 a17f=00 txtail=0022 rxpend=0000
[  25.032] [transport] captured=2338 flushed=2338 received=2848 accepted=494 payload2=433 payload3=2 payload4=6 payload5=24 pump_reads=1967 bursts=466 txcredit=0 outq=0 inq=0 watchdog=10 txseq=d2 rxseq=ee rxcredit=0 protection=00 checks=0000
[  25.032] [epochs] local=1 peer=1 ready=true discarded_rx=0
[  25.032] [tcb-continuations] ffa580=ff80->018392 sleep=0 local26=7710 ffa5c0=ff80->01853c sleep=0 local26=1000 ffd000=ffc0->00d4b4 sleep=0 local26=0000 ffd040=ffc0->00daca sleep=0 local26=0000 ffd080=ffc0->00504e sleep=0 local26=0b00 ffd0c0=ffc0->00504e sleep=0 local26=0b00 ffd100=ff80->006782 sleep=0 local26=0000 ffd140=ffc0->008082 sleep=0 local26=00ff ffd180=ff80->007944 sleep=0 local26=0000 ffd1c0=ff80->007d70 sleep=0 local26=0000 ffd200=ff80->007944 sleep=0 local26=0000 ffd240=ff80->007d70 sleep=0 local26=0000 ffd280=ff00->007a24 sleep=0 local26=0602 ffd2c0=ff00->007a24 sleep=0 local26=0400 ffd300=ff00->007a24 sleep=0 local26=0602 ffd340=ff00->007a24 sleep=0 local26=0400 ffdfc0=ffc0->00d6d0 sleep=0 local26=0000 ffe000=ff00->0070c2 sleep=0 local26=3600
[  25.352]   [header-byte] write $ffa517 = 54 mask=00ff (pc=018446)
[  25.519]   [header-byte] write $ffa517 = 54 mask=00ff (pc=018446)
[  25.519] [packet-accepted] total=496 seq=ef flags=10 status=54 pc=01845e
[  25.535]   [header-byte] write $ffa517 = 54 mask=00ff (pc=018446)
[  25.535] [packet-accepted] total=497 seq=f0 flags=10 status=54 pc=01845e
[  25.552]   [header-byte] write $ffa517 = 54 mask=00ff (pc=018446)
[  25.552] [packet-accepted] total=498 seq=f1 flags=10 status=54 pc=01845e
[  25.569]   [header-byte] write $ffa517 = 54 mask=00ff (pc=018446)
[  25.569] [packet-accepted] total=499 seq=f2 flags=10 status=54 pc=01845e
[  25.652]   [header-byte] write $ffa517 = 54 mask=00ff (pc=018446)
[  25.652] [packet-accepted] total=500 seq=f3 flags=08 status=54 pc=01845e attack=8000,8000
[  26.034] heartbeat frame=1560 tx=2344 rx=2926 fc=1 fd=10 fe=1 linkflag=82 pc=00028a a502=00 a524=0000 a525=00 a170=c2 a17f=00 txtail=0028 rxpend=0000
[  26.034] [transport] captured=2344 flushed=2344 received=2926 accepted=500 payload2=433 payload3=3 payload4=10 payload5=24 pump_reads=2033 bursts=468 txcredit=0 outq=0 inq=0 watchdog=22 txseq=d4 rxseq=f4 rxcredit=0 protection=00 checks=0000
[  26.034] [epochs] local=1 peer=1 ready=true discarded_rx=0
[  26.034] [tcb-continuations] ffa580=ff80->018392 sleep=0 local26=7710 ffa5c0=ff80->01853c sleep=0 local26=1000 ffd000=ffc0->00d4b4 sleep=0 local26=0000 ffd040=ffc0->00daca sleep=0 local26=0000 ffd080=ffc0->00504e sleep=0 local26=4700 ffd0c0=ffc0->00504e sleep=0 local26=4700 ffd100=ff80->006782 sleep=0 local26=0000 ffd140=ffc0->008082 sleep=0 local26=00ff ffd180=ff80->007944 sleep=0 local26=0000 ffd1c0=ff80->007d70 sleep=0 local26=0000 ffd200=ff80->007944 sleep=0 local26=0000 ffd240=ff80->007d70 sleep=0 local26=0000 ffdfc0=ffc0->00d6d0 sleep=0 local26=0000 ffe000=ff00->0070c2 sleep=0 local26=3600 ffe040=ff00->0070c2 sleep=0 local26=2000
[  26.153]   [header-byte] write $ffa517 = 54 mask=00ff (pc=018446)
[  26.655]   [header-byte] write $ffa517 = 54 mask=00ff (pc=018446)
[  27.035] heartbeat frame=1620 tx=2350 rx=2932 fc=1 fd=10 fe=1 linkflag=82 pc=00028a a502=00 a524=0000 a525=00 a170=c2 a17f=00 txtail=002e rxpend=0000
[  27.035] [transport] captured=2350 flushed=2350 received=2932 accepted=502 payload2=433 payload3=3 payload4=10 payload5=24 pump_reads=2095 bursts=470 txcredit=0 outq=0 inq=0 watchdog=22 txseq=d6 rxseq=f6 rxcredit=0 protection=00 checks=0000
[  27.035] [epochs] local=1 peer=1 ready=true discarded_rx=0
[  27.035] [tcb-continuations] ffa580=ff80->018392 sleep=0 local26=7710 ffa5c0=ff80->01853c sleep=0 local26=1000 ffd000=ffc0->00d4b4 sleep=0 local26=0000 ffd040=ffc0->00daca sleep=0 local26=0000 ffd080=ffc0->00504e sleep=0 local26=8300 ffd0c0=ffc0->00504e sleep=0 local26=8300 ffd100=ff80->006782 sleep=0 local26=0000 ffd140=ffc0->008082 sleep=0 local26=00ff ffd180=ff80->007944 sleep=0 local26=0001 ffd1c0=ff80->007d70 sleep=0 local26=0000 ffd200=ff80->007944 sleep=0 local26=0001 ffd240=ff80->007d70 sleep=0 local26=0000 ffdfc0=ffc0->00d6d0 sleep=0 local26=0000 ffe000=ff00->0070c2 sleep=0 local26=3600 ffe040=ff00->0070c2 sleep=0 local26=2000
[  27.154]   [header-byte] write $ffa517 = 54 mask=00ff (pc=018446)
[  27.654]   [header-byte] write $ffa517 = 54 mask=00ff (pc=018446)
[  27.955] [attack-state] address=ffa7e0 data=8080 mask=ff00 pc=0050ce protection=00
[  27.955] [attack-state] address=ffa7e4 data=8080 mask=ff00 pc=0050ce protection=00
[  27.956] [attack-state] address=ffa7e0 data=0000 mask=ff00 pc=00da56 protection=00
[  27.956] [attack-state] address=ffa7e4 data=0000 mask=ff00 pc=00da56 protection=00
[  28.036] heartbeat frame=1680 tx=2397 rx=2938 fc=1 fd=10 fe=1 linkflag=82 pc=000288 a502=00 a524=0000 a525=00 a170=c2 a17f=00 txtail=005d rxpend=0000
[  28.036] [transport] captured=2397 flushed=2397 received=2938 accepted=504 payload2=433 payload3=3 payload4=10 payload5=24 pump_reads=2157 bursts=475 txcredit=0 outq=0 inq=0 watchdog=22 txseq=db rxseq=f8 rxcredit=0 protection=00 checks=0000
[  28.036] [epochs] local=1 peer=1 ready=true discarded_rx=0
[  28.036] [tcb-continuations] ffa580=ff80->018392 sleep=0 local26=7710 ffa5c0=ff80->01853c sleep=0 local26=0400 ffd000=ffc0->00d4b4 sleep=0 local26=0000 ffd040=ffc0->00daca sleep=0 local26=0000 ffd080=ffc0->005014 sleep=0 local26=0000 ffd0c0=ffc0->005014 sleep=0 local26=0000 ffd100=ff80->006782 sleep=0 local26=0000 ffd140=ffc0->008082 sleep=0 local26=0304 ffd180=ff00->0079fe sleep=11 local26=0002 ffd1c0=ff00->0079fe sleep=3 local26=0000 ffd200=ff00->0079fe sleep=11 local26=0002 ffd240=ff00->0079fe sleep=3 local26=0000 ffdfc0=ffc0->00d6d0 sleep=0 local26=0000 ffe000=ff00->0070c2 sleep=0 local26=3600
[  28.156]   [header-byte] write $ffa517 = 54 mask=00ff (pc=018446)
[  28.456]   [header-byte] write $ffa517 = 54 mask=00ff (pc=018446)
[  28.456] [packet-accepted] total=506 seq=f9 flags=10 status=54 pc=01845e
[  28.473]   [header-byte] write $ffa517 = 54 mask=00ff (pc=018446)
[  28.473] [packet-accepted] total=507 seq=fa flags=10 status=54 pc=01845e
[  28.589]   [header-byte] write $ffa517 = 54 mask=00ff (pc=018446)
[  28.589] [packet-accepted] total=508 seq=fb flags=08 status=54 pc=01845e attack=8000,8000
[  29.037] heartbeat frame=1740 tx=2403 rx=2982 fc=1 fd=10 fe=1 linkflag=82 pc=000288 a502=00 a524=0000 a525=00 a170=c2 a17f=00 txtail=0063 rxpend=0000
[  29.037] [transport] captured=2403 flushed=2403 received=2982 accepted=508 payload2=433 payload3=4 payload4=12 payload5=24 pump_reads=2221 bursts=477 txcredit=0 outq=0 inq=0 watchdog=26 txseq=dd rxseq=fc rxcredit=0 protection=00 checks=0000
[  29.037] [epochs] local=1 peer=1 ready=true discarded_rx=0
[  29.037] [tcb-continuations] ffa580=ff80->018392 sleep=0 local26=7710 ffa5c0=ff80->01853c sleep=0 local26=0400 ffd000=ffc0->00d4b4 sleep=0 local26=0000 ffd040=ffc0->00daca sleep=0 local26=0000 ffd080=ffc0->00504e sleep=0 local26=3b00 ffd0c0=ffc0->00504e sleep=0 local26=3b00 ffd100=ff80->006782 sleep=0 local26=0000 ffd140=ffc0->008082 sleep=0 local26=0304 ffd280=ff80->007944 sleep=0 local26=0000 ffd2c0=ff80->007d70 sleep=0 local26=0000 ffd300=ff80->007944 sleep=0 local26=0000 ffd340=ff80->007d70 sleep=0 local26=0000 ffdfc0=ffc0->00d6d0 sleep=0 local26=0000
[  29.091]   [header-byte] write $ffa517 = 54 mask=00ff (pc=018446)
[  29.591]   [header-byte] write $ffa517 = 54 mask=00ff (pc=018446)
[  29.707]   [header-byte] write $ffa517 = 54 mask=00ff (pc=018446)
[  29.707] [packet-accepted] total=511 seq=fe flags=10 status=54 pc=01845e
[  29.724]   [header-byte] write $ffa517 = 54 mask=00ff (pc=018446)
[  29.724] [packet-accepted] total=512 seq=ff flags=10 status=54 pc=01845e
[  29.841]   [header-byte] write $ffa517 = 54 mask=00ff (pc=018446)
[  29.841] [packet-accepted] total=513 seq=00 flags=08 status=54 pc=01845e attack=8000,8000
[  30.039] heartbeat frame=1800 tx=2409 rx=3029 fc=1 fd=10 fe=1 linkflag=82 pc=00028a a502=00 a524=0000 a525=00 a170=c2 a17f=00 txtail=0069 rxpend=0000
[  30.039] [transport] captured=2409 flushed=2409 received=3029 accepted=513 payload2=433 payload3=5 payload4=14 payload5=24 pump_reads=2286 bursts=479 txcredit=0 outq=0 inq=0 watchdog=11 txseq=df rxseq=01 rxcredit=0 protection=00 checks=0000
[  30.039] [epochs] local=1 peer=1 ready=true discarded_rx=0
[  30.039] [tcb-continuations] ffa580=ff80->018392 sleep=0 local26=7710 ffa5c0=ff80->01853c sleep=0 local26=0400 ffd000=ffc0->00d4b4 sleep=0 local26=0000 ffd040=ffc0->00daca sleep=0 local26=0000 ffd080=ffc0->00504e sleep=0 local26=7700 ffd0c0=ffc0->00504e sleep=0 local26=7700 ffd100=ff80->006782 sleep=0 local26=0000 ffd140=ffc0->008082 sleep=0 local26=0204 ffd280=ff80->007944 sleep=0 local26=0001 ffd2c0=ff80->007d70 sleep=0 local26=0000 ffd300=ff80->007944 sleep=0 local26=0001 ffd340=ff80->007d70 sleep=0 local26=0000 ffdfc0=ffc0->00d6d0 sleep=0 local26=0000
[  30.342]   [header-byte] write $ffa517 = 54 mask=00ff (pc=018446)
[  30.442]   [header-byte] write $ffa517 = 54 mask=00ff (pc=018446)
[  30.442] [packet-accepted] total=515 seq=02 flags=10 status=54 pc=01845e
[  30.459]   [header-byte] write $ffa517 = 54 mask=00ff (pc=018446)
[  30.459] [packet-accepted] total=516 seq=03 flags=10 status=54 pc=01845e
[  30.492] [attack-state] address=ffa7e0 data=8080 mask=ff00 pc=0050ce protection=00
[  30.492] [attack-state] address=ffa7e4 data=8080 mask=ff00 pc=0050ce protection=00
[  30.494] [attack-state] address=ffa7e0 data=0000 mask=ff00 pc=00da56 protection=00
[  30.494] [attack-state] address=ffa7e4 data=0000 mask=ff00 pc=00da56 protection=00
[  30.575]   [header-byte] write $ffa517 = 54 mask=00ff (pc=018446)
[  30.575] [packet-accepted] total=517 seq=04 flags=08 status=54 pc=01845e attack=8000,8000
[  31.040] heartbeat frame=1860 tx=2484 rx=3073 fc=1 fd=10 fe=1 linkflag=82 pc=000288 a502=00 a524=0000 a525=00 a170=c2 a17f=00 txtail=00b4 rxpend=0000
[  31.040] [transport] captured=2484 flushed=2484 received=3073 accepted=517 payload2=433 payload3=6 payload4=16 payload5=24 pump_reads=2350 bursts=484 txcredit=0 outq=0 inq=0 watchdog=27 txseq=e4 rxseq=05 rxcredit=0 protection=00 checks=0000
[  31.040] [epochs] local=1 peer=1 ready=true discarded_rx=0
[  31.040] [tcb-continuations] ffa580=ff80->018392 sleep=0 local26=7710 ffa5c0=ff80->01853c sleep=0 local26=0100 ffd000=ffc0->00d4b4 sleep=0 local26=0000 ffd040=ffc0->00daca sleep=0 local26=0000 ffd080=ffc0->005096 sleep=0 local26=0000 ffd0c0=ffc0->005096 sleep=0 local26=0000 ffd100=ff80->006782 sleep=0 local26=0000 ffd140=ffc0->008082 sleep=0 local26=0104 ffd180=ff00->0079fe sleep=21 local26=0001 ffd1c0=ff00->0079fe sleep=19 local26=0000 ffd200=ff00->0079fe sleep=21 local26=0001 ffd240=ff00->0079fe sleep=19 local26=0000 ffd280=ff00->007a24 sleep=0 local26=0202 ffd2c0=ff00->007a24 sleep=0 local26=0200 ffd300=ff00->007a24 sleep=0 local26=0202 ffd340=ff00->007a24 sleep=0 local26=0200 ffdfc0=ffc0->00d6d0 sleep=0 local26=0000 ffe000=ff00->0070c2 sleep=0 local26=4c00
[  31.078]   [header-byte] write $ffa517 = 54 mask=00ff (pc=018446)
[  31.126] [attack-state] address=ffa7e0 data=8080 mask=ff00 pc=0050ce protection=00
[  31.126] [attack-state] address=ffa7e4 data=8080 mask=ff00 pc=0050ce protection=00
[  31.128] [attack-state] address=ffa7e0 data=0000 mask=ff00 pc=00da56 protection=00
[  31.128] [attack-state] address=ffa7e4 data=0000 mask=ff00 pc=00da56 protection=00
[  31.577]   [header-byte] write $ffa517 = 54 mask=00ff (pc=018446)
[  31.694] [attack-state] address=ffa7e0 data=8080 mask=ff00 pc=0050ce protection=00
[  31.694] [attack-state] address=ffa7e4 data=8080 mask=ff00 pc=0050ce protection=00
[  31.695] [attack-state] address=ffa7e0 data=0000 mask=ff00 pc=00da56 protection=00
[  31.695] [attack-state] address=ffa7e4 data=0000 mask=ff00 pc=00da56 protection=00
[  31.779] [game-command] data=1b1b mask=ff00 pc=00c030 requests=00
[  31.783] [game-command] data=3b3b mask=ff00 pc=00c030 requests=04
[  32.041] heartbeat frame=1920 tx=2537 rx=3079 fc=1 fd=10 fe=1 linkflag=82 pc=00028a a502=00 a524=0000 a525=00 a170=c2 a17f=00 txtail=00e9 rxpend=0000
[  32.041] [transport] captured=2537 flushed=2537 received=3079 accepted=519 payload2=433 payload3=6 payload4=16 payload5=24 pump_reads=2412 bursts=489 txcredit=0 outq=0 inq=0 watchdog=27 txseq=e9 rxseq=07 rxcredit=0 protection=00 checks=0000
[  32.041] [epochs] local=1 peer=1 ready=true discarded_rx=0
[  32.041] [game-state] a142=04 a13e=04 a13f=0f a530=3b22 a506=0b a507=01 a508=01 a7b0=0022 a7a6=9334 script=01a51a
[  32.041] [tcb-continuations] ffa580=ff80->018392 sleep=0 local26=7710 ffa5c0=ff80->01853c sleep=0 local26=0f00 ffd000=ffc0->00d4b4 sleep=0 local26=0000 ffd040=ffc0->00daca sleep=0 local26=0000 ffd080=ffc0->00bdcc sleep=0 local26=0006 ffd0c0=ffc0->00bdcc sleep=0 local26=0006 ffd100=ff80->006782 sleep=0 local26=0000 ffd140=ffc0->008082 sleep=0 local26=0104 ffd240=ff80->00cea4 sleep=20 local26=001a ffd380=ff80->00cec4 sleep=0 local26=001a ffd3c0=ff80->00cec4 sleep=0 local26=0819 ffd400=ff80->00cec4 sleep=0 local26=0819 ffd440=ff80->00cea4 sleep=4 local26=001a ffd480=ff80->00cea4 sleep=16 local26=001a ffd4c0=ff80->00449a sleep=0 local26=0000 ffd540=ff80->00cea4 sleep=20 local26=001a ffd580=ff80->00cec4 sleep=0 local26=001a ffd5c0=ff80->00cec4 sleep=0 local26=0819 ffd600=ff80->00cec4 sleep=0 local26=0819 ffd640=ff80->00cea4 sleep=4 local26=001a ffd680=ff80->00cea4 sleep=16 local26=001a ffd6c0=ff80->00449a sleep=0 local26=0001 ffdfc0=ffc0->00d6d0 sleep=0 local26=0000 ffe000=ff00->0070c2 sleep=0 local26=4c00
[  32.076]   [header-byte] write $ffa517 = 54 mask=00ff (pc=018446)
[  32.578]   [header-byte] write $ffa517 = 54 mask=00ff (pc=018446)
[  33.043] heartbeat frame=1980 tx=2543 rx=3085 fc=1 fd=10 fe=1 linkflag=82 pc=000288 a502=00 a524=0000 a525=00 a170=c2 a17f=00 txtail=00ef rxpend=0000
[  33.043] [transport] captured=2543 flushed=2543 received=3085 accepted=521 payload2=433 payload3=6 payload4=16 payload5=24 pump_reads=2474 bursts=491 txcredit=0 outq=0 inq=0 watchdog=27 txseq=eb rxseq=09 rxcredit=0 protection=00 checks=0000
[  33.043] [epochs] local=1 peer=1 ready=true discarded_rx=0
[  33.043] [tcb-continuations] ffa580=ff80->018392 sleep=0 local26=7710 ffa5c0=ff80->01853c sleep=0 local26=0f00 ffd000=ffc0->00d4b4 sleep=0 local26=0000 ffd040=ffc0->00daca sleep=0 local26=0000 ffd080=ffc0->00bdcc sleep=0 local26=0003 ffd0c0=ffc0->00bdcc sleep=0 local26=0003 ffd100=ff80->006782 sleep=0 local26=0000 ffd140=ffc0->008082 sleep=0 local26=0004 ffd240=ff80->00cec4 sleep=0 local26=000e ffd440=ff80->00cec4 sleep=0 local26=0002 ffd480=ff80->00cec4 sleep=0 local26=000c ffd4c0=ff80->00449a sleep=0 local26=0000 ffd540=ff80->00cec4 sleep=0 local26=000e ffd640=ff80->00cec4 sleep=0 local26=0002 ffd680=ff80->00cec4 sleep=0 local26=000c ffd6c0=ff80->00449a sleep=0 local26=0001 ffdfc0=ffc0->00d6d0 sleep=0 local26=0000 ffe000=ff00->0070c2 sleep=0 local26=4c00
[  33.078]   [header-byte] write $ffa517 = 54 mask=00ff (pc=018446)
[  33.579]   [header-byte] write $ffa517 = 54 mask=00ff (pc=018446)
[  33.963]   [header-byte] write $ffa517 = 54 mask=00ff (pc=018446)
[  33.963] [packet-accepted] total=524 seq=0b flags=10 status=54 pc=01845e
[  33.979]   [header-byte] write $ffa517 = 54 mask=00ff (pc=018446)
[  33.979] [packet-accepted] total=525 seq=0c flags=10 status=54 pc=01845e
[  34.044] heartbeat frame=2040 tx=2651 rx=3125 fc=1 fd=10 fe=1 linkflag=82 pc=00028a a502=00 a524=0000 a525=00 a170=c2 a17f=00 txtail=005b rxpend=0000
[  34.044] [transport] captured=2651 flushed=2651 received=3125 accepted=525 payload2=433 payload3=6 payload4=18 payload5=24 pump_reads=2538 bursts=499 txcredit=0 outq=0 inq=0 watchdog=3 txseq=f3 rxseq=0d rxcredit=0 protection=00 checks=0000
[  34.044] [epochs] local=1 peer=1 ready=true discarded_rx=0
[  34.044] [tcb-continuations] ffa580=ff80->018392 sleep=0 local26=7710 ffa5c0=ff80->01853c sleep=0 local26=0400 ffd000=ffc0->00d4b4 sleep=0 local26=0000 ffd040=ffc0->00daca sleep=0 local26=0000 ffd080=ffc0->00c35c sleep=0 local26=0000 ffd0c0=ffc0->00c35c sleep=0 local26=0000 ffd100=ff80->006782 sleep=0 local26=0000 ffd140=ffc0->008082 sleep=0 local26=03ff ffd180=ffc0->00ca8a sleep=0 local26=001a ffd1c0=ffc0->00ca8a sleep=0 local26=001a ffd4c0=ff80->00449a sleep=0 local26=0000 ffd6c0=ff80->00449a sleep=0 local26=0001 ffdfc0=ffc0->00d6d0 sleep=0 local26=0000 ffe000=ff00->0070c2 sleep=0 local26=4c00
[  34.480]   [header-byte] write $ffa517 = 54 mask=00ff (pc=018446)
[  34.981]   [header-byte] write $ffa517 = 54 mask=00ff (pc=018446)
[  35.045] heartbeat frame=2100 tx=2657 rx=3131 fc=1 fd=10 fe=1 linkflag=82 pc=00028a a502=00 a524=0000 a525=00 a170=c2 a17f=00 txtail=0061 rxpend=0000
[  35.045] [transport] captured=2657 flushed=2657 received=3131 accepted=527 payload2=433 payload3=6 payload4=18 payload5=24 pump_reads=2600 bursts=501 txcredit=0 outq=0 inq=0 watchdog=3 txseq=f5 rxseq=0f rxcredit=0 protection=00 checks=0000
[  35.045] [epochs] local=1 peer=1 ready=true discarded_rx=0
[  35.045] [tcb-continuations] ffa580=ff80->018392 sleep=0 local26=7710 ffa5c0=ff80->01853c sleep=0 local26=0400 ffd000=ffc0->00d4b4 sleep=0 local26=0000 ffd040=ffc0->00daca sleep=0 local26=0000 ffd080=ffc0->00c35c sleep=0 local26=0000 ffd0c0=ffc0->00c35c sleep=0 local26=0000 ffd100=ff80->006782 sleep=0 local26=0000 ffd140=ffc0->008082 sleep=0 local26=0316 ffd180=ffc0->00ca8a sleep=0 local26=0020 ffd1c0=ffc0->00ca8a sleep=0 local26=0020 ffdfc0=ffc0->00d6d0 sleep=0 local26=0000 ffe000=ff00->0070c2 sleep=0 local26=4c00 ffe040=ff00->0070c2 sleep=0 local26=2000
[  35.331]   [header-byte] write $ffa517 = 54 mask=00ff (pc=018446)
[  35.331] [packet-accepted] total=528 seq=0f flags=10 status=54 pc=01845e
[  35.348]   [header-byte] write $ffa517 = 54 mask=00ff (pc=018446)
[  35.348] [packet-accepted] total=529 seq=10 flags=10 status=54 pc=01845e
[  35.365]   [header-byte] write $ffa517 = 54 mask=00ff (pc=018446)
[  35.365] [packet-accepted] total=530 seq=11 flags=10 status=54 pc=01845e
[  35.381]   [header-byte] write $ffa517 = 54 mask=00ff (pc=018446)
[  35.381] [packet-accepted] total=531 seq=12 flags=10 status=54 pc=01845e
[  35.465]   [header-byte] write $ffa517 = 54 mask=00ff (pc=018446)
[  35.465] [packet-accepted] total=532 seq=13 flags=08 status=54 pc=01845e attack=8000,8000
[  35.965]   [header-byte] write $ffa517 = 54 mask=00ff (pc=018446)
[  36.046] heartbeat frame=2160 tx=2663 rx=3209 fc=1 fd=10 fe=1 linkflag=82 pc=000288 a502=00 a524=0000 a525=00 a170=c2 a17f=00 txtail=0067 rxpend=0000
[  36.046] [transport] captured=2663 flushed=2663 received=3209 accepted=533 payload2=433 payload3=7 payload4=22 payload5=24 pump_reads=2666 bursts=503 txcredit=0 outq=0 inq=0 watchdog=4 txseq=f7 rxseq=15 rxcredit=0 protection=00 checks=0000
[  36.046] [epochs] local=1 peer=1 ready=true discarded_rx=0
[  36.046] [tcb-continuations] ffa580=ff80->018392 sleep=0 local26=7710 ffa5c0=ff80->01853c sleep=0 local26=0400 ffd000=ffc0->00d4b4 sleep=0 local26=0000 ffd040=ffc0->00daca sleep=0 local26=0000 ffd080=ffc0->00c35c sleep=0 local26=0000 ffd0c0=ffc0->00c35c sleep=0 local26=0000 ffd100=ff80->006782 sleep=0 local26=0000 ffd140=ffc0->008082 sleep=0 local26=0216 ffd180=ffc0->00ca8a sleep=0 local26=0005 ffd1c0=ffc0->00ca8a sleep=0 local26=0005 ffdfc0=ffc0->00d6d0 sleep=0 local26=0000 ffe000=ff00->0070c2 sleep=0 local26=4c00
[  36.466]   [header-byte] write $ffa517 = 54 mask=00ff (pc=018446)
[  36.967]   [header-byte] write $ffa517 = 54 mask=00ff (pc=018446)
[  37.048] heartbeat frame=2220 tx=2669 rx=3215 fc=1 fd=10 fe=1 linkflag=82 pc=000288 a502=00 a524=0000 a525=00 a170=c2 a17f=00 txtail=006d rxpend=0000
[  37.048] [transport] captured=2669 flushed=2669 received=3215 accepted=535 payload2=433 payload3=7 payload4=22 payload5=24 pump_reads=2728 bursts=505 txcredit=0 outq=0 inq=0 watchdog=4 txseq=f9 rxseq=17 rxcredit=0 protection=00 checks=0000
[  37.048] [epochs] local=1 peer=1 ready=true discarded_rx=0
[  37.048] [tcb-continuations] ffa580=ff80->018392 sleep=0 local26=7710 ffa5c0=ff80->01853c sleep=0 local26=0400 ffd000=ffc0->00d4b4 sleep=0 local26=0000 ffd040=ffc0->00daca sleep=0 local26=0000 ffd080=ffc0->00c35c sleep=0 local26=0000 ffd0c0=ffc0->00c35c sleep=0 local26=0000 ffd100=ff80->006782 sleep=0 local26=0000 ffd140=ffc0->008082 sleep=0 local26=0216 ffd180=ffc0->00ca8a sleep=0 local26=000b ffd1c0=ffc0->00ca8a sleep=0 local26=000b ffdfc0=ffc0->00d6d0 sleep=0 local26=0000
[  37.467]   [header-byte] write $ffa517 = 54 mask=00ff (pc=018446)
[  37.968]   [header-byte] write $ffa517 = 54 mask=00ff (pc=018446)
[  38.049] heartbeat frame=2280 tx=2675 rx=3221 fc=1 fd=10 fe=1 linkflag=82 pc=000288 a502=00 a524=0000 a525=00 a170=c2 a17f=00 txtail=0073 rxpend=0000
[  38.049] [transport] captured=2675 flushed=2675 received=3221 accepted=537 payload2=433 payload3=7 payload4=22 payload5=24 pump_reads=2790 bursts=507 txcredit=0 outq=0 inq=0 watchdog=4 txseq=fb rxseq=19 rxcredit=0 protection=00 checks=0000
[  38.049] [epochs] local=1 peer=1 ready=true discarded_rx=0
[  38.049] [tcb-continuations] ffa580=ff80->018392 sleep=0 local26=7710 ffa5c0=ff80->01853c sleep=0 local26=0400 ffd000=ffc0->00d4b4 sleep=0 local26=0000 ffd040=ffc0->00daca sleep=0 local26=0000 ffd080=ffc0->00c35c sleep=0 local26=0000 ffd0c0=ffc0->00c35c sleep=0 local26=0000 ffd100=ff80->006782 sleep=0 local26=0000 ffd140=ffc0->008082 sleep=0 local26=0116 ffd180=ffc0->00cad6 sleep=0 local26=0000 ffd1c0=ffc0->00cad6 sleep=0 local26=0000 ffdfc0=ffc0->00d6d0 sleep=0 local26=0000 ffe000=ff00->0070c2 sleep=0 local26=3600
[  38.470]   [header-byte] write $ffa517 = 54 mask=00ff (pc=018446)
[  38.535]   [header-byte] write $ffa517 = 54 mask=00ff (pc=018446)
[  38.535] [packet-accepted] total=539 seq=1a flags=10 status=54 pc=01845e
[  38.552]   [header-byte] write $ffa517 = 54 mask=00ff (pc=018446)
[  38.552] [packet-accepted] total=540 seq=1b flags=10 status=54 pc=01845e
[  38.669]   [header-byte] write $ffa517 = 54 mask=00ff (pc=018446)
[  38.669] [packet-accepted] total=541 seq=1c flags=08 status=54 pc=01845e attack=8000,8000
[  39.050] heartbeat frame=2340 tx=2681 rx=3265 fc=1 fd=10 fe=1 linkflag=82 pc=000288 a502=00 a524=0000 a525=00 a170=c2 a17f=00 txtail=0079 rxpend=0000
[  39.050] [transport] captured=2681 flushed=2681 received=3265 accepted=541 payload2=433 payload3=8 payload4=24 payload5=24 pump_reads=2854 bursts=509 txcredit=0 outq=0 inq=0 watchdog=22 txseq=fd rxseq=1d rxcredit=0 protection=00 checks=0000
[  39.050] [epochs] local=1 peer=1 ready=true discarded_rx=0
[  39.050] [tcb-continuations] ffa580=ff80->018392 sleep=0 local26=7710 ffa5c0=ff80->01853c sleep=0 local26=0400 ffd000=ffc0->00d4b4 sleep=0 local26=0000 ffd040=ffc0->00daca sleep=0 local26=0000 ffd080=ffc0->00c35c sleep=0 local26=0000 ffd0c0=ffc0->00c35c sleep=0 local26=0000 ffd100=ff80->006782 sleep=0 local26=0000 ffd140=ffc0->008082 sleep=0 local26=0016 ffd180=ffc0->00cb00 sleep=0 local26=0000 ffd1c0=ffc0->00cb00 sleep=0 local26=0000 ffdfc0=ffc0->00d6d0 sleep=0 local26=0000 ffe000=ff00->0070c2 sleep=0 local26=3600
[  39.169]   [header-byte] write $ffa517 = 54 mask=00ff (pc=018446)
[  39.203]   [header-byte] write $ffa517 = 54 mask=00ff (pc=018446)
[  39.203] [packet-accepted] total=543 seq=1e flags=10 status=54 pc=01845e
[  39.220]   [header-byte] write $ffa517 = 54 mask=00ff (pc=018446)
[  39.220] [packet-accepted] total=544 seq=1f flags=10 status=54 pc=01845e
[  39.336]   [header-byte] write $ffa517 = 54 mask=00ff (pc=018446)
[  39.336] [packet-accepted] total=545 seq=20 flags=08 status=54 pc=01845e attack=8000,8000
[  39.839]   [header-byte] write $ffa517 = 54 mask=00ff (pc=018446)
[  39.839] [packet-accepted] total=546 seq=21 flags=10 status=54 pc=01845e
[  39.854]   [header-byte] write $ffa517 = 54 mask=00ff (pc=018446)
[  39.854] [packet-accepted] total=547 seq=22 flags=10 status=54 pc=01845e
[  39.971]   [header-byte] write $ffa517 = 54 mask=00ff (pc=018446)
[  39.971] [packet-accepted] total=548 seq=23 flags=08 status=54 pc=01845e attack=8000,8000
[  40.052] heartbeat frame=2400 tx=2687 rx=3350 fc=1 fd=10 fe=1 linkflag=82 pc=000288 a502=00 a524=0000 a525=00 a170=c2 a17f=00 txtail=007f rxpend=0000
[  40.052] [transport] captured=2687 flushed=2687 received=3350 accepted=548 payload2=433 payload3=10 payload4=28 payload5=24 pump_reads=2921 bursts=511 txcredit=0 outq=0 inq=0 watchdog=4 txseq=ff rxseq=24 rxcredit=0 protection=00 checks=0000
[  40.052] [epochs] local=1 peer=1 ready=true discarded_rx=0
[  40.052] [tcb-continuations] ffa580=ff80->018392 sleep=0 local26=7710 ffa5c0=ff80->01853c sleep=0 local26=0400 ffd000=ffc0->00d4b4 sleep=0 local26=0000 ffd040=ffc0->00daca sleep=0 local26=0000 ffd080=ffc0->00c35c sleep=0 local26=0000 ffd0c0=ffc0->00c35c sleep=0 local26=0000 ffd100=ff80->006782 sleep=0 local26=0000 ffd140=ffc0->008082 sleep=0 local26=0016 ffd180=ffc0->00cad6 sleep=0 local26=0000 ffd1c0=ffc0->00cad6 sleep=0 local26=0000 ffdfc0=ffc0->00d6d0 sleep=0 local26=0000 ffe000=ff00->0070c2 sleep=0 local26=2b00
[  40.471]   [header-byte] write $ffa517 = 54 mask=00ff (pc=018446)
[  40.972]   [header-byte] write $ffa517 = 54 mask=00ff (pc=018446)
[  41.053] heartbeat frame=2460 tx=2693 rx=3356 fc=1 fd=10 fe=1 linkflag=82 pc=00028a a502=00 a524=0000 a525=00 a170=c2 a17f=00 txtail=0085 rxpend=0000
[  41.053] [transport] captured=2693 flushed=2693 received=3356 accepted=550 payload2=433 payload3=10 payload4=28 payload5=24 pump_reads=2983 bursts=513 txcredit=0 outq=0 inq=0 watchdog=4 txseq=01 rxseq=26 rxcredit=0 protection=00 checks=0000
[  41.053] [epochs] local=1 peer=1 ready=true discarded_rx=0
[  41.053] [tcb-continuations] ffa580=ff80->018392 sleep=0 local26=7710 ffa5c0=ff80->01853c sleep=0 local26=0400 ffd000=ffc0->00d4b4 sleep=0 local26=0000 ffd040=ffc0->00daca sleep=0 local26=0000 ffd080=ffc0->00c35c sleep=0 local26=0000 ffd0c0=ffc0->00c35c sleep=0 local26=0000 ffd100=ff80->006782 sleep=0 local26=0000 ffd140=ffc0->008082 sleep=0 local26=00ff ffd180=ffc0->00cad6 sleep=0 local26=0000 ffd1c0=ffc0->00cad6 sleep=0 local26=0000 ffdfc0=ffc0->00d6d0 sleep=0 local26=0000 ffe000=ff00->0070c2 sleep=0 local26=2b00
[  41.473]   [header-byte] write $ffa517 = 54 mask=00ff (pc=018446)
[  41.973]   [header-byte] write $ffa517 = 54 mask=00ff (pc=018446)
[  42.054] heartbeat frame=2520 tx=2699 rx=3362 fc=1 fd=10 fe=1 linkflag=82 pc=000288 a502=00 a524=0000 a525=00 a170=c2 a17f=00 txtail=008b rxpend=0000
[  42.054] [transport] captured=2699 flushed=2699 received=3362 accepted=552 payload2=433 payload3=10 payload4=28 payload5=24 pump_reads=3045 bursts=515 txcredit=0 outq=0 inq=0 watchdog=4 txseq=03 rxseq=28 rxcredit=0 protection=00 checks=0000
[  42.054] [epochs] local=1 peer=1 ready=true discarded_rx=0
[  42.054] [tcb-continuations] ffa580=ff80->018392 sleep=0 local26=7710 ffa5c0=ff80->01853c sleep=0 local26=0400 ffd000=ffc0->00d4b4 sleep=0 local26=0000 ffd040=ffc0->00daca sleep=0 local26=0000 ffd080=ffc0->00c35c sleep=0 local26=0000 ffd0c0=ffc0->00c35c sleep=0 local26=0000 ffd100=ff80->006782 sleep=0 local26=0000 ffd140=ffc0->008082 sleep=0 local26=00ff ffd180=ffc0->00cad6 sleep=0 local26=0000 ffd1c0=ffc0->00cad6 sleep=0 local26=0000 ffdfc0=ffc0->00d6d0 sleep=0 local26=0000 ffe040=ff00->0070c2 sleep=0 local26=4100
[  42.473]   [header-byte] write $ffa517 = 54 mask=00ff (pc=018446)
[  42.974]   [header-byte] write $ffa517 = 54 mask=00ff (pc=018446)
[  43.055] heartbeat frame=2580 tx=2705 rx=3368 fc=1 fd=10 fe=1 linkflag=82 pc=000288 a502=00 a524=0000 a525=00 a170=c2 a17f=00 txtail=0091 rxpend=0000
[  43.055] [transport] captured=2705 flushed=2705 received=3368 accepted=554 payload2=433 payload3=10 payload4=28 payload5=24 pump_reads=3107 bursts=517 txcredit=0 outq=0 inq=0 watchdog=4 txseq=05 rxseq=2a rxcredit=0 protection=00 checks=0000
[  43.055] [epochs] local=1 peer=1 ready=true discarded_rx=0
[  43.055] [tcb-continuations] ffa580=ff80->018392 sleep=0 local26=7710 ffa5c0=ff80->01853c sleep=0 local26=0400 ffd000=ffc0->00d4b4 sleep=0 local26=0000 ffd040=ffc0->00daca sleep=0 local26=0000 ffd080=ffc0->00c35c sleep=0 local26=0000 ffd0c0=ffc0->00c35c sleep=0 local26=0000 ffd100=ff80->006782 sleep=0 local26=0000 ffd140=ffc0->008082 sleep=0 local26=0218 ffd180=ffc0->00cad6 sleep=0 local26=0000 ffd1c0=ffc0->00cad6 sleep=0 local26=0000 ffdfc0=ffc0->00d6d0 sleep=0 local26=0000
[  43.375]   [header-byte] write $ffa517 = 54 mask=00ff (pc=018446)
[  43.375] [packet-accepted] total=555 seq=2a flags=10 status=54 pc=01845e
[  43.391]   [header-byte] write $ffa517 = 54 mask=00ff (pc=018446)
[  43.391] [packet-accepted] total=556 seq=2b flags=10 status=54 pc=01845e
[  43.508]   [header-byte] write $ffa517 = 54 mask=00ff (pc=018446)
[  43.508] [packet-accepted] total=557 seq=2c flags=08 status=54 pc=01845e attack=8000,8000
[  43.944]   [header-byte] write $ffa517 = 54 mask=00ff (pc=018446)
[  43.944] [packet-accepted] total=558 seq=2d flags=10 status=54 pc=01845e
[  43.959]   [header-byte] write $ffa517 = 54 mask=00ff (pc=018446)
[  43.959] [packet-accepted] total=559 seq=2e flags=10 status=54 pc=01845e
[  44.057] heartbeat frame=2640 tx=2711 rx=3443 fc=1 fd=10 fe=1 linkflag=82 pc=000288 a502=00 a524=0000 a525=00 a170=c2 a17f=00 txtail=0097 rxpend=0000
[  44.057] [transport] captured=2711 flushed=2711 received=3443 accepted=559 payload2=433 payload3=11 payload4=32 payload5=24 pump_reads=3172 bursts=519 txcredit=0 outq=0 inq=0 watchdog=5 txseq=07 rxseq=2f rxcredit=0 protection=00 checks=0000
[  44.057] [epochs] local=1 peer=1 ready=true discarded_rx=0
[  44.057] [tcb-continuations] ffa580=ff80->018392 sleep=0 local26=7710 ffa5c0=ff80->01853c sleep=0 local26=0400 ffd000=ffc0->00d4b4 sleep=0 local26=0000 ffd040=ffc0->00daca sleep=0 local26=0000 ffd080=ffc0->00c35c sleep=0 local26=0000 ffd0c0=ffc0->00c35c sleep=0 local26=0000 ffd100=ff80->006782 sleep=0 local26=0000 ffd140=ffc0->008082 sleep=0 local26=0218 ffd180=ffc0->00cb00 sleep=0 local26=0000 ffd1c0=ffc0->00cb00 sleep=0 local26=0000 ffdfc0=ffc0->00d6d0 sleep=0 local26=0000 ffe000=ff00->0070c2 sleep=0 local26=4100
[  44.076]   [header-byte] write $ffa517 = 54 mask=00ff (pc=018446)
[  44.076] [packet-accepted] total=560 seq=2f flags=08 status=54 pc=01845e attack=8000,8000
[  44.159]   [header-byte] write $ffa517 = 54 mask=00ff (pc=018446)
[  44.159] [packet-accepted] total=561 seq=30 flags=04 status=54 pc=01845e command=3b arg=22
[  44.159] [game-command] data=1d1d mask=ff00 pc=00db3c requests=00
[  44.159] [game-command] data=2323 mask=00ff pc=00db50 requests=00
[  44.160]   [menu-state] write $ffa170 = e2e2 mask=ff00 (pc=00dc36)
[  44.160]   [menu-state] write $ffa176 = 0000 mask=ff00 (pc=01afde)
[  44.160]   [header-byte] write $ffa513 = 00 mask=00ff (pc=01afe6)
[  44.160]   [header-byte] write $ffa513 = 10 mask=00ff (pc=01affe)
[  44.160]   [header-byte] write $ffa513 = 14 mask=00ff (pc=01b044)
[  44.183]   [header-byte] write $ffa517 = 14 mask=00ff (pc=018446)
[  44.183] [packet-accepted] total=562 seq=31 flags=04 status=14 pc=01845e command=1d arg=11
[  44.309] [game-command] data=0d0d mask=ff00 pc=00dccc requests=00
[  44.327]   [header-byte] write $ffa517 = 14 mask=00ff (pc=018446)
[  44.327] [packet-accepted] total=563 seq=32 flags=24 status=14 pc=01845e command=0d arg=11
[  44.827]   [header-byte] write $ffa517 = 14 mask=00ff (pc=018446)
[  45.058] heartbeat frame=2700 tx=2741 rx=3485 fc=1 fd=10 fe=1 linkflag=82 pc=000288 a502=00 a524=0000 a525=00 a170=e2 a17f=00 txtail=00b5 rxpend=0000
[  45.058] [transport] captured=2741 flushed=2741 received=3485 accepted=564 payload2=436 payload3=12 payload4=32 payload5=25 pump_reads=3237 bursts=522 txcredit=0 outq=0 inq=0 watchdog=13 txseq=0a rxseq=34 rxcredit=0 protection=00 checks=0000
[  45.058] [epochs] local=1 peer=1 ready=true discarded_rx=0
[  45.058] [game-state] a142=04 a13e=04 a13f=0f a530=0d23 a506=0c a507=01 a508=01 a7b0=0022 a7a6=9334 script=01a51a
[  45.058] [tcb-continuations] ffa580=ff80->018392 sleep=0 local26=7710 ffa5c0=ff80->01853c sleep=0 local26=0e00 ffd000=ffc0->00d4b4 sleep=0 local26=0000 ffd040=ffc0->00de4e sleep=5 local26=0000 ffd080=ffc0->00c426 sleep=76 local26=0000 ffd0c0=ffc0->00c426 sleep=76 local26=0000 ffd100=ffc0->00cd98 sleep=0 local26=0000 ffd140=ff80->01510e sleep=0 local26=0000 ffd180=ffc0->00cad6 sleep=0 local26=0000 ffd1c0=ffc0->00cad6 sleep=0 local26=0000 ffd200=ff80->01510e sleep=0 local26=0000 ffdfc0=ffc0->00d6d0 sleep=0 local26=0000
[  45.329]   [header-byte] write $ffa517 = 14 mask=00ff (pc=018446)
[  45.761]   [header-byte] write $ffa517 = 14 mask=00ff (pc=018446)
[  45.761] [packet-accepted] total=566 seq=35 flags=10 status=14 pc=01845e
[  45.778]   [header-byte] write $ffa517 = 14 mask=00ff (pc=018446)
[  45.778] [packet-accepted] total=567 seq=36 flags=10 status=14 pc=01845e
[  45.796]   [header-byte] write $ffa517 = 14 mask=00ff (pc=018446)
[  45.796] [packet-accepted] total=568 seq=37 flags=10 status=14 pc=01845e
[  45.811]   [header-byte] write $ffa517 = 14 mask=00ff (pc=018446)
[  45.811] [packet-accepted] total=569 seq=38 flags=10 status=14 pc=01845e
[  45.828]   [header-byte] write $ffa517 = 14 mask=00ff (pc=018446)
[  45.828] [packet-accepted] total=570 seq=39 flags=10 status=14 pc=01845e
[  45.845]   [header-byte] write $ffa517 = 14 mask=00ff (pc=018446)
[  45.845] [packet-accepted] total=571 seq=3a flags=10 status=14 pc=01845e
[  46.059] heartbeat frame=2760 tx=2747 rx=3590 fc=1 fd=10 fe=1 linkflag=82 pc=00028a a502=00 a524=0000 a525=00 a170=e2 a17f=00 txtail=00bb rxpend=0000
[  46.059] [transport] captured=2747 flushed=2747 received=3590 accepted=571 payload2=436 payload3=12 payload4=38 payload5=25 pump_reads=3304 bursts=524 txcredit=0 outq=0 inq=0 watchdog=12 txseq=0c rxseq=3b rxcredit=0 protection=00 checks=0000
[  46.059] [epochs] local=1 peer=1 ready=true discarded_rx=0
[  46.059] [tcb-continuations] ffa580=ff80->018392 sleep=0 local26=7710 ffa5c0=ff80->01853c sleep=0 local26=0e00 ffd000=ffc0->00d4b4 sleep=0 local26=0000 ffd040=ffc0->00de7c sleep=0 local26=0000 ffd080=ffc0->00c4c6 sleep=0 local26=0000 ffd0c0=ffc0->00c4c6 sleep=0 local26=0000 ffd100=ffc0->00cd98 sleep=0 local26=0000 ffd140=ff80->01510e sleep=0 local26=0000 ffd180=ffc0->00cad6 sleep=0 local26=0000 ffd1c0=ffc0->00cad6 sleep=0 local26=0000 ffd200=ff80->01510e sleep=0 local26=0000 ffdfc0=ffc0->00d6d0 sleep=0 local26=0000
[  46.345]   [header-byte] write $ffa517 = 14 mask=00ff (pc=018446)
[  46.612]   [header-byte] write $ffa517 = 14 mask=00ff (pc=018446)
[  46.612] [packet-accepted] total=573 seq=3c flags=04 status=14 pc=01845e command=4c arg=11
[  46.612] [game-command] data=4c4c mask=ff00 pc=00dec6 requests=00
[  47.061] heartbeat frame=2820 tx=2755 rx=3598 fc=1 fd=10 fe=1 linkflag=82 pc=00028a a502=00 a524=0000 a525=00 a170=e2 a17f=00 txtail=00c3 rxpend=0000
[  47.061] [transport] captured=2755 flushed=2755 received=3598 accepted=573 payload2=437 payload3=12 payload4=38 payload5=25 pump_reads=3366 bursts=526 txcredit=0 outq=0 inq=0 watchdog=26 txseq=0e rxseq=3d rxcredit=0 protection=00 checks=0000
[  47.061] [epochs] local=1 peer=1 ready=true discarded_rx=0
[  47.061] [game-state] a142=04 a13e=04 a13f=0f a530=4c23 a506=0c a507=01 a508=01 a7b0=0022 a7a6=9334 script=01a51a
[  47.061] [tcb-continuations] ffa580=ff80->018392 sleep=0 local26=7710 ffa5c0=ff80->01853c sleep=0 local26=1a00 ffd000=ffc0->00d4b4 sleep=0 local26=0000 ffd040=ffc0->00df7a sleep=0 local26=0000 ffd080=ffc0->00c4c6 sleep=0 local26=0000 ffd0c0=ffc0->00c4c6 sleep=0 local26=0000 ffd100=ffc0->00cd98 sleep=0 local26=0000 ffd140=ff80->01510e sleep=0 local26=0000 ffd180=ffc0->00cb5c sleep=0 local26=0000 ffd1c0=ffc0->00cb5c sleep=0 local26=0000 ffd200=ff80->01510e sleep=0 local26=0000 ffd240=ff80->0086ee sleep=0 local26=0000 ffdfc0=ffc0->00d6d0 sleep=0 local26=0000
[  47.113]   [header-byte] write $ffa517 = 14 mask=00ff (pc=018446)
[  47.614]   [header-byte] write $ffa517 = 14 mask=00ff (pc=018446)
[  48.062] heartbeat frame=2880 tx=2761 rx=3604 fc=1 fd=10 fe=1 linkflag=82 pc=00028a a502=00 a524=0000 a525=00 a170=e2 a17f=00 txtail=00c9 rxpend=0000
[  48.062] [transport] captured=2761 flushed=2761 received=3604 accepted=575 payload2=437 payload3=12 payload4=38 payload5=25 pump_reads=3428 bursts=528 txcredit=0 outq=0 inq=0 watchdog=26 txseq=10 rxseq=3f rxcredit=0 protection=00 checks=0000
[  48.062] [epochs] local=1 peer=1 ready=true discarded_rx=0
[  48.062] [tcb-continuations] ffa580=ff80->018392 sleep=0 local26=7710 ffa5c0=ff80->01853c sleep=0 local26=1a00 ffd000=ffc0->00d4b4 sleep=0 local26=0000 ffd040=ffc0->00df7a sleep=0 local26=0000 ffd080=ffc0->00c4c6 sleep=0 local26=0000 ffd0c0=ffc0->00c4c6 sleep=0 local26=0000 ffd100=ffc0->00cd98 sleep=0 local26=0000 ffd140=ff80->01510e sleep=0 local26=0000 ffd200=ff80->01510e sleep=0 local26=0000 ffd240=ff80->0086ee sleep=0 local26=0000 ffdfc0=ffc0->00d6d0 sleep=0 local26=0000
[  48.115]   [header-byte] write $ffa517 = 14 mask=00ff (pc=018446)
[  48.615]   [header-byte] write $ffa517 = 14 mask=00ff (pc=018446)
[  49.063] heartbeat frame=2940 tx=2767 rx=3610 fc=1 fd=10 fe=1 linkflag=82 pc=00028a a502=00 a524=0000 a525=00 a170=e2 a17f=00 txtail=00cf rxpend=0000
[  49.063] [transport] captured=2767 flushed=2767 received=3610 accepted=577 payload2=437 payload3=12 payload4=38 payload5=25 pump_reads=3490 bursts=530 txcredit=0 outq=0 inq=0 watchdog=26 txseq=12 rxseq=41 rxcredit=0 protection=00 checks=0000
[  49.063] [epochs] local=1 peer=1 ready=true discarded_rx=0
[  49.115]   [header-byte] write $ffa517 = 14 mask=00ff (pc=018446)
[  49.616]   [header-byte] write $ffa517 = 14 mask=00ff (pc=018446)
[  50.064] heartbeat frame=3000 tx=2773 rx=3616 fc=1 fd=10 fe=1 linkflag=82 pc=00028a a502=00 a524=0000 a525=00 a170=e2 a17f=00 txtail=00d5 rxpend=0000
[  50.064] [transport] captured=2773 flushed=2773 received=3616 accepted=579 payload2=437 payload3=12 payload4=38 payload5=25 pump_reads=3552 bursts=532 txcredit=0 outq=0 inq=0 watchdog=26 txseq=14 rxseq=43 rxcredit=0 protection=00 checks=0000
[  50.064] [epochs] local=1 peer=1 ready=true discarded_rx=0
[  50.119]   [header-byte] write $ffa517 = 14 mask=00ff (pc=018446)
[  50.618]   [header-byte] write $ffa517 = 14 mask=00ff (pc=018446)
[  51.066] heartbeat frame=3060 tx=2779 rx=3622 fc=1 fd=10 fe=1 linkflag=82 pc=00028a a502=00 a524=0000 a525=00 a170=e2 a17f=00 txtail=00db rxpend=0000
[  51.066] [transport] captured=2779 flushed=2779 received=3622 accepted=581 payload2=437 payload3=12 payload4=38 payload5=25 pump_reads=3614 bursts=534 txcredit=0 outq=0 inq=0 watchdog=26 txseq=16 rxseq=45 rxcredit=0 protection=00 checks=0000
[  51.066] [epochs] local=1 peer=1 ready=true discarded_rx=0
[  51.119]   [header-byte] write $ffa517 = 14 mask=00ff (pc=018446)
[  51.621]   [header-byte] write $ffa517 = 14 mask=00ff (pc=018446)
[  52.067] heartbeat frame=3120 tx=2785 rx=3628 fc=1 fd=10 fe=1 linkflag=82 pc=00028a a502=00 a524=0000 a525=00 a170=e2 a17f=00 txtail=00e1 rxpend=0000
[  52.067] [transport] captured=2785 flushed=2785 received=3628 accepted=583 payload2=437 payload3=12 payload4=38 payload5=25 pump_reads=3676 bursts=536 txcredit=0 outq=0 inq=0 watchdog=26 txseq=18 rxseq=47 rxcredit=0 protection=00 checks=0000
[  52.067] [epochs] local=1 peer=1 ready=true discarded_rx=0
[  52.119]   [header-byte] write $ffa517 = 14 mask=00ff (pc=018446)
[  52.620]   [header-byte] write $ffa517 = 14 mask=00ff (pc=018446)
[  53.068] heartbeat frame=3180 tx=2791 rx=3634 fc=1 fd=10 fe=1 linkflag=82 pc=00028a a502=00 a524=0000 a525=00 a170=e2 a17f=00 txtail=00e7 rxpend=0000
[  53.068] [transport] captured=2791 flushed=2791 received=3634 accepted=585 payload2=437 payload3=12 payload4=38 payload5=25 pump_reads=3738 bursts=538 txcredit=0 outq=0 inq=0 watchdog=26 txseq=1a rxseq=49 rxcredit=0 protection=00 checks=0000
[  53.068] [epochs] local=1 peer=1 ready=true discarded_rx=0
[  53.121]   [header-byte] write $ffa517 = 14 mask=00ff (pc=018446)
[  53.621]   [header-byte] write $ffa517 = 14 mask=00ff (pc=018446)
[  54.070] heartbeat frame=3240 tx=2797 rx=3640 fc=1 fd=10 fe=1 linkflag=82 pc=000288 a502=00 a524=0000 a525=00 a170=e2 a17f=00 txtail=00ed rxpend=0000
[  54.070] [transport] captured=2797 flushed=2797 received=3640 accepted=587 payload2=437 payload3=12 payload4=38 payload5=25 pump_reads=3800 bursts=540 txcredit=0 outq=0 inq=0 watchdog=26 txseq=1c rxseq=4b rxcredit=0 protection=00 checks=0000
[  54.070] [epochs] local=1 peer=1 ready=true discarded_rx=0
[  54.106] [game-command] data=6c6c mask=ff00 pc=00e108 requests=00
[  54.122]   [header-byte] write $ffa517 = 14 mask=00ff (pc=018446)
[  54.190]   [header-byte] write $ffa517 = 14 mask=00ff (pc=018446)
[  54.190] [packet-accepted] total=589 seq=4c flags=04 status=14 pc=01845e command=6c arg=11
[  54.657]   [header-byte] write $ffa517 = 14 mask=00ff (pc=018446)
[  54.673]   [header-byte] write $ffa517 = 11 mask=00ff (pc=018446)
[  55.071] heartbeat frame=3300 tx=2805 rx=3654 fc=1 fd=10 fe=1 linkflag=82 pc=000288 a502=00 a524=0000 a525=00 a170=e2 a17f=00 txtail=00f5 rxpend=0000
[  55.071] [transport] captured=2805 flushed=2805 received=3654 accepted=591 payload2=438 payload3=12 payload4=38 payload5=25 pump_reads=3864 bursts=542 txcredit=0 outq=0 inq=0 watchdog=23 txseq=1e rxseq=4f rxcredit=0 protection=00 checks=0000
[  55.071] [epochs] local=1 peer=1 ready=true discarded_rx=0
[  55.071] [game-state] a142=04 a13e=04 a13f=0f a530=6c23 a506=0c a507=01 a508=01 a7b0=0022 a7a6=9334 script=01a51a
[  55.071] [tcb-continuations] ffa580=ff80->018392 sleep=0 local26=7710 ffa5c0=ff80->01853c sleep=0 local26=1b00 ffd000=ffc0->00d4b4 sleep=0 local26=0000 ffd040=ffc0->00e130 sleep=72 local26=0000 ffd100=ffc0->00cd98 sleep=0 local26=0000 ffd140=ff80->015156 sleep=20 local26=0000 ffd200=ff80->015156 sleep=20 local26=0000 ffdfc0=ffc0->00d6d0 sleep=0 local26=0000
[  55.173]   [header-byte] write $ffa517 = 11 mask=00ff (pc=018446)
[  55.624]   [menu-state] write $ffa170 = 0808 mask=ff00 (pc=018062)
[  55.624]   [menu-state] write $ffa176 = 0000 mask=ff00 (pc=01afde)
[  55.624]   [header-byte] write $ffa513 = 00 mask=00ff (pc=01afe6)
[  55.624]   [header-byte] write $ffa513 = 10 mask=00ff (pc=01affe)
[  55.624]   [header-byte] write $ffa513 = 11 mask=00ff (pc=01b034)
[  55.674]   [header-byte] write $ffa517 = 11 mask=00ff (pc=018446)
[  56.072] heartbeat frame=3360 tx=2814 rx=3660 fc=1 fd=10 fe=1 linkflag=82 pc=00028a a502=00 a524=0000 a525=00 a170=08 a17f=00 txtail=00fe rxpend=0000
[  56.072] [transport] captured=2814 flushed=2814 received=3660 accepted=593 payload2=438 payload3=12 payload4=38 payload5=25 pump_reads=3926 bursts=545 txcredit=0 outq=0 inq=0 watchdog=23 txseq=21 rxseq=51 rxcredit=0 protection=00 checks=0000
[  56.072] [epochs] local=1 peer=1 ready=true discarded_rx=0
[  56.072] [game-state] a142=04 a13e=04 a13f=0f a530=6c23 a506=0c a507=00 a508=01 a7b0=0022 a7a6=9334 script=01a5b6
[  56.072] [tcb-continuations] ffa580=ff80->018392 sleep=0 local26=7710 ffa5c0=ff80->01853c sleep=0 local26=1a00 ffd000=ffc0->00d4b4 sleep=0 local26=0000 ffd140=ff80->015172 sleep=0 local26=0000 ffd200=ff80->015172 sleep=0 local26=0000 ffdfc0=ffc0->00d6d0 sleep=0 local26=0000
[  56.176]   [header-byte] write $ffa517 = 11 mask=00ff (pc=018446)
[  56.676]   [header-byte] write $ffa517 = 11 mask=00ff (pc=018446)
[  56.859]   [header-byte] write $ffa517 = 13 mask=00ff (pc=018446)
[  57.073] heartbeat frame=3420 tx=2820 rx=3669 fc=1 fd=10 fe=1 linkflag=82 pc=00028a a502=00 a524=0000 a525=00 a170=08 a17f=00 txtail=0004 rxpend=0000
[  57.073] [transport] captured=2820 flushed=2820 received=3669 accepted=596 payload2=438 payload3=12 payload4=38 payload5=25 pump_reads=3989 bursts=547 txcredit=0 outq=0 inq=0 watchdog=12 txseq=23 rxseq=54 rxcredit=0 protection=00 checks=0000
[  57.073] [epochs] local=1 peer=1 ready=true discarded_rx=0
[  57.073] [tcb-continuations] ffa580=ff80->018392 sleep=0 local26=7710 ffa5c0=ff80->01853c sleep=0 local26=1a00 ffd000=ffc0->00d4b4 sleep=0 local26=0000 ffdfc0=ffc0->00d6d0 sleep=0 local26=0000
[  57.627]   [header-byte] write $ffa517 = 13 mask=00ff (pc=018446)
[  57.783]   [menu-state] write $ffa176 = 0000 mask=ff00 (pc=01afde)
[  57.783]   [header-byte] write $ffa513 = 00 mask=00ff (pc=01afe6)
[  57.783]   [header-byte] write $ffa513 = 10 mask=00ff (pc=01affe)
[  57.783]   [header-byte] write $ffa513 = 11 mask=00ff (pc=01b034)
[  57.783]   [menu-state] write $ffa170 = 0909 mask=ff00 (pc=018062)
[  57.783]   [menu-state] write $ffa176 = 0000 mask=ff00 (pc=01afde)
[  57.783]   [header-byte] write $ffa513 = 00 mask=00ff (pc=01afe6)
[  57.783]   [header-byte] write $ffa513 = 10 mask=00ff (pc=01affe)
[  57.783]   [header-byte] write $ffa513 = 11 mask=00ff (pc=01b034)
[  57.955]   [menu-state] write $ffa170 = 8888 mask=ff00 (pc=018062)
[  57.955]   [menu-state] write $ffa176 = 0000 mask=ff00 (pc=01afde)
[  57.955]   [header-byte] write $ffa513 = 00 mask=00ff (pc=01afe6)
[  57.955]   [header-byte] write $ffa513 = 10 mask=00ff (pc=01affe)
[  57.955]   [header-byte] write $ffa513 = 11 mask=00ff (pc=01b034)
[  57.955]   [header-byte] write $ffa513 = 15 mask=00ff (pc=01b044)
[  57.974]   [menu-state] write $ffa170 = 0808 mask=ff00 (pc=018062)
[  57.974]   [menu-state] write $ffa176 = 0000 mask=ff00 (pc=01afde)
[  57.974]   [header-byte] write $ffa513 = 00 mask=00ff (pc=01afe6)
[  57.974]   [header-byte] write $ffa513 = 10 mask=00ff (pc=01affe)
[  57.974]   [header-byte] write $ffa513 = 11 mask=00ff (pc=01b034)
[  57.974] [game-command] data=0303 mask=ff00 pc=0188d8 requests=80
[  58.003]   [header-byte] write $ffa513 = 13 mask=00ff (pc=0189b4)
[  58.003]   [menu-state] write $ffa17f = 0000 mask=00ff (pc=0189c2)
[  58.075] heartbeat frame=3480 tx=2835 rx=3672 fc=1 fd=10 fe=1 linkflag=82 pc=000288 a502=00 a524=0000 a525=00 a170=08 a17f=00 txtail=0013 rxpend=0000
[  58.075] [transport] captured=2835 flushed=2835 received=3672 accepted=597 payload2=438 payload3=12 payload4=38 payload5=25 pump_reads=4050 bursts=552 txcredit=0 outq=0 inq=0 watchdog=13 txseq=28 rxseq=55 rxcredit=5 protection=00 checks=0000
[  58.075] [epochs] local=1 peer=1 ready=true discarded_rx=0
[  58.075] [game-state] a142=04 a13e=00 a13f=00 a530=0323 a506=03 a507=00 a508=01 a7b0=0022 a7a6=0000 script=01a39e
[  58.075] [tcb-continuations] ffa580=ff80->018392 sleep=0 local26=7710 ffa5c0=ff80->01853c sleep=0 local26=0200 ffd040=ff80->0189c6 sleep=0 local26=0300
[  58.076]   [header-byte] write $ffa517 = 13 mask=00ff (pc=018446)
[  58.076] [packet-accepted] total=598 seq=55 flags=04 status=13 pc=01845e command=23 arg=11
[  58.120]   [header-byte] write $ffa517 = 13 mask=00ff (pc=018446)
[  58.120] [packet-accepted] total=599 seq=56 flags=04 status=13 pc=01845e command=23 arg=11
[  58.120]   [header-byte] write $ffa517 = 13 mask=00ff (pc=018446)
[  58.120] [packet-accepted] total=600 seq=57 flags=04 status=13 pc=01845e command=23 arg=11
[  58.126]   [header-byte] write $ffa517 = 13 mask=00ff (pc=018446)
[  58.126] [packet-accepted] total=601 seq=58 flags=04 status=13 pc=01845e command=23 arg=11
[  58.142]   [header-byte] write $ffa517 = 13 mask=00ff (pc=018446)
[  58.142] [packet-accepted] total=602 seq=59 flags=04 status=13 pc=01845e command=23 arg=11
[  58.159]   [header-byte] write $ffa517 = 13 mask=00ff (pc=018446)
[  58.159] [packet-accepted] total=603 seq=5a flags=04 status=13 pc=01845e command=23 arg=11
[  58.201]   [header-byte] write $ffa517 = 13 mask=00ff (pc=018446)
[  58.201] [packet-accepted] total=604 seq=5b flags=04 status=13 pc=01845e command=23 arg=11
[  58.201]   [header-byte] write $ffa517 = 13 mask=00ff (pc=018446)
[  58.201] [packet-accepted] total=605 seq=5c flags=04 status=13 pc=01845e command=23 arg=11
[  58.209]   [header-byte] write $ffa517 = 13 mask=00ff (pc=018446)
[  58.209] [packet-accepted] total=606 seq=5d flags=04 status=13 pc=01845e command=23 arg=11
[  58.226]   [header-byte] write $ffa517 = 13 mask=00ff (pc=018446)
[  58.226] [packet-accepted] total=607 seq=5e flags=04 status=13 pc=01845e command=23 arg=11
[  58.242]   [header-byte] write $ffa517 = 13 mask=00ff (pc=018446)
[  58.242] [packet-accepted] total=608 seq=5f flags=04 status=13 pc=01845e command=23 arg=11
[  58.283]   [header-byte] write $ffa517 = 13 mask=00ff (pc=018446)
[  58.283] [packet-accepted] total=609 seq=60 flags=04 status=13 pc=01845e command=23 arg=11
[  58.283]   [header-byte] write $ffa517 = 13 mask=00ff (pc=018446)
[  58.283] [packet-accepted] total=610 seq=61 flags=04 status=13 pc=01845e command=23 arg=11
[  58.293]   [header-byte] write $ffa517 = 13 mask=00ff (pc=018446)
[  58.293] [packet-accepted] total=611 seq=62 flags=04 status=13 pc=01845e command=23 arg=11
[  58.309]   [header-byte] write $ffa517 = 13 mask=00ff (pc=018446)
[  58.309] [packet-accepted] total=612 seq=63 flags=04 status=13 pc=01845e command=23 arg=11
[  58.326]   [header-byte] write $ffa517 = 13 mask=00ff (pc=018446)
[  58.326] [packet-accepted] total=613 seq=64 flags=04 status=13 pc=01845e command=23 arg=11
[  58.364]   [header-byte] write $ffa517 = 13 mask=00ff (pc=018446)
[  58.364] [packet-accepted] total=614 seq=65 flags=04 status=13 pc=01845e command=23 arg=11
[  58.364]   [header-byte] write $ffa517 = 13 mask=00ff (pc=018446)
[  58.364] [packet-accepted] total=615 seq=66 flags=04 status=13 pc=01845e command=23 arg=11
[  58.376]   [header-byte] write $ffa517 = 13 mask=00ff (pc=018446)
[  58.376] [packet-accepted] total=616 seq=67 flags=04 status=13 pc=01845e command=23 arg=11
[  58.393]   [header-byte] write $ffa517 = 13 mask=00ff (pc=018446)
[  58.393] [packet-accepted] total=617 seq=68 flags=04 status=13 pc=01845e command=23 arg=11
[  58.409]   [header-byte] write $ffa517 = 13 mask=00ff (pc=018446)
[  58.409] [packet-accepted] total=618 seq=69 flags=04 status=13 pc=01845e command=23 arg=11
[  58.587]   [header-byte] write $ffa517 = 13 mask=00ff (pc=018446)
[  58.587] [packet-accepted] total=619 seq=6a flags=04 status=13 pc=01845e command=23 arg=11
[  58.587]   [header-byte] write $ffa517 = 13 mask=00ff (pc=018446)
[  58.587] [packet-accepted] total=620 seq=6b flags=04 status=13 pc=01845e command=23 arg=11
[  58.587]   [header-byte] write $ffa517 = 13 mask=00ff (pc=018446)
[  58.587] [packet-accepted] total=621 seq=6c flags=04 status=13 pc=01845e command=23 arg=11
[  58.587]   [header-byte] write $ffa517 = 13 mask=00ff (pc=018446)
[  58.587] [packet-accepted] total=622 seq=6d flags=04 status=13 pc=01845e command=23 arg=11
[  58.587]   [header-byte] write $ffa517 = 13 mask=00ff (pc=018446)
[  58.587] [packet-accepted] total=623 seq=6e flags=04 status=13 pc=01845e command=23 arg=11
[  58.588]   [header-byte] write $ffa517 = 13 mask=00ff (pc=018446)
[  58.588] [packet-accepted] total=624 seq=6f flags=04 status=13 pc=01845e command=23 arg=11
[  58.588]   [header-byte] write $ffa517 = 13 mask=00ff (pc=018446)
[  58.588] [packet-accepted] total=625 seq=70 flags=04 status=13 pc=01845e command=23 arg=11
[  58.588]   [header-byte] write $ffa517 = 13 mask=00ff (pc=018446)
[  58.588] [packet-accepted] total=626 seq=71 flags=04 status=13 pc=01845e command=23 arg=11
[  58.588]   [header-byte] write $ffa517 = 13 mask=00ff (pc=018446)
[  58.588] [packet-accepted] total=627 seq=72 flags=04 status=13 pc=01845e command=23 arg=11
[  58.588]   [header-byte] write $ffa517 = 13 mask=00ff (pc=018446)
[  58.588] [packet-accepted] total=628 seq=73 flags=04 status=13 pc=01845e command=23 arg=11
[  58.593]   [header-byte] write $ffa517 = 13 mask=00ff (pc=018446)
[  58.593] [packet-accepted] total=629 seq=74 flags=04 status=13 pc=01845e command=23 arg=11
[  58.610]   [header-byte] write $ffa517 = 13 mask=00ff (pc=018446)
[  58.610] [packet-accepted] total=630 seq=75 flags=04 status=13 pc=01845e command=23 arg=11
[  58.626]   [header-byte] write $ffa517 = 13 mask=00ff (pc=018446)
[  58.626] [packet-accepted] total=631 seq=76 flags=04 status=13 pc=01845e command=23 arg=11
[  58.643]   [header-byte] write $ffa517 = 13 mask=00ff (pc=018446)
[  58.643] [packet-accepted] total=632 seq=77 flags=04 status=13 pc=01845e command=23 arg=11
[  58.668]   [header-byte] write $ffa517 = 13 mask=00ff (pc=018446)
[  58.668] [packet-accepted] total=633 seq=78 flags=04 status=13 pc=01845e command=23 arg=11
[  58.684]   [header-byte] write $ffa517 = 13 mask=00ff (pc=018446)
[  58.684] [packet-accepted] total=634 seq=79 flags=04 status=13 pc=01845e command=23 arg=11
[  58.695]   [header-byte] write $ffa517 = 13 mask=00ff (pc=018446)
[  58.695] [packet-accepted] total=635 seq=7a flags=04 status=13 pc=01845e command=23 arg=11
[  58.711]   [header-byte] write $ffa517 = 13 mask=00ff (pc=018446)
[  58.711] [packet-accepted] total=636 seq=7b flags=04 status=13 pc=01845e command=23 arg=11
[  58.728]   [header-byte] write $ffa517 = 13 mask=00ff (pc=018446)
[  58.728] [packet-accepted] total=637 seq=7c flags=04 status=13 pc=01845e command=23 arg=11
[  58.745]   [header-byte] write $ffa517 = 13 mask=00ff (pc=018446)
[  58.745] [packet-accepted] total=638 seq=7d flags=04 status=13 pc=01845e command=23 arg=11
[  58.761]   [header-byte] write $ffa517 = 13 mask=00ff (pc=018446)
[  58.761] [packet-accepted] total=639 seq=7e flags=04 status=13 pc=01845e command=23 arg=11
[  58.778]   [header-byte] write $ffa517 = 13 mask=00ff (pc=018446)
[  58.778] [packet-accepted] total=640 seq=7f flags=04 status=13 pc=01845e command=23 arg=11
[  58.795]   [header-byte] write $ffa517 = 13 mask=00ff (pc=018446)
[  58.795] [packet-accepted] total=641 seq=80 flags=04 status=13 pc=01845e command=23 arg=11
[  58.812]   [header-byte] write $ffa517 = 13 mask=00ff (pc=018446)
[  58.812] [packet-accepted] total=642 seq=81 flags=04 status=13 pc=01845e command=23 arg=11
[  58.830]   [header-byte] write $ffa517 = 13 mask=00ff (pc=018446)
[  58.830] [packet-accepted] total=643 seq=82 flags=04 status=13 pc=01845e command=23 arg=11
[  58.845]   [header-byte] write $ffa517 = 13 mask=00ff (pc=018446)
[  58.845] [packet-accepted] total=644 seq=83 flags=04 status=13 pc=01845e command=23 arg=11
[  58.862]   [header-byte] write $ffa517 = 13 mask=00ff (pc=018446)
[  58.862] [packet-accepted] total=645 seq=84 flags=04 status=13 pc=01845e command=23 arg=11
[  58.878]   [header-byte] write $ffa517 = 13 mask=00ff (pc=018446)
[  58.878] [packet-accepted] total=646 seq=85 flags=04 status=13 pc=01845e command=23 arg=11
[  58.895]   [header-byte] write $ffa517 = 13 mask=00ff (pc=018446)
[  58.895] [packet-accepted] total=647 seq=86 flags=04 status=13 pc=01845e command=23 arg=11
[  58.912]   [header-byte] write $ffa517 = 13 mask=00ff (pc=018446)
[  58.912] [packet-accepted] total=648 seq=87 flags=04 status=13 pc=01845e command=23 arg=11
[  58.928]   [header-byte] write $ffa517 = 13 mask=00ff (pc=018446)
[  58.928] [packet-accepted] total=649 seq=88 flags=04 status=13 pc=01845e command=23 arg=11
[  58.945]   [header-byte] write $ffa517 = 13 mask=00ff (pc=018446)
[  58.945] [packet-accepted] total=650 seq=89 flags=04 status=13 pc=01845e command=23 arg=11
[  58.962]   [header-byte] write $ffa517 = 13 mask=00ff (pc=018446)
[  58.962] [packet-accepted] total=651 seq=8a flags=04 status=13 pc=01845e command=23 arg=11
[  58.980]   [header-byte] write $ffa517 = 13 mask=00ff (pc=018446)
[  58.980] [packet-accepted] total=652 seq=8b flags=04 status=13 pc=01845e command=23 arg=11
[  58.995]   [header-byte] write $ffa517 = 13 mask=00ff (pc=018446)
[  58.995] [packet-accepted] total=653 seq=8c flags=04 status=13 pc=01845e command=23 arg=11
[  59.012]   [header-byte] write $ffa517 = 13 mask=00ff (pc=018446)
[  59.012] [packet-accepted] total=654 seq=8d flags=04 status=13 pc=01845e command=23 arg=11
[  59.029]   [header-byte] write $ffa517 = 13 mask=00ff (pc=018446)
[  59.029] [packet-accepted] total=655 seq=8e flags=04 status=13 pc=01845e command=23 arg=11
[  59.045]   [header-byte] write $ffa517 = 13 mask=00ff (pc=018446)
[  59.045] [packet-accepted] total=656 seq=8f flags=04 status=13 pc=01845e command=23 arg=11
[  59.062]   [header-byte] write $ffa517 = 13 mask=00ff (pc=018446)
[  59.062] [packet-accepted] total=657 seq=90 flags=04 status=13 pc=01845e command=23 arg=11
[  59.076] heartbeat frame=3540 tx=2950 rx=3972 fc=1 fd=10 fe=1 linkflag=82 pc=000288 a502=00 a524=0005 a525=05 a170=08 a17f=00 txtail=0086 rxpend=0000
[  59.076] [transport] captured=2950 flushed=2950 received=3972 accepted=657 payload2=498 payload3=12 payload4=38 payload5=25 pump_reads=4170 bursts=575 txcredit=0 outq=0 inq=0 watchdog=0 txseq=40 rxseq=91 rxcredit=5 protection=00 checks=0000
[  59.076] [epochs] local=1 peer=1 ready=true discarded_rx=0
[  59.076] [game-state] a142=04 a13e=00 a13f=00 a530=0323 a506=03 a507=00 a508=01 a7b0=0022 a7a6=2311 script=01a39e
[  59.076] [tcb-continuations] ffa580=ff80->018392 sleep=0 local26=7710 ffa5c0=ff80->01853c sleep=0 local26=0000 ffd040=ff80->018a40 sleep=0 local26=0300 ffd080=ff80->018ee4 sleep=0 local26=0000 ffd0c0=ff80->018ee4 sleep=0 local26=0000 ffd100=ff80->01fbb4 sleep=0 local26=0000 ffd140=ff80->01fbb6 sleep=0 local26=0002 ffd180=ff80->01fbb6 sleep=0 local26=00a2 ffd1c0=ff80->01fbb6 sleep=0 local26=01c2 ffd200=ff80->01fbb6 sleep=0 local26=02e2 ffd240=ff80->01902e sleep=0 local26=0000 ffd280=ff80->01ffe2 sleep=0 local26=0000 ffd2c0=ff80->020004 sleep=0 local26=0002 ffd300=ff80->020004 sleep=0 local26=0000 ffd340=ff80->01febe sleep=0 local26=0000 ffd380=ff80->01fedc sleep=0 local26=0000 ffd3c0=ff80->01febe sleep=0 local26=0000 ffd400=ff80->01fedc sleep=0 local26=0000
[  59.079]   [header-byte] write $ffa517 = 13 mask=00ff (pc=018446)
[  59.079] [packet-accepted] total=658 seq=91 flags=04 status=13 pc=01845e command=23 arg=11
[  59.095]   [header-byte] write $ffa517 = 13 mask=00ff (pc=018446)
[  59.095] [packet-accepted] total=659 seq=92 flags=04 status=13 pc=01845e command=23 arg=11
[  59.112]   [header-byte] write $ffa517 = 13 mask=00ff (pc=018446)
[  59.112] [packet-accepted] total=660 seq=93 flags=04 status=13 pc=01845e command=23 arg=11
[  59.129]   [header-byte] write $ffa517 = 13 mask=00ff (pc=018446)
[  59.129] [packet-accepted] total=661 seq=94 flags=04 status=13 pc=01845e command=23 arg=11
[  59.147]   [header-byte] write $ffa517 = 13 mask=00ff (pc=018446)
[  59.147] [packet-accepted] total=662 seq=95 flags=04 status=13 pc=01845e command=23 arg=11
[  59.162]   [header-byte] write $ffa517 = 13 mask=00ff (pc=018446)
[  59.162] [packet-accepted] total=663 seq=96 flags=04 status=13 pc=01845e command=23 arg=11
[  59.179]   [header-byte] write $ffa517 = 13 mask=00ff (pc=018446)
[  59.179] [packet-accepted] total=664 seq=97 flags=04 status=13 pc=01845e command=23 arg=11
[  59.195]   [header-byte] write $ffa517 = 13 mask=00ff (pc=018446)
[  59.195] [packet-accepted] total=665 seq=98 flags=04 status=13 pc=01845e command=23 arg=11
[  59.212]   [header-byte] write $ffa517 = 13 mask=00ff (pc=018446)
[  59.212] [packet-accepted] total=666 seq=99 flags=04 status=13 pc=01845e command=23 arg=11
[  59.229]   [header-byte] write $ffa517 = 13 mask=00ff (pc=018446)
[  59.229] [packet-accepted] total=667 seq=9a flags=04 status=13 pc=01845e command=23 arg=11
[  59.245]   [header-byte] write $ffa517 = 13 mask=00ff (pc=018446)
[  59.245] [packet-accepted] total=668 seq=9b flags=04 status=13 pc=01845e command=23 arg=11
[  59.262]   [header-byte] write $ffa517 = 13 mask=00ff (pc=018446)
[  59.262] [packet-accepted] total=669 seq=9c flags=04 status=13 pc=01845e command=23 arg=11
[  59.279]   [header-byte] write $ffa517 = 13 mask=00ff (pc=018446)
[  59.279] [packet-accepted] total=670 seq=9d flags=04 status=13 pc=01845e command=23 arg=11
[  59.296]   [header-byte] write $ffa517 = 13 mask=00ff (pc=018446)
[  59.296] [packet-accepted] total=671 seq=9e flags=04 status=13 pc=01845e command=23 arg=11
[  59.312]   [header-byte] write $ffa517 = 13 mask=00ff (pc=018446)
[  59.312] [packet-accepted] total=672 seq=9f flags=04 status=13 pc=01845e command=23 arg=11
[  59.329]   [header-byte] write $ffa517 = 13 mask=00ff (pc=018446)
[  59.329] [packet-accepted] total=673 seq=a0 flags=04 status=13 pc=01845e command=23 arg=11
[  59.346]   [header-byte] write $ffa517 = 13 mask=00ff (pc=018446)
[  59.346] [packet-accepted] total=674 seq=a1 flags=04 status=13 pc=01845e command=23 arg=11
[  59.362]   [header-byte] write $ffa517 = 13 mask=00ff (pc=018446)
[  59.362] [packet-accepted] total=675 seq=a2 flags=04 status=13 pc=01845e command=23 arg=11
[  59.379]   [header-byte] write $ffa517 = 13 mask=00ff (pc=018446)
[  59.379] [packet-accepted] total=676 seq=a3 flags=04 status=13 pc=01845e command=23 arg=11
[  59.396]   [header-byte] write $ffa517 = 13 mask=00ff (pc=018446)
[  59.396] [packet-accepted] total=677 seq=a4 flags=04 status=13 pc=01845e command=23 arg=11
[  59.412]   [header-byte] write $ffa517 = 13 mask=00ff (pc=018446)
[  59.412] [packet-accepted] total=678 seq=a5 flags=04 status=13 pc=01845e command=23 arg=11
[  59.429]   [header-byte] write $ffa517 = 13 mask=00ff (pc=018446)
[  59.429] [packet-accepted] total=679 seq=a6 flags=04 status=13 pc=01845e command=23 arg=11
[  59.446]   [header-byte] write $ffa517 = 13 mask=00ff (pc=018446)
[  59.446] [packet-accepted] total=680 seq=a7 flags=04 status=13 pc=01845e command=23 arg=11
[  59.464]   [header-byte] write $ffa517 = 13 mask=00ff (pc=018446)
[  59.464] [packet-accepted] total=681 seq=a8 flags=04 status=13 pc=01845e command=23 arg=11
[  59.479]   [header-byte] write $ffa517 = 13 mask=00ff (pc=018446)
[  59.479] [packet-accepted] total=682 seq=a9 flags=04 status=13 pc=01845e command=23 arg=11
[  59.496]   [header-byte] write $ffa517 = 13 mask=00ff (pc=018446)
[  59.496] [packet-accepted] total=683 seq=aa flags=04 status=13 pc=01845e command=23 arg=11
[  59.512]   [header-byte] write $ffa517 = 13 mask=00ff (pc=018446)
[  59.512] [packet-accepted] total=684 seq=ab flags=04 status=13 pc=01845e command=23 arg=11
[  59.529]   [header-byte] write $ffa517 = 13 mask=00ff (pc=018446)
[  59.529] [packet-accepted] total=685 seq=ac flags=04 status=13 pc=01845e command=23 arg=11
[  59.546]   [header-byte] write $ffa517 = 13 mask=00ff (pc=018446)
[  59.546] [packet-accepted] total=686 seq=ad flags=04 status=13 pc=01845e command=23 arg=11
[  59.563]   [header-byte] write $ffa517 = 13 mask=00ff (pc=018446)
[  59.563] [packet-accepted] total=687 seq=ae flags=04 status=13 pc=01845e command=23 arg=11
[  59.579]   [header-byte] write $ffa517 = 13 mask=00ff (pc=018446)
[  59.579] [packet-accepted] total=688 seq=af flags=04 status=13 pc=01845e command=23 arg=11
[  59.596]   [header-byte] write $ffa517 = 13 mask=00ff (pc=018446)
[  59.596] [packet-accepted] total=689 seq=b0 flags=04 status=13 pc=01845e command=23 arg=11
[  59.614]   [header-byte] write $ffa517 = 13 mask=00ff (pc=018446)
[  59.614] [packet-accepted] total=690 seq=b1 flags=04 status=13 pc=01845e command=23 arg=11
[  59.629]   [header-byte] write $ffa517 = 13 mask=00ff (pc=018446)
[  59.629] [packet-accepted] total=691 seq=b2 flags=04 status=13 pc=01845e command=23 arg=11
[  59.646]   [header-byte] write $ffa517 = 13 mask=00ff (pc=018446)
[  59.646] [packet-accepted] total=692 seq=b3 flags=04 status=13 pc=01845e command=23 arg=11
[  59.663]   [header-byte] write $ffa517 = 13 mask=00ff (pc=018446)
[  59.663] [packet-accepted] total=693 seq=b4 flags=04 status=13 pc=01845e command=23 arg=11
[  59.679]   [header-byte] write $ffa517 = 13 mask=00ff (pc=018446)
[  59.679] [packet-accepted] total=694 seq=b5 flags=04 status=13 pc=01845e command=23 arg=11
[  59.696]   [header-byte] write $ffa517 = 13 mask=00ff (pc=018446)
[  59.696] [packet-accepted] total=695 seq=b6 flags=04 status=13 pc=01845e command=23 arg=11
[  59.712]   [header-byte] write $ffa517 = 13 mask=00ff (pc=018446)
[  59.712] [packet-accepted] total=696 seq=b7 flags=04 status=13 pc=01845e command=23 arg=11
[  59.729]   [header-byte] write $ffa517 = 13 mask=00ff (pc=018446)
[  59.729] [packet-accepted] total=697 seq=b8 flags=04 status=13 pc=01845e command=23 arg=11
[  59.746]   [header-byte] write $ffa517 = 13 mask=00ff (pc=018446)
[  59.746] [packet-accepted] total=698 seq=b9 flags=04 status=13 pc=01845e command=23 arg=11
[  59.762]   [header-byte] write $ffa517 = 13 mask=00ff (pc=018446)
[  59.763] [packet-accepted] total=699 seq=ba flags=04 status=13 pc=01845e command=23 arg=11
[  59.779]   [header-byte] write $ffa517 = 13 mask=00ff (pc=018446)
[  59.779] [packet-accepted] total=700 seq=bb flags=04 status=13 pc=01845e command=23 arg=11
[  59.796]   [header-byte] write $ffa517 = 13 mask=00ff (pc=018446)
[  59.796] [packet-accepted] total=701 seq=bc flags=04 status=13 pc=01845e command=23 arg=11
[  59.812]   [header-byte] write $ffa517 = 13 mask=00ff (pc=018446)
[  59.812] [packet-accepted] total=702 seq=bd flags=04 status=13 pc=01845e command=23 arg=11
[  59.829]   [header-byte] write $ffa517 = 13 mask=00ff (pc=018446)
[  59.829] [packet-accepted] total=703 seq=be flags=04 status=13 pc=01845e command=23 arg=11
[  59.846]   [header-byte] write $ffa517 = 13 mask=00ff (pc=018446)
[  59.846] [packet-accepted] total=704 seq=bf flags=04 status=13 pc=01845e command=23 arg=11
[  59.863]   [header-byte] write $ffa517 = 13 mask=00ff (pc=018446)
[  59.863] [packet-accepted] total=705 seq=c0 flags=04 status=13 pc=01845e command=23 arg=11
[  59.879]   [header-byte] write $ffa517 = 13 mask=00ff (pc=018446)
[  59.879] [packet-accepted] total=706 seq=c1 flags=04 status=13 pc=01845e command=23 arg=11
[  59.896]   [header-byte] write $ffa517 = 13 mask=00ff (pc=018446)
[  59.896] [packet-accepted] total=707 seq=c2 flags=04 status=13 pc=01845e command=23 arg=11
[  59.913]   [header-byte] write $ffa517 = 13 mask=00ff (pc=018446)
[  59.913] [packet-accepted] total=708 seq=c3 flags=04 status=13 pc=01845e command=23 arg=11
[  59.931]   [header-byte] write $ffa517 = 13 mask=00ff (pc=018446)
[  59.931] [packet-accepted] total=709 seq=c4 flags=04 status=13 pc=01845e command=23 arg=11
[  59.946]   [header-byte] write $ffa517 = 13 mask=00ff (pc=018446)
[  59.946] [packet-accepted] total=710 seq=c5 flags=04 status=13 pc=01845e command=23 arg=11
[  59.963]   [header-byte] write $ffa517 = 13 mask=00ff (pc=018446)
[  59.963] [packet-accepted] total=711 seq=c6 flags=04 status=13 pc=01845e command=23 arg=11
[  59.980]   [header-byte] write $ffa517 = 13 mask=00ff (pc=018446)
[  59.980] [packet-accepted] total=712 seq=c7 flags=04 status=13 pc=01845e command=23 arg=11
[  59.996]   [header-byte] write $ffa517 = 13 mask=00ff (pc=018446)
[  59.996] [packet-accepted] total=713 seq=c8 flags=04 status=13 pc=01845e command=23 arg=11
[  60.013]   [header-byte] write $ffa517 = 13 mask=00ff (pc=018446)
[  60.013] [packet-accepted] total=714 seq=c9 flags=04 status=13 pc=01845e command=23 arg=11
[  60.030]   [header-byte] write $ffa517 = 13 mask=00ff (pc=018446)
[  60.030] [packet-accepted] total=715 seq=ca flags=04 status=13 pc=01845e command=23 arg=11
[  60.046]   [header-byte] write $ffa517 = 13 mask=00ff (pc=018446)
[  60.046] [packet-accepted] total=716 seq=cb flags=04 status=13 pc=01845e command=23 arg=11
[  60.063]   [header-byte] write $ffa517 = 13 mask=00ff (pc=018446)
[  60.063] [packet-accepted] total=717 seq=cc flags=04 status=13 pc=01845e command=23 arg=11
[  60.077] heartbeat frame=3600 tx=3250 rx=4272 fc=1 fd=10 fe=1 linkflag=82 pc=00028a a502=00 a524=0005 a525=05 a170=08 a17f=00 txtail=00b2 rxpend=0000
[  60.077] [transport] captured=3250 flushed=3250 received=4272 accepted=717 payload2=558 payload3=12 payload4=38 payload5=25 pump_reads=4290 bursts=635 txcredit=0 outq=0 inq=0 watchdog=0 txseq=7c rxseq=cd rxcredit=5 protection=00 checks=0000
[  60.077] [epochs] local=1 peer=1 ready=true discarded_rx=0
[  60.077] [tcb-continuations] ffa580=ff80->018392 sleep=0 local26=7710 ffa5c0=ff80->01853c sleep=0 local26=0000 ffd040=ff80->018a40 sleep=0 local26=0300 ffd080=ff80->018ee4 sleep=0 local26=0000 ffd0c0=ff80->018ee4 sleep=0 local26=0000 ffd100=ff80->01fbb4 sleep=0 local26=0000 ffd140=ff80->01fbb6 sleep=0 local26=0002 ffd180=ff80->01fbb6 sleep=0 local26=00a2 ffd1c0=ff80->01fbb6 sleep=0 local26=01c2 ffd200=ff80->01fbb6 sleep=0 local26=02e2 ffd240=ff80->01902e sleep=0 local26=0000 ffd280=ff80->01ffe2 sleep=0 local26=0009 ffd2c0=ff80->020004 sleep=0 local26=0002 ffd300=ff80->020004 sleep=0 local26=0000 ffd340=ff80->01febe sleep=0 local26=0000 ffd380=ff80->01fedc sleep=0 local26=0000 ffd3c0=ff80->01febe sleep=0 local26=0000 ffd400=ff80->01fedc sleep=0 local26=0000
[  60.080]   [header-byte] write $ffa517 = 13 mask=00ff (pc=018446)
[  60.080] [packet-accepted] total=718 seq=cd flags=04 status=13 pc=01845e command=23 arg=11
[  60.098]   [header-byte] write $ffa517 = 13 mask=00ff (pc=018446)
[  60.098] [packet-accepted] total=719 seq=ce flags=04 status=13 pc=01845e command=23 arg=11
[  60.114]   [header-byte] write $ffa517 = 13 mask=00ff (pc=018446)
[  60.114] [packet-accepted] total=720 seq=cf flags=04 status=13 pc=01845e command=23 arg=11
[  60.130]   [header-byte] write $ffa517 = 13 mask=00ff (pc=018446)
[  60.130] [packet-accepted] total=721 seq=d0 flags=04 status=13 pc=01845e command=23 arg=11
[  60.146]   [header-byte] write $ffa517 = 13 mask=00ff (pc=018446)
[  60.146] [packet-accepted] total=722 seq=d1 flags=04 status=13 pc=01845e command=23 arg=11
[  60.163]   [header-byte] write $ffa517 = 13 mask=00ff (pc=018446)
[  60.163] [packet-accepted] total=723 seq=d2 flags=04 status=13 pc=01845e command=23 arg=11
[  60.180]   [header-byte] write $ffa517 = 13 mask=00ff (pc=018446)
[  60.180] [packet-accepted] total=724 seq=d3 flags=04 status=13 pc=01845e command=23 arg=11
[  60.196]   [header-byte] write $ffa517 = 13 mask=00ff (pc=018446)
[  60.196] [packet-accepted] total=725 seq=d4 flags=04 status=13 pc=01845e command=23 arg=11
[  60.213]   [header-byte] write $ffa517 = 13 mask=00ff (pc=018446)
[  60.213] [packet-accepted] total=726 seq=d5 flags=04 status=13 pc=01845e command=23 arg=11
[  60.230]   [header-byte] write $ffa517 = 13 mask=00ff (pc=018446)
[  60.230] [packet-accepted] total=727 seq=d6 flags=04 status=13 pc=01845e command=23 arg=11
[  60.247]   [header-byte] write $ffa517 = 13 mask=00ff (pc=018446)
[  60.247] [packet-accepted] total=728 seq=d7 flags=04 status=13 pc=01845e command=23 arg=11
[  60.263]   [header-byte] write $ffa517 = 13 mask=00ff (pc=018446)
[  60.263] [packet-accepted] total=729 seq=d8 flags=04 status=13 pc=01845e command=23 arg=11
[  60.280]   [header-byte] write $ffa517 = 13 mask=00ff (pc=018446)
[  60.280] [packet-accepted] total=730 seq=d9 flags=04 status=13 pc=01845e command=23 arg=11
[  60.297]   [header-byte] write $ffa517 = 13 mask=00ff (pc=018446)
[  60.297] [packet-accepted] total=731 seq=da flags=04 status=13 pc=01845e command=23 arg=11
[  60.313]   [header-byte] write $ffa517 = 13 mask=00ff (pc=018446)
[  60.313] [packet-accepted] total=732 seq=db flags=04 status=13 pc=01845e command=23 arg=11
[  60.330]   [header-byte] write $ffa517 = 13 mask=00ff (pc=018446)
[  60.330] [packet-accepted] total=733 seq=dc flags=04 status=13 pc=01845e command=23 arg=11
[  60.346]   [header-byte] write $ffa517 = 13 mask=00ff (pc=018446)
[  60.346] [packet-accepted] total=734 seq=dd flags=04 status=13 pc=01845e command=23 arg=11
[  60.363]   [header-byte] write $ffa517 = 13 mask=00ff (pc=018446)
[  60.363] [packet-accepted] total=735 seq=de flags=04 status=13 pc=01845e command=23 arg=11
[  60.380]   [header-byte] write $ffa517 = 13 mask=00ff (pc=018446)
[  60.380] [packet-accepted] total=736 seq=df flags=04 status=13 pc=01845e command=23 arg=11
[  60.397]   [header-byte] write $ffa517 = 13 mask=00ff (pc=018446)
[  60.397] [packet-accepted] total=737 seq=e0 flags=04 status=13 pc=01845e command=23 arg=11
[  60.415]   [header-byte] write $ffa517 = 13 mask=00ff (pc=018446)
[  60.415] [packet-accepted] total=738 seq=e1 flags=04 status=13 pc=01845e command=23 arg=11
[  60.430]   [header-byte] write $ffa517 = 13 mask=00ff (pc=018446)
[  60.430] [packet-accepted] total=739 seq=e2 flags=04 status=13 pc=01845e command=23 arg=11
[  60.447]   [header-byte] write $ffa517 = 13 mask=00ff (pc=018446)
[  60.447] [packet-accepted] total=740 seq=e3 flags=04 status=13 pc=01845e command=23 arg=11
[  60.463]   [header-byte] write $ffa517 = 13 mask=00ff (pc=018446)
[  60.463] [packet-accepted] total=741 seq=e4 flags=04 status=13 pc=01845e command=23 arg=11
[  60.480]   [header-byte] write $ffa517 = 13 mask=00ff (pc=018446)
[  60.480] [packet-accepted] total=742 seq=e5 flags=04 status=13 pc=01845e command=23 arg=11
[  60.497]   [header-byte] write $ffa517 = 13 mask=00ff (pc=018446)
[  60.497] [packet-accepted] total=743 seq=e6 flags=04 status=13 pc=01845e command=23 arg=11
[  60.514]   [header-byte] write $ffa517 = 13 mask=00ff (pc=018446)
[  60.514] [packet-accepted] total=744 seq=e7 flags=04 status=13 pc=01845e command=23 arg=11
[  60.530]   [header-byte] write $ffa517 = 13 mask=00ff (pc=018446)
[  60.530] [packet-accepted] total=745 seq=e8 flags=04 status=13 pc=01845e command=23 arg=11
[  60.547]   [header-byte] write $ffa517 = 13 mask=00ff (pc=018446)
[  60.547] [packet-accepted] total=746 seq=e9 flags=04 status=13 pc=01845e command=23 arg=11
[  60.566]   [header-byte] write $ffa517 = 13 mask=00ff (pc=018446)
[  60.566] [packet-accepted] total=747 seq=ea flags=04 status=13 pc=01845e command=23 arg=11
[  60.580]   [header-byte] write $ffa517 = 13 mask=00ff (pc=018446)
[  60.580] [packet-accepted] total=748 seq=eb flags=04 status=13 pc=01845e command=23 arg=11
[  60.597]   [header-byte] write $ffa517 = 13 mask=00ff (pc=018446)
[  60.597] [packet-accepted] total=749 seq=ec flags=04 status=13 pc=01845e command=23 arg=11
[  60.614]   [header-byte] write $ffa517 = 13 mask=00ff (pc=018446)
[  60.614] [packet-accepted] total=750 seq=ed flags=04 status=13 pc=01845e command=23 arg=11
[  60.630]   [header-byte] write $ffa517 = 13 mask=00ff (pc=018446)
[  60.630] [packet-accepted] total=751 seq=ee flags=04 status=13 pc=01845e command=23 arg=11
[  60.647]   [header-byte] write $ffa517 = 13 mask=00ff (pc=018446)
[  60.647] [packet-accepted] total=752 seq=ef flags=04 status=13 pc=01845e command=23 arg=11
[  60.664]   [header-byte] write $ffa517 = 13 mask=00ff (pc=018446)
[  60.664] [packet-accepted] total=753 seq=f0 flags=04 status=13 pc=01845e command=23 arg=11
[  60.681]   [header-byte] write $ffa517 = 13 mask=00ff (pc=018446)
[  60.681] [packet-accepted] total=754 seq=f1 flags=04 status=13 pc=01845e command=23 arg=11
[  60.697]   [header-byte] write $ffa517 = 13 mask=00ff (pc=018446)
[  60.697] [packet-accepted] total=755 seq=f2 flags=04 status=13 pc=01845e command=23 arg=11
[  60.714]   [header-byte] write $ffa517 = 13 mask=00ff (pc=018446)
[  60.714] [packet-accepted] total=756 seq=f3 flags=04 status=13 pc=01845e command=23 arg=11
[  60.731]   [header-byte] write $ffa517 = 13 mask=00ff (pc=018446)
[  60.731] [packet-accepted] total=757 seq=f4 flags=04 status=13 pc=01845e command=23 arg=11
[  60.747]   [header-byte] write $ffa517 = 13 mask=00ff (pc=018446)
[  60.747] [packet-accepted] total=758 seq=f5 flags=04 status=13 pc=01845e command=23 arg=11
[  60.764]   [header-byte] write $ffa517 = 13 mask=00ff (pc=018446)
[  60.764] [packet-accepted] total=759 seq=f6 flags=04 status=13 pc=01845e command=23 arg=11
[  60.781]   [header-byte] write $ffa517 = 13 mask=00ff (pc=018446)
[  60.781] [packet-accepted] total=760 seq=f7 flags=04 status=13 pc=01845e command=23 arg=11
[  60.797]   [header-byte] write $ffa517 = 13 mask=00ff (pc=018446)
[  60.797] [packet-accepted] total=761 seq=f8 flags=04 status=13 pc=01845e command=23 arg=11
[  60.814]   [header-byte] write $ffa517 = 13 mask=00ff (pc=018446)
[  60.814] [packet-accepted] total=762 seq=f9 flags=04 status=13 pc=01845e command=23 arg=11
[  60.831]   [header-byte] write $ffa517 = 13 mask=00ff (pc=018446)
[  60.831] [packet-accepted] total=763 seq=fa flags=04 status=13 pc=01845e command=23 arg=11
[  60.847]   [header-byte] write $ffa517 = 13 mask=00ff (pc=018446)
[  60.847] [packet-accepted] total=764 seq=fb flags=04 status=13 pc=01845e command=23 arg=11
[  60.864]   [header-byte] write $ffa517 = 13 mask=00ff (pc=018446)
[  60.864] [packet-accepted] total=765 seq=fc flags=04 status=13 pc=01845e command=23 arg=11
[  60.883]   [header-byte] write $ffa517 = 13 mask=00ff (pc=018446)
[  60.883] [packet-accepted] total=766 seq=fd flags=04 status=13 pc=01845e command=23 arg=11
[  60.898]   [header-byte] write $ffa517 = 13 mask=00ff (pc=018446)
[  60.898] [packet-accepted] total=767 seq=fe flags=04 status=13 pc=01845e command=23 arg=11
[  60.914]   [header-byte] write $ffa517 = 13 mask=00ff (pc=018446)
[  60.914] [packet-accepted] total=768 seq=ff flags=04 status=13 pc=01845e command=23 arg=11
[  60.931]   [header-byte] write $ffa517 = 13 mask=00ff (pc=018446)
[  60.931] [packet-accepted] total=769 seq=00 flags=04 status=13 pc=01845e command=23 arg=11
[  60.948]   [header-byte] write $ffa517 = 13 mask=00ff (pc=018446)
[  60.948] [packet-accepted] total=770 seq=01 flags=04 status=13 pc=01845e command=23 arg=11
[  60.964]   [header-byte] write $ffa517 = 13 mask=00ff (pc=018446)
[  60.964] [packet-accepted] total=771 seq=02 flags=04 status=13 pc=01845e command=23 arg=11
[  60.981]   [header-byte] write $ffa517 = 13 mask=00ff (pc=018446)
[  60.981] [packet-accepted] total=772 seq=03 flags=04 status=13 pc=01845e command=23 arg=11
[  60.998]   [header-byte] write $ffa517 = 13 mask=00ff (pc=018446)
[  60.998] [packet-accepted] total=773 seq=04 flags=04 status=13 pc=01845e command=23 arg=11
[  61.014]   [header-byte] write $ffa517 = 13 mask=00ff (pc=018446)
[  61.014] [packet-accepted] total=774 seq=05 flags=04 status=13 pc=01845e command=23 arg=11
[  61.031]   [header-byte] write $ffa517 = 13 mask=00ff (pc=018446)
[  61.031] [packet-accepted] total=775 seq=06 flags=04 status=13 pc=01845e command=23 arg=11
[  61.050]   [header-byte] write $ffa517 = 13 mask=00ff (pc=018446)
[  61.050] [packet-accepted] total=776 seq=07 flags=04 status=13 pc=01845e command=23 arg=11
[  61.064]   [header-byte] write $ffa517 = 13 mask=00ff (pc=018446)
[  61.064] [packet-accepted] total=777 seq=08 flags=04 status=13 pc=01845e command=23 arg=11
[  61.079] heartbeat frame=3660 tx=3550 rx=4572 fc=1 fd=10 fe=1 linkflag=82 pc=00028a a502=00 a524=0005 a525=05 a170=08 a17f=00 txtail=00de rxpend=0000
[  61.079] [transport] captured=3550 flushed=3550 received=4572 accepted=777 payload2=618 payload3=12 payload4=38 payload5=25 pump_reads=4410 bursts=695 txcredit=0 outq=0 inq=0 watchdog=0 txseq=b8 rxseq=09 rxcredit=5 protection=00 checks=0000
[  61.079] [epochs] local=1 peer=1 ready=true discarded_rx=0
[  61.079] [tcb-continuations] ffa580=ff80->018392 sleep=0 local26=7710 ffa5c0=ff80->01853c sleep=0 local26=0000 ffd040=ff80->018a40 sleep=0 local26=0300 ffd080=ff80->018ee4 sleep=0 local26=0000 ffd0c0=ff80->018ee4 sleep=0 local26=0000 ffd100=ff80->01fbb4 sleep=0 local26=0000 ffd140=ff80->01fbb6 sleep=0 local26=0002 ffd180=ff80->01fbb6 sleep=0 local26=00a2 ffd1c0=ff80->01fbb6 sleep=0 local26=01c2 ffd200=ff80->01fbb6 sleep=0 local26=02e2 ffd240=ff80->01902e sleep=0 local26=0000 ffd280=ff80->01ffe2 sleep=0 local26=0008 ffd2c0=ff80->020004 sleep=0 local26=0002 ffd300=ff80->020004 sleep=0 local26=0000 ffd340=ff80->01febe sleep=0 local26=0000 ffd380=ff80->01fedc sleep=0 local26=0000 ffd3c0=ff80->01febe sleep=0 local26=0000 ffd400=ff80->01fedc sleep=0 local26=0000
[  61.081]   [header-byte] write $ffa517 = 13 mask=00ff (pc=018446)
[  61.081] [packet-accepted] total=778 seq=09 flags=04 status=13 pc=01845e command=23 arg=11
[  61.098]   [header-byte] write $ffa517 = 13 mask=00ff (pc=018446)
[  61.098] [packet-accepted] total=779 seq=0a flags=04 status=13 pc=01845e command=23 arg=11
[  61.115]   [header-byte] write $ffa517 = 13 mask=00ff (pc=018446)
[  61.115] [packet-accepted] total=780 seq=0b flags=04 status=13 pc=01845e command=23 arg=11
[  61.131]   [header-byte] write $ffa517 = 13 mask=00ff (pc=018446)
[  61.131] [packet-accepted] total=781 seq=0c flags=04 status=13 pc=01845e command=23 arg=11
[  61.148]   [header-byte] write $ffa517 = 13 mask=00ff (pc=018446)
[  61.148] [packet-accepted] total=782 seq=0d flags=04 status=13 pc=01845e command=23 arg=11
[  61.165]   [header-byte] write $ffa517 = 13 mask=00ff (pc=018446)
[  61.165] [packet-accepted] total=783 seq=0e flags=04 status=13 pc=01845e command=23 arg=11
[  61.181]   [header-byte] write $ffa517 = 13 mask=00ff (pc=018446)
[  61.181] [packet-accepted] total=784 seq=0f flags=04 status=13 pc=01845e command=23 arg=11
[  61.198]   [header-byte] write $ffa517 = 13 mask=00ff (pc=018446)
[  61.198] [packet-accepted] total=785 seq=10 flags=04 status=13 pc=01845e command=23 arg=11
[  61.215]   [header-byte] write $ffa517 = 13 mask=00ff (pc=018446)
[  61.215] [packet-accepted] total=786 seq=11 flags=04 status=13 pc=01845e command=23 arg=11
[  61.231]   [header-byte] write $ffa517 = 13 mask=00ff (pc=018446)
[  61.231] [packet-accepted] total=787 seq=12 flags=04 status=13 pc=01845e command=23 arg=11
[  61.248]   [header-byte] write $ffa517 = 13 mask=00ff (pc=018446)
[  61.248] [packet-accepted] total=788 seq=13 flags=04 status=13 pc=01845e command=23 arg=11
[  61.265]   [header-byte] write $ffa517 = 13 mask=00ff (pc=018446)
[  61.265] [packet-accepted] total=789 seq=14 flags=04 status=13 pc=01845e command=23 arg=11
[  61.282]   [header-byte] write $ffa517 = 13 mask=00ff (pc=018446)
[  61.282] [packet-accepted] total=790 seq=15 flags=04 status=13 pc=01845e command=23 arg=11
[  61.298]   [header-byte] write $ffa517 = 13 mask=00ff (pc=018446)
[  61.298] [packet-accepted] total=791 seq=16 flags=04 status=13 pc=01845e command=23 arg=11
[  61.315]   [header-byte] write $ffa517 = 13 mask=00ff (pc=018446)
[  61.315] [packet-accepted] total=792 seq=17 flags=04 status=13 pc=01845e command=23 arg=11
[  61.331]   [header-byte] write $ffa517 = 13 mask=00ff (pc=018446)
[  61.332] [packet-accepted] total=793 seq=18 flags=04 status=13 pc=01845e command=23 arg=11
[  61.348]   [header-byte] write $ffa517 = 13 mask=00ff (pc=018446)
[  61.348] [packet-accepted] total=794 seq=19 flags=04 status=13 pc=01845e command=23 arg=11
[  61.367]   [header-byte] write $ffa517 = 13 mask=00ff (pc=018446)
[  61.367] [packet-accepted] total=795 seq=1a flags=04 status=13 pc=01845e command=23 arg=11
[  61.382]   [header-byte] write $ffa517 = 13 mask=00ff (pc=018446)
[  61.382] [packet-accepted] total=796 seq=1b flags=04 status=13 pc=01845e command=23 arg=11
[  61.398]   [header-byte] write $ffa517 = 13 mask=00ff (pc=018446)
[  61.398] [packet-accepted] total=797 seq=1c flags=04 status=13 pc=01845e command=23 arg=11
[  61.415]   [header-byte] write $ffa517 = 13 mask=00ff (pc=018446)
[  61.415] [packet-accepted] total=798 seq=1d flags=04 status=13 pc=01845e command=23 arg=11
[  61.432]   [header-byte] write $ffa517 = 13 mask=00ff (pc=018446)
[  61.432] [packet-accepted] total=799 seq=1e flags=04 status=13 pc=01845e command=23 arg=11
[  61.448]   [header-byte] write $ffa517 = 13 mask=00ff (pc=018446)
[  61.448] [packet-accepted] total=800 seq=1f flags=04 status=13 pc=01845e command=23 arg=11
[  61.465]   [header-byte] write $ffa517 = 13 mask=00ff (pc=018446)
[  61.465] [packet-accepted] total=801 seq=20 flags=04 status=13 pc=01845e command=23 arg=11
[  61.482]   [header-byte] write $ffa517 = 13 mask=00ff (pc=018446)
[  61.482] [packet-accepted] total=802 seq=21 flags=04 status=13 pc=01845e command=23 arg=11
[  61.498]   [header-byte] write $ffa517 = 13 mask=00ff (pc=018446)
[  61.498] [packet-accepted] total=803 seq=22 flags=04 status=13 pc=01845e command=23 arg=11
[  61.516]   [header-byte] write $ffa517 = 13 mask=00ff (pc=018446)
[  61.516] [packet-accepted] total=804 seq=23 flags=04 status=13 pc=01845e command=23 arg=11
[  61.531]   [header-byte] write $ffa517 = 13 mask=00ff (pc=018446)
[  61.531] [packet-accepted] total=805 seq=24 flags=04 status=13 pc=01845e command=23 arg=11
[  61.548]   [header-byte] write $ffa517 = 13 mask=00ff (pc=018446)
[  61.548] [packet-accepted] total=806 seq=25 flags=04 status=13 pc=01845e command=23 arg=11
[  61.565]   [header-byte] write $ffa517 = 13 mask=00ff (pc=018446)
[  61.565] [packet-accepted] total=807 seq=26 flags=04 status=13 pc=01845e command=23 arg=11
[  61.582]   [header-byte] write $ffa517 = 13 mask=00ff (pc=018446)
[  61.582] [packet-accepted] total=808 seq=27 flags=04 status=13 pc=01845e command=23 arg=11
[  61.598]   [header-byte] write $ffa517 = 13 mask=00ff (pc=018446)
[  61.598] [packet-accepted] total=809 seq=28 flags=04 status=13 pc=01845e command=23 arg=11
[  61.616]   [header-byte] write $ffa517 = 13 mask=00ff (pc=018446)
[  61.616] [packet-accepted] total=810 seq=29 flags=04 status=13 pc=01845e command=23 arg=11
[  61.632]   [header-byte] write $ffa517 = 13 mask=00ff (pc=018446)
[  61.632] [packet-accepted] total=811 seq=2a flags=04 status=13 pc=01845e command=23 arg=11
[  61.648]   [header-byte] write $ffa517 = 13 mask=00ff (pc=018446)
[  61.648] [packet-accepted] total=812 seq=2b flags=04 status=13 pc=01845e command=23 arg=11
[  61.665]   [header-byte] write $ffa517 = 13 mask=00ff (pc=018446)
[  61.665] [packet-accepted] total=813 seq=2c flags=04 status=13 pc=01845e command=23 arg=11
[  61.682]   [header-byte] write $ffa517 = 13 mask=00ff (pc=018446)
[  61.682] [packet-accepted] total=814 seq=2d flags=04 status=13 pc=01845e command=23 arg=11
[  61.698]   [header-byte] write $ffa517 = 13 mask=00ff (pc=018446)
[  61.698] [packet-accepted] total=815 seq=2e flags=04 status=13 pc=01845e command=23 arg=11
[  61.715]   [header-byte] write $ffa517 = 13 mask=00ff (pc=018446)
[  61.715] [packet-accepted] total=816 seq=2f flags=04 status=13 pc=01845e command=23 arg=11
[  61.732]   [header-byte] write $ffa517 = 13 mask=00ff (pc=018446)
[  61.732] [packet-accepted] total=817 seq=30 flags=04 status=13 pc=01845e command=23 arg=11
[  61.748]   [header-byte] write $ffa517 = 13 mask=00ff (pc=018446)
[  61.748] [packet-accepted] total=818 seq=31 flags=04 status=13 pc=01845e command=23 arg=11
[  61.765]   [header-byte] write $ffa517 = 13 mask=00ff (pc=018446)
[  61.765] [packet-accepted] total=819 seq=32 flags=04 status=13 pc=01845e command=23 arg=11
[  61.782]   [header-byte] write $ffa517 = 13 mask=00ff (pc=018446)
[  61.782] [packet-accepted] total=820 seq=33 flags=04 status=13 pc=01845e command=23 arg=11
[  61.798]   [header-byte] write $ffa517 = 13 mask=00ff (pc=018446)
[  61.798] [packet-accepted] total=821 seq=34 flags=04 status=13 pc=01845e command=23 arg=11
[  61.815]   [header-byte] write $ffa517 = 13 mask=00ff (pc=018446)
[  61.815] [packet-accepted] total=822 seq=35 flags=04 status=13 pc=01845e command=23 arg=11
[  61.834]   [header-byte] write $ffa517 = 13 mask=00ff (pc=018446)
[  61.834] [packet-accepted] total=823 seq=36 flags=04 status=13 pc=01845e command=23 arg=11
[  61.849]   [header-byte] write $ffa517 = 13 mask=00ff (pc=018446)
[  61.849] [packet-accepted] total=824 seq=37 flags=04 status=13 pc=01845e command=23 arg=11
[  61.865]   [header-byte] write $ffa517 = 13 mask=00ff (pc=018446)
[  61.865] [packet-accepted] total=825 seq=38 flags=04 status=13 pc=01845e command=23 arg=11
[  61.882]   [header-byte] write $ffa517 = 13 mask=00ff (pc=018446)
[  61.882] [packet-accepted] total=826 seq=39 flags=04 status=13 pc=01845e command=23 arg=11
[  61.899]   [header-byte] write $ffa517 = 13 mask=00ff (pc=018446)
[  61.899] [packet-accepted] total=827 seq=3a flags=04 status=13 pc=01845e command=23 arg=11
[  61.915]   [header-byte] write $ffa517 = 13 mask=00ff (pc=018446)
[  61.915] [packet-accepted] total=828 seq=3b flags=04 status=13 pc=01845e command=23 arg=11
[  61.932]   [header-byte] write $ffa517 = 13 mask=00ff (pc=018446)
[  61.932] [packet-accepted] total=829 seq=3c flags=04 status=13 pc=01845e command=23 arg=11
[  61.949]   [header-byte] write $ffa517 = 13 mask=00ff (pc=018446)
[  61.949] [packet-accepted] total=830 seq=3d flags=04 status=13 pc=01845e command=23 arg=11
[  61.965]   [header-byte] write $ffa517 = 13 mask=00ff (pc=018446)
[  61.965] [packet-accepted] total=831 seq=3e flags=04 status=13 pc=01845e command=23 arg=11
[  61.982]   [header-byte] write $ffa517 = 13 mask=00ff (pc=018446)
[  61.982] [packet-accepted] total=832 seq=3f flags=04 status=13 pc=01845e command=23 arg=11
[  62.001]   [header-byte] write $ffa517 = 13 mask=00ff (pc=018446)
[  62.001] [packet-accepted] total=833 seq=40 flags=04 status=13 pc=01845e command=23 arg=11
[  62.016]   [header-byte] write $ffa517 = 13 mask=00ff (pc=018446)
[  62.016] [packet-accepted] total=834 seq=41 flags=04 status=13 pc=01845e command=23 arg=11
[  62.032]   [header-byte] write $ffa517 = 13 mask=00ff (pc=018446)
[  62.032] [packet-accepted] total=835 seq=42 flags=04 status=13 pc=01845e command=23 arg=11
[  62.049]   [header-byte] write $ffa517 = 13 mask=00ff (pc=018446)
[  62.049] [packet-accepted] total=836 seq=43 flags=04 status=13 pc=01845e command=23 arg=11
[  62.066]   [header-byte] write $ffa517 = 13 mask=00ff (pc=018446)
[  62.066] [packet-accepted] total=837 seq=44 flags=04 status=13 pc=01845e command=23 arg=11
[  62.080] heartbeat frame=3720 tx=3850 rx=4872 fc=1 fd=10 fe=1 linkflag=82 pc=00028a a502=00 a524=0005 a525=05 a170=08 a17f=00 txtail=000a rxpend=0000
[  62.080] [transport] captured=3850 flushed=3850 received=4872 accepted=837 payload2=678 payload3=12 payload4=38 payload5=25 pump_reads=4530 bursts=755 txcredit=0 outq=0 inq=0 watchdog=0 txseq=f4 rxseq=45 rxcredit=5 protection=00 checks=0000
[  62.080] [epochs] local=1 peer=1 ready=true discarded_rx=0
[  62.080] [tcb-continuations] ffa580=ff80->018392 sleep=0 local26=7710 ffa5c0=ff80->01853c sleep=0 local26=0000 ffd040=ff80->018a40 sleep=0 local26=0300 ffd080=ff80->018ee4 sleep=0 local26=0000 ffd0c0=ff80->018ee4 sleep=0 local26=0000 ffd100=ff80->01fbb4 sleep=0 local26=0000 ffd140=ff80->01fbb6 sleep=0 local26=0002 ffd180=ff80->01fbb6 sleep=0 local26=00a2 ffd1c0=ff80->01fbb6 sleep=0 local26=01c2 ffd200=ff80->01fbb6 sleep=0 local26=02e2 ffd240=ff80->01902e sleep=0 local26=0000 ffd280=ff80->01ffe2 sleep=0 local26=0006 ffd2c0=ff80->020004 sleep=0 local26=0002 ffd300=ff80->020004 sleep=0 local26=0000 ffd340=ff80->01febe sleep=0 local26=0000 ffd380=ff80->01fedc sleep=0 local26=0000 ffd3c0=ff80->01febe sleep=0 local26=0000 ffd400=ff80->01fedc sleep=0 local26=0000
[  62.082]   [header-byte] write $ffa517 = 13 mask=00ff (pc=018446)
[  62.082] [packet-accepted] total=838 seq=45 flags=04 status=13 pc=01845e command=23 arg=11
[  62.099]   [header-byte] write $ffa517 = 13 mask=00ff (pc=018446)
[  62.099] [packet-accepted] total=839 seq=46 flags=04 status=13 pc=01845e command=23 arg=11
[  62.116]   [header-byte] write $ffa517 = 13 mask=00ff (pc=018446)
[  62.116] [packet-accepted] total=840 seq=47 flags=04 status=13 pc=01845e command=23 arg=11
[  62.132]   [header-byte] write $ffa517 = 13 mask=00ff (pc=018446)
[  62.132] [packet-accepted] total=841 seq=48 flags=04 status=13 pc=01845e command=23 arg=11
[  62.149]   [header-byte] write $ffa517 = 13 mask=00ff (pc=018446)
[  62.149] [packet-accepted] total=842 seq=49 flags=04 status=13 pc=01845e command=23 arg=11
[  62.166]   [header-byte] write $ffa517 = 13 mask=00ff (pc=018446)
[  62.166] [packet-accepted] total=843 seq=4a flags=04 status=13 pc=01845e command=23 arg=11
[  62.182]   [header-byte] write $ffa517 = 13 mask=00ff (pc=018446)
[  62.182] [packet-accepted] total=844 seq=4b flags=04 status=13 pc=01845e command=23 arg=11
[  62.199]   [header-byte] write $ffa517 = 13 mask=00ff (pc=018446)
[  62.199] [packet-accepted] total=845 seq=4c flags=04 status=13 pc=01845e command=23 arg=11
[  62.216]   [header-byte] write $ffa517 = 13 mask=00ff (pc=018446)
[  62.216] [packet-accepted] total=846 seq=4d flags=04 status=13 pc=01845e command=23 arg=11
[  62.232]   [header-byte] write $ffa517 = 13 mask=00ff (pc=018446)
[  62.232] [packet-accepted] total=847 seq=4e flags=04 status=13 pc=01845e command=23 arg=11
[  62.249]   [header-byte] write $ffa517 = 13 mask=00ff (pc=018446)
[  62.249] [packet-accepted] total=848 seq=4f flags=04 status=13 pc=01845e command=23 arg=11
[  62.266]   [header-byte] write $ffa517 = 13 mask=00ff (pc=018446)
[  62.266] [packet-accepted] total=849 seq=50 flags=04 status=13 pc=01845e command=23 arg=11
[  62.282]   [header-byte] write $ffa517 = 13 mask=00ff (pc=018446)
[  62.282] [packet-accepted] total=850 seq=51 flags=04 status=13 pc=01845e command=23 arg=11
[  62.299]   [header-byte] write $ffa517 = 13 mask=00ff (pc=018446)
[  62.299] [packet-accepted] total=851 seq=52 flags=04 status=13 pc=01845e command=23 arg=11
[  62.318]   [header-byte] write $ffa517 = 13 mask=00ff (pc=018446)
[  62.318] [packet-accepted] total=852 seq=53 flags=04 status=13 pc=01845e command=23 arg=11
[  62.333]   [header-byte] write $ffa517 = 13 mask=00ff (pc=018446)
[  62.333] [packet-accepted] total=853 seq=54 flags=04 status=13 pc=01845e command=23 arg=11
[  62.349]   [header-byte] write $ffa517 = 13 mask=00ff (pc=018446)
[  62.349] [packet-accepted] total=854 seq=55 flags=04 status=13 pc=01845e command=23 arg=11
[  62.366]   [header-byte] write $ffa517 = 13 mask=00ff (pc=018446)
[  62.366] [packet-accepted] total=855 seq=56 flags=04 status=13 pc=01845e command=23 arg=11
[  62.383]   [header-byte] write $ffa517 = 13 mask=00ff (pc=018446)
[  62.383] [packet-accepted] total=856 seq=57 flags=04 status=13 pc=01845e command=23 arg=11
[  62.399]   [header-byte] write $ffa517 = 13 mask=00ff (pc=018446)
[  62.399] [packet-accepted] total=857 seq=58 flags=04 status=13 pc=01845e command=23 arg=11
[  62.416]   [header-byte] write $ffa517 = 13 mask=00ff (pc=018446)
[  62.416] [packet-accepted] total=858 seq=59 flags=04 status=13 pc=01845e command=23 arg=11
[  62.433]   [header-byte] write $ffa517 = 13 mask=00ff (pc=018446)
[  62.433] [packet-accepted] total=859 seq=5a flags=04 status=13 pc=01845e command=23 arg=11
[  62.449]   [header-byte] write $ffa517 = 13 mask=00ff (pc=018446)
[  62.449] [packet-accepted] total=860 seq=5b flags=04 status=13 pc=01845e command=23 arg=11
[  62.468]   [header-byte] write $ffa517 = 13 mask=00ff (pc=018446)
[  62.468] [packet-accepted] total=861 seq=5c flags=04 status=13 pc=01845e command=23 arg=11
[  62.483]   [header-byte] write $ffa517 = 13 mask=00ff (pc=018446)
[  62.483] [packet-accepted] total=862 seq=5d flags=04 status=13 pc=01845e command=23 arg=11
[  62.500]   [header-byte] write $ffa517 = 13 mask=00ff (pc=018446)
[  62.500] [packet-accepted] total=863 seq=5e flags=04 status=13 pc=01845e command=23 arg=11
[  62.516]   [header-byte] write $ffa517 = 13 mask=00ff (pc=018446)
[  62.516] [packet-accepted] total=864 seq=5f flags=04 status=13 pc=01845e command=23 arg=11
[  62.533]   [header-byte] write $ffa517 = 13 mask=00ff (pc=018446)
[  62.533] [packet-accepted] total=865 seq=60 flags=04 status=13 pc=01845e command=23 arg=11
[  62.550]   [header-byte] write $ffa517 = 13 mask=00ff (pc=018446)
[  62.550] [packet-accepted] total=866 seq=61 flags=04 status=13 pc=01845e command=23 arg=11
[  62.566]   [header-byte] write $ffa517 = 13 mask=00ff (pc=018446)
[  62.566] [packet-accepted] total=867 seq=62 flags=04 status=13 pc=01845e command=23 arg=11
[  62.583]   [header-byte] write $ffa517 = 13 mask=00ff (pc=018446)
[  62.583] [packet-accepted] total=868 seq=63 flags=04 status=13 pc=01845e command=23 arg=11
[  62.600]   [header-byte] write $ffa517 = 13 mask=00ff (pc=018446)
[  62.600] [packet-accepted] total=869 seq=64 flags=04 status=13 pc=01845e command=23 arg=11
[  62.616]   [header-byte] write $ffa517 = 13 mask=00ff (pc=018446)
[  62.616] [packet-accepted] total=870 seq=65 flags=04 status=13 pc=01845e command=23 arg=11
[  62.633]   [header-byte] write $ffa517 = 13 mask=00ff (pc=018446)
[  62.633] [packet-accepted] total=871 seq=66 flags=04 status=13 pc=01845e command=23 arg=11
[  62.650]   [header-byte] write $ffa517 = 13 mask=00ff (pc=018446)
[  62.650] [packet-accepted] total=872 seq=67 flags=04 status=13 pc=01845e command=23 arg=11
[  62.667]   [header-byte] write $ffa517 = 13 mask=00ff (pc=018446)
[  62.667] [packet-accepted] total=873 seq=68 flags=04 status=13 pc=01845e command=23 arg=11
[  62.683]   [header-byte] write $ffa517 = 13 mask=00ff (pc=018446)
[  62.683] [packet-accepted] total=874 seq=69 flags=04 status=13 pc=01845e command=23 arg=11
[  62.700]   [header-byte] write $ffa517 = 13 mask=00ff (pc=018446)
[  62.700] [packet-accepted] total=875 seq=6a flags=04 status=13 pc=01845e command=23 arg=11
[  62.717]   [header-byte] write $ffa517 = 13 mask=00ff (pc=018446)
[  62.717] [packet-accepted] total=876 seq=6b flags=04 status=13 pc=01845e command=23 arg=11
[  62.733]   [header-byte] write $ffa517 = 13 mask=00ff (pc=018446)
[  62.733] [packet-accepted] total=877 seq=6c flags=04 status=13 pc=01845e command=23 arg=11
[  62.750]   [header-byte] write $ffa517 = 13 mask=00ff (pc=018446)
[  62.750] [packet-accepted] total=878 seq=6d flags=04 status=13 pc=01845e command=23 arg=11
[  62.767]   [header-byte] write $ffa517 = 13 mask=00ff (pc=018446)
[  62.767] [packet-accepted] total=879 seq=6e flags=04 status=13 pc=01845e command=23 arg=11
[  62.785]   [header-byte] write $ffa517 = 13 mask=00ff (pc=018446)
[  62.785] [packet-accepted] total=880 seq=6f flags=04 status=13 pc=01845e command=23 arg=11
[  62.800]   [header-byte] write $ffa517 = 13 mask=00ff (pc=018446)
[  62.800] [packet-accepted] total=881 seq=70 flags=04 status=13 pc=01845e command=23 arg=11
[  62.817]   [header-byte] write $ffa517 = 13 mask=00ff (pc=018446)
[  62.817] [packet-accepted] total=882 seq=71 flags=04 status=13 pc=01845e command=23 arg=11
[  62.833]   [header-byte] write $ffa517 = 13 mask=00ff (pc=018446)
[  62.833] [packet-accepted] total=883 seq=72 flags=04 status=13 pc=01845e command=23 arg=11
[  62.850]   [header-byte] write $ffa517 = 13 mask=00ff (pc=018446)
[  62.850] [packet-accepted] total=884 seq=73 flags=04 status=13 pc=01845e command=23 arg=11
[  62.867]   [header-byte] write $ffa517 = 13 mask=00ff (pc=018446)
[  62.867] [packet-accepted] total=885 seq=74 flags=04 status=13 pc=01845e command=23 arg=11
[  62.883]   [header-byte] write $ffa517 = 13 mask=00ff (pc=018446)
[  62.883] [packet-accepted] total=886 seq=75 flags=04 status=13 pc=01845e command=23 arg=11
[  62.900]   [header-byte] write $ffa517 = 13 mask=00ff (pc=018446)
[  62.900] [packet-accepted] total=887 seq=76 flags=04 status=13 pc=01845e command=23 arg=11
[  62.917]   [header-byte] write $ffa517 = 13 mask=00ff (pc=018446)
[  62.917] [packet-accepted] total=888 seq=77 flags=04 status=13 pc=01845e command=23 arg=11
[  62.933]   [header-byte] write $ffa517 = 13 mask=00ff (pc=018446)
[  62.933] [packet-accepted] total=889 seq=78 flags=04 status=13 pc=01845e command=23 arg=11
[  62.952]   [header-byte] write $ffa517 = 13 mask=00ff (pc=018446)
[  62.952] [packet-accepted] total=890 seq=79 flags=04 status=13 pc=01845e command=23 arg=11
[  62.967]   [header-byte] write $ffa517 = 13 mask=00ff (pc=018446)
[  62.967] [packet-accepted] total=891 seq=7a flags=04 status=13 pc=01845e command=23 arg=11
[  62.984]   [header-byte] write $ffa517 = 13 mask=00ff (pc=018446)
[  62.984] [packet-accepted] total=892 seq=7b flags=04 status=13 pc=01845e command=23 arg=11
[  63.000]   [header-byte] write $ffa517 = 13 mask=00ff (pc=018446)
[  63.000] [packet-accepted] total=893 seq=7c flags=04 status=13 pc=01845e command=23 arg=11
[  63.017]   [header-byte] write $ffa517 = 13 mask=00ff (pc=018446)
[  63.017] [packet-accepted] total=894 seq=7d flags=04 status=13 pc=01845e command=23 arg=11
[  63.034]   [header-byte] write $ffa517 = 13 mask=00ff (pc=018446)
[  63.034] [packet-accepted] total=895 seq=7e flags=04 status=13 pc=01845e command=23 arg=11
[  63.050]   [header-byte] write $ffa517 = 13 mask=00ff (pc=018446)
[  63.050] [packet-accepted] total=896 seq=7f flags=04 status=13 pc=01845e command=23 arg=11
[  63.067]   [header-byte] write $ffa517 = 13 mask=00ff (pc=018446)
[  63.067] [packet-accepted] total=897 seq=80 flags=04 status=13 pc=01845e command=23 arg=11
[  63.081] heartbeat frame=3780 tx=4150 rx=5172 fc=1 fd=10 fe=1 linkflag=82 pc=000288 a502=00 a524=0005 a525=05 a170=08 a17f=00 txtail=0036 rxpend=0000
[  63.081] [transport] captured=4150 flushed=4150 received=5172 accepted=897 payload2=738 payload3=12 payload4=38 payload5=25 pump_reads=4650 bursts=815 txcredit=0 outq=0 inq=0 watchdog=0 txseq=30 rxseq=81 rxcredit=5 protection=00 checks=0000
[  63.081] [epochs] local=1 peer=1 ready=true discarded_rx=0
[  63.081] [tcb-continuations] ffa580=ff80->018392 sleep=0 local26=7710 ffa5c0=ff80->01853c sleep=0 local26=0000 ffd040=ff80->018a40 sleep=0 local26=0300 ffd080=ff80->018ee4 sleep=0 local26=0000 ffd0c0=ff80->018ee4 sleep=0 local26=0000 ffd100=ff80->01fbb4 sleep=0 local26=0000 ffd140=ff80->01fbb6 sleep=0 local26=0002 ffd180=ff80->01fbb6 sleep=0 local26=00a2 ffd1c0=ff80->01fbb6 sleep=0 local26=01c2 ffd200=ff80->01fbb6 sleep=0 local26=02e2 ffd240=ff80->01902e sleep=0 local26=0000 ffd280=ff80->01ffe2 sleep=0 local26=0005 ffd2c0=ff80->020004 sleep=0 local26=0002 ffd300=ff80->020004 sleep=0 local26=0000 ffd340=ff80->01febe sleep=0 local26=0000 ffd380=ff80->01fedc sleep=0 local26=0000 ffd3c0=ff80->01febe sleep=0 local26=0000 ffd400=ff80->01fedc sleep=0 local26=0000
[  63.084]   [header-byte] write $ffa517 = 13 mask=00ff (pc=018446)
[  63.084] [packet-accepted] total=898 seq=81 flags=04 status=13 pc=01845e command=23 arg=11
[  63.101]   [header-byte] write $ffa517 = 13 mask=00ff (pc=018446)
[  63.101] [packet-accepted] total=899 seq=82 flags=04 status=13 pc=01845e command=23 arg=11
[  63.118]   [header-byte] write $ffa517 = 13 mask=00ff (pc=018446)
[  63.118] [packet-accepted] total=900 seq=83 flags=04 status=13 pc=01845e command=23 arg=11
[  63.134]   [header-byte] write $ffa517 = 13 mask=00ff (pc=018446)
[  63.134] [packet-accepted] total=901 seq=84 flags=04 status=13 pc=01845e command=23 arg=11
[  63.150]   [header-byte] write $ffa517 = 13 mask=00ff (pc=018446)
[  63.150] [packet-accepted] total=902 seq=85 flags=04 status=13 pc=01845e command=23 arg=11
[  63.167]   [header-byte] write $ffa517 = 13 mask=00ff (pc=018446)
[  63.167] [packet-accepted] total=903 seq=86 flags=04 status=13 pc=01845e command=23 arg=11
[  63.184]   [header-byte] write $ffa517 = 13 mask=00ff (pc=018446)
[  63.184] [packet-accepted] total=904 seq=87 flags=04 status=13 pc=01845e command=23 arg=11
[  63.200]   [header-byte] write $ffa517 = 13 mask=00ff (pc=018446)
[  63.200] [packet-accepted] total=905 seq=88 flags=04 status=13 pc=01845e command=23 arg=11
[  63.217]   [header-byte] write $ffa517 = 13 mask=00ff (pc=018446)
[  63.217] [packet-accepted] total=906 seq=89 flags=04 status=13 pc=01845e command=23 arg=11
[  63.234]   [header-byte] write $ffa517 = 13 mask=00ff (pc=018446)
[  63.234] [packet-accepted] total=907 seq=8a flags=04 status=13 pc=01845e command=23 arg=11
[  63.252]   [header-byte] write $ffa517 = 13 mask=00ff (pc=018446)
[  63.252] [packet-accepted] total=908 seq=8b flags=04 status=13 pc=01845e command=23 arg=11
[  63.267]   [header-byte] write $ffa517 = 13 mask=00ff (pc=018446)
[  63.267] [packet-accepted] total=909 seq=8c flags=04 status=13 pc=01845e command=23 arg=11
[  63.284]   [header-byte] write $ffa517 = 13 mask=00ff (pc=018446)
[  63.284] [packet-accepted] total=910 seq=8d flags=04 status=13 pc=01845e command=23 arg=11
[  63.301]   [header-byte] write $ffa517 = 13 mask=00ff (pc=018446)
[  63.301] [packet-accepted] total=911 seq=8e flags=04 status=13 pc=01845e command=23 arg=11
[  63.317]   [header-byte] write $ffa517 = 13 mask=00ff (pc=018446)
[  63.317] [packet-accepted] total=912 seq=8f flags=04 status=13 pc=01845e command=23 arg=11
[  63.334]   [header-byte] write $ffa517 = 13 mask=00ff (pc=018446)
[  63.334] [packet-accepted] total=913 seq=90 flags=04 status=13 pc=01845e command=23 arg=11
[  63.351]   [header-byte] write $ffa517 = 13 mask=00ff (pc=018446)
[  63.351] [packet-accepted] total=914 seq=91 flags=04 status=13 pc=01845e command=23 arg=11
[  63.367]   [header-byte] write $ffa517 = 13 mask=00ff (pc=018446)
[  63.367] [packet-accepted] total=915 seq=92 flags=04 status=13 pc=01845e command=23 arg=11
[  63.384]   [header-byte] write $ffa517 = 13 mask=00ff (pc=018446)
[  63.384] [packet-accepted] total=916 seq=93 flags=04 status=13 pc=01845e command=23 arg=11
[  63.401]   [header-byte] write $ffa517 = 13 mask=00ff (pc=018446)
[  63.401] [packet-accepted] total=917 seq=94 flags=04 status=13 pc=01845e command=23 arg=11
[  63.420]   [header-byte] write $ffa517 = 13 mask=00ff (pc=018446)
[  63.420] [packet-accepted] total=918 seq=95 flags=04 status=13 pc=01845e command=23 arg=11
[  63.434]   [header-byte] write $ffa517 = 13 mask=00ff (pc=018446)
[  63.434] [packet-accepted] total=919 seq=96 flags=04 status=13 pc=01845e command=23 arg=11
[  63.451]   [header-byte] write $ffa517 = 13 mask=00ff (pc=018446)
[  63.451] [packet-accepted] total=920 seq=97 flags=04 status=13 pc=01845e command=23 arg=11
[  63.467]   [header-byte] write $ffa517 = 13 mask=00ff (pc=018446)
[  63.467] [packet-accepted] total=921 seq=98 flags=04 status=13 pc=01845e command=23 arg=11
[  63.484]   [header-byte] write $ffa517 = 13 mask=00ff (pc=018446)
[  63.484] [packet-accepted] total=922 seq=99 flags=04 status=13 pc=01845e command=23 arg=11
[  63.501]   [header-byte] write $ffa517 = 13 mask=00ff (pc=018446)
[  63.501] [packet-accepted] total=923 seq=9a flags=04 status=13 pc=01845e command=23 arg=11
[  63.517]   [header-byte] write $ffa517 = 13 mask=00ff (pc=018446)
[  63.517] [packet-accepted] total=924 seq=9b flags=04 status=13 pc=01845e command=23 arg=11
[  63.534]   [header-byte] write $ffa517 = 13 mask=00ff (pc=018446)
[  63.534] [packet-accepted] total=925 seq=9c flags=04 status=13 pc=01845e command=23 arg=11
[  63.551]   [header-byte] write $ffa517 = 13 mask=00ff (pc=018446)
[  63.551] [packet-accepted] total=926 seq=9d flags=04 status=13 pc=01845e command=23 arg=11
[  63.567]   [header-byte] write $ffa517 = 13 mask=00ff (pc=018446)
[  63.568] [packet-accepted] total=927 seq=9e flags=04 status=13 pc=01845e command=23 arg=11
[  63.584]   [header-byte] write $ffa517 = 13 mask=00ff (pc=018446)
[  63.584] [packet-accepted] total=928 seq=9f flags=04 status=13 pc=01845e command=23 arg=11
[  63.601]   [header-byte] write $ffa517 = 13 mask=00ff (pc=018446)
[  63.601] [packet-accepted] total=929 seq=a0 flags=04 status=13 pc=01845e command=23 arg=11
[  63.617]   [header-byte] write $ffa517 = 13 mask=00ff (pc=018446)
[  63.617] [packet-accepted] total=930 seq=a1 flags=04 status=13 pc=01845e command=23 arg=11
[  63.634]   [header-byte] write $ffa517 = 13 mask=00ff (pc=018446)
[  63.634] [packet-accepted] total=931 seq=a2 flags=04 status=13 pc=01845e command=23 arg=11
[  63.651]   [header-byte] write $ffa517 = 13 mask=00ff (pc=018446)
[  63.651] [packet-accepted] total=932 seq=a3 flags=04 status=13 pc=01845e command=23 arg=11
[  63.667]   [header-byte] write $ffa517 = 13 mask=00ff (pc=018446)
[  63.667] [packet-accepted] total=933 seq=a4 flags=04 status=13 pc=01845e command=23 arg=11
[  63.684]   [header-byte] write $ffa517 = 13 mask=00ff (pc=018446)
[  63.684] [packet-accepted] total=934 seq=a5 flags=04 status=13 pc=01845e command=23 arg=11
[  63.701]   [header-byte] write $ffa517 = 13 mask=00ff (pc=018446)
[  63.701] [packet-accepted] total=935 seq=a6 flags=04 status=13 pc=01845e command=23 arg=11
[  63.717]   [header-byte] write $ffa517 = 13 mask=00ff (pc=018446)
[  63.717] [packet-accepted] total=936 seq=a7 flags=04 status=13 pc=01845e command=23 arg=11
[  63.736]   [header-byte] write $ffa517 = 13 mask=00ff (pc=018446)
[  63.736] [packet-accepted] total=937 seq=a8 flags=04 status=13 pc=01845e command=23 arg=11
[  63.751]   [header-byte] write $ffa517 = 13 mask=00ff (pc=018446)
[  63.751] [packet-accepted] total=938 seq=a9 flags=04 status=13 pc=01845e command=23 arg=11
[  63.768]   [header-byte] write $ffa517 = 13 mask=00ff (pc=018446)
[  63.768] [packet-accepted] total=939 seq=aa flags=04 status=13 pc=01845e command=23 arg=11
[  63.784]   [header-byte] write $ffa517 = 13 mask=00ff (pc=018446)
[  63.784] [packet-accepted] total=940 seq=ab flags=04 status=13 pc=01845e command=23 arg=11
[  63.801]   [header-byte] write $ffa517 = 13 mask=00ff (pc=018446)
[  63.801] [packet-accepted] total=941 seq=ac flags=04 status=13 pc=01845e command=23 arg=11
[  63.818]   [header-byte] write $ffa517 = 13 mask=00ff (pc=018446)
[  63.818] [packet-accepted] total=942 seq=ad flags=04 status=13 pc=01845e command=23 arg=11
[  63.834]   [header-byte] write $ffa517 = 13 mask=00ff (pc=018446)
[  63.834] [packet-accepted] total=943 seq=ae flags=04 status=13 pc=01845e command=23 arg=11
[  63.851]   [header-byte] write $ffa517 = 13 mask=00ff (pc=018446)
[  63.851] [packet-accepted] total=944 seq=af flags=04 status=13 pc=01845e command=23 arg=11
[  63.868]   [header-byte] write $ffa517 = 13 mask=00ff (pc=018446)
[  63.868] [packet-accepted] total=945 seq=b0 flags=04 status=13 pc=01845e command=23 arg=11
[  63.886]   [header-byte] write $ffa517 = 13 mask=00ff (pc=018446)
[  63.886] [packet-accepted] total=946 seq=b1 flags=04 status=13 pc=01845e command=23 arg=11
[  63.901]   [header-byte] write $ffa517 = 13 mask=00ff (pc=018446)
[  63.901] [packet-accepted] total=947 seq=b2 flags=04 status=13 pc=01845e command=23 arg=11
[  63.918]   [header-byte] write $ffa517 = 13 mask=00ff (pc=018446)
[  63.918] [packet-accepted] total=948 seq=b3 flags=04 status=13 pc=01845e command=23 arg=11
[  63.935]   [header-byte] write $ffa517 = 13 mask=00ff (pc=018446)
[  63.935] [packet-accepted] total=949 seq=b4 flags=04 status=13 pc=01845e command=23 arg=11
[  63.951]   [header-byte] write $ffa517 = 13 mask=00ff (pc=018446)
[  63.951] [packet-accepted] total=950 seq=b5 flags=04 status=13 pc=01845e command=23 arg=11
[  63.968]   [header-byte] write $ffa517 = 13 mask=00ff (pc=018446)
[  63.968] [packet-accepted] total=951 seq=b6 flags=04 status=13 pc=01845e command=23 arg=11
[  63.985]   [header-byte] write $ffa517 = 13 mask=00ff (pc=018446)
[  63.985] [packet-accepted] total=952 seq=b7 flags=04 status=13 pc=01845e command=23 arg=11
[  64.001]   [header-byte] write $ffa517 = 13 mask=00ff (pc=018446)
[  64.001] [packet-accepted] total=953 seq=b8 flags=04 status=13 pc=01845e command=23 arg=11
[  64.018]   [header-byte] write $ffa517 = 13 mask=00ff (pc=018446)
[  64.018] [packet-accepted] total=954 seq=b9 flags=04 status=13 pc=01845e command=23 arg=11
[  64.035]   [header-byte] write $ffa517 = 13 mask=00ff (pc=018446)
[  64.035] [packet-accepted] total=955 seq=ba flags=04 status=13 pc=01845e command=23 arg=11
[  64.051]   [header-byte] write $ffa517 = 13 mask=00ff (pc=018446)
[  64.051] [packet-accepted] total=956 seq=bb flags=04 status=13 pc=01845e command=23 arg=11
[  64.068]   [header-byte] write $ffa517 = 13 mask=00ff (pc=018446)
[  64.068] [packet-accepted] total=957 seq=bc flags=04 status=13 pc=01845e command=23 arg=11
[  64.083] heartbeat frame=3840 tx=4450 rx=5472 fc=1 fd=10 fe=1 linkflag=82 pc=00028a a502=00 a524=0005 a525=05 a170=08 a17f=00 txtail=0062 rxpend=0000
[  64.083] [transport] captured=4450 flushed=4450 received=5472 accepted=957 payload2=798 payload3=12 payload4=38 payload5=25 pump_reads=4770 bursts=875 txcredit=0 outq=0 inq=0 watchdog=0 txseq=6c rxseq=bd rxcredit=5 protection=00 checks=0000
[  64.083] [epochs] local=1 peer=1 ready=true discarded_rx=0
[  64.083] [tcb-continuations] ffa580=ff80->018392 sleep=0 local26=7710 ffa5c0=ff80->01853c sleep=0 local26=0000 ffd040=ff80->018a40 sleep=0 local26=0300 ffd080=ff80->018ee4 sleep=0 local26=0000 ffd0c0=ff80->018ee4 sleep=0 local26=0000 ffd100=ff80->01fbb4 sleep=0 local26=0000 ffd140=ff80->01fbb6 sleep=0 local26=0002 ffd180=ff80->01fbb6 sleep=0 local26=00a2 ffd1c0=ff80->01fbb6 sleep=0 local26=01c2 ffd200=ff80->01fbb6 sleep=0 local26=02e2 ffd240=ff80->01902e sleep=0 local26=0000 ffd280=ff80->01ffe2 sleep=0 local26=0004 ffd2c0=ff80->020004 sleep=0 local26=0002 ffd300=ff80->020004 sleep=0 local26=0000 ffd340=ff80->01febe sleep=0 local26=0000 ffd380=ff80->01fedc sleep=0 local26=0000 ffd3c0=ff80->01febe sleep=0 local26=0000 ffd400=ff80->01fedc sleep=0 local26=0000
[  64.085]   [header-byte] write $ffa517 = 13 mask=00ff (pc=018446)
[  64.085] [packet-accepted] total=958 seq=bd flags=04 status=13 pc=01845e command=23 arg=11
[  64.101]   [header-byte] write $ffa517 = 13 mask=00ff (pc=018446)
[  64.101] [packet-accepted] total=959 seq=be flags=04 status=13 pc=01845e command=23 arg=11
[  64.118]   [header-byte] write $ffa517 = 13 mask=00ff (pc=018446)
[  64.118] [packet-accepted] total=960 seq=bf flags=04 status=13 pc=01845e command=23 arg=11
[  64.135]   [header-byte] write $ffa517 = 13 mask=00ff (pc=018446)
[  64.135] [packet-accepted] total=961 seq=c0 flags=04 status=13 pc=01845e command=23 arg=11
[  64.151]   [header-byte] write $ffa517 = 13 mask=00ff (pc=018446)
[  64.151] [packet-accepted] total=962 seq=c1 flags=04 status=13 pc=01845e command=23 arg=11
[  64.168]   [header-byte] write $ffa517 = 13 mask=00ff (pc=018446)
[  64.168] [packet-accepted] total=963 seq=c2 flags=04 status=13 pc=01845e command=23 arg=11
[  64.185]   [header-byte] write $ffa517 = 13 mask=00ff (pc=018446)
[  64.185] [packet-accepted] total=964 seq=c3 flags=04 status=13 pc=01845e command=23 arg=11
[  64.203]   [header-byte] write $ffa517 = 13 mask=00ff (pc=018446)
[  64.203] [packet-accepted] total=965 seq=c4 flags=04 status=13 pc=01845e command=23 arg=11
[  64.218]   [header-byte] write $ffa517 = 13 mask=00ff (pc=018446)
[  64.218] [packet-accepted] total=966 seq=c5 flags=04 status=13 pc=01845e command=23 arg=11
[  64.235]   [header-byte] write $ffa517 = 13 mask=00ff (pc=018446)
[  64.235] [packet-accepted] total=967 seq=c6 flags=04 status=13 pc=01845e command=23 arg=11
[  64.252]   [header-byte] write $ffa517 = 13 mask=00ff (pc=018446)
[  64.252] [packet-accepted] total=968 seq=c7 flags=04 status=13 pc=01845e command=23 arg=11
[  64.268]   [header-byte] write $ffa517 = 13 mask=00ff (pc=018446)
[  64.268] [packet-accepted] total=969 seq=c8 flags=04 status=13 pc=01845e command=23 arg=11
[  64.285]   [header-byte] write $ffa517 = 13 mask=00ff (pc=018446)
[  64.285] [packet-accepted] total=970 seq=c9 flags=04 status=13 pc=01845e command=23 arg=11
[  64.302]   [header-byte] write $ffa517 = 13 mask=00ff (pc=018446)
[  64.302] [packet-accepted] total=971 seq=ca flags=04 status=13 pc=01845e command=23 arg=11
[  64.318]   [header-byte] write $ffa517 = 13 mask=00ff (pc=018446)
[  64.318] [packet-accepted] total=972 seq=cb flags=04 status=13 pc=01845e command=23 arg=11
[  64.335]   [header-byte] write $ffa517 = 13 mask=00ff (pc=018446)
[  64.335] [packet-accepted] total=973 seq=cc flags=04 status=13 pc=01845e command=23 arg=11
[  64.352]   [header-byte] write $ffa517 = 13 mask=00ff (pc=018446)
[  64.352] [packet-accepted] total=974 seq=cd flags=04 status=13 pc=01845e command=23 arg=11
[  64.370]   [header-byte] write $ffa517 = 13 mask=00ff (pc=018446)
[  64.370] [packet-accepted] total=975 seq=ce flags=04 status=13 pc=01845e command=23 arg=11
[  64.385]   [header-byte] write $ffa517 = 13 mask=00ff (pc=018446)
[  64.385] [packet-accepted] total=976 seq=cf flags=04 status=13 pc=01845e command=23 arg=11
[  64.402]   [header-byte] write $ffa517 = 13 mask=00ff (pc=018446)
[  64.402] [packet-accepted] total=977 seq=d0 flags=04 status=13 pc=01845e command=23 arg=11
[  64.419]   [header-byte] write $ffa517 = 13 mask=00ff (pc=018446)
[  64.419] [packet-accepted] total=978 seq=d1 flags=04 status=13 pc=01845e command=23 arg=11
[  64.435]   [header-byte] write $ffa517 = 13 mask=00ff (pc=018446)
[  64.435] [packet-accepted] total=979 seq=d2 flags=04 status=13 pc=01845e command=23 arg=11
[  64.452]   [header-byte] write $ffa517 = 13 mask=00ff (pc=018446)
[  64.452] [packet-accepted] total=980 seq=d3 flags=04 status=13 pc=01845e command=23 arg=11
[  64.469]   [header-byte] write $ffa517 = 13 mask=00ff (pc=018446)
[  64.469] [packet-accepted] total=981 seq=d4 flags=04 status=13 pc=01845e command=23 arg=11
[  64.486]   [header-byte] write $ffa517 = 13 mask=00ff (pc=018446)
[  64.486] [packet-accepted] total=982 seq=d5 flags=04 status=13 pc=01845e command=23 arg=11
[  64.502]   [header-byte] write $ffa517 = 13 mask=00ff (pc=018446)
[  64.502] [packet-accepted] total=983 seq=d6 flags=04 status=13 pc=01845e command=23 arg=11
[  64.519]   [header-byte] write $ffa517 = 13 mask=00ff (pc=018446)
[  64.519] [packet-accepted] total=984 seq=d7 flags=04 status=13 pc=01845e command=23 arg=11
[  64.536]   [header-byte] write $ffa517 = 13 mask=00ff (pc=018446)
[  64.536] [packet-accepted] total=985 seq=d8 flags=04 status=13 pc=01845e command=23 arg=11
[  64.552]   [header-byte] write $ffa517 = 13 mask=00ff (pc=018446)
[  64.552] [packet-accepted] total=986 seq=d9 flags=04 status=13 pc=01845e command=23 arg=11
[  64.569]   [header-byte] write $ffa517 = 13 mask=00ff (pc=018446)
[  64.569] [packet-accepted] total=987 seq=da flags=04 status=13 pc=01845e command=23 arg=11
[  64.586]   [header-byte] write $ffa517 = 13 mask=00ff (pc=018446)
[  64.586] [packet-accepted] total=988 seq=db flags=04 status=13 pc=01845e command=23 arg=11
[  64.602]   [header-byte] write $ffa517 = 13 mask=00ff (pc=018446)
[  64.602] [packet-accepted] total=989 seq=dc flags=04 status=13 pc=01845e command=23 arg=11
[  64.620]   [header-byte] write $ffa517 = 13 mask=00ff (pc=018446)
[  64.620] [packet-accepted] total=990 seq=dd flags=04 status=13 pc=01845e command=23 arg=11
[  64.636]   [header-byte] write $ffa517 = 13 mask=00ff (pc=018446)
[  64.636] [packet-accepted] total=991 seq=de flags=04 status=13 pc=01845e command=23 arg=11
[  64.652]   [header-byte] write $ffa517 = 13 mask=00ff (pc=018446)
[  64.652] [packet-accepted] total=992 seq=df flags=04 status=13 pc=01845e command=23 arg=11
[  64.669]   [header-byte] write $ffa517 = 13 mask=00ff (pc=018446)
[  64.669] [packet-accepted] total=993 seq=e0 flags=04 status=13 pc=01845e command=23 arg=11
[  64.687]   [header-byte] write $ffa517 = 13 mask=00ff (pc=018446)
[  64.687] [packet-accepted] total=994 seq=e1 flags=04 status=13 pc=01845e command=23 arg=11
[  64.702]   [header-byte] write $ffa517 = 13 mask=00ff (pc=018446)
[  64.702] [packet-accepted] total=995 seq=e2 flags=04 status=13 pc=01845e command=23 arg=11
[  64.719]   [header-byte] write $ffa517 = 13 mask=00ff (pc=018446)
[  64.719] [packet-accepted] total=996 seq=e3 flags=04 status=13 pc=01845e command=23 arg=11
[  64.736]   [header-byte] write $ffa517 = 13 mask=00ff (pc=018446)
[  64.736] [packet-accepted] total=997 seq=e4 flags=04 status=13 pc=01845e command=23 arg=11
[  64.752]   [header-byte] write $ffa517 = 13 mask=00ff (pc=018446)
[  64.752] [packet-accepted] total=998 seq=e5 flags=04 status=13 pc=01845e command=23 arg=11
[  64.769]   [header-byte] write $ffa517 = 13 mask=00ff (pc=018446)
[  64.769] [packet-accepted] total=999 seq=e6 flags=04 status=13 pc=01845e command=23 arg=11
[  64.786]   [header-byte] write $ffa517 = 13 mask=00ff (pc=018446)
[  64.786] [packet-accepted] total=1000 seq=e7 flags=04 status=13 pc=01845e command=23 arg=11
[  64.802]   [header-byte] write $ffa517 = 13 mask=00ff (pc=018446)
[  64.802] [packet-accepted] total=1001 seq=e8 flags=04 status=13 pc=01845e command=23 arg=11
[  64.819]   [header-byte] write $ffa517 = 13 mask=00ff (pc=018446)
[  64.819] [packet-accepted] total=1002 seq=e9 flags=04 status=13 pc=01845e command=23 arg=11
[  64.839]   [header-byte] write $ffa517 = 13 mask=00ff (pc=018446)
[  64.839] [packet-accepted] total=1003 seq=ea flags=04 status=13 pc=01845e command=23 arg=11
[  64.853]   [header-byte] write $ffa517 = 13 mask=00ff (pc=018446)
[  64.853] [packet-accepted] total=1004 seq=eb flags=04 status=13 pc=01845e command=23 arg=11
[  64.869]   [header-byte] write $ffa517 = 13 mask=00ff (pc=018446)
[  64.869] [packet-accepted] total=1005 seq=ec flags=04 status=13 pc=01845e command=23 arg=11
[  64.886]   [header-byte] write $ffa517 = 13 mask=00ff (pc=018446)
[  64.886] [packet-accepted] total=1006 seq=ed flags=04 status=13 pc=01845e command=23 arg=11
[  64.903]   [header-byte] write $ffa517 = 13 mask=00ff (pc=018446)
[  64.903] [packet-accepted] total=1007 seq=ee flags=04 status=13 pc=01845e command=23 arg=11
[  64.920]   [header-byte] write $ffa517 = 13 mask=00ff (pc=018446)
[  64.920] [packet-accepted] total=1008 seq=ef flags=04 status=13 pc=01845e command=23 arg=11
[  64.936]   [header-byte] write $ffa517 = 13 mask=00ff (pc=018446)
[  64.936] [packet-accepted] total=1009 seq=f0 flags=04 status=13 pc=01845e command=23 arg=11
[  64.953]   [header-byte] write $ffa517 = 13 mask=00ff (pc=018446)
[  64.953] [packet-accepted] total=1010 seq=f1 flags=04 status=13 pc=01845e command=23 arg=11
[  64.970]   [header-byte] write $ffa517 = 13 mask=00ff (pc=018446)
[  64.970] [packet-accepted] total=1011 seq=f2 flags=04 status=13 pc=01845e command=23 arg=11
[  64.986]   [header-byte] write $ffa517 = 13 mask=00ff (pc=018446)
[  64.986] [packet-accepted] total=1012 seq=f3 flags=04 status=13 pc=01845e command=23 arg=11
[  65.003]   [header-byte] write $ffa517 = 13 mask=00ff (pc=018446)
[  65.003] [packet-accepted] total=1013 seq=f4 flags=04 status=13 pc=01845e command=23 arg=11
[  65.020]   [header-byte] write $ffa517 = 13 mask=00ff (pc=018446)
[  65.020] [packet-accepted] total=1014 seq=f5 flags=04 status=13 pc=01845e command=23 arg=11
[  65.036]   [header-byte] write $ffa517 = 13 mask=00ff (pc=018446)
[  65.036] [packet-accepted] total=1015 seq=f6 flags=04 status=13 pc=01845e command=23 arg=11
[  65.053]   [header-byte] write $ffa517 = 13 mask=00ff (pc=018446)
[  65.053] [packet-accepted] total=1016 seq=f7 flags=04 status=13 pc=01845e command=23 arg=11
[  65.070]   [header-byte] write $ffa517 = 13 mask=00ff (pc=018446)
[  65.070] [packet-accepted] total=1017 seq=f8 flags=04 status=13 pc=01845e command=23 arg=11
[  65.084] heartbeat frame=3900 tx=4750 rx=5772 fc=1 fd=10 fe=1 linkflag=82 pc=00028a a502=00 a524=0005 a525=05 a170=08 a17f=00 txtail=008e rxpend=0000
[  65.084] [transport] captured=4750 flushed=4750 received=5772 accepted=1017 payload2=858 payload3=12 payload4=38 payload5=25 pump_reads=4890 bursts=935 txcredit=0 outq=0 inq=0 watchdog=0 txseq=a8 rxseq=f9 rxcredit=5 protection=00 checks=0000
[  65.084] [epochs] local=1 peer=1 ready=true discarded_rx=0
[  65.084] [tcb-continuations] ffa580=ff80->018392 sleep=0 local26=7710 ffa5c0=ff80->01853c sleep=0 local26=0000 ffd040=ff80->018a40 sleep=0 local26=0300 ffd080=ff80->018ee4 sleep=0 local26=0000 ffd0c0=ff80->018ee4 sleep=0 local26=0000 ffd100=ff80->01fbb4 sleep=0 local26=0000 ffd140=ff80->01fbb6 sleep=0 local26=0002 ffd180=ff80->01fbb6 sleep=0 local26=00a2 ffd1c0=ff80->01fbb6 sleep=0 local26=01c2 ffd200=ff80->01fbb6 sleep=0 local26=02e2 ffd240=ff80->01902e sleep=0 local26=0000 ffd280=ff80->01ffe2 sleep=0 local26=0002 ffd2c0=ff80->020004 sleep=0 local26=0002 ffd300=ff80->020004 sleep=0 local26=0000 ffd340=ff80->01febe sleep=0 local26=0000 ffd380=ff80->01fedc sleep=0 local26=0000 ffd3c0=ff80->01febe sleep=0 local26=0000 ffd400=ff80->01fedc sleep=0 local26=0000
[  65.086]   [header-byte] write $ffa517 = 13 mask=00ff (pc=018446)
[  65.086] [packet-accepted] total=1018 seq=f9 flags=04 status=13 pc=01845e command=23 arg=11
[  65.103]   [header-byte] write $ffa517 = 13 mask=00ff (pc=018446)
[  65.103] [packet-accepted] total=1019 seq=fa flags=04 status=13 pc=01845e command=23 arg=11
[  65.120]   [header-byte] write $ffa517 = 13 mask=00ff (pc=018446)
[  65.120] [packet-accepted] total=1020 seq=fb flags=04 status=13 pc=01845e command=23 arg=11
[  65.136]   [header-byte] write $ffa517 = 13 mask=00ff (pc=018446)
[  65.136] [packet-accepted] total=1021 seq=fc flags=04 status=13 pc=01845e command=23 arg=11
[  65.154]   [header-byte] write $ffa517 = 13 mask=00ff (pc=018446)
[  65.154] [packet-accepted] total=1022 seq=fd flags=04 status=13 pc=01845e command=23 arg=11
[  65.170]   [header-byte] write $ffa517 = 13 mask=00ff (pc=018446)
[  65.170] [packet-accepted] total=1023 seq=fe flags=04 status=13 pc=01845e command=23 arg=11
[  65.186]   [header-byte] write $ffa517 = 13 mask=00ff (pc=018446)
[  65.186] [packet-accepted] total=1024 seq=ff flags=04 status=13 pc=01845e command=23 arg=11
[  65.203]   [header-byte] write $ffa517 = 13 mask=00ff (pc=018446)
[  65.203] [packet-accepted] total=1025 seq=00 flags=04 status=13 pc=01845e command=23 arg=11
[  65.220]   [header-byte] write $ffa517 = 13 mask=00ff (pc=018446)
[  65.220] [packet-accepted] total=1026 seq=01 flags=04 status=13 pc=01845e command=23 arg=11
[  65.237]   [header-byte] write $ffa517 = 13 mask=00ff (pc=018446)
[  65.237] [packet-accepted] total=1027 seq=02 flags=04 status=13 pc=01845e command=23 arg=11
[  65.253]   [header-byte] write $ffa517 = 13 mask=00ff (pc=018446)
[  65.253] [packet-accepted] total=1028 seq=03 flags=04 status=13 pc=01845e command=23 arg=11
[  65.270]   [header-byte] write $ffa517 = 13 mask=00ff (pc=018446)
[  65.270] [packet-accepted] total=1029 seq=04 flags=04 status=13 pc=01845e command=23 arg=11
[  65.287]   [header-byte] write $ffa517 = 13 mask=00ff (pc=018446)
[  65.287] [packet-accepted] total=1030 seq=05 flags=04 status=13 pc=01845e command=23 arg=11
[  65.303]   [header-byte] write $ffa517 = 13 mask=00ff (pc=018446)
[  65.303] [packet-accepted] total=1031 seq=06 flags=04 status=13 pc=01845e command=23 arg=11
[  65.320]   [header-byte] write $ffa517 = 13 mask=00ff (pc=018446)
[  65.320] [packet-accepted] total=1032 seq=07 flags=04 status=13 pc=01845e command=23 arg=11
[  65.336]   [header-byte] write $ffa517 = 13 mask=00ff (pc=018446)
[  65.336] [packet-accepted] total=1033 seq=08 flags=04 status=13 pc=01845e command=23 arg=11
[  65.353]   [header-byte] write $ffa517 = 13 mask=00ff (pc=018446)
[  65.353] [packet-accepted] total=1034 seq=09 flags=04 status=13 pc=01845e command=23 arg=11
[  65.370]   [header-byte] write $ffa517 = 13 mask=00ff (pc=018446)
[  65.370] [packet-accepted] total=1035 seq=0a flags=04 status=13 pc=01845e command=23 arg=11
[  65.386]   [header-byte] write $ffa517 = 13 mask=00ff (pc=018446)
[  65.386] [packet-accepted] total=1036 seq=0b flags=04 status=13 pc=01845e command=23 arg=11
[  65.403]   [header-byte] write $ffa517 = 13 mask=00ff (pc=018446)
[  65.403] [packet-accepted] total=1037 seq=0c flags=04 status=13 pc=01845e command=23 arg=11
[  65.420]   [header-byte] write $ffa517 = 13 mask=00ff (pc=018446)
[  65.420] [packet-accepted] total=1038 seq=0d flags=04 status=13 pc=01845e command=23 arg=11
[  65.436]   [header-byte] write $ffa517 = 13 mask=00ff (pc=018446)
[  65.436] [packet-accepted] total=1039 seq=0e flags=04 status=13 pc=01845e command=23 arg=11
[  65.453]   [header-byte] write $ffa517 = 13 mask=00ff (pc=018446)
[  65.453] [packet-accepted] total=1040 seq=0f flags=04 status=13 pc=01845e command=23 arg=11
[  65.470]   [header-byte] write $ffa517 = 13 mask=00ff (pc=018446)
[  65.470] [packet-accepted] total=1041 seq=10 flags=04 status=13 pc=01845e command=23 arg=11
[  65.486]   [header-byte] write $ffa517 = 13 mask=00ff (pc=018446)
[  65.486] [packet-accepted] total=1042 seq=11 flags=04 status=13 pc=01845e command=23 arg=11
[  65.503]   [header-byte] write $ffa517 = 13 mask=00ff (pc=018446)
[  65.503] [packet-accepted] total=1043 seq=12 flags=04 status=13 pc=01845e command=23 arg=11
[  65.520]   [header-byte] write $ffa517 = 13 mask=00ff (pc=018446)
[  65.520] [packet-accepted] total=1044 seq=13 flags=04 status=13 pc=01845e command=23 arg=11
[  65.536]   [header-byte] write $ffa517 = 13 mask=00ff (pc=018446)
[  65.536] [packet-accepted] total=1045 seq=14 flags=04 status=13 pc=01845e command=23 arg=11
[  65.553]   [header-byte] write $ffa517 = 13 mask=00ff (pc=018446)
[  65.553] [packet-accepted] total=1046 seq=15 flags=04 status=13 pc=01845e command=23 arg=11
[  65.570]   [header-byte] write $ffa517 = 13 mask=00ff (pc=018446)
[  65.570] [packet-accepted] total=1047 seq=16 flags=04 status=13 pc=01845e command=23 arg=11
[  65.586]   [header-byte] write $ffa517 = 13 mask=00ff (pc=018446)
[  65.586] [packet-accepted] total=1048 seq=17 flags=04 status=13 pc=01845e command=23 arg=11
[  65.603]   [header-byte] write $ffa517 = 13 mask=00ff (pc=018446)
[  65.603] [packet-accepted] total=1049 seq=18 flags=04 status=13 pc=01845e command=23 arg=11
[  65.620]   [header-byte] write $ffa517 = 13 mask=00ff (pc=018446)
[  65.620] [packet-accepted] total=1050 seq=19 flags=04 status=13 pc=01845e command=23 arg=11
[  65.637]   [header-byte] write $ffa517 = 13 mask=00ff (pc=018446)
[  65.637] [packet-accepted] total=1051 seq=1a flags=04 status=13 pc=01845e command=23 arg=11
[  65.653]   [header-byte] write $ffa517 = 13 mask=00ff (pc=018446)
[  65.653] [packet-accepted] total=1052 seq=1b flags=04 status=13 pc=01845e command=23 arg=11
[  65.670]   [header-byte] write $ffa517 = 13 mask=00ff (pc=018446)
[  65.670] [packet-accepted] total=1053 seq=1c flags=04 status=13 pc=01845e command=23 arg=11
[  65.687]   [header-byte] write $ffa517 = 13 mask=00ff (pc=018446)
[  65.687] [packet-accepted] total=1054 seq=1d flags=04 status=13 pc=01845e command=23 arg=11
[  65.703]   [header-byte] write $ffa517 = 13 mask=00ff (pc=018446)
[  65.703] [packet-accepted] total=1055 seq=1e flags=04 status=13 pc=01845e command=23 arg=11
[  65.720]   [header-byte] write $ffa517 = 13 mask=00ff (pc=018446)
[  65.720] [packet-accepted] total=1056 seq=1f flags=04 status=13 pc=01845e command=23 arg=11
[  65.737]   [header-byte] write $ffa517 = 13 mask=00ff (pc=018446)
[  65.737] [packet-accepted] total=1057 seq=20 flags=04 status=13 pc=01845e command=23 arg=11
[  65.753]   [header-byte] write $ffa517 = 13 mask=00ff (pc=018446)
[  65.753] [packet-accepted] total=1058 seq=21 flags=04 status=13 pc=01845e command=23 arg=11
[  65.770]   [header-byte] write $ffa517 = 13 mask=00ff (pc=018446)
[  65.770] [packet-accepted] total=1059 seq=22 flags=04 status=13 pc=01845e command=23 arg=11
[  65.788]   [header-byte] write $ffa517 = 13 mask=00ff (pc=018446)
[  65.788] [packet-accepted] total=1060 seq=23 flags=04 status=13 pc=01845e command=23 arg=11
[  65.804]   [header-byte] write $ffa517 = 13 mask=00ff (pc=018446)
[  65.804] [packet-accepted] total=1061 seq=24 flags=04 status=13 pc=01845e command=23 arg=11
[  65.820]   [header-byte] write $ffa517 = 13 mask=00ff (pc=018446)
[  65.820] [packet-accepted] total=1062 seq=25 flags=04 status=13 pc=01845e command=23 arg=11
[  65.837]   [header-byte] write $ffa517 = 13 mask=00ff (pc=018446)
[  65.837] [packet-accepted] total=1063 seq=26 flags=04 status=13 pc=01845e command=23 arg=11
[  65.854]   [header-byte] write $ffa517 = 13 mask=00ff (pc=018446)
[  65.854] [packet-accepted] total=1064 seq=27 flags=04 status=13 pc=01845e command=23 arg=11
[  65.870]   [header-byte] write $ffa517 = 13 mask=00ff (pc=018446)
[  65.870] [packet-accepted] total=1065 seq=28 flags=04 status=13 pc=01845e command=23 arg=11
[  65.887]   [header-byte] write $ffa517 = 13 mask=00ff (pc=018446)
[  65.887] [packet-accepted] total=1066 seq=29 flags=04 status=13 pc=01845e command=23 arg=11
[  65.904]   [header-byte] write $ffa517 = 13 mask=00ff (pc=018446)
[  65.904] [packet-accepted] total=1067 seq=2a flags=04 status=13 pc=01845e command=23 arg=11
[  65.920]   [header-byte] write $ffa517 = 13 mask=00ff (pc=018446)
[  65.920] [packet-accepted] total=1068 seq=2b flags=04 status=13 pc=01845e command=23 arg=11
[  65.937]   [header-byte] write $ffa517 = 13 mask=00ff (pc=018446)
[  65.937] [packet-accepted] total=1069 seq=2c flags=04 status=13 pc=01845e command=23 arg=11
[  65.954]   [header-byte] write $ffa517 = 13 mask=00ff (pc=018446)
[  65.954] [packet-accepted] total=1070 seq=2d flags=04 status=13 pc=01845e command=23 arg=11
[  65.970]   [header-byte] write $ffa517 = 13 mask=00ff (pc=018446)
[  65.970] [packet-accepted] total=1071 seq=2e flags=04 status=13 pc=01845e command=23 arg=11
[  65.987]   [header-byte] write $ffa517 = 13 mask=00ff (pc=018446)
[  65.987] [packet-accepted] total=1072 seq=2f flags=04 status=13 pc=01845e command=23 arg=11
[  66.004]   [header-byte] write $ffa517 = 13 mask=00ff (pc=018446)
[  66.004] [packet-accepted] total=1073 seq=30 flags=04 status=13 pc=01845e command=23 arg=11
[  66.021]   [header-byte] write $ffa517 = 13 mask=00ff (pc=018446)
[  66.021] [packet-accepted] total=1074 seq=31 flags=04 status=13 pc=01845e command=23 arg=11
[  66.037]   [header-byte] write $ffa517 = 13 mask=00ff (pc=018446)
[  66.037] [packet-accepted] total=1075 seq=32 flags=04 status=13 pc=01845e command=23 arg=11
[  66.054]   [header-byte] write $ffa517 = 13 mask=00ff (pc=018446)
[  66.054] [packet-accepted] total=1076 seq=33 flags=04 status=13 pc=01845e command=23 arg=11
[  66.071]   [header-byte] write $ffa517 = 13 mask=00ff (pc=018446)
[  66.071] [packet-accepted] total=1077 seq=34 flags=04 status=13 pc=01845e command=23 arg=11
[  66.085] heartbeat frame=3960 tx=5050 rx=6072 fc=1 fd=10 fe=1 linkflag=82 pc=00028a a502=00 a524=0005 a525=05 a170=08 a17f=00 txtail=00ba rxpend=0000
[  66.085] [transport] captured=5050 flushed=5050 received=6072 accepted=1077 payload2=918 payload3=12 payload4=38 payload5=25 pump_reads=5010 bursts=995 txcredit=0 outq=0 inq=0 watchdog=0 txseq=e4 rxseq=35 rxcredit=5 protection=00 checks=0000
[  66.085] [epochs] local=1 peer=1 ready=true discarded_rx=0
[  66.085] [tcb-continuations] ffa580=ff80->018392 sleep=0 local26=7710 ffa5c0=ff80->01853c sleep=0 local26=0000 ffd040=ff80->018a40 sleep=0 local26=0300 ffd080=ff80->018ee4 sleep=0 local26=0000 ffd0c0=ff80->018ee4 sleep=0 local26=0000 ffd100=ff80->01fbb4 sleep=0 local26=0000 ffd140=ff80->01fbb6 sleep=0 local26=0002 ffd180=ff80->01fbb6 sleep=0 local26=00a2 ffd1c0=ff80->01fbb6 sleep=0 local26=01c2 ffd200=ff80->01fbb6 sleep=0 local26=02e2 ffd240=ff80->01902e sleep=0 local26=0000 ffd280=ff80->01ffe2 sleep=0 local26=0001 ffd2c0=ff80->020004 sleep=0 local26=0002 ffd300=ff80->020004 sleep=0 local26=0000 ffd340=ff80->01febe sleep=0 local26=0000 ffd380=ff80->01fedc sleep=0 local26=0000 ffd3c0=ff80->01febe sleep=0 local26=0000 ffd400=ff80->01fedc sleep=0 local26=0000
[  66.087]   [header-byte] write $ffa517 = 13 mask=00ff (pc=018446)
[  66.087] [packet-accepted] total=1078 seq=35 flags=04 status=13 pc=01845e command=23 arg=11
[  66.104]   [header-byte] write $ffa517 = 13 mask=00ff (pc=018446)
[  66.104] [packet-accepted] total=1079 seq=36 flags=04 status=13 pc=01845e command=23 arg=11
[  66.122]   [header-byte] write $ffa517 = 13 mask=00ff (pc=018446)
[  66.122] [packet-accepted] total=1080 seq=37 flags=04 status=13 pc=01845e command=23 arg=11
[  66.138]   [header-byte] write $ffa517 = 13 mask=00ff (pc=018446)
[  66.138] [packet-accepted] total=1081 seq=38 flags=04 status=13 pc=01845e command=23 arg=11
[  66.154]   [header-byte] write $ffa517 = 13 mask=00ff (pc=018446)
[  66.154] [packet-accepted] total=1082 seq=39 flags=04 status=13 pc=01845e command=23 arg=11
[  66.171]   [header-byte] write $ffa517 = 13 mask=00ff (pc=018446)
[  66.171] [packet-accepted] total=1083 seq=3a flags=04 status=13 pc=01845e command=23 arg=11
[  66.187]   [header-byte] write $ffa517 = 13 mask=00ff (pc=018446)
[  66.187] [packet-accepted] total=1084 seq=3b flags=04 status=13 pc=01845e command=23 arg=11
[  66.204]   [header-byte] write $ffa517 = 13 mask=00ff (pc=018446)
[  66.204] [packet-accepted] total=1085 seq=3c flags=04 status=13 pc=01845e command=23 arg=11
[  66.221]   [header-byte] write $ffa517 = 13 mask=00ff (pc=018446)
[  66.221] [packet-accepted] total=1086 seq=3d flags=04 status=13 pc=01845e command=23 arg=11
[  66.237]   [header-byte] write $ffa517 = 13 mask=00ff (pc=018446)
[  66.237] [packet-accepted] total=1087 seq=3e flags=04 status=13 pc=01845e command=63 arg=11
[  66.237] [game-command] data=4343 mask=ff00 pc=018b72 requests=04
[  66.256]   [header-byte] write $ffa517 = 10 mask=00ff (pc=018446)
[  66.256] [packet-accepted] total=1088 seq=3f flags=04 status=10 pc=01845e command=63 arg=11
[  66.256]   [header-byte] write $ffa513 = 10 mask=00ff (pc=018d88)
[  66.772]   [header-byte] write $ffa517 = 54 mask=00ff (pc=018446)
[  67.086] heartbeat frame=4020 tx=5113 rx=6130 fc=1 fd=10 fe=1 linkflag=82 pc=00028a a502=00 a524=0000 a525=00 a170=08 a17f=00 txtail=00f9 rxpend=0000
[  67.086] [transport] captured=5113 flushed=5113 received=6130 accepted=1089 payload2=929 payload3=12 payload4=38 payload5=25 pump_reads=5082 bursts=1008 txcredit=0 outq=0 inq=0 watchdog=18 txseq=f0 rxseq=41 rxcredit=0 protection=00 checks=0000
[  67.086] [epochs] local=1 peer=1 ready=true discarded_rx=0
[  67.086] [game-state] a142=04 a13e=00 a13f=00 a530=4323 a506=03 a507=00 a508=01 a7b0=0022 a7a6=6311 script=01a39e
[  67.086] [tcb-continuations] ffa580=ff80->018392 sleep=0 local26=7710 ffa5c0=ff80->01853c sleep=0 local26=1300 ffd040=ff80->018e08 sleep=151 local26=0300 ffd100=ff80->01fbb4 sleep=0 local26=0000 ffd140=ff80->01fbb6 sleep=0 local26=0002 ffd180=ff80->01fbb6 sleep=0 local26=00a2 ffd1c0=ff80->01fbb6 sleep=0 local26=01c2 ffd200=ff80->01fbb6 sleep=0 local26=02e2 ffd240=ff80->01902e sleep=0 local26=0000 ffd280=ff80->027726 sleep=0 local26=0001
[  67.305]   [header-byte] write $ffa517 = 54 mask=00ff (pc=018446)
[  67.713]   [menu-state] write $ffa170 = 0000 mask=ff00 (pc=01afb6)
[  67.713]   [menu-state] write $ffa170 = 8787 mask=ff00 (pc=01afce)
[  67.713]   [menu-state] write $ffa176 = 0000 mask=ff00 (pc=01afde)
[  67.713]   [header-byte] write $ffa513 = 00 mask=00ff (pc=01afe6)
[  67.713]   [header-byte] write $ffa513 = 10 mask=00ff (pc=01affe)
[  67.713]   [header-byte] write $ffa513 = 50 mask=00ff (pc=01b022)
[  67.713]   [header-byte] write $ffa513 = 54 mask=00ff (pc=01b044)
[  67.713]   [menu-state] write $ffa170 = 0909 mask=ff00 (pc=018062)
[  67.713]   [menu-state] write $ffa176 = 0000 mask=ff00 (pc=01afde)
[  67.713]   [header-byte] write $ffa513 = 00 mask=00ff (pc=01afe6)
[  67.713]   [header-byte] write $ffa513 = 10 mask=00ff (pc=01affe)
[  67.713]   [header-byte] write $ffa513 = 11 mask=00ff (pc=01b034)
[  67.746] [protection-checksum] data=0101 mask=00ff pc=01b0bc
[  67.747] [protection-checksum] data=0000 mask=00ff pc=01b11a
[  67.809]   [header-byte] write $ffa517 = 54 mask=00ff (pc=018446)
[  68.088] heartbeat frame=4080 tx=5119 rx=6136 fc=1 fd=10 fe=1 linkflag=82 pc=00028a a502=00 a524=0000 a525=00 a170=09 a17f=00 txtail=00ff rxpend=0000
[  68.088] [transport] captured=5119 flushed=5119 received=6136 accepted=1091 payload2=929 payload3=12 payload4=38 payload5=25 pump_reads=5144 bursts=1010 txcredit=0 outq=0 inq=0 watchdog=16 txseq=f2 rxseq=43 rxcredit=0 protection=00 checks=0000
[  68.088] [epochs] local=1 peer=1 ready=true discarded_rx=0
[  68.088] [game-state] a142=04 a13e=00 a13f=00 a530=4323 a506=03 a507=00 a508=01 a7b0=0022 a7a6=6311 script=01a004
[  68.088] [tcb-continuations] ffa580=ff80->018392 sleep=0 local26=7710 ffa5c0=ff80->01853c sleep=0 local26=1300 ffd100=ff80->01b4ee sleep=0 local26=0000 ffd140=ff80->00628e sleep=0 local26=00a0
[  68.306]   [header-byte] write $ffa517 = 54 mask=00ff (pc=018446)
[  68.806]   [header-byte] write $ffa517 = 54 mask=00ff (pc=018446)
[  69.089] heartbeat frame=4140 tx=5125 rx=6142 fc=1 fd=10 fe=1 linkflag=82 pc=000288 a502=00 a524=0000 a525=00 a170=09 a17f=00 txtail=0005 rxpend=0000
[  69.089] [transport] captured=5125 flushed=5125 received=6142 accepted=1093 payload2=929 payload3=12 payload4=38 payload5=25 pump_reads=5206 bursts=1012 txcredit=0 outq=0 inq=0 watchdog=16 txseq=f4 rxseq=45 rxcredit=0 protection=00 checks=0000
[  69.089] [epochs] local=1 peer=1 ready=true discarded_rx=0
[  69.089] [tcb-continuations] ffa580=ff80->018392 sleep=0 local26=7710 ffa5c0=ff80->01853c sleep=0 local26=1300 ffd100=ff80->01b4ee sleep=0 local26=0000 ffd140=ff80->00628e sleep=0 local26=0064
[  69.307]   [header-byte] write $ffa517 = 54 mask=00ff (pc=018446)
[  69.807]   [header-byte] write $ffa517 = 54 mask=00ff (pc=018446)
[  70.090] heartbeat frame=4200 tx=5131 rx=6148 fc=1 fd=10 fe=1 linkflag=82 pc=000288 a502=00 a524=0000 a525=00 a170=09 a17f=00 txtail=000b rxpend=0000
[  70.090] [transport] captured=5131 flushed=5131 received=6148 accepted=1095 payload2=929 payload3=12 payload4=38 payload5=25 pump_reads=5268 bursts=1014 txcredit=0 outq=0 inq=0 watchdog=16 txseq=f6 rxseq=47 rxcredit=0 protection=00 checks=0000
[  70.090] [epochs] local=1 peer=1 ready=true discarded_rx=0
[  70.090] [tcb-continuations] ffa580=ff80->018392 sleep=0 local26=7710 ffa5c0=ff80->01853c sleep=0 local26=1300 ffd100=ff80->01b4ee sleep=0 local26=0000 ffd140=ff80->00628e sleep=0 local26=0028
[  70.625]   [header-byte] write $ffa517 = 54 mask=00ff (pc=018446)
[  71.092] heartbeat frame=4260 tx=5137 rx=6151 fc=1 fd=10 fe=1 linkflag=82 pc=000ff4 a502=00 a524=0000 a525=00 a170=09 a17f=00 txtail=0011 rxpend=0000
[  71.092] [transport] captured=5137 flushed=5137 received=6151 accepted=1096 payload2=929 payload3=12 payload4=38 payload5=25 pump_reads=5329 bursts=1016 txcredit=0 outq=0 inq=0 watchdog=26 txseq=f8 rxseq=48 rxcredit=0 protection=00 checks=0000
[  71.092] [epochs] local=1 peer=1 ready=true discarded_rx=0
[  71.092] [game-state] a142=04 a13e=00 a13f=00 a530=4323 a506=03 a507=00 a508=01 a7b0=0022 a7a6=6311 script=01f582
[  71.092] [tcb-continuations] ffa580=ff80->018392 sleep=0 local26=7710 ffa5c0=ff80->01853c sleep=0 local26=1200 ffd100=ff80->018fcc sleep=0 local26=0000 ffd140=ff80->025066 sleep=0 local26=0000 ffd180=ff80->024fe2 sleep=0 local26=0000
[  71.130]   [header-byte] write $ffa517 = 54 mask=00ff (pc=018446)
[  71.626]   [header-byte] write $ffa517 = 54 mask=00ff (pc=018446)
[  72.093] heartbeat frame=4320 tx=5143 rx=6157 fc=1 fd=10 fe=1 linkflag=82 pc=00028a a502=00 a524=0000 a525=00 a170=09 a17f=00 txtail=0017 rxpend=0000
[  72.093] [transport] captured=5143 flushed=5143 received=6157 accepted=1098 payload2=929 payload3=12 payload4=38 payload5=25 pump_reads=5391 bursts=1018 txcredit=0 outq=0 inq=0 watchdog=27 txseq=fa rxseq=4a rxcredit=0 protection=00 checks=0000
[  72.093] [epochs] local=1 peer=1 ready=true discarded_rx=0
[  72.093] [tcb-continuations] ffa580=ff80->018392 sleep=0 local26=7710 ffa5c0=ff80->01853c sleep=0 local26=1200 ffd100=ff80->018fcc sleep=0 local26=0000 ffd140=ff80->0250ba sleep=109 local26=0000 ffd180=ff80->024fe2 sleep=0 local26=0000
[  72.127]   [header-byte] write $ffa517 = 54 mask=00ff (pc=018446)
[  72.628]   [header-byte] write $ffa517 = 54 mask=00ff (pc=018446)
[  73.094] heartbeat frame=4380 tx=5149 rx=6163 fc=1 fd=10 fe=1 linkflag=82 pc=00028a a502=00 a524=0000 a525=00 a170=09 a17f=00 txtail=001d rxpend=0000
[  73.094] [transport] captured=5149 flushed=5149 received=6163 accepted=1100 payload2=929 payload3=12 payload4=38 payload5=25 pump_reads=5453 bursts=1020 txcredit=0 outq=0 inq=0 watchdog=27 txseq=fc rxseq=4c rxcredit=0 protection=00 checks=0000
[  73.094] [epochs] local=1 peer=1 ready=true discarded_rx=0
[  73.094] [tcb-continuations] ffa580=ff80->018392 sleep=0 local26=7710 ffa5c0=ff80->01853c sleep=0 local26=1200 ffd100=ff80->018fcc sleep=0 local26=0000 ffd140=ff80->0250ba sleep=49 local26=0000 ffd180=ff80->024fe2 sleep=0 local26=0000
[  73.162]   [header-byte] write $ffa517 = 54 mask=00ff (pc=018446)
[  73.662]   [header-byte] write $ffa517 = 54 mask=00ff (pc=018446)
[  74.095] heartbeat frame=4440 tx=5155 rx=6169 fc=1 fd=10 fe=1 linkflag=82 pc=000ff4 a502=00 a524=0000 a525=00 a170=09 a17f=00 txtail=0023 rxpend=0000
[  74.095] [transport] captured=5155 flushed=5155 received=6169 accepted=1102 payload2=929 payload3=12 payload4=38 payload5=25 pump_reads=5515 bursts=1022 txcredit=0 outq=0 inq=0 watchdog=23 txseq=fe rxseq=4e rxcredit=0 protection=00 checks=0000
[  74.095] [epochs] local=1 peer=1 ready=true discarded_rx=0
[  74.095] [game-state] a142=04 a13e=00 a13f=00 a530=4323 a506=03 a507=00 a508=01 a7b0=0022 a7a6=6311 script=01f5ba
[  74.095] [tcb-continuations] ffa580=ff80->018392 sleep=0 local26=7710 ffa5c0=ff80->01853c sleep=0 local26=1000 ffd100=ff80->018fba sleep=0 local26=0000
[  74.496]   [header-byte] write $ffa517 = 54 mask=00ff (pc=018446)
[  74.496] [packet-accepted] total=1103 seq=4e flags=04 status=54 pc=01845e command=78 arg=11
[  74.496]   [header-byte] write $ffa517 = 54 mask=00ff (pc=018446)
[  74.496] [packet-accepted] total=1104 seq=4f flags=04 status=54 pc=01845e command=78 arg=11
[  74.496]   [header-byte] write $ffa517 = 54 mask=00ff (pc=018446)
[  74.496] [packet-accepted] total=1105 seq=50 flags=04 status=54 pc=01845e command=78 arg=11
[  74.700]   [header-byte] write $ffa517 = 54 mask=00ff (pc=018446)
[  75.097] heartbeat frame=4500 tx=5158 rx=6187 fc=1 fd=10 fe=1 linkflag=82 pc=000288 a502=00 a524=0000 a525=00 a170=09 a17f=00 txtail=0026 rxpend=0000
[  75.097] [transport] captured=5158 flushed=5158 received=6187 accepted=1106 payload2=932 payload3=12 payload4=38 payload5=25 pump_reads=5579 bursts=1023 txcredit=0 outq=0 inq=0 watchdog=23 txseq=ff rxseq=52 rxcredit=0 protection=00 checks=0000
[  75.097] [epochs] local=1 peer=1 ready=true discarded_rx=0
[  75.097] [game-state] a142=04 a13e=00 a13f=00 a530=4323 a506=03 a507=00 a508=01 a7b0=7811 a7a6=6311 script=01f5da
[  75.097] [tcb-continuations] ffa580=ff80->018392 sleep=0 local26=7710 ffa5c0=ff80->01853c sleep=0 local26=1700 ffd100=ff80->018fcc sleep=0 local26=0000 ffd140=ff80->025b5c sleep=4 local26=0000 ffd180=ff80->02558e sleep=0 local26=0000 ffd1c0=ff80->02527a sleep=0 local26=00e8 ffd200=ff80->02527a sleep=0 local26=0170 ffd240=ff00->027736 sleep=0 local26=0002
[  75.199]   [header-byte] write $ffa517 = 54 mask=00ff (pc=018446)
[  75.700]   [header-byte] write $ffa517 = 54 mask=00ff (pc=018446)
[  76.098] heartbeat frame=4560 tx=5164 rx=6193 fc=1 fd=10 fe=1 linkflag=82 pc=00028a a502=00 a524=0000 a525=00 a170=09 a17f=00 txtail=002c rxpend=0000
[  76.098] [transport] captured=5164 flushed=5164 received=6193 accepted=1108 payload2=932 payload3=12 payload4=38 payload5=25 pump_reads=5641 bursts=1025 txcredit=0 outq=0 inq=0 watchdog=23 txseq=01 rxseq=54 rxcredit=0 protection=00 checks=0000
[  76.098] [epochs] local=1 peer=1 ready=true discarded_rx=0
[  76.098] [tcb-continuations] ffa580=ff80->018392 sleep=0 local26=7710 ffa5c0=ff80->01853c sleep=0 local26=0800 ffd100=ff80->018fcc sleep=0 local26=0000 ffd140=ff80->025be6 sleep=37 local26=0000 ffd180=ff80->02558e sleep=0 local26=0000 ffd1c0=ff80->02585c sleep=0 local26=0000 ffd200=ff80->02585c sleep=0 local26=0001
[  76.201]   [header-byte] write $ffa517 = 54 mask=00ff (pc=018446)
[  76.702]   [header-byte] write $ffa517 = 54 mask=00ff (pc=018446)
[  77.099] heartbeat frame=4620 tx=5167 rx=6199 fc=1 fd=10 fe=1 linkflag=82 pc=000fee a502=00 a524=0000 a525=00 a170=09 a17f=00 txtail=002f rxpend=0000
[  77.099] [transport] captured=5167 flushed=5167 received=6199 accepted=1110 payload2=932 payload3=12 payload4=38 payload5=25 pump_reads=5703 bursts=1026 txcredit=0 outq=0 inq=0 watchdog=9 txseq=02 rxseq=56 rxcredit=0 protection=00 checks=0000
[  77.099] [epochs] local=1 peer=1 ready=true discarded_rx=0
[  77.099] [tcb-continuations] ffa580=ff80->018392 sleep=0 local26=7710 ffa5c0=ff80->01853c sleep=0 local26=1800 ffd100=ff80->018fcc sleep=0 local26=0000 ffd140=ff80->025c32 sleep=0 local26=0000 ffd180=ff80->02558e sleep=0 local26=0000
[  77.216]   [header-byte] write $ffa517 = 54 mask=00ff (pc=018446)
[  77.703]   [header-byte] write $ffa517 = 54 mask=00ff (pc=018446)
[  78.101] heartbeat frame=4680 tx=5173 rx=6205 fc=1 fd=10 fe=1 linkflag=82 pc=000288 a502=00 a524=0000 a525=00 a170=09 a17f=00 txtail=0035 rxpend=0000
[  78.101] [transport] captured=5173 flushed=5173 received=6205 accepted=1112 payload2=932 payload3=12 payload4=38 payload5=25 pump_reads=5765 bursts=1028 txcredit=0 outq=0 inq=0 watchdog=7 txseq=04 rxseq=58 rxcredit=0 protection=00 checks=0000
[  78.101] [epochs] local=1 peer=1 ready=true discarded_rx=0
[  78.101] [tcb-continuations] ffa580=ff80->018392 sleep=0 local26=7710 ffa5c0=ff80->01853c sleep=0 local26=0400 ffd100=ff80->018fcc sleep=0 local26=0000 ffd140=ff80->025d3c sleep=0 local26=0000 ffd180=ff80->02558e sleep=0 local26=0000
[  78.203]   [header-byte] write $ffa517 = 54 mask=00ff (pc=018446)
[  78.704]   [header-byte] write $ffa517 = 54 mask=00ff (pc=018446)
[  79.102] heartbeat frame=4740 tx=5179 rx=6211 fc=1 fd=10 fe=1 linkflag=82 pc=00028a a502=00 a524=0000 a525=00 a170=09 a17f=00 txtail=003b rxpend=0000
[  79.102] [transport] captured=5179 flushed=5179 received=6211 accepted=1114 payload2=932 payload3=12 payload4=38 payload5=25 pump_reads=5827 bursts=1030 txcredit=0 outq=0 inq=0 watchdog=23 txseq=06 rxseq=5a rxcredit=0 protection=00 checks=0000
[  79.102] [epochs] local=1 peer=1 ready=true discarded_rx=0
[  79.102] [tcb-continuations] ffa580=ff80->018392 sleep=0 local26=7710 ffa5c0=ff80->01853c sleep=0 local26=0400 ffd100=ff80->018fcc sleep=0 local26=0000 ffd140=ff80->025d88 sleep=8 local26=0000 ffd180=ff80->02558e sleep=0 local26=0000 ffd1c0=ff80->02585c sleep=0 local26=0000 ffd200=ff80->02585c sleep=0 local26=0001
[  79.204]   [header-byte] write $ffa517 = 54 mask=00ff (pc=018446)
[  79.728]   [header-byte] write $ffa517 = 54 mask=00ff (pc=018446)
[  80.103] heartbeat frame=4800 tx=5182 rx=6217 fc=1 fd=10 fe=1 linkflag=82 pc=00028a a502=00 a524=0000 a525=00 a170=09 a17f=00 txtail=003e rxpend=0000
[  80.103] [transport] captured=5182 flushed=5182 received=6217 accepted=1116 payload2=932 payload3=12 payload4=38 payload5=25 pump_reads=5889 bursts=1031 txcredit=0 outq=0 inq=0 watchdog=22 txseq=07 rxseq=5c rxcredit=0 protection=00 checks=0000
[  80.103] [epochs] local=1 peer=1 ready=true discarded_rx=0
[  80.103] [tcb-continuations] ffa580=ff80->018392 sleep=0 local26=7710 ffa5c0=ff80->01853c sleep=0 local26=1000 ffd100=ff80->018fcc sleep=0 local26=0000 ffd140=ff80->025de6 sleep=0 local26=0000 ffd180=ff80->02558e sleep=0 local26=0000 ffd1c0=ff80->02547c sleep=0 local26=0000 ffd200=ff80->027736 sleep=0 local26=0002 ffd240=ff80->02533c sleep=0 local26=0108
[  80.206]   [header-byte] write $ffa517 = 54 mask=00ff (pc=018446)
[  80.705]   [header-byte] write $ffa517 = 54 mask=00ff (pc=018446)
[  81.104] heartbeat frame=4860 tx=5188 rx=6223 fc=1 fd=10 fe=1 linkflag=82 pc=00028a a502=00 a524=0000 a525=00 a170=09 a17f=00 txtail=0044 rxpend=0000
[  81.104] [transport] captured=5188 flushed=5188 received=6223 accepted=1118 payload2=932 payload3=12 payload4=38 payload5=25 pump_reads=5951 bursts=1033 txcredit=0 outq=0 inq=0 watchdog=23 txseq=09 rxseq=5e rxcredit=0 protection=00 checks=0000
[  81.104] [epochs] local=1 peer=1 ready=true discarded_rx=0
[  81.206]   [header-byte] write $ffa517 = 54 mask=00ff (pc=018446)
[  81.707]   [header-byte] write $ffa517 = 54 mask=00ff (pc=018446)
[  82.106] heartbeat frame=4920 tx=5194 rx=6229 fc=1 fd=10 fe=1 linkflag=82 pc=00028a a502=00 a524=0000 a525=00 a170=09 a17f=00 txtail=004a rxpend=0000
[  82.106] [transport] captured=5194 flushed=5194 received=6229 accepted=1120 payload2=932 payload3=12 payload4=38 payload5=25 pump_reads=6013 bursts=1035 txcredit=0 outq=0 inq=0 watchdog=23 txseq=0b rxseq=60 rxcredit=0 protection=00 checks=0000
[  82.106] [epochs] local=1 peer=1 ready=true discarded_rx=0
[  82.106] [tcb-continuations] ffa580=ff80->018392 sleep=0 local26=7710 ffa5c0=ff80->01853c sleep=0 local26=1000 ffd100=ff80->018fcc sleep=0 local26=0000 ffd140=ff80->025de6 sleep=0 local26=0000 ffd180=ff80->02558e sleep=0 local26=0000 ffd1c0=ff80->02549a sleep=64 local26=0000 ffd200=ff80->027736 sleep=0 local26=0002 ffd240=ff80->02535e sleep=0 local26=0108
[  82.208]   [header-byte] write $ffa517 = 54 mask=00ff (pc=018446)
[  82.709]   [header-byte] write $ffa517 = 54 mask=00ff (pc=018446)
[  83.107] heartbeat frame=4980 tx=5200 rx=6235 fc=1 fd=10 fe=1 linkflag=82 pc=00028a a502=00 a524=0000 a525=00 a170=09 a17f=00 txtail=0050 rxpend=0000
[  83.107] [transport] captured=5200 flushed=5200 received=6235 accepted=1122 payload2=932 payload3=12 payload4=38 payload5=25 pump_reads=6075 bursts=1037 txcredit=0 outq=0 inq=0 watchdog=23 txseq=0d rxseq=62 rxcredit=0 protection=00 checks=0000
[  83.107] [epochs] local=1 peer=1 ready=true discarded_rx=0
[  83.107] [tcb-continuations] ffa580=ff80->018392 sleep=0 local26=7710 ffa5c0=ff80->01853c sleep=0 local26=1000 ffd100=ff80->018fcc sleep=0 local26=0000 ffd140=ff80->025de6 sleep=0 local26=0000 ffd180=ff80->02558e sleep=0 local26=0000 ffd1c0=ff80->02549a sleep=4 local26=0000 ffd200=ff80->027736 sleep=0 local26=0002 ffd240=ff80->02535e sleep=0 local26=0108
[  83.210]   [header-byte] write $ffa517 = 54 mask=00ff (pc=018446)
[  83.716]   [header-byte] write $ffa517 = 54 mask=00ff (pc=018446)
[  84.108] heartbeat frame=5040 tx=5206 rx=6241 fc=1 fd=10 fe=1 linkflag=82 pc=000288 a502=00 a524=0000 a525=00 a170=09 a17f=00 txtail=0056 rxpend=0000
[  84.108] [transport] captured=5206 flushed=5206 received=6241 accepted=1124 payload2=932 payload3=12 payload4=38 payload5=25 pump_reads=6137 bursts=1039 txcredit=0 outq=0 inq=0 watchdog=23 txseq=0f rxseq=64 rxcredit=0 protection=00 checks=0000
[  84.108] [epochs] local=1 peer=1 ready=true discarded_rx=0
[  84.108] [tcb-continuations] ffa580=ff80->018392 sleep=0 local26=7710 ffa5c0=ff80->01853c sleep=0 local26=0100 ffd100=ff80->018fcc sleep=0 local26=0000 ffd140=ff80->025e5e sleep=40 local26=0000 ffd180=ff80->02558e sleep=0 local26=0000 ffd1c0=ff80->018fcc sleep=0 local26=0000 ffd200=ff80->02585c sleep=0 local26=0000 ffd240=ff80->02585c sleep=0 local26=0001
[  84.211]   [header-byte] write $ffa517 = 54 mask=00ff (pc=018446)
[  84.712]   [header-byte] write $ffa517 = 54 mask=00ff (pc=018446)
[  85.110] heartbeat frame=5100 tx=5212 rx=6247 fc=1 fd=10 fe=1 linkflag=82 pc=00028a a502=00 a524=0000 a525=00 a170=09 a17f=00 txtail=005c rxpend=0000
[  85.110] [transport] captured=5212 flushed=5212 received=6247 accepted=1126 payload2=932 payload3=12 payload4=38 payload5=25 pump_reads=6199 bursts=1041 txcredit=0 outq=0 inq=0 watchdog=23 txseq=11 rxseq=66 rxcredit=0 protection=00 checks=0000
[  85.110] [epochs] local=1 peer=1 ready=true discarded_rx=0
[  85.110] [tcb-continuations] ffa580=ff80->018392 sleep=0 local26=7710 ffa5c0=ff80->01853c sleep=0 local26=0100 ffd100=ff80->018fcc sleep=0 local26=0000 ffd140=ff80->025e80 sleep=0 local26=0000 ffd180=ff80->02558e sleep=0 local26=0000 ffd1c0=ff80->018fcc sleep=0 local26=0000 ffd200=ff80->02585c sleep=0 local26=0000
[  85.214]   [header-byte] write $ffa517 = 54 mask=00ff (pc=018446)
[  85.713]   [header-byte] write $ffa517 = 54 mask=00ff (pc=018446)
[  86.111] heartbeat frame=5160 tx=5218 rx=6253 fc=1 fd=10 fe=1 linkflag=82 pc=00028a a502=00 a524=0000 a525=00 a170=09 a17f=00 txtail=0062 rxpend=0000
[  86.111] [transport] captured=5218 flushed=5218 received=6253 accepted=1128 payload2=932 payload3=12 payload4=38 payload5=25 pump_reads=6261 bursts=1043 txcredit=0 outq=0 inq=0 watchdog=23 txseq=13 rxseq=68 rxcredit=0 protection=00 checks=0000
[  86.111] [epochs] local=1 peer=1 ready=true discarded_rx=0
[  86.111] [tcb-continuations] ffa580=ff80->018392 sleep=0 local26=7710 ffa5c0=ff80->01853c sleep=0 local26=0100 ffd100=ff80->018fcc sleep=0 local26=0000 ffd140=ff80->025f1a sleep=0 local26=0000 ffd180=ff80->02558e sleep=0 local26=0000 ffd1c0=ff80->018fcc sleep=0 local26=0000 ffd200=ff80->0259ac sleep=0 local26=0000 ffd240=ff80->0258e2 sleep=0 local26=0000 ffe000=ff00->025aa6 sleep=0 local26=0100 ffe040=ff00->025aa6 sleep=0 local26=0100 ffe080=ff00->025aa6 sleep=0 local26=0100 ffe0c0=ff00->025aa6 sleep=0 local26=0100 ffe100=ff00->025aa6 sleep=0 local26=0100 ffe140=ff00->025aa6 sleep=0 local26=0100 ffe180=ff00->025aa6 sleep=0 local26=0100 ffe1c0=ff00->025aa6 sleep=0 local26=0100 ffe200=ff00->025aa6 sleep=0 local26=0100 ffe240=ff00->025aa6 sleep=0 local26=0100 ffe280=ff00->025aa6 sleep=0 local26=0100 ffe2c0=ff00->025aa6 sleep=0 local26=0100 ffe300=ff00->025aa6 sleep=0 local26=0100 ffe340=ff00->025aa6 sleep=0 local26=0100 ffe380=ff00->025aa6 sleep=0 local26=0100 ffe3c0=ff00->025aa6 sleep=0 local26=0100 ffe400=ff00->025aa6 sleep=0 local26=0100 ffe440=ff00->025aa6 sleep=0 local26=0100 ffe480=ff00->025aa6 sleep=0 local26=0100 ffe4c0=ff00->025aa6 sleep=0 local26=0100 ffe500=ff00->025aa6 sleep=0 local26=0100 ffe540=ff00->025aa6 sleep=0 local26=0100 ffe580=ff00->025aa6 sleep=0 local26=0100 ffe5c0=ff00->025aa6 sleep=0 local26=0100 ffe600=ff00->025aa6 sleep=0 local26=0100
[  86.214]   [header-byte] write $ffa517 = 54 mask=00ff (pc=018446)
[  86.714]   [header-byte] write $ffa517 = 54 mask=00ff (pc=018446)
[  87.112] heartbeat frame=5220 tx=5224 rx=6259 fc=1 fd=10 fe=1 linkflag=82 pc=000288 a502=00 a524=0000 a525=00 a170=09 a17f=00 txtail=0068 rxpend=0000
[  87.112] [transport] captured=5224 flushed=5224 received=6259 accepted=1130 payload2=932 payload3=12 payload4=38 payload5=25 pump_reads=6323 bursts=1045 txcredit=0 outq=0 inq=0 watchdog=23 txseq=15 rxseq=6a rxcredit=0 protection=00 checks=0000
[  87.112] [epochs] local=1 peer=1 ready=true discarded_rx=0
[  87.112] [tcb-continuations] ffa580=ff80->018392 sleep=0 local26=7710 ffa5c0=ff80->01853c sleep=0 local26=0100 ffd100=ff80->018fcc sleep=0 local26=0000 ffd140=ff80->025f1a sleep=0 local26=0000 ffd180=ff80->02558e sleep=0 local26=0000 ffd1c0=ff80->018fcc sleep=0 local26=0000 ffd200=ff80->0259ac sleep=0 local26=0000 ffe000=ff00->025aa6 sleep=0 local26=0100 ffe040=ff00->025aa6 sleep=0 local26=0100 ffe080=ff00->025aa6 sleep=0 local26=0100 ffe0c0=ff00->025aa6 sleep=0 local26=0100 ffe100=ff00->025aa6 sleep=0 local26=0100 ffe140=ff00->025aa6 sleep=0 local26=0100 ffe180=ff00->025aa6 sleep=0 local26=0100 ffe1c0=ff00->025aa6 sleep=0 local26=0100 ffe240=ff00->025aa6 sleep=0 local26=0100 ffe280=ff00->025aa6 sleep=0 local26=0100 ffe2c0=ff00->025aa6 sleep=0 local26=0100 ffe300=ff00->025aa6 sleep=0 local26=0100 ffe340=ff00->025aa6 sleep=0 local26=0100 ffe380=ff00->025aa6 sleep=0 local26=0100 ffe3c0=ff00->025aa6 sleep=0 local26=0100 ffe400=ff00->025aa6 sleep=0 local26=0100 ffe440=ff00->025aa6 sleep=0 local26=0100 ffe480=ff00->025aa6 sleep=0 local26=0100 ffe4c0=ff00->025aa6 sleep=0 local26=0100 ffe500=ff00->025aa6 sleep=0 local26=0100 ffe540=ff00->025aa6 sleep=0 local26=0100 ffe580=ff00->025aa6 sleep=0 local26=0100 ffe5c0=ff00->025aa6 sleep=0 local26=0100 ffe600=ff00->025aa6 sleep=0 local26=0100 ffe640=ff00->025aa6 sleep=0 local26=0100 ffe680=ff00->025aa6 sleep=0 local26=0100 ffe6c0=ff00->025aa6 sleep=0 local26=0100 ffe700=ff00->025aa6 sleep=0 local26=0100 ffe740=ff00->025aa6 sleep=0 local26=0100 ffe780=ff00->025aa6 sleep=0 local26=0100 ffe7c0=ff00->025aa6 sleep=0 local26=0100 ffe840=ff00->025aa6 sleep=0 local26=0100 ffe880=ff00->025aa6 sleep=0 local26=0100 ffe8c0=ff00->025aa6 sleep=0 local26=0100 ffe900=ff00->025aa6 sleep=0 local26=0100 ffe940=ff00->025aa6 sleep=0 local26=0100 ffe980=ff00->025aa6 sleep=0 local26=0100
[  87.215]   [header-byte] write $ffa517 = 54 mask=00ff (pc=018446)
[  87.715]   [header-byte] write $ffa517 = 54 mask=00ff (pc=018446)
[  88.113] heartbeat frame=5280 tx=5230 rx=6265 fc=1 fd=10 fe=1 linkflag=82 pc=00028a a502=00 a524=0000 a525=00 a170=09 a17f=00 txtail=006e rxpend=0000
[  88.113] [transport] captured=5230 flushed=5230 received=6265 accepted=1132 payload2=932 payload3=12 payload4=38 payload5=25 pump_reads=6385 bursts=1047 txcredit=0 outq=0 inq=0 watchdog=23 txseq=17 rxseq=6c rxcredit=0 protection=00 checks=0000
[  88.113] [epochs] local=1 peer=1 ready=true discarded_rx=0
[  88.113] [tcb-continuations] ffa580=ff80->018392 sleep=0 local26=7710 ffa5c0=ff80->01853c sleep=0 local26=0100 ffd100=ff80->018fcc sleep=0 local26=0000 ffd140=ff80->025f1a sleep=0 local26=0000 ffd180=ff80->02558e sleep=0 local26=0000 ffd1c0=ff80->018fcc sleep=0 local26=0000 ffd200=ff80->0259ac sleep=0 local26=0000 ffe040=ff00->025aa6 sleep=0 local26=0100 ffe080=ff00->025aa6 sleep=0 local26=0100 ffe0c0=ff00->025aa6 sleep=0 local26=0100 ffe100=ff00->025aa6 sleep=0 local26=0100 ffe140=ff00->025aa6 sleep=0 local26=0100 ffe1c0=ff00->025aa6 sleep=0 local26=0100 ffe280=ff00->025aa6 sleep=0 local26=0100 ffe2c0=ff00->025aa6 sleep=0 local26=0100 ffe300=ff00->025aa6 sleep=0 local26=0100 ffe3c0=ff00->025aa6 sleep=0 local26=0100 ffe500=ff00->025aa6 sleep=0 local26=0100 ffe5c0=ff00->025aa6 sleep=0 local26=0100 ffe600=ff00->025aa6 sleep=0 local26=0100 ffe640=ff00->025aa6 sleep=0 local26=0100 ffe680=ff00->025aa6 sleep=0 local26=0100 ffe6c0=ff00->025aa6 sleep=0 local26=0100 ffe700=ff00->025aa6 sleep=0 local26=0100 ffe740=ff00->025aa6 sleep=0 local26=0100 ffe780=ff00->025aa6 sleep=0 local26=0100 ffe7c0=ff00->025aa6 sleep=0 local26=0100 ffe880=ff00->025aa6 sleep=0 local26=0100 ffe8c0=ff00->025aa6 sleep=0 local26=0100
[  88.216]   [header-byte] write $ffa517 = 54 mask=00ff (pc=018446)
[  88.717]   [header-byte] write $ffa517 = 54 mask=00ff (pc=018446)
[  89.115] heartbeat frame=5340 tx=5236 rx=6271 fc=1 fd=10 fe=1 linkflag=82 pc=000288 a502=00 a524=0000 a525=00 a170=09 a17f=00 txtail=0074 rxpend=0000
[  89.115] [transport] captured=5236 flushed=5236 received=6271 accepted=1134 payload2=932 payload3=12 payload4=38 payload5=25 pump_reads=6447 bursts=1049 txcredit=0 outq=0 inq=0 watchdog=23 txseq=19 rxseq=6e rxcredit=0 protection=00 checks=0000
[  89.115] [epochs] local=1 peer=1 ready=true discarded_rx=0
[  89.115] [tcb-continuations] ffa580=ff80->018392 sleep=0 local26=7710 ffa5c0=ff80->01853c sleep=0 local26=0100 ffd100=ff80->018fcc sleep=0 local26=0000 ffd140=ff80->025f5e sleep=0 local26=0004 ffd180=ff80->02558e sleep=0 local26=0000 ffd1c0=ff80->018fcc sleep=0 local26=0000 ffd200=ff80->0255fc sleep=0 local26=0000 ffd240=ff80->0255f6 sleep=11 local26=0014 ffd280=ff80->0255fc sleep=0 local26=0000 ffd2c0=ff80->0255f6 sleep=11 local26=0014
[  89.217]   [header-byte] write $ffa517 = 54 mask=00ff (pc=018446)
[  89.718]   [header-byte] write $ffa517 = 54 mask=00ff (pc=018446)
[  90.116] heartbeat frame=5400 tx=5242 rx=6277 fc=1 fd=10 fe=1 linkflag=82 pc=000288 a502=00 a524=0000 a525=00 a170=09 a17f=00 txtail=007a rxpend=0000
[  90.116] [transport] captured=5242 flushed=5242 received=6277 accepted=1136 payload2=932 payload3=12 payload4=38 payload5=25 pump_reads=6509 bursts=1051 txcredit=0 outq=0 inq=0 watchdog=23 txseq=1b rxseq=70 rxcredit=0 protection=00 checks=0000
[  90.116] [epochs] local=1 peer=1 ready=true discarded_rx=0
[  90.116] [tcb-continuations] ffa580=ff80->018392 sleep=0 local26=7710 ffa5c0=ff80->01853c sleep=0 local26=0100 ffd100=ff80->018fcc sleep=0 local26=0000 ffd140=ff80->025f5e sleep=0 local26=0003 ffd180=ff80->02558e sleep=0 local26=0000 ffd1c0=ff80->018fcc sleep=0 local26=0000 ffd200=ff80->025658 sleep=0 local26=0000 ffd240=ff80->02561c sleep=0 local26=0014 ffd280=ff80->025634 sleep=0 local26=0000 ffd2c0=ff80->025634 sleep=0 local26=0014
[  90.219]   [header-byte] write $ffa517 = 54 mask=00ff (pc=018446)
[  90.719]   [header-byte] write $ffa517 = 54 mask=00ff (pc=018446)
[  91.117] heartbeat frame=5460 tx=5248 rx=6283 fc=1 fd=10 fe=1 linkflag=82 pc=000288 a502=00 a524=0000 a525=00 a170=09 a17f=00 txtail=0080 rxpend=0000
[  91.117] [transport] captured=5248 flushed=5248 received=6283 accepted=1138 payload2=932 payload3=12 payload4=38 payload5=25 pump_reads=6571 bursts=1053 txcredit=0 outq=0 inq=0 watchdog=23 txseq=1d rxseq=72 rxcredit=0 protection=00 checks=0000
[  91.117] [epochs] local=1 peer=1 ready=true discarded_rx=0
[  91.117] [tcb-continuations] ffa580=ff80->018392 sleep=0 local26=7710 ffa5c0=ff80->01853c sleep=0 local26=0100 ffd100=ff80->018fcc sleep=0 local26=0000 ffd140=ff80->026070 sleep=0 local26=0000 ffd180=ff80->02558e sleep=0 local26=0000 ffd1c0=ff80->018fcc sleep=0 local26=0000 ffd200=ff80->025658 sleep=0 local26=0000 ffd240=ff80->025658 sleep=0 local26=0014 ffd280=ff80->025658 sleep=0 local26=0000 ffd2c0=ff80->025658 sleep=0 local26=0014 ffd300=ff80->02567c sleep=0 local26=0160 ffd340=ff80->0256a4 sleep=0 local26=00b8 ffd380=ff80->0256a4 sleep=0 local26=00b8 ffd3c0=ff80->0256a4 sleep=0 local26=00a0 ffd400=ff80->026188 sleep=0 local26=0000
[  91.220]   [header-byte] write $ffa517 = 54 mask=00ff (pc=018446)
[  91.722]   [header-byte] write $ffa517 = 54 mask=00ff (pc=018446)
[  91.722] [packet-accepted] total=1140 seq=73 flags=00 status=54 pc=01845e
[  92.119] heartbeat frame=5520 tx=5254 rx=6289 fc=1 fd=10 fe=1 linkflag=82 pc=000288 a502=00 a524=0000 a525=00 a170=09 a17f=00 txtail=0086 rxpend=0000
[  92.119] [transport] captured=5254 flushed=5254 received=6289 accepted=1140 payload2=932 payload3=12 payload4=38 payload5=25 pump_reads=6633 bursts=1055 txcredit=0 outq=0 inq=0 watchdog=23 txseq=1f rxseq=74 rxcredit=0 protection=00 checks=0000
[  92.119] [epochs] local=1 peer=1 ready=true discarded_rx=0
[  92.119] [tcb-continuations] ffa580=ff80->018392 sleep=0 local26=7710 ffa5c0=ff80->01853c sleep=0 local26=0100 ffd100=ff80->018fcc sleep=0 local26=0000 ffd140=ff80->0260b6 sleep=39 local26=0000 ffd180=ff80->02558e sleep=0 local26=0000 ffd1c0=ff80->018fcc sleep=0 local26=0000 ffd200=ff80->025658 sleep=0 local26=0000 ffd240=ff80->025658 sleep=0 local26=0014 ffd280=ff80->025658 sleep=0 local26=0000 ffd2c0=ff80->025658 sleep=0 local26=0014 ffd300=ff80->02567c sleep=0 local26=0160 ffd340=ff80->0256a4 sleep=0 local26=00b8 ffd380=ff80->0256a4 sleep=0 local26=00b8 ffd3c0=ff80->0256a4 sleep=0 local26=00a0 ffd400=ff80->026188 sleep=0 local26=0000 ffd440=ff80->02585c sleep=0 local26=0000
[  92.221]   [header-byte] write $ffa517 = 54 mask=00ff (pc=018446)
[  92.722]   [header-byte] write $ffa517 = 54 mask=00ff (pc=018446)
[  93.120] heartbeat frame=5580 tx=5260 rx=6295 fc=1 fd=10 fe=1 linkflag=82 pc=000288 a502=00 a524=0000 a525=00 a170=09 a17f=00 txtail=008c rxpend=0000
[  93.120] [transport] captured=5260 flushed=5260 received=6295 accepted=1142 payload2=932 payload3=12 payload4=38 payload5=25 pump_reads=6695 bursts=1057 txcredit=0 outq=0 inq=0 watchdog=23 txseq=21 rxseq=76 rxcredit=0 protection=00 checks=0000
[  93.120] [epochs] local=1 peer=1 ready=true discarded_rx=0
[  93.120] [tcb-continuations] ffa580=ff80->018392 sleep=0 local26=7710 ffa5c0=ff80->01853c sleep=0 local26=0100 ffd100=ff80->018fcc sleep=0 local26=0000 ffd140=ff80->0260c8 sleep=0 local26=0000 ffd180=ff80->02558e sleep=0 local26=0000 ffd1c0=ff80->018fcc sleep=0 local26=0000 ffd200=ff80->025658 sleep=0 local26=0000 ffd240=ff80->025658 sleep=0 local26=0014 ffd280=ff80->025658 sleep=0 local26=0000 ffd2c0=ff80->025658 sleep=0 local26=0014 ffd300=ff80->02567c sleep=0 local26=0160 ffd340=ff80->0256a4 sleep=0 local26=00b8 ffd380=ff80->0256a4 sleep=0 local26=00b8 ffd3c0=ff80->0256a4 sleep=0 local26=00a0 ffd400=ff80->026188 sleep=0 local26=0000
[  93.222]   [header-byte] write $ffa517 = 54 mask=00ff (pc=018446)
[  93.723]   [header-byte] write $ffa517 = 54 mask=00ff (pc=018446)
[  94.121] heartbeat frame=5640 tx=5266 rx=6301 fc=1 fd=10 fe=1 linkflag=82 pc=00028a a502=00 a524=0000 a525=00 a170=09 a17f=00 txtail=0092 rxpend=0000
[  94.121] [transport] captured=5266 flushed=5266 received=6301 accepted=1144 payload2=932 payload3=12 payload4=38 payload5=25 pump_reads=6757 bursts=1059 txcredit=0 outq=0 inq=0 watchdog=23 txseq=23 rxseq=78 rxcredit=0 protection=00 checks=0000
[  94.121] [epochs] local=1 peer=1 ready=true discarded_rx=0
[  94.121] [tcb-continuations] ffa580=ff80->018392 sleep=0 local26=7710 ffa5c0=ff80->01853c sleep=0 local26=0100 ffd100=ff80->018fcc sleep=0 local26=0000 ffd140=ff80->026116 sleep=198 local26=0000 ffd180=ff80->02558e sleep=0 local26=0000 ffd1c0=ff80->018fcc sleep=0 local26=0000 ffd200=ff80->025658 sleep=0 local26=0000 ffd240=ff80->025658 sleep=0 local26=0014 ffd280=ff80->025658 sleep=0 local26=0000 ffd2c0=ff80->025658 sleep=0 local26=0014 ffd300=ff80->02567c sleep=0 local26=0160 ffd340=ff80->0256a4 sleep=0 local26=00b8 ffd380=ff80->0256a4 sleep=0 local26=00b8 ffd3c0=ff80->0256a4 sleep=0 local26=00a0 ffd400=ff80->026188 sleep=0 local26=0000
[  94.224]   [header-byte] write $ffa517 = 54 mask=00ff (pc=018446)
[  94.724]   [header-byte] write $ffa517 = 54 mask=00ff (pc=018446)
[  95.122] heartbeat frame=5700 tx=5272 rx=6307 fc=1 fd=10 fe=1 linkflag=82 pc=00028a a502=00 a524=0000 a525=00 a170=09 a17f=00 txtail=0098 rxpend=0000
[  95.122] [transport] captured=5272 flushed=5272 received=6307 accepted=1146 payload2=932 payload3=12 payload4=38 payload5=25 pump_reads=6819 bursts=1061 txcredit=0 outq=0 inq=0 watchdog=23 txseq=25 rxseq=7a rxcredit=0 protection=00 checks=0000
[  95.122] [epochs] local=1 peer=1 ready=true discarded_rx=0
[  95.122] [tcb-continuations] ffa580=ff80->018392 sleep=0 local26=7710 ffa5c0=ff80->01853c sleep=0 local26=0100 ffd100=ff80->018fcc sleep=0 local26=0000 ffd140=ff80->026116 sleep=138 local26=0000 ffd180=ff80->02558e sleep=0 local26=0000 ffd1c0=ff80->018fcc sleep=0 local26=0000 ffd200=ff80->025658 sleep=0 local26=0000 ffd240=ff80->025658 sleep=0 local26=0014 ffd280=ff80->025658 sleep=0 local26=0000 ffd2c0=ff80->025658 sleep=0 local26=0014 ffd300=ff80->02567c sleep=0 local26=0160 ffd340=ff80->0256a4 sleep=0 local26=00b8 ffd380=ff80->0256a4 sleep=0 local26=00b8 ffd3c0=ff80->0256a4 sleep=0 local26=00a0 ffd400=ff80->026188 sleep=0 local26=0000
[  95.225]   [header-byte] write $ffa517 = 54 mask=00ff (pc=018446)
[  95.726]   [header-byte] write $ffa517 = 54 mask=00ff (pc=018446)
[  96.124] heartbeat frame=5760 tx=5278 rx=6313 fc=1 fd=10 fe=1 linkflag=82 pc=000288 a502=00 a524=0000 a525=00 a170=09 a17f=00 txtail=009e rxpend=0000
[  96.124] [transport] captured=5278 flushed=5278 received=6313 accepted=1148 payload2=932 payload3=12 payload4=38 payload5=25 pump_reads=6881 bursts=1063 txcredit=0 outq=0 inq=0 watchdog=23 txseq=27 rxseq=7c rxcredit=0 protection=00 checks=0000
[  96.124] [epochs] local=1 peer=1 ready=true discarded_rx=0
[  96.124] [tcb-continuations] ffa580=ff80->018392 sleep=0 local26=7710 ffa5c0=ff80->01853c sleep=0 local26=0100 ffd100=ff80->018fcc sleep=0 local26=0000 ffd140=ff80->026116 sleep=78 local26=0000 ffd180=ff80->02558e sleep=0 local26=0000 ffd1c0=ff80->018fcc sleep=0 local26=0000 ffd200=ff80->025658 sleep=0 local26=0000 ffd240=ff80->025658 sleep=0 local26=0014 ffd280=ff80->025658 sleep=0 local26=0000 ffd2c0=ff80->025658 sleep=0 local26=0014 ffd300=ff80->02567c sleep=0 local26=0160 ffd340=ff80->0256a4 sleep=0 local26=00b8 ffd380=ff80->0256a4 sleep=0 local26=00b8 ffd3c0=ff80->0256a4 sleep=0 local26=00a0 ffd400=ff80->026188 sleep=0 local26=0000
[  96.228]   [header-byte] write $ffa517 = 54 mask=00ff (pc=018446)
[  96.727]   [header-byte] write $ffa517 = 54 mask=00ff (pc=018446)
[  97.125] heartbeat frame=5820 tx=5284 rx=6319 fc=1 fd=10 fe=1 linkflag=82 pc=00028a a502=00 a524=0000 a525=00 a170=09 a17f=00 txtail=00a4 rxpend=0000
[  97.125] [transport] captured=5284 flushed=5284 received=6319 accepted=1150 payload2=932 payload3=12 payload4=38 payload5=25 pump_reads=6943 bursts=1065 txcredit=0 outq=0 inq=0 watchdog=23 txseq=29 rxseq=7e rxcredit=0 protection=00 checks=0000
[  97.125] [epochs] local=1 peer=1 ready=true discarded_rx=0
[  97.125] [tcb-continuations] ffa580=ff80->018392 sleep=0 local26=7710 ffa5c0=ff80->01853c sleep=0 local26=0100 ffd100=ff80->018fcc sleep=0 local26=0000 ffd140=ff80->026116 sleep=18 local26=0000 ffd180=ff80->02558e sleep=0 local26=0000 ffd1c0=ff80->018fcc sleep=0 local26=0000 ffd200=ff80->025658 sleep=0 local26=0000 ffd240=ff80->025658 sleep=0 local26=0014 ffd280=ff80->025658 sleep=0 local26=0000 ffd2c0=ff80->025658 sleep=0 local26=0014 ffd300=ff80->02567c sleep=0 local26=0160 ffd340=ff80->0256a4 sleep=0 local26=00b8 ffd380=ff80->0256a4 sleep=0 local26=00b8 ffd3c0=ff80->0256a4 sleep=0 local26=00a0 ffd400=ff80->026188 sleep=0 local26=0000
[  97.228]   [header-byte] write $ffa517 = 54 mask=00ff (pc=018446)
[  97.817]   [header-byte] write $ffa517 = 54 mask=00ff (pc=018446)
[  98.126] heartbeat frame=5880 tx=5287 rx=6325 fc=1 fd=10 fe=1 linkflag=82 pc=00028a a502=00 a524=0000 a525=00 a170=09 a17f=00 txtail=00a7 rxpend=0000
[  98.126] [transport] captured=5287 flushed=5287 received=6325 accepted=1152 payload2=932 payload3=12 payload4=38 payload5=25 pump_reads=7005 bursts=1066 txcredit=0 outq=0 inq=0 watchdog=18 txseq=2a rxseq=80 rxcredit=0 protection=00 checks=0000
[  98.126] [epochs] local=1 peer=1 ready=true discarded_rx=0
[  98.126] [game-state] a142=04 a13e=00 a13f=00 a530=4323 a506=03 a507=00 a508=01 a7b0=7811 a7a6=6311 script=01f83a
[  98.126] [tcb-continuations] ffa580=ff80->018392 sleep=0 local26=7710 ffa5c0=ff80->01853c sleep=0 local26=1700 ffd100=ff80->018fcc sleep=0 local26=0000 ffd140=ff80->02030e sleep=0 local26=0000 ffd180=ff80->02558e sleep=0 local26=0000
[  98.229]   [header-byte] write $ffa517 = 54 mask=00ff (pc=018446)
[  98.730]   [header-byte] write $ffa517 = 54 mask=00ff (pc=018446)
[  99.128] heartbeat frame=5940 tx=5293 rx=6331 fc=1 fd=10 fe=1 linkflag=82 pc=00028a a502=00 a524=0000 a525=00 a170=09 a17f=00 txtail=00ad rxpend=0000
[  99.128] [transport] captured=5293 flushed=5293 received=6331 accepted=1154 payload2=932 payload3=12 payload4=38 payload5=25 pump_reads=7067 bursts=1068 txcredit=0 outq=0 inq=0 watchdog=23 txseq=2c rxseq=82 rxcredit=0 protection=00 checks=0000
[  99.128] [epochs] local=1 peer=1 ready=true discarded_rx=0
[  99.128] [tcb-continuations] ffa580=ff80->018392 sleep=0 local26=7710 ffa5c0=ff80->01853c sleep=0 local26=1700 ffd100=ff80->018fcc sleep=0 local26=0000 ffd140=ff80->020328 sleep=0 local26=0000 ffd180=ff80->02558e sleep=0 local26=0000 ffd1c0=ff80->0170f4 sleep=0 local26=00f3 ffd200=ff80->0201a0 sleep=0 local26=0002 ffd240=ff80->017456 sleep=0 local26=0000
[  99.230]   [header-byte] write $ffa517 = 54 mask=00ff (pc=018446)
[  99.731]   [header-byte] write $ffa517 = 54 mask=00ff (pc=018446)
[ 100.129] heartbeat frame=6000 tx=5299 rx=6337 fc=1 fd=10 fe=1 linkflag=82 pc=00028a a502=00 a524=0000 a525=00 a170=09 a17f=00 txtail=00b3 rxpend=0000
[ 100.129] [transport] captured=5299 flushed=5299 received=6337 accepted=1156 payload2=932 payload3=12 payload4=38 payload5=25 pump_reads=7129 bursts=1070 txcredit=0 outq=0 inq=0 watchdog=23 txseq=2e rxseq=84 rxcredit=0 protection=00 checks=0000
[ 100.129] [epochs] local=1 peer=1 ready=true discarded_rx=0
[ 100.129] [tcb-continuations] ffa580=ff80->018392 sleep=0 local26=7710 ffa5c0=ff80->01853c sleep=0 local26=1700 ffd100=ff80->018fcc sleep=0 local26=0000 ffd140=ff80->020328 sleep=0 local26=0000 ffd180=ff80->02558e sleep=0 local26=0000 ffd1c0=ff80->0170f4 sleep=0 local26=00b7 ffd200=ff80->0201a0 sleep=0 local26=0002
[ 100.232]   [header-byte] write $ffa517 = 54 mask=00ff (pc=018446)
[ 100.732]   [header-byte] write $ffa517 = 54 mask=00ff (pc=018446)
[ 101.130] heartbeat frame=6060 tx=5305 rx=6343 fc=1 fd=10 fe=1 linkflag=82 pc=000288 a502=00 a524=0000 a525=00 a170=09 a17f=00 txtail=00b9 rxpend=0000
[ 101.130] [transport] captured=5305 flushed=5305 received=6343 accepted=1158 payload2=932 payload3=12 payload4=38 payload5=25 pump_reads=7191 bursts=1072 txcredit=0 outq=0 inq=0 watchdog=23 txseq=30 rxseq=86 rxcredit=0 protection=00 checks=0000
[ 101.130] [epochs] local=1 peer=1 ready=true discarded_rx=0
[ 101.130] [tcb-continuations] ffa580=ff80->018392 sleep=0 local26=7710 ffa5c0=ff80->01853c sleep=0 local26=1700 ffd100=ff80->018fcc sleep=0 local26=0000 ffd140=ff80->020328 sleep=0 local26=0000 ffd180=ff80->02558e sleep=0 local26=0000 ffd1c0=ff80->0170f4 sleep=0 local26=007b ffd200=ff80->0201a0 sleep=0 local26=0002
[ 101.233]   [header-byte] write $ffa517 = 54 mask=00ff (pc=018446)
[ 101.733]   [header-byte] write $ffa517 = 54 mask=00ff (pc=018446)
[ 102.132] heartbeat frame=6120 tx=5311 rx=6349 fc=1 fd=10 fe=1 linkflag=82 pc=000288 a502=00 a524=0000 a525=00 a170=09 a17f=00 txtail=00bf rxpend=0000
[ 102.132] [transport] captured=5311 flushed=5311 received=6349 accepted=1160 payload2=932 payload3=12 payload4=38 payload5=25 pump_reads=7253 bursts=1074 txcredit=0 outq=0 inq=0 watchdog=23 txseq=32 rxseq=88 rxcredit=0 protection=00 checks=0000
[ 102.132] [epochs] local=1 peer=1 ready=true discarded_rx=0
[ 102.132] [tcb-continuations] ffa580=ff80->018392 sleep=0 local26=7710 ffa5c0=ff80->01853c sleep=0 local26=1700 ffd100=ff80->018fcc sleep=0 local26=0000 ffd140=ff80->020328 sleep=0 local26=0000 ffd180=ff80->02558e sleep=0 local26=0000 ffd1c0=ff80->0170f4 sleep=0 local26=003f ffd200=ff80->0201a0 sleep=0 local26=0002
[ 102.234]   [header-byte] write $ffa517 = 54 mask=00ff (pc=018446)
[ 102.735]   [header-byte] write $ffa517 = 54 mask=00ff (pc=018446)
[ 103.133] heartbeat frame=6180 tx=5317 rx=6355 fc=1 fd=10 fe=1 linkflag=82 pc=00028a a502=00 a524=0000 a525=00 a170=09 a17f=00 txtail=00c5 rxpend=0000
[ 103.133] [transport] captured=5317 flushed=5317 received=6355 accepted=1162 payload2=932 payload3=12 payload4=38 payload5=25 pump_reads=7315 bursts=1076 txcredit=0 outq=0 inq=0 watchdog=23 txseq=34 rxseq=8a rxcredit=0 protection=00 checks=0000
[ 103.133] [epochs] local=1 peer=1 ready=true discarded_rx=0
[ 103.133] [tcb-continuations] ffa580=ff80->018392 sleep=0 local26=7710 ffa5c0=ff80->01853c sleep=0 local26=1700 ffd100=ff80->018fcc sleep=0 local26=0000 ffd140=ff80->020328 sleep=0 local26=0000 ffd180=ff80->02558e sleep=0 local26=0000 ffd1c0=ff80->0170f4 sleep=0 local26=0003 ffd200=ff80->0201a0 sleep=0 local26=0002
[ 103.235]   [header-byte] write $ffa517 = 54 mask=00ff (pc=018446)
[ 103.738]   [header-byte] write $ffa517 = 54 mask=00ff (pc=018446)
[ 104.134] heartbeat frame=6240 tx=5323 rx=6361 fc=1 fd=10 fe=1 linkflag=82 pc=000288 a502=00 a524=0000 a525=00 a170=09 a17f=00 txtail=00cb rxpend=0000
[ 104.134] [transport] captured=5323 flushed=5323 received=6361 accepted=1164 payload2=932 payload3=12 payload4=38 payload5=25 pump_reads=7377 bursts=1078 txcredit=0 outq=0 inq=0 watchdog=23 txseq=36 rxseq=8c rxcredit=0 protection=00 checks=0000
[ 104.134] [epochs] local=1 peer=1 ready=true discarded_rx=0
[ 104.134] [tcb-continuations] ffa580=ff80->018392 sleep=0 local26=7710 ffa5c0=ff80->01853c sleep=0 local26=1700 ffd100=ff80->018fcc sleep=0 local26=0000 ffd140=ff80->0203e6 sleep=0 local26=0000 ffd180=ff80->02558e sleep=0 local26=0000 ffd1c0=ff80->0170f4 sleep=0 local26=010f ffd200=ff80->0201a0 sleep=0 local26=0002
[ 104.236]   [header-byte] write $ffa517 = 54 mask=00ff (pc=018446)
[ 104.737]   [header-byte] write $ffa517 = 54 mask=00ff (pc=018446)
[ 105.135] heartbeat frame=6300 tx=5329 rx=6367 fc=1 fd=10 fe=1 linkflag=82 pc=00028a a502=00 a524=0000 a525=00 a170=09 a17f=00 txtail=00d1 rxpend=0000
[ 105.135] [transport] captured=5329 flushed=5329 received=6367 accepted=1166 payload2=932 payload3=12 payload4=38 payload5=25 pump_reads=7439 bursts=1080 txcredit=0 outq=0 inq=0 watchdog=23 txseq=38 rxseq=8e rxcredit=0 protection=00 checks=0000
[ 105.135] [epochs] local=1 peer=1 ready=true discarded_rx=0
[ 105.135] [tcb-continuations] ffa580=ff80->018392 sleep=0 local26=7710 ffa5c0=ff80->01853c sleep=0 local26=1700 ffd100=ff80->018fcc sleep=0 local26=0000 ffd140=ff80->0203e6 sleep=0 local26=0000 ffd180=ff80->02558e sleep=0 local26=0000 ffd1c0=ff80->0170f4 sleep=0 local26=00d3 ffd200=ff80->0201a0 sleep=0 local26=0002
[ 105.238]   [header-byte] write $ffa517 = 54 mask=00ff (pc=018446)
[ 105.739]   [header-byte] write $ffa517 = 54 mask=00ff (pc=018446)
[ 106.137] heartbeat frame=6360 tx=5335 rx=6373 fc=1 fd=10 fe=1 linkflag=82 pc=00028a a502=00 a524=0000 a525=00 a170=09 a17f=00 txtail=00d7 rxpend=0000
[ 106.137] [transport] captured=5335 flushed=5335 received=6373 accepted=1168 payload2=932 payload3=12 payload4=38 payload5=25 pump_reads=7501 bursts=1082 txcredit=0 outq=0 inq=0 watchdog=23 txseq=3a rxseq=90 rxcredit=0 protection=00 checks=0000
[ 106.137] [epochs] local=1 peer=1 ready=true discarded_rx=0
[ 106.137] [tcb-continuations] ffa580=ff80->018392 sleep=0 local26=7710 ffa5c0=ff80->01853c sleep=0 local26=1700 ffd100=ff80->018fcc sleep=0 local26=0000 ffd140=ff80->0203e6 sleep=0 local26=0000 ffd180=ff80->02558e sleep=0 local26=0000 ffd1c0=ff80->0170f4 sleep=0 local26=0097 ffd200=ff80->0201a0 sleep=0 local26=0002
[ 106.239]   [header-byte] write $ffa517 = 54 mask=00ff (pc=018446)
[ 106.740]   [header-byte] write $ffa517 = 54 mask=00ff (pc=018446)
[ 107.138] heartbeat frame=6420 tx=5341 rx=6379 fc=1 fd=10 fe=1 linkflag=82 pc=000288 a502=00 a524=0000 a525=00 a170=09 a17f=00 txtail=00dd rxpend=0000
[ 107.138] [transport] captured=5341 flushed=5341 received=6379 accepted=1170 payload2=932 payload3=12 payload4=38 payload5=25 pump_reads=7563 bursts=1084 txcredit=0 outq=0 inq=0 watchdog=23 txseq=3c rxseq=92 rxcredit=0 protection=00 checks=0000
[ 107.138] [epochs] local=1 peer=1 ready=true discarded_rx=0
[ 107.138] [tcb-continuations] ffa580=ff80->018392 sleep=0 local26=7710 ffa5c0=ff80->01853c sleep=0 local26=1700 ffd100=ff80->018fcc sleep=0 local26=0000 ffd140=ff80->0203e6 sleep=0 local26=0000 ffd180=ff80->02558e sleep=0 local26=0000 ffd1c0=ff80->0170f4 sleep=0 local26=005b ffd200=ff80->0201a0 sleep=0 local26=0002
[ 107.241]   [header-byte] write $ffa517 = 54 mask=00ff (pc=018446)
[ 107.741]   [header-byte] write $ffa517 = 54 mask=00ff (pc=018446)
[ 108.139] heartbeat frame=6480 tx=5347 rx=6385 fc=1 fd=10 fe=1 linkflag=82 pc=00028a a502=00 a524=0000 a525=00 a170=09 a17f=00 txtail=00e3 rxpend=0000
[ 108.139] [transport] captured=5347 flushed=5347 received=6385 accepted=1172 payload2=932 payload3=12 payload4=38 payload5=25 pump_reads=7625 bursts=1086 txcredit=0 outq=0 inq=0 watchdog=23 txseq=3e rxseq=94 rxcredit=0 protection=00 checks=0000
[ 108.139] [epochs] local=1 peer=1 ready=true discarded_rx=0
[ 108.139] [tcb-continuations] ffa580=ff80->018392 sleep=0 local26=7710 ffa5c0=ff80->01853c sleep=0 local26=1700 ffd100=ff80->018fcc sleep=0 local26=0000 ffd140=ff80->0203e6 sleep=0 local26=0000 ffd180=ff80->02558e sleep=0 local26=0000 ffd1c0=ff80->0170f4 sleep=0 local26=001f ffd200=ff80->0201a0 sleep=0 local26=0002
[ 108.242]   [header-byte] write $ffa517 = 54 mask=00ff (pc=018446)
[ 108.742]   [header-byte] write $ffa517 = 54 mask=00ff (pc=018446)
[ 109.141] heartbeat frame=6540 tx=5353 rx=6391 fc=1 fd=10 fe=1 linkflag=82 pc=00028a a502=00 a524=0000 a525=00 a170=09 a17f=00 txtail=00e9 rxpend=0000
[ 109.141] [transport] captured=5353 flushed=5353 received=6391 accepted=1174 payload2=932 payload3=12 payload4=38 payload5=25 pump_reads=7687 bursts=1088 txcredit=0 outq=0 inq=0 watchdog=23 txseq=40 rxseq=96 rxcredit=0 protection=00 checks=0000
[ 109.141] [epochs] local=1 peer=1 ready=true discarded_rx=0
[ 109.141] [tcb-continuations] ffa580=ff80->018392 sleep=0 local26=7710 ffa5c0=ff80->01853c sleep=0 local26=1700 ffd100=ff80->018fcc sleep=0 local26=0000 ffd140=ff80->02042e sleep=95 local26=0000 ffd180=ff80->02558e sleep=0 local26=0000 ffd1c0=ff80->0170f4 sleep=0 local26=012b ffd200=ff80->017456 sleep=0 local26=0000
[ 109.243]   [header-byte] write $ffa517 = 54 mask=00ff (pc=018446)
[ 109.744]   [header-byte] write $ffa517 = 54 mask=00ff (pc=018446)
[ 110.142] heartbeat frame=6600 tx=5359 rx=6397 fc=1 fd=10 fe=1 linkflag=82 pc=00028a a502=00 a524=0000 a525=00 a170=09 a17f=00 txtail=00ef rxpend=0000
[ 110.142] [transport] captured=5359 flushed=5359 received=6397 accepted=1176 payload2=932 payload3=12 payload4=38 payload5=25 pump_reads=7749 bursts=1090 txcredit=0 outq=0 inq=0 watchdog=23 txseq=42 rxseq=98 rxcredit=0 protection=00 checks=0000
[ 110.142] [epochs] local=1 peer=1 ready=true discarded_rx=0
[ 110.142] [tcb-continuations] ffa580=ff80->018392 sleep=0 local26=7710 ffa5c0=ff80->01853c sleep=0 local26=1700 ffd100=ff80->018fcc sleep=0 local26=0000 ffd140=ff80->02042e sleep=35 local26=0000 ffd180=ff80->02558e sleep=0 local26=0000 ffd1c0=ff80->0170f4 sleep=0 local26=00ef
[ 110.245]   [header-byte] write $ffa517 = 54 mask=00ff (pc=018446)
[ 110.428]   [header-byte] write $ffa517 = 10 mask=00ff (pc=018446)
[ 110.929]   [header-byte] write $ffa517 = 10 mask=00ff (pc=018446)
[ 111.143] heartbeat frame=6660 tx=5365 rx=6406 fc=1 fd=10 fe=1 linkflag=82 pc=00028a a502=00 a524=0000 a525=00 a170=09 a17f=00 txtail=00f5 rxpend=0000
[ 111.143] [transport] captured=5365 flushed=5365 received=6406 accepted=1179 payload2=932 payload3=12 payload4=38 payload5=25 pump_reads=7812 bursts=1092 txcredit=0 outq=0 inq=0 watchdog=12 txseq=44 rxseq=9b rxcredit=0 protection=00 checks=0000
[ 111.143] [epochs] local=1 peer=1 ready=true discarded_rx=0
[ 111.143] [tcb-continuations] ffa580=ff80->018392 sleep=0 local26=7710 ffa5c0=ff80->01853c sleep=0 local26=1700 ffd100=ff80->018fcc sleep=0 local26=0000 ffd140=ff80->020466 sleep=0 local26=0000 ffd180=ff80->02558e sleep=0 local26=0000 ffd1c0=ff80->0170f4 sleep=0 local26=00b3
[ 111.429]   [header-byte] write $ffa517 = 10 mask=00ff (pc=018446)
[ 111.930]   [header-byte] write $ffa517 = 10 mask=00ff (pc=018446)
[ 112.144] heartbeat frame=6720 tx=5371 rx=6412 fc=1 fd=10 fe=1 linkflag=82 pc=000288 a502=00 a524=0000 a525=00 a170=09 a17f=00 txtail=00fb rxpend=0000
[ 112.144] [transport] captured=5371 flushed=5371 received=6412 accepted=1181 payload2=932 payload3=12 payload4=38 payload5=25 pump_reads=7874 bursts=1094 txcredit=0 outq=0 inq=0 watchdog=12 txseq=46 rxseq=9d rxcredit=0 protection=00 checks=0000
[ 112.144] [epochs] local=1 peer=1 ready=true discarded_rx=0
[ 112.144] [tcb-continuations] ffa580=ff80->018392 sleep=0 local26=7710 ffa5c0=ff80->01853c sleep=0 local26=1700 ffd100=ff80->018fcc sleep=0 local26=0000 ffd140=ff80->020466 sleep=0 local26=0000 ffd180=ff80->02558e sleep=0 local26=0000 ffd1c0=ff80->0170f4 sleep=0 local26=0077
[ 112.431]   [header-byte] write $ffa517 = 10 mask=00ff (pc=018446)
[ 112.933]   [header-byte] write $ffa517 = 10 mask=00ff (pc=018446)
[ 113.146] heartbeat frame=6780 tx=5377 rx=6418 fc=1 fd=10 fe=1 linkflag=82 pc=00028a a502=00 a524=0000 a525=00 a170=09 a17f=00 txtail=0001 rxpend=0000
[ 113.146] [transport] captured=5377 flushed=5377 received=6418 accepted=1183 payload2=932 payload3=12 payload4=38 payload5=25 pump_reads=7936 bursts=1096 txcredit=0 outq=0 inq=0 watchdog=12 txseq=48 rxseq=9f rxcredit=0 protection=00 checks=0000
[ 113.146] [epochs] local=1 peer=1 ready=true discarded_rx=0
[ 113.146] [tcb-continuations] ffa580=ff80->018392 sleep=0 local26=7710 ffa5c0=ff80->01853c sleep=0 local26=1700 ffd100=ff80->018fcc sleep=0 local26=0000 ffd140=ff80->020466 sleep=0 local26=0000 ffd180=ff80->02558e sleep=0 local26=0000 ffd1c0=ff80->0170f4 sleep=0 local26=003b
[ 113.265]   [header-byte] write $ffa517 = 10 mask=00ff (pc=018446)
[ 113.765]   [header-byte] write $ffa517 = 10 mask=00ff (pc=018446)
[ 114.147] heartbeat frame=6840 tx=5383 rx=6424 fc=1 fd=10 fe=1 linkflag=82 pc=00028a a502=00 a524=0000 a525=00 a170=09 a17f=00 txtail=0007 rxpend=0000
[ 114.147] [transport] captured=5383 flushed=5383 received=6424 accepted=1185 payload2=932 payload3=12 payload4=38 payload5=25 pump_reads=7998 bursts=1098 txcredit=0 outq=0 inq=0 watchdog=22 txseq=4a rxseq=a1 rxcredit=0 protection=00 checks=0000
[ 114.147] [epochs] local=1 peer=1 ready=true discarded_rx=0
[ 114.147] [tcb-continuations] ffa580=ff80->018392 sleep=0 local26=7710 ffa5c0=ff80->01853c sleep=0 local26=1700 ffd100=ff80->018fcc sleep=0 local26=0000 ffd140=ff80->020466 sleep=0 local26=0000 ffd180=ff80->02558e sleep=0 local26=0000 ffd1c0=ff80->0170f4 sleep=0 local26=0000
[ 114.268]   [header-byte] write $ffa517 = 10 mask=00ff (pc=018446)
[ 115.148] heartbeat frame=6900 tx=5389 rx=6427 fc=1 fd=10 fe=1 linkflag=82 pc=00028a a502=00 a524=0000 a525=00 a170=09 a17f=00 txtail=000d rxpend=0000
[ 115.148] [transport] captured=5389 flushed=5389 received=6427 accepted=1186 payload2=932 payload3=12 payload4=38 payload5=25 pump_reads=8059 bursts=1100 txcredit=0 outq=0 inq=0 watchdog=52 txseq=4c rxseq=a2 rxcredit=0 protection=00 checks=0000
[ 115.148] [epochs] local=1 peer=1 ready=true discarded_rx=0
[ 115.148] [tcb-continuations] ffa580=ff80->018392 sleep=0 local26=7710 ffa5c0=ff80->01853c sleep=0 local26=1700 ffd100=ff80->018fcc sleep=0 local26=0000 ffd140=ff80->0204de sleep=0 local26=0000 ffd180=ff80->02558e sleep=0 local26=0000 ffd1c0=ff80->0170f4 sleep=0 local26=010b ffd200=ff80->0201a0 sleep=0 local26=0002 ffd240=ff80->017456 sleep=0 local26=0000
[ 116.150] heartbeat frame=6960 tx=5395 rx=6427 fc=1 fd=10 fe=1 linkflag=82 pc=00028a a502=00 a524=0000 a525=00 a170=09 a17f=00 txtail=0013 rxpend=0000
[ 116.150] [transport] captured=5395 flushed=5395 received=6427 accepted=1186 payload2=932 payload3=12 payload4=38 payload5=25 pump_reads=8119 bursts=1102 txcredit=0 outq=0 inq=0 watchdog=112 txseq=4e rxseq=a2 rxcredit=0 protection=00 checks=0000
[ 116.150] [epochs] local=1 peer=1 ready=true discarded_rx=0
[ 116.150] [tcb-continuations] ffa580=ff80->018392 sleep=0 local26=7710 ffa5c0=ff80->01853c sleep=0 local26=1700 ffd100=ff80->018fcc sleep=0 local26=0000 ffd140=ff80->0204de sleep=0 local26=0000 ffd180=ff80->02558e sleep=0 local26=0000 ffd1c0=ff80->0170f4 sleep=0 local26=00cf ffd200=ff80->0201a0 sleep=0 local26=0002
[ 117.151] heartbeat frame=7020 tx=5401 rx=6427 fc=1 fd=10 fe=1 linkflag=82 pc=00028a a502=00 a524=0000 a525=00 a170=09 a17f=00 txtail=0019 rxpend=0000
[ 117.151] [transport] captured=5401 flushed=5401 received=6427 accepted=1186 payload2=932 payload3=12 payload4=38 payload5=25 pump_reads=8179 bursts=1104 txcredit=0 outq=0 inq=0 watchdog=172 txseq=50 rxseq=a2 rxcredit=0 protection=00 checks=0000
[ 117.151] [epochs] local=1 peer=1 ready=true discarded_rx=0
[ 117.151] [tcb-continuations] ffa580=ff80->018392 sleep=0 local26=7710 ffa5c0=ff80->01853c sleep=0 local26=1700 ffd100=ff80->018fcc sleep=0 local26=0000 ffd140=ff80->0204de sleep=0 local26=0000 ffd180=ff80->02558e sleep=0 local26=0000 ffd1c0=ff80->0170f4 sleep=0 local26=0093 ffd200=ff80->0201a0 sleep=0 local26=0002
[ 118.152] heartbeat frame=7080 tx=5407 rx=6427 fc=1 fd=10 fe=1 linkflag=82 pc=00028a a502=00 a524=0000 a525=00 a170=09 a17f=00 txtail=001f rxpend=0000
[ 118.152] [transport] captured=5407 flushed=5407 received=6427 accepted=1186 payload2=932 payload3=12 payload4=38 payload5=25 pump_reads=8239 bursts=1106 txcredit=0 outq=0 inq=0 watchdog=232 txseq=52 rxseq=a2 rxcredit=0 protection=00 checks=0000
[ 118.152] [epochs] local=1 peer=1 ready=true discarded_rx=0
[ 118.152] [tcb-continuations] ffa580=ff80->018392 sleep=0 local26=7710 ffa5c0=ff80->01853c sleep=0 local26=1700 ffd100=ff80->018fcc sleep=0 local26=0000 ffd140=ff80->0204de sleep=0 local26=0000 ffd180=ff80->02558e sleep=0 local26=0000 ffd1c0=ff80->0170f4 sleep=0 local26=0057 ffd200=ff80->0201a0 sleep=0 local26=0002
[ 119.153] heartbeat frame=7140 tx=5413 rx=6427 fc=1 fd=10 fe=1 linkflag=82 pc=000288 a502=00 a524=0000 a525=00 a170=09 a17f=00 txtail=0025 rxpend=0000
[ 119.153] [transport] captured=5413 flushed=5413 received=6427 accepted=1186 payload2=932 payload3=12 payload4=38 payload5=25 pump_reads=8299 bursts=1108 txcredit=0 outq=0 inq=0 watchdog=292 txseq=54 rxseq=a2 rxcredit=0 protection=00 checks=0000
[ 119.153] [epochs] local=1 peer=1 ready=true discarded_rx=0
[ 119.153] [tcb-continuations] ffa580=ff80->018392 sleep=0 local26=7710 ffa5c0=ff80->01853c sleep=0 local26=1700 ffd100=ff80->018fcc sleep=0 local26=0000 ffd140=ff80->0204de sleep=0 local26=0000 ffd180=ff80->02558e sleep=0 local26=0000 ffd1c0=ff80->0170f4 sleep=0 local26=001b ffd200=ff80->0201a0 sleep=0 local26=0002
[ 120.005] === session stop ===
